iteration,tag,value
0,Curriculum/terrain_levels,4.5363569259643555
0,Episode_Reward/action_rate_l2,-0.0062700724229216576
0,Episode_Reward/ang_vel_xy_l2,-0.00026064508710987866
0,Episode_Reward/belly_contact_force,0.0
0,Episode_Reward/dof_acc_l2,-0.001976155210286379
0,Episode_Reward/dof_pos_limits,0.0
0,Episode_Reward/dof_torques_l2,-0.0027296587359160185
0,Episode_Reward/feet_slide,-2.03664785658475e-05
0,Episode_Reward/flat_orientation_l2,0.0
0,Episode_Reward/foot_clearance,-5.18980073138664e-07
0,Episode_Reward/lin_vel_z_l2,-0.015587775968015194
0,Episode_Reward/track_ang_vel_z_exp,0.001902966178022325
0,Episode_Reward/track_lin_vel_xy_lin,0.0014148177579045296
0,Episode_Reward/undesired_contacts,0.0
0,Episode_Termination/tilt,0.0
0,Episode_Termination/time_out,0.012125651352107525
0,Loss/entropy,36.88985824584961
0,Loss/learning_rate,0.000499950023368001
0,Loss/surrogate,-0.008096541278064251
0,Loss/value,0.09937112033367157
0,Metrics/base_velocity/error_vel_xy,1.5677812099456787
0,Metrics/base_velocity/error_vel_yaw,0.7007724046707153
0,Metrics/success_rate,0.0545634925365448
0,Perf/collection_time,7.433209419250488
0,Perf/learning_time,0.38213682174682617
0,Perf/total_fps,12578.0
0,Policy/mean_std,1.0001674890518188
0,Train/mean_episode_length,12.959595680236816
0,Train/mean_reward,-0.4968404173851013
7,Train/mean_episode_length/time,12.959595680236816
7,Train/mean_reward/time,-0.4968404173851013
100,Curriculum/terrain_levels,4.1773786544799805
100,Episode_Reward/action_rate_l2,-0.1913638561964035
100,Episode_Reward/ang_vel_xy_l2,-0.036491554230451584
100,Episode_Reward/belly_contact_force,-0.00012992971460334957
100,Episode_Reward/dof_acc_l2,-0.23857474327087402
100,Episode_Reward/dof_pos_limits,0.0
100,Episode_Reward/dof_torques_l2,-0.4176318347454071
100,Episode_Reward/feet_slide,-0.004937087185680866
100,Episode_Reward/flat_orientation_l2,0.0
100,Episode_Reward/foot_clearance,-2.6599029297358356e-05
100,Episode_Reward/lin_vel_z_l2,-0.08111780881881714
100,Episode_Reward/track_ang_vel_z_exp,0.07897897809743881
100,Episode_Reward/track_lin_vel_xy_lin,0.3558855652809143
100,Episode_Reward/undesired_contacts,-0.003394136903807521
100,Episode_Termination/tilt,0.2203470915555954
100,Episode_Termination/time_out,0.7796529531478882
100,Loss/entropy,31.361846923828125
100,Loss/learning_rate,0.0004949751892127097
100,Loss/surrogate,-0.006737280637025833
100,Loss/value,0.06936776638031006
100,Metrics/base_velocity/error_vel_xy,1.0801970958709717
100,Metrics/base_velocity/error_vel_yaw,0.7556706666946411
100,Metrics/success_rate,0.0
100,Perf/collection_time,6.796663284301758
100,Perf/learning_time,0.23276996612548828
100,Perf/total_fps,13984.0
100,Policy/mean_std,0.8240914344787598
100,Train/mean_episode_length,518.6400146484375
100,Train/mean_reward,-11.02322769165039
200,Curriculum/terrain_levels,3.7259726524353027
200,Episode_Reward/action_rate_l2,-0.15657195448875427
200,Episode_Reward/ang_vel_xy_l2,-0.029238399118185043
200,Episode_Reward/belly_contact_force,-5.385030817706138e-06
200,Episode_Reward/dof_acc_l2,-0.21308082342147827
200,Episode_Reward/dof_pos_limits,0.0
200,Episode_Reward/dof_torques_l2,-0.38216567039489746
200,Episode_Reward/feet_slide,-0.004935632925480604
200,Episode_Reward/flat_orientation_l2,0.0
200,Episode_Reward/foot_clearance,-1.8225924577564e-05
200,Episode_Reward/lin_vel_z_l2,-0.06407752633094788
200,Episode_Reward/track_ang_vel_z_exp,0.07276953756809235
200,Episode_Reward/track_lin_vel_xy_lin,0.3388161361217499
200,Episode_Reward/undesired_contacts,-0.001610353123396635
200,Episode_Termination/tilt,0.2768758237361908
200,Episode_Termination/time_out,0.7231242060661316
200,Loss/entropy,29.33709144592285
200,Loss/learning_rate,0.0004900498315691948
200,Loss/surrogate,-0.004680996295064688
200,Loss/value,0.07768864929676056
200,Metrics/base_velocity/error_vel_xy,1.0577728748321533
200,Metrics/base_velocity/error_vel_yaw,0.7248362898826599
200,Metrics/success_rate,0.008403361774981022
200,Perf/collection_time,6.761356830596924
200,Perf/learning_time,0.21741890907287598
200,Perf/total_fps,14086.0
200,Policy/mean_std,0.7970572113990784
200,Train/mean_episode_length,487.45001220703125
200,Train/mean_reward,-9.975653648376465
300,Curriculum/terrain_levels,3.587799072265625
300,Episode_Reward/action_rate_l2,-0.13243350386619568
300,Episode_Reward/ang_vel_xy_l2,-0.018598532304167747
300,Episode_Reward/belly_contact_force,-8.84503788256552e-06
300,Episode_Reward/dof_acc_l2,-0.15628400444984436
300,Episode_Reward/dof_pos_limits,0.0
300,Episode_Reward/dof_torques_l2,-0.2686428725719452
300,Episode_Reward/feet_slide,-0.0037953590508550406
300,Episode_Reward/flat_orientation_l2,0.0
300,Episode_Reward/foot_clearance,-1.532653368485626e-05
300,Episode_Reward/lin_vel_z_l2,-0.052558206021785736
300,Episode_Reward/track_ang_vel_z_exp,0.05211998149752617
300,Episode_Reward/track_lin_vel_xy_lin,0.33314400911331177
300,Episode_Reward/undesired_contacts,-0.001010984880849719
300,Episode_Termination/tilt,0.315399169921875
300,Episode_Termination/time_out,0.684600830078125
300,Loss/entropy,28.52645492553711
300,Loss/learning_rate,0.0004851735138799995
300,Loss/surrogate,-0.005855589639395475
300,Loss/value,0.07925120741128922
300,Metrics/base_velocity/error_vel_xy,0.9499446749687195
300,Metrics/base_velocity/error_vel_yaw,0.7314647436141968
300,Metrics/success_rate,0.007954545319080353
300,Perf/collection_time,6.761327743530273
300,Perf/learning_time,0.21948575973510742
300,Perf/total_fps,14082.0
300,Policy/mean_std,0.8071948885917664
300,Train/mean_episode_length,342.2099914550781
300,Train/mean_reward,-5.133158206939697
400,Curriculum/terrain_levels,3.49163818359375
400,Episode_Reward/action_rate_l2,-0.1310954988002777
400,Episode_Reward/ang_vel_xy_l2,-0.017008893191814423
400,Episode_Reward/belly_contact_force,-5.439813685370609e-05
400,Episode_Reward/dof_acc_l2,-0.1331658810377121
400,Episode_Reward/dof_pos_limits,0.0
400,Episode_Reward/dof_torques_l2,-0.22370700538158417
400,Episode_Reward/feet_slide,-0.003392874263226986
400,Episode_Reward/flat_orientation_l2,0.0
400,Episode_Reward/foot_clearance,-1.4460369129665196e-05
400,Episode_Reward/lin_vel_z_l2,-0.04709600657224655
400,Episode_Reward/track_ang_vel_z_exp,0.04903442785143852
400,Episode_Reward/track_lin_vel_xy_lin,0.3096698224544525
400,Episode_Reward/undesired_contacts,-0.00035601979470811784
400,Episode_Termination/tilt,0.397705078125
400,Episode_Termination/time_out,0.6025390625
400,Loss/entropy,28.377695083618164
400,Loss/learning_rate,0.0004803457122761756
400,Loss/surrogate,-0.006137635558843613
400,Loss/value,0.06794419139623642
400,Metrics/base_velocity/error_vel_xy,0.9599899053573608
400,Metrics/base_velocity/error_vel_yaw,0.7723280787467957
400,Metrics/success_rate,0.0
400,Perf/collection_time,6.861372947692871
400,Perf/learning_time,0.21511125564575195
400,Perf/total_fps,13891.0
400,Policy/mean_std,0.8287440538406372
400,Train/mean_episode_length,310.3800048828125
400,Train/mean_reward,-3.951641082763672
500,Curriculum/terrain_levels,4.904347896575928
500,Episode_Reward/action_rate_l2,-0.1068420335650444
500,Episode_Reward/ang_vel_xy_l2,-0.01254664734005928
500,Episode_Reward/belly_contact_force,-3.514813943183981e-05
500,Episode_Reward/dof_acc_l2,-0.09839567542076111
500,Episode_Reward/dof_pos_limits,0.0
500,Episode_Reward/dof_torques_l2,-0.162751704454422
500,Episode_Reward/feet_slide,-0.002296385820955038
500,Episode_Reward/flat_orientation_l2,0.0
500,Episode_Reward/foot_clearance,-1.0668273716873955e-05
500,Episode_Reward/lin_vel_z_l2,-0.040112853050231934
500,Episode_Reward/track_ang_vel_z_exp,0.03794863075017929
500,Episode_Reward/track_lin_vel_xy_lin,0.21806952357292175
500,Episode_Reward/undesired_contacts,-0.0010499386116862297
500,Episode_Termination/tilt,0.6428426504135132
500,Episode_Termination/time_out,0.3571574091911316
500,Loss/entropy,28.363012313842773
500,Loss/learning_rate,0.0004755659610964358
500,Loss/surrogate,-0.005335540976375341
500,Loss/value,0.06563764810562134
500,Metrics/base_velocity/error_vel_xy,0.9668288230895996
500,Metrics/base_velocity/error_vel_yaw,0.7503182291984558
500,Metrics/success_rate,0.0
500,Perf/collection_time,6.554293632507324
500,Perf/learning_time,0.21659636497497559
500,Perf/total_fps,14518.0
500,Policy/mean_std,0.8439304232597351
500,Train/mean_episode_length,270.25
500,Train/mean_reward,-3.9654006958007812
600,Curriculum/terrain_levels,4.7037763595581055
600,Episode_Reward/action_rate_l2,-0.09959833323955536
600,Episode_Reward/ang_vel_xy_l2,-0.011063171550631523
600,Episode_Reward/belly_contact_force,-2.0817538825212978e-05
600,Episode_Reward/dof_acc_l2,-0.0800577849149704
600,Episode_Reward/dof_pos_limits,0.0
600,Episode_Reward/dof_torques_l2,-0.13616397976875305
600,Episode_Reward/feet_slide,-0.001994272693991661
600,Episode_Reward/flat_orientation_l2,0.0
600,Episode_Reward/foot_clearance,-1.0681447747629136e-05
600,Episode_Reward/lin_vel_z_l2,-0.03533352538943291
600,Episode_Reward/track_ang_vel_z_exp,0.03452496975660324
600,Episode_Reward/track_lin_vel_xy_lin,0.22331760823726654
600,Episode_Reward/undesired_contacts,-0.00032472843304276466
600,Episode_Termination/tilt,0.7593587636947632
600,Episode_Termination/time_out,0.2406412810087204
600,Loss/entropy,27.661252975463867
600,Loss/learning_rate,0.00047083376557566226
600,Loss/surrogate,-0.003990702331066132
600,Loss/value,0.05605015903711319
600,Metrics/base_velocity/error_vel_xy,0.9851259589195251
600,Metrics/base_velocity/error_vel_yaw,0.8033734560012817
600,Metrics/success_rate,0.0024509804788976908
600,Perf/collection_time,6.48272705078125
600,Perf/learning_time,0.20801162719726562
600,Perf/total_fps,14692.0
600,Policy/mean_std,0.8377889394760132
600,Train/mean_episode_length,197.72999572753906
600,Train/mean_reward,-2.170018434524536
700,Curriculum/terrain_levels,3.96807861328125
700,Episode_Reward/action_rate_l2,-0.09334634244441986
700,Episode_Reward/ang_vel_xy_l2,-0.010404180735349655
700,Episode_Reward/belly_contact_force,-0.0008722477941773832
700,Episode_Reward/dof_acc_l2,-0.07938265055418015
700,Episode_Reward/dof_pos_limits,0.0
700,Episode_Reward/dof_torques_l2,-0.1283116191625595
700,Episode_Reward/feet_slide,-0.001872669206932187
700,Episode_Reward/flat_orientation_l2,0.0
700,Episode_Reward/foot_clearance,-1.0105360161105637e-05
700,Episode_Reward/lin_vel_z_l2,-0.031636904925107956
700,Episode_Reward/track_ang_vel_z_exp,0.032435476779937744
700,Episode_Reward/track_lin_vel_xy_lin,0.1973268985748291
700,Episode_Reward/undesired_contacts,-0.005647990386933088
700,Episode_Termination/tilt,0.856842041015625
700,Episode_Termination/time_out,0.143157958984375
700,Loss/entropy,26.905357360839844
700,Loss/learning_rate,0.0004661486600525677
700,Loss/surrogate,-0.00463570561259985
700,Loss/value,0.04362503066658974
700,Metrics/base_velocity/error_vel_xy,0.9982284903526306
700,Metrics/base_velocity/error_vel_yaw,0.8035507202148438
700,Metrics/success_rate,0.006011586636304855
700,Perf/collection_time,6.549010753631592
700,Perf/learning_time,0.24306464195251465
700,Perf/total_fps,14473.0
700,Policy/mean_std,0.8178838491439819
700,Train/mean_episode_length,232.58999633789062
700,Train/mean_reward,-3.152521848678589
725,Train/mean_episode_length/time,518.6400146484375
725,Train/mean_reward/time,-11.02322769165039
800,Curriculum/terrain_levels,4.37042236328125
800,Episode_Reward/action_rate_l2,-0.07339192181825638
800,Episode_Reward/ang_vel_xy_l2,-0.008900810033082962
800,Episode_Reward/belly_contact_force,-3.6023338907398283e-05
800,Episode_Reward/dof_acc_l2,-0.06173832342028618
800,Episode_Reward/dof_pos_limits,0.0
800,Episode_Reward/dof_torques_l2,-0.10045647621154785
800,Episode_Reward/feet_slide,-0.0015588396927341819
800,Episode_Reward/flat_orientation_l2,0.0
800,Episode_Reward/foot_clearance,-8.436473763140384e-06
800,Episode_Reward/lin_vel_z_l2,-0.024936890229582787
800,Episode_Reward/track_ang_vel_z_exp,0.028336642310023308
800,Episode_Reward/track_lin_vel_xy_lin,0.17557033896446228
800,Episode_Reward/undesired_contacts,-0.0003381281567271799
800,Episode_Termination/tilt,0.9235128164291382
800,Episode_Termination/time_out,0.0764872282743454
800,Loss/entropy,25.97970962524414
800,Loss/learning_rate,0.0004615101788658649
800,Loss/surrogate,-0.003173663280904293
800,Loss/value,0.04465034231543541
800,Metrics/base_velocity/error_vel_xy,1.00890052318573
800,Metrics/base_velocity/error_vel_yaw,0.7869069576263428
800,Metrics/success_rate,0.004984486848115921
800,Perf/collection_time,6.5550665855407715
800,Perf/learning_time,0.20901012420654297
800,Perf/total_fps,14533.0
800,Policy/mean_std,0.7953232526779175
800,Train/mean_episode_length,185.47000122070312
800,Train/mean_reward,-1.3989262580871582
900,Curriculum/terrain_levels,4.607106685638428
900,Episode_Reward/action_rate_l2,-0.08141028136014938
900,Episode_Reward/ang_vel_xy_l2,-0.009460180066525936
900,Episode_Reward/belly_contact_force,0.0
900,Episode_Reward/dof_acc_l2,-0.0649411529302597
900,Episode_Reward/dof_pos_limits,0.0
900,Episode_Reward/dof_torques_l2,-0.1073097437620163
900,Episode_Reward/feet_slide,-0.0017361569916829467
900,Episode_Reward/flat_orientation_l2,0.0
900,Episode_Reward/foot_clearance,-9.99025724013336e-06
900,Episode_Reward/lin_vel_z_l2,-0.026912569999694824
900,Episode_Reward/track_ang_vel_z_exp,0.032838523387908936
900,Episode_Reward/track_lin_vel_xy_lin,0.21069376170635223
900,Episode_Reward/undesired_contacts,-0.0013739297864958644
900,Episode_Termination/tilt,0.895111083984375
900,Episode_Termination/time_out,0.104888916015625
900,Loss/entropy,25.177248001098633
900,Loss/learning_rate,0.00045691782725043595
900,Loss/surrogate,-0.00429588882252574
900,Loss/value,0.04199361428618431
900,Metrics/base_velocity/error_vel_xy,0.9130926132202148
900,Metrics/base_velocity/error_vel_yaw,0.786989688873291
900,Metrics/success_rate,0.017059829086065292
900,Perf/collection_time,6.543366432189941
900,Perf/learning_time,0.20718884468078613
900,Perf/total_fps,14562.0
900,Policy/mean_std,0.7773531675338745
900,Train/mean_episode_length,179.61000061035156
900,Train/mean_reward,-1.1261610984802246
1000,Curriculum/terrain_levels,4.211761474609375
1000,Episode_Reward/action_rate_l2,-0.08475056290626526
1000,Episode_Reward/ang_vel_xy_l2,-0.00973315816372633
1000,Episode_Reward/belly_contact_force,0.0
1000,Episode_Reward/dof_acc_l2,-0.06605328619480133
1000,Episode_Reward/dof_pos_limits,0.0
1000,Episode_Reward/dof_torques_l2,-0.11351513117551804
1000,Episode_Reward/feet_slide,-0.0019758311100304127
1000,Episode_Reward/flat_orientation_l2,0.0
1000,Episode_Reward/foot_clearance,-1.1873142284457572e-05
1000,Episode_Reward/lin_vel_z_l2,-0.026982126757502556
1000,Episode_Reward/track_ang_vel_z_exp,0.0366784930229187
1000,Episode_Reward/track_lin_vel_xy_lin,0.23798279464244843
1000,Episode_Reward/undesired_contacts,-0.002144924830645323
1000,Episode_Termination/tilt,0.8408101797103882
1000,Episode_Termination/time_out,0.1591898649930954
1000,Loss/entropy,24.070093154907227
1000,Loss/learning_rate,0.00045237119775265455
1000,Loss/surrogate,-0.004838263615965843
1000,Loss/value,0.02737526223063469
1000,Metrics/base_velocity/error_vel_xy,0.9239267110824585
1000,Metrics/base_velocity/error_vel_yaw,0.7960996031761169
1000,Metrics/success_rate,0.016733556985855103
1000,Perf/collection_time,6.67783260345459
1000,Perf/learning_time,0.23567962646484375
1000,Perf/total_fps,14219.0
1000,Policy/mean_std,0.74965900182724
1000,Train/mean_episode_length,177.27000427246094
1000,Train/mean_reward,-0.8592771887779236
1100,Curriculum/terrain_levels,4.718658447265625
1100,Episode_Reward/action_rate_l2,-0.10531710088253021
1100,Episode_Reward/ang_vel_xy_l2,-0.011254094541072845
1100,Episode_Reward/belly_contact_force,-6.514649430755526e-05
1100,Episode_Reward/dof_acc_l2,-0.08953072875738144
1100,Episode_Reward/dof_pos_limits,0.0
1100,Episode_Reward/dof_torques_l2,-0.14428642392158508
1100,Episode_Reward/feet_slide,-0.0026043783873319626
1100,Episode_Reward/flat_orientation_l2,0.0
1100,Episode_Reward/foot_clearance,-1.4803687008679844e-05
1100,Episode_Reward/lin_vel_z_l2,-0.03320449963212013
1100,Episode_Reward/track_ang_vel_z_exp,0.0446818582713604
1100,Episode_Reward/track_lin_vel_xy_lin,0.3286822438240051
1100,Episode_Reward/undesired_contacts,-0.0017698875162750483
1100,Episode_Termination/tilt,0.79833984375
1100,Episode_Termination/time_out,0.201904296875
1100,Loss/entropy,23.79639434814453
1100,Loss/learning_rate,0.0004478698247112334
1100,Loss/surrogate,-0.0025634625926613808
1100,Loss/value,0.03211350739002228
1100,Metrics/base_velocity/error_vel_xy,0.8961189985275269
1100,Metrics/base_velocity/error_vel_yaw,0.8203441500663757
1100,Metrics/success_rate,0.016944877803325653
1100,Perf/collection_time,6.367582321166992
1100,Perf/learning_time,0.22148418426513672
1100,Perf/total_fps,14919.0
1100,Policy/mean_std,0.7416814565658569
1100,Train/mean_episode_length,282.3699951171875
1100,Train/mean_reward,-0.3059813976287842
1200,Curriculum/terrain_levels,4.4275922775268555
1200,Episode_Reward/action_rate_l2,-0.16102765500545502
1200,Episode_Reward/ang_vel_xy_l2,-0.01572597026824951
1200,Episode_Reward/belly_contact_force,-1.6458490790682845e-05
1200,Episode_Reward/dof_acc_l2,-0.13711127638816833
1200,Episode_Reward/dof_pos_limits,0.0
1200,Episode_Reward/dof_torques_l2,-0.2145882546901703
1200,Episode_Reward/feet_slide,-0.003946165554225445
1200,Episode_Reward/flat_orientation_l2,0.0
1200,Episode_Reward/foot_clearance,-2.572459925431758e-05
1200,Episode_Reward/lin_vel_z_l2,-0.04638662189245224
1200,Episode_Reward/track_ang_vel_z_exp,0.071942999958992
1200,Episode_Reward/track_lin_vel_xy_lin,0.5278356075286865
1200,Episode_Reward/undesired_contacts,-6.944444612599909e-05
1200,Episode_Termination/tilt,0.7363688349723816
1200,Episode_Termination/time_out,0.2636311948299408
1200,Loss/entropy,23.93488883972168
1200,Loss/learning_rate,0.00044341321336105466
1200,Loss/surrogate,-0.002455485286191106
1200,Loss/value,0.043719615787267685
1200,Metrics/base_velocity/error_vel_xy,0.8593509197235107
1200,Metrics/base_velocity/error_vel_yaw,0.8540958762168884
1200,Metrics/success_rate,0.0
1200,Perf/collection_time,6.291468620300293
1200,Perf/learning_time,0.20939326286315918
1200,Perf/total_fps,15121.0
1200,Policy/mean_std,0.7444254755973816
1200,Train/mean_episode_length,452.3699951171875
1200,Train/mean_reward,0.4216512143611908
1300,Curriculum/terrain_levels,4.455770015716553
1300,Episode_Reward/action_rate_l2,-0.13727635145187378
1300,Episode_Reward/ang_vel_xy_l2,-0.014650439843535423
1300,Episode_Reward/belly_contact_force,-3.870736691169441e-05
1300,Episode_Reward/dof_acc_l2,-0.11757509410381317
1300,Episode_Reward/dof_pos_limits,0.0
1300,Episode_Reward/dof_torques_l2,-0.18633541464805603
1300,Episode_Reward/feet_slide,-0.003356178058311343
1300,Episode_Reward/flat_orientation_l2,0.0
1300,Episode_Reward/foot_clearance,-2.190066152252257e-05
1300,Episode_Reward/lin_vel_z_l2,-0.04133368283510208
1300,Episode_Reward/track_ang_vel_z_exp,0.05860784649848938
1300,Episode_Reward/track_lin_vel_xy_lin,0.41983091831207275
1300,Episode_Reward/undesired_contacts,-0.00011176742555107921
1300,Episode_Termination/tilt,0.6955057978630066
1300,Episode_Termination/time_out,0.3044942319393158
1300,Loss/entropy,23.917194366455078
1300,Loss/learning_rate,0.000439000956248492
1300,Loss/surrogate,-0.002797880442813039
1300,Loss/value,0.03969912976026535
1300,Metrics/base_velocity/error_vel_xy,1.0074173212051392
1300,Metrics/base_velocity/error_vel_yaw,0.8331202864646912
1300,Metrics/success_rate,0.0
1300,Perf/collection_time,6.28144645690918
1300,Perf/learning_time,0.20853853225708008
1300,Perf/total_fps,15147.0
1300,Policy/mean_std,0.7417323589324951
1300,Train/mean_episode_length,412.3500061035156
1300,Train/mean_reward,0.2279428243637085
1400,Curriculum/terrain_levels,5.0304975509643555
1400,Episode_Reward/action_rate_l2,-0.18030676245689392
1400,Episode_Reward/ang_vel_xy_l2,-0.02008002996444702
1400,Episode_Reward/belly_contact_force,0.0
1400,Episode_Reward/dof_acc_l2,-0.15289241075515747
1400,Episode_Reward/dof_pos_limits,0.0
1400,Episode_Reward/dof_torques_l2,-0.24784354865550995
1400,Episode_Reward/feet_slide,-0.004483742173761129
1400,Episode_Reward/flat_orientation_l2,0.0
1400,Episode_Reward/foot_clearance,-3.072959225391969e-05
1400,Episode_Reward/lin_vel_z_l2,-0.05341796204447746
1400,Episode_Reward/track_ang_vel_z_exp,0.08835671842098236
1400,Episode_Reward/track_lin_vel_xy_lin,0.5946558117866516
1400,Episode_Reward/undesired_contacts,-0.00027332620811648667
1400,Episode_Termination/tilt,0.6369120478630066
1400,Episode_Termination/time_out,0.3633321225643158
1400,Loss/entropy,23.473739624023438
1400,Loss/learning_rate,0.00043463261681608856
1400,Loss/surrogate,-0.004852387122809887
1400,Loss/value,0.03316240385174751
1400,Metrics/base_velocity/error_vel_xy,0.9289342761039734
1400,Metrics/base_velocity/error_vel_yaw,0.8169021010398865
1400,Metrics/success_rate,0.004629629664123058
1400,Perf/collection_time,6.269294738769531
1400,Perf/learning_time,0.21023917198181152
1400,Perf/total_fps,15171.0
1400,Policy/mean_std,0.7335177063941956
1400,Train/mean_episode_length,436.6300048828125
1400,Train/mean_reward,0.1115759089589119
1436,Train/mean_episode_length/time,487.45001220703125
1436,Train/mean_reward/time,-9.975653648376465
1500,Curriculum/terrain_levels,4.2727460861206055
1500,Episode_Reward/action_rate_l2,-0.2268921136856079
1500,Episode_Reward/ang_vel_xy_l2,-0.023611456155776978
1500,Episode_Reward/belly_contact_force,0.0
1500,Episode_Reward/dof_acc_l2,-0.18268834054470062
1500,Episode_Reward/dof_pos_limits,0.0
1500,Episode_Reward/dof_torques_l2,-0.3029283881187439
1500,Episode_Reward/feet_slide,-0.006014320999383926
1500,Episode_Reward/flat_orientation_l2,0.0
1500,Episode_Reward/foot_clearance,-3.792692587012425e-05
1500,Episode_Reward/lin_vel_z_l2,-0.06301099061965942
1500,Episode_Reward/track_ang_vel_z_exp,0.10318972915410995
1500,Episode_Reward/track_lin_vel_xy_lin,0.7911423444747925
1500,Episode_Reward/undesired_contacts,-0.00020833328017033637
1500,Episode_Termination/tilt,0.5698038935661316
1500,Episode_Termination/time_out,0.4304402768611908
1500,Loss/entropy,23.664087295532227
1500,Loss/learning_rate,0.000430307729402557
1500,Loss/surrogate,-0.0038063398096710443
1500,Loss/value,0.04142612963914871
1500,Metrics/base_velocity/error_vel_xy,0.8084750175476074
1500,Metrics/base_velocity/error_vel_yaw,0.8648953437805176
1500,Metrics/success_rate,0.0037878789007663727
1500,Perf/collection_time,6.29818058013916
1500,Perf/learning_time,0.2051525115966797
1500,Perf/total_fps,15115.0
1500,Policy/mean_std,0.736415684223175
1500,Train/mean_episode_length,634.72998046875
1500,Train/mean_reward,1.383749008178711
1600,Curriculum/terrain_levels,4.875905513763428
1600,Episode_Reward/action_rate_l2,-0.21120767295360565
1600,Episode_Reward/ang_vel_xy_l2,-0.020644627511501312
1600,Episode_Reward/belly_contact_force,0.0
1600,Episode_Reward/dof_acc_l2,-0.16335314512252808
1600,Episode_Reward/dof_pos_limits,0.0
1600,Episode_Reward/dof_torques_l2,-0.2819709777832031
1600,Episode_Reward/feet_slide,-0.005388075020164251
1600,Episode_Reward/flat_orientation_l2,0.0
1600,Episode_Reward/foot_clearance,-3.8159487303346395e-05
1600,Episode_Reward/lin_vel_z_l2,-0.05594208836555481
1600,Episode_Reward/track_ang_vel_z_exp,0.10440921038389206
1600,Episode_Reward/track_lin_vel_xy_lin,0.7388266921043396
1600,Episode_Reward/undesired_contacts,-0.00011111111234640703
1600,Episode_Termination/tilt,0.616119384765625
1600,Episode_Termination/time_out,0.383880615234375
1600,Loss/entropy,23.57071876525879
1600,Loss/learning_rate,0.000426025886554271
1600,Loss/surrogate,-0.003875419031828642
1600,Loss/value,0.03847108781337738
1600,Metrics/base_velocity/error_vel_xy,0.851462721824646
1600,Metrics/base_velocity/error_vel_yaw,0.7997225522994995
1600,Metrics/success_rate,0.0052083334885537624
1600,Perf/collection_time,6.255087852478027
1600,Perf/learning_time,0.21297526359558105
1600,Perf/total_fps,15198.0
1600,Policy/mean_std,0.7344419360160828
1600,Train/mean_episode_length,587.4099731445312
1600,Train/mean_reward,2.3097851276397705
1700,Curriculum/terrain_levels,4.8547773361206055
1700,Episode_Reward/action_rate_l2,-0.21341955661773682
1700,Episode_Reward/ang_vel_xy_l2,-0.023922216147184372
1700,Episode_Reward/belly_contact_force,0.0
1700,Episode_Reward/dof_acc_l2,-0.1779293417930603
1700,Episode_Reward/dof_pos_limits,0.0
1700,Episode_Reward/dof_torques_l2,-0.286697119474411
1700,Episode_Reward/feet_slide,-0.005811980925500393
1700,Episode_Reward/flat_orientation_l2,0.0
1700,Episode_Reward/foot_clearance,-3.754938370548189e-05
1700,Episode_Reward/lin_vel_z_l2,-0.061624616384506226
1700,Episode_Reward/track_ang_vel_z_exp,0.09954236447811127
1700,Episode_Reward/track_lin_vel_xy_lin,0.7320984601974487
1700,Episode_Reward/undesired_contacts,-8.796297333901748e-05
1700,Episode_Termination/tilt,0.5213724970817566
1700,Episode_Termination/time_out,0.4786275327205658
1700,Loss/entropy,23.6168270111084
1700,Loss/learning_rate,0.0004217866517137736
1700,Loss/surrogate,-0.004236974753439426
1700,Loss/value,0.03716204687952995
1700,Metrics/base_velocity/error_vel_xy,0.8574983477592468
1700,Metrics/base_velocity/error_vel_yaw,0.8556343913078308
1700,Metrics/success_rate,0.0
1700,Perf/collection_time,6.218939781188965
1700,Perf/learning_time,0.21184968948364258
1700,Perf/total_fps,15286.0
1700,Policy/mean_std,0.7362446784973145
1700,Train/mean_episode_length,569.5800170898438
1700,Train/mean_reward,1.5143208503723145
1800,Curriculum/terrain_levels,4.546478271484375
1800,Episode_Reward/action_rate_l2,-0.19923929870128632
1800,Episode_Reward/ang_vel_xy_l2,-0.020633772015571594
1800,Episode_Reward/belly_contact_force,0.0
1800,Episode_Reward/dof_acc_l2,-0.1618383824825287
1800,Episode_Reward/dof_pos_limits,0.0
1800,Episode_Reward/dof_torques_l2,-0.27255672216415405
1800,Episode_Reward/feet_slide,-0.005276801995933056
1800,Episode_Reward/flat_orientation_l2,0.0
1800,Episode_Reward/foot_clearance,-3.508530789986253e-05
1800,Episode_Reward/lin_vel_z_l2,-0.056501470506191254
1800,Episode_Reward/track_ang_vel_z_exp,0.1018538698554039
1800,Episode_Reward/track_lin_vel_xy_lin,0.6598739624023438
1800,Episode_Reward/undesired_contacts,0.0
1800,Episode_Termination/tilt,0.4968973994255066
1800,Episode_Termination/time_out,0.5035909414291382
1800,Loss/entropy,23.37434196472168
1800,Loss/learning_rate,0.00041758958832360804
1800,Loss/surrogate,-0.002426352584734559
1800,Loss/value,0.04170955717563629
1800,Metrics/base_velocity/error_vel_xy,0.8757996559143066
1800,Metrics/base_velocity/error_vel_yaw,0.8340346217155457
1800,Metrics/success_rate,0.010582011193037033
1800,Perf/collection_time,6.216226100921631
1800,Perf/learning_time,0.21485352516174316
1800,Perf/total_fps,15285.0
1800,Policy/mean_std,0.7313089966773987
1800,Train/mean_episode_length,579.1699829101562
1800,Train/mean_reward,0.8891419768333435
1900,Curriculum/terrain_levels,4.6464643478393555
1900,Episode_Reward/action_rate_l2,-0.23377244174480438
1900,Episode_Reward/ang_vel_xy_l2,-0.02555503509938717
1900,Episode_Reward/belly_contact_force,0.0
1900,Episode_Reward/dof_acc_l2,-0.18425962328910828
1900,Episode_Reward/dof_pos_limits,0.0
1900,Episode_Reward/dof_torques_l2,-0.3090270757675171
1900,Episode_Reward/feet_slide,-0.006504117511212826
1900,Episode_Reward/flat_orientation_l2,0.0
1900,Episode_Reward/foot_clearance,-4.366168286651373e-05
1900,Episode_Reward/lin_vel_z_l2,-0.06018032133579254
1900,Episode_Reward/track_ang_vel_z_exp,0.11748813092708588
1900,Episode_Reward/track_lin_vel_xy_lin,0.8230375051498413
1900,Episode_Reward/undesired_contacts,-5.2083327318541706e-05
1900,Episode_Termination/tilt,0.4221089780330658
1900,Episode_Termination/time_out,0.5781351923942566
1900,Loss/entropy,23.352067947387695
1900,Loss/learning_rate,0.0004134342889301479
1900,Loss/surrogate,-0.004109576810151339
1900,Loss/value,0.03859572112560272
1900,Metrics/base_velocity/error_vel_xy,0.8531295657157898
1900,Metrics/base_velocity/error_vel_yaw,0.8298391103744507
1900,Metrics/success_rate,0.0
1900,Perf/collection_time,6.211210250854492
1900,Perf/learning_time,0.22220182418823242
1900,Perf/total_fps,15280.0
1900,Policy/mean_std,0.7320786118507385
1900,Train/mean_episode_length,623.4600219726562
1900,Train/mean_reward,2.3860013484954834
2000,Curriculum/terrain_levels,4.830291748046875
2000,Episode_Reward/action_rate_l2,-0.2303631752729416
2000,Episode_Reward/ang_vel_xy_l2,-0.023504503071308136
2000,Episode_Reward/belly_contact_force,0.0
2000,Episode_Reward/dof_acc_l2,-0.1765044927597046
2000,Episode_Reward/dof_pos_limits,0.0
2000,Episode_Reward/dof_torques_l2,-0.2984830439090729
2000,Episode_Reward/feet_slide,-0.006111965514719486
2000,Episode_Reward/flat_orientation_l2,0.0
2000,Episode_Reward/foot_clearance,-4.145929415244609e-05
2000,Episode_Reward/lin_vel_z_l2,-0.059757035225629807
2000,Episode_Reward/track_ang_vel_z_exp,0.11526092141866684
2000,Episode_Reward/track_lin_vel_xy_lin,0.8168944120407104
2000,Episode_Reward/undesired_contacts,-0.0002847221330739558
2000,Episode_Termination/tilt,0.3533121943473816
2000,Episode_Termination/time_out,0.6466878652572632
2000,Loss/entropy,23.156057357788086
2000,Loss/learning_rate,0.00040932034607976675
2000,Loss/surrogate,-0.005155865103006363
2000,Loss/value,0.029199913144111633
2000,Metrics/base_velocity/error_vel_xy,0.8820500373840332
2000,Metrics/base_velocity/error_vel_yaw,0.8386966586112976
2000,Metrics/success_rate,0.0
2000,Perf/collection_time,6.172665596008301
2000,Perf/learning_time,0.21150922775268555
2000,Perf/total_fps,15398.0
2000,Policy/mean_std,0.7295491695404053
2000,Train/mean_episode_length,602.8099975585938
2000,Train/mean_reward,2.2473716735839844
2100,Curriculum/terrain_levels,4.247314453125
2100,Episode_Reward/action_rate_l2,-0.2493390440940857
2100,Episode_Reward/ang_vel_xy_l2,-0.028345078229904175
2100,Episode_Reward/belly_contact_force,0.0
2100,Episode_Reward/dof_acc_l2,-0.19674603641033173
2100,Episode_Reward/dof_pos_limits,0.0
2100,Episode_Reward/dof_torques_l2,-0.3195129632949829
2100,Episode_Reward/feet_slide,-0.0073920260183513165
2100,Episode_Reward/flat_orientation_l2,0.0
2100,Episode_Reward/foot_clearance,-4.588408046402037e-05
2100,Episode_Reward/lin_vel_z_l2,-0.06091129779815674
2100,Episode_Reward/track_ang_vel_z_exp,0.11384671926498413
2100,Episode_Reward/track_lin_vel_xy_lin,0.9383699297904968
2100,Episode_Reward/undesired_contacts,-7.142856338759884e-05
2100,Episode_Termination/tilt,0.30853271484375
2100,Episode_Termination/time_out,0.69146728515625
2100,Loss/entropy,22.78572654724121
2100,Loss/learning_rate,0.00040524735231883824
2100,Loss/surrogate,-0.004264018498361111
2100,Loss/value,0.02636212855577469
2100,Metrics/base_velocity/error_vel_xy,0.762371301651001
2100,Metrics/base_velocity/error_vel_yaw,0.9327397346496582
2100,Metrics/success_rate,0.0
2100,Perf/collection_time,6.20632266998291
2100,Perf/learning_time,0.22339344024658203
2100,Perf/total_fps,15289.0
2100,Policy/mean_std,0.7194366455078125
2100,Train/mean_episode_length,649.6199951171875
2100,Train/mean_reward,3.228850841522217
2147,Train/mean_episode_length/time,342.2099914550781
2147,Train/mean_reward/time,-5.133158206939697
2200,Curriculum/terrain_levels,4.5149030685424805
2200,Episode_Reward/action_rate_l2,-0.253895103931427
2200,Episode_Reward/ang_vel_xy_l2,-0.028852026909589767
2200,Episode_Reward/belly_contact_force,0.0
2200,Episode_Reward/dof_acc_l2,-0.21111831068992615
2200,Episode_Reward/dof_pos_limits,0.0
2200,Episode_Reward/dof_torques_l2,-0.33859825134277344
2200,Episode_Reward/feet_slide,-0.007653457578271627
2200,Episode_Reward/flat_orientation_l2,0.0
2200,Episode_Reward/foot_clearance,-4.564397386275232e-05
2200,Episode_Reward/lin_vel_z_l2,-0.0685104951262474
2200,Episode_Reward/track_ang_vel_z_exp,0.1227635070681572
2200,Episode_Reward/track_lin_vel_xy_lin,0.9345006942749023
2200,Episode_Reward/undesired_contacts,-0.0006302079418674111
2200,Episode_Termination/tilt,0.275543212890625
2200,Episode_Termination/time_out,0.724456787109375
2200,Loss/entropy,22.797222137451172
2200,Loss/learning_rate,0.0004012148710899055
2200,Loss/surrogate,-0.004475121386349201
2200,Loss/value,0.0353982113301754
2200,Metrics/base_velocity/error_vel_xy,0.7829712629318237
2200,Metrics/base_velocity/error_vel_yaw,0.908427894115448
2200,Metrics/success_rate,0.0
2200,Perf/collection_time,6.450470924377441
2200,Perf/learning_time,0.21542835235595703
2200,Perf/total_fps,14747.0
2200,Policy/mean_std,0.7196474075317383
2200,Train/mean_episode_length,703.030029296875
2200,Train/mean_reward,2.343090057373047
2300,Curriculum/terrain_levels,4.503570556640625
2300,Episode_Reward/action_rate_l2,-0.27160733938217163
2300,Episode_Reward/ang_vel_xy_l2,-0.02786724828183651
2300,Episode_Reward/belly_contact_force,0.0
2300,Episode_Reward/dof_acc_l2,-0.2126329243183136
2300,Episode_Reward/dof_pos_limits,0.0
2300,Episode_Reward/dof_torques_l2,-0.3448362946510315
2300,Episode_Reward/feet_slide,-0.008092018775641918
2300,Episode_Reward/flat_orientation_l2,0.0
2300,Episode_Reward/foot_clearance,-5.1395556511124596e-05
2300,Episode_Reward/lin_vel_z_l2,-0.06356250494718552
2300,Episode_Reward/track_ang_vel_z_exp,0.13016045093536377
2300,Episode_Reward/track_lin_vel_xy_lin,0.9989883303642273
2300,Episode_Reward/undesired_contacts,0.0
2300,Episode_Termination/tilt,0.2253214567899704
2300,Episode_Termination/time_out,0.7746785879135132
2300,Loss/entropy,22.296489715576172
2300,Loss/learning_rate,0.00039722249493934214
2300,Loss/surrogate,-0.004927194211632013
2300,Loss/value,0.03803762048482895
2300,Metrics/base_velocity/error_vel_xy,0.7359724044799805
2300,Metrics/base_velocity/error_vel_yaw,0.9706645011901855
2300,Metrics/success_rate,0.0
2300,Perf/collection_time,6.183774948120117
2300,Perf/learning_time,0.21095633506774902
2300,Perf/total_fps,15372.0
2300,Policy/mean_std,0.7099089622497559
2300,Train/mean_episode_length,792.1199951171875
2300,Train/mean_reward,4.052065372467041
2400,Curriculum/terrain_levels,4.452850341796875
2400,Episode_Reward/action_rate_l2,-0.27348652482032776
2400,Episode_Reward/ang_vel_xy_l2,-0.02846919558942318
2400,Episode_Reward/belly_contact_force,0.0
2400,Episode_Reward/dof_acc_l2,-0.22675910592079163
2400,Episode_Reward/dof_pos_limits,0.0
2400,Episode_Reward/dof_torques_l2,-0.3564680218696594
2400,Episode_Reward/feet_slide,-0.008476774208247662
2400,Episode_Reward/flat_orientation_l2,0.0
2400,Episode_Reward/foot_clearance,-4.931329021928832e-05
2400,Episode_Reward/lin_vel_z_l2,-0.06286126375198364
2400,Episode_Reward/track_ang_vel_z_exp,0.13696199655532837
2400,Episode_Reward/track_lin_vel_xy_lin,0.985672652721405
2400,Episode_Reward/undesired_contacts,0.0
2400,Episode_Termination/tilt,0.2114359587430954
2400,Episode_Termination/time_out,0.7885640859603882
2400,Loss/entropy,22.368749618530273
2400,Loss/learning_rate,0.0003932698746211827
2400,Loss/surrogate,-0.004628956783562899
2400,Loss/value,0.03410880267620087
2400,Metrics/base_velocity/error_vel_xy,0.7328208684921265
2400,Metrics/base_velocity/error_vel_yaw,0.903472900390625
2400,Metrics/success_rate,0.009424603544175625
2400,Perf/collection_time,6.203622341156006
2400,Perf/learning_time,0.21348977088928223
2400,Perf/total_fps,15319.0
2400,Policy/mean_std,0.7147966623306274
2400,Train/mean_episode_length,788.969970703125
2400,Train/mean_reward,4.041810989379883
2500,Curriculum/terrain_levels,4.617726802825928
2500,Episode_Reward/action_rate_l2,-0.25371214747428894
2500,Episode_Reward/ang_vel_xy_l2,-0.028686925768852234
2500,Episode_Reward/belly_contact_force,-0.00011023191473213956
2500,Episode_Reward/dof_acc_l2,-0.20337757468223572
2500,Episode_Reward/dof_pos_limits,0.0
2500,Episode_Reward/dof_torques_l2,-0.3443126380443573
2500,Episode_Reward/feet_slide,-0.007763357367366552
2500,Episode_Reward/flat_orientation_l2,0.0
2500,Episode_Reward/foot_clearance,-4.439562326297164e-05
2500,Episode_Reward/lin_vel_z_l2,-0.06346629559993744
2500,Episode_Reward/track_ang_vel_z_exp,0.12442605197429657
2500,Episode_Reward/track_lin_vel_xy_lin,0.9290341138839722
2500,Episode_Reward/undesired_contacts,-2.083333492919337e-05
2500,Episode_Termination/tilt,0.2262064665555954
2500,Episode_Termination/time_out,0.7737935781478882
2500,Loss/entropy,22.38202667236328
2500,Loss/learning_rate,0.00038935657357797027
2500,Loss/surrogate,-0.00501739839091897
2500,Loss/value,0.02545156516134739
2500,Metrics/base_velocity/error_vel_xy,0.8056742548942566
2500,Metrics/base_velocity/error_vel_yaw,0.9032596945762634
2500,Metrics/success_rate,0.0
2500,Perf/collection_time,6.156867980957031
2500,Perf/learning_time,0.2139112949371338
2500,Perf/total_fps,15430.0
2500,Policy/mean_std,0.7116812467575073
2500,Train/mean_episode_length,756.5800170898438
2500,Train/mean_reward,3.3819196224212646
2600,Curriculum/terrain_levels,4.244964599609375
2600,Episode_Reward/action_rate_l2,-0.290157675743103
2600,Episode_Reward/ang_vel_xy_l2,-0.030032455921173096
2600,Episode_Reward/belly_contact_force,0.0
2600,Episode_Reward/dof_acc_l2,-0.21628135442733765
2600,Episode_Reward/dof_pos_limits,0.0
2600,Episode_Reward/dof_torques_l2,-0.3812325894832611
2600,Episode_Reward/feet_slide,-0.009185205213725567
2600,Episode_Reward/flat_orientation_l2,0.0
2600,Episode_Reward/foot_clearance,-5.5001466535031796e-05
2600,Episode_Reward/lin_vel_z_l2,-0.06689590960741043
2600,Episode_Reward/track_ang_vel_z_exp,0.1506165862083435
2600,Episode_Reward/track_lin_vel_xy_lin,1.161304235458374
2600,Episode_Reward/undesired_contacts,-0.001649998826906085
2600,Episode_Termination/tilt,0.1953633725643158
2600,Episode_Termination/time_out,0.8046366572380066
2600,Loss/entropy,21.907350540161133
2600,Loss/learning_rate,0.0003854822425637394
2600,Loss/surrogate,-0.004417872056365013
2600,Loss/value,0.022311734035611153
2600,Metrics/base_velocity/error_vel_xy,0.6677110195159912
2600,Metrics/base_velocity/error_vel_yaw,0.9246855974197388
2600,Metrics/success_rate,0.0052083334885537624
2600,Perf/collection_time,6.081707000732422
2600,Perf/learning_time,0.21478605270385742
2600,Perf/total_fps,15612.0
2600,Policy/mean_std,0.7018681168556213
2600,Train/mean_episode_length,851.8400268554688
2600,Train/mean_reward,6.049814224243164
2700,Curriculum/terrain_levels,3.8391826152801514
2700,Episode_Reward/action_rate_l2,-0.2713657021522522
2700,Episode_Reward/ang_vel_xy_l2,-0.028139404952526093
2700,Episode_Reward/belly_contact_force,0.0
2700,Episode_Reward/dof_acc_l2,-0.21394813060760498
2700,Episode_Reward/dof_pos_limits,0.0
2700,Episode_Reward/dof_torques_l2,-0.36267727613449097
2700,Episode_Reward/feet_slide,-0.008246115408837795
2700,Episode_Reward/flat_orientation_l2,0.0
2700,Episode_Reward/foot_clearance,-5.046241494710557e-05
2700,Episode_Reward/lin_vel_z_l2,-0.06412489712238312
2700,Episode_Reward/track_ang_vel_z_exp,0.14735564589500427
2700,Episode_Reward/track_lin_vel_xy_lin,1.076887845993042
2700,Episode_Reward/undesired_contacts,-5.2083337322983425e-06
2700,Episode_Termination/tilt,0.1839803159236908
2700,Episode_Termination/time_out,0.8160197138786316
2700,Loss/entropy,21.74765396118164
2700,Loss/learning_rate,0.00038164641591720283
2700,Loss/surrogate,-0.004403439816087484
2700,Loss/value,0.03141351044178009
2700,Metrics/base_velocity/error_vel_xy,0.705263078212738
2700,Metrics/base_velocity/error_vel_yaw,0.9043029546737671
2700,Metrics/success_rate,0.005952381528913975
2700,Perf/collection_time,6.562070846557617
2700,Perf/learning_time,0.21035337448120117
2700,Perf/total_fps,14515.0
2700,Policy/mean_std,0.6978291869163513
2700,Train/mean_episode_length,772.8499755859375
2700,Train/mean_reward,4.917172431945801
2800,Curriculum/terrain_levels,4.3505964279174805
2800,Episode_Reward/action_rate_l2,-0.26640585064888
2800,Episode_Reward/ang_vel_xy_l2,-0.029324721544981003
2800,Episode_Reward/belly_contact_force,0.0
2800,Episode_Reward/dof_acc_l2,-0.21586517989635468
2800,Episode_Reward/dof_pos_limits,0.0
2800,Episode_Reward/dof_torques_l2,-0.3646167516708374
2800,Episode_Reward/feet_slide,-0.008328594267368317
2800,Episode_Reward/flat_orientation_l2,0.0
2800,Episode_Reward/foot_clearance,-4.9352511268807575e-05
2800,Episode_Reward/lin_vel_z_l2,-0.06971744447946548
2800,Episode_Reward/track_ang_vel_z_exp,0.14565029740333557
2800,Episode_Reward/track_lin_vel_xy_lin,1.0206049680709839
2800,Episode_Reward/undesired_contacts,0.0
2800,Episode_Termination/tilt,0.1626993864774704
2800,Episode_Termination/time_out,0.8373006582260132
2800,Loss/entropy,21.642549514770508
2800,Loss/learning_rate,0.00037784880260005593
2800,Loss/surrogate,-0.004744411446154118
2800,Loss/value,0.02848033979535103
2800,Metrics/base_velocity/error_vel_xy,0.6998314261436462
2800,Metrics/base_velocity/error_vel_yaw,0.9174524545669556
2800,Metrics/success_rate,0.008333333767950535
2800,Perf/collection_time,6.2303619384765625
2800,Perf/learning_time,0.22879719734191895
2800,Perf/total_fps,15219.0
2800,Policy/mean_std,0.6979426145553589
2800,Train/mean_episode_length,802.719970703125
2800,Train/mean_reward,4.467554092407227
2851,Train/mean_episode_length/time,310.3800048828125
2851,Train/mean_reward/time,-3.951641082763672
2900,Curriculum/terrain_levels,3.71429443359375
2900,Episode_Reward/action_rate_l2,-0.2965245544910431
2900,Episode_Reward/ang_vel_xy_l2,-0.031024809926748276
2900,Episode_Reward/belly_contact_force,0.0
2900,Episode_Reward/dof_acc_l2,-0.23645749688148499
2900,Episode_Reward/dof_pos_limits,0.0
2900,Episode_Reward/dof_torques_l2,-0.40138864517211914
2900,Episode_Reward/feet_slide,-0.009630865417420864
2900,Episode_Reward/flat_orientation_l2,0.0
2900,Episode_Reward/foot_clearance,-5.5742799304425716e-05
2900,Episode_Reward/lin_vel_z_l2,-0.07161344587802887
2900,Episode_Reward/track_ang_vel_z_exp,0.16410645842552185
2900,Episode_Reward/track_lin_vel_xy_lin,1.1579217910766602
2900,Episode_Reward/undesired_contacts,0.0
2900,Episode_Termination/tilt,0.1734212338924408
2900,Episode_Termination/time_out,0.8265787959098816
2900,Loss/entropy,21.8359375
2900,Loss/learning_rate,0.0003740889369510114
2900,Loss/surrogate,-0.004671595990657806
2900,Loss/value,0.035649772733449936
2900,Metrics/base_velocity/error_vel_xy,0.6596087217330933
2900,Metrics/base_velocity/error_vel_yaw,0.9047335982322693
2900,Metrics/success_rate,0.0
2900,Perf/collection_time,6.427323341369629
2900,Perf/learning_time,0.23862981796264648
2900,Perf/total_fps,14747.0
2900,Policy/mean_std,0.7024198174476624
2900,Train/mean_episode_length,900.6599731445312
2900,Train/mean_reward,5.883755683898926
3000,Curriculum/terrain_levels,4.3393964767456055
3000,Episode_Reward/action_rate_l2,-0.28700533509254456
3000,Episode_Reward/ang_vel_xy_l2,-0.031175747513771057
3000,Episode_Reward/belly_contact_force,0.0
3000,Episode_Reward/dof_acc_l2,-0.2474556416273117
3000,Episode_Reward/dof_pos_limits,0.0
3000,Episode_Reward/dof_torques_l2,-0.38928112387657166
3000,Episode_Reward/feet_slide,-0.009165043011307716
3000,Episode_Reward/flat_orientation_l2,0.0
3000,Episode_Reward/foot_clearance,-5.1984294259455055e-05
3000,Episode_Reward/lin_vel_z_l2,-0.06832168251276016
3000,Episode_Reward/track_ang_vel_z_exp,0.14216548204421997
3000,Episode_Reward/track_lin_vel_xy_lin,1.0916208028793335
3000,Episode_Reward/undesired_contacts,0.0
3000,Episode_Termination/tilt,0.1645914763212204
3000,Episode_Termination/time_out,0.8354085683822632
3000,Loss/entropy,21.871620178222656
3000,Loss/learning_rate,0.0003703665279317647
3000,Loss/surrogate,-0.005131917539983988
3000,Loss/value,0.028865240514278412
3000,Metrics/base_velocity/error_vel_xy,0.7001888155937195
3000,Metrics/base_velocity/error_vel_yaw,0.9553506374359131
3000,Metrics/success_rate,0.0
3000,Perf/collection_time,6.387377738952637
3000,Perf/learning_time,0.2240903377532959
3000,Perf/total_fps,14868.0
3000,Policy/mean_std,0.7022668719291687
3000,Train/mean_episode_length,874.4099731445312
3000,Train/mean_reward,4.140960216522217
3100,Curriculum/terrain_levels,4.7084455490112305
3100,Episode_Reward/action_rate_l2,-0.2716902494430542
3100,Episode_Reward/ang_vel_xy_l2,-0.02542390301823616
3100,Episode_Reward/belly_contact_force,0.0
3100,Episode_Reward/dof_acc_l2,-0.21606414020061493
3100,Episode_Reward/dof_pos_limits,0.0
3100,Episode_Reward/dof_torques_l2,-0.3567587733268738
3100,Episode_Reward/feet_slide,-0.00871882401406765
3100,Episode_Reward/flat_orientation_l2,0.0
3100,Episode_Reward/foot_clearance,-5.106957542011514e-05
3100,Episode_Reward/lin_vel_z_l2,-0.059720706194639206
3100,Episode_Reward/track_ang_vel_z_exp,0.1386042833328247
3100,Episode_Reward/track_lin_vel_xy_lin,1.061975359916687
3100,Episode_Reward/undesired_contacts,0.0
3100,Episode_Termination/tilt,0.154510498046875
3100,Episode_Termination/time_out,0.845489501953125
3100,Loss/entropy,21.605289459228516
3100,Loss/learning_rate,0.00036668110988102853
3100,Loss/surrogate,-0.005085006821900606
3100,Loss/value,0.02784954197704792
3100,Metrics/base_velocity/error_vel_xy,0.7278594970703125
3100,Metrics/base_velocity/error_vel_yaw,0.957697868347168
3100,Metrics/success_rate,0.006944444961845875
3100,Perf/collection_time,6.223737716674805
3100,Perf/learning_time,0.2301957607269287
3100,Perf/total_fps,15231.0
3100,Policy/mean_std,0.6976013779640198
3100,Train/mean_episode_length,807.989990234375
3100,Train/mean_reward,5.215734958648682
3200,Curriculum/terrain_levels,4.1968793869018555
3200,Episode_Reward/action_rate_l2,-0.2849656939506531
3200,Episode_Reward/ang_vel_xy_l2,-0.029483621940016747
3200,Episode_Reward/belly_contact_force,0.0
3200,Episode_Reward/dof_acc_l2,-0.22490116953849792
3200,Episode_Reward/dof_pos_limits,0.0
3200,Episode_Reward/dof_torques_l2,-0.3787350654602051
3200,Episode_Reward/feet_slide,-0.009207487106323242
3200,Episode_Reward/flat_orientation_l2,0.0
3200,Episode_Reward/foot_clearance,-5.2221213991288096e-05
3200,Episode_Reward/lin_vel_z_l2,-0.06835421919822693
3200,Episode_Reward/track_ang_vel_z_exp,0.1562662124633789
3200,Episode_Reward/track_lin_vel_xy_lin,1.13057279586792
3200,Episode_Reward/undesired_contacts,0.0
3200,Episode_Termination/tilt,0.1408589780330658
3200,Episode_Termination/time_out,0.8591410517692566
3200,Loss/entropy,21.600088119506836
3200,Loss/learning_rate,0.0003630323917604983
3200,Loss/surrogate,-0.005193404387682676
3200,Loss/value,0.029495522379875183
3200,Metrics/base_velocity/error_vel_xy,0.5995561480522156
3200,Metrics/base_velocity/error_vel_yaw,0.9091753959655762
3200,Metrics/success_rate,0.0
3200,Perf/collection_time,6.178099155426025
3200,Perf/learning_time,0.2226109504699707
3200,Perf/total_fps,15358.0
3200,Policy/mean_std,0.6970980763435364
3200,Train/mean_episode_length,858.6300048828125
3200,Train/mean_reward,5.884860515594482
3300,Curriculum/terrain_levels,5.110677242279053
3300,Episode_Reward/action_rate_l2,-0.28929591178894043
3300,Episode_Reward/ang_vel_xy_l2,-0.029625922441482544
3300,Episode_Reward/belly_contact_force,0.0
3300,Episode_Reward/dof_acc_l2,-0.22915363311767578
3300,Episode_Reward/dof_pos_limits,0.0
3300,Episode_Reward/dof_torques_l2,-0.3964502513408661
3300,Episode_Reward/feet_slide,-0.009317032061517239
3300,Episode_Reward/flat_orientation_l2,0.0
3300,Episode_Reward/foot_clearance,-5.3166844736551866e-05
3300,Episode_Reward/lin_vel_z_l2,-0.06856998056173325
3300,Episode_Reward/track_ang_vel_z_exp,0.15043804049491882
3300,Episode_Reward/track_lin_vel_xy_lin,1.1385778188705444
3300,Episode_Reward/undesired_contacts,0.0
3300,Episode_Termination/tilt,0.1428731381893158
3300,Episode_Termination/time_out,0.8571268916130066
3300,Loss/entropy,21.60114860534668
3300,Loss/learning_rate,0.00035941999522037804
3300,Loss/surrogate,-0.004709419794380665
3300,Loss/value,0.025850387290120125
3300,Metrics/base_velocity/error_vel_xy,0.6881369352340698
3300,Metrics/base_velocity/error_vel_yaw,0.9328765869140625
3300,Metrics/success_rate,0.0
3300,Perf/collection_time,6.247387886047363
3300,Perf/learning_time,0.22592496871948242
3300,Perf/total_fps,15186.0
3300,Policy/mean_std,0.6968331933021545
3300,Train/mean_episode_length,854.1500244140625
3300,Train/mean_reward,4.988992691040039
3400,Curriculum/terrain_levels,5.747792720794678
3400,Episode_Reward/action_rate_l2,-0.30005621910095215
3400,Episode_Reward/ang_vel_xy_l2,-0.027766194194555283
3400,Episode_Reward/belly_contact_force,0.0
3400,Episode_Reward/dof_acc_l2,-0.2216135710477829
3400,Episode_Reward/dof_pos_limits,0.0
3400,Episode_Reward/dof_torques_l2,-0.3944091796875
3400,Episode_Reward/feet_slide,-0.009879281744360924
3400,Episode_Reward/flat_orientation_l2,0.0
3400,Episode_Reward/foot_clearance,-5.8851554058492184e-05
3400,Episode_Reward/lin_vel_z_l2,-0.06487204879522324
3400,Episode_Reward/track_ang_vel_z_exp,0.17658840119838715
3400,Episode_Reward/track_lin_vel_xy_lin,1.1669700145721436
3400,Episode_Reward/undesired_contacts,0.0
3400,Episode_Termination/tilt,0.1448872983455658
3400,Episode_Termination/time_out,0.8551127314567566
3400,Loss/entropy,21.360200881958008
3400,Loss/learning_rate,0.0003558435128070414
3400,Loss/surrogate,-0.004206477198749781
3400,Loss/value,0.029160844162106514
3400,Metrics/base_velocity/error_vel_xy,0.5759469866752625
3400,Metrics/base_velocity/error_vel_yaw,0.9056543111801147
3400,Metrics/success_rate,0.006944444961845875
3400,Perf/collection_time,6.214023590087891
3400,Perf/learning_time,0.20240187644958496
3400,Perf/total_fps,15320.0
3400,Policy/mean_std,0.6927568912506104
3400,Train/mean_episode_length,915.9099731445312
3400,Train/mean_reward,6.547779083251953
3500,Curriculum/terrain_levels,5.269561767578125
3500,Episode_Reward/action_rate_l2,-0.27884814143180847
3500,Episode_Reward/ang_vel_xy_l2,-0.02667274698615074
3500,Episode_Reward/belly_contact_force,0.0
3500,Episode_Reward/dof_acc_l2,-0.21294109523296356
3500,Episode_Reward/dof_pos_limits,0.0
3500,Episode_Reward/dof_torques_l2,-0.3616577088832855
3500,Episode_Reward/feet_slide,-0.008638668805360794
3500,Episode_Reward/flat_orientation_l2,0.0
3500,Episode_Reward/foot_clearance,-5.296913150232285e-05
3500,Episode_Reward/lin_vel_z_l2,-0.05981658026576042
3500,Episode_Reward/track_ang_vel_z_exp,0.1508258730173111
3500,Episode_Reward/track_lin_vel_xy_lin,1.1815338134765625
3500,Episode_Reward/undesired_contacts,0.0
3500,Episode_Termination/tilt,0.1420186460018158
3500,Episode_Termination/time_out,0.8579813838005066
3500,Loss/entropy,21.20069122314453
3500,Loss/learning_rate,0.0003523026534821838
3500,Loss/surrogate,-0.0048381551168859005
3500,Loss/value,0.028939468786120415
3500,Metrics/base_velocity/error_vel_xy,0.6431201696395874
3500,Metrics/base_velocity/error_vel_yaw,0.9687355756759644
3500,Metrics/success_rate,0.010416666977107525
3500,Perf/collection_time,6.189497947692871
3500,Perf/learning_time,0.20759868621826172
3500,Perf/total_fps,15366.0
3500,Policy/mean_std,0.6915032267570496
3500,Train/mean_episode_length,860.6699829101562
3500,Train/mean_reward,7.248430252075195
3557,Train/mean_episode_length/time,270.25
3557,Train/mean_reward/time,-3.9654006958007812
3600,Curriculum/terrain_levels,4.042694091796875
3600,Episode_Reward/action_rate_l2,-0.2721351087093353
3600,Episode_Reward/ang_vel_xy_l2,-0.02661268785595894
3600,Episode_Reward/belly_contact_force,-1.1909985005331691e-05
3600,Episode_Reward/dof_acc_l2,-0.20992706716060638
3600,Episode_Reward/dof_pos_limits,0.0
3600,Episode_Reward/dof_torques_l2,-0.36458295583724976
3600,Episode_Reward/feet_slide,-0.008662397973239422
3600,Episode_Reward/flat_orientation_l2,0.0
3600,Episode_Reward/foot_clearance,-4.96715001645498e-05
3600,Episode_Reward/lin_vel_z_l2,-0.060058098286390305
3600,Episode_Reward/track_ang_vel_z_exp,0.14643000066280365
3600,Episode_Reward/track_lin_vel_xy_lin,1.1042882204055786
3600,Episode_Reward/undesired_contacts,-0.0005208331276662648
3600,Episode_Termination/tilt,0.1466268002986908
3600,Episode_Termination/time_out,0.8533732295036316
3600,Loss/entropy,21.299081802368164
3600,Loss/learning_rate,0.00034879700979217887
3600,Loss/surrogate,-0.004522781353443861
3600,Loss/value,0.025566106662154198
3600,Metrics/base_velocity/error_vel_xy,0.6769925951957703
3600,Metrics/base_velocity/error_vel_yaw,0.9584994316101074
3600,Metrics/success_rate,0.0
3600,Perf/collection_time,6.13881778717041
3600,Perf/learning_time,0.20441865921020508
3600,Perf/total_fps,15497.0
3600,Policy/mean_std,0.6927239298820496
3600,Train/mean_episode_length,818.97998046875
3600,Train/mean_reward,6.0842461585998535
3700,Curriculum/terrain_levels,4.495107173919678
3700,Episode_Reward/action_rate_l2,-0.2674356698989868
3700,Episode_Reward/ang_vel_xy_l2,-0.02665751241147518
3700,Episode_Reward/belly_contact_force,0.0
3700,Episode_Reward/dof_acc_l2,-0.2095687836408615
3700,Episode_Reward/dof_pos_limits,0.0
3700,Episode_Reward/dof_torques_l2,-0.3606995940208435
3700,Episode_Reward/feet_slide,-0.008857283741235733
3700,Episode_Reward/flat_orientation_l2,0.0
3700,Episode_Reward/foot_clearance,-4.9288413720205426e-05
3700,Episode_Reward/lin_vel_z_l2,-0.061901599168777466
3700,Episode_Reward/track_ang_vel_z_exp,0.1467241495847702
3700,Episode_Reward/track_lin_vel_xy_lin,1.0745351314544678
3700,Episode_Reward/undesired_contacts,-0.0028611093293875456
3700,Episode_Termination/tilt,0.16375732421875
3700,Episode_Termination/time_out,0.83624267578125
3700,Loss/entropy,21.327651977539062
3700,Loss/learning_rate,0.0003453262324910611
3700,Loss/surrogate,-0.0043912120163440704
3700,Loss/value,0.026255866512656212
3700,Metrics/base_velocity/error_vel_xy,0.7654058337211609
3700,Metrics/base_velocity/error_vel_yaw,0.9381927251815796
3700,Metrics/success_rate,0.0
3700,Perf/collection_time,6.170108795166016
3700,Perf/learning_time,0.2049262523651123
3700,Perf/total_fps,15420.0
3700,Policy/mean_std,0.6937932372093201
3700,Train/mean_episode_length,822.3200073242188
3700,Train/mean_reward,6.186807632446289
3800,Curriculum/terrain_levels,4.315216064453125
3800,Episode_Reward/action_rate_l2,-0.2877003848552704
3800,Episode_Reward/ang_vel_xy_l2,-0.029704459011554718
3800,Episode_Reward/belly_contact_force,0.0
3800,Episode_Reward/dof_acc_l2,-0.22938573360443115
3800,Episode_Reward/dof_pos_limits,0.0
3800,Episode_Reward/dof_torques_l2,-0.3827901780605316
3800,Episode_Reward/feet_slide,-0.009580223821103573
3800,Episode_Reward/flat_orientation_l2,0.0
3800,Episode_Reward/foot_clearance,-5.13148661411833e-05
3800,Episode_Reward/lin_vel_z_l2,-0.07111935317516327
3800,Episode_Reward/track_ang_vel_z_exp,0.15597809851169586
3800,Episode_Reward/track_lin_vel_xy_lin,1.2000806331634521
3800,Episode_Reward/undesired_contacts,0.0
3800,Episode_Termination/tilt,0.1435445249080658
3800,Episode_Termination/time_out,0.8564555048942566
3800,Loss/entropy,21.296918869018555
3800,Loss/learning_rate,0.00034189000143669546
3800,Loss/surrogate,-0.0046703084371984005
3800,Loss/value,0.02791576273739338
3800,Metrics/base_velocity/error_vel_xy,0.6356740593910217
3800,Metrics/base_velocity/error_vel_yaw,0.930716872215271
3800,Metrics/success_rate,0.0
3800,Perf/collection_time,6.97125244140625
3800,Perf/learning_time,0.2698681354522705
3800,Perf/total_fps,13575.0
3800,Policy/mean_std,0.6932229995727539
3800,Train/mean_episode_length,892.489990234375
3800,Train/mean_reward,7.434037208557129
3900,Curriculum/terrain_levels,4.9822492599487305
3900,Episode_Reward/action_rate_l2,-0.2886151969432831
3900,Episode_Reward/ang_vel_xy_l2,-0.027510186657309532
3900,Episode_Reward/belly_contact_force,0.0
3900,Episode_Reward/dof_acc_l2,-0.2293415367603302
3900,Episode_Reward/dof_pos_limits,0.0
3900,Episode_Reward/dof_torques_l2,-0.38551661372184753
3900,Episode_Reward/feet_slide,-0.009509667754173279
3900,Episode_Reward/flat_orientation_l2,0.0
3900,Episode_Reward/foot_clearance,-5.2984916692366824e-05
3900,Episode_Reward/lin_vel_z_l2,-0.06661826372146606
3900,Episode_Reward/track_ang_vel_z_exp,0.1686684936285019
3900,Episode_Reward/track_lin_vel_xy_lin,1.188952922821045
3900,Episode_Reward/undesired_contacts,-7.870370609452948e-05
3900,Episode_Termination/tilt,0.138702392578125
3900,Episode_Termination/time_out,0.861297607421875
3900,Loss/entropy,21.169355392456055
3900,Loss/learning_rate,0.00033848799648694694
3900,Loss/surrogate,-0.004355196375399828
3900,Loss/value,0.021816693246364594
3900,Metrics/base_velocity/error_vel_xy,0.645072340965271
3900,Metrics/base_velocity/error_vel_yaw,0.9114193916320801
3900,Metrics/success_rate,0.0
3900,Perf/collection_time,6.995688438415527
3900,Perf/learning_time,0.3248734474182129
3900,Perf/total_fps,13428.0
3900,Policy/mean_std,0.6903451085090637
3900,Train/mean_episode_length,881.469970703125
3900,Train/mean_reward,6.706758975982666
4000,Curriculum/terrain_levels,4.291768550872803
4000,Episode_Reward/action_rate_l2,-0.2907410264015198
4000,Episode_Reward/ang_vel_xy_l2,-0.02579832635819912
4000,Episode_Reward/belly_contact_force,-0.0001516154734417796
4000,Episode_Reward/dof_acc_l2,-0.2130931317806244
4000,Episode_Reward/dof_pos_limits,0.0
4000,Episode_Reward/dof_torques_l2,-0.38094648718833923
4000,Episode_Reward/feet_slide,-0.009254666045308113
4000,Episode_Reward/flat_orientation_l2,0.0
4000,Episode_Reward/foot_clearance,-5.671312101185322e-05
4000,Episode_Reward/lin_vel_z_l2,-0.06467315554618835
4000,Episode_Reward/track_ang_vel_z_exp,0.1682860255241394
4000,Episode_Reward/track_lin_vel_xy_lin,1.2065075635910034
4000,Episode_Reward/undesired_contacts,-0.00013541668886318803
4000,Episode_Termination/tilt,0.127349853515625
4000,Episode_Termination/time_out,0.872650146484375
4000,Loss/entropy,21.030071258544922
4000,Loss/learning_rate,0.00033511981018818915
4000,Loss/surrogate,-0.005387159995734692
4000,Loss/value,0.024895794689655304
4000,Metrics/base_velocity/error_vel_xy,0.5590119361877441
4000,Metrics/base_velocity/error_vel_yaw,0.9198160171508789
4000,Metrics/success_rate,0.006944444961845875
4000,Perf/collection_time,6.072561264038086
4000,Perf/learning_time,0.21071624755859375
4000,Perf/total_fps,15645.0
4000,Policy/mean_std,0.6880807876586914
4000,Train/mean_episode_length,906.5
4000,Train/mean_reward,7.5501532554626465
4100,Curriculum/terrain_levels,3.754180908203125
4100,Episode_Reward/action_rate_l2,-0.28015774488449097
4100,Episode_Reward/ang_vel_xy_l2,-0.024676494300365448
4100,Episode_Reward/belly_contact_force,0.0
4100,Episode_Reward/dof_acc_l2,-0.2213752716779709
4100,Episode_Reward/dof_pos_limits,0.0
4100,Episode_Reward/dof_torques_l2,-0.37264323234558105
4100,Episode_Reward/feet_slide,-0.009129046462476254
4100,Episode_Reward/flat_orientation_l2,0.0
4100,Episode_Reward/foot_clearance,-5.385803524404764e-05
4100,Episode_Reward/lin_vel_z_l2,-0.05813698098063469
4100,Episode_Reward/track_ang_vel_z_exp,0.16625310480594635
4100,Episode_Reward/track_lin_vel_xy_lin,1.1938570737838745
4100,Episode_Reward/undesired_contacts,-0.0007180554675869644
4100,Episode_Termination/tilt,0.120208740234375
4100,Episode_Termination/time_out,0.879791259765625
4100,Loss/entropy,20.853195190429688
4100,Loss/learning_rate,0.0003317851515021175
4100,Loss/surrogate,-0.004439610056579113
4100,Loss/value,0.026514146476984024
4100,Metrics/base_velocity/error_vel_xy,0.6508849859237671
4100,Metrics/base_velocity/error_vel_yaw,0.9027599096298218
4100,Metrics/success_rate,0.01527777872979641
4100,Perf/collection_time,6.188073635101318
4100,Perf/learning_time,0.22051167488098145
4100,Perf/total_fps,15339.0
4100,Policy/mean_std,0.6835877299308777
4100,Train/mean_episode_length,862.1400146484375
4100,Train/mean_reward,7.297460079193115
4200,Curriculum/terrain_levels,4.394277095794678
4200,Episode_Reward/action_rate_l2,-0.2898018956184387
4200,Episode_Reward/ang_vel_xy_l2,-0.0279090516269207
4200,Episode_Reward/belly_contact_force,0.0
4200,Episode_Reward/dof_acc_l2,-0.22900116443634033
4200,Episode_Reward/dof_pos_limits,0.0
4200,Episode_Reward/dof_torques_l2,-0.3920702338218689
4200,Episode_Reward/feet_slide,-0.009926863014698029
4200,Episode_Reward/flat_orientation_l2,0.0
4200,Episode_Reward/foot_clearance,-5.6094417232088745e-05
4200,Episode_Reward/lin_vel_z_l2,-0.06843220442533493
4200,Episode_Reward/track_ang_vel_z_exp,0.17168228328227997
4200,Episode_Reward/track_lin_vel_xy_lin,1.2055413722991943
4200,Episode_Reward/undesired_contacts,0.0
4200,Episode_Termination/tilt,0.1297098845243454
4200,Episode_Termination/time_out,0.8702901601791382
4200,Loss/entropy,20.883216857910156
4200,Loss/learning_rate,0.00032848367118276656
4200,Loss/surrogate,-0.0035534342750906944
4200,Loss/value,0.030403966084122658
4200,Metrics/base_velocity/error_vel_xy,0.608336329460144
4200,Metrics/base_velocity/error_vel_yaw,0.90535569190979
4200,Metrics/success_rate,0.0
4200,Perf/collection_time,6.177136421203613
4200,Perf/learning_time,0.2046985626220703
4200,Perf/total_fps,15403.0
4200,Policy/mean_std,0.6838077306747437
4200,Train/mean_episode_length,909.6799926757812
4200,Train/mean_reward,7.014973163604736
4245,Train/mean_episode_length/time,197.72999572753906
4245,Train/mean_reward/time,-2.170018434524536
4300,Curriculum/terrain_levels,5.448394775390625
4300,Episode_Reward/action_rate_l2,-0.27853402495384216
4300,Episode_Reward/ang_vel_xy_l2,-0.027839964255690575
4300,Episode_Reward/belly_contact_force,0.0
4300,Episode_Reward/dof_acc_l2,-0.21806827187538147
4300,Episode_Reward/dof_pos_limits,0.0
4300,Episode_Reward/dof_torques_l2,-0.37864789366722107
4300,Episode_Reward/feet_slide,-0.009865371510386467
4300,Episode_Reward/flat_orientation_l2,0.0
4300,Episode_Reward/foot_clearance,-5.4049720347393304e-05
4300,Episode_Reward/lin_vel_z_l2,-0.06433640420436859
4300,Episode_Reward/track_ang_vel_z_exp,0.16254201531410217
4300,Episode_Reward/track_lin_vel_xy_lin,1.1857941150665283
4300,Episode_Reward/undesired_contacts,0.0
4300,Episode_Termination/tilt,0.1246541365981102
4300,Episode_Termination/time_out,0.8753458857536316
4300,Loss/entropy,20.89651870727539
4300,Loss/learning_rate,0.0003252150199841708
4300,Loss/surrogate,-0.006012632045894861
4300,Loss/value,0.032477617263793945
4300,Metrics/base_velocity/error_vel_xy,0.6812306642532349
4300,Metrics/base_velocity/error_vel_yaw,0.944746196269989
4300,Metrics/success_rate,0.0
4300,Perf/collection_time,6.1109299659729
4300,Perf/learning_time,0.23659253120422363
4300,Perf/total_fps,15486.0
4300,Policy/mean_std,0.6832244396209717
4300,Train/mean_episode_length,860.8300170898438
4300,Train/mean_reward,6.76403284072876
4400,Curriculum/terrain_levels,4.92950439453125
4400,Episode_Reward/action_rate_l2,-0.29157280921936035
4400,Episode_Reward/ang_vel_xy_l2,-0.0310459416359663
4400,Episode_Reward/belly_contact_force,-0.0007762277964502573
4400,Episode_Reward/dof_acc_l2,-0.2187035083770752
4400,Episode_Reward/dof_pos_limits,0.0
4400,Episode_Reward/dof_torques_l2,-0.3875148296356201
4400,Episode_Reward/feet_slide,-0.010326707735657692
4400,Episode_Reward/flat_orientation_l2,0.0
4400,Episode_Reward/foot_clearance,-5.429312295746058e-05
4400,Episode_Reward/lin_vel_z_l2,-0.07020507007837296
4400,Episode_Reward/track_ang_vel_z_exp,0.17612773180007935
4400,Episode_Reward/track_lin_vel_xy_lin,1.227981448173523
4400,Episode_Reward/undesired_contacts,-4.166666985838674e-05
4400,Episode_Termination/tilt,0.1266581267118454
4400,Episode_Termination/time_out,0.8733419179916382
4400,Loss/entropy,20.96356201171875
4400,Loss/learning_rate,0.0003219789359718561
4400,Loss/surrogate,-0.005054394714534283
4400,Loss/value,0.03029344230890274
4400,Metrics/base_velocity/error_vel_xy,0.6325897574424744
4400,Metrics/base_velocity/error_vel_yaw,0.8940693736076355
4400,Metrics/success_rate,0.005952381528913975
4400,Perf/collection_time,6.590274810791016
4400,Perf/learning_time,0.2129383087158203
4400,Perf/total_fps,14449.0
4400,Policy/mean_std,0.6873936057090759
4400,Train/mean_episode_length,900.239990234375
4400,Train/mean_reward,7.733001232147217
4500,Curriculum/terrain_levels,4.832112789154053
4500,Episode_Reward/action_rate_l2,-0.30547773838043213
4500,Episode_Reward/ang_vel_xy_l2,-0.03185466676950455
4500,Episode_Reward/belly_contact_force,0.0
4500,Episode_Reward/dof_acc_l2,-0.24070940911769867
4500,Episode_Reward/dof_pos_limits,0.0
4500,Episode_Reward/dof_torques_l2,-0.41081613302230835
4500,Episode_Reward/feet_slide,-0.010548671707510948
4500,Episode_Reward/flat_orientation_l2,0.0
4500,Episode_Reward/foot_clearance,-5.930654515395872e-05
4500,Episode_Reward/lin_vel_z_l2,-0.07272486388683319
4500,Episode_Reward/track_ang_vel_z_exp,0.1713777631521225
4500,Episode_Reward/track_lin_vel_xy_lin,1.2724432945251465
4500,Episode_Reward/undesired_contacts,0.0
4500,Episode_Termination/tilt,0.1231892928481102
4500,Episode_Termination/time_out,0.8768107295036316
4500,Loss/entropy,20.904531478881836
4500,Loss/learning_rate,0.00031877501169219613
4500,Loss/surrogate,-0.004679533652961254
4500,Loss/value,0.024836812168359756
4500,Metrics/base_velocity/error_vel_xy,0.5861777067184448
4500,Metrics/base_velocity/error_vel_yaw,0.9648634791374207
4500,Metrics/success_rate,0.006944444961845875
4500,Perf/collection_time,6.9546051025390625
4500,Perf/learning_time,0.24592065811157227
4500,Perf/total_fps,13652.0
4500,Policy/mean_std,0.6871408820152283
4500,Train/mean_episode_length,940.3099975585938
4500,Train/mean_reward,7.0754923820495605
4600,Curriculum/terrain_levels,4.258809566497803
4600,Episode_Reward/action_rate_l2,-0.29410484433174133
4600,Episode_Reward/ang_vel_xy_l2,-0.028667952865362167
4600,Episode_Reward/belly_contact_force,0.0
4600,Episode_Reward/dof_acc_l2,-0.2274003028869629
4600,Episode_Reward/dof_pos_limits,0.0
4600,Episode_Reward/dof_torques_l2,-0.39455127716064453
4600,Episode_Reward/feet_slide,-0.009514836594462395
4600,Episode_Reward/flat_orientation_l2,0.0
4600,Episode_Reward/foot_clearance,-5.747740942751989e-05
4600,Episode_Reward/lin_vel_z_l2,-0.07013677805662155
4600,Episode_Reward/track_ang_vel_z_exp,0.17074768245220184
4600,Episode_Reward/track_lin_vel_xy_lin,1.2374320030212402
4600,Episode_Reward/undesired_contacts,0.0
4600,Episode_Termination/tilt,0.1276652067899704
4600,Episode_Termination/time_out,0.8723348379135132
4600,Loss/entropy,21.018199920654297
4600,Loss/learning_rate,0.0003156029852107167
4600,Loss/surrogate,-0.004581890534609556
4600,Loss/value,0.022896721959114075
4600,Metrics/base_velocity/error_vel_xy,0.632994532585144
4600,Metrics/base_velocity/error_vel_yaw,0.9390289783477783
4600,Metrics/success_rate,0.0190972238779068
4600,Perf/collection_time,6.377533435821533
4600,Perf/learning_time,0.24305510520935059
4600,Perf/total_fps,14848.0
4600,Policy/mean_std,0.6904052495956421
4600,Train/mean_episode_length,913.8400268554688
4600,Train/mean_reward,8.0223388671875
4700,Curriculum/terrain_levels,4.559661865234375
4700,Episode_Reward/action_rate_l2,-0.2857573628425598
4700,Episode_Reward/ang_vel_xy_l2,-0.026338592171669006
4700,Episode_Reward/belly_contact_force,0.0
4700,Episode_Reward/dof_acc_l2,-0.22245286405086517
4700,Episode_Reward/dof_pos_limits,0.0
4700,Episode_Reward/dof_torques_l2,-0.38305628299713135
4700,Episode_Reward/feet_slide,-0.009518830105662346
4700,Episode_Reward/flat_orientation_l2,0.0
4700,Episode_Reward/foot_clearance,-5.6769604270812124e-05
4700,Episode_Reward/lin_vel_z_l2,-0.06202720105648041
4700,Episode_Reward/track_ang_vel_z_exp,0.17137721180915833
4700,Episode_Reward/track_lin_vel_xy_lin,1.1881757974624634
4700,Episode_Reward/undesired_contacts,0.0
4700,Episode_Termination/tilt,0.110687255859375
4700,Episode_Termination/time_out,0.889312744140625
4700,Loss/entropy,20.956371307373047
4700,Loss/learning_rate,0.0003124625363852829
4700,Loss/surrogate,-0.004975824151188135
4700,Loss/value,0.030360175296664238
4700,Metrics/base_velocity/error_vel_xy,0.6555507183074951
4700,Metrics/base_velocity/error_vel_yaw,0.9053002595901489
4700,Metrics/success_rate,0.01354166679084301
4700,Perf/collection_time,9.249913215637207
4700,Perf/learning_time,0.40993428230285645
4700,Perf/total_fps,10176.0
4700,Policy/mean_std,0.688118040561676
4700,Train/mean_episode_length,870.8099975585938
4700,Train/mean_reward,6.729273319244385
4800,Curriculum/terrain_levels,4.840718746185303
4800,Episode_Reward/action_rate_l2,-0.2947791814804077
4800,Episode_Reward/ang_vel_xy_l2,-0.02897527813911438
4800,Episode_Reward/belly_contact_force,0.0
4800,Episode_Reward/dof_acc_l2,-0.22448620200157166
4800,Episode_Reward/dof_pos_limits,0.0
4800,Episode_Reward/dof_torques_l2,-0.3978651463985443
4800,Episode_Reward/feet_slide,-0.009944166988134384
4800,Episode_Reward/flat_orientation_l2,0.0
4800,Episode_Reward/foot_clearance,-5.5737560614943504e-05
4800,Episode_Reward/lin_vel_z_l2,-0.06644628942012787
4800,Episode_Reward/track_ang_vel_z_exp,0.1812293529510498
4800,Episode_Reward/track_lin_vel_xy_lin,1.2215979099273682
4800,Episode_Reward/undesired_contacts,-9.722221875563264e-05
4800,Episode_Termination/tilt,0.1073811873793602
4800,Episode_Termination/time_out,0.8926188349723816
4800,Loss/entropy,20.6800594329834
4800,Loss/learning_rate,0.00030935334507375956
4800,Loss/surrogate,-0.0022242446430027485
4800,Loss/value,0.02768474817276001
4800,Metrics/base_velocity/error_vel_xy,0.6101099848747253
4800,Metrics/base_velocity/error_vel_yaw,0.8948861956596375
4800,Metrics/success_rate,0.006944444961845875
4800,Perf/collection_time,6.332286834716797
4800,Perf/learning_time,0.228196382522583
4800,Perf/total_fps,14984.0
4800,Policy/mean_std,0.682336688041687
4800,Train/mean_episode_length,925.530029296875
4800,Train/mean_reward,7.190328121185303
4900,Curriculum/terrain_levels,4.451131343841553
4900,Episode_Reward/action_rate_l2,-0.29824936389923096
4900,Episode_Reward/ang_vel_xy_l2,-0.02836727723479271
4900,Episode_Reward/belly_contact_force,0.0
4900,Episode_Reward/dof_acc_l2,-0.2250237911939621
4900,Episode_Reward/dof_pos_limits,0.0
4900,Episode_Reward/dof_torques_l2,-0.40208888053894043
4900,Episode_Reward/feet_slide,-0.010571565479040146
4900,Episode_Reward/flat_orientation_l2,0.0
4900,Episode_Reward/foot_clearance,-5.8668258134275675e-05
4900,Episode_Reward/lin_vel_z_l2,-0.06434445828199387
4900,Episode_Reward/track_ang_vel_z_exp,0.17302243411540985
4900,Episode_Reward/track_lin_vel_xy_lin,1.245023488998413
4900,Episode_Reward/undesired_contacts,0.0
4900,Episode_Termination/tilt,0.0938924178481102
4900,Episode_Termination/time_out,0.9061076045036316
4900,Loss/entropy,20.75064468383789
4900,Loss/learning_rate,0.0003062750620301813
4900,Loss/surrogate,-0.004506577737629414
4900,Loss/value,0.033841587603092194
4900,Metrics/base_velocity/error_vel_xy,0.600859522819519
4900,Metrics/base_velocity/error_vel_yaw,0.959352970123291
4900,Metrics/success_rate,0.010416666977107525
4900,Perf/collection_time,6.530114650726318
4900,Perf/learning_time,0.26438450813293457
4900,Perf/total_fps,14468.0
4900,Policy/mean_std,0.6856980919837952
4900,Train/mean_episode_length,932.1799926757812
4900,Train/mean_reward,7.801248073577881
4931,Train/mean_episode_length/time,232.58999633789062
4931,Train/mean_reward/time,-3.152521848678589
5000,Curriculum/terrain_levels,4.54345703125
5000,Episode_Reward/action_rate_l2,-0.28602319955825806
5000,Episode_Reward/ang_vel_xy_l2,-0.027680322527885437
5000,Episode_Reward/belly_contact_force,0.0
5000,Episode_Reward/dof_acc_l2,-0.23485207557678223
5000,Episode_Reward/dof_pos_limits,0.0
5000,Episode_Reward/dof_torques_l2,-0.3975558280944824
5000,Episode_Reward/feet_slide,-0.009758696891367435
5000,Episode_Reward/flat_orientation_l2,0.0
5000,Episode_Reward/foot_clearance,-5.60602275072597e-05
5000,Episode_Reward/lin_vel_z_l2,-0.06906712055206299
5000,Episode_Reward/track_ang_vel_z_exp,0.1757274717092514
5000,Episode_Reward/track_lin_vel_xy_lin,1.190271258354187
5000,Episode_Reward/undesired_contacts,-2.5000001187436283e-05
5000,Episode_Termination/tilt,0.1037801131606102
5000,Episode_Termination/time_out,0.8962199091911316
5000,Loss/entropy,20.656784057617188
5000,Loss/learning_rate,0.00030322742532007396
5000,Loss/surrogate,-0.004837353713810444
5000,Loss/value,0.028949836269021034
5000,Metrics/base_velocity/error_vel_xy,0.6125375032424927
5000,Metrics/base_velocity/error_vel_yaw,0.8972682356834412
5000,Metrics/success_rate,0.01388888992369175
5000,Perf/collection_time,6.19918966293335
5000,Perf/learning_time,0.20372605323791504
5000,Perf/total_fps,15353.0
5000,Policy/mean_std,0.6813877820968628
5000,Train/mean_episode_length,935.5499877929688
5000,Train/mean_reward,6.8418288230896
5100,Curriculum/terrain_levels,4.1524658203125
5100,Episode_Reward/action_rate_l2,-0.29912978410720825
5100,Episode_Reward/ang_vel_xy_l2,-0.027741139754652977
5100,Episode_Reward/belly_contact_force,-0.0011707772500813007
5100,Episode_Reward/dof_acc_l2,-0.23987619578838348
5100,Episode_Reward/dof_pos_limits,0.0
5100,Episode_Reward/dof_torques_l2,-0.4085236191749573
5100,Episode_Reward/feet_slide,-0.010863925330340862
5100,Episode_Reward/flat_orientation_l2,0.0
5100,Episode_Reward/foot_clearance,-5.7974910305347294e-05
5100,Episode_Reward/lin_vel_z_l2,-0.066004678606987
5100,Episode_Reward/track_ang_vel_z_exp,0.17179100215435028
5100,Episode_Reward/track_lin_vel_xy_lin,1.2911405563354492
5100,Episode_Reward/undesired_contacts,0.0
5100,Episode_Termination/tilt,0.0923055037856102
5100,Episode_Termination/time_out,0.9076945185661316
5100,Loss/entropy,20.732589721679688
5100,Loss/learning_rate,0.00030021011480130255
5100,Loss/surrogate,-0.005218766164034605
5100,Loss/value,0.02600901573896408
5100,Metrics/base_velocity/error_vel_xy,0.5912004709243774
5100,Metrics/base_velocity/error_vel_yaw,0.9751467108726501
5100,Metrics/success_rate,0.0
5100,Perf/collection_time,6.113940238952637
5100,Perf/learning_time,0.22092080116271973
5100,Perf/total_fps,15517.0
5100,Policy/mean_std,0.6831119656562805
5100,Train/mean_episode_length,946.530029296875
5100,Train/mean_reward,7.814718723297119
5200,Curriculum/terrain_levels,4.328969478607178
5200,Episode_Reward/action_rate_l2,-0.2869206666946411
5200,Episode_Reward/ang_vel_xy_l2,-0.02754945307970047
5200,Episode_Reward/belly_contact_force,0.0
5200,Episode_Reward/dof_acc_l2,-0.21761862933635712
5200,Episode_Reward/dof_pos_limits,0.0
5200,Episode_Reward/dof_torques_l2,-0.3774197995662689
5200,Episode_Reward/feet_slide,-0.010119381360709667
5200,Episode_Reward/flat_orientation_l2,0.0
5200,Episode_Reward/foot_clearance,-5.552403672481887e-05
5200,Episode_Reward/lin_vel_z_l2,-0.058899641036987305
5200,Episode_Reward/track_ang_vel_z_exp,0.17957620322704315
5200,Episode_Reward/track_lin_vel_xy_lin,1.268064022064209
5200,Episode_Reward/undesired_contacts,0.0
5200,Episode_Termination/tilt,0.1007487028837204
5200,Episode_Termination/time_out,0.8992513418197632
5200,Loss/entropy,20.35017967224121
5200,Loss/learning_rate,0.00029722281033173203
5200,Loss/surrogate,-0.005314108915627003
5200,Loss/value,0.02438671886920929
5200,Metrics/base_velocity/error_vel_xy,0.5787248015403748
5200,Metrics/base_velocity/error_vel_yaw,0.9211421012878418
5200,Metrics/success_rate,0.0173611119389534
5200,Perf/collection_time,6.895097732543945
5200,Perf/learning_time,0.25278639793395996
5200,Perf/total_fps,13752.0
5200,Policy/mean_std,0.6781184077262878
5200,Train/mean_episode_length,926.6300048828125
5200,Train/mean_reward,9.17861270904541
5300,Curriculum/terrain_levels,4.0481061935424805
5300,Episode_Reward/action_rate_l2,-0.28834235668182373
5300,Episode_Reward/ang_vel_xy_l2,-0.02804892137646675
5300,Episode_Reward/belly_contact_force,0.0
5300,Episode_Reward/dof_acc_l2,-0.21234755218029022
5300,Episode_Reward/dof_pos_limits,0.0
5300,Episode_Reward/dof_torques_l2,-0.39086538553237915
5300,Episode_Reward/feet_slide,-0.010152982547879219
5300,Episode_Reward/flat_orientation_l2,0.0
5300,Episode_Reward/foot_clearance,-5.939212132943794e-05
5300,Episode_Reward/lin_vel_z_l2,-0.0634598359465599
5300,Episode_Reward/track_ang_vel_z_exp,0.18673846125602722
5300,Episode_Reward/track_lin_vel_xy_lin,1.2924169301986694
5300,Episode_Reward/undesired_contacts,-0.000911457696929574
5300,Episode_Termination/tilt,0.1070149764418602
5300,Episode_Termination/time_out,0.8929850459098816
5300,Loss/entropy,20.414321899414062
5300,Loss/learning_rate,0.0002942652499768883
5300,Loss/surrogate,-0.004696800839155912
5300,Loss/value,0.030154619365930557
5300,Metrics/base_velocity/error_vel_xy,0.5676535964012146
5300,Metrics/base_velocity/error_vel_yaw,0.9141074419021606
5300,Metrics/success_rate,0.02430555783212185
5300,Perf/collection_time,6.427637100219727
5300,Perf/learning_time,0.22000575065612793
5300,Perf/total_fps,14787.0
5300,Policy/mean_std,0.6782506108283997
5300,Train/mean_episode_length,920.530029296875
5300,Train/mean_reward,8.677881240844727
5400,Curriculum/terrain_levels,4.7310791015625
5400,Episode_Reward/action_rate_l2,-0.28760629892349243
5400,Episode_Reward/ang_vel_xy_l2,-0.027437424287199974
5400,Episode_Reward/belly_contact_force,0.0
5400,Episode_Reward/dof_acc_l2,-0.213558167219162
5400,Episode_Reward/dof_pos_limits,0.0
5400,Episode_Reward/dof_torques_l2,-0.38759559392929077
5400,Episode_Reward/feet_slide,-0.010019104927778244
5400,Episode_Reward/flat_orientation_l2,0.0
5400,Episode_Reward/foot_clearance,-5.708820390282199e-05
5400,Episode_Reward/lin_vel_z_l2,-0.06370478123426437
5400,Episode_Reward/track_ang_vel_z_exp,0.186924546957016
5400,Episode_Reward/track_lin_vel_xy_lin,1.2583301067352295
5400,Episode_Reward/undesired_contacts,0.0
5400,Episode_Termination/tilt,0.088470458984375
5400,Episode_Termination/time_out,0.911529541015625
5400,Loss/entropy,20.4780216217041
5400,Loss/learning_rate,0.0002913371135946363
5400,Loss/surrogate,-0.005708349868655205
5400,Loss/value,0.021983232349157333
5400,Metrics/base_velocity/error_vel_xy,0.5658566951751709
5400,Metrics/base_velocity/error_vel_yaw,0.8931608200073242
5400,Metrics/success_rate,0.021296298131346703
5400,Perf/collection_time,6.736303329467773
5400,Perf/learning_time,0.24891877174377441
5400,Perf/total_fps,14073.0
5400,Policy/mean_std,0.6812381148338318
5400,Train/mean_episode_length,922.1599731445312
5400,Train/mean_reward,9.196762084960938
5500,Curriculum/terrain_levels,4.511383056640625
5500,Episode_Reward/action_rate_l2,-0.3040046691894531
5500,Episode_Reward/ang_vel_xy_l2,-0.029956988990306854
5500,Episode_Reward/belly_contact_force,0.0
5500,Episode_Reward/dof_acc_l2,-0.23591482639312744
5500,Episode_Reward/dof_pos_limits,0.0
5500,Episode_Reward/dof_torques_l2,-0.4062049388885498
5500,Episode_Reward/feet_slide,-0.010810306295752525
5500,Episode_Reward/flat_orientation_l2,0.0
5500,Episode_Reward/foot_clearance,-5.8255624026060104e-05
5500,Episode_Reward/lin_vel_z_l2,-0.06987772136926651
5500,Episode_Reward/track_ang_vel_z_exp,0.16805194318294525
5500,Episode_Reward/track_lin_vel_xy_lin,1.3215484619140625
5500,Episode_Reward/undesired_contacts,-0.0003402776492293924
5500,Episode_Termination/tilt,0.0888671875
5500,Episode_Termination/time_out,0.9111328125
5500,Loss/entropy,20.560413360595703
5500,Loss/learning_rate,0.000288438139250502
5500,Loss/surrogate,-0.004436103161424398
5500,Loss/value,0.020450409501791
5500,Metrics/base_velocity/error_vel_xy,0.5471044182777405
5500,Metrics/base_velocity/error_vel_yaw,0.9943609237670898
5500,Metrics/success_rate,0.006944444961845875
5500,Perf/collection_time,6.169083595275879
5500,Perf/learning_time,0.22974133491516113
5500,Perf/total_fps,15362.0
5500,Policy/mean_std,0.6844262480735779
5500,Train/mean_episode_length,959.1900024414062
5500,Train/mean_reward,8.579583168029785
5600,Curriculum/terrain_levels,3.9905905723571777
5600,Episode_Reward/action_rate_l2,-0.2972186803817749
5600,Episode_Reward/ang_vel_xy_l2,-0.030599072575569153
5600,Episode_Reward/belly_contact_force,0.0
5600,Episode_Reward/dof_acc_l2,-0.22290673851966858
5600,Episode_Reward/dof_pos_limits,0.0
5600,Episode_Reward/dof_torques_l2,-0.40265142917633057
5600,Episode_Reward/feet_slide,-0.010772598907351494
5600,Episode_Reward/flat_orientation_l2,0.0
5600,Episode_Reward/foot_clearance,-5.7436758652329445e-05
5600,Episode_Reward/lin_vel_z_l2,-0.06496475636959076
5600,Episode_Reward/track_ang_vel_z_exp,0.17673936486244202
5600,Episode_Reward/track_lin_vel_xy_lin,1.3046989440917969
5600,Episode_Reward/undesired_contacts,0.0
5600,Episode_Termination/tilt,0.097320556640625
5600,Episode_Termination/time_out,0.902679443359375
5600,Loss/entropy,20.72172737121582
5600,Loss/learning_rate,0.0002855679776985198
5600,Loss/surrogate,-0.004109662026166916
5600,Loss/value,0.027361663058400154
5600,Metrics/base_velocity/error_vel_xy,0.5891988277435303
5600,Metrics/base_velocity/error_vel_yaw,0.9469708204269409
5600,Metrics/success_rate,0.02083333395421505
5600,Perf/collection_time,6.066948890686035
5600,Perf/learning_time,0.21228265762329102
5600,Perf/total_fps,15655.0
5600,Policy/mean_std,0.6863942742347717
5600,Train/mean_episode_length,937.9000244140625
5600,Train/mean_reward,8.900750160217285
5616,Train/mean_episode_length/time,185.47000122070312
5616,Train/mean_reward/time,-1.3989262580871582
5700,Curriculum/terrain_levels,5.5855207443237305
5700,Episode_Reward/action_rate_l2,-0.2815701961517334
5700,Episode_Reward/ang_vel_xy_l2,-0.028381874784827232
5700,Episode_Reward/belly_contact_force,0.0
5700,Episode_Reward/dof_acc_l2,-0.2138967216014862
5700,Episode_Reward/dof_pos_limits,0.0
5700,Episode_Reward/dof_torques_l2,-0.3841695189476013
5700,Episode_Reward/feet_slide,-0.009748710319399834
5700,Episode_Reward/flat_orientation_l2,0.0
5700,Episode_Reward/foot_clearance,-5.64388683415018e-05
5700,Episode_Reward/lin_vel_z_l2,-0.06311303377151489
5700,Episode_Reward/track_ang_vel_z_exp,0.17598509788513184
5700,Episode_Reward/track_lin_vel_xy_lin,1.1645820140838623
5700,Episode_Reward/undesired_contacts,0.0
5700,Episode_Termination/tilt,0.103240966796875
5700,Episode_Termination/time_out,0.896759033203125
5700,Loss/entropy,20.757875442504883
5700,Loss/learning_rate,0.0002827263961080462
5700,Loss/surrogate,-0.004959140904247761
5700,Loss/value,0.027362681925296783
5700,Metrics/base_velocity/error_vel_xy,0.5970547199249268
5700,Metrics/base_velocity/error_vel_yaw,0.91103595495224
5700,Metrics/success_rate,0.020998677238821983
5700,Perf/collection_time,6.16801643371582
5700,Perf/learning_time,0.22414517402648926
5700,Perf/total_fps,15378.0
5700,Policy/mean_std,0.684425413608551
5700,Train/mean_episode_length,915.1799926757812
5700,Train/mean_reward,7.522908687591553
5800,Curriculum/terrain_levels,4.8981122970581055
5800,Episode_Reward/action_rate_l2,-0.29438096284866333
5800,Episode_Reward/ang_vel_xy_l2,-0.027891403064131737
5800,Episode_Reward/belly_contact_force,0.0
5800,Episode_Reward/dof_acc_l2,-0.21902361512184143
5800,Episode_Reward/dof_pos_limits,0.0
5800,Episode_Reward/dof_torques_l2,-0.39639517664909363
5800,Episode_Reward/feet_slide,-0.01022928673774004
5800,Episode_Reward/flat_orientation_l2,0.0
5800,Episode_Reward/foot_clearance,-5.9961515944451094e-05
5800,Episode_Reward/lin_vel_z_l2,-0.06173218414187431
5800,Episode_Reward/track_ang_vel_z_exp,0.18771140277385712
5800,Episode_Reward/track_lin_vel_xy_lin,1.2878227233886719
5800,Episode_Reward/undesired_contacts,0.0
5800,Episode_Termination/tilt,0.1018880233168602
5800,Episode_Termination/time_out,0.8981119990348816
5800,Loss/entropy,20.60698890686035
5800,Loss/learning_rate,0.000279913074336946
5800,Loss/surrogate,-0.005332550499588251
5800,Loss/value,0.027647975832223892
5800,Metrics/base_velocity/error_vel_xy,0.554298996925354
5800,Metrics/base_velocity/error_vel_yaw,0.9266479015350342
5800,Metrics/success_rate,0.010416666977107525
5800,Perf/collection_time,6.1353654861450195
5800,Perf/learning_time,0.21854615211486816
5800,Perf/total_fps,15471.0
5800,Policy/mean_std,0.681100070476532
5800,Train/mean_episode_length,932.8800048828125
5800,Train/mean_reward,8.984720230102539
5900,Curriculum/terrain_levels,4.481109619140625
5900,Episode_Reward/action_rate_l2,-0.2834559679031372
5900,Episode_Reward/ang_vel_xy_l2,-0.02579393796622753
5900,Episode_Reward/belly_contact_force,0.0
5900,Episode_Reward/dof_acc_l2,-0.20116333663463593
5900,Episode_Reward/dof_pos_limits,0.0
5900,Episode_Reward/dof_torques_l2,-0.3803531527519226
5900,Episode_Reward/feet_slide,-0.010275183245539665
5900,Episode_Reward/flat_orientation_l2,0.0
5900,Episode_Reward/foot_clearance,-6.234680768102407e-05
5900,Episode_Reward/lin_vel_z_l2,-0.05757134407758713
5900,Episode_Reward/track_ang_vel_z_exp,0.18831253051757812
5900,Episode_Reward/track_lin_vel_xy_lin,1.2555313110351562
5900,Episode_Reward/undesired_contacts,-7.916667527751997e-05
5900,Episode_Termination/tilt,0.101806640625
5900,Episode_Termination/time_out,0.8984375
5900,Loss/entropy,20.61797523498535
5900,Loss/learning_rate,0.0002771277504507452
5900,Loss/surrogate,-0.005941230338066816
5900,Loss/value,0.025866013020277023
5900,Metrics/base_velocity/error_vel_xy,0.5854872465133667
5900,Metrics/base_velocity/error_vel_yaw,0.900748610496521
5900,Metrics/success_rate,0.028240740299224854
5900,Perf/collection_time,6.080470561981201
5900,Perf/learning_time,0.2023301124572754
5900,Perf/total_fps,15646.0
5900,Policy/mean_std,0.6837462782859802
5900,Train/mean_episode_length,920.989990234375
5900,Train/mean_reward,9.509197235107422
6000,Curriculum/terrain_levels,3.909454345703125
6000,Episode_Reward/action_rate_l2,-0.2835354804992676
6000,Episode_Reward/ang_vel_xy_l2,-0.028789963573217392
6000,Episode_Reward/belly_contact_force,0.0
6000,Episode_Reward/dof_acc_l2,-0.21808892488479614
6000,Episode_Reward/dof_pos_limits,0.0
6000,Episode_Reward/dof_torques_l2,-0.3885956406593323
6000,Episode_Reward/feet_slide,-0.00952429510653019
6000,Episode_Reward/flat_orientation_l2,0.0
6000,Episode_Reward/foot_clearance,-5.861977842869237e-05
6000,Episode_Reward/lin_vel_z_l2,-0.06743856519460678
6000,Episode_Reward/track_ang_vel_z_exp,0.1708102524280548
6000,Episode_Reward/track_lin_vel_xy_lin,1.224158763885498
6000,Episode_Reward/undesired_contacts,-0.0001011904823826626
6000,Episode_Termination/tilt,0.0808919295668602
6000,Episode_Termination/time_out,0.9191080927848816
6000,Loss/entropy,20.417255401611328
6000,Loss/learning_rate,0.00027437013341113925
6000,Loss/surrogate,-0.005995290819555521
6000,Loss/value,0.0229168850928545
6000,Metrics/base_velocity/error_vel_xy,0.6016551852226257
6000,Metrics/base_velocity/error_vel_yaw,0.9568950533866882
6000,Metrics/success_rate,0.006944444961845875
6000,Perf/collection_time,6.135078430175781
6000,Perf/learning_time,0.24973797798156738
6000,Perf/total_fps,15396.0
6000,Policy/mean_std,0.6823828816413879
6000,Train/mean_episode_length,923.1900024414062
6000,Train/mean_reward,8.768977165222168
6100,Curriculum/terrain_levels,4.2899274826049805
6100,Episode_Reward/action_rate_l2,-0.2927716374397278
6100,Episode_Reward/ang_vel_xy_l2,-0.02861125022172928
6100,Episode_Reward/belly_contact_force,0.0
6100,Episode_Reward/dof_acc_l2,-0.22294555604457855
6100,Episode_Reward/dof_pos_limits,0.0
6100,Episode_Reward/dof_torques_l2,-0.40506526827812195
6100,Episode_Reward/feet_slide,-0.009467680007219315
6100,Episode_Reward/flat_orientation_l2,0.0
6100,Episode_Reward/foot_clearance,-5.950554259470664e-05
6100,Episode_Reward/lin_vel_z_l2,-0.068799689412117
6100,Episode_Reward/track_ang_vel_z_exp,0.18049460649490356
6100,Episode_Reward/track_lin_vel_xy_lin,1.2464741468429565
6100,Episode_Reward/undesired_contacts,0.0
6100,Episode_Termination/tilt,0.0767415389418602
6100,Episode_Termination/time_out,0.9232584834098816
6100,Loss/entropy,20.3651123046875
6100,Loss/learning_rate,0.00027163999038748443
6100,Loss/surrogate,-0.005946679040789604
6100,Loss/value,0.024786151945590973
6100,Metrics/base_velocity/error_vel_xy,0.5859371423721313
6100,Metrics/base_velocity/error_vel_yaw,0.9107009768486023
6100,Metrics/success_rate,0.02500000223517418
6100,Perf/collection_time,6.172410011291504
6100,Perf/learning_time,0.20795106887817383
6100,Perf/total_fps,15407.0
6100,Policy/mean_std,0.6803995370864868
6100,Train/mean_episode_length,927.6199951171875
6100,Train/mean_reward,7.743130207061768
6200,Curriculum/terrain_levels,5.228047847747803
6200,Episode_Reward/action_rate_l2,-0.3008722960948944
6200,Episode_Reward/ang_vel_xy_l2,-0.027156149968504906
6200,Episode_Reward/belly_contact_force,0.0
6200,Episode_Reward/dof_acc_l2,-0.22983454167842865
6200,Episode_Reward/dof_pos_limits,0.0
6200,Episode_Reward/dof_torques_l2,-0.4049474596977234
6200,Episode_Reward/feet_slide,-0.010287405923008919
6200,Episode_Reward/flat_orientation_l2,0.0
6200,Episode_Reward/foot_clearance,-6.156128802103922e-05
6200,Episode_Reward/lin_vel_z_l2,-0.06619855016469955
6200,Episode_Reward/track_ang_vel_z_exp,0.18650224804878235
6200,Episode_Reward/track_lin_vel_xy_lin,1.30940580368042
6200,Episode_Reward/undesired_contacts,0.0
6200,Episode_Termination/tilt,0.070037841796875
6200,Episode_Termination/time_out,0.929962158203125
6200,Loss/entropy,20.579313278198242
6200,Loss/learning_rate,0.0002689369721338153
6200,Loss/surrogate,-0.005991713143885136
6200,Loss/value,0.026787586510181427
6200,Metrics/base_velocity/error_vel_xy,0.5423860549926758
6200,Metrics/base_velocity/error_vel_yaw,0.9459361433982849
6200,Metrics/success_rate,0.008333333767950535
6200,Perf/collection_time,6.145524978637695
6200,Perf/learning_time,0.23508358001708984
6200,Perf/total_fps,15406.0
6200,Policy/mean_std,0.684485673904419
6200,Train/mean_episode_length,975.0900268554688
6200,Train/mean_reward,8.981083869934082
6300,Curriculum/terrain_levels,4.922475337982178
6300,Episode_Reward/action_rate_l2,-0.29686057567596436
6300,Episode_Reward/ang_vel_xy_l2,-0.026939943432807922
6300,Episode_Reward/belly_contact_force,0.0
6300,Episode_Reward/dof_acc_l2,-0.21873359382152557
6300,Episode_Reward/dof_pos_limits,0.0
6300,Episode_Reward/dof_torques_l2,-0.39540398120880127
6300,Episode_Reward/feet_slide,-0.009582011960446835
6300,Episode_Reward/flat_orientation_l2,0.0
6300,Episode_Reward/foot_clearance,-6.128566019469872e-05
6300,Episode_Reward/lin_vel_z_l2,-0.06308010220527649
6300,Episode_Reward/track_ang_vel_z_exp,0.19342657923698425
6300,Episode_Reward/track_lin_vel_xy_lin,1.3080686330795288
6300,Episode_Reward/undesired_contacts,0.0
6300,Episode_Termination/tilt,0.0858256071805954
6300,Episode_Termination/time_out,0.9141744375228882
6300,Loss/entropy,20.673587799072266
6300,Loss/learning_rate,0.0002662608749233186
6300,Loss/surrogate,-0.005488110706210136
6300,Loss/value,0.024145599454641342
6300,Metrics/base_velocity/error_vel_xy,0.5244588851928711
6300,Metrics/base_velocity/error_vel_yaw,0.901968240737915
6300,Metrics/success_rate,0.02430555783212185
6300,Perf/collection_time,6.037314414978027
6300,Perf/learning_time,0.21458148956298828
6300,Perf/total_fps,15723.0
6300,Policy/mean_std,0.6859054565429688
6300,Train/mean_episode_length,953.3800048828125
6300,Train/mean_reward,9.90031623840332
6301,Train/mean_episode_length/time,179.61000061035156
6301,Train/mean_reward/time,-1.1261610984802246
6400,Curriculum/terrain_levels,4.776123046875
6400,Episode_Reward/action_rate_l2,-0.29362064599990845
6400,Episode_Reward/ang_vel_xy_l2,-0.02898084744811058
6400,Episode_Reward/belly_contact_force,0.0
6400,Episode_Reward/dof_acc_l2,-0.22312574088573456
6400,Episode_Reward/dof_pos_limits,0.0
6400,Episode_Reward/dof_torques_l2,-0.3953890800476074
6400,Episode_Reward/feet_slide,-0.01038987934589386
6400,Episode_Reward/flat_orientation_l2,0.0
6400,Episode_Reward/foot_clearance,-6.149932596599683e-05
6400,Episode_Reward/lin_vel_z_l2,-0.06480275839567184
6400,Episode_Reward/track_ang_vel_z_exp,0.19056835770606995
6400,Episode_Reward/track_lin_vel_xy_lin,1.2827813625335693
6400,Episode_Reward/undesired_contacts,0.0
6400,Episode_Termination/tilt,0.0832010954618454
6400,Episode_Termination/time_out,0.9170430898666382
6400,Loss/entropy,20.69997787475586
6400,Loss/learning_rate,0.00026361140771768987
6400,Loss/surrogate,-0.004931786563247442
6400,Loss/value,0.030489875003695488
6400,Metrics/base_velocity/error_vel_xy,0.5464770793914795
6400,Metrics/base_velocity/error_vel_yaw,0.9075352549552917
6400,Metrics/success_rate,0.004629629664123058
6400,Perf/collection_time,6.423554420471191
6400,Perf/learning_time,0.22077631950378418
6400,Perf/total_fps,14795.0
6400,Policy/mean_std,0.6880890130996704
6400,Train/mean_episode_length,948.4500122070312
6400,Train/mean_reward,9.154614448547363
6500,Curriculum/terrain_levels,3.4493918418884277
6500,Episode_Reward/action_rate_l2,-0.3039531111717224
6500,Episode_Reward/ang_vel_xy_l2,-0.029664404690265656
6500,Episode_Reward/belly_contact_force,0.0
6500,Episode_Reward/dof_acc_l2,-0.22470268607139587
6500,Episode_Reward/dof_pos_limits,0.0
6500,Episode_Reward/dof_torques_l2,-0.40767520666122437
6500,Episode_Reward/feet_slide,-0.009468579664826393
6500,Episode_Reward/flat_orientation_l2,0.0
6500,Episode_Reward/foot_clearance,-6.105215288698673e-05
6500,Episode_Reward/lin_vel_z_l2,-0.07014673948287964
6500,Episode_Reward/track_ang_vel_z_exp,0.19257843494415283
6500,Episode_Reward/track_lin_vel_xy_lin,1.2597661018371582
6500,Episode_Reward/undesired_contacts,-0.0006354163633659482
6500,Episode_Termination/tilt,0.0839945524930954
6500,Episode_Termination/time_out,0.9160054922103882
6500,Loss/entropy,20.9454288482666
6500,Loss/learning_rate,0.0002609883085824549
6500,Loss/surrogate,-0.0064848922193050385
6500,Loss/value,0.03027268685400486
6500,Metrics/base_velocity/error_vel_xy,0.5431384444236755
6500,Metrics/base_velocity/error_vel_yaw,0.8992459177970886
6500,Metrics/success_rate,0.0173611119389534
6500,Perf/collection_time,6.166520595550537
6500,Perf/learning_time,0.22157073020935059
6500,Perf/total_fps,15388.0
6500,Policy/mean_std,0.6949549317359924
6500,Train/mean_episode_length,956.4600219726562
6500,Train/mean_reward,8.235965728759766
6600,Curriculum/terrain_levels,4.6363019943237305
6600,Episode_Reward/action_rate_l2,-0.2936660945415497
6600,Episode_Reward/ang_vel_xy_l2,-0.029502693563699722
6600,Episode_Reward/belly_contact_force,0.0
6600,Episode_Reward/dof_acc_l2,-0.2259225845336914
6600,Episode_Reward/dof_pos_limits,0.0
6600,Episode_Reward/dof_torques_l2,-0.39417383074760437
6600,Episode_Reward/feet_slide,-0.009326240047812462
6600,Episode_Reward/flat_orientation_l2,0.0
6600,Episode_Reward/foot_clearance,-5.441415123641491e-05
6600,Episode_Reward/lin_vel_z_l2,-0.07130857557058334
6600,Episode_Reward/track_ang_vel_z_exp,0.17673484981060028
6600,Episode_Reward/track_lin_vel_xy_lin,1.2230215072631836
6600,Episode_Reward/undesired_contacts,-5.555555981118232e-05
6600,Episode_Termination/tilt,0.0893046110868454
6600,Episode_Termination/time_out,0.9106954336166382
6600,Loss/entropy,20.884817123413086
6600,Loss/learning_rate,0.0002583912864793092
6600,Loss/surrogate,-0.005112374201416969
6600,Loss/value,0.023192640393972397
6600,Metrics/base_velocity/error_vel_xy,0.5994837284088135
6600,Metrics/base_velocity/error_vel_yaw,0.9009672403335571
6600,Metrics/success_rate,0.0
6600,Perf/collection_time,6.078347206115723
6600,Perf/learning_time,0.21242284774780273
6600,Perf/total_fps,15626.0
6600,Policy/mean_std,0.6935564875602722
6600,Train/mean_episode_length,932.0599975585938
6600,Train/mean_reward,7.702239036560059
6700,Curriculum/terrain_levels,4.8596296310424805
6700,Episode_Reward/action_rate_l2,-0.2923380434513092
6700,Episode_Reward/ang_vel_xy_l2,-0.026657279580831528
6700,Episode_Reward/belly_contact_force,0.0
6700,Episode_Reward/dof_acc_l2,-0.21787814795970917
6700,Episode_Reward/dof_pos_limits,0.0
6700,Episode_Reward/dof_torques_l2,-0.3876441419124603
6700,Episode_Reward/feet_slide,-0.009444637224078178
6700,Episode_Reward/flat_orientation_l2,0.0
6700,Episode_Reward/foot_clearance,-6.0374612075975165e-05
6700,Episode_Reward/lin_vel_z_l2,-0.06788954138755798
6700,Episode_Reward/track_ang_vel_z_exp,0.19306406378746033
6700,Episode_Reward/track_lin_vel_xy_lin,1.2425122261047363
6700,Episode_Reward/undesired_contacts,0.0
6700,Episode_Termination/tilt,0.0796000212430954
6700,Episode_Termination/time_out,0.9204000234603882
6700,Loss/entropy,20.659137725830078
6700,Loss/learning_rate,0.0002558201376814395
6700,Loss/surrogate,-0.00607394939288497
6700,Loss/value,0.020835863426327705
6700,Metrics/base_velocity/error_vel_xy,0.5627082586288452
6700,Metrics/base_velocity/error_vel_yaw,0.8919729590415955
6700,Metrics/success_rate,0.03759920597076416
6700,Perf/collection_time,6.136270523071289
6700,Perf/learning_time,0.2139737606048584
6700,Perf/total_fps,15480.0
6700,Policy/mean_std,0.6886956095695496
6700,Train/mean_episode_length,949.22998046875
6700,Train/mean_reward,8.786944389343262
6800,Curriculum/terrain_levels,4.859487056732178
6800,Episode_Reward/action_rate_l2,-0.29270780086517334
6800,Episode_Reward/ang_vel_xy_l2,-0.02578909695148468
6800,Episode_Reward/belly_contact_force,0.0
6800,Episode_Reward/dof_acc_l2,-0.21566498279571533
6800,Episode_Reward/dof_pos_limits,0.0
6800,Episode_Reward/dof_torques_l2,-0.39163821935653687
6800,Episode_Reward/feet_slide,-0.010396406054496765
6800,Episode_Reward/flat_orientation_l2,0.0
6800,Episode_Reward/foot_clearance,-6.538250454468653e-05
6800,Episode_Reward/lin_vel_z_l2,-0.059697769582271576
6800,Episode_Reward/track_ang_vel_z_exp,0.18658027052879333
6800,Episode_Reward/track_lin_vel_xy_lin,1.3105249404907227
6800,Episode_Reward/undesired_contacts,0.0
6800,Episode_Termination/tilt,0.0807902067899704
6800,Episode_Termination/time_out,0.9192098379135132
6800,Loss/entropy,20.435522079467773
6800,Loss/learning_rate,0.00025327454204671085
6800,Loss/surrogate,-0.00437395041808486
6800,Loss/value,0.0284291822463274
6800,Metrics/base_velocity/error_vel_xy,0.5233186483383179
6800,Metrics/base_velocity/error_vel_yaw,0.9254670143127441
6800,Metrics/success_rate,0.0173611119389534
6800,Perf/collection_time,7.589420318603516
6800,Perf/learning_time,0.29297494888305664
6800,Perf/total_fps,12471.0
6800,Policy/mean_std,0.685251772403717
6800,Train/mean_episode_length,953.22998046875
6800,Train/mean_reward,9.667431831359863
6900,Curriculum/terrain_levels,4.419036865234375
6900,Episode_Reward/action_rate_l2,-0.2993970811367035
6900,Episode_Reward/ang_vel_xy_l2,-0.0258144810795784
6900,Episode_Reward/belly_contact_force,0.0
6900,Episode_Reward/dof_acc_l2,-0.20751027762889862
6900,Episode_Reward/dof_pos_limits,0.0
6900,Episode_Reward/dof_torques_l2,-0.39572688937187195
6900,Episode_Reward/feet_slide,-0.010518993251025677
6900,Episode_Reward/flat_orientation_l2,0.0
6900,Episode_Reward/foot_clearance,-6.568062235601246e-05
6900,Episode_Reward/lin_vel_z_l2,-0.05710715800523758
6900,Episode_Reward/track_ang_vel_z_exp,0.20514068007469177
6900,Episode_Reward/track_lin_vel_xy_lin,1.3257007598876953
6900,Episode_Reward/undesired_contacts,0.0
6900,Episode_Termination/tilt,0.0766092985868454
6900,Episode_Termination/time_out,0.9233907461166382
6900,Loss/entropy,20.488101959228516
6900,Loss/learning_rate,0.00025075429584831
6900,Loss/surrogate,-0.004242230206727982
6900,Loss/value,0.02959132194519043
6900,Metrics/base_velocity/error_vel_xy,0.5064484477043152
6900,Metrics/base_velocity/error_vel_yaw,0.9062253832817078
6900,Metrics/success_rate,0.04722222313284874
6900,Perf/collection_time,6.4705657958984375
6900,Perf/learning_time,0.21182680130004883
6900,Perf/total_fps,14710.0
6900,Policy/mean_std,0.6861674785614014
6900,Train/mean_episode_length,976.6699829101562
6900,Train/mean_reward,10.978009223937988
6980,Train/mean_episode_length/time,177.27000427246094
6980,Train/mean_reward/time,-0.8592771887779236
7000,Curriculum/terrain_levels,4.0153608322143555
7000,Episode_Reward/action_rate_l2,-0.28814586997032166
7000,Episode_Reward/ang_vel_xy_l2,-0.028572097420692444
7000,Episode_Reward/belly_contact_force,0.0
7000,Episode_Reward/dof_acc_l2,-0.23726937174797058
7000,Episode_Reward/dof_pos_limits,0.0
7000,Episode_Reward/dof_torques_l2,-0.39024436473846436
7000,Episode_Reward/feet_slide,-0.010017456486821175
7000,Episode_Reward/flat_orientation_l2,0.0
7000,Episode_Reward/foot_clearance,-5.6905199016910046e-05
7000,Episode_Reward/lin_vel_z_l2,-0.0659872516989708
7000,Episode_Reward/track_ang_vel_z_exp,0.1645541489124298
7000,Episode_Reward/track_lin_vel_xy_lin,1.18639075756073
7000,Episode_Reward/undesired_contacts,-0.00044166651787236333
7000,Episode_Termination/tilt,0.09442138671875
7000,Episode_Termination/time_out,0.90557861328125
7000,Loss/entropy,20.56093406677246
7000,Loss/learning_rate,0.00024825913715176284
7000,Loss/surrogate,-0.005222315900027752
7000,Loss/value,0.02192387729883194
7000,Metrics/base_velocity/error_vel_xy,0.6682618856430054
7000,Metrics/base_velocity/error_vel_yaw,0.9705384969711304
7000,Metrics/success_rate,0.008333333767950535
7000,Perf/collection_time,6.976924896240234
7000,Perf/learning_time,0.22939109802246094
7000,Perf/total_fps,13641.0
7000,Policy/mean_std,0.6861667037010193
7000,Train/mean_episode_length,916.530029296875
7000,Train/mean_reward,7.131561756134033
7100,Curriculum/terrain_levels,3.64385986328125
7100,Episode_Reward/action_rate_l2,-0.2940552830696106
7100,Episode_Reward/ang_vel_xy_l2,-0.028759628534317017
7100,Episode_Reward/belly_contact_force,0.0
7100,Episode_Reward/dof_acc_l2,-0.21397869288921356
7100,Episode_Reward/dof_pos_limits,0.0
7100,Episode_Reward/dof_torques_l2,-0.39514631032943726
7100,Episode_Reward/feet_slide,-0.010683598928153515
7100,Episode_Reward/flat_orientation_l2,0.0
7100,Episode_Reward/foot_clearance,-6.159774784464389e-05
7100,Episode_Reward/lin_vel_z_l2,-0.06660830974578857
7100,Episode_Reward/track_ang_vel_z_exp,0.17477063834667206
7100,Episode_Reward/track_lin_vel_xy_lin,1.2727738618850708
7100,Episode_Reward/undesired_contacts,0.0
7100,Episode_Termination/tilt,0.080535888671875
7100,Episode_Termination/time_out,0.919464111328125
7100,Loss/entropy,20.616609573364258
7100,Loss/learning_rate,0.0002457888040225953
7100,Loss/surrogate,-0.005547448061406612
7100,Loss/value,0.026500539854168892
7100,Metrics/base_velocity/error_vel_xy,0.5466004014015198
7100,Metrics/base_velocity/error_vel_yaw,0.9907838106155396
7100,Metrics/success_rate,0.0
7100,Perf/collection_time,6.361863136291504
7100,Perf/learning_time,0.2215282917022705
7100,Perf/total_fps,14932.0
7100,Policy/mean_std,0.6881803870201111
7100,Train/mean_episode_length,947.97998046875
7100,Train/mean_reward,8.752187728881836
7200,Curriculum/terrain_levels,5.08941650390625
7200,Episode_Reward/action_rate_l2,-0.29315540194511414
7200,Episode_Reward/ang_vel_xy_l2,-0.027260109782218933
7200,Episode_Reward/belly_contact_force,0.0
7200,Episode_Reward/dof_acc_l2,-0.21891151368618011
7200,Episode_Reward/dof_pos_limits,0.0
7200,Episode_Reward/dof_torques_l2,-0.4009925127029419
7200,Episode_Reward/feet_slide,-0.010898977518081665
7200,Episode_Reward/flat_orientation_l2,0.0
7200,Episode_Reward/foot_clearance,-6.330583710223436e-05
7200,Episode_Reward/lin_vel_z_l2,-0.06587563455104828
7200,Episode_Reward/track_ang_vel_z_exp,0.18884623050689697
7200,Episode_Reward/track_lin_vel_xy_lin,1.287048578262329
7200,Episode_Reward/undesired_contacts,-0.00015277780767064542
7200,Episode_Termination/tilt,0.089202880859375
7200,Episode_Termination/time_out,0.910797119140625
7200,Loss/entropy,20.604982376098633
7200,Loss/learning_rate,0.0002433430345263332
7200,Loss/surrogate,-0.005249388515949249
7200,Loss/value,0.03227435052394867
7200,Metrics/base_velocity/error_vel_xy,0.5787197351455688
7200,Metrics/base_velocity/error_vel_yaw,0.9215015172958374
7200,Metrics/success_rate,0.006944444961845875
7200,Perf/collection_time,6.291797161102295
7200,Perf/learning_time,0.2374119758605957
7200,Perf/total_fps,15056.0
7200,Policy/mean_std,0.6874731779098511
7200,Train/mean_episode_length,935.8200073242188
7200,Train/mean_reward,9.202742576599121
7300,Curriculum/terrain_levels,4.7007246017456055
7300,Episode_Reward/action_rate_l2,-0.29004520177841187
7300,Episode_Reward/ang_vel_xy_l2,-0.024236232042312622
7300,Episode_Reward/belly_contact_force,0.0
7300,Episode_Reward/dof_acc_l2,-0.20652590692043304
7300,Episode_Reward/dof_pos_limits,0.0
7300,Episode_Reward/dof_torques_l2,-0.3888005018234253
7300,Episode_Reward/feet_slide,-0.010524673387408257
7300,Episode_Reward/flat_orientation_l2,0.0
7300,Episode_Reward/foot_clearance,-6.439882417907938e-05
7300,Episode_Reward/lin_vel_z_l2,-0.05758899450302124
7300,Episode_Reward/track_ang_vel_z_exp,0.19391998648643494
7300,Episode_Reward/track_lin_vel_xy_lin,1.3087068796157837
7300,Episode_Reward/undesired_contacts,-0.0001805555511964485
7300,Episode_Termination/tilt,0.0876057967543602
7300,Episode_Termination/time_out,0.9123942255973816
7300,Loss/entropy,20.619104385375977
7300,Loss/learning_rate,0.0002409216103842482
7300,Loss/surrogate,-0.005196655169129372
7300,Loss/value,0.02447705715894699
7300,Metrics/base_velocity/error_vel_xy,0.5632243156433105
7300,Metrics/base_velocity/error_vel_yaw,0.8919004201889038
7300,Metrics/success_rate,0.0
7300,Perf/collection_time,6.319209575653076
7300,Perf/learning_time,0.22812604904174805
7300,Perf/total_fps,15014.0
7300,Policy/mean_std,0.6893176436424255
7300,Train/mean_episode_length,935.719970703125
7300,Train/mean_reward,9.664795875549316
7400,Curriculum/terrain_levels,4.8457746505737305
7400,Episode_Reward/action_rate_l2,-0.2900027632713318
7400,Episode_Reward/ang_vel_xy_l2,-0.0271226167678833
7400,Episode_Reward/belly_contact_force,0.0
7400,Episode_Reward/dof_acc_l2,-0.22805576026439667
7400,Episode_Reward/dof_pos_limits,0.0
7400,Episode_Reward/dof_torques_l2,-0.40595218539237976
7400,Episode_Reward/feet_slide,-0.010551008395850658
7400,Episode_Reward/flat_orientation_l2,0.0
7400,Episode_Reward/foot_clearance,-5.970633355900645e-05
7400,Episode_Reward/lin_vel_z_l2,-0.06189305707812309
7400,Episode_Reward/track_ang_vel_z_exp,0.18135353922843933
7400,Episode_Reward/track_lin_vel_xy_lin,1.2520473003387451
7400,Episode_Reward/undesired_contacts,0.0
7400,Episode_Termination/tilt,0.0975443571805954
7400,Episode_Termination/time_out,0.9024556875228882
7400,Loss/entropy,20.48691749572754
7400,Loss/learning_rate,0.00023852426966186613
7400,Loss/surrogate,-0.003967226482927799
7400,Loss/value,0.034259870648384094
7400,Metrics/base_velocity/error_vel_xy,0.594155490398407
7400,Metrics/base_velocity/error_vel_yaw,0.9477161169052124
7400,Metrics/success_rate,0.0223214291036129
7400,Perf/collection_time,6.791366100311279
7400,Perf/learning_time,0.28228139877319336
7400,Perf/total_fps,13897.0
7400,Policy/mean_std,0.6875859498977661
7400,Train/mean_episode_length,928.530029296875
7400,Train/mean_reward,7.985936641693115
7500,Curriculum/terrain_levels,4.1712446212768555
7500,Episode_Reward/action_rate_l2,-0.2864624857902527
7500,Episode_Reward/ang_vel_xy_l2,-0.02679530158638954
7500,Episode_Reward/belly_contact_force,0.0
7500,Episode_Reward/dof_acc_l2,-0.2186625897884369
7500,Episode_Reward/dof_pos_limits,0.0
7500,Episode_Reward/dof_torques_l2,-0.38622647523880005
7500,Episode_Reward/feet_slide,-0.009540492668747902
7500,Episode_Reward/flat_orientation_l2,0.0
7500,Episode_Reward/foot_clearance,-6.066805508453399e-05
7500,Episode_Reward/lin_vel_z_l2,-0.06284796446561813
7500,Episode_Reward/track_ang_vel_z_exp,0.18049749732017517
7500,Episode_Reward/track_lin_vel_xy_lin,1.2822691202163696
7500,Episode_Reward/undesired_contacts,0.0
7500,Episode_Termination/tilt,0.0868937224149704
7500,Episode_Termination/time_out,0.9131063222885132
7500,Loss/entropy,20.587495803833008
7500,Loss/learning_rate,0.0002361508086323738
7500,Loss/surrogate,-0.005150083918124437
7500,Loss/value,0.0286105927079916
7500,Metrics/base_velocity/error_vel_xy,0.5996094346046448
7500,Metrics/base_velocity/error_vel_yaw,0.9373049736022949
7500,Metrics/success_rate,0.010416666977107525
7500,Perf/collection_time,6.263233184814453
7500,Perf/learning_time,0.23628997802734375
7500,Perf/total_fps,15124.0
7500,Policy/mean_std,0.6894327998161316
7500,Train/mean_episode_length,924.6099853515625
7500,Train/mean_reward,9.483122825622559
7600,Curriculum/terrain_levels,3.957366943359375
7600,Episode_Reward/action_rate_l2,-0.2942676544189453
7600,Episode_Reward/ang_vel_xy_l2,-0.026822440326213837
7600,Episode_Reward/belly_contact_force,0.0
7600,Episode_Reward/dof_acc_l2,-0.22477483749389648
7600,Episode_Reward/dof_pos_limits,0.0
7600,Episode_Reward/dof_torques_l2,-0.39904436469078064
7600,Episode_Reward/feet_slide,-0.011096092872321606
7600,Episode_Reward/flat_orientation_l2,0.0
7600,Episode_Reward/foot_clearance,-6.601886707358062e-05
7600,Episode_Reward/lin_vel_z_l2,-0.061047397553920746
7600,Episode_Reward/track_ang_vel_z_exp,0.1946554183959961
7600,Episode_Reward/track_lin_vel_xy_lin,1.327594518661499
7600,Episode_Reward/undesired_contacts,0.0
7600,Episode_Termination/tilt,0.07940673828125
7600,Episode_Termination/time_out,0.92083740234375
7600,Loss/entropy,20.61355209350586
7600,Loss/learning_rate,0.0002338009508093819
7600,Loss/surrogate,-0.006815185304731131
7600,Loss/value,0.025019189342856407
7600,Metrics/base_velocity/error_vel_xy,0.5346240997314453
7600,Metrics/base_velocity/error_vel_yaw,0.9129156470298767
7600,Metrics/success_rate,0.01527777872979641
7600,Perf/collection_time,6.318039417266846
7600,Perf/learning_time,0.2161712646484375
7600,Perf/total_fps,15044.0
7600,Policy/mean_std,0.6898828744888306
7600,Train/mean_episode_length,946.0999755859375
7600,Train/mean_reward,9.688304901123047
7653,Train/mean_episode_length/time,282.3699951171875
7653,Train/mean_reward/time,-0.3059813976287842
7700,Curriculum/terrain_levels,3.9120585918426514
7700,Episode_Reward/action_rate_l2,-0.2837035059928894
7700,Episode_Reward/ang_vel_xy_l2,-0.02483561635017395
7700,Episode_Reward/belly_contact_force,0.0
7700,Episode_Reward/dof_acc_l2,-0.2084091752767563
7700,Episode_Reward/dof_pos_limits,0.0
7700,Episode_Reward/dof_torques_l2,-0.39031100273132324
7700,Episode_Reward/feet_slide,-0.010556403547525406
7700,Episode_Reward/flat_orientation_l2,0.0
7700,Episode_Reward/foot_clearance,-6.488907092716545e-05
7700,Episode_Reward/lin_vel_z_l2,-0.056993477046489716
7700,Episode_Reward/track_ang_vel_z_exp,0.1950872391462326
7700,Episode_Reward/track_lin_vel_xy_lin,1.2679593563079834
7700,Episode_Reward/undesired_contacts,0.0
7700,Episode_Termination/tilt,0.094970703125
7700,Episode_Termination/time_out,0.905029296875
7700,Loss/entropy,20.453100204467773
7700,Loss/learning_rate,0.00023147447791416198
7700,Loss/surrogate,-0.005522222723811865
7700,Loss/value,0.020842695608735085
7700,Metrics/base_velocity/error_vel_xy,0.5278807878494263
7700,Metrics/base_velocity/error_vel_yaw,0.9006707668304443
7700,Metrics/success_rate,0.04305555671453476
7700,Perf/collection_time,6.229581832885742
7700,Perf/learning_time,0.2315843105316162
7700,Perf/total_fps,15214.0
7700,Policy/mean_std,0.6873666644096375
7700,Train/mean_episode_length,941.969970703125
7700,Train/mean_reward,9.761275291442871
7800,Curriculum/terrain_levels,4.7478742599487305
7800,Episode_Reward/action_rate_l2,-0.284519761800766
7800,Episode_Reward/ang_vel_xy_l2,-0.02370540425181389
7800,Episode_Reward/belly_contact_force,-0.0003253379836678505
7800,Episode_Reward/dof_acc_l2,-0.20492671430110931
7800,Episode_Reward/dof_pos_limits,0.0
7800,Episode_Reward/dof_torques_l2,-0.39606770873069763
7800,Episode_Reward/feet_slide,-0.00970165990293026
7800,Episode_Reward/flat_orientation_l2,0.0
7800,Episode_Reward/foot_clearance,-6.656622281298041e-05
7800,Episode_Reward/lin_vel_z_l2,-0.05898120999336243
7800,Episode_Reward/track_ang_vel_z_exp,0.19549378752708435
7800,Episode_Reward/track_lin_vel_xy_lin,1.2853742837905884
7800,Episode_Reward/undesired_contacts,-0.0030588796362280846
7800,Episode_Termination/tilt,0.0951029509305954
7800,Episode_Termination/time_out,0.9048970937728882
7800,Loss/entropy,20.1943359375
7800,Loss/learning_rate,0.00022917114256415516
7800,Loss/surrogate,-0.0028757918626070023
7800,Loss/value,0.03143126890063286
7800,Metrics/base_velocity/error_vel_xy,0.5399116277694702
7800,Metrics/base_velocity/error_vel_yaw,0.8761173486709595
7800,Metrics/success_rate,0.03726851940155029
7800,Perf/collection_time,7.003859519958496
7800,Perf/learning_time,0.2814629077911377
7800,Perf/total_fps,13493.0
7800,Policy/mean_std,0.6810445189476013
7800,Train/mean_episode_length,929.6699829101562
7800,Train/mean_reward,9.047727584838867
7900,Curriculum/terrain_levels,4.359761714935303
7900,Episode_Reward/action_rate_l2,-0.27613481879234314
7900,Episode_Reward/ang_vel_xy_l2,-0.02542118728160858
7900,Episode_Reward/belly_contact_force,0.0
7900,Episode_Reward/dof_acc_l2,-0.20207953453063965
7900,Episode_Reward/dof_pos_limits,0.0
7900,Episode_Reward/dof_torques_l2,-0.3771030306816101
7900,Episode_Reward/feet_slide,-0.010485383681952953
7900,Episode_Reward/flat_orientation_l2,0.0
7900,Episode_Reward/foot_clearance,-6.253364699659869e-05
7900,Episode_Reward/lin_vel_z_l2,-0.05497775599360466
7900,Episode_Reward/track_ang_vel_z_exp,0.1821143478155136
7900,Episode_Reward/track_lin_vel_xy_lin,1.2642920017242432
7900,Episode_Reward/undesired_contacts,-4.166666985838674e-05
7900,Episode_Termination/tilt,0.082366943359375
7900,Episode_Termination/time_out,0.917633056640625
7900,Loss/entropy,20.087421417236328
7900,Loss/learning_rate,0.00022689074103254825
7900,Loss/surrogate,-0.005361033137887716
7900,Loss/value,0.02665388584136963
7900,Metrics/base_velocity/error_vel_xy,0.5809218287467957
7900,Metrics/base_velocity/error_vel_yaw,0.944036602973938
7900,Metrics/success_rate,0.008333333767950535
7900,Perf/collection_time,6.676244735717773
7900,Perf/learning_time,0.23624205589294434
7900,Perf/total_fps,14221.0
7900,Policy/mean_std,0.6802319884300232
7900,Train/mean_episode_length,920.47998046875
7900,Train/mean_reward,9.85572338104248
8000,Curriculum/terrain_levels,4.551717281341553
8000,Episode_Reward/action_rate_l2,-0.2873135209083557
8000,Episode_Reward/ang_vel_xy_l2,-0.027819646522402763
8000,Episode_Reward/belly_contact_force,0.0
8000,Episode_Reward/dof_acc_l2,-0.21657538414001465
8000,Episode_Reward/dof_pos_limits,0.0
8000,Episode_Reward/dof_torques_l2,-0.40051835775375366
8000,Episode_Reward/feet_slide,-0.009970974177122116
8000,Episode_Reward/flat_orientation_l2,0.0
8000,Episode_Reward/foot_clearance,-6.046813723514788e-05
8000,Episode_Reward/lin_vel_z_l2,-0.06547681987285614
8000,Episode_Reward/track_ang_vel_z_exp,0.18812738358974457
8000,Episode_Reward/track_lin_vel_xy_lin,1.2878756523132324
8000,Episode_Reward/undesired_contacts,-0.0001718749845167622
8000,Episode_Termination/tilt,0.0771586149930954
8000,Episode_Termination/time_out,0.9228414297103882
8000,Loss/entropy,20.143611907958984
8000,Loss/learning_rate,0.00022463302593678236
8000,Loss/surrogate,-0.004434808157384396
8000,Loss/value,0.025477243587374687
8000,Metrics/base_velocity/error_vel_xy,0.5556644201278687
8000,Metrics/base_velocity/error_vel_yaw,0.9026147723197937
8000,Metrics/success_rate,0.0
8000,Perf/collection_time,6.156108856201172
8000,Perf/learning_time,0.21292710304260254
8000,Perf/total_fps,15434.0
8000,Policy/mean_std,0.6811120510101318
8000,Train/mean_episode_length,969.8699951171875
8000,Train/mean_reward,9.100794792175293
8100,Curriculum/terrain_levels,4.7867536544799805
8100,Episode_Reward/action_rate_l2,-0.27572956681251526
8100,Episode_Reward/ang_vel_xy_l2,-0.026689162477850914
8100,Episode_Reward/belly_contact_force,0.0
8100,Episode_Reward/dof_acc_l2,-0.21249771118164062
8100,Episode_Reward/dof_pos_limits,0.0
8100,Episode_Reward/dof_torques_l2,-0.3808608055114746
8100,Episode_Reward/feet_slide,-0.010387355461716652
8100,Episode_Reward/flat_orientation_l2,0.0
8100,Episode_Reward/foot_clearance,-5.780062929261476e-05
8100,Episode_Reward/lin_vel_z_l2,-0.0630078911781311
8100,Episode_Reward/track_ang_vel_z_exp,0.1793113350868225
8100,Episode_Reward/track_lin_vel_xy_lin,1.2305840253829956
8100,Episode_Reward/undesired_contacts,-9.722223330754787e-05
8100,Episode_Termination/tilt,0.072021484375
8100,Episode_Termination/time_out,0.927978515625
8100,Loss/entropy,20.201763153076172
8100,Loss/learning_rate,0.00022239777899812907
8100,Loss/surrogate,-0.0052677933126688
8100,Loss/value,0.020899297669529915
8100,Metrics/base_velocity/error_vel_xy,0.5890238285064697
8100,Metrics/base_velocity/error_vel_yaw,0.9323363304138184
8100,Metrics/success_rate,0.0
8100,Perf/collection_time,6.945585250854492
8100,Perf/learning_time,0.2396559715270996
8100,Perf/total_fps,13681.0
8100,Policy/mean_std,0.6840519905090332
8100,Train/mean_episode_length,913.5999755859375
8100,Train/mean_reward,8.927629470825195
8200,Curriculum/terrain_levels,3.756866455078125
8200,Episode_Reward/action_rate_l2,-0.29275640845298767
8200,Episode_Reward/ang_vel_xy_l2,-0.025585388764739037
8200,Episode_Reward/belly_contact_force,0.0
8200,Episode_Reward/dof_acc_l2,-0.2152443826198578
8200,Episode_Reward/dof_pos_limits,0.0
8200,Episode_Reward/dof_torques_l2,-0.3966605067253113
8200,Episode_Reward/feet_slide,-0.01101438608020544
8200,Episode_Reward/flat_orientation_l2,0.0
8200,Episode_Reward/foot_clearance,-6.510988168884069e-05
8200,Episode_Reward/lin_vel_z_l2,-0.06234770640730858
8200,Episode_Reward/track_ang_vel_z_exp,0.19377444684505463
8200,Episode_Reward/track_lin_vel_xy_lin,1.306171178817749
8200,Episode_Reward/undesired_contacts,0.0
8200,Episode_Termination/tilt,0.0700276717543602
8200,Episode_Termination/time_out,0.9299723505973816
8200,Loss/entropy,20.536663055419922
8200,Loss/learning_rate,0.00022018478193785995
8200,Loss/surrogate,-0.005167506635189056
8200,Loss/value,0.028919527307152748
8200,Metrics/base_velocity/error_vel_xy,0.5801602602005005
8200,Metrics/base_velocity/error_vel_yaw,0.9276983141899109
8200,Metrics/success_rate,0.0
8200,Perf/collection_time,6.118050575256348
8200,Perf/learning_time,0.2169957160949707
8200,Perf/total_fps,15517.0
8200,Policy/mean_std,0.6887152791023254
8200,Train/mean_episode_length,958.75
8200,Train/mean_reward,9.736780166625977
8300,Curriculum/terrain_levels,4.792195796966553
8300,Episode_Reward/action_rate_l2,-0.2918693721294403
8300,Episode_Reward/ang_vel_xy_l2,-0.024959348142147064
8300,Episode_Reward/belly_contact_force,0.0
8300,Episode_Reward/dof_acc_l2,-0.21576397120952606
8300,Episode_Reward/dof_pos_limits,0.0
8300,Episode_Reward/dof_torques_l2,-0.4118006229400635
8300,Episode_Reward/feet_slide,-0.010296493768692017
8300,Episode_Reward/flat_orientation_l2,0.0
8300,Episode_Reward/foot_clearance,-6.659737846348435e-05
8300,Episode_Reward/lin_vel_z_l2,-0.06165802478790283
8300,Episode_Reward/track_ang_vel_z_exp,0.20457588136196136
8300,Episode_Reward/track_lin_vel_xy_lin,1.2634902000427246
8300,Episode_Reward/undesired_contacts,0.0
8300,Episode_Termination/tilt,0.0833842009305954
8300,Episode_Termination/time_out,0.9166158437728882
8300,Loss/entropy,20.473705291748047
8300,Loss/learning_rate,0.00021799378737341613
8300,Loss/surrogate,-0.0054648383520543575
8300,Loss/value,0.02833469957113266
8300,Metrics/base_velocity/error_vel_xy,0.5599302649497986
8300,Metrics/base_velocity/error_vel_yaw,0.8685259222984314
8300,Metrics/success_rate,0.05347222089767456
8300,Perf/collection_time,6.297994613647461
8300,Perf/learning_time,0.2310175895690918
8300,Perf/total_fps,15056.0
8300,Policy/mean_std,0.6862749457359314
8300,Train/mean_episode_length,970.47998046875
8300,Train/mean_reward,9.146503448486328
8320,Train/mean_episode_length/time,452.3699951171875
8320,Train/mean_reward/time,0.4216512143611908
8400,Curriculum/terrain_levels,5.331634521484375
8400,Episode_Reward/action_rate_l2,-0.2871723771095276
8400,Episode_Reward/ang_vel_xy_l2,-0.026210447773337364
8400,Episode_Reward/belly_contact_force,0.0
8400,Episode_Reward/dof_acc_l2,-0.22454369068145752
8400,Episode_Reward/dof_pos_limits,0.0
8400,Episode_Reward/dof_torques_l2,-0.3909287452697754
8400,Episode_Reward/feet_slide,-0.010535250417888165
8400,Episode_Reward/flat_orientation_l2,0.0
8400,Episode_Reward/foot_clearance,-6.275456689763814e-05
8400,Episode_Reward/lin_vel_z_l2,-0.06031138449907303
8400,Episode_Reward/track_ang_vel_z_exp,0.18776778876781464
8400,Episode_Reward/track_lin_vel_xy_lin,1.3192765712738037
8400,Episode_Reward/undesired_contacts,0.0
8400,Episode_Termination/tilt,0.0995076522231102
8400,Episode_Termination/time_out,0.9004923701286316
8400,Loss/entropy,20.55646514892578
8400,Loss/learning_rate,0.00021582460612989962
8400,Loss/surrogate,-0.005279715172946453
8400,Loss/value,0.03361281380057335
8400,Metrics/base_velocity/error_vel_xy,0.5394817590713501
8400,Metrics/base_velocity/error_vel_yaw,0.9444991946220398
8400,Metrics/success_rate,0.02123015932738781
8400,Perf/collection_time,6.314847946166992
8400,Perf/learning_time,0.22765326499938965
8400,Perf/total_fps,15025.0
8400,Policy/mean_std,0.6898019313812256
8400,Train/mean_episode_length,950.5
8400,Train/mean_reward,10.172722816467285
8500,Curriculum/terrain_levels,4.847951412200928
8500,Episode_Reward/action_rate_l2,-0.28614190220832825
8500,Episode_Reward/ang_vel_xy_l2,-0.02506684884428978
8500,Episode_Reward/belly_contact_force,0.0
8500,Episode_Reward/dof_acc_l2,-0.20627900958061218
8500,Episode_Reward/dof_pos_limits,0.0
8500,Episode_Reward/dof_torques_l2,-0.37649714946746826
8500,Episode_Reward/feet_slide,-0.0107052531093359
8500,Episode_Reward/flat_orientation_l2,0.0
8500,Episode_Reward/foot_clearance,-6.475954432971776e-05
8500,Episode_Reward/lin_vel_z_l2,-0.053873103111982346
8500,Episode_Reward/track_ang_vel_z_exp,0.1777987778186798
8500,Episode_Reward/track_lin_vel_xy_lin,1.3253120183944702
8500,Episode_Reward/undesired_contacts,0.0
8500,Episode_Termination/tilt,0.071746826171875
8500,Episode_Termination/time_out,0.928253173828125
8500,Loss/entropy,20.423702239990234
8500,Loss/learning_rate,0.000213677019928582
8500,Loss/surrogate,-0.004366233479231596
8500,Loss/value,0.02659091167151928
8500,Metrics/base_velocity/error_vel_xy,0.5920276641845703
8500,Metrics/base_velocity/error_vel_yaw,1.0263288021087646
8500,Metrics/success_rate,0.006944444961845875
8500,Perf/collection_time,6.082352161407471
8500,Perf/learning_time,0.21003961563110352
8500,Perf/total_fps,15622.0
8500,Policy/mean_std,0.6866905093193054
8500,Train/mean_episode_length,981.8900146484375
8500,Train/mean_reward,10.966428756713867
8600,Curriculum/terrain_levels,4.243916988372803
8600,Episode_Reward/action_rate_l2,-0.2852729260921478
8600,Episode_Reward/ang_vel_xy_l2,-0.02673892304301262
8600,Episode_Reward/belly_contact_force,0.0
8600,Episode_Reward/dof_acc_l2,-0.21410958468914032
8600,Episode_Reward/dof_pos_limits,0.0
8600,Episode_Reward/dof_torques_l2,-0.3868647813796997
8600,Episode_Reward/feet_slide,-0.01031767949461937
8600,Episode_Reward/flat_orientation_l2,0.0
8600,Episode_Reward/foot_clearance,-6.16822944721207e-05
8600,Episode_Reward/lin_vel_z_l2,-0.06129498407244682
8600,Episode_Reward/track_ang_vel_z_exp,0.18724076449871063
8600,Episode_Reward/track_lin_vel_xy_lin,1.2797720432281494
8600,Episode_Reward/undesired_contacts,-5.555555617320351e-05
8600,Episode_Termination/tilt,0.073760986328125
8600,Episode_Termination/time_out,0.926483154296875
8600,Loss/entropy,20.572025299072266
8600,Loss/learning_rate,0.00021155078138690442
8600,Loss/surrogate,-0.005291284061968327
8600,Loss/value,0.022680414840579033
8600,Metrics/base_velocity/error_vel_xy,0.5428410172462463
8600,Metrics/base_velocity/error_vel_yaw,0.9012319445610046
8600,Metrics/success_rate,0.004629629664123058
8600,Perf/collection_time,6.292680740356445
8600,Perf/learning_time,0.20325446128845215
8600,Perf/total_fps,15133.0
8600,Policy/mean_std,0.6894314885139465
8600,Train/mean_episode_length,925.719970703125
8600,Train/mean_reward,9.40825080871582
8700,Curriculum/terrain_levels,4.82843017578125
8700,Episode_Reward/action_rate_l2,-0.28749072551727295
8700,Episode_Reward/ang_vel_xy_l2,-0.025934448465704918
8700,Episode_Reward/belly_contact_force,0.0
8700,Episode_Reward/dof_acc_l2,-0.21377550065517426
8700,Episode_Reward/dof_pos_limits,0.0
8700,Episode_Reward/dof_torques_l2,-0.3985305726528168
8700,Episode_Reward/feet_slide,-0.009959912858903408
8700,Episode_Reward/flat_orientation_l2,0.0
8700,Episode_Reward/foot_clearance,-6.301351822912693e-05
8700,Episode_Reward/lin_vel_z_l2,-0.06331592053174973
8700,Episode_Reward/track_ang_vel_z_exp,0.19910871982574463
8700,Episode_Reward/track_lin_vel_xy_lin,1.256084680557251
8700,Episode_Reward/undesired_contacts,-2.314814628334716e-05
8700,Episode_Termination/tilt,0.0826212614774704
8700,Episode_Termination/time_out,0.9173787832260132
8700,Loss/entropy,20.44993782043457
8700,Loss/learning_rate,0.0002094457158818841
8700,Loss/surrogate,-0.0053154174238443375
8700,Loss/value,0.029547028243541718
8700,Metrics/base_velocity/error_vel_xy,0.5835541486740112
8700,Metrics/base_velocity/error_vel_yaw,0.8806239366531372
8700,Metrics/success_rate,0.015046296641230583
8700,Perf/collection_time,6.50753116607666
8700,Perf/learning_time,0.2299058437347412
8700,Perf/total_fps,14590.0
8700,Policy/mean_std,0.68841153383255
8700,Train/mean_episode_length,946.989990234375
8700,Train/mean_reward,8.896465301513672
8800,Curriculum/terrain_levels,3.8381552696228027
8800,Episode_Reward/action_rate_l2,-0.2861957252025604
8800,Episode_Reward/ang_vel_xy_l2,-0.028441986069083214
8800,Episode_Reward/belly_contact_force,0.0
8800,Episode_Reward/dof_acc_l2,-0.23096095025539398
8800,Episode_Reward/dof_pos_limits,0.0
8800,Episode_Reward/dof_torques_l2,-0.39669692516326904
8800,Episode_Reward/feet_slide,-0.01053712423890829
8800,Episode_Reward/flat_orientation_l2,0.0
8800,Episode_Reward/foot_clearance,-6.266577111091465e-05
8800,Episode_Reward/lin_vel_z_l2,-0.06500363349914551
8800,Episode_Reward/track_ang_vel_z_exp,0.19173860549926758
8800,Episode_Reward/track_lin_vel_xy_lin,1.2901217937469482
8800,Episode_Reward/undesired_contacts,-0.00013541665975935757
8800,Episode_Termination/tilt,0.0666300505399704
8800,Episode_Termination/time_out,0.9333699941635132
8800,Loss/entropy,20.25125503540039
8800,Loss/learning_rate,0.0002073615905828774
8800,Loss/surrogate,-0.004200730472803116
8800,Loss/value,0.029160598292946815
8800,Metrics/base_velocity/error_vel_xy,0.5495381355285645
8800,Metrics/base_velocity/error_vel_yaw,0.9087523818016052
8800,Metrics/success_rate,0.02023809775710106
8800,Perf/collection_time,6.21022891998291
8800,Perf/learning_time,0.21523642539978027
8800,Perf/total_fps,15299.0
8800,Policy/mean_std,0.6844781041145325
8800,Train/mean_episode_length,942.1099853515625
8800,Train/mean_reward,9.355156898498535
8900,Curriculum/terrain_levels,3.9937949180603027
8900,Episode_Reward/action_rate_l2,-0.2748136520385742
8900,Episode_Reward/ang_vel_xy_l2,-0.02496047131717205
8900,Episode_Reward/belly_contact_force,0.0
8900,Episode_Reward/dof_acc_l2,-0.19823628664016724
8900,Episode_Reward/dof_pos_limits,0.0
8900,Episode_Reward/dof_torques_l2,-0.37208104133605957
8900,Episode_Reward/feet_slide,-0.010195818729698658
8900,Episode_Reward/flat_orientation_l2,0.0
8900,Episode_Reward/foot_clearance,-6.48336426820606e-05
8900,Episode_Reward/lin_vel_z_l2,-0.053447186946868896
8900,Episode_Reward/track_ang_vel_z_exp,0.19987308979034424
8900,Episode_Reward/track_lin_vel_xy_lin,1.223897933959961
8900,Episode_Reward/undesired_contacts,-0.00045238074380904436
8900,Episode_Termination/tilt,0.075469970703125
8900,Episode_Termination/time_out,0.924530029296875
8900,Loss/entropy,20.292673110961914
8900,Loss/learning_rate,0.00020529820176307112
8900,Loss/surrogate,-0.005066022742539644
8900,Loss/value,0.027891630306839943
8900,Metrics/base_velocity/error_vel_xy,0.5940779447555542
8900,Metrics/base_velocity/error_vel_yaw,0.8718703985214233
8900,Metrics/success_rate,0.02440476417541504
8900,Perf/collection_time,6.36575174331665
8900,Perf/learning_time,0.20398449897766113
8900,Perf/total_fps,14963.0
8900,Policy/mean_std,0.6856064796447754
8900,Train/mean_episode_length,919.5499877929688
8900,Train/mean_reward,9.669951438903809
8979,Train/mean_episode_length/time,412.3500061035156
8979,Train/mean_reward/time,0.2279428243637085
9000,Curriculum/terrain_levels,4.264943599700928
9000,Episode_Reward/action_rate_l2,-0.2849525511264801
9000,Episode_Reward/ang_vel_xy_l2,-0.027554644271731377
9000,Episode_Reward/belly_contact_force,0.0
9000,Episode_Reward/dof_acc_l2,-0.20981860160827637
9000,Episode_Reward/dof_pos_limits,0.0
9000,Episode_Reward/dof_torques_l2,-0.39063429832458496
9000,Episode_Reward/feet_slide,-0.010393278673291206
9000,Episode_Reward/flat_orientation_l2,0.0
9000,Episode_Reward/foot_clearance,-6.490433588624e-05
9000,Episode_Reward/lin_vel_z_l2,-0.05943819135427475
9000,Episode_Reward/track_ang_vel_z_exp,0.19021981954574585
9000,Episode_Reward/track_lin_vel_xy_lin,1.2809820175170898
9000,Episode_Reward/undesired_contacts,-0.000599999853875488
9000,Episode_Termination/tilt,0.06884765625
9000,Episode_Termination/time_out,0.93115234375
9000,Loss/entropy,20.22391700744629
9000,Loss/learning_rate,0.0002032553602475673
9000,Loss/surrogate,-0.004872286692261696
9000,Loss/value,0.02293742448091507
9000,Metrics/base_velocity/error_vel_xy,0.5455095767974854
9000,Metrics/base_velocity/error_vel_yaw,0.9166121482849121
9000,Metrics/success_rate,0.01527777872979641
9000,Perf/collection_time,6.174868106842041
9000,Perf/learning_time,0.21645259857177734
9000,Perf/total_fps,15380.0
9000,Policy/mean_std,0.6854283809661865
9000,Train/mean_episode_length,954.1199951171875
9000,Train/mean_reward,9.828498840332031
9100,Curriculum/terrain_levels,4.79376220703125
9100,Episode_Reward/action_rate_l2,-0.29859659075737
9100,Episode_Reward/ang_vel_xy_l2,-0.03022613190114498
9100,Episode_Reward/belly_contact_force,0.0
9100,Episode_Reward/dof_acc_l2,-0.22851216793060303
9100,Episode_Reward/dof_pos_limits,0.0
9100,Episode_Reward/dof_torques_l2,-0.4050358235836029
9100,Episode_Reward/feet_slide,-0.011786578223109245
9100,Episode_Reward/flat_orientation_l2,0.0
9100,Episode_Reward/foot_clearance,-6.477405258920044e-05
9100,Episode_Reward/lin_vel_z_l2,-0.06256195902824402
9100,Episode_Reward/track_ang_vel_z_exp,0.19447720050811768
9100,Episode_Reward/track_lin_vel_xy_lin,1.345261812210083
9100,Episode_Reward/undesired_contacts,0.0
9100,Episode_Termination/tilt,0.0692647323012352
9100,Episode_Termination/time_out,0.9307352900505066
9100,Loss/entropy,20.272615432739258
9100,Loss/learning_rate,0.00020123283320572227
9100,Loss/surrogate,-0.0058222305960953236
9100,Loss/value,0.02082548476755619
9100,Metrics/base_velocity/error_vel_xy,0.5468680262565613
9100,Metrics/base_velocity/error_vel_yaw,0.938642680644989
9100,Metrics/success_rate,0.005952381528913975
9100,Perf/collection_time,6.209028720855713
9100,Perf/learning_time,0.22835779190063477
9100,Perf/total_fps,15270.0
9100,Policy/mean_std,0.6880860328674316
9100,Train/mean_episode_length,959.5499877929688
9100,Train/mean_reward,9.89493179321289
9200,Curriculum/terrain_levels,5.276235103607178
9200,Episode_Reward/action_rate_l2,-0.2884482145309448
9200,Episode_Reward/ang_vel_xy_l2,-0.02782631479203701
9200,Episode_Reward/belly_contact_force,0.0
9200,Episode_Reward/dof_acc_l2,-0.22242218255996704
9200,Episode_Reward/dof_pos_limits,0.0
9200,Episode_Reward/dof_torques_l2,-0.39568400382995605
9200,Episode_Reward/feet_slide,-0.010441001504659653
9200,Episode_Reward/flat_orientation_l2,0.0
9200,Episode_Reward/foot_clearance,-6.445549661293626e-05
9200,Episode_Reward/lin_vel_z_l2,-0.06129342317581177
9200,Episode_Reward/track_ang_vel_z_exp,0.1928400844335556
9200,Episode_Reward/track_lin_vel_xy_lin,1.271948218345642
9200,Episode_Reward/undesired_contacts,-0.00021805556025356054
9200,Episode_Termination/tilt,0.0821736678481102
9200,Episode_Termination/time_out,0.9178263545036316
9200,Loss/entropy,20.501998901367188
9200,Loss/learning_rate,0.00019923043146263808
9200,Loss/surrogate,-0.004918769001960754
9200,Loss/value,0.02714834362268448
9200,Metrics/base_velocity/error_vel_xy,0.5791552066802979
9200,Metrics/base_velocity/error_vel_yaw,0.8951765894889832
9200,Metrics/success_rate,0.006944444961845875
9200,Perf/collection_time,6.261515140533447
9200,Perf/learning_time,0.2223813533782959
9200,Perf/total_fps,15161.0
9200,Policy/mean_std,0.6911446452140808
9200,Train/mean_episode_length,932.0499877929688
9200,Train/mean_reward,9.008533477783203
9300,Curriculum/terrain_levels,4.816497802734375
9300,Episode_Reward/action_rate_l2,-0.27995797991752625
9300,Episode_Reward/ang_vel_xy_l2,-0.023791305720806122
9300,Episode_Reward/belly_contact_force,0.0
9300,Episode_Reward/dof_acc_l2,-0.19267025589942932
9300,Episode_Reward/dof_pos_limits,0.0
9300,Episode_Reward/dof_torques_l2,-0.3714832663536072
9300,Episode_Reward/feet_slide,-0.009783345274627209
9300,Episode_Reward/flat_orientation_l2,0.0
9300,Episode_Reward/foot_clearance,-6.584712537005544e-05
9300,Episode_Reward/lin_vel_z_l2,-0.05522545427083969
9300,Episode_Reward/track_ang_vel_z_exp,0.19768652319908142
9300,Episode_Reward/track_lin_vel_xy_lin,1.2395856380462646
9300,Episode_Reward/undesired_contacts,0.0
9300,Episode_Termination/tilt,0.0772806853055954
9300,Episode_Termination/time_out,0.9227193593978882
9300,Loss/entropy,20.434152603149414
9300,Loss/learning_rate,0.00019724795129150152
9300,Loss/surrogate,-0.004817554261535406
9300,Loss/value,0.02533365786075592
9300,Metrics/base_velocity/error_vel_xy,0.5795354843139648
9300,Metrics/base_velocity/error_vel_yaw,0.8957345485687256
9300,Metrics/success_rate,0.02569444477558136
9300,Perf/collection_time,6.1767449378967285
9300,Perf/learning_time,0.21295857429504395
9300,Perf/total_fps,15384.0
9300,Policy/mean_std,0.691192090511322
9300,Train/mean_episode_length,942.6599731445312
9300,Train/mean_reward,10.462121963500977
9400,Curriculum/terrain_levels,4.0223493576049805
9400,Episode_Reward/action_rate_l2,-0.2882709205150604
9400,Episode_Reward/ang_vel_xy_l2,-0.025159548968076706
9400,Episode_Reward/belly_contact_force,0.0
9400,Episode_Reward/dof_acc_l2,-0.19844453036785126
9400,Episode_Reward/dof_pos_limits,0.0
9400,Episode_Reward/dof_torques_l2,-0.3842966556549072
9400,Episode_Reward/feet_slide,-0.009970547631382942
9400,Episode_Reward/flat_orientation_l2,0.0
9400,Episode_Reward/foot_clearance,-6.72494134050794e-05
9400,Episode_Reward/lin_vel_z_l2,-0.056202467530965805
9400,Episode_Reward/track_ang_vel_z_exp,0.20376484096050262
9400,Episode_Reward/track_lin_vel_xy_lin,1.3376725912094116
9400,Episode_Reward/undesired_contacts,-0.00022619047376792878
9400,Episode_Termination/tilt,0.076171875
9400,Episode_Termination/time_out,0.923828125
9400,Loss/entropy,20.45577049255371
9400,Loss/learning_rate,0.00019528520351741463
9400,Loss/surrogate,-0.004306770861148834
9400,Loss/value,0.025649284943938255
9400,Metrics/base_velocity/error_vel_xy,0.5439433455467224
9400,Metrics/base_velocity/error_vel_yaw,0.8997480273246765
9400,Metrics/success_rate,0.02430555783212185
9400,Perf/collection_time,6.417008399963379
9400,Perf/learning_time,0.22363066673278809
9400,Perf/total_fps,14803.0
9400,Policy/mean_std,0.6906532049179077
9400,Train/mean_episode_length,966.5900268554688
9400,Train/mean_reward,11.566253662109375
9500,Curriculum/terrain_levels,3.83978271484375
9500,Episode_Reward/action_rate_l2,-0.29545778036117554
9500,Episode_Reward/ang_vel_xy_l2,-0.028692420572042465
9500,Episode_Reward/belly_contact_force,0.0
9500,Episode_Reward/dof_acc_l2,-0.22379016876220703
9500,Episode_Reward/dof_pos_limits,0.0
9500,Episode_Reward/dof_torques_l2,-0.40770697593688965
9500,Episode_Reward/feet_slide,-0.010030483826994896
9500,Episode_Reward/flat_orientation_l2,0.0
9500,Episode_Reward/foot_clearance,-6.411369395209476e-05
9500,Episode_Reward/lin_vel_z_l2,-0.0667264312505722
9500,Episode_Reward/track_ang_vel_z_exp,0.19996485114097595
9500,Episode_Reward/track_lin_vel_xy_lin,1.302706003189087
9500,Episode_Reward/undesired_contacts,0.0
9500,Episode_Termination/tilt,0.0606791190803051
9500,Episode_Termination/time_out,0.9393209218978882
9500,Loss/entropy,20.37542724609375
9500,Loss/learning_rate,0.0001933419844135642
9500,Loss/surrogate,-0.005914654582738876
9500,Loss/value,0.027217093855142593
9500,Metrics/base_velocity/error_vel_xy,0.5595216751098633
9500,Metrics/base_velocity/error_vel_yaw,0.9012348055839539
9500,Metrics/success_rate,0.008333333767950535
9500,Perf/collection_time,6.191988945007324
9500,Perf/learning_time,0.23591208457946777
9500,Perf/total_fps,15293.0
9500,Policy/mean_std,0.6888183355331421
9500,Train/mean_episode_length,982.3699951171875
9500,Train/mean_reward,10.275516510009766
9600,Curriculum/terrain_levels,3.4669291973114014
9600,Episode_Reward/action_rate_l2,-0.29160553216934204
9600,Episode_Reward/ang_vel_xy_l2,-0.024726301431655884
9600,Episode_Reward/belly_contact_force,0.0
9600,Episode_Reward/dof_acc_l2,-0.2024516761302948
9600,Episode_Reward/dof_pos_limits,0.0
9600,Episode_Reward/dof_torques_l2,-0.3879590928554535
9600,Episode_Reward/feet_slide,-0.010324429720640182
9600,Episode_Reward/flat_orientation_l2,0.0
9600,Episode_Reward/foot_clearance,-6.885705806780607e-05
9600,Episode_Reward/lin_vel_z_l2,-0.056707751005887985
9600,Episode_Reward/track_ang_vel_z_exp,0.2084486484527588
9600,Episode_Reward/track_lin_vel_xy_lin,1.3347015380859375
9600,Episode_Reward/undesired_contacts,0.0
9600,Episode_Termination/tilt,0.037200927734375
9600,Episode_Termination/time_out,0.962799072265625
9600,Loss/entropy,20.238780975341797
9600,Loss/learning_rate,0.00019141810480505228
9600,Loss/surrogate,-0.004912539850920439
9600,Loss/value,0.02175665833055973
9600,Metrics/base_velocity/error_vel_xy,0.5572397708892822
9600,Metrics/base_velocity/error_vel_yaw,0.8986098170280457
9600,Metrics/success_rate,0.033796295523643494
9600,Perf/collection_time,6.026087760925293
9600,Perf/learning_time,0.21240639686584473
9600,Perf/total_fps,15757.0
9600,Policy/mean_std,0.6874030232429504
9600,Train/mean_episode_length,984.8400268554688
9600,Train/mean_reward,11.216447830200195
9633,Train/mean_episode_length/time,436.6300048828125
9633,Train/mean_reward/time,0.1115759089589119
9700,Curriculum/terrain_levels,5.3337507247924805
9700,Episode_Reward/action_rate_l2,-0.29080480337142944
9700,Episode_Reward/ang_vel_xy_l2,-0.025191856548190117
9700,Episode_Reward/belly_contact_force,0.0
9700,Episode_Reward/dof_acc_l2,-0.20540666580200195
9700,Episode_Reward/dof_pos_limits,0.0
9700,Episode_Reward/dof_torques_l2,-0.4003002345561981
9700,Episode_Reward/feet_slide,-0.010344804264605045
9700,Episode_Reward/flat_orientation_l2,0.0
9700,Episode_Reward/foot_clearance,-6.944389315322042e-05
9700,Episode_Reward/lin_vel_z_l2,-0.061591438949108124
9700,Episode_Reward/track_ang_vel_z_exp,0.21934717893600464
9700,Episode_Reward/track_lin_vel_xy_lin,1.3411931991577148
9700,Episode_Reward/undesired_contacts,0.0
9700,Episode_Termination/tilt,0.0384928397834301
9700,Episode_Termination/time_out,0.9615072011947632
9700,Loss/entropy,20.10987663269043
9700,Loss/learning_rate,0.0001895133755169809
9700,Loss/surrogate,-0.004560297355055809
9700,Loss/value,0.026711594313383102
9700,Metrics/base_velocity/error_vel_xy,0.5131260752677917
9700,Metrics/base_velocity/error_vel_yaw,0.855731725692749
9700,Metrics/success_rate,0.0267857164144516
9700,Perf/collection_time,6.076559066772461
9700,Perf/learning_time,0.21751046180725098
9700,Perf/total_fps,15618.0
9700,Policy/mean_std,0.6849220991134644
9700,Train/mean_episode_length,989.9400024414062
9700,Train/mean_reward,11.101330757141113
9800,Curriculum/terrain_levels,4.6480512619018555
9800,Episode_Reward/action_rate_l2,-0.29433774948120117
9800,Episode_Reward/ang_vel_xy_l2,-0.02862033061683178
9800,Episode_Reward/belly_contact_force,0.0
9800,Episode_Reward/dof_acc_l2,-0.22399739921092987
9800,Episode_Reward/dof_pos_limits,0.0
9800,Episode_Reward/dof_torques_l2,-0.4115142822265625
9800,Episode_Reward/feet_slide,-0.01096656359732151
9800,Episode_Reward/flat_orientation_l2,0.0
9800,Episode_Reward/foot_clearance,-6.681798549834639e-05
9800,Episode_Reward/lin_vel_z_l2,-0.0681585893034935
9800,Episode_Reward/track_ang_vel_z_exp,0.20446722209453583
9800,Episode_Reward/track_lin_vel_xy_lin,1.3346107006072998
9800,Episode_Reward/undesired_contacts,-0.00012261906522326171
9800,Episode_Termination/tilt,0.030120849609375
9800,Episode_Termination/time_out,0.970123291015625
9800,Loss/entropy,20.11750030517578
9800,Loss/learning_rate,0.00018762759282253683
9800,Loss/surrogate,-0.005404188297688961
9800,Loss/value,0.03556595742702484
9800,Metrics/base_velocity/error_vel_xy,0.5310856103897095
9800,Metrics/base_velocity/error_vel_yaw,0.9027535319328308
9800,Metrics/success_rate,0.02123015932738781
9800,Perf/collection_time,6.260256767272949
9800,Perf/learning_time,0.23527240753173828
9800,Perf/total_fps,15134.0
9800,Policy/mean_std,0.6855314373970032
9800,Train/mean_episode_length,989.760009765625
9800,Train/mean_reward,10.33122444152832
9900,Curriculum/terrain_levels,4.402313232421875
9900,Episode_Reward/action_rate_l2,-0.29514628648757935
9900,Episode_Reward/ang_vel_xy_l2,-0.02632199227809906
9900,Episode_Reward/belly_contact_force,0.0
9900,Episode_Reward/dof_acc_l2,-0.21305474638938904
9900,Episode_Reward/dof_pos_limits,0.0
9900,Episode_Reward/dof_torques_l2,-0.39493823051452637
9900,Episode_Reward/feet_slide,-0.011370597407221794
9900,Episode_Reward/flat_orientation_l2,0.0
9900,Episode_Reward/foot_clearance,-6.807809404563159e-05
9900,Episode_Reward/lin_vel_z_l2,-0.058225732296705246
9900,Episode_Reward/track_ang_vel_z_exp,0.2231159657239914
9900,Episode_Reward/track_lin_vel_xy_lin,1.3522279262542725
9900,Episode_Reward/undesired_contacts,-3.3333337341900915e-05
9900,Episode_Termination/tilt,0.0323588065803051
9900,Episode_Termination/time_out,0.9676412343978882
9900,Loss/entropy,20.21282386779785
9900,Loss/learning_rate,0.00018576056754682213
9900,Loss/surrogate,-0.004513090942054987
9900,Loss/value,0.026832612231373787
9900,Metrics/base_velocity/error_vel_xy,0.503726601600647
9900,Metrics/base_velocity/error_vel_yaw,0.8595191836357117
9900,Metrics/success_rate,0.05039682611823082
9900,Perf/collection_time,6.118265151977539
9900,Perf/learning_time,0.2057812213897705
9900,Perf/total_fps,15544.0
9900,Policy/mean_std,0.6875653862953186
9900,Train/mean_episode_length,991.989990234375
9900,Train/mean_reward,11.190759658813477
10000,Curriculum/terrain_levels,4.285359859466553
10000,Episode_Reward/action_rate_l2,-0.2906944155693054
10000,Episode_Reward/ang_vel_xy_l2,-0.02871067449450493
10000,Episode_Reward/belly_contact_force,0.0
10000,Episode_Reward/dof_acc_l2,-0.21917593479156494
10000,Episode_Reward/dof_pos_limits,0.0
10000,Episode_Reward/dof_torques_l2,-0.39571064710617065
10000,Episode_Reward/feet_slide,-0.010088543407619
10000,Episode_Reward/flat_orientation_l2,0.0
10000,Episode_Reward/foot_clearance,-6.490360101452097e-05
10000,Episode_Reward/lin_vel_z_l2,-0.06375988572835922
10000,Episode_Reward/track_ang_vel_z_exp,0.19492553174495697
10000,Episode_Reward/track_lin_vel_xy_lin,1.3679946660995483
10000,Episode_Reward/undesired_contacts,-2.9761904443148524e-05
10000,Episode_Termination/tilt,0.0399068221449852
10000,Episode_Termination/time_out,0.9600932002067566
10000,Loss/entropy,20.18718719482422
10000,Loss/learning_rate,0.00018391212506685406
10000,Loss/surrogate,-0.005374690983444452
10000,Loss/value,0.028053412213921547
10000,Metrics/base_velocity/error_vel_xy,0.5189905166625977
10000,Metrics/base_velocity/error_vel_yaw,0.9352154731750488
10000,Metrics/success_rate,0.008333333767950535
10000,Perf/collection_time,6.104821681976318
10000,Perf/learning_time,0.22063422203063965
10000,Perf/total_fps,15541.0
10000,Policy/mean_std,0.6869643330574036
10000,Train/mean_episode_length,984.6500244140625
10000,Train/mean_reward,11.003052711486816
10100,Curriculum/terrain_levels,4.81439208984375
10100,Episode_Reward/action_rate_l2,-0.2939198911190033
10100,Episode_Reward/ang_vel_xy_l2,-0.028301512822508812
10100,Episode_Reward/belly_contact_force,0.0
10100,Episode_Reward/dof_acc_l2,-0.22556325793266296
10100,Episode_Reward/dof_pos_limits,0.0
10100,Episode_Reward/dof_torques_l2,-0.40850162506103516
10100,Episode_Reward/feet_slide,-0.010639782063663006
10100,Episode_Reward/flat_orientation_l2,0.0
10100,Episode_Reward/foot_clearance,-6.353481148835272e-05
10100,Episode_Reward/lin_vel_z_l2,-0.06634902954101562
10100,Episode_Reward/track_ang_vel_z_exp,0.19541648030281067
10100,Episode_Reward/track_lin_vel_xy_lin,1.3442325592041016
10100,Episode_Reward/undesired_contacts,-1.5625000742147677e-05
10100,Episode_Termination/tilt,0.0249430350959301
10100,Episode_Termination/time_out,0.9750570058822632
10100,Loss/entropy,20.268413543701172
10100,Loss/learning_rate,0.00018208207620773464
10100,Loss/surrogate,-0.005968563258647919
10100,Loss/value,0.01897331140935421
10100,Metrics/base_velocity/error_vel_xy,0.5043519735336304
10100,Metrics/base_velocity/error_vel_yaw,0.9419668912887573
10100,Metrics/success_rate,0.01875000074505806
10100,Perf/collection_time,6.760636806488037
10100,Perf/learning_time,0.24626588821411133
10100,Perf/total_fps,14029.0
10100,Policy/mean_std,0.68632972240448
10100,Train/mean_episode_length,991.6400146484375
10100,Train/mean_reward,10.054839134216309
10200,Curriculum/terrain_levels,5.182851314544678
10200,Episode_Reward/action_rate_l2,-0.2888950705528259
10200,Episode_Reward/ang_vel_xy_l2,-0.02741129696369171
10200,Episode_Reward/belly_contact_force,0.0
10200,Episode_Reward/dof_acc_l2,-0.21009594202041626
10200,Episode_Reward/dof_pos_limits,0.0
10200,Episode_Reward/dof_torques_l2,-0.39926671981811523
10200,Episode_Reward/feet_slide,-0.010524511337280273
10200,Episode_Reward/flat_orientation_l2,0.0
10200,Episode_Reward/foot_clearance,-6.422641308745369e-05
10200,Episode_Reward/lin_vel_z_l2,-0.06153513118624687
10200,Episode_Reward/track_ang_vel_z_exp,0.20006117224693298
10200,Episode_Reward/track_lin_vel_xy_lin,1.3378089666366577
10200,Episode_Reward/undesired_contacts,0.0
10200,Episode_Termination/tilt,0.016998291015625
10200,Episode_Termination/time_out,0.983001708984375
10200,Loss/entropy,20.342588424682617
10200,Loss/learning_rate,0.00018027024634648114
10200,Loss/surrogate,-0.005998801440000534
10200,Loss/value,0.024635573849081993
10200,Metrics/base_velocity/error_vel_xy,0.5530025959014893
10200,Metrics/base_velocity/error_vel_yaw,0.9030167460441589
10200,Metrics/success_rate,0.01527777872979641
10200,Perf/collection_time,6.112305641174316
10200,Perf/learning_time,0.20649266242980957
10200,Perf/total_fps,15557.0
10200,Policy/mean_std,0.688606858253479
10200,Train/mean_episode_length,984.6099853515625
10200,Train/mean_reward,10.707328796386719
10289,Train/mean_episode_length/time,634.72998046875
10289,Train/mean_reward/time,1.383749008178711
10300,Curriculum/terrain_levels,4.0085248947143555
10300,Episode_Reward/action_rate_l2,-0.29384440183639526
10300,Episode_Reward/ang_vel_xy_l2,-0.025412827730178833
10300,Episode_Reward/belly_contact_force,0.0
10300,Episode_Reward/dof_acc_l2,-0.2118377685546875
10300,Episode_Reward/dof_pos_limits,0.0
10300,Episode_Reward/dof_torques_l2,-0.40900254249572754
10300,Episode_Reward/feet_slide,-0.010744644328951836
10300,Episode_Reward/flat_orientation_l2,0.0
10300,Episode_Reward/foot_clearance,-6.749253225279972e-05
10300,Episode_Reward/lin_vel_z_l2,-0.05914389342069626
10300,Episode_Reward/track_ang_vel_z_exp,0.21696148812770844
10300,Episode_Reward/track_lin_vel_xy_lin,1.3065049648284912
10300,Episode_Reward/undesired_contacts,0.0
10300,Episode_Termination/tilt,0.035247802734375
10300,Episode_Termination/time_out,0.964752197265625
10300,Loss/entropy,20.161752700805664
10300,Loss/learning_rate,0.00017847643175628036
10300,Loss/surrogate,-0.004406671039760113
10300,Loss/value,0.0218758974224329
10300,Metrics/base_velocity/error_vel_xy,0.5203264951705933
10300,Metrics/base_velocity/error_vel_yaw,0.8787716627120972
10300,Metrics/success_rate,0.06041666865348816
10300,Perf/collection_time,6.057449817657471
10300,Perf/learning_time,0.20626449584960938
10300,Perf/total_fps,15694.0
10300,Policy/mean_std,0.6874039173126221
10300,Train/mean_episode_length,992.3300170898438
10300,Train/mean_reward,10.343521118164062
10400,Curriculum/terrain_levels,4.393524169921875
10400,Episode_Reward/action_rate_l2,-0.2937082052230835
10400,Episode_Reward/ang_vel_xy_l2,-0.02663481794297695
10400,Episode_Reward/belly_contact_force,0.0
10400,Episode_Reward/dof_acc_l2,-0.2235465943813324
10400,Episode_Reward/dof_pos_limits,0.0
10400,Episode_Reward/dof_torques_l2,-0.40483924746513367
10400,Episode_Reward/feet_slide,-0.011341763660311699
10400,Episode_Reward/flat_orientation_l2,0.0
10400,Episode_Reward/foot_clearance,-6.564478826476261e-05
10400,Episode_Reward/lin_vel_z_l2,-0.056603483855724335
10400,Episode_Reward/track_ang_vel_z_exp,0.20524048805236816
10400,Episode_Reward/track_lin_vel_xy_lin,1.3547348976135254
10400,Episode_Reward/undesired_contacts,-2.083333492919337e-05
10400,Episode_Termination/tilt,0.0223795585334301
10400,Episode_Termination/time_out,0.9776204824447632
10400,Loss/entropy,20.113563537597656
10400,Loss/learning_rate,0.0001767004723660648
10400,Loss/surrogate,-0.004956846125423908
10400,Loss/value,0.02931184321641922
10400,Metrics/base_velocity/error_vel_xy,0.5145259499549866
10400,Metrics/base_velocity/error_vel_yaw,0.9171409010887146
10400,Metrics/success_rate,0.03333333507180214
10400,Perf/collection_time,6.074885368347168
10400,Perf/learning_time,0.2139604091644287
10400,Perf/total_fps,15631.0
10400,Policy/mean_std,0.686034083366394
10400,Train/mean_episode_length,997.4600219726562
10400,Train/mean_reward,10.826517105102539
10500,Curriculum/terrain_levels,4.8947248458862305
10500,Episode_Reward/action_rate_l2,-0.2938985228538513
10500,Episode_Reward/ang_vel_xy_l2,-0.02779076248407364
10500,Episode_Reward/belly_contact_force,0.0
10500,Episode_Reward/dof_acc_l2,-0.22443923354148865
10500,Episode_Reward/dof_pos_limits,0.0
10500,Episode_Reward/dof_torques_l2,-0.4012044072151184
10500,Episode_Reward/feet_slide,-0.010600726120173931
10500,Episode_Reward/flat_orientation_l2,0.0
10500,Episode_Reward/foot_clearance,-6.388114707078785e-05
10500,Episode_Reward/lin_vel_z_l2,-0.06141715496778488
10500,Episode_Reward/track_ang_vel_z_exp,0.20048978924751282
10500,Episode_Reward/track_lin_vel_xy_lin,1.3705428838729858
10500,Episode_Reward/undesired_contacts,0.0
10500,Episode_Termination/tilt,0.02031453512609005
10500,Episode_Termination/time_out,0.9796854853630066
10500,Loss/entropy,20.255847930908203
10500,Loss/learning_rate,0.00017494219355285168
10500,Loss/surrogate,-0.00586641114205122
10500,Loss/value,0.030063781887292862
10500,Metrics/base_velocity/error_vel_xy,0.5352813601493835
10500,Metrics/base_velocity/error_vel_yaw,0.9352282285690308
10500,Metrics/success_rate,0.0163690485060215
10500,Perf/collection_time,6.207943916320801
10500,Perf/learning_time,0.2568840980529785
10500,Perf/total_fps,15205.0
10500,Policy/mean_std,0.68708735704422
10500,Train/mean_episode_length,992.4500122070312
10500,Train/mean_reward,10.682212829589844
10600,Curriculum/terrain_levels,3.797576904296875
10600,Episode_Reward/action_rate_l2,-0.2953321933746338
10600,Episode_Reward/ang_vel_xy_l2,-0.027433618903160095
10600,Episode_Reward/belly_contact_force,0.0
10600,Episode_Reward/dof_acc_l2,-0.22150705754756927
10600,Episode_Reward/dof_pos_limits,0.0
10600,Episode_Reward/dof_torques_l2,-0.40119314193725586
10600,Episode_Reward/feet_slide,-0.011172948405146599
10600,Episode_Reward/flat_orientation_l2,0.0
10600,Episode_Reward/foot_clearance,-6.717683572787791e-05
10600,Episode_Reward/lin_vel_z_l2,-0.060997702181339264
10600,Episode_Reward/track_ang_vel_z_exp,0.20573954284191132
10600,Episode_Reward/track_lin_vel_xy_lin,1.3956984281539917
10600,Episode_Reward/undesired_contacts,0.0
10600,Episode_Termination/tilt,0.01458740234375
10600,Episode_Termination/time_out,0.98541259765625
10600,Loss/entropy,20.31214714050293
10600,Loss/learning_rate,0.00017320140614174306
10600,Loss/surrogate,-0.004607221577316523
10600,Loss/value,0.02723861299455166
10600,Metrics/base_velocity/error_vel_xy,0.5310899019241333
10600,Metrics/base_velocity/error_vel_yaw,0.9171707034111023
10600,Metrics/success_rate,0.0416666679084301
10600,Perf/collection_time,6.115790843963623
10600,Perf/learning_time,0.2154860496520996
10600,Perf/total_fps,15526.0
10600,Policy/mean_std,0.689586877822876
10600,Train/mean_episode_length,986.3599853515625
10600,Train/mean_reward,11.425869941711426
10700,Curriculum/terrain_levels,4.296956539154053
10700,Episode_Reward/action_rate_l2,-0.29532670974731445
10700,Episode_Reward/ang_vel_xy_l2,-0.027067620307207108
10700,Episode_Reward/belly_contact_force,0.0
10700,Episode_Reward/dof_acc_l2,-0.21818725764751434
10700,Episode_Reward/dof_pos_limits,0.0
10700,Episode_Reward/dof_torques_l2,-0.4004400372505188
10700,Episode_Reward/feet_slide,-0.011022478342056274
10700,Episode_Reward/flat_orientation_l2,0.0
10700,Episode_Reward/foot_clearance,-6.740923709003255e-05
10700,Episode_Reward/lin_vel_z_l2,-0.06207118555903435
10700,Episode_Reward/track_ang_vel_z_exp,0.1972244679927826
10700,Episode_Reward/track_lin_vel_xy_lin,1.3657200336456299
10700,Episode_Reward/undesired_contacts,0.0
10700,Episode_Termination/tilt,0.01387532614171505
10700,Episode_Termination/time_out,0.9861246943473816
10700,Loss/entropy,20.31849479675293
10700,Loss/learning_rate,0.0001714779355097562
10700,Loss/surrogate,-0.005885582882910967
10700,Loss/value,0.03010440059006214
10700,Metrics/base_velocity/error_vel_xy,0.5020250678062439
10700,Metrics/base_velocity/error_vel_yaw,0.948394238948822
10700,Metrics/success_rate,0.02083333395421505
10700,Perf/collection_time,6.0670342445373535
10700,Perf/learning_time,0.24707746505737305
10700,Perf/total_fps,15568.0
10700,Policy/mean_std,0.6920093297958374
10700,Train/mean_episode_length,1000.0
10700,Train/mean_reward,10.75450611114502
10800,Curriculum/terrain_levels,4.919677734375
10800,Episode_Reward/action_rate_l2,-0.29137325286865234
10800,Episode_Reward/ang_vel_xy_l2,-0.024899838492274284
10800,Episode_Reward/belly_contact_force,0.0
10800,Episode_Reward/dof_acc_l2,-0.20574192702770233
10800,Episode_Reward/dof_pos_limits,0.0
10800,Episode_Reward/dof_torques_l2,-0.3922049403190613
10800,Episode_Reward/feet_slide,-0.010394139215350151
10800,Episode_Reward/flat_orientation_l2,0.0
10800,Episode_Reward/foot_clearance,-6.903790927026421e-05
10800,Episode_Reward/lin_vel_z_l2,-0.059121470898389816
10800,Episode_Reward/track_ang_vel_z_exp,0.22397378087043762
10800,Episode_Reward/track_lin_vel_xy_lin,1.3634748458862305
10800,Episode_Reward/undesired_contacts,-4.166666985838674e-05
10800,Episode_Termination/tilt,0.0069580078125
10800,Episode_Termination/time_out,0.9930419921875
10800,Loss/entropy,20.15853500366211
10800,Loss/learning_rate,0.0001697716215858236
10800,Loss/surrogate,-0.006095693912357092
10800,Loss/value,0.022001521661877632
10800,Metrics/base_velocity/error_vel_xy,0.4942346513271332
10800,Metrics/base_velocity/error_vel_yaw,0.8386574983596802
10800,Metrics/success_rate,0.0580357126891613
10800,Perf/collection_time,7.152143955230713
10800,Perf/learning_time,0.3149838447570801
10800,Perf/total_fps,13164.0
10800,Policy/mean_std,0.689471960067749
10800,Train/mean_episode_length,993.010009765625
10800,Train/mean_reward,12.01292896270752
10900,Curriculum/terrain_levels,5.128316402435303
10900,Episode_Reward/action_rate_l2,-0.2948981523513794
10900,Episode_Reward/ang_vel_xy_l2,-0.028184670954942703
10900,Episode_Reward/belly_contact_force,0.0
10900,Episode_Reward/dof_acc_l2,-0.2205730527639389
10900,Episode_Reward/dof_pos_limits,0.0
10900,Episode_Reward/dof_torques_l2,-0.4022815227508545
10900,Episode_Reward/feet_slide,-0.010826128534972668
10900,Episode_Reward/flat_orientation_l2,0.0
10900,Episode_Reward/foot_clearance,-6.677587953163311e-05
10900,Episode_Reward/lin_vel_z_l2,-0.061068009585142136
10900,Episode_Reward/track_ang_vel_z_exp,0.21522077918052673
10900,Episode_Reward/track_lin_vel_xy_lin,1.3731120824813843
10900,Episode_Reward/undesired_contacts,0.0
10900,Episode_Termination/tilt,0.00537109375
10900,Episode_Termination/time_out,0.99462890625
10900,Loss/entropy,19.95232391357422
10900,Loss/learning_rate,0.00016808227519504726
10900,Loss/surrogate,-0.004654833115637302
10900,Loss/value,0.01992586813867092
10900,Metrics/base_velocity/error_vel_xy,0.4936111867427826
10900,Metrics/base_velocity/error_vel_yaw,0.8810482025146484
10900,Metrics/success_rate,0.06388889253139496
10900,Perf/collection_time,6.070293426513672
10900,Perf/learning_time,0.23480796813964844
10900,Perf/total_fps,15591.0
10900,Policy/mean_std,0.6870573163032532
10900,Train/mean_episode_length,1000.0
10900,Train/mean_reward,11.823505401611328
10950,Train/mean_episode_length/time,587.4099731445312
10950,Train/mean_reward/time,2.3097851276397705
11000,Curriculum/terrain_levels,5.60302734375
11000,Episode_Reward/action_rate_l2,-0.2953357398509979
11000,Episode_Reward/ang_vel_xy_l2,-0.028969593346118927
11000,Episode_Reward/belly_contact_force,0.0
11000,Episode_Reward/dof_acc_l2,-0.21713685989379883
11000,Episode_Reward/dof_pos_limits,0.0
11000,Episode_Reward/dof_torques_l2,-0.4031832218170166
11000,Episode_Reward/feet_slide,-0.010728190653026104
11000,Episode_Reward/flat_orientation_l2,0.0
11000,Episode_Reward/foot_clearance,-6.832649523857981e-05
11000,Episode_Reward/lin_vel_z_l2,-0.05883593112230301
11000,Episode_Reward/track_ang_vel_z_exp,0.19148358702659607
11000,Episode_Reward/track_lin_vel_xy_lin,1.3455660343170166
11000,Episode_Reward/undesired_contacts,-0.0001369047531625256
11000,Episode_Termination/tilt,0.005615234375
11000,Episode_Termination/time_out,0.994384765625
11000,Loss/entropy,19.940837860107422
11000,Loss/learning_rate,0.00016640975081827492
11000,Loss/surrogate,-0.004522188100963831
11000,Loss/value,0.02640501968562603
11000,Metrics/base_velocity/error_vel_xy,0.5282970666885376
11000,Metrics/base_velocity/error_vel_yaw,0.9744090437889099
11000,Metrics/success_rate,0.0
11000,Perf/collection_time,6.045077323913574
11000,Perf/learning_time,0.2250652313232422
11000,Perf/total_fps,15678.0
11000,Policy/mean_std,0.6864765882492065
11000,Train/mean_episode_length,1000.0
11000,Train/mean_reward,10.237625122070312
11100,Curriculum/terrain_levels,4.288818359375
11100,Episode_Reward/action_rate_l2,-0.29117056727409363
11100,Episode_Reward/ang_vel_xy_l2,-0.02809862792491913
11100,Episode_Reward/belly_contact_force,0.0
11100,Episode_Reward/dof_acc_l2,-0.21038155257701874
11100,Episode_Reward/dof_pos_limits,0.0
11100,Episode_Reward/dof_torques_l2,-0.39445799589157104
11100,Episode_Reward/feet_slide,-0.011076698079705238
11100,Episode_Reward/flat_orientation_l2,0.0
11100,Episode_Reward/foot_clearance,-6.998037861194462e-05
11100,Episode_Reward/lin_vel_z_l2,-0.057313840836286545
11100,Episode_Reward/track_ang_vel_z_exp,0.20374350249767303
11100,Episode_Reward/track_lin_vel_xy_lin,1.3940147161483765
11100,Episode_Reward/undesired_contacts,0.0
11100,Episode_Termination/tilt,0.012491862289607525
11100,Episode_Termination/time_out,0.9875081777572632
11100,Loss/entropy,19.932798385620117
11100,Loss/learning_rate,0.0001647538592806086
11100,Loss/surrogate,-0.004635753110051155
11100,Loss/value,0.022512106224894524
11100,Metrics/base_velocity/error_vel_xy,0.5017175078392029
11100,Metrics/base_velocity/error_vel_yaw,0.9262360334396362
11100,Metrics/success_rate,0.012962963432073593
11100,Perf/collection_time,6.213241100311279
11100,Perf/learning_time,0.21854186058044434
11100,Perf/total_fps,15284.0
11100,Policy/mean_std,0.6865665316581726
11100,Train/mean_episode_length,999.2100219726562
11100,Train/mean_reward,11.250787734985352
11200,Curriculum/terrain_levels,4.19659423828125
11200,Episode_Reward/action_rate_l2,-0.2903715968132019
11200,Episode_Reward/ang_vel_xy_l2,-0.02762579172849655
11200,Episode_Reward/belly_contact_force,0.0
11200,Episode_Reward/dof_acc_l2,-0.21047060191631317
11200,Episode_Reward/dof_pos_limits,0.0
11200,Episode_Reward/dof_torques_l2,-0.3990415036678314
11200,Episode_Reward/feet_slide,-0.011012746021151543
11200,Episode_Reward/flat_orientation_l2,0.0
11200,Episode_Reward/foot_clearance,-6.9603425799869e-05
11200,Episode_Reward/lin_vel_z_l2,-0.05885818228125572
11200,Episode_Reward/track_ang_vel_z_exp,0.1996040791273117
11200,Episode_Reward/track_lin_vel_xy_lin,1.3406176567077637
11200,Episode_Reward/undesired_contacts,0.0
11200,Episode_Termination/tilt,0.005137125961482525
11200,Episode_Termination/time_out,0.9948629140853882
11200,Loss/entropy,19.84794044494629
11200,Loss/learning_rate,0.000163114455062896
11200,Loss/surrogate,-0.004511560779064894
11200,Loss/value,0.0273889247328043
11200,Metrics/base_velocity/error_vel_xy,0.504525363445282
11200,Metrics/base_velocity/error_vel_yaw,0.9466773867607117
11200,Metrics/success_rate,0.01875000074505806
11200,Perf/collection_time,6.1137213706970215
11200,Perf/learning_time,0.20923829078674316
11200,Perf/total_fps,15547.0
11200,Policy/mean_std,0.684939980506897
11200,Train/mean_episode_length,1000.0
11200,Train/mean_reward,11.370574951171875
11300,Curriculum/terrain_levels,4.640096187591553
11300,Episode_Reward/action_rate_l2,-0.2872615158557892
11300,Episode_Reward/ang_vel_xy_l2,-0.025347910821437836
11300,Episode_Reward/belly_contact_force,0.0
11300,Episode_Reward/dof_acc_l2,-0.19503049552440643
11300,Episode_Reward/dof_pos_limits,0.0
11300,Episode_Reward/dof_torques_l2,-0.3856825828552246
11300,Episode_Reward/feet_slide,-0.010739197954535484
11300,Episode_Reward/flat_orientation_l2,0.0
11300,Episode_Reward/foot_clearance,-6.927357026143e-05
11300,Episode_Reward/lin_vel_z_l2,-0.05344490334391594
11300,Episode_Reward/track_ang_vel_z_exp,0.21202239394187927
11300,Episode_Reward/track_lin_vel_xy_lin,1.3621742725372314
11300,Episode_Reward/undesired_contacts,0.0
11300,Episode_Termination/tilt,0.00804646871984005
11300,Episode_Termination/time_out,0.9919535517692566
11300,Loss/entropy,19.73217010498047
11300,Loss/learning_rate,0.0001614913489902392
11300,Loss/surrogate,-0.0056150187738239765
11300,Loss/value,0.02333647757768631
11300,Metrics/base_velocity/error_vel_xy,0.49583813548088074
11300,Metrics/base_velocity/error_vel_yaw,0.9047333598136902
11300,Metrics/success_rate,0.01289682649075985
11300,Perf/collection_time,6.065421104431152
11300,Perf/learning_time,0.23970794677734375
11300,Perf/total_fps,15591.0
11300,Policy/mean_std,0.6847826838493347
11300,Train/mean_episode_length,992.6900024414062
11300,Train/mean_reward,12.205573081970215
11400,Curriculum/terrain_levels,5.068196773529053
11400,Episode_Reward/action_rate_l2,-0.2936466634273529
11400,Episode_Reward/ang_vel_xy_l2,-0.031113138422369957
11400,Episode_Reward/belly_contact_force,0.0
11400,Episode_Reward/dof_acc_l2,-0.22287434339523315
11400,Episode_Reward/dof_pos_limits,0.0
11400,Episode_Reward/dof_torques_l2,-0.3995128273963928
11400,Episode_Reward/feet_slide,-0.01094440184533596
11400,Episode_Reward/flat_orientation_l2,0.0
11400,Episode_Reward/foot_clearance,-6.517824658658355e-05
11400,Episode_Reward/lin_vel_z_l2,-0.06205827742815018
11400,Episode_Reward/track_ang_vel_z_exp,0.20844201743602753
11400,Episode_Reward/track_lin_vel_xy_lin,1.3598833084106445
11400,Episode_Reward/undesired_contacts,0.0
11400,Episode_Termination/tilt,0.00439453125
11400,Episode_Termination/time_out,0.99560546875
11400,Loss/entropy,19.902847290039062
11400,Loss/learning_rate,0.0001598844100954011
11400,Loss/surrogate,-0.004624200984835625
11400,Loss/value,0.029398422688245773
11400,Metrics/base_velocity/error_vel_xy,0.5123446583747864
11400,Metrics/base_velocity/error_vel_yaw,0.9105472564697266
11400,Metrics/success_rate,0.01875000074505806
11400,Perf/collection_time,6.0927886962890625
11400,Perf/learning_time,0.21193146705627441
11400,Perf/total_fps,15592.0
11400,Policy/mean_std,0.6858199238777161
11400,Train/mean_episode_length,1000.0
11400,Train/mean_reward,12.022229194641113
11500,Curriculum/terrain_levels,5.5284223556518555
11500,Episode_Reward/action_rate_l2,-0.281544029712677
11500,Episode_Reward/ang_vel_xy_l2,-0.027613162994384766
11500,Episode_Reward/belly_contact_force,0.0
11500,Episode_Reward/dof_acc_l2,-0.21571555733680725
11500,Episode_Reward/dof_pos_limits,0.0
11500,Episode_Reward/dof_torques_l2,-0.3908073306083679
11500,Episode_Reward/feet_slide,-0.010658172890543938
11500,Episode_Reward/flat_orientation_l2,0.0
11500,Episode_Reward/foot_clearance,-6.443685560952872e-05
11500,Episode_Reward/lin_vel_z_l2,-0.05789433419704437
11500,Episode_Reward/track_ang_vel_z_exp,0.18583720922470093
11500,Episode_Reward/track_lin_vel_xy_lin,1.3146483898162842
11500,Episode_Reward/undesired_contacts,-0.0028124982491135597
11500,Episode_Termination/tilt,0.008585612289607525
11500,Episode_Termination/time_out,0.9914144277572632
11500,Loss/entropy,19.99805450439453
11500,Loss/learning_rate,0.00015829344920348376
11500,Loss/surrogate,-0.005483697634190321
11500,Loss/value,0.02513207122683525
11500,Metrics/base_velocity/error_vel_xy,0.536216676235199
11500,Metrics/base_velocity/error_vel_yaw,0.9745590090751648
11500,Metrics/success_rate,0.0052083334885537624
11500,Perf/collection_time,6.069378852844238
11500,Perf/learning_time,0.21813058853149414
11500,Perf/total_fps,15634.0
11500,Policy/mean_std,0.6859741806983948
11500,Train/mean_episode_length,989.0999755859375
11500,Train/mean_reward,10.504595756530762
11600,Curriculum/terrain_levels,4.9406538009643555
11600,Episode_Reward/action_rate_l2,-0.285835325717926
11600,Episode_Reward/ang_vel_xy_l2,-0.025494901463389397
11600,Episode_Reward/belly_contact_force,0.0
11600,Episode_Reward/dof_acc_l2,-0.20209980010986328
11600,Episode_Reward/dof_pos_limits,0.0
11600,Episode_Reward/dof_torques_l2,-0.3840201497077942
11600,Episode_Reward/feet_slide,-0.01079076062887907
11600,Episode_Reward/flat_orientation_l2,0.0
11600,Episode_Reward/foot_clearance,-7.163152622524649e-05
11600,Episode_Reward/lin_vel_z_l2,-0.05226060003042221
11600,Episode_Reward/track_ang_vel_z_exp,0.21158453822135925
11600,Episode_Reward/track_lin_vel_xy_lin,1.35076904296875
11600,Episode_Reward/undesired_contacts,0.0
11600,Episode_Termination/tilt,0.005045573227107525
11600,Episode_Termination/time_out,0.9949544668197632
11600,Loss/entropy,19.90269660949707
11600,Loss/learning_rate,0.00015671832079533488
11600,Loss/surrogate,-0.005834334529936314
11600,Loss/value,0.02039317414164543
11600,Metrics/base_velocity/error_vel_xy,0.4917965829372406
11600,Metrics/base_velocity/error_vel_yaw,0.9115060567855835
11600,Metrics/success_rate,0.02123015932738781
11600,Perf/collection_time,6.0367937088012695
11600,Perf/learning_time,0.20195770263671875
11600,Perf/total_fps,15756.0
11600,Policy/mean_std,0.6870042085647583
11600,Train/mean_episode_length,990.3300170898438
11600,Train/mean_reward,11.197786331176758
11610,Train/mean_episode_length/time,569.5800170898438
11610,Train/mean_reward/time,1.5143208503723145
11700,Curriculum/terrain_levels,3.552398681640625
11700,Episode_Reward/action_rate_l2,-0.28811272978782654
11700,Episode_Reward/ang_vel_xy_l2,-0.027987554669380188
11700,Episode_Reward/belly_contact_force,0.0
11700,Episode_Reward/dof_acc_l2,-0.2092912644147873
11700,Episode_Reward/dof_pos_limits,0.0
11700,Episode_Reward/dof_torques_l2,-0.3894968032836914
11700,Episode_Reward/feet_slide,-0.010324983857572079
11700,Episode_Reward/flat_orientation_l2,0.0
11700,Episode_Reward/foot_clearance,-6.475743430200964e-05
11700,Episode_Reward/lin_vel_z_l2,-0.05413021892309189
11700,Episode_Reward/track_ang_vel_z_exp,0.21882662177085876
11700,Episode_Reward/track_lin_vel_xy_lin,1.354728102684021
11700,Episode_Reward/undesired_contacts,0.0
11700,Episode_Termination/tilt,0.005126953125
11700,Episode_Termination/time_out,0.994873046875
11700,Loss/entropy,19.851337432861328
11700,Loss/learning_rate,0.00015515887935180217
11700,Loss/surrogate,-0.004654937889426947
11700,Loss/value,0.024902179837226868
11700,Metrics/base_velocity/error_vel_xy,0.5124848484992981
11700,Metrics/base_velocity/error_vel_yaw,0.877511203289032
11700,Metrics/success_rate,0.024470901116728783
11700,Perf/collection_time,6.213499069213867
11700,Perf/learning_time,0.21712064743041992
11700,Perf/total_fps,15286.0
11700,Policy/mean_std,0.6847184896469116
11700,Train/mean_episode_length,1000.0
11700,Train/mean_reward,11.810815811157227
11800,Curriculum/terrain_levels,3.3986411094665527
11800,Episode_Reward/action_rate_l2,-0.28965097665786743
11800,Episode_Reward/ang_vel_xy_l2,-0.031048348173499107
11800,Episode_Reward/belly_contact_force,0.0
11800,Episode_Reward/dof_acc_l2,-0.21545259654521942
11800,Episode_Reward/dof_pos_limits,0.0
11800,Episode_Reward/dof_torques_l2,-0.39898884296417236
11800,Episode_Reward/feet_slide,-0.011238889768719673
11800,Episode_Reward/flat_orientation_l2,0.0
11800,Episode_Reward/foot_clearance,-6.400400889106095e-05
11800,Episode_Reward/lin_vel_z_l2,-0.060561250895261765
11800,Episode_Reward/track_ang_vel_z_exp,0.20977842807769775
11800,Episode_Reward/track_lin_vel_xy_lin,1.376607894897461
11800,Episode_Reward/undesired_contacts,0.0
11800,Episode_Termination/tilt,0.0068359375
11800,Episode_Termination/time_out,0.9931640625
11800,Loss/entropy,19.966426849365234
11800,Loss/learning_rate,0.00015361493569798768
11800,Loss/surrogate,-0.004600954707711935
11800,Loss/value,0.028078142553567886
11800,Metrics/base_velocity/error_vel_xy,0.5280884504318237
11800,Metrics/base_velocity/error_vel_yaw,0.9147591590881348
11800,Metrics/success_rate,0.02256944589316845
11800,Perf/collection_time,6.091554641723633
11800,Perf/learning_time,0.21984529495239258
11800,Perf/total_fps,15575.0
11800,Policy/mean_std,0.6857485175132751
11800,Train/mean_episode_length,1000.0
11800,Train/mean_reward,11.95092487335205
11900,Curriculum/terrain_levels,4.01251220703125
11900,Episode_Reward/action_rate_l2,-0.29442691802978516
11900,Episode_Reward/ang_vel_xy_l2,-0.031175613403320312
11900,Episode_Reward/belly_contact_force,-0.0011373534798622131
11900,Episode_Reward/dof_acc_l2,-0.2279067039489746
11900,Episode_Reward/dof_pos_limits,0.0
11900,Episode_Reward/dof_torques_l2,-0.40038108825683594
11900,Episode_Reward/feet_slide,-0.01067431177943945
11900,Episode_Reward/flat_orientation_l2,0.0
11900,Episode_Reward/foot_clearance,-6.189363193698227e-05
11900,Episode_Reward/lin_vel_z_l2,-0.060590337961912155
11900,Episode_Reward/track_ang_vel_z_exp,0.21607550978660583
11900,Episode_Reward/track_lin_vel_xy_lin,1.3728092908859253
11900,Episode_Reward/undesired_contacts,-6.770832987967879e-05
11900,Episode_Termination/tilt,0.005615234375
11900,Episode_Termination/time_out,0.994384765625
11900,Loss/entropy,20.205163955688477
11900,Loss/learning_rate,0.00015208637341856956
11900,Loss/surrogate,-0.004973782692104578
11900,Loss/value,0.02708597667515278
11900,Metrics/base_velocity/error_vel_xy,0.5388391017913818
11900,Metrics/base_velocity/error_vel_yaw,0.8758260607719421
11900,Metrics/success_rate,0.04379960522055626
11900,Perf/collection_time,6.151971817016602
11900,Perf/learning_time,0.2232377529144287
11900,Perf/total_fps,15419.0
11900,Policy/mean_std,0.6917473077774048
11900,Train/mean_episode_length,1000.0
11900,Train/mean_reward,11.060675621032715
12000,Curriculum/terrain_levels,5.522186279296875
12000,Episode_Reward/action_rate_l2,-0.2887524366378784
12000,Episode_Reward/ang_vel_xy_l2,-0.02770073711872101
12000,Episode_Reward/belly_contact_force,0.0
12000,Episode_Reward/dof_acc_l2,-0.22074124217033386
12000,Episode_Reward/dof_pos_limits,0.0
12000,Episode_Reward/dof_torques_l2,-0.38511666655540466
12000,Episode_Reward/feet_slide,-0.010534381493926048
12000,Episode_Reward/flat_orientation_l2,0.0
12000,Episode_Reward/foot_clearance,-6.463174213422462e-05
12000,Episode_Reward/lin_vel_z_l2,-0.054756294935941696
12000,Episode_Reward/track_ang_vel_z_exp,0.20051565766334534
12000,Episode_Reward/track_lin_vel_xy_lin,1.375401496887207
12000,Episode_Reward/undesired_contacts,0.0
12000,Episode_Termination/tilt,0.005655924789607525
12000,Episode_Termination/time_out,0.9943441152572632
12000,Loss/entropy,20.035131454467773
12000,Loss/learning_rate,0.0001505730178905651
12000,Loss/surrogate,-0.005193513352423906
12000,Loss/value,0.029619693756103516
12000,Metrics/base_velocity/error_vel_xy,0.5169368982315063
12000,Metrics/base_velocity/error_vel_yaw,0.9412868022918701
12000,Metrics/success_rate,0.0
12000,Perf/collection_time,6.459131240844727
12000,Perf/learning_time,0.2620978355407715
12000,Perf/total_fps,14625.0
12000,Policy/mean_std,0.6898989677429199
12000,Train/mean_episode_length,994.280029296875
12000,Train/mean_reward,11.601462364196777
12100,Curriculum/terrain_levels,4.294209957122803
12100,Episode_Reward/action_rate_l2,-0.2875945568084717
12100,Episode_Reward/ang_vel_xy_l2,-0.02603987418115139
12100,Episode_Reward/belly_contact_force,0.0
12100,Episode_Reward/dof_acc_l2,-0.20703423023223877
12100,Episode_Reward/dof_pos_limits,0.0
12100,Episode_Reward/dof_torques_l2,-0.3826081454753876
12100,Episode_Reward/feet_slide,-0.011032010428607464
12100,Episode_Reward/flat_orientation_l2,0.0
12100,Episode_Reward/foot_clearance,-6.927063805051148e-05
12100,Episode_Reward/lin_vel_z_l2,-0.05307786911725998
12100,Episode_Reward/track_ang_vel_z_exp,0.20448440313339233
12100,Episode_Reward/track_lin_vel_xy_lin,1.3847367763519287
12100,Episode_Reward/undesired_contacts,-4.166666985838674e-05
12100,Episode_Termination/tilt,0.003936767578125
12100,Episode_Termination/time_out,0.996063232421875
12100,Loss/entropy,19.912080764770508
12100,Loss/learning_rate,0.00014907470904290676
12100,Loss/surrogate,-0.004286618437618017
12100,Loss/value,0.01868816837668419
12100,Metrics/base_velocity/error_vel_xy,0.5180558562278748
12100,Metrics/base_velocity/error_vel_yaw,0.9451589584350586
12100,Metrics/success_rate,0.02083333395421505
12100,Perf/collection_time,5.9815216064453125
12100,Perf/learning_time,0.21696114540100098
12100,Perf/total_fps,15859.0
12100,Policy/mean_std,0.6886003613471985
12100,Train/mean_episode_length,998.7999877929688
12100,Train/mean_reward,12.464068412780762
12200,Curriculum/terrain_levels,3.7691245079040527
12200,Episode_Reward/action_rate_l2,-0.2904421091079712
12200,Episode_Reward/ang_vel_xy_l2,-0.028922921046614647
12200,Episode_Reward/belly_contact_force,0.0
12200,Episode_Reward/dof_acc_l2,-0.21478056907653809
12200,Episode_Reward/dof_pos_limits,0.0
12200,Episode_Reward/dof_torques_l2,-0.3884293735027313
12200,Episode_Reward/feet_slide,-0.01029991265386343
12200,Episode_Reward/flat_orientation_l2,0.0
12200,Episode_Reward/foot_clearance,-6.702145037706941e-05
12200,Episode_Reward/lin_vel_z_l2,-0.06020811200141907
12200,Episode_Reward/track_ang_vel_z_exp,0.2146434485912323
12200,Episode_Reward/track_lin_vel_xy_lin,1.3857520818710327
12200,Episode_Reward/undesired_contacts,0.0
12200,Episode_Termination/tilt,0.0042724609375
12200,Episode_Termination/time_out,0.9957275390625
12200,Loss/entropy,19.897724151611328
12200,Loss/learning_rate,0.0001475913159083575
12200,Loss/surrogate,-0.0045355684123933315
12200,Loss/value,0.024556955322623253
12200,Metrics/base_velocity/error_vel_xy,0.5444542765617371
12200,Metrics/base_velocity/error_vel_yaw,0.8834896087646484
12200,Metrics/success_rate,0.04745370149612427
12200,Perf/collection_time,5.999400615692139
12200,Perf/learning_time,0.22959399223327637
12200,Perf/total_fps,15781.0
12200,Policy/mean_std,0.6867964863777161
12200,Train/mean_episode_length,1000.0
12200,Train/mean_reward,12.608802795410156
12265,Train/mean_episode_length/time,579.1699829101562
12265,Train/mean_reward/time,0.8891419768333435
12300,Curriculum/terrain_levels,3.8765463829040527
12300,Episode_Reward/action_rate_l2,-0.2898522615432739
12300,Episode_Reward/ang_vel_xy_l2,-0.030362922698259354
12300,Episode_Reward/belly_contact_force,0.0
12300,Episode_Reward/dof_acc_l2,-0.2223808467388153
12300,Episode_Reward/dof_pos_limits,0.0
12300,Episode_Reward/dof_torques_l2,-0.391373872756958
12300,Episode_Reward/feet_slide,-0.01101855468004942
12300,Episode_Reward/flat_orientation_l2,0.0
12300,Episode_Reward/foot_clearance,-6.611805292777717e-05
12300,Episode_Reward/lin_vel_z_l2,-0.06022952124476433
12300,Episode_Reward/track_ang_vel_z_exp,0.2049524486064911
12300,Episode_Reward/track_lin_vel_xy_lin,1.3687305450439453
12300,Episode_Reward/undesired_contacts,0.0
12300,Episode_Termination/tilt,0.004974365234375
12300,Episode_Termination/time_out,0.995025634765625
12300,Loss/entropy,20.013809204101562
12300,Loss/learning_rate,0.00014612269296776503
12300,Loss/surrogate,-0.0041870917193591595
12300,Loss/value,0.030282577499747276
12300,Metrics/base_velocity/error_vel_xy,0.5056016445159912
12300,Metrics/base_velocity/error_vel_yaw,0.9207388162612915
12300,Metrics/success_rate,0.005952381528913975
12300,Perf/collection_time,6.041457176208496
12300,Perf/learning_time,0.21642470359802246
12300,Perf/total_fps,15708.0
12300,Policy/mean_std,0.6887547969818115
12300,Train/mean_episode_length,997.3800048828125
12300,Train/mean_reward,11.79859733581543
12400,Curriculum/terrain_levels,4.539815425872803
12400,Episode_Reward/action_rate_l2,-0.2854298949241638
12400,Episode_Reward/ang_vel_xy_l2,-0.028171226382255554
12400,Episode_Reward/belly_contact_force,0.0
12400,Episode_Reward/dof_acc_l2,-0.21288859844207764
12400,Episode_Reward/dof_pos_limits,0.0
12400,Episode_Reward/dof_torques_l2,-0.3908427655696869
12400,Episode_Reward/feet_slide,-0.010302292183041573
12400,Episode_Reward/flat_orientation_l2,0.0
12400,Episode_Reward/foot_clearance,-6.720924284309149e-05
12400,Episode_Reward/lin_vel_z_l2,-0.057333748787641525
12400,Episode_Reward/track_ang_vel_z_exp,0.22066180408000946
12400,Episode_Reward/track_lin_vel_xy_lin,1.3762363195419312
12400,Episode_Reward/undesired_contacts,0.0
12400,Episode_Termination/tilt,0.006591796875
12400,Episode_Termination/time_out,0.993408203125
12400,Loss/entropy,19.856830596923828
12400,Loss/learning_rate,0.00014466866559814662
12400,Loss/surrogate,-0.0046533201821148396
12400,Loss/value,0.034327663481235504
12400,Metrics/base_velocity/error_vel_xy,0.5080180168151855
12400,Metrics/base_velocity/error_vel_yaw,0.8634891510009766
12400,Metrics/success_rate,0.05833333358168602
12400,Perf/collection_time,6.335457801818848
12400,Perf/learning_time,0.25091075897216797
12400,Perf/total_fps,14925.0
12400,Policy/mean_std,0.6849222779273987
12400,Train/mean_episode_length,1000.0
12400,Train/mean_reward,12.614161491394043
12500,Curriculum/terrain_levels,5.0145368576049805
12500,Episode_Reward/action_rate_l2,-0.283916175365448
12500,Episode_Reward/ang_vel_xy_l2,-0.02924763783812523
12500,Episode_Reward/belly_contact_force,0.0
12500,Episode_Reward/dof_acc_l2,-0.21181492507457733
12500,Episode_Reward/dof_pos_limits,0.0
12500,Episode_Reward/dof_torques_l2,-0.3827402591705322
12500,Episode_Reward/feet_slide,-0.010003517381846905
12500,Episode_Reward/flat_orientation_l2,0.0
12500,Episode_Reward/foot_clearance,-6.565204967046157e-05
12500,Episode_Reward/lin_vel_z_l2,-0.05547400563955307
12500,Episode_Reward/track_ang_vel_z_exp,0.19785010814666748
12500,Episode_Reward/track_lin_vel_xy_lin,1.358298659324646
12500,Episode_Reward/undesired_contacts,0.0
12500,Episode_Termination/tilt,0.0074462890625
12500,Episode_Termination/time_out,0.9925537109375
12500,Loss/entropy,19.9326171875
12500,Loss/learning_rate,0.00014322911738418043
12500,Loss/surrogate,-0.005273878108710051
12500,Loss/value,0.030935168266296387
12500,Metrics/base_velocity/error_vel_xy,0.540378212928772
12500,Metrics/base_velocity/error_vel_yaw,0.9606660604476929
12500,Metrics/success_rate,0.010582011193037033
12500,Perf/collection_time,6.200608253479004
12500,Perf/learning_time,0.23401808738708496
12500,Perf/total_fps,15277.0
12500,Policy/mean_std,0.6873863339424133
12500,Train/mean_episode_length,993.5900268554688
12500,Train/mean_reward,10.881196975708008
12600,Curriculum/terrain_levels,5.1702985763549805
12600,Episode_Reward/action_rate_l2,-0.2793654203414917
12600,Episode_Reward/ang_vel_xy_l2,-0.02567344903945923
12600,Episode_Reward/belly_contact_force,0.0
12600,Episode_Reward/dof_acc_l2,-0.1905566155910492
12600,Episode_Reward/dof_pos_limits,0.0
12600,Episode_Reward/dof_torques_l2,-0.3774368166923523
12600,Episode_Reward/feet_slide,-0.010125463828444481
12600,Episode_Reward/flat_orientation_l2,0.0
12600,Episode_Reward/foot_clearance,-6.962947372812778e-05
12600,Episode_Reward/lin_vel_z_l2,-0.05040523409843445
12600,Episode_Reward/track_ang_vel_z_exp,0.21351248025894165
12600,Episode_Reward/track_lin_vel_xy_lin,1.3854646682739258
12600,Episode_Reward/undesired_contacts,0.0
12600,Episode_Termination/tilt,0.004638671875
12600,Episode_Termination/time_out,0.995361328125
12600,Loss/entropy,19.83616065979004
12600,Loss/learning_rate,0.00014180390280671418
12600,Loss/surrogate,-0.005455775652080774
12600,Loss/value,0.019804075360298157
12600,Metrics/base_velocity/error_vel_xy,0.5153488516807556
12600,Metrics/base_velocity/error_vel_yaw,0.9184610843658447
12600,Metrics/success_rate,0.033796295523643494
12600,Perf/collection_time,6.002923011779785
12600,Perf/learning_time,0.20696353912353516
12600,Perf/total_fps,15830.0
12600,Policy/mean_std,0.6847184896469116
12600,Train/mean_episode_length,1000.0
12600,Train/mean_reward,13.156805992126465
12700,Curriculum/terrain_levels,3.785400390625
12700,Episode_Reward/action_rate_l2,-0.28280726075172424
12700,Episode_Reward/ang_vel_xy_l2,-0.028529932722449303
12700,Episode_Reward/belly_contact_force,0.0
12700,Episode_Reward/dof_acc_l2,-0.21350841224193573
12700,Episode_Reward/dof_pos_limits,0.0
12700,Episode_Reward/dof_torques_l2,-0.39321279525756836
12700,Episode_Reward/feet_slide,-0.010820920579135418
12700,Episode_Reward/flat_orientation_l2,0.0
12700,Episode_Reward/foot_clearance,-6.866543844807893e-05
12700,Episode_Reward/lin_vel_z_l2,-0.05616441369056702
12700,Episode_Reward/track_ang_vel_z_exp,0.21806268393993378
12700,Episode_Reward/track_lin_vel_xy_lin,1.3825664520263672
12700,Episode_Reward/undesired_contacts,0.0
12700,Episode_Termination/tilt,0.00341796875
12700,Episode_Termination/time_out,0.99658203125
12700,Loss/entropy,19.842525482177734
12700,Loss/learning_rate,0.00014039284724276513
12700,Loss/surrogate,-0.005042801611125469
12700,Loss/value,0.02442164346575737
12700,Metrics/base_velocity/error_vel_xy,0.5016484260559082
12700,Metrics/base_velocity/error_vel_yaw,0.9010459780693054
12700,Metrics/success_rate,0.07916666567325592
12700,Perf/collection_time,6.104942321777344
12700,Perf/learning_time,0.21887731552124023
12700,Perf/total_fps,15545.0
12700,Policy/mean_std,0.6860907673835754
12700,Train/mean_episode_length,1000.0
12700,Train/mean_reward,12.611441612243652
12800,Curriculum/terrain_levels,4.10040283203125
12800,Episode_Reward/action_rate_l2,-0.2871039807796478
12800,Episode_Reward/ang_vel_xy_l2,-0.03001861833035946
12800,Episode_Reward/belly_contact_force,0.0
12800,Episode_Reward/dof_acc_l2,-0.2256423681974411
12800,Episode_Reward/dof_pos_limits,0.0
12800,Episode_Reward/dof_torques_l2,-0.3955502510070801
12800,Episode_Reward/feet_slide,-0.011451645754277706
12800,Episode_Reward/flat_orientation_l2,0.0
12800,Episode_Reward/foot_clearance,-6.701966776745394e-05
12800,Episode_Reward/lin_vel_z_l2,-0.06273584812879562
12800,Episode_Reward/track_ang_vel_z_exp,0.20066362619400024
12800,Episode_Reward/track_lin_vel_xy_lin,1.3857479095458984
12800,Episode_Reward/undesired_contacts,0.0
12800,Episode_Termination/tilt,0.003173828125
12800,Episode_Termination/time_out,0.996826171875
12800,Loss/entropy,19.736610412597656
12800,Loss/learning_rate,0.00013899584882892668
12800,Loss/surrogate,-0.005223939660936594
12800,Loss/value,0.0237414613366127
12800,Metrics/base_velocity/error_vel_xy,0.5249484777450562
12800,Metrics/base_velocity/error_vel_yaw,0.9458190202713013
12800,Metrics/success_rate,0.02916666679084301
12800,Perf/collection_time,6.022073745727539
12800,Perf/learning_time,0.21164178848266602
12800,Perf/total_fps,15769.0
12800,Policy/mean_std,0.6838307976722717
12800,Train/mean_episode_length,1000.0
12800,Train/mean_reward,11.506422996520996
12900,Curriculum/terrain_levels,4.72662353515625
12900,Episode_Reward/action_rate_l2,-0.28401264548301697
12900,Episode_Reward/ang_vel_xy_l2,-0.027610227465629578
12900,Episode_Reward/belly_contact_force,0.0
12900,Episode_Reward/dof_acc_l2,-0.21236270666122437
12900,Episode_Reward/dof_pos_limits,0.0
12900,Episode_Reward/dof_torques_l2,-0.3897574841976166
12900,Episode_Reward/feet_slide,-0.011139105074107647
12900,Episode_Reward/flat_orientation_l2,0.0
12900,Episode_Reward/foot_clearance,-6.883866444695741e-05
12900,Episode_Reward/lin_vel_z_l2,-0.05994236469268799
12900,Episode_Reward/track_ang_vel_z_exp,0.2211933135986328
12900,Episode_Reward/track_lin_vel_xy_lin,1.3693675994873047
12900,Episode_Reward/undesired_contacts,0.0
12900,Episode_Termination/tilt,0.00244140625
12900,Episode_Termination/time_out,0.99755859375
12900,Loss/entropy,19.743879318237305
12900,Loss/learning_rate,0.00013761274749413133
12900,Loss/surrogate,-0.005111731588840485
12900,Loss/value,0.025486305356025696
12900,Metrics/base_velocity/error_vel_xy,0.5313116312026978
12900,Metrics/base_velocity/error_vel_yaw,0.8868616819381714
12900,Metrics/success_rate,0.011574074625968933
12900,Perf/collection_time,6.096584320068359
12900,Perf/learning_time,0.2088165283203125
12900,Perf/total_fps,15590.0
12900,Policy/mean_std,0.6841039061546326
12900,Train/mean_episode_length,1000.0
12900,Train/mean_reward,12.175156593322754
12919,Train/mean_episode_length/time,623.4600219726562
12919,Train/mean_reward/time,2.3860013484954834
13000,Curriculum/terrain_levels,3.8190410137176514
13000,Episode_Reward/action_rate_l2,-0.2837834060192108
13000,Episode_Reward/ang_vel_xy_l2,-0.028255557641386986
13000,Episode_Reward/belly_contact_force,0.0
13000,Episode_Reward/dof_acc_l2,-0.21741488575935364
13000,Episode_Reward/dof_pos_limits,0.0
13000,Episode_Reward/dof_torques_l2,-0.3890361487865448
13000,Episode_Reward/feet_slide,-0.010699036531150341
13000,Episode_Reward/flat_orientation_l2,0.0
13000,Episode_Reward/foot_clearance,-6.573026621481404e-05
13000,Episode_Reward/lin_vel_z_l2,-0.05996366962790489
13000,Episode_Reward/track_ang_vel_z_exp,0.20448434352874756
13000,Episode_Reward/track_lin_vel_xy_lin,1.3537545204162598
13000,Episode_Reward/undesired_contacts,-3.571428533177823e-05
13000,Episode_Termination/tilt,0.00634765625
13000,Episode_Termination/time_out,0.99365234375
13000,Loss/entropy,19.839872360229492
13000,Loss/learning_rate,0.000136243412271142
13000,Loss/surrogate,-0.005154466722160578
13000,Loss/value,0.028412731364369392
13000,Metrics/base_velocity/error_vel_xy,0.545379638671875
13000,Metrics/base_velocity/error_vel_yaw,0.942339301109314
13000,Metrics/success_rate,0.02361111156642437
13000,Perf/collection_time,6.357583045959473
13000,Perf/learning_time,0.2181382179260254
13000,Perf/total_fps,14949.0
13000,Policy/mean_std,0.6857699751853943
13000,Train/mean_episode_length,1000.0
13000,Train/mean_reward,10.97645092010498
13100,Curriculum/terrain_levels,4.899465084075928
13100,Episode_Reward/action_rate_l2,-0.28007087111473083
13100,Episode_Reward/ang_vel_xy_l2,-0.025386331602931023
13100,Episode_Reward/belly_contact_force,0.0
13100,Episode_Reward/dof_acc_l2,-0.20093803107738495
13100,Episode_Reward/dof_pos_limits,0.0
13100,Episode_Reward/dof_torques_l2,-0.38308200240135193
13100,Episode_Reward/feet_slide,-0.010817034170031548
13100,Episode_Reward/flat_orientation_l2,0.0
13100,Episode_Reward/foot_clearance,-6.995692092459649e-05
13100,Episode_Reward/lin_vel_z_l2,-0.051345229148864746
13100,Episode_Reward/track_ang_vel_z_exp,0.20876750349998474
13100,Episode_Reward/track_lin_vel_xy_lin,1.3682774305343628
13100,Episode_Reward/undesired_contacts,0.0
13100,Episode_Termination/tilt,0.003631591796875
13100,Episode_Termination/time_out,0.996368408203125
13100,Loss/entropy,19.84977912902832
13100,Loss/learning_rate,0.00013488769764080644
13100,Loss/surrogate,-0.004619067534804344
13100,Loss/value,0.02146226167678833
13100,Metrics/base_velocity/error_vel_xy,0.5201455950737
13100,Metrics/base_velocity/error_vel_yaw,0.9438795447349548
13100,Metrics/success_rate,0.0729166716337204
13100,Perf/collection_time,5.983528137207031
13100,Perf/learning_time,0.22020292282104492
13100,Perf/total_fps,15845.0
13100,Policy/mean_std,0.6849157214164734
13100,Train/mean_episode_length,1000.0
13100,Train/mean_reward,12.718597412109375
13200,Curriculum/terrain_levels,5.5365095138549805
13200,Episode_Reward/action_rate_l2,-0.28427866101264954
13200,Episode_Reward/ang_vel_xy_l2,-0.02780827507376671
13200,Episode_Reward/belly_contact_force,0.0
13200,Episode_Reward/dof_acc_l2,-0.20746180415153503
13200,Episode_Reward/dof_pos_limits,0.0
13200,Episode_Reward/dof_torques_l2,-0.3832739293575287
13200,Episode_Reward/feet_slide,-0.011050708591938019
13200,Episode_Reward/flat_orientation_l2,0.0
13200,Episode_Reward/foot_clearance,-6.580511399079114e-05
13200,Episode_Reward/lin_vel_z_l2,-0.056339435279369354
13200,Episode_Reward/track_ang_vel_z_exp,0.20417755842208862
13200,Episode_Reward/track_lin_vel_xy_lin,1.3657935857772827
13200,Episode_Reward/undesired_contacts,-0.001328124082647264
13200,Episode_Termination/tilt,0.0026143393479287624
13200,Episode_Termination/time_out,0.9973856806755066
13200,Loss/entropy,19.78470230102539
13200,Loss/learning_rate,0.00013354547263588756
13200,Loss/surrogate,-0.00564880296587944
13200,Loss/value,0.02605498768389225
13200,Metrics/base_velocity/error_vel_xy,0.5243299007415771
13200,Metrics/base_velocity/error_vel_yaw,0.942823588848114
13200,Metrics/success_rate,0.0260416679084301
13200,Perf/collection_time,6.159553527832031
13200,Perf/learning_time,0.21757245063781738
13200,Perf/total_fps,15415.0
13200,Policy/mean_std,0.6855646371841431
13200,Train/mean_episode_length,996.7899780273438
13200,Train/mean_reward,11.762686729431152
13300,Curriculum/terrain_levels,4.924163818359375
13300,Episode_Reward/action_rate_l2,-0.2849402129650116
13300,Episode_Reward/ang_vel_xy_l2,-0.028932621702551842
13300,Episode_Reward/belly_contact_force,0.0
13300,Episode_Reward/dof_acc_l2,-0.20414423942565918
13300,Episode_Reward/dof_pos_limits,0.0
13300,Episode_Reward/dof_torques_l2,-0.38515686988830566
13300,Episode_Reward/feet_slide,-0.010899580083787441
13300,Episode_Reward/flat_orientation_l2,0.0
13300,Episode_Reward/foot_clearance,-6.458492134697735e-05
13300,Episode_Reward/lin_vel_z_l2,-0.056189268827438354
13300,Episode_Reward/track_ang_vel_z_exp,0.2132510542869568
13300,Episode_Reward/track_lin_vel_xy_lin,1.3776544332504272
13300,Episode_Reward/undesired_contacts,0.0
13300,Episode_Termination/tilt,0.000244140625
13300,Episode_Termination/time_out,0.999755859375
13300,Loss/entropy,19.78413200378418
13300,Loss/learning_rate,0.00013221660628914833
13300,Loss/surrogate,-0.005038741510361433
13300,Loss/value,0.026739327237010002
13300,Metrics/base_velocity/error_vel_xy,0.5286691188812256
13300,Metrics/base_velocity/error_vel_yaw,0.9091439247131348
13300,Metrics/success_rate,0.02083333395421505
13300,Perf/collection_time,6.319204330444336
13300,Perf/learning_time,0.2316138744354248
13300,Perf/total_fps,15006.0
13300,Policy/mean_std,0.684385359287262
13300,Train/mean_episode_length,1000.0
13300,Train/mean_reward,12.198908805847168
13400,Curriculum/terrain_levels,4.6461181640625
13400,Episode_Reward/action_rate_l2,-0.2850780487060547
13400,Episode_Reward/ang_vel_xy_l2,-0.029048677533864975
13400,Episode_Reward/belly_contact_force,0.0
13400,Episode_Reward/dof_acc_l2,-0.20958319306373596
13400,Episode_Reward/dof_pos_limits,0.0
13400,Episode_Reward/dof_torques_l2,-0.39123818278312683
13400,Episode_Reward/feet_slide,-0.011136594228446484
13400,Episode_Reward/flat_orientation_l2,0.0
13400,Episode_Reward/foot_clearance,-6.588346150238067e-05
13400,Episode_Reward/lin_vel_z_l2,-0.05843092501163483
13400,Episode_Reward/track_ang_vel_z_exp,0.2215329110622406
13400,Episode_Reward/track_lin_vel_xy_lin,1.3846442699432373
13400,Episode_Reward/undesired_contacts,0.0
13400,Episode_Termination/tilt,0.0048421225510537624
13400,Episode_Termination/time_out,0.9951578974723816
13400,Loss/entropy,19.83757781982422
13400,Loss/learning_rate,0.00013090096763335168
13400,Loss/surrogate,-0.005529762711375952
13400,Loss/value,0.02522573433816433
13400,Metrics/base_velocity/error_vel_xy,0.4952521026134491
13400,Metrics/base_velocity/error_vel_yaw,0.888216495513916
13400,Metrics/success_rate,0.0520833358168602
13400,Perf/collection_time,6.093064785003662
13400,Perf/learning_time,0.2265791893005371
13400,Perf/total_fps,15555.0
13400,Policy/mean_std,0.6852019429206848
13400,Train/mean_episode_length,1000.0
13400,Train/mean_reward,13.000994682312012
13500,Curriculum/terrain_levels,3.8170371055603027
13500,Episode_Reward/action_rate_l2,-0.28308284282684326
13500,Episode_Reward/ang_vel_xy_l2,-0.028902709484100342
13500,Episode_Reward/belly_contact_force,0.0
13500,Episode_Reward/dof_acc_l2,-0.21346032619476318
13500,Episode_Reward/dof_pos_limits,0.0
13500,Episode_Reward/dof_torques_l2,-0.3924000859260559
13500,Episode_Reward/feet_slide,-0.011223075911402702
13500,Episode_Reward/flat_orientation_l2,0.0
13500,Episode_Reward/foot_clearance,-6.750905595254153e-05
13500,Episode_Reward/lin_vel_z_l2,-0.055980533361434937
13500,Episode_Reward/track_ang_vel_z_exp,0.20147645473480225
13500,Episode_Reward/track_lin_vel_xy_lin,1.3839235305786133
13500,Episode_Reward/undesired_contacts,0.0
13500,Episode_Termination/tilt,0.002685546875
13500,Episode_Termination/time_out,0.997314453125
13500,Loss/entropy,19.87282371520996
13500,Loss/learning_rate,0.00012959842570126057
13500,Loss/surrogate,-0.004751309752464294
13500,Loss/value,0.02089216187596321
13500,Metrics/base_velocity/error_vel_xy,0.5289577841758728
13500,Metrics/base_velocity/error_vel_yaw,0.981229305267334
13500,Metrics/success_rate,0.01388888992369175
13500,Perf/collection_time,6.0748796463012695
13500,Perf/learning_time,0.2269914150238037
13500,Perf/total_fps,15599.0
13500,Policy/mean_std,0.6850000023841858
13500,Train/mean_episode_length,1000.0
13500,Train/mean_reward,11.804376602172852
13572,Train/mean_episode_length/time,602.8099975585938
13572,Train/mean_reward/time,2.2473716735839844
13600,Curriculum/terrain_levels,3.6636252403259277
13600,Episode_Reward/action_rate_l2,-0.2816706895828247
13600,Episode_Reward/ang_vel_xy_l2,-0.025319142267107964
13600,Episode_Reward/belly_contact_force,0.0
13600,Episode_Reward/dof_acc_l2,-0.19773148000240326
13600,Episode_Reward/dof_pos_limits,0.0
13600,Episode_Reward/dof_torques_l2,-0.3800796866416931
13600,Episode_Reward/feet_slide,-0.010500888340175152
13600,Episode_Reward/flat_orientation_l2,0.0
13600,Episode_Reward/foot_clearance,-6.731203029630706e-05
13600,Episode_Reward/lin_vel_z_l2,-0.05109848827123642
13600,Episode_Reward/track_ang_vel_z_exp,0.215591162443161
13600,Episode_Reward/track_lin_vel_xy_lin,1.4000587463378906
13600,Episode_Reward/undesired_contacts,0.0
13600,Episode_Termination/tilt,0.0027262370567768812
13600,Episode_Termination/time_out,0.9972738027572632
13600,Loss/entropy,19.754323959350586
13600,Loss/learning_rate,0.0001283088349737227
13600,Loss/surrogate,-0.0042447978630661964
13600,Loss/value,0.023397402837872505
13600,Metrics/base_velocity/error_vel_xy,0.48936307430267334
13600,Metrics/base_velocity/error_vel_yaw,0.9033810496330261
13600,Metrics/success_rate,0.1205357164144516
13600,Perf/collection_time,6.3155131340026855
13600,Perf/learning_time,0.2390735149383545
13600,Perf/total_fps,14997.0
13600,Policy/mean_std,0.6859729886054993
13600,Train/mean_episode_length,1000.0
13600,Train/mean_reward,12.728225708007812
13700,Curriculum/terrain_levels,4.2560224533081055
13700,Episode_Reward/action_rate_l2,-0.2820943295955658
13700,Episode_Reward/ang_vel_xy_l2,-0.026584049686789513
13700,Episode_Reward/belly_contact_force,0.0
13700,Episode_Reward/dof_acc_l2,-0.20334360003471375
13700,Episode_Reward/dof_pos_limits,0.0
13700,Episode_Reward/dof_torques_l2,-0.3766268193721771
13700,Episode_Reward/feet_slide,-0.010456465184688568
13700,Episode_Reward/flat_orientation_l2,0.0
13700,Episode_Reward/foot_clearance,-6.76888957968913e-05
13700,Episode_Reward/lin_vel_z_l2,-0.05460222810506821
13700,Episode_Reward/track_ang_vel_z_exp,0.21390920877456665
13700,Episode_Reward/track_lin_vel_xy_lin,1.3740100860595703
13700,Episode_Reward/undesired_contacts,0.0
13700,Episode_Termination/tilt,0.00390625
13700,Episode_Termination/time_out,0.99609375
13700,Loss/entropy,19.731178283691406
13700,Loss/learning_rate,0.00012703207903541625
13700,Loss/surrogate,-0.005352539010345936
13700,Loss/value,0.02875705063343048
13700,Metrics/base_velocity/error_vel_xy,0.49928054213523865
13700,Metrics/base_velocity/error_vel_yaw,0.9048633575439453
13700,Metrics/success_rate,0.0052083334885537624
13700,Perf/collection_time,6.0658159255981445
13700,Perf/learning_time,0.24034762382507324
13700,Perf/total_fps,15588.0
13700,Policy/mean_std,0.6853077411651611
13700,Train/mean_episode_length,1000.0
13700,Train/mean_reward,12.784573554992676
13800,Curriculum/terrain_levels,4.332061767578125
13800,Episode_Reward/action_rate_l2,-0.28330594301223755
13800,Episode_Reward/ang_vel_xy_l2,-0.02779768966138363
13800,Episode_Reward/belly_contact_force,0.0
13800,Episode_Reward/dof_acc_l2,-0.20806685090065002
13800,Episode_Reward/dof_pos_limits,0.0
13800,Episode_Reward/dof_torques_l2,-0.3884420096874237
13800,Episode_Reward/feet_slide,-0.01079094409942627
13800,Episode_Reward/flat_orientation_l2,0.0
13800,Episode_Reward/foot_clearance,-6.601029599551111e-05
13800,Episode_Reward/lin_vel_z_l2,-0.055781520903110504
13800,Episode_Reward/track_ang_vel_z_exp,0.21179066598415375
13800,Episode_Reward/track_lin_vel_xy_lin,1.3623647689819336
13800,Episode_Reward/undesired_contacts,0.0
13800,Episode_Termination/tilt,0.003173828125
13800,Episode_Termination/time_out,0.996826171875
13800,Loss/entropy,19.878738403320312
13800,Loss/learning_rate,0.00012576801236718893
13800,Loss/surrogate,-0.0043173679150640965
13800,Loss/value,0.028708256781101227
13800,Metrics/base_velocity/error_vel_xy,0.48095864057540894
13800,Metrics/base_velocity/error_vel_yaw,0.9167733192443848
13800,Metrics/success_rate,0.03511904925107956
13800,Perf/collection_time,6.376256942749023
13800,Perf/learning_time,0.22571754455566406
13800,Perf/total_fps,14890.0
13800,Policy/mean_std,0.6863088607788086
13800,Train/mean_episode_length,1000.0
13800,Train/mean_reward,12.120380401611328
13900,Curriculum/terrain_levels,5.0980024337768555
13900,Episode_Reward/action_rate_l2,-0.2834847867488861
13900,Episode_Reward/ang_vel_xy_l2,-0.026475785300135612
13900,Episode_Reward/belly_contact_force,0.0
13900,Episode_Reward/dof_acc_l2,-0.20478618144989014
13900,Episode_Reward/dof_pos_limits,0.0
13900,Episode_Reward/dof_torques_l2,-0.3898877501487732
13900,Episode_Reward/feet_slide,-0.010834097862243652
13900,Episode_Reward/flat_orientation_l2,0.0
13900,Episode_Reward/foot_clearance,-6.516636494779959e-05
13900,Episode_Reward/lin_vel_z_l2,-0.05902394652366638
13900,Episode_Reward/track_ang_vel_z_exp,0.22776326537132263
13900,Episode_Reward/track_lin_vel_xy_lin,1.3433055877685547
13900,Episode_Reward/undesired_contacts,0.0
13900,Episode_Termination/tilt,0.0034891765099018812
13900,Episode_Termination/time_out,0.9965108633041382
13900,Loss/entropy,19.865074157714844
13900,Loss/learning_rate,0.00012451654765754938
13900,Loss/surrogate,-0.004291046876460314
13900,Loss/value,0.023124536499381065
13900,Metrics/base_velocity/error_vel_xy,0.4956608712673187
13900,Metrics/base_velocity/error_vel_yaw,0.8533905744552612
13900,Metrics/success_rate,0.05664683133363724
13900,Perf/collection_time,7.269072532653809
13900,Perf/learning_time,0.25385594367980957
13900,Perf/total_fps,13067.0
13900,Policy/mean_std,0.6873314380645752
13900,Train/mean_episode_length,999.2899780273438
13900,Train/mean_reward,12.438714981079102
14000,Curriculum/terrain_levels,3.89239501953125
14000,Episode_Reward/action_rate_l2,-0.28105732798576355
14000,Episode_Reward/ang_vel_xy_l2,-0.026927296072244644
14000,Episode_Reward/belly_contact_force,0.0
14000,Episode_Reward/dof_acc_l2,-0.20462463796138763
14000,Episode_Reward/dof_pos_limits,0.0
14000,Episode_Reward/dof_torques_l2,-0.3804450035095215
14000,Episode_Reward/feet_slide,-0.010271369479596615
14000,Episode_Reward/flat_orientation_l2,0.0
14000,Episode_Reward/foot_clearance,-6.402689905371517e-05
14000,Episode_Reward/lin_vel_z_l2,-0.05744156241416931
14000,Episode_Reward/track_ang_vel_z_exp,0.20466157793998718
14000,Episode_Reward/track_lin_vel_xy_lin,1.3063148260116577
14000,Episode_Reward/undesired_contacts,-3.125000148429535e-05
14000,Episode_Termination/tilt,0.0012613933067768812
14000,Episode_Termination/time_out,0.9987386465072632
14000,Loss/entropy,19.79189109802246
14000,Loss/learning_rate,0.00012327752483543009
14000,Loss/surrogate,-0.005140530411154032
14000,Loss/value,0.022060299292206764
14000,Metrics/base_velocity/error_vel_xy,0.5288932919502258
14000,Metrics/base_velocity/error_vel_yaw,0.9503123760223389
14000,Metrics/success_rate,0.0
14000,Perf/collection_time,6.193013668060303
14000,Perf/learning_time,0.21219420433044434
14000,Perf/total_fps,15347.0
14000,Policy/mean_std,0.6875623464584351
14000,Train/mean_episode_length,991.6900024414062
14000,Train/mean_reward,11.014973640441895
14100,Curriculum/terrain_levels,3.989532470703125
14100,Episode_Reward/action_rate_l2,-0.27735063433647156
14100,Episode_Reward/ang_vel_xy_l2,-0.025282783433794975
14100,Episode_Reward/belly_contact_force,0.0
14100,Episode_Reward/dof_acc_l2,-0.1979232132434845
14100,Episode_Reward/dof_pos_limits,0.0
14100,Episode_Reward/dof_torques_l2,-0.3721328377723694
14100,Episode_Reward/feet_slide,-0.010398801416158676
14100,Episode_Reward/flat_orientation_l2,0.0
14100,Episode_Reward/foot_clearance,-6.619639316340908e-05
14100,Episode_Reward/lin_vel_z_l2,-0.052344225347042084
14100,Episode_Reward/track_ang_vel_z_exp,0.21504144370555878
14100,Episode_Reward/track_lin_vel_xy_lin,1.395450472831726
14100,Episode_Reward/undesired_contacts,0.0
14100,Episode_Termination/tilt,0.001220703125
14100,Episode_Termination/time_out,0.998779296875
14100,Loss/entropy,19.634315490722656
14100,Loss/learning_rate,0.00012205082748550922
14100,Loss/surrogate,-0.004026118665933609
14100,Loss/value,0.018779389560222626
14100,Metrics/base_velocity/error_vel_xy,0.5132701396942139
14100,Metrics/base_velocity/error_vel_yaw,0.9274510145187378
14100,Metrics/success_rate,0.05625000223517418
14100,Perf/collection_time,6.433706283569336
14100,Perf/learning_time,0.259962797164917
14100,Perf/total_fps,14686.0
14100,Policy/mean_std,0.6851888298988342
14100,Train/mean_episode_length,1000.0
14100,Train/mean_reward,13.141589164733887
14200,Curriculum/terrain_levels,4.474629878997803
14200,Episode_Reward/action_rate_l2,-0.27974140644073486
14200,Episode_Reward/ang_vel_xy_l2,-0.026457658037543297
14200,Episode_Reward/belly_contact_force,0.0
14200,Episode_Reward/dof_acc_l2,-0.2035633772611618
14200,Episode_Reward/dof_pos_limits,0.0
14200,Episode_Reward/dof_torques_l2,-0.3909878134727478
14200,Episode_Reward/feet_slide,-0.0105882678180933
14200,Episode_Reward/flat_orientation_l2,0.0
14200,Episode_Reward/foot_clearance,-7.119736255845055e-05
14200,Episode_Reward/lin_vel_z_l2,-0.05401896685361862
14200,Episode_Reward/track_ang_vel_z_exp,0.20745901763439178
14200,Episode_Reward/track_lin_vel_xy_lin,1.3575947284698486
14200,Episode_Reward/undesired_contacts,0.0
14200,Episode_Termination/tilt,0.002197265625
14200,Episode_Termination/time_out,0.997802734375
14200,Loss/entropy,19.614774703979492
14200,Loss/learning_rate,0.00012083633919246495
14200,Loss/surrogate,-0.005024826619774103
14200,Loss/value,0.02370312809944153
14200,Metrics/base_velocity/error_vel_xy,0.48350128531455994
14200,Metrics/base_velocity/error_vel_yaw,0.9393792152404785
14200,Metrics/success_rate,0.0424107164144516
14200,Perf/collection_time,6.692580223083496
14200,Perf/learning_time,0.33266782760620117
14200,Perf/total_fps,13992.0
14200,Policy/mean_std,0.6826109886169434
14200,Train/mean_episode_length,1000.0
14200,Train/mean_reward,11.97203254699707
14228,Train/mean_episode_length/time,649.6199951171875
14228,Train/mean_reward/time,3.228850841522217
14300,Curriculum/terrain_levels,4.6744794845581055
14300,Episode_Reward/action_rate_l2,-0.2774921655654907
14300,Episode_Reward/ang_vel_xy_l2,-0.026309331879019737
14300,Episode_Reward/belly_contact_force,0.0
14300,Episode_Reward/dof_acc_l2,-0.19591385126113892
14300,Episode_Reward/dof_pos_limits,0.0
14300,Episode_Reward/dof_torques_l2,-0.3821152448654175
14300,Episode_Reward/feet_slide,-0.009812718257308006
14300,Episode_Reward/flat_orientation_l2,0.0
14300,Episode_Reward/foot_clearance,-6.931559619260952e-05
14300,Episode_Reward/lin_vel_z_l2,-0.052949875593185425
14300,Episode_Reward/track_ang_vel_z_exp,0.21916267275810242
14300,Episode_Reward/track_lin_vel_xy_lin,1.3295835256576538
14300,Episode_Reward/undesired_contacts,-0.00035714273690246046
14300,Episode_Termination/tilt,0.0031636557541787624
14300,Episode_Termination/time_out,0.9968363642692566
14300,Loss/entropy,19.48615837097168
14300,Loss/learning_rate,0.00011963394354097545
14300,Loss/surrogate,-0.004700927063822746
14300,Loss/value,0.025771362707018852
14300,Metrics/base_velocity/error_vel_xy,0.5184825658798218
14300,Metrics/base_velocity/error_vel_yaw,0.8803993463516235
14300,Metrics/success_rate,0.0052083334885537624
14300,Perf/collection_time,6.2176513671875
14300,Perf/learning_time,0.33544492721557617
14300,Perf/total_fps,15001.0
14300,Policy/mean_std,0.681617796421051
14300,Train/mean_episode_length,1000.0
14300,Train/mean_reward,11.943700790405273
14400,Curriculum/terrain_levels,5.557729244232178
14400,Episode_Reward/action_rate_l2,-0.27802640199661255
14400,Episode_Reward/ang_vel_xy_l2,-0.02534274384379387
14400,Episode_Reward/belly_contact_force,0.0
14400,Episode_Reward/dof_acc_l2,-0.19790837168693542
14400,Episode_Reward/dof_pos_limits,0.0
14400,Episode_Reward/dof_torques_l2,-0.381698340177536
14400,Episode_Reward/feet_slide,-0.010339364409446716
14400,Episode_Reward/flat_orientation_l2,0.0
14400,Episode_Reward/foot_clearance,-6.853560626041144e-05
14400,Episode_Reward/lin_vel_z_l2,-0.05002513527870178
14400,Episode_Reward/track_ang_vel_z_exp,0.22691577672958374
14400,Episode_Reward/track_lin_vel_xy_lin,1.3432786464691162
14400,Episode_Reward/undesired_contacts,0.0
14400,Episode_Termination/tilt,0.000244140625
14400,Episode_Termination/time_out,0.999755859375
14400,Loss/entropy,19.497648239135742
14400,Loss/learning_rate,0.00011844350228784606
14400,Loss/surrogate,-0.003542275633662939
14400,Loss/value,0.0330587662756443
14400,Metrics/base_velocity/error_vel_xy,0.5003356337547302
14400,Metrics/base_velocity/error_vel_yaw,0.8613207340240479
14400,Metrics/success_rate,0.0381944440305233
14400,Perf/collection_time,6.160466194152832
14400,Perf/learning_time,0.2371058464050293
14400,Perf/total_fps,15365.0
14400,Policy/mean_std,0.6815347671508789
14400,Train/mean_episode_length,1000.0
14400,Train/mean_reward,13.070047378540039
14500,Curriculum/terrain_levels,5.215057373046875
14500,Episode_Reward/action_rate_l2,-0.2843230366706848
14500,Episode_Reward/ang_vel_xy_l2,-0.028127606958150864
14500,Episode_Reward/belly_contact_force,0.0
14500,Episode_Reward/dof_acc_l2,-0.22032105922698975
14500,Episode_Reward/dof_pos_limits,0.0
14500,Episode_Reward/dof_torques_l2,-0.39336368441581726
14500,Episode_Reward/feet_slide,-0.011011207476258278
14500,Episode_Reward/flat_orientation_l2,0.0
14500,Episode_Reward/foot_clearance,-6.84438127791509e-05
14500,Episode_Reward/lin_vel_z_l2,-0.057654969394207
14500,Episode_Reward/track_ang_vel_z_exp,0.19769679009914398
14500,Episode_Reward/track_lin_vel_xy_lin,1.3499263525009155
14500,Episode_Reward/undesired_contacts,0.0
14500,Episode_Termination/tilt,0.001434326171875
14500,Episode_Termination/time_out,0.998565673828125
14500,Loss/entropy,19.63446617126465
14500,Loss/learning_rate,0.00011726491356967017
14500,Loss/surrogate,-0.005335323512554169
14500,Loss/value,0.021884439513087273
14500,Metrics/base_velocity/error_vel_xy,0.5289062857627869
14500,Metrics/base_velocity/error_vel_yaw,0.9708237051963806
14500,Metrics/success_rate,0.006944444961845875
14500,Perf/collection_time,6.550636291503906
14500,Perf/learning_time,0.23086881637573242
14500,Perf/total_fps,14495.0
14500,Policy/mean_std,0.6839568614959717
14500,Train/mean_episode_length,1000.0
14500,Train/mean_reward,10.902469635009766
14600,Curriculum/terrain_levels,4.661336421966553
14600,Episode_Reward/action_rate_l2,-0.27871373295783997
14600,Episode_Reward/ang_vel_xy_l2,-0.026591209694743156
14600,Episode_Reward/belly_contact_force,0.0
14600,Episode_Reward/dof_acc_l2,-0.20574480295181274
14600,Episode_Reward/dof_pos_limits,0.0
14600,Episode_Reward/dof_torques_l2,-0.38253313302993774
14600,Episode_Reward/feet_slide,-0.01086588203907013
14600,Episode_Reward/flat_orientation_l2,0.0
14600,Episode_Reward/foot_clearance,-6.876391125842929e-05
14600,Episode_Reward/lin_vel_z_l2,-0.051139798015356064
14600,Episode_Reward/track_ang_vel_z_exp,0.20877861976623535
14600,Episode_Reward/track_lin_vel_xy_lin,1.3597021102905273
14600,Episode_Reward/undesired_contacts,0.0
14600,Episode_Termination/tilt,0.0024515788536518812
14600,Episode_Termination/time_out,0.9975484609603882
14600,Loss/entropy,19.53272247314453
14600,Loss/learning_rate,0.00011609804641921073
14600,Loss/surrogate,-0.005177325569093227
14600,Loss/value,0.01764693669974804
14600,Metrics/base_velocity/error_vel_xy,0.4940682351589203
14600,Metrics/base_velocity/error_vel_yaw,0.936121940612793
14600,Metrics/success_rate,0.0451388917863369
14600,Perf/collection_time,5.900714874267578
14600,Perf/learning_time,0.23939251899719238
14600,Perf/total_fps,16010.0
14600,Policy/mean_std,0.683806836605072
14600,Train/mean_episode_length,998.9000244140625
14600,Train/mean_reward,12.327609062194824
14700,Curriculum/terrain_levels,4.1046857833862305
14700,Episode_Reward/action_rate_l2,-0.28003084659576416
14700,Episode_Reward/ang_vel_xy_l2,-0.027202924713492393
14700,Episode_Reward/belly_contact_force,0.0
14700,Episode_Reward/dof_acc_l2,-0.2027299851179123
14700,Episode_Reward/dof_pos_limits,0.0
14700,Episode_Reward/dof_torques_l2,-0.38505059480667114
14700,Episode_Reward/feet_slide,-0.010887078940868378
14700,Episode_Reward/flat_orientation_l2,0.0
14700,Episode_Reward/foot_clearance,-6.80864613968879e-05
14700,Episode_Reward/lin_vel_z_l2,-0.0545840859413147
14700,Episode_Reward/track_ang_vel_z_exp,0.21492736041545868
14700,Episode_Reward/track_lin_vel_xy_lin,1.3680185079574585
14700,Episode_Reward/undesired_contacts,-8.333333244081587e-05
14700,Episode_Termination/tilt,0.0041402182541787624
14700,Episode_Termination/time_out,0.9958598017692566
14700,Loss/entropy,19.51803207397461
14700,Loss/learning_rate,0.00011494279897306114
14700,Loss/surrogate,-0.003683360293507576
14700,Loss/value,0.027434227988123894
14700,Metrics/base_velocity/error_vel_xy,0.5044081807136536
14700,Metrics/base_velocity/error_vel_yaw,0.9110530614852905
14700,Metrics/success_rate,0.06365741044282913
14700,Perf/collection_time,6.067061901092529
14700,Perf/learning_time,0.23476219177246094
14700,Perf/total_fps,15599.0
14700,Policy/mean_std,0.6840230226516724
14700,Train/mean_episode_length,1000.0
14700,Train/mean_reward,12.415624618530273
14800,Curriculum/terrain_levels,4.60382080078125
14800,Episode_Reward/action_rate_l2,-0.27796924114227295
14800,Episode_Reward/ang_vel_xy_l2,-0.02527741715312004
14800,Episode_Reward/belly_contact_force,0.0
14800,Episode_Reward/dof_acc_l2,-0.20259883999824524
14800,Episode_Reward/dof_pos_limits,0.0
14800,Episode_Reward/dof_torques_l2,-0.3814796209335327
14800,Episode_Reward/feet_slide,-0.009934055618941784
14800,Episode_Reward/flat_orientation_l2,0.0
14800,Episode_Reward/foot_clearance,-7.090057624736801e-05
14800,Episode_Reward/lin_vel_z_l2,-0.0552593432366848
14800,Episode_Reward/track_ang_vel_z_exp,0.22122442722320557
14800,Episode_Reward/track_lin_vel_xy_lin,1.3750536441802979
14800,Episode_Reward/undesired_contacts,0.0
14800,Episode_Termination/tilt,0.00390625
14800,Episode_Termination/time_out,0.99609375
14800,Loss/entropy,19.522397994995117
14800,Loss/learning_rate,0.00011379904026398435
14800,Loss/surrogate,-0.004384019412100315
14800,Loss/value,0.02257436141371727
14800,Metrics/base_velocity/error_vel_xy,0.5273498892784119
14800,Metrics/base_velocity/error_vel_yaw,0.8786804676055908
14800,Metrics/success_rate,0.04032738506793976
14800,Perf/collection_time,6.1410813331604
14800,Perf/learning_time,0.24680304527282715
14800,Perf/total_fps,15389.0
14800,Policy/mean_std,0.6838566064834595
14800,Train/mean_episode_length,1000.0
14800,Train/mean_reward,12.369014739990234
14890,Train/mean_episode_length/time,703.030029296875
14890,Train/mean_reward/time,2.343090057373047
14900,Curriculum/terrain_levels,4.20709228515625
14900,Episode_Reward/action_rate_l2,-0.27756816148757935
14900,Episode_Reward/ang_vel_xy_l2,-0.025411315262317657
14900,Episode_Reward/belly_contact_force,0.0
14900,Episode_Reward/dof_acc_l2,-0.18781721591949463
14900,Episode_Reward/dof_pos_limits,0.0
14900,Episode_Reward/dof_torques_l2,-0.38111111521720886
14900,Episode_Reward/feet_slide,-0.010196229442954063
14900,Episode_Reward/flat_orientation_l2,0.0
14900,Episode_Reward/foot_clearance,-7.088963320711628e-05
14900,Episode_Reward/lin_vel_z_l2,-0.056104809045791626
14900,Episode_Reward/track_ang_vel_z_exp,0.22657084465026855
14900,Episode_Reward/track_lin_vel_xy_lin,1.3614451885223389
14900,Episode_Reward/undesired_contacts,0.0
14900,Episode_Termination/tilt,0.0034891765099018812
14900,Episode_Termination/time_out,0.9965108633041382
14900,Loss/entropy,19.49336051940918
14900,Loss/learning_rate,0.00011266666115261614
14900,Loss/surrogate,-0.004621232394129038
14900,Loss/value,0.02274026721715927
14900,Metrics/base_velocity/error_vel_xy,0.4930994510650635
14900,Metrics/base_velocity/error_vel_yaw,0.8644453883171082
14900,Metrics/success_rate,0.079861119389534
14900,Perf/collection_time,5.974676609039307
14900,Perf/learning_time,0.22450542449951172
14900,Perf/total_fps,15857.0
14900,Policy/mean_std,0.6843470931053162
14900,Train/mean_episode_length,997.8300170898438
14900,Train/mean_reward,13.38619613647461
14999,Curriculum/terrain_levels,4.107320308685303
14999,Episode_Reward/action_rate_l2,-0.2801189124584198
14999,Episode_Reward/ang_vel_xy_l2,-0.026083320379257202
14999,Episode_Reward/belly_contact_force,0.0
14999,Episode_Reward/dof_acc_l2,-0.2034815549850464
14999,Episode_Reward/dof_pos_limits,0.0
14999,Episode_Reward/dof_torques_l2,-0.38045620918273926
14999,Episode_Reward/feet_slide,-0.010066524147987366
14999,Episode_Reward/flat_orientation_l2,0.0
14999,Episode_Reward/foot_clearance,-7.005178485997021e-05
14999,Episode_Reward/lin_vel_z_l2,-0.05611444637179375
14999,Episode_Reward/track_ang_vel_z_exp,0.2322101593017578
14999,Episode_Reward/track_lin_vel_xy_lin,1.3588511943817139
14999,Episode_Reward/undesired_contacts,0.0
14999,Episode_Termination/tilt,0.00341796875
14999,Episode_Termination/time_out,0.99658203125
14999,Loss/entropy,19.547603607177734
14999,Loss/learning_rate,0.00011155671381857246
14999,Loss/surrogate,-0.0050007617101073265
14999,Loss/value,0.02685726247727871
14999,Metrics/base_velocity/error_vel_xy,0.5261961221694946
14999,Metrics/base_velocity/error_vel_yaw,0.8501035571098328
14999,Metrics/success_rate,0.03263889253139496
14999,Perf/collection_time,6.77590274810791
14999,Perf/learning_time,0.2809431552886963
14999,Perf/total_fps,13930.0
14999,Policy/mean_std,0.6844025254249573
14999,Train/mean_episode_length,1000.0
14999,Train/mean_reward,12.555440902709961
15544,Train/mean_episode_length/time,792.1199951171875
15544,Train/mean_reward/time,4.052065372467041
16198,Train/mean_episode_length/time,788.969970703125
16198,Train/mean_reward/time,4.041810989379883
16851,Train/mean_episode_length/time,756.5800170898438
16851,Train/mean_reward/time,3.3819196224212646
17507,Train/mean_episode_length/time,851.8400268554688
17507,Train/mean_reward/time,6.049814224243164
18161,Train/mean_episode_length/time,772.8499755859375
18161,Train/mean_reward/time,4.917172431945801
18813,Train/mean_episode_length/time,802.719970703125
18813,Train/mean_reward/time,4.467554092407227
19462,Train/mean_episode_length/time,900.6599731445312
19462,Train/mean_reward/time,5.883755683898926
20112,Train/mean_episode_length/time,874.4099731445312
20112,Train/mean_reward/time,4.140960216522217
20763,Train/mean_episode_length/time,807.989990234375
20763,Train/mean_reward/time,5.215734958648682
21418,Train/mean_episode_length/time,858.6300048828125
21418,Train/mean_reward/time,5.884860515594482
22075,Train/mean_episode_length/time,854.1500244140625
22075,Train/mean_reward/time,4.988992691040039
22724,Train/mean_episode_length/time,915.9099731445312
22724,Train/mean_reward/time,6.547779083251953
23373,Train/mean_episode_length/time,860.6699829101562
23373,Train/mean_reward/time,7.248430252075195
24024,Train/mean_episode_length/time,818.97998046875
24024,Train/mean_reward/time,6.0842461585998535
24677,Train/mean_episode_length/time,822.3200073242188
24677,Train/mean_reward/time,6.186807632446289
25330,Train/mean_episode_length/time,892.489990234375
25330,Train/mean_reward/time,7.434037208557129
25978,Train/mean_episode_length/time,881.469970703125
25978,Train/mean_reward/time,6.706758975982666
26629,Train/mean_episode_length/time,906.5
26629,Train/mean_reward/time,7.5501532554626465
27276,Train/mean_episode_length/time,862.1400146484375
27276,Train/mean_reward/time,7.297460079193115
27921,Train/mean_episode_length/time,909.6799926757812
27921,Train/mean_reward/time,7.014973163604736
28569,Train/mean_episode_length/time,860.8300170898438
28569,Train/mean_reward/time,6.76403284072876
29216,Train/mean_episode_length/time,900.239990234375
29216,Train/mean_reward/time,7.733001232147217
55662,Train/mean_episode_length/time,940.3099975585938
55662,Train/mean_reward/time,7.0754923820495605
56349,Train/mean_episode_length/time,913.8400268554688
56349,Train/mean_reward/time,8.0223388671875
57088,Train/mean_episode_length/time,870.8099975585938
57088,Train/mean_reward/time,6.729273319244385
57814,Train/mean_episode_length/time,925.530029296875
57814,Train/mean_reward/time,7.190328121185303
58482,Train/mean_episode_length/time,932.1799926757812
58482,Train/mean_reward/time,7.801248073577881
59140,Train/mean_episode_length/time,935.5499877929688
59140,Train/mean_reward/time,6.8418288230896
59796,Train/mean_episode_length/time,946.530029296875
59796,Train/mean_reward/time,7.814718723297119
60474,Train/mean_episode_length/time,926.6300048828125
60474,Train/mean_reward/time,9.17861270904541
61166,Train/mean_episode_length/time,920.530029296875
61166,Train/mean_reward/time,8.677881240844727
61848,Train/mean_episode_length/time,922.1599731445312
61848,Train/mean_reward/time,9.196762084960938
62512,Train/mean_episode_length/time,959.1900024414062
62512,Train/mean_reward/time,8.579583168029785
63159,Train/mean_episode_length/time,937.9000244140625
63159,Train/mean_reward/time,8.900750160217285
63802,Train/mean_episode_length/time,915.1799926757812
63802,Train/mean_reward/time,7.522908687591553
64462,Train/mean_episode_length/time,932.8800048828125
64462,Train/mean_reward/time,8.984720230102539
65104,Train/mean_episode_length/time,920.989990234375
65104,Train/mean_reward/time,9.509197235107422
65747,Train/mean_episode_length/time,923.1900024414062
65747,Train/mean_reward/time,8.768977165222168
66393,Train/mean_episode_length/time,927.6199951171875
66393,Train/mean_reward/time,7.743130207061768
67036,Train/mean_episode_length/time,975.0900268554688
67036,Train/mean_reward/time,8.981083869934082
67679,Train/mean_episode_length/time,953.3800048828125
67679,Train/mean_reward/time,9.90031623840332
68320,Train/mean_episode_length/time,948.4500122070312
68320,Train/mean_reward/time,9.154614448547363
68963,Train/mean_episode_length/time,956.4600219726562
68963,Train/mean_reward/time,8.235965728759766
69608,Train/mean_episode_length/time,932.0599975585938
69608,Train/mean_reward/time,7.702239036560059
70251,Train/mean_episode_length/time,949.22998046875
70251,Train/mean_reward/time,8.786944389343262
70892,Train/mean_episode_length/time,953.22998046875
70892,Train/mean_reward/time,9.667431831359863
71550,Train/mean_episode_length/time,976.6699829101562
71550,Train/mean_reward/time,10.978009223937988
72207,Train/mean_episode_length/time,916.530029296875
72207,Train/mean_reward/time,7.131561756134033
72875,Train/mean_episode_length/time,947.97998046875
72875,Train/mean_reward/time,8.752187728881836
73561,Train/mean_episode_length/time,935.8200073242188
73561,Train/mean_reward/time,9.202742576599121
74246,Train/mean_episode_length/time,935.719970703125
74246,Train/mean_reward/time,9.664795875549316
74916,Train/mean_episode_length/time,928.530029296875
74916,Train/mean_reward/time,7.985936641693115
75585,Train/mean_episode_length/time,924.6099853515625
75585,Train/mean_reward/time,9.483122825622559
76259,Train/mean_episode_length/time,946.0999755859375
76259,Train/mean_reward/time,9.688304901123047
76914,Train/mean_episode_length/time,941.969970703125
76914,Train/mean_reward/time,9.761275291442871
77583,Train/mean_episode_length/time,929.6699829101562
77583,Train/mean_reward/time,9.047727584838867
78248,Train/mean_episode_length/time,920.47998046875
78248,Train/mean_reward/time,9.85572338104248
78938,Train/mean_episode_length/time,969.8699951171875
78938,Train/mean_reward/time,9.100794792175293
79619,Train/mean_episode_length/time,913.5999755859375
79619,Train/mean_reward/time,8.927629470825195
80323,Train/mean_episode_length/time,958.75
80323,Train/mean_reward/time,9.736780166625977
81007,Train/mean_episode_length/time,970.47998046875
81007,Train/mean_reward/time,9.146503448486328
81671,Train/mean_episode_length/time,950.5
81671,Train/mean_reward/time,10.172722816467285
82325,Train/mean_episode_length/time,981.8900146484375
82325,Train/mean_reward/time,10.966428756713867
82979,Train/mean_episode_length/time,925.719970703125
82979,Train/mean_reward/time,9.40825080871582
83642,Train/mean_episode_length/time,946.989990234375
83642,Train/mean_reward/time,8.896465301513672
84300,Train/mean_episode_length/time,942.1099853515625
84300,Train/mean_reward/time,9.355156898498535
84951,Train/mean_episode_length/time,919.5499877929688
84951,Train/mean_reward/time,9.669951438903809
85622,Train/mean_episode_length/time,954.1199951171875
85622,Train/mean_reward/time,9.828498840332031
86289,Train/mean_episode_length/time,959.5499877929688
86289,Train/mean_reward/time,9.89493179321289
86941,Train/mean_episode_length/time,932.0499877929688
86941,Train/mean_reward/time,9.008533477783203
87587,Train/mean_episode_length/time,942.6599731445312
87587,Train/mean_reward/time,10.462121963500977
88235,Train/mean_episode_length/time,966.5900268554688
88235,Train/mean_reward/time,11.566253662109375
88874,Train/mean_episode_length/time,982.3699951171875
88874,Train/mean_reward/time,10.275516510009766
89513,Train/mean_episode_length/time,984.8400268554688
89513,Train/mean_reward/time,11.216447830200195
90150,Train/mean_episode_length/time,989.9400024414062
90150,Train/mean_reward/time,11.101330757141113
90787,Train/mean_episode_length/time,989.760009765625
90787,Train/mean_reward/time,10.33122444152832
91430,Train/mean_episode_length/time,991.989990234375
91430,Train/mean_reward/time,11.190759658813477
92070,Train/mean_episode_length/time,984.6500244140625
92070,Train/mean_reward/time,11.003052711486816
92707,Train/mean_episode_length/time,991.6400146484375
92707,Train/mean_reward/time,10.054839134216309
93347,Train/mean_episode_length/time,984.6099853515625
93347,Train/mean_reward/time,10.707328796386719
93986,Train/mean_episode_length/time,992.3300170898438
93986,Train/mean_reward/time,10.343521118164062
94626,Train/mean_episode_length/time,997.4600219726562
94626,Train/mean_reward/time,10.826517105102539
95264,Train/mean_episode_length/time,992.4500122070312
95264,Train/mean_reward/time,10.682212829589844
95905,Train/mean_episode_length/time,986.3599853515625
95905,Train/mean_reward/time,11.425869941711426
96544,Train/mean_episode_length/time,1000.0
96544,Train/mean_reward/time,10.75450611114502
97185,Train/mean_episode_length/time,993.010009765625
97185,Train/mean_reward/time,12.01292896270752
97823,Train/mean_episode_length/time,1000.0
97823,Train/mean_reward/time,11.823505401611328
98460,Train/mean_episode_length/time,1000.0
98460,Train/mean_reward/time,10.237625122070312
99099,Train/mean_episode_length/time,999.2100219726562
99099,Train/mean_reward/time,11.250787734985352
99741,Train/mean_episode_length/time,1000.0
99741,Train/mean_reward/time,11.370574951171875
100377,Train/mean_episode_length/time,992.6900024414062
100377,Train/mean_reward/time,12.205573081970215
101017,Train/mean_episode_length/time,1000.0
101017,Train/mean_reward/time,12.022229194641113
101653,Train/mean_episode_length/time,989.0999755859375
101653,Train/mean_reward/time,10.504595756530762
102292,Train/mean_episode_length/time,990.3300170898438
102292,Train/mean_reward/time,11.197786331176758
102925,Train/mean_episode_length/time,1000.0
102925,Train/mean_reward/time,11.810815811157227
103559,Train/mean_episode_length/time,1000.0
103559,Train/mean_reward/time,11.95092487335205
104198,Train/mean_episode_length/time,1000.0
104198,Train/mean_reward/time,11.060675621032715
104831,Train/mean_episode_length/time,994.280029296875
104831,Train/mean_reward/time,11.601462364196777
105464,Train/mean_episode_length/time,998.7999877929688
105464,Train/mean_reward/time,12.464068412780762
106098,Train/mean_episode_length/time,1000.0
106098,Train/mean_reward/time,12.608802795410156
106729,Train/mean_episode_length/time,997.3800048828125
106729,Train/mean_reward/time,11.79859733581543
107363,Train/mean_episode_length/time,1000.0
107363,Train/mean_reward/time,12.614161491394043
107997,Train/mean_episode_length/time,993.5900268554688
107997,Train/mean_reward/time,10.881196975708008
108630,Train/mean_episode_length/time,1000.0
108630,Train/mean_reward/time,13.156805992126465
109263,Train/mean_episode_length/time,1000.0
109263,Train/mean_reward/time,12.611441612243652
109896,Train/mean_episode_length/time,1000.0
109896,Train/mean_reward/time,11.506422996520996
110529,Train/mean_episode_length/time,1000.0
110529,Train/mean_reward/time,12.175156593322754
111168,Train/mean_episode_length/time,1000.0
111168,Train/mean_reward/time,10.97645092010498
111804,Train/mean_episode_length/time,1000.0
111804,Train/mean_reward/time,12.718597412109375
112440,Train/mean_episode_length/time,996.7899780273438
112440,Train/mean_reward/time,11.762686729431152
113076,Train/mean_episode_length/time,1000.0
113076,Train/mean_reward/time,12.198908805847168
113712,Train/mean_episode_length/time,1000.0
113712,Train/mean_reward/time,13.000994682312012
114347,Train/mean_episode_length/time,1000.0
114347,Train/mean_reward/time,11.804376602172852
314979,Train/mean_episode_length/time,1000.0
314979,Train/mean_reward/time,12.728225708007812
315636,Train/mean_episode_length/time,1000.0
315636,Train/mean_reward/time,12.784573554992676
316284,Train/mean_episode_length/time,1000.0
316284,Train/mean_reward/time,12.120380401611328
316949,Train/mean_episode_length/time,999.2899780273438
316949,Train/mean_reward/time,12.438714981079102
317638,Train/mean_episode_length/time,991.6900024414062
317638,Train/mean_reward/time,11.014973640441895
318304,Train/mean_episode_length/time,1000.0
318304,Train/mean_reward/time,13.141589164733887
318969,Train/mean_episode_length/time,1000.0
318969,Train/mean_reward/time,11.97203254699707
319625,Train/mean_episode_length/time,1000.0
319625,Train/mean_reward/time,11.943700790405273
320302,Train/mean_episode_length/time,1000.0
320302,Train/mean_reward/time,13.070047378540039
320945,Train/mean_episode_length/time,1000.0
320945,Train/mean_reward/time,10.902469635009766
321579,Train/mean_episode_length/time,998.9000244140625
321579,Train/mean_reward/time,12.327609062194824
322217,Train/mean_episode_length/time,1000.0
322217,Train/mean_reward/time,12.415624618530273
322854,Train/mean_episode_length/time,1000.0
322854,Train/mean_reward/time,12.369014739990234
323492,Train/mean_episode_length/time,997.8300170898438
323492,Train/mean_reward/time,13.38619613647461
324124,Train/mean_episode_length/time,1000.0
324124,Train/mean_reward/time,12.555440902709961
