iteration,tag,value
0,Curriculum/terrain_levels,4.5363569259643555
0,Episode_Reward/action_rate_l2,-0.006270863115787506
0,Episode_Reward/ang_vel_xy_l2,-0.00029301404720172286
0,Episode_Reward/belly_contact_force,0.0
0,Episode_Reward/dof_acc_l2,-0.0017684830818325281
0,Episode_Reward/dof_pos_limits,0.0
0,Episode_Reward/dof_torques_l2,-0.0033782492391765118
0,Episode_Reward/feet_slide,-0.00021146492508705705
0,Episode_Reward/flat_orientation_l2,0.0
0,Episode_Reward/foot_clearance,-5.457622478388657e-07
0,Episode_Reward/lin_vel_z_l2,-0.015169128775596619
0,Episode_Reward/track_ang_vel_z_exp,0.0019543252419680357
0,Episode_Reward/track_lin_vel_xy_lin,0.001962136710062623
0,Episode_Reward/undesired_contacts,0.0
0,Episode_Termination/time_out,0.012125651352107525
0,Loss/entropy,36.8944206237793
0,Loss/learning_rate,0.000499950023368001
0,Loss/surrogate,-0.008661058731377125
0,Loss/value,0.09366948902606964
0,Metrics/base_velocity/error_vel_xy,1.5302047729492188
0,Metrics/base_velocity/error_vel_yaw,0.755091667175293
0,Metrics/success_rate,0.0476190522313118
0,Perf/collection_time,8.809741020202637
0,Perf/learning_time,0.5030369758605957
0,Perf/total_fps,10555.0
0,Policy/mean_std,1.0001801252365112
0,Train/mean_episode_length,12.959595680236816
0,Train/mean_reward,-0.48853352665901184
9,Train/mean_episode_length/time,12.959595680236816
9,Train/mean_reward/time,-0.48853352665901184
100,Curriculum/terrain_levels,4.019612789154053
100,Episode_Reward/action_rate_l2,-0.31815460324287415
100,Episode_Reward/ang_vel_xy_l2,-0.04525626823306084
100,Episode_Reward/belly_contact_force,-0.006697443779557943
100,Episode_Reward/dof_acc_l2,-0.41447967290878296
100,Episode_Reward/dof_pos_limits,0.0
100,Episode_Reward/dof_torques_l2,-0.9231213331222534
100,Episode_Reward/feet_slide,-0.060099564492702484
100,Episode_Reward/flat_orientation_l2,0.0
100,Episode_Reward/foot_clearance,-6.350388139253482e-05
100,Episode_Reward/lin_vel_z_l2,-0.15133261680603027
100,Episode_Reward/track_ang_vel_z_exp,0.17021021246910095
100,Episode_Reward/track_lin_vel_xy_lin,0.2633664309978485
100,Episode_Reward/undesired_contacts,-0.012318115681409836
100,Episode_Termination/time_out,1.0
100,Loss/entropy,29.275793075561523
100,Loss/learning_rate,0.0004949751892127097
100,Loss/surrogate,-0.005506496876478195
100,Loss/value,0.05551869794726372
100,Metrics/base_velocity/error_vel_xy,1.4053387641906738
100,Metrics/base_velocity/error_vel_yaw,0.6999176740646362
100,Metrics/success_rate,0.0
100,Perf/collection_time,6.828948020935059
100,Perf/learning_time,0.31720471382141113
100,Perf/total_fps,13756.0
100,Policy/mean_std,0.7531741857528687
100,Train/mean_episode_length,1000.0
100,Train/mean_reward,-30.171863555908203
200,Curriculum/terrain_levels,4.378265380859375
200,Episode_Reward/action_rate_l2,-0.25970110297203064
200,Episode_Reward/ang_vel_xy_l2,-0.0525783896446228
200,Episode_Reward/belly_contact_force,-0.014900699257850647
200,Episode_Reward/dof_acc_l2,-0.3821842074394226
200,Episode_Reward/dof_pos_limits,0.0
200,Episode_Reward/dof_torques_l2,-1.0180370807647705
200,Episode_Reward/feet_slide,-0.05917198956012726
200,Episode_Reward/flat_orientation_l2,0.0
200,Episode_Reward/foot_clearance,-5.888823579880409e-05
200,Episode_Reward/lin_vel_z_l2,-0.2602325975894928
200,Episode_Reward/track_ang_vel_z_exp,0.1996956169605255
200,Episode_Reward/track_lin_vel_xy_lin,0.2832050323486328
200,Episode_Reward/undesired_contacts,-0.01812604069709778
200,Episode_Termination/time_out,1.0
200,Loss/entropy,25.2833309173584
200,Loss/learning_rate,0.0004900498315691948
200,Loss/surrogate,-0.0050452458672225475
200,Loss/value,0.03989235311746597
200,Metrics/base_velocity/error_vel_xy,1.4250962734222412
200,Metrics/base_velocity/error_vel_yaw,0.6239006519317627
200,Metrics/success_rate,0.0
200,Perf/collection_time,7.174008369445801
200,Perf/learning_time,0.28588366508483887
200,Perf/total_fps,13177.0
200,Policy/mean_std,0.6670162081718445
200,Train/mean_episode_length,1000.0
200,Train/mean_reward,-31.54257583618164
300,Curriculum/terrain_levels,4.2702741622924805
300,Episode_Reward/action_rate_l2,-0.2185574471950531
300,Episode_Reward/ang_vel_xy_l2,-0.03781464695930481
300,Episode_Reward/belly_contact_force,-1.1159421774209477e-05
300,Episode_Reward/dof_acc_l2,-0.3086625933647156
300,Episode_Reward/dof_pos_limits,0.0
300,Episode_Reward/dof_torques_l2,-0.8240255117416382
300,Episode_Reward/feet_slide,-0.05521842837333679
300,Episode_Reward/flat_orientation_l2,0.0
300,Episode_Reward/foot_clearance,-5.668095764121972e-05
300,Episode_Reward/lin_vel_z_l2,-0.10774117708206177
300,Episode_Reward/track_ang_vel_z_exp,0.2466820478439331
300,Episode_Reward/track_lin_vel_xy_lin,0.41541823744773865
300,Episode_Reward/undesired_contacts,-0.00044220290146768093
300,Episode_Termination/time_out,1.0
300,Loss/entropy,21.17835807800293
300,Loss/learning_rate,0.0004851735138799995
300,Loss/surrogate,-0.0050940983928740025
300,Loss/value,0.03519608452916145
300,Metrics/base_velocity/error_vel_xy,1.4337303638458252
300,Metrics/base_velocity/error_vel_yaw,0.4985400438308716
300,Metrics/success_rate,0.010416666977107525
300,Perf/collection_time,6.6060357093811035
300,Perf/learning_time,0.2200946807861328
300,Perf/total_fps,14401.0
300,Policy/mean_std,0.5963642001152039
300,Train/mean_episode_length,1000.0
300,Train/mean_reward,-17.8160457611084
400,Curriculum/terrain_levels,4.151123046875
400,Episode_Reward/action_rate_l2,-0.20569786429405212
400,Episode_Reward/ang_vel_xy_l2,-0.035685088485479355
400,Episode_Reward/belly_contact_force,-0.0018249878194183111
400,Episode_Reward/dof_acc_l2,-0.2778613865375519
400,Episode_Reward/dof_pos_limits,0.0
400,Episode_Reward/dof_torques_l2,-0.7224811315536499
400,Episode_Reward/feet_slide,-0.053361304104328156
400,Episode_Reward/flat_orientation_l2,0.0
400,Episode_Reward/foot_clearance,-5.906601290917024e-05
400,Episode_Reward/lin_vel_z_l2,-0.09268243610858917
400,Episode_Reward/track_ang_vel_z_exp,0.27345556020736694
400,Episode_Reward/track_lin_vel_xy_lin,0.5094988346099854
400,Episode_Reward/undesired_contacts,-0.007746982388198376
400,Episode_Termination/time_out,1.0
400,Loss/entropy,19.721485137939453
400,Loss/learning_rate,0.0004803457122761756
400,Loss/surrogate,0.001268961699679494
400,Loss/value,0.04786694794893265
400,Metrics/base_velocity/error_vel_xy,1.3214271068572998
400,Metrics/base_velocity/error_vel_yaw,0.4414946734905243
400,Metrics/success_rate,0.03958333283662796
400,Perf/collection_time,6.649258613586426
400,Perf/learning_time,0.22725439071655273
400,Perf/total_fps,14295.0
400,Policy/mean_std,0.5759145617485046
400,Train/mean_episode_length,1000.0
400,Train/mean_reward,-12.343606948852539
500,Curriculum/terrain_levels,4.347442626953125
500,Episode_Reward/action_rate_l2,-0.20997999608516693
500,Episode_Reward/ang_vel_xy_l2,-0.04012780636548996
500,Episode_Reward/belly_contact_force,-0.00099316390696913
500,Episode_Reward/dof_acc_l2,-0.2834644317626953
500,Episode_Reward/dof_pos_limits,0.0
500,Episode_Reward/dof_torques_l2,-0.7219511866569519
500,Episode_Reward/feet_slide,-0.05756618082523346
500,Episode_Reward/flat_orientation_l2,0.0
500,Episode_Reward/foot_clearance,-5.3940915677230805e-05
500,Episode_Reward/lin_vel_z_l2,-0.10730192065238953
500,Episode_Reward/track_ang_vel_z_exp,0.2865731120109558
500,Episode_Reward/track_lin_vel_xy_lin,0.6005537509918213
500,Episode_Reward/undesired_contacts,-0.01941397786140442
500,Episode_Termination/time_out,1.0
500,Loss/entropy,19.55813980102539
500,Loss/learning_rate,0.0004755659610964358
500,Loss/surrogate,-0.002064936561509967
500,Loss/value,0.042542874813079834
500,Metrics/base_velocity/error_vel_xy,1.2133376598358154
500,Metrics/base_velocity/error_vel_yaw,0.4137837290763855
500,Metrics/success_rate,0.03511904925107956
500,Perf/collection_time,6.890327453613281
500,Perf/learning_time,0.2550833225250244
500,Perf/total_fps,13757.0
500,Policy/mean_std,0.5760862231254578
500,Train/mean_episode_length,1000.0
500,Train/mean_reward,-10.863863945007324
600,Curriculum/terrain_levels,3.1014914512634277
600,Episode_Reward/action_rate_l2,-0.21633563935756683
600,Episode_Reward/ang_vel_xy_l2,-0.03798052668571472
600,Episode_Reward/belly_contact_force,-0.0016351662343367934
600,Episode_Reward/dof_acc_l2,-0.2897343039512634
600,Episode_Reward/dof_pos_limits,0.0
600,Episode_Reward/dof_torques_l2,-0.718380868434906
600,Episode_Reward/feet_slide,-0.054818034172058105
600,Episode_Reward/flat_orientation_l2,0.0
600,Episode_Reward/foot_clearance,-5.7783960073720664e-05
600,Episode_Reward/lin_vel_z_l2,-0.12891612946987152
600,Episode_Reward/track_ang_vel_z_exp,0.29131412506103516
600,Episode_Reward/track_lin_vel_xy_lin,0.4918597638607025
600,Episode_Reward/undesired_contacts,-0.02893753908574581
600,Episode_Termination/time_out,1.0
600,Loss/entropy,20.02732276916504
600,Loss/learning_rate,0.00047083376557566226
600,Loss/surrogate,-0.003797028912231326
600,Loss/value,0.039875153452157974
600,Metrics/base_velocity/error_vel_xy,1.3071988821029663
600,Metrics/base_velocity/error_vel_yaw,0.4071544110774994
600,Metrics/success_rate,0.04553571343421936
600,Perf/collection_time,6.623160362243652
600,Perf/learning_time,0.21930980682373047
600,Perf/total_fps,14366.0
600,Policy/mean_std,0.5889472961425781
600,Train/mean_episode_length,1000.0
600,Train/mean_reward,-12.384570121765137
700,Curriculum/terrain_levels,3.7242941856384277
700,Episode_Reward/action_rate_l2,-0.22890375554561615
700,Episode_Reward/ang_vel_xy_l2,-0.03348216041922569
700,Episode_Reward/belly_contact_force,-0.001196655910462141
700,Episode_Reward/dof_acc_l2,-0.2745181918144226
700,Episode_Reward/dof_pos_limits,0.0
700,Episode_Reward/dof_torques_l2,-0.7094693183898926
700,Episode_Reward/feet_slide,-0.05005820840597153
700,Episode_Reward/flat_orientation_l2,0.0
700,Episode_Reward/foot_clearance,-6.284730625338852e-05
700,Episode_Reward/lin_vel_z_l2,-0.12236931174993515
700,Episode_Reward/track_ang_vel_z_exp,0.29834988713264465
700,Episode_Reward/track_lin_vel_xy_lin,0.42569559812545776
700,Episode_Reward/undesired_contacts,-0.01110317837446928
700,Episode_Termination/time_out,1.0
700,Loss/entropy,20.642333984375
700,Loss/learning_rate,0.0004661486600525677
700,Loss/surrogate,-0.004029042553156614
700,Loss/value,0.03761625289916992
700,Metrics/base_velocity/error_vel_xy,1.3001208305358887
700,Metrics/base_velocity/error_vel_yaw,0.39236587285995483
700,Metrics/success_rate,0.05363757163286209
700,Perf/collection_time,7.259528160095215
700,Perf/learning_time,0.32733798027038574
700,Perf/total_fps,12957.0
700,Policy/mean_std,0.6030256152153015
700,Train/mean_episode_length,1000.0
700,Train/mean_reward,-13.752314567565918
733,Train/mean_episode_length/time,1000.0
733,Train/mean_reward/time,-30.171863555908203
800,Curriculum/terrain_levels,4.630910396575928
800,Episode_Reward/action_rate_l2,-0.22281138598918915
800,Episode_Reward/ang_vel_xy_l2,-0.03517565876245499
800,Episode_Reward/belly_contact_force,-0.0015262834494933486
800,Episode_Reward/dof_acc_l2,-0.2777465581893921
800,Episode_Reward/dof_pos_limits,0.0
800,Episode_Reward/dof_torques_l2,-0.6804351806640625
800,Episode_Reward/feet_slide,-0.050622157752513885
800,Episode_Reward/flat_orientation_l2,0.0
800,Episode_Reward/foot_clearance,-5.49879769096151e-05
800,Episode_Reward/lin_vel_z_l2,-0.09740059822797775
800,Episode_Reward/track_ang_vel_z_exp,0.30738478899002075
800,Episode_Reward/track_lin_vel_xy_lin,0.5238829851150513
800,Episode_Reward/undesired_contacts,-0.004519788548350334
800,Episode_Termination/time_out,1.0
800,Loss/entropy,20.145278930664062
800,Loss/learning_rate,0.0004615101788658649
800,Loss/surrogate,0.0014058747328817844
800,Loss/value,0.04062877222895622
800,Metrics/base_velocity/error_vel_xy,1.1767147779464722
800,Metrics/base_velocity/error_vel_yaw,0.3762308955192566
800,Metrics/success_rate,0.06631945073604584
800,Perf/collection_time,6.662894248962402
800,Perf/learning_time,0.23111844062805176
800,Perf/total_fps,14259.0
800,Policy/mean_std,0.5960572957992554
800,Train/mean_episode_length,1000.0
800,Train/mean_reward,-11.456473350524902
900,Curriculum/terrain_levels,3.8534953594207764
900,Episode_Reward/action_rate_l2,-0.2244536280632019
900,Episode_Reward/ang_vel_xy_l2,-0.03491219878196716
900,Episode_Reward/belly_contact_force,-5.467573646456003e-05
900,Episode_Reward/dof_acc_l2,-0.26874446868896484
900,Episode_Reward/dof_pos_limits,0.0
900,Episode_Reward/dof_torques_l2,-0.6865281462669373
900,Episode_Reward/feet_slide,-0.04982106015086174
900,Episode_Reward/flat_orientation_l2,0.0
900,Episode_Reward/foot_clearance,-5.12505357619375e-05
900,Episode_Reward/lin_vel_z_l2,-0.08477732539176941
900,Episode_Reward/track_ang_vel_z_exp,0.2964756190776825
900,Episode_Reward/track_lin_vel_xy_lin,0.5580421686172485
900,Episode_Reward/undesired_contacts,-0.007574533578008413
900,Episode_Termination/time_out,1.0
900,Loss/entropy,19.651941299438477
900,Loss/learning_rate,0.00045691782725043595
900,Loss/surrogate,-0.004473618231713772
900,Loss/value,0.028436537832021713
900,Metrics/base_velocity/error_vel_xy,1.073603630065918
900,Metrics/base_velocity/error_vel_yaw,0.3947463929653168
900,Metrics/success_rate,0.1041666716337204
900,Perf/collection_time,6.630694389343262
900,Perf/learning_time,0.2332744598388672
900,Perf/total_fps,14321.0
900,Policy/mean_std,0.5871455073356628
900,Train/mean_episode_length,1000.0
900,Train/mean_reward,-10.045344352722168
1000,Curriculum/terrain_levels,3.5731303691864014
1000,Episode_Reward/action_rate_l2,-0.22538316249847412
1000,Episode_Reward/ang_vel_xy_l2,-0.03386349976062775
1000,Episode_Reward/belly_contact_force,0.0
1000,Episode_Reward/dof_acc_l2,-0.2496982216835022
1000,Episode_Reward/dof_pos_limits,0.0
1000,Episode_Reward/dof_torques_l2,-0.6746243238449097
1000,Episode_Reward/feet_slide,-0.04647045582532883
1000,Episode_Reward/flat_orientation_l2,0.0
1000,Episode_Reward/foot_clearance,-5.1405040721874684e-05
1000,Episode_Reward/lin_vel_z_l2,-0.08844851702451706
1000,Episode_Reward/track_ang_vel_z_exp,0.3184889256954193
1000,Episode_Reward/track_lin_vel_xy_lin,0.5244210958480835
1000,Episode_Reward/undesired_contacts,-0.018067214637994766
1000,Episode_Termination/time_out,1.0
1000,Loss/entropy,20.01072120666504
1000,Loss/learning_rate,0.00045237119775265455
1000,Loss/surrogate,-0.004148765001446009
1000,Loss/value,0.02826445922255516
1000,Metrics/base_velocity/error_vel_xy,1.2692651748657227
1000,Metrics/base_velocity/error_vel_yaw,0.35546430945396423
1000,Metrics/success_rate,0.09315477311611176
1000,Perf/collection_time,6.533797264099121
1000,Perf/learning_time,0.22164082527160645
1000,Perf/total_fps,14551.0
1000,Policy/mean_std,0.5948644876480103
1000,Train/mean_episode_length,1000.0
1000,Train/mean_reward,-10.054717063903809
1100,Curriculum/terrain_levels,3.8302206993103027
1100,Episode_Reward/action_rate_l2,-0.21921607851982117
1100,Episode_Reward/ang_vel_xy_l2,-0.03782279044389725
1100,Episode_Reward/belly_contact_force,0.0
1100,Episode_Reward/dof_acc_l2,-0.25545167922973633
1100,Episode_Reward/dof_pos_limits,0.0
1100,Episode_Reward/dof_torques_l2,-0.6645646691322327
1100,Episode_Reward/feet_slide,-0.050995610654354095
1100,Episode_Reward/flat_orientation_l2,0.0
1100,Episode_Reward/foot_clearance,-5.9384037740528584e-05
1100,Episode_Reward/lin_vel_z_l2,-0.07797978818416595
1100,Episode_Reward/track_ang_vel_z_exp,0.3124346435070038
1100,Episode_Reward/track_lin_vel_xy_lin,0.5410796403884888
1100,Episode_Reward/undesired_contacts,-0.01913490705192089
1100,Episode_Termination/time_out,1.0
1100,Loss/entropy,19.748903274536133
1100,Loss/learning_rate,0.0004478698247112334
1100,Loss/surrogate,-0.0020876089110970497
1100,Loss/value,0.05547875165939331
1100,Metrics/base_velocity/error_vel_xy,1.2184330224990845
1100,Metrics/base_velocity/error_vel_yaw,0.36775335669517517
1100,Metrics/success_rate,0.06701388955116272
1100,Perf/collection_time,6.791912078857422
1100,Perf/learning_time,0.27633142471313477
1100,Perf/total_fps,13907.0
1100,Policy/mean_std,0.5905454754829407
1100,Train/mean_episode_length,1000.0
1100,Train/mean_reward,-9.441569328308105
1200,Curriculum/terrain_levels,3.398712158203125
1200,Episode_Reward/action_rate_l2,-0.2189425677061081
1200,Episode_Reward/ang_vel_xy_l2,-0.03344739228487015
1200,Episode_Reward/belly_contact_force,-0.0015414655208587646
1200,Episode_Reward/dof_acc_l2,-0.23812758922576904
1200,Episode_Reward/dof_pos_limits,0.0
1200,Episode_Reward/dof_torques_l2,-0.659658670425415
1200,Episode_Reward/feet_slide,-0.04461275041103363
1200,Episode_Reward/flat_orientation_l2,0.0
1200,Episode_Reward/foot_clearance,-5.279052129480988e-05
1200,Episode_Reward/lin_vel_z_l2,-0.08487401902675629
1200,Episode_Reward/track_ang_vel_z_exp,0.3223588466644287
1200,Episode_Reward/track_lin_vel_xy_lin,0.48040294647216797
1200,Episode_Reward/undesired_contacts,-0.01646307110786438
1200,Episode_Termination/time_out,1.0
1200,Loss/entropy,19.315153121948242
1200,Loss/learning_rate,0.00044341321336105466
1200,Loss/surrogate,-0.004723329562693834
1200,Loss/value,0.031054234132170677
1200,Metrics/base_velocity/error_vel_xy,1.2523009777069092
1200,Metrics/base_velocity/error_vel_yaw,0.3515129089355469
1200,Metrics/success_rate,0.10228174924850464
1200,Perf/collection_time,6.582739353179932
1200,Perf/learning_time,0.22692346572875977
1200,Perf/total_fps,14435.0
1200,Policy/mean_std,0.5832418203353882
1200,Train/mean_episode_length,1000.0
1200,Train/mean_reward,-9.681722640991211
1300,Curriculum/terrain_levels,3.4185080528259277
1300,Episode_Reward/action_rate_l2,-0.2216905653476715
1300,Episode_Reward/ang_vel_xy_l2,-0.04375052452087402
1300,Episode_Reward/belly_contact_force,-0.001291181892156601
1300,Episode_Reward/dof_acc_l2,-0.2829379439353943
1300,Episode_Reward/dof_pos_limits,0.0
1300,Episode_Reward/dof_torques_l2,-0.6631169319152832
1300,Episode_Reward/feet_slide,-0.05618796870112419
1300,Episode_Reward/flat_orientation_l2,0.0
1300,Episode_Reward/foot_clearance,-4.848084063269198e-05
1300,Episode_Reward/lin_vel_z_l2,-0.08849455416202545
1300,Episode_Reward/track_ang_vel_z_exp,0.33437371253967285
1300,Episode_Reward/track_lin_vel_xy_lin,0.6498832702636719
1300,Episode_Reward/undesired_contacts,-0.003059027250856161
1300,Episode_Termination/time_out,1.0
1300,Loss/entropy,19.530027389526367
1300,Loss/learning_rate,0.000439000956248492
1300,Loss/surrogate,-0.003583254525437951
1300,Loss/value,0.04056883975863457
1300,Metrics/base_velocity/error_vel_xy,1.1397943496704102
1300,Metrics/base_velocity/error_vel_yaw,0.3296746611595154
1300,Metrics/success_rate,0.07951389253139496
1300,Perf/collection_time,6.440812110900879
1300,Perf/learning_time,0.24240994453430176
1300,Perf/total_fps,14709.0
1300,Policy/mean_std,0.5872220396995544
1300,Train/mean_episode_length,1000.0
1300,Train/mean_reward,-6.821284770965576
1400,Curriculum/terrain_levels,3.146759033203125
1400,Episode_Reward/action_rate_l2,-0.22249263525009155
1400,Episode_Reward/ang_vel_xy_l2,-0.0355263277888298
1400,Episode_Reward/belly_contact_force,-0.0013349337968975306
1400,Episode_Reward/dof_acc_l2,-0.2357673943042755
1400,Episode_Reward/dof_pos_limits,0.0
1400,Episode_Reward/dof_torques_l2,-0.6524521112442017
1400,Episode_Reward/feet_slide,-0.04595581814646721
1400,Episode_Reward/flat_orientation_l2,0.0
1400,Episode_Reward/foot_clearance,-4.600190732162446e-05
1400,Episode_Reward/lin_vel_z_l2,-0.07752133905887604
1400,Episode_Reward/track_ang_vel_z_exp,0.32334256172180176
1400,Episode_Reward/track_lin_vel_xy_lin,0.5577598810195923
1400,Episode_Reward/undesired_contacts,-0.007240274455398321
1400,Episode_Termination/time_out,1.0
1400,Loss/entropy,19.613079071044922
1400,Loss/learning_rate,0.00043463261681608856
1400,Loss/surrogate,-0.001618518028408289
1400,Loss/value,0.03171874210238457
1400,Metrics/base_velocity/error_vel_xy,1.1930147409439087
1400,Metrics/base_velocity/error_vel_yaw,0.34879350662231445
1400,Metrics/success_rate,0.0659722238779068
1400,Perf/collection_time,6.516334056854248
1400,Perf/learning_time,0.25670886039733887
1400,Perf/total_fps,14514.0
1400,Policy/mean_std,0.5900716185569763
1400,Train/mean_episode_length,1000.0
1400,Train/mean_reward,-7.746401786804199
1462,Train/mean_episode_length/time,1000.0
1462,Train/mean_reward/time,-31.54257583618164
1500,Curriculum/terrain_levels,3.894866943359375
1500,Episode_Reward/action_rate_l2,-0.22378000617027283
1500,Episode_Reward/ang_vel_xy_l2,-0.040855664759874344
1500,Episode_Reward/belly_contact_force,-0.00043701607501134276
1500,Episode_Reward/dof_acc_l2,-0.2566676139831543
1500,Episode_Reward/dof_pos_limits,0.0
1500,Episode_Reward/dof_torques_l2,-0.6677459478378296
1500,Episode_Reward/feet_slide,-0.05219327658414841
1500,Episode_Reward/flat_orientation_l2,0.0
1500,Episode_Reward/foot_clearance,-4.785346027347259e-05
1500,Episode_Reward/lin_vel_z_l2,-0.09061001241207123
1500,Episode_Reward/track_ang_vel_z_exp,0.33074110746383667
1500,Episode_Reward/track_lin_vel_xy_lin,0.6502928733825684
1500,Episode_Reward/undesired_contacts,-0.0026344237849116325
1500,Episode_Termination/time_out,1.0
1500,Loss/entropy,19.567609786987305
1500,Loss/learning_rate,0.000430307729402557
1500,Loss/surrogate,-0.0056351483799517155
1500,Loss/value,0.034787654876708984
1500,Metrics/base_velocity/error_vel_xy,1.0722066164016724
1500,Metrics/base_velocity/error_vel_yaw,0.3355191946029663
1500,Metrics/success_rate,0.08025793731212616
1500,Perf/collection_time,6.552394866943359
1500,Perf/learning_time,0.22637724876403809
1500,Perf/total_fps,14501.0
1500,Policy/mean_std,0.5885837078094482
1500,Train/mean_episode_length,1000.0
1500,Train/mean_reward,-7.206980228424072
1600,Curriculum/terrain_levels,3.384674072265625
1600,Episode_Reward/action_rate_l2,-0.21953503787517548
1600,Episode_Reward/ang_vel_xy_l2,-0.03370777517557144
1600,Episode_Reward/belly_contact_force,-3.305789959995309e-06
1600,Episode_Reward/dof_acc_l2,-0.23372268676757812
1600,Episode_Reward/dof_pos_limits,0.0
1600,Episode_Reward/dof_torques_l2,-0.648302435874939
1600,Episode_Reward/feet_slide,-0.04661149904131889
1600,Episode_Reward/flat_orientation_l2,0.0
1600,Episode_Reward/foot_clearance,-5.053847417002544e-05
1600,Episode_Reward/lin_vel_z_l2,-0.0828491821885109
1600,Episode_Reward/track_ang_vel_z_exp,0.3416783809661865
1600,Episode_Reward/track_lin_vel_xy_lin,0.5456843376159668
1600,Episode_Reward/undesired_contacts,-0.021139374002814293
1600,Episode_Termination/time_out,1.0
1600,Loss/entropy,19.468814849853516
1600,Loss/learning_rate,0.000426025886554271
1600,Loss/surrogate,-0.0073015931993722916
1600,Loss/value,0.029049808159470558
1600,Metrics/base_velocity/error_vel_xy,1.1975747346878052
1600,Metrics/base_velocity/error_vel_yaw,0.31524857878685
1600,Metrics/success_rate,0.128472238779068
1600,Perf/collection_time,6.621826171875
1600,Perf/learning_time,0.23755598068237305
1600,Perf/total_fps,14331.0
1600,Policy/mean_std,0.5859574675559998
1600,Train/mean_episode_length,1000.0
1600,Train/mean_reward,-7.456687927246094
1700,Curriculum/terrain_levels,3.1343791484832764
1700,Episode_Reward/action_rate_l2,-0.21852877736091614
1700,Episode_Reward/ang_vel_xy_l2,-0.03830014169216156
1700,Episode_Reward/belly_contact_force,-0.00013449312245938927
1700,Episode_Reward/dof_acc_l2,-0.2499512881040573
1700,Episode_Reward/dof_pos_limits,0.0
1700,Episode_Reward/dof_torques_l2,-0.6550785899162292
1700,Episode_Reward/feet_slide,-0.04911946505308151
1700,Episode_Reward/flat_orientation_l2,0.0
1700,Episode_Reward/foot_clearance,-4.630070907296613e-05
1700,Episode_Reward/lin_vel_z_l2,-0.07824374735355377
1700,Episode_Reward/track_ang_vel_z_exp,0.3403763175010681
1700,Episode_Reward/track_lin_vel_xy_lin,0.6160331964492798
1700,Episode_Reward/undesired_contacts,-0.012556391768157482
1700,Episode_Termination/time_out,1.0
1700,Loss/entropy,19.29422950744629
1700,Loss/learning_rate,0.0004217866517137736
1700,Loss/surrogate,-0.005345191340893507
1700,Loss/value,0.03522433340549469
1700,Metrics/base_velocity/error_vel_xy,1.1209323406219482
1700,Metrics/base_velocity/error_vel_yaw,0.31655561923980713
1700,Metrics/success_rate,0.1091269850730896
1700,Perf/collection_time,6.665504455566406
1700,Perf/learning_time,0.23214340209960938
1700,Perf/total_fps,14251.0
1700,Policy/mean_std,0.5838146209716797
1700,Train/mean_episode_length,1000.0
1700,Train/mean_reward,-6.957490921020508
1800,Curriculum/terrain_levels,3.8328757286071777
1800,Episode_Reward/action_rate_l2,-0.21849185228347778
1800,Episode_Reward/ang_vel_xy_l2,-0.04029005393385887
1800,Episode_Reward/belly_contact_force,0.0
1800,Episode_Reward/dof_acc_l2,-0.24471823871135712
1800,Episode_Reward/dof_pos_limits,0.0
1800,Episode_Reward/dof_torques_l2,-0.654979407787323
1800,Episode_Reward/feet_slide,-0.05226815864443779
1800,Episode_Reward/flat_orientation_l2,0.0
1800,Episode_Reward/foot_clearance,-4.984672341379337e-05
1800,Episode_Reward/lin_vel_z_l2,-0.07946682721376419
1800,Episode_Reward/track_ang_vel_z_exp,0.35230207443237305
1800,Episode_Reward/track_lin_vel_xy_lin,0.6450830698013306
1800,Episode_Reward/undesired_contacts,-0.0016479163896292448
1800,Episode_Termination/time_out,1.0
1800,Loss/entropy,19.364524841308594
1800,Loss/learning_rate,0.00041758958832360804
1800,Loss/surrogate,-0.004629100207239389
1800,Loss/value,0.033927012234926224
1800,Metrics/base_velocity/error_vel_xy,1.159336805343628
1800,Metrics/base_velocity/error_vel_yaw,0.2943810224533081
1800,Metrics/success_rate,0.15312501788139343
1800,Perf/collection_time,6.553296089172363
1800,Perf/learning_time,0.21914196014404297
1800,Perf/total_fps,14515.0
1800,Policy/mean_std,0.5857258439064026
1800,Train/mean_episode_length,1000.0
1800,Train/mean_reward,-5.917192459106445
1900,Curriculum/terrain_levels,3.49749755859375
1900,Episode_Reward/action_rate_l2,-0.21663855016231537
1900,Episode_Reward/ang_vel_xy_l2,-0.03940700739622116
1900,Episode_Reward/belly_contact_force,-0.0018915620166808367
1900,Episode_Reward/dof_acc_l2,-0.2478809803724289
1900,Episode_Reward/dof_pos_limits,0.0
1900,Episode_Reward/dof_torques_l2,-0.6487029790878296
1900,Episode_Reward/feet_slide,-0.05192846059799194
1900,Episode_Reward/flat_orientation_l2,0.0
1900,Episode_Reward/foot_clearance,-5.091055572847836e-05
1900,Episode_Reward/lin_vel_z_l2,-0.08428271859884262
1900,Episode_Reward/track_ang_vel_z_exp,0.3471018970012665
1900,Episode_Reward/track_lin_vel_xy_lin,0.6724066734313965
1900,Episode_Reward/undesired_contacts,-0.01830117404460907
1900,Episode_Termination/time_out,1.0
1900,Loss/entropy,19.001840591430664
1900,Loss/learning_rate,0.0004134342889301479
1900,Loss/surrogate,-0.0063004279509186745
1900,Loss/value,0.03644096106290817
1900,Metrics/base_velocity/error_vel_xy,1.0746047496795654
1900,Metrics/base_velocity/error_vel_yaw,0.308750182390213
1900,Metrics/success_rate,0.10185185074806213
1900,Perf/collection_time,6.606005668640137
1900,Perf/learning_time,0.23033690452575684
1900,Perf/total_fps,14379.0
1900,Policy/mean_std,0.5780550241470337
1900,Train/mean_episode_length,1000.0
1900,Train/mean_reward,-6.30102014541626
2000,Curriculum/terrain_levels,3.07305908203125
2000,Episode_Reward/action_rate_l2,-0.21768561005592346
2000,Episode_Reward/ang_vel_xy_l2,-0.04284270852804184
2000,Episode_Reward/belly_contact_force,-5.299369149724953e-05
2000,Episode_Reward/dof_acc_l2,-0.26469656825065613
2000,Episode_Reward/dof_pos_limits,0.0
2000,Episode_Reward/dof_torques_l2,-0.6666895151138306
2000,Episode_Reward/feet_slide,-0.054880063980817795
2000,Episode_Reward/flat_orientation_l2,0.0
2000,Episode_Reward/foot_clearance,-5.032882472733036e-05
2000,Episode_Reward/lin_vel_z_l2,-0.08952485024929047
2000,Episode_Reward/track_ang_vel_z_exp,0.33801230788230896
2000,Episode_Reward/track_lin_vel_xy_lin,0.6803788542747498
2000,Episode_Reward/undesired_contacts,-0.01668243110179901
2000,Episode_Termination/time_out,1.0
2000,Loss/entropy,19.110578536987305
2000,Loss/learning_rate,0.00040932034607976675
2000,Loss/surrogate,-0.004751002881675959
2000,Loss/value,0.032565850764513016
2000,Metrics/base_velocity/error_vel_xy,1.021491527557373
2000,Metrics/base_velocity/error_vel_yaw,0.3209390342235565
2000,Metrics/success_rate,0.076884925365448
2000,Perf/collection_time,7.223249912261963
2000,Perf/learning_time,0.29492735862731934
2000,Perf/total_fps,13075.0
2000,Policy/mean_std,0.580787181854248
2000,Train/mean_episode_length,1000.0
2000,Train/mean_reward,-6.087891578674316
2100,Curriculum/terrain_levels,2.8245749473571777
2100,Episode_Reward/action_rate_l2,-0.2197512835264206
2100,Episode_Reward/ang_vel_xy_l2,-0.04465649649500847
2100,Episode_Reward/belly_contact_force,-0.0019937679171562195
2100,Episode_Reward/dof_acc_l2,-0.24511286616325378
2100,Episode_Reward/dof_pos_limits,0.0
2100,Episode_Reward/dof_torques_l2,-0.6651397943496704
2100,Episode_Reward/feet_slide,-0.05500682443380356
2100,Episode_Reward/flat_orientation_l2,0.0
2100,Episode_Reward/foot_clearance,-4.6958586608525366e-05
2100,Episode_Reward/lin_vel_z_l2,-0.07825435698032379
2100,Episode_Reward/track_ang_vel_z_exp,0.3534644842147827
2100,Episode_Reward/track_lin_vel_xy_lin,0.6765322685241699
2100,Episode_Reward/undesired_contacts,-0.008527377620339394
2100,Episode_Termination/time_out,1.0
2100,Loss/entropy,19.313961029052734
2100,Loss/learning_rate,0.00040524735231883824
2100,Loss/surrogate,-0.004101680126041174
2100,Loss/value,0.037602927535772324
2100,Metrics/base_velocity/error_vel_xy,1.0982741117477417
2100,Metrics/base_velocity/error_vel_yaw,0.29537731409072876
2100,Metrics/success_rate,0.05178571864962578
2100,Perf/collection_time,6.649906635284424
2100,Perf/learning_time,0.22884535789489746
2100,Perf/total_fps,14290.0
2100,Policy/mean_std,0.5851652026176453
2100,Train/mean_episode_length,1000.0
2100,Train/mean_reward,-5.948592662811279
2167,Train/mean_episode_length/time,1000.0
2167,Train/mean_reward/time,-17.8160457611084
2200,Curriculum/terrain_levels,2.7997233867645264
2200,Episode_Reward/action_rate_l2,-0.22864839434623718
2200,Episode_Reward/ang_vel_xy_l2,-0.05137826129794121
2200,Episode_Reward/belly_contact_force,-9.405307355336845e-05
2200,Episode_Reward/dof_acc_l2,-0.28996574878692627
2200,Episode_Reward/dof_pos_limits,0.0
2200,Episode_Reward/dof_torques_l2,-0.6888994574546814
2200,Episode_Reward/feet_slide,-0.06291593611240387
2200,Episode_Reward/flat_orientation_l2,0.0
2200,Episode_Reward/foot_clearance,-4.2106094042537734e-05
2200,Episode_Reward/lin_vel_z_l2,-0.08565503358840942
2200,Episode_Reward/track_ang_vel_z_exp,0.34237369894981384
2200,Episode_Reward/track_lin_vel_xy_lin,0.8566869497299194
2200,Episode_Reward/undesired_contacts,-0.005737563129514456
2200,Episode_Termination/time_out,1.0
2200,Loss/entropy,19.86328887939453
2200,Loss/learning_rate,0.0004012148710899055
2200,Loss/surrogate,-0.005853205919265747
2200,Loss/value,0.040743645280599594
2200,Metrics/base_velocity/error_vel_xy,0.9554004669189453
2200,Metrics/base_velocity/error_vel_yaw,0.3141137957572937
2200,Metrics/success_rate,0.1666666716337204
2200,Perf/collection_time,6.560365676879883
2200,Perf/learning_time,0.22602081298828125
2200,Perf/total_fps,14485.0
2200,Policy/mean_std,0.5964899659156799
2200,Train/mean_episode_length,1000.0
2200,Train/mean_reward,-4.276125907897949
2300,Curriculum/terrain_levels,2.6723532676696777
2300,Episode_Reward/action_rate_l2,-0.23460160195827484
2300,Episode_Reward/ang_vel_xy_l2,-0.05132738873362541
2300,Episode_Reward/belly_contact_force,-0.0021610590629279613
2300,Episode_Reward/dof_acc_l2,-0.29955682158470154
2300,Episode_Reward/dof_pos_limits,0.0
2300,Episode_Reward/dof_torques_l2,-0.6998617053031921
2300,Episode_Reward/feet_slide,-0.062403079122304916
2300,Episode_Reward/flat_orientation_l2,0.0
2300,Episode_Reward/foot_clearance,-4.143199112149887e-05
2300,Episode_Reward/lin_vel_z_l2,-0.09915872663259506
2300,Episode_Reward/track_ang_vel_z_exp,0.3405487537384033
2300,Episode_Reward/track_lin_vel_xy_lin,0.737688422203064
2300,Episode_Reward/undesired_contacts,-0.010625343769788742
2300,Episode_Termination/time_out,1.0
2300,Loss/entropy,20.039878845214844
2300,Loss/learning_rate,0.00039722249493934214
2300,Loss/surrogate,-0.004945199470967054
2300,Loss/value,7.458719730377197
2300,Metrics/base_velocity/error_vel_xy,1.0564603805541992
2300,Metrics/base_velocity/error_vel_yaw,0.3138902187347412
2300,Metrics/success_rate,0.08819445222616196
2300,Perf/collection_time,6.564687728881836
2300,Perf/learning_time,0.23347759246826172
2300,Perf/total_fps,14460.0
2300,Policy/mean_std,0.6017147898674011
2300,Train/mean_episode_length,1000.0
2300,Train/mean_reward,-6.803077697753906
2400,Curriculum/terrain_levels,2.5685527324676514
2400,Episode_Reward/action_rate_l2,-0.24271564185619354
2400,Episode_Reward/ang_vel_xy_l2,-0.05772851034998894
2400,Episode_Reward/belly_contact_force,-0.0002558963606134057
2400,Episode_Reward/dof_acc_l2,-0.28684985637664795
2400,Episode_Reward/dof_pos_limits,0.0
2400,Episode_Reward/dof_torques_l2,-0.7048124074935913
2400,Episode_Reward/feet_slide,-0.06650903075933456
2400,Episode_Reward/flat_orientation_l2,0.0
2400,Episode_Reward/foot_clearance,-3.927285797544755e-05
2400,Episode_Reward/lin_vel_z_l2,-0.07960484176874161
2400,Episode_Reward/track_ang_vel_z_exp,0.34481069445610046
2400,Episode_Reward/track_lin_vel_xy_lin,0.7683513164520264
2400,Episode_Reward/undesired_contacts,-0.03965410590171814
2400,Episode_Termination/time_out,1.0
2400,Loss/entropy,20.517370223999023
2400,Loss/learning_rate,0.0003932698746211827
2400,Loss/surrogate,-0.004649650305509567
2400,Loss/value,0.047040946781635284
2400,Metrics/base_velocity/error_vel_xy,1.1212818622589111
2400,Metrics/base_velocity/error_vel_yaw,0.3089984059333801
2400,Metrics/success_rate,0.0773148164153099
2400,Perf/collection_time,6.5757365226745605
2400,Perf/learning_time,0.23447823524475098
2400,Perf/total_fps,14434.0
2400,Policy/mean_std,0.6108517050743103
2400,Train/mean_episode_length,1000.0
2400,Train/mean_reward,-7.114802837371826
2500,Curriculum/terrain_levels,2.7180685997009277
2500,Episode_Reward/action_rate_l2,-0.24487817287445068
2500,Episode_Reward/ang_vel_xy_l2,-0.058879416435956955
2500,Episode_Reward/belly_contact_force,-0.001058865454979241
2500,Episode_Reward/dof_acc_l2,-0.30098646879196167
2500,Episode_Reward/dof_pos_limits,0.0
2500,Episode_Reward/dof_torques_l2,-0.7088329195976257
2500,Episode_Reward/feet_slide,-0.06681864708662033
2500,Episode_Reward/flat_orientation_l2,0.0
2500,Episode_Reward/foot_clearance,-4.0887312934501097e-05
2500,Episode_Reward/lin_vel_z_l2,-0.08749014139175415
2500,Episode_Reward/track_ang_vel_z_exp,0.33001500368118286
2500,Episode_Reward/track_lin_vel_xy_lin,0.8514673113822937
2500,Episode_Reward/undesired_contacts,-0.034739427268505096
2500,Episode_Termination/time_out,1.0
2500,Loss/entropy,20.577621459960938
2500,Loss/learning_rate,0.00038935657357797027
2500,Loss/surrogate,-0.005525945220142603
2500,Loss/value,0.04195024445652962
2500,Metrics/base_velocity/error_vel_xy,0.9499678015708923
2500,Metrics/base_velocity/error_vel_yaw,0.3396381139755249
2500,Metrics/success_rate,0.17648810148239136
2500,Perf/collection_time,6.595032691955566
2500,Perf/learning_time,0.23421454429626465
2500,Perf/total_fps,14394.0
2500,Policy/mean_std,0.613448441028595
2500,Train/mean_episode_length,1000.0
2500,Train/mean_reward,-4.920468330383301
2600,Curriculum/terrain_levels,2.3461711406707764
2600,Episode_Reward/action_rate_l2,-0.2551780343055725
2600,Episode_Reward/ang_vel_xy_l2,-0.06765568256378174
2600,Episode_Reward/belly_contact_force,-0.0022960484493523836
2600,Episode_Reward/dof_acc_l2,-0.3292034864425659
2600,Episode_Reward/dof_pos_limits,0.0
2600,Episode_Reward/dof_torques_l2,-0.7482314109802246
2600,Episode_Reward/feet_slide,-0.06999053061008453
2600,Episode_Reward/flat_orientation_l2,0.0
2600,Episode_Reward/foot_clearance,-3.849901258945465e-05
2600,Episode_Reward/lin_vel_z_l2,-0.08941879123449326
2600,Episode_Reward/track_ang_vel_z_exp,0.3412899374961853
2600,Episode_Reward/track_lin_vel_xy_lin,0.9289607405662537
2600,Episode_Reward/undesired_contacts,-0.02224351093173027
2600,Episode_Termination/time_out,1.0
2600,Loss/entropy,21.14490509033203
2600,Loss/learning_rate,0.0003854822425637394
2600,Loss/surrogate,-0.007464909926056862
2600,Loss/value,0.0489850714802742
2600,Metrics/base_velocity/error_vel_xy,0.9196996688842773
2600,Metrics/base_velocity/error_vel_yaw,0.31330135464668274
2600,Metrics/success_rate,0.09270834177732468
2600,Perf/collection_time,6.701074600219727
2600,Perf/learning_time,0.26450538635253906
2600,Perf/total_fps,14112.0
2600,Policy/mean_std,0.6265577077865601
2600,Train/mean_episode_length,1000.0
2600,Train/mean_reward,-5.150904655456543
2700,Curriculum/terrain_levels,2.3426616191864014
2700,Episode_Reward/action_rate_l2,-0.25682058930397034
2700,Episode_Reward/ang_vel_xy_l2,-0.06918039917945862
2700,Episode_Reward/belly_contact_force,-0.0013993072789162397
2700,Episode_Reward/dof_acc_l2,-0.3254008889198303
2700,Episode_Reward/dof_pos_limits,0.0
2700,Episode_Reward/dof_torques_l2,-0.7434509992599487
2700,Episode_Reward/feet_slide,-0.07379371672868729
2700,Episode_Reward/flat_orientation_l2,0.0
2700,Episode_Reward/foot_clearance,-4.074876051163301e-05
2700,Episode_Reward/lin_vel_z_l2,-0.09010206907987595
2700,Episode_Reward/track_ang_vel_z_exp,0.3406902253627777
2700,Episode_Reward/track_lin_vel_xy_lin,0.9541565179824829
2700,Episode_Reward/undesired_contacts,-0.008974532596766949
2700,Episode_Termination/time_out,1.0
2700,Loss/entropy,21.142152786254883
2700,Loss/learning_rate,0.00038164641591720283
2700,Loss/surrogate,-0.006414898205548525
2700,Loss/value,0.047453850507736206
2700,Metrics/base_velocity/error_vel_xy,0.8885079622268677
2700,Metrics/base_velocity/error_vel_yaw,0.3166636824607849
2700,Metrics/success_rate,0.11567461490631104
2700,Perf/collection_time,6.619237422943115
2700,Perf/learning_time,0.23136258125305176
2700,Perf/total_fps,14349.0
2700,Policy/mean_std,0.6278367042541504
2700,Train/mean_episode_length,1000.0
2700,Train/mean_reward,-5.8173418045043945
2800,Curriculum/terrain_levels,3.0714316368103027
2800,Episode_Reward/action_rate_l2,-0.25842344760894775
2800,Episode_Reward/ang_vel_xy_l2,-0.0668356716632843
2800,Episode_Reward/belly_contact_force,-3.936493612854974e-06
2800,Episode_Reward/dof_acc_l2,-0.34061020612716675
2800,Episode_Reward/dof_pos_limits,0.0
2800,Episode_Reward/dof_torques_l2,-0.7416037321090698
2800,Episode_Reward/feet_slide,-0.07279868423938751
2800,Episode_Reward/flat_orientation_l2,0.0
2800,Episode_Reward/foot_clearance,-4.199893373879604e-05
2800,Episode_Reward/lin_vel_z_l2,-0.09747224301099777
2800,Episode_Reward/track_ang_vel_z_exp,0.3323148488998413
2800,Episode_Reward/track_lin_vel_xy_lin,0.9604233503341675
2800,Episode_Reward/undesired_contacts,-0.004544096067547798
2800,Episode_Termination/time_out,1.0
2800,Loss/entropy,21.15797996520996
2800,Loss/learning_rate,0.00037784880260005593
2800,Loss/surrogate,-0.006468090228736401
2800,Loss/value,0.04778764024376869
2800,Metrics/base_velocity/error_vel_xy,0.9256913661956787
2800,Metrics/base_velocity/error_vel_yaw,0.335746705532074
2800,Metrics/success_rate,0.17048612236976624
2800,Perf/collection_time,6.523509979248047
2800,Perf/learning_time,0.2416086196899414
2800,Perf/total_fps,14531.0
2800,Policy/mean_std,0.6292625665664673
2800,Train/mean_episode_length,1000.0
2800,Train/mean_reward,-6.549323558807373
2863,Train/mean_episode_length/time,1000.0
2863,Train/mean_reward/time,-12.343606948852539
2900,Curriculum/terrain_levels,2.8214926719665527
2900,Episode_Reward/action_rate_l2,-0.2616925835609436
2900,Episode_Reward/ang_vel_xy_l2,-0.06959892064332962
2900,Episode_Reward/belly_contact_force,-1.1427913705119863e-05
2900,Episode_Reward/dof_acc_l2,-0.3402889668941498
2900,Episode_Reward/dof_pos_limits,0.0
2900,Episode_Reward/dof_torques_l2,-0.7548366785049438
2900,Episode_Reward/feet_slide,-0.08086259663105011
2900,Episode_Reward/flat_orientation_l2,0.0
2900,Episode_Reward/foot_clearance,-4.219823676976375e-05
2900,Episode_Reward/lin_vel_z_l2,-0.0848105251789093
2900,Episode_Reward/track_ang_vel_z_exp,0.3466278910636902
2900,Episode_Reward/track_lin_vel_xy_lin,0.9751828908920288
2900,Episode_Reward/undesired_contacts,-0.015323886647820473
2900,Episode_Termination/time_out,1.0
2900,Loss/entropy,21.40723419189453
2900,Loss/learning_rate,0.0003740889369510114
2900,Loss/surrogate,-0.006576672196388245
2900,Loss/value,0.045870091766119
2900,Metrics/base_velocity/error_vel_xy,0.8877370357513428
2900,Metrics/base_velocity/error_vel_yaw,0.30544525384902954
2900,Metrics/success_rate,0.11874999850988388
2900,Perf/collection_time,6.729629993438721
2900,Perf/learning_time,0.24349379539489746
2900,Perf/total_fps,14097.0
2900,Policy/mean_std,0.6335049867630005
2900,Train/mean_episode_length,1000.0
2900,Train/mean_reward,-6.1207451820373535
3000,Curriculum/terrain_levels,3.0186767578125
3000,Episode_Reward/action_rate_l2,-0.26276785135269165
3000,Episode_Reward/ang_vel_xy_l2,-0.06666725873947144
3000,Episode_Reward/belly_contact_force,-1.786627763067372e-05
3000,Episode_Reward/dof_acc_l2,-0.3309783935546875
3000,Episode_Reward/dof_pos_limits,0.0
3000,Episode_Reward/dof_torques_l2,-0.745726466178894
3000,Episode_Reward/feet_slide,-0.07795687764883041
3000,Episode_Reward/flat_orientation_l2,0.0
3000,Episode_Reward/foot_clearance,-4.08631021855399e-05
3000,Episode_Reward/lin_vel_z_l2,-0.09073883295059204
3000,Episode_Reward/track_ang_vel_z_exp,0.3372799754142761
3000,Episode_Reward/track_lin_vel_xy_lin,0.941806972026825
3000,Episode_Reward/undesired_contacts,-0.0023348205722868443
3000,Episode_Termination/time_out,1.0
3000,Loss/entropy,21.24519920349121
3000,Loss/learning_rate,0.0003703665279317647
3000,Loss/surrogate,-0.005159425083547831
3000,Loss/value,0.047086719423532486
3000,Metrics/base_velocity/error_vel_xy,0.9455382227897644
3000,Metrics/base_velocity/error_vel_yaw,0.3240053355693817
3000,Metrics/success_rate,0.1282242238521576
3000,Perf/collection_time,6.602122783660889
3000,Perf/learning_time,0.21763157844543457
3000,Perf/total_fps,14414.0
3000,Policy/mean_std,0.6313132643699646
3000,Train/mean_episode_length,1000.0
3000,Train/mean_reward,-5.871801853179932
3100,Curriculum/terrain_levels,3.1767783164978027
3100,Episode_Reward/action_rate_l2,-0.2592458724975586
3100,Episode_Reward/ang_vel_xy_l2,-0.06593505293130875
3100,Episode_Reward/belly_contact_force,-0.00036964082391932607
3100,Episode_Reward/dof_acc_l2,-0.3225289583206177
3100,Episode_Reward/dof_pos_limits,0.0
3100,Episode_Reward/dof_torques_l2,-0.7404400706291199
3100,Episode_Reward/feet_slide,-0.07462257146835327
3100,Episode_Reward/flat_orientation_l2,0.0
3100,Episode_Reward/foot_clearance,-3.83290316676721e-05
3100,Episode_Reward/lin_vel_z_l2,-0.08965577930212021
3100,Episode_Reward/track_ang_vel_z_exp,0.32728397846221924
3100,Episode_Reward/track_lin_vel_xy_lin,0.9346310496330261
3100,Episode_Reward/undesired_contacts,-0.03175368905067444
3100,Episode_Termination/time_out,1.0
3100,Loss/entropy,21.118915557861328
3100,Loss/learning_rate,0.00036668110988102853
3100,Loss/surrogate,-0.007826087065041065
3100,Loss/value,0.03779108077287674
3100,Metrics/base_velocity/error_vel_xy,0.9409093856811523
3100,Metrics/base_velocity/error_vel_yaw,0.3431968092918396
3100,Metrics/success_rate,0.14449405670166016
3100,Perf/collection_time,6.87136173248291
3100,Perf/learning_time,0.27646374702453613
3100,Perf/total_fps,13752.0
3100,Policy/mean_std,0.6270128488540649
3100,Train/mean_episode_length,1000.0
3100,Train/mean_reward,-5.21054220199585
3200,Curriculum/terrain_levels,2.658294677734375
3200,Episode_Reward/action_rate_l2,-0.2621549963951111
3200,Episode_Reward/ang_vel_xy_l2,-0.06241483613848686
3200,Episode_Reward/belly_contact_force,-0.0011237402213737369
3200,Episode_Reward/dof_acc_l2,-0.3185068964958191
3200,Episode_Reward/dof_pos_limits,0.0
3200,Episode_Reward/dof_torques_l2,-0.7434074282646179
3200,Episode_Reward/feet_slide,-0.07291153073310852
3200,Episode_Reward/flat_orientation_l2,0.0
3200,Episode_Reward/foot_clearance,-4.0048660594038665e-05
3200,Episode_Reward/lin_vel_z_l2,-0.08994504064321518
3200,Episode_Reward/track_ang_vel_z_exp,0.3392760157585144
3200,Episode_Reward/track_lin_vel_xy_lin,0.9644700884819031
3200,Episode_Reward/undesired_contacts,-0.0029128461610525846
3200,Episode_Termination/time_out,1.0
3200,Loss/entropy,21.339744567871094
3200,Loss/learning_rate,0.0003630323917604983
3200,Loss/surrogate,-0.007336450275033712
3200,Loss/value,0.044417474418878555
3200,Metrics/base_velocity/error_vel_xy,0.9148554801940918
3200,Metrics/base_velocity/error_vel_yaw,0.3196311593055725
3200,Metrics/success_rate,0.08095239102840424
3200,Perf/collection_time,6.543363571166992
3200,Perf/learning_time,0.22906899452209473
3200,Perf/total_fps,14515.0
3200,Policy/mean_std,0.6337862014770508
3200,Train/mean_episode_length,1000.0
3200,Train/mean_reward,-5.265243053436279
3300,Curriculum/terrain_levels,2.7372641563415527
3300,Episode_Reward/action_rate_l2,-0.26056742668151855
3300,Episode_Reward/ang_vel_xy_l2,-0.06848257780075073
3300,Episode_Reward/belly_contact_force,0.0
3300,Episode_Reward/dof_acc_l2,-0.34400439262390137
3300,Episode_Reward/dof_pos_limits,0.0
3300,Episode_Reward/dof_torques_l2,-0.7465195655822754
3300,Episode_Reward/feet_slide,-0.08009713888168335
3300,Episode_Reward/flat_orientation_l2,0.0
3300,Episode_Reward/foot_clearance,-4.11937762692105e-05
3300,Episode_Reward/lin_vel_z_l2,-0.08746813237667084
3300,Episode_Reward/track_ang_vel_z_exp,0.3425145149230957
3300,Episode_Reward/track_lin_vel_xy_lin,1.0305780172348022
3300,Episode_Reward/undesired_contacts,-0.00956251285970211
3300,Episode_Termination/time_out,1.0
3300,Loss/entropy,21.29011344909668
3300,Loss/learning_rate,0.00035941999522037804
3300,Loss/surrogate,-0.00652174511924386
3300,Loss/value,0.04597165435552597
3300,Metrics/base_velocity/error_vel_xy,0.88898104429245
3300,Metrics/base_velocity/error_vel_yaw,0.3137739300727844
3300,Metrics/success_rate,0.06388889253139496
3300,Perf/collection_time,7.514809608459473
3300,Perf/learning_time,0.3075273036956787
3300,Perf/total_fps,12567.0
3300,Policy/mean_std,0.632675051689148
3300,Train/mean_episode_length,1000.0
3300,Train/mean_reward,-4.598525047302246
3400,Curriculum/terrain_levels,3.3035483360290527
3400,Episode_Reward/action_rate_l2,-0.2651336193084717
3400,Episode_Reward/ang_vel_xy_l2,-0.06567639112472534
3400,Episode_Reward/belly_contact_force,-0.0002545348252169788
3400,Episode_Reward/dof_acc_l2,-0.33551573753356934
3400,Episode_Reward/dof_pos_limits,0.0
3400,Episode_Reward/dof_torques_l2,-0.7472352385520935
3400,Episode_Reward/feet_slide,-0.07292844355106354
3400,Episode_Reward/flat_orientation_l2,0.0
3400,Episode_Reward/foot_clearance,-4.0284117858391255e-05
3400,Episode_Reward/lin_vel_z_l2,-0.08904256671667099
3400,Episode_Reward/track_ang_vel_z_exp,0.3356974124908447
3400,Episode_Reward/track_lin_vel_xy_lin,1.0369032621383667
3400,Episode_Reward/undesired_contacts,-0.007000922691076994
3400,Episode_Termination/time_out,1.0
3400,Loss/entropy,21.398954391479492
3400,Loss/learning_rate,0.0003558435128070414
3400,Loss/surrogate,-0.007636500056833029
3400,Loss/value,0.04425111040472984
3400,Metrics/base_velocity/error_vel_xy,0.8247183561325073
3400,Metrics/base_velocity/error_vel_yaw,0.3273826539516449
3400,Metrics/success_rate,0.18518519401550293
3400,Perf/collection_time,6.573966026306152
3400,Perf/learning_time,0.22201943397521973
3400,Perf/total_fps,14465.0
3400,Policy/mean_std,0.6358345746994019
3400,Train/mean_episode_length,1000.0
3400,Train/mean_reward,-4.820305347442627
3500,Curriculum/terrain_levels,2.5505778789520264
3500,Episode_Reward/action_rate_l2,-0.2642240524291992
3500,Episode_Reward/ang_vel_xy_l2,-0.06224806234240532
3500,Episode_Reward/belly_contact_force,-0.0016346639022231102
3500,Episode_Reward/dof_acc_l2,-0.31125861406326294
3500,Episode_Reward/dof_pos_limits,0.0
3500,Episode_Reward/dof_torques_l2,-0.7420899271965027
3500,Episode_Reward/feet_slide,-0.06724825501441956
3500,Episode_Reward/flat_orientation_l2,0.0
3500,Episode_Reward/foot_clearance,-3.987887248513289e-05
3500,Episode_Reward/lin_vel_z_l2,-0.09406618773937225
3500,Episode_Reward/track_ang_vel_z_exp,0.32751259207725525
3500,Episode_Reward/track_lin_vel_xy_lin,0.9057368040084839
3500,Episode_Reward/undesired_contacts,-0.0028888885863125324
3500,Episode_Termination/time_out,1.0
3500,Loss/entropy,21.1543025970459
3500,Loss/learning_rate,0.0003523026534821838
3500,Loss/surrogate,-0.006317006424069405
3500,Loss/value,0.0408860445022583
3500,Metrics/base_velocity/error_vel_xy,0.9011637568473816
3500,Metrics/base_velocity/error_vel_yaw,0.34458503127098083
3500,Metrics/success_rate,0.11190476268529892
3500,Perf/collection_time,6.729887008666992
3500,Perf/learning_time,0.23268699645996094
3500,Perf/total_fps,14118.0
3500,Policy/mean_std,0.6332051157951355
3500,Train/mean_episode_length,1000.0
3500,Train/mean_reward,-5.552420616149902
3556,Train/mean_episode_length/time,1000.0
3556,Train/mean_reward/time,-10.863863945007324
3600,Curriculum/terrain_levels,2.5723166465759277
3600,Episode_Reward/action_rate_l2,-0.26210784912109375
3600,Episode_Reward/ang_vel_xy_l2,-0.061342597007751465
3600,Episode_Reward/belly_contact_force,-0.002225555945187807
3600,Episode_Reward/dof_acc_l2,-0.3165992498397827
3600,Episode_Reward/dof_pos_limits,0.0
3600,Episode_Reward/dof_torques_l2,-0.7461576461791992
3600,Episode_Reward/feet_slide,-0.07131864130496979
3600,Episode_Reward/flat_orientation_l2,0.0
3600,Episode_Reward/foot_clearance,-3.9962622395250946e-05
3600,Episode_Reward/lin_vel_z_l2,-0.08775173872709274
3600,Episode_Reward/track_ang_vel_z_exp,0.3439711034297943
3600,Episode_Reward/track_lin_vel_xy_lin,0.916033148765564
3600,Episode_Reward/undesired_contacts,-0.011011104099452496
3600,Episode_Termination/time_out,1.0
3600,Loss/entropy,21.216814041137695
3600,Loss/learning_rate,0.00034879700979217887
3600,Loss/surrogate,-0.007677378132939339
3600,Loss/value,0.043618835508823395
3600,Metrics/base_velocity/error_vel_xy,0.957121729850769
3600,Metrics/base_velocity/error_vel_yaw,0.31557995080947876
3600,Metrics/success_rate,0.0902777835726738
3600,Perf/collection_time,6.623495578765869
3600,Perf/learning_time,0.21578097343444824
3600,Perf/total_fps,14373.0
3600,Policy/mean_std,0.6320381164550781
3600,Train/mean_episode_length,1000.0
3600,Train/mean_reward,-5.540829658508301
3700,Curriculum/terrain_levels,3.3652853965759277
3700,Episode_Reward/action_rate_l2,-0.26574474573135376
3700,Episode_Reward/ang_vel_xy_l2,-0.06933009624481201
3700,Episode_Reward/belly_contact_force,-0.0002761585055850446
3700,Episode_Reward/dof_acc_l2,-0.3388327360153198
3700,Episode_Reward/dof_pos_limits,0.0
3700,Episode_Reward/dof_torques_l2,-0.757529616355896
3700,Episode_Reward/feet_slide,-0.07726900279521942
3700,Episode_Reward/flat_orientation_l2,0.0
3700,Episode_Reward/foot_clearance,-4.015398008050397e-05
3700,Episode_Reward/lin_vel_z_l2,-0.09097683429718018
3700,Episode_Reward/track_ang_vel_z_exp,0.33713552355766296
3700,Episode_Reward/track_lin_vel_xy_lin,1.0520641803741455
3700,Episode_Reward/undesired_contacts,-0.0048923250287771225
3700,Episode_Termination/time_out,1.0
3700,Loss/entropy,21.385175704956055
3700,Loss/learning_rate,0.0003453262324910611
3700,Loss/surrogate,-0.007372149731963873
3700,Loss/value,0.05694746598601341
3700,Metrics/base_velocity/error_vel_xy,0.8728408813476562
3700,Metrics/base_velocity/error_vel_yaw,0.3273589611053467
3700,Metrics/success_rate,0.1455191969871521
3700,Perf/collection_time,6.693631172180176
3700,Perf/learning_time,0.21379470825195312
3700,Perf/total_fps,14231.0
3700,Policy/mean_std,0.6349012851715088
3700,Train/mean_episode_length,1000.0
3700,Train/mean_reward,-5.202678203582764
3800,Curriculum/terrain_levels,3.0810446739196777
3800,Episode_Reward/action_rate_l2,-0.2748728096485138
3800,Episode_Reward/ang_vel_xy_l2,-0.08542436361312866
3800,Episode_Reward/belly_contact_force,-0.0014121358981356025
3800,Episode_Reward/dof_acc_l2,-0.3852272927761078
3800,Episode_Reward/dof_pos_limits,0.0
3800,Episode_Reward/dof_torques_l2,-0.7906896471977234
3800,Episode_Reward/feet_slide,-0.08643778413534164
3800,Episode_Reward/flat_orientation_l2,0.0
3800,Episode_Reward/foot_clearance,-3.4998025512322783e-05
3800,Episode_Reward/lin_vel_z_l2,-0.10963862389326096
3800,Episode_Reward/track_ang_vel_z_exp,0.3405837416648865
3800,Episode_Reward/track_lin_vel_xy_lin,1.1049853563308716
3800,Episode_Reward/undesired_contacts,-0.006621872540563345
3800,Episode_Termination/time_out,1.0
3800,Loss/entropy,21.731836318969727
3800,Loss/learning_rate,0.00034189000143669546
3800,Loss/surrogate,-0.005769651848822832
3800,Loss/value,0.04591114819049835
3800,Metrics/base_velocity/error_vel_xy,0.8850669860839844
3800,Metrics/base_velocity/error_vel_yaw,0.32005906105041504
3800,Metrics/success_rate,0.09166666865348816
3800,Perf/collection_time,6.57934045791626
3800,Perf/learning_time,0.2235548496246338
3800,Perf/total_fps,14450.0
3800,Policy/mean_std,0.6440317034721375
3800,Train/mean_episode_length,1000.0
3800,Train/mean_reward,-5.720073699951172
3900,Curriculum/terrain_levels,2.6238913536071777
3900,Episode_Reward/action_rate_l2,-0.28168559074401855
3900,Episode_Reward/ang_vel_xy_l2,-0.07495209574699402
3900,Episode_Reward/belly_contact_force,-0.0018542422913014889
3900,Episode_Reward/dof_acc_l2,-0.38041090965270996
3900,Episode_Reward/dof_pos_limits,0.0
3900,Episode_Reward/dof_torques_l2,-0.7875490188598633
3900,Episode_Reward/feet_slide,-0.07889315485954285
3900,Episode_Reward/flat_orientation_l2,0.0
3900,Episode_Reward/foot_clearance,-3.464236215222627e-05
3900,Episode_Reward/lin_vel_z_l2,-0.09321165084838867
3900,Episode_Reward/track_ang_vel_z_exp,0.3385407328605652
3900,Episode_Reward/track_lin_vel_xy_lin,1.0422207117080688
3900,Episode_Reward/undesired_contacts,-0.01440097764134407
3900,Episode_Termination/time_out,1.0
3900,Loss/entropy,22.000974655151367
3900,Loss/learning_rate,0.00033848799648694694
3900,Loss/surrogate,-0.006557860877364874
3900,Loss/value,0.05154801905155182
3900,Metrics/base_velocity/error_vel_xy,0.8777642250061035
3900,Metrics/base_velocity/error_vel_yaw,0.31936198472976685
3900,Metrics/success_rate,0.10115741193294525
3900,Perf/collection_time,6.6127824783325195
3900,Perf/learning_time,0.22559070587158203
3900,Perf/total_fps,14375.0
3900,Policy/mean_std,0.6522980332374573
3900,Train/mean_episode_length,1000.0
3900,Train/mean_reward,-5.7731733322143555
4000,Curriculum/terrain_levels,2.905609130859375
4000,Episode_Reward/action_rate_l2,-0.28328171372413635
4000,Episode_Reward/ang_vel_xy_l2,-0.07401508092880249
4000,Episode_Reward/belly_contact_force,-0.0002178354625357315
4000,Episode_Reward/dof_acc_l2,-0.3671390414237976
4000,Episode_Reward/dof_pos_limits,0.0
4000,Episode_Reward/dof_torques_l2,-0.7867714762687683
4000,Episode_Reward/feet_slide,-0.07421206682920456
4000,Episode_Reward/flat_orientation_l2,0.0
4000,Episode_Reward/foot_clearance,-3.8376470911316574e-05
4000,Episode_Reward/lin_vel_z_l2,-0.09372805058956146
4000,Episode_Reward/track_ang_vel_z_exp,0.3281711935997009
4000,Episode_Reward/track_lin_vel_xy_lin,1.0268651247024536
4000,Episode_Reward/undesired_contacts,-0.002368055284023285
4000,Episode_Termination/time_out,1.0
4000,Loss/entropy,21.992572784423828
4000,Loss/learning_rate,0.00033511981018818915
4000,Loss/surrogate,-0.007569123990833759
4000,Loss/value,0.04999971017241478
4000,Metrics/base_velocity/error_vel_xy,0.9011138677597046
4000,Metrics/base_velocity/error_vel_yaw,0.34221482276916504
4000,Metrics/success_rate,0.11225198954343796
4000,Perf/collection_time,6.643667221069336
4000,Perf/learning_time,0.23113012313842773
4000,Perf/total_fps,14299.0
4000,Policy/mean_std,0.6524932384490967
4000,Train/mean_episode_length,1000.0
4000,Train/mean_reward,-6.027717113494873
4100,Curriculum/terrain_levels,3.1789653301239014
4100,Episode_Reward/action_rate_l2,-0.28570136427879333
4100,Episode_Reward/ang_vel_xy_l2,-0.0635358914732933
4100,Episode_Reward/belly_contact_force,-0.0005113576771691442
4100,Episode_Reward/dof_acc_l2,-0.34981638193130493
4100,Episode_Reward/dof_pos_limits,0.0
4100,Episode_Reward/dof_torques_l2,-0.7772570848464966
4100,Episode_Reward/feet_slide,-0.06973451375961304
4100,Episode_Reward/flat_orientation_l2,0.0
4100,Episode_Reward/foot_clearance,-3.849330823868513e-05
4100,Episode_Reward/lin_vel_z_l2,-0.09090310335159302
4100,Episode_Reward/track_ang_vel_z_exp,0.3404441475868225
4100,Episode_Reward/track_lin_vel_xy_lin,0.9406203031539917
4100,Episode_Reward/undesired_contacts,-0.009967058897018433
4100,Episode_Termination/time_out,1.0
4100,Loss/entropy,22.1816349029541
4100,Loss/learning_rate,0.0003317851515021175
4100,Loss/surrogate,-0.006597180385142565
4100,Loss/value,0.04754907637834549
4100,Metrics/base_velocity/error_vel_xy,0.8760476112365723
4100,Metrics/base_velocity/error_vel_yaw,0.3215113878250122
4100,Metrics/success_rate,0.12083333730697632
4100,Perf/collection_time,6.6820878982543945
4100,Perf/learning_time,0.23165154457092285
4100,Perf/total_fps,14218.0
4100,Policy/mean_std,0.6580262184143066
4100,Train/mean_episode_length,1000.0
4100,Train/mean_reward,-7.544478416442871
4200,Curriculum/terrain_levels,2.877227783203125
4200,Episode_Reward/action_rate_l2,-0.28240442276000977
4200,Episode_Reward/ang_vel_xy_l2,-0.07182742655277252
4200,Episode_Reward/belly_contact_force,-2.1117642972967587e-05
4200,Episode_Reward/dof_acc_l2,-0.35831376910209656
4200,Episode_Reward/dof_pos_limits,0.0
4200,Episode_Reward/dof_torques_l2,-0.7741169929504395
4200,Episode_Reward/feet_slide,-0.07835341989994049
4200,Episode_Reward/flat_orientation_l2,0.0
4200,Episode_Reward/foot_clearance,-3.796094824792817e-05
4200,Episode_Reward/lin_vel_z_l2,-0.09425636380910873
4200,Episode_Reward/track_ang_vel_z_exp,0.34264668822288513
4200,Episode_Reward/track_lin_vel_xy_lin,1.0288678407669067
4200,Episode_Reward/undesired_contacts,-0.0049644820392131805
4200,Episode_Termination/time_out,1.0
4200,Loss/entropy,21.917949676513672
4200,Loss/learning_rate,0.00032848367118276656
4200,Loss/surrogate,-0.007528592832386494
4200,Loss/value,0.05385735258460045
4200,Metrics/base_velocity/error_vel_xy,0.8394579291343689
4200,Metrics/base_velocity/error_vel_yaw,0.3143710494041443
4200,Metrics/success_rate,0.16185516119003296
4200,Perf/collection_time,6.642604351043701
4200,Perf/learning_time,0.2757594585418701
4200,Perf/total_fps,14209.0
4200,Policy/mean_std,0.6518544554710388
4200,Train/mean_episode_length,1000.0
4200,Train/mean_reward,-6.321029186248779
4245,Train/mean_episode_length/time,1000.0
4245,Train/mean_reward/time,-12.384570121765137
4300,Curriculum/terrain_levels,2.879486083984375
4300,Episode_Reward/action_rate_l2,-0.27870267629623413
4300,Episode_Reward/ang_vel_xy_l2,-0.07740981876850128
4300,Episode_Reward/belly_contact_force,0.0
4300,Episode_Reward/dof_acc_l2,-0.3555440604686737
4300,Episode_Reward/dof_pos_limits,0.0
4300,Episode_Reward/dof_torques_l2,-0.7650808095932007
4300,Episode_Reward/feet_slide,-0.08004303276538849
4300,Episode_Reward/flat_orientation_l2,0.0
4300,Episode_Reward/foot_clearance,-3.8767811929574236e-05
4300,Episode_Reward/lin_vel_z_l2,-0.09392567723989487
4300,Episode_Reward/track_ang_vel_z_exp,0.3591000735759735
4300,Episode_Reward/track_lin_vel_xy_lin,1.1300160884857178
4300,Episode_Reward/undesired_contacts,-0.0002916666562668979
4300,Episode_Termination/time_out,1.0
4300,Loss/entropy,21.769458770751953
4300,Loss/learning_rate,0.0003252150199841708
4300,Loss/surrogate,-0.007454922888427973
4300,Loss/value,0.049585942178964615
4300,Metrics/base_velocity/error_vel_xy,0.8347613215446472
4300,Metrics/base_velocity/error_vel_yaw,0.28512606024742126
4300,Metrics/success_rate,0.08993055671453476
4300,Perf/collection_time,6.588521480560303
4300,Perf/learning_time,0.2364048957824707
4300,Perf/total_fps,14403.0
4300,Policy/mean_std,0.6494688987731934
4300,Train/mean_episode_length,1000.0
4300,Train/mean_reward,-3.5324108600616455
4400,Curriculum/terrain_levels,3.1791892051696777
4400,Episode_Reward/action_rate_l2,-0.28033706545829773
4400,Episode_Reward/ang_vel_xy_l2,-0.07702556252479553
4400,Episode_Reward/belly_contact_force,-7.400265076284995e-06
4400,Episode_Reward/dof_acc_l2,-0.3502889573574066
4400,Episode_Reward/dof_pos_limits,0.0
4400,Episode_Reward/dof_torques_l2,-0.7876094579696655
4400,Episode_Reward/feet_slide,-0.07491454482078552
4400,Episode_Reward/flat_orientation_l2,0.0
4400,Episode_Reward/foot_clearance,-3.4347169275861233e-05
4400,Episode_Reward/lin_vel_z_l2,-0.09568609297275543
4400,Episode_Reward/track_ang_vel_z_exp,0.34512874484062195
4400,Episode_Reward/track_lin_vel_xy_lin,1.0483009815216064
4400,Episode_Reward/undesired_contacts,-0.006314811762422323
4400,Episode_Termination/time_out,1.0
4400,Loss/entropy,21.834938049316406
4400,Loss/learning_rate,0.0003219789359718561
4400,Loss/surrogate,-0.0064028603956103325
4400,Loss/value,0.04020306095480919
4400,Metrics/base_velocity/error_vel_xy,0.8556334376335144
4400,Metrics/base_velocity/error_vel_yaw,0.3113458752632141
4400,Metrics/success_rate,0.1587963104248047
4400,Perf/collection_time,7.230997085571289
4400,Perf/learning_time,0.23575592041015625
4400,Perf/total_fps,13165.0
4400,Policy/mean_std,0.6492647528648376
4400,Train/mean_episode_length,1000.0
4400,Train/mean_reward,-6.018189430236816
4500,Curriculum/terrain_levels,2.8008830547332764
4500,Episode_Reward/action_rate_l2,-0.27845194935798645
4500,Episode_Reward/ang_vel_xy_l2,-0.07333934307098389
4500,Episode_Reward/belly_contact_force,-0.0008309901459142566
4500,Episode_Reward/dof_acc_l2,-0.33318084478378296
4500,Episode_Reward/dof_pos_limits,0.0
4500,Episode_Reward/dof_torques_l2,-0.7719783782958984
4500,Episode_Reward/feet_slide,-0.07193306088447571
4500,Episode_Reward/flat_orientation_l2,0.0
4500,Episode_Reward/foot_clearance,-3.5428332921583205e-05
4500,Episode_Reward/lin_vel_z_l2,-0.10469377040863037
4500,Episode_Reward/track_ang_vel_z_exp,0.33721762895584106
4500,Episode_Reward/track_lin_vel_xy_lin,1.006995677947998
4500,Episode_Reward/undesired_contacts,-0.007394836749881506
4500,Episode_Termination/time_out,1.0
4500,Loss/entropy,21.75997543334961
4500,Loss/learning_rate,0.00031877501169219613
4500,Loss/surrogate,-0.007267175242304802
4500,Loss/value,0.043714724481105804
4500,Metrics/base_velocity/error_vel_xy,0.9020884037017822
4500,Metrics/base_velocity/error_vel_yaw,0.3285404443740845
4500,Metrics/success_rate,0.096974216401577
4500,Perf/collection_time,7.644458770751953
4500,Perf/learning_time,0.33094000816345215
4500,Perf/total_fps,12325.0
4500,Policy/mean_std,0.6488010883331299
4500,Train/mean_episode_length,1000.0
4500,Train/mean_reward,-6.361027240753174
4600,Curriculum/terrain_levels,2.957061767578125
4600,Episode_Reward/action_rate_l2,-0.27790772914886475
4600,Episode_Reward/ang_vel_xy_l2,-0.06338491290807724
4600,Episode_Reward/belly_contact_force,-0.00010805748752318323
4600,Episode_Reward/dof_acc_l2,-0.32867348194122314
4600,Episode_Reward/dof_pos_limits,0.0
4600,Episode_Reward/dof_torques_l2,-0.7729307413101196
4600,Episode_Reward/feet_slide,-0.06648039817810059
4600,Episode_Reward/flat_orientation_l2,0.0
4600,Episode_Reward/foot_clearance,-3.515680873533711e-05
4600,Episode_Reward/lin_vel_z_l2,-0.09561605751514435
4600,Episode_Reward/track_ang_vel_z_exp,0.33565574884414673
4600,Episode_Reward/track_lin_vel_xy_lin,0.9387483596801758
4600,Episode_Reward/undesired_contacts,-0.0018888883059844375
4600,Episode_Termination/time_out,1.0
4600,Loss/entropy,21.7208194732666
4600,Loss/learning_rate,0.0003156029852107167
4600,Loss/surrogate,-0.006854593753814697
4600,Loss/value,0.050349876284599304
4600,Metrics/base_velocity/error_vel_xy,0.893018901348114
4600,Metrics/base_velocity/error_vel_yaw,0.32848095893859863
4600,Metrics/success_rate,0.20704364776611328
4600,Perf/collection_time,8.56103229522705
4600,Perf/learning_time,0.36273193359375
4600,Perf/total_fps,11015.0
4600,Policy/mean_std,0.6480563879013062
4600,Train/mean_episode_length,1000.0
4600,Train/mean_reward,-5.384871006011963
4700,Curriculum/terrain_levels,2.985565185546875
4700,Episode_Reward/action_rate_l2,-0.2769568860530853
4700,Episode_Reward/ang_vel_xy_l2,-0.07225276529788971
4700,Episode_Reward/belly_contact_force,-0.0033052037470042706
4700,Episode_Reward/dof_acc_l2,-0.33124279975891113
4700,Episode_Reward/dof_pos_limits,0.0
4700,Episode_Reward/dof_torques_l2,-0.775195300579071
4700,Episode_Reward/feet_slide,-0.07260137796401978
4700,Episode_Reward/flat_orientation_l2,0.0
4700,Episode_Reward/foot_clearance,-3.603413642849773e-05
4700,Episode_Reward/lin_vel_z_l2,-0.10780539363622665
4700,Episode_Reward/track_ang_vel_z_exp,0.34759944677352905
4700,Episode_Reward/track_lin_vel_xy_lin,1.0284457206726074
4700,Episode_Reward/undesired_contacts,-0.008765468373894691
4700,Episode_Termination/time_out,1.0
4700,Loss/entropy,21.628000259399414
4700,Loss/learning_rate,0.0003124625363852829
4700,Loss/surrogate,-0.005357291549444199
4700,Loss/value,0.052496664226055145
4700,Metrics/base_velocity/error_vel_xy,0.8581185340881348
4700,Metrics/base_velocity/error_vel_yaw,0.3078846037387848
4700,Metrics/success_rate,0.15800265967845917
4700,Perf/collection_time,8.857427597045898
4700,Perf/learning_time,0.30582165718078613
4700,Perf/total_fps,10728.0
4700,Policy/mean_std,0.645605206489563
4700,Train/mean_episode_length,1000.0
4700,Train/mean_reward,-5.029820919036865
4800,Curriculum/terrain_levels,2.66796875
4800,Episode_Reward/action_rate_l2,-0.2806569039821625
4800,Episode_Reward/ang_vel_xy_l2,-0.07263414561748505
4800,Episode_Reward/belly_contact_force,-0.0017725629732012749
4800,Episode_Reward/dof_acc_l2,-0.34855180978775024
4800,Episode_Reward/dof_pos_limits,0.0
4800,Episode_Reward/dof_torques_l2,-0.7759437561035156
4800,Episode_Reward/feet_slide,-0.07129579782485962
4800,Episode_Reward/flat_orientation_l2,0.0
4800,Episode_Reward/foot_clearance,-3.377482789801434e-05
4800,Episode_Reward/lin_vel_z_l2,-0.10781645774841309
4800,Episode_Reward/track_ang_vel_z_exp,0.3515833616256714
4800,Episode_Reward/track_lin_vel_xy_lin,1.0309038162231445
4800,Episode_Reward/undesired_contacts,-0.0038916650228202343
4800,Episode_Termination/time_out,1.0
4800,Loss/entropy,21.781734466552734
4800,Loss/learning_rate,0.00030935334507375956
4800,Loss/surrogate,-0.007056987378746271
4800,Loss/value,0.05272439867258072
4800,Metrics/base_velocity/error_vel_xy,0.8339454531669617
4800,Metrics/base_velocity/error_vel_yaw,0.30320262908935547
4800,Metrics/success_rate,0.17847225069999695
4800,Perf/collection_time,8.758398056030273
4800,Perf/learning_time,0.28812265396118164
4800,Perf/total_fps,10866.0
4800,Policy/mean_std,0.6506956815719604
4800,Train/mean_episode_length,1000.0
4800,Train/mean_reward,-4.976749897003174
4900,Curriculum/terrain_levels,2.920166015625
4900,Episode_Reward/action_rate_l2,-0.2825416326522827
4900,Episode_Reward/ang_vel_xy_l2,-0.07871928811073303
4900,Episode_Reward/belly_contact_force,-0.0013312504161149263
4900,Episode_Reward/dof_acc_l2,-0.3632664084434509
4900,Episode_Reward/dof_pos_limits,0.0
4900,Episode_Reward/dof_torques_l2,-0.77989661693573
4900,Episode_Reward/feet_slide,-0.07674060761928558
4900,Episode_Reward/flat_orientation_l2,0.0
4900,Episode_Reward/foot_clearance,-3.203234518878162e-05
4900,Episode_Reward/lin_vel_z_l2,-0.09754496812820435
4900,Episode_Reward/track_ang_vel_z_exp,0.3504292964935303
4900,Episode_Reward/track_lin_vel_xy_lin,1.0833311080932617
4900,Episode_Reward/undesired_contacts,-0.01073702983558178
4900,Episode_Termination/time_out,1.0
4900,Loss/entropy,21.68155288696289
4900,Loss/learning_rate,0.0003062750620301813
4900,Loss/surrogate,-0.007423011586070061
4900,Loss/value,0.04655440151691437
4900,Metrics/base_velocity/error_vel_xy,0.8830080032348633
4900,Metrics/base_velocity/error_vel_yaw,0.3049754500389099
4900,Metrics/success_rate,0.08263888955116272
4900,Perf/collection_time,6.901573181152344
4900,Perf/learning_time,0.22512364387512207
4900,Perf/total_fps,13793.0
4900,Policy/mean_std,0.6486680507659912
4900,Train/mean_episode_length,1000.0
4900,Train/mean_reward,-4.930776596069336
4938,Train/mean_episode_length/time,1000.0
4938,Train/mean_reward/time,-13.752314567565918
5000,Curriculum/terrain_levels,3.3134562969207764
5000,Episode_Reward/action_rate_l2,-0.2784581184387207
5000,Episode_Reward/ang_vel_xy_l2,-0.06976631283760071
5000,Episode_Reward/belly_contact_force,-0.0016965646063908935
5000,Episode_Reward/dof_acc_l2,-0.3355579078197479
5000,Episode_Reward/dof_pos_limits,0.0
5000,Episode_Reward/dof_torques_l2,-0.7886072993278503
5000,Episode_Reward/feet_slide,-0.0691848024725914
5000,Episode_Reward/flat_orientation_l2,0.0
5000,Episode_Reward/foot_clearance,-3.305300197098404e-05
5000,Episode_Reward/lin_vel_z_l2,-0.09592388570308685
5000,Episode_Reward/track_ang_vel_z_exp,0.3341233730316162
5000,Episode_Reward/track_lin_vel_xy_lin,1.0080231428146362
5000,Episode_Reward/undesired_contacts,-0.011675545945763588
5000,Episode_Termination/time_out,1.0
5000,Loss/entropy,21.64105796813965
5000,Loss/learning_rate,0.00030322742532007396
5000,Loss/surrogate,-0.003680547932162881
5000,Loss/value,0.05235207825899124
5000,Metrics/base_velocity/error_vel_xy,0.8978800773620605
5000,Metrics/base_velocity/error_vel_yaw,0.3363451361656189
5000,Metrics/success_rate,0.1614583432674408
5000,Perf/collection_time,6.841287612915039
5000,Perf/learning_time,0.2518157958984375
5000,Perf/total_fps,13859.0
5000,Policy/mean_std,0.6470589637756348
5000,Train/mean_episode_length,1000.0
5000,Train/mean_reward,-5.948542594909668
5100,Curriculum/terrain_levels,3.0733134746551514
5100,Episode_Reward/action_rate_l2,-0.27779310941696167
5100,Episode_Reward/ang_vel_xy_l2,-0.06790173053741455
5100,Episode_Reward/belly_contact_force,-0.001813276088796556
5100,Episode_Reward/dof_acc_l2,-0.3428194522857666
5100,Episode_Reward/dof_pos_limits,0.0
5100,Episode_Reward/dof_torques_l2,-0.7878702878952026
5100,Episode_Reward/feet_slide,-0.07139866799116135
5100,Episode_Reward/flat_orientation_l2,0.0
5100,Episode_Reward/foot_clearance,-3.427087722229771e-05
5100,Episode_Reward/lin_vel_z_l2,-0.10479848831892014
5100,Episode_Reward/track_ang_vel_z_exp,0.33801645040512085
5100,Episode_Reward/track_lin_vel_xy_lin,1.0356271266937256
5100,Episode_Reward/undesired_contacts,-0.01055435836315155
5100,Episode_Termination/time_out,1.0
5100,Loss/entropy,21.756637573242188
5100,Loss/learning_rate,0.00030021011480130255
5100,Loss/surrogate,-0.007632365915924311
5100,Loss/value,0.04623666778206825
5100,Metrics/base_velocity/error_vel_xy,0.8124157786369324
5100,Metrics/base_velocity/error_vel_yaw,0.324347585439682
5100,Metrics/success_rate,0.19141864776611328
5100,Perf/collection_time,6.612103462219238
5100,Perf/learning_time,0.235429048538208
5100,Perf/total_fps,14356.0
5100,Policy/mean_std,0.6474484801292419
5100,Train/mean_episode_length,1000.0
5100,Train/mean_reward,-5.738036632537842
5200,Curriculum/terrain_levels,3.0614829063415527
5200,Episode_Reward/action_rate_l2,-0.2772557735443115
5200,Episode_Reward/ang_vel_xy_l2,-0.07394823431968689
5200,Episode_Reward/belly_contact_force,-0.0005970154888927937
5200,Episode_Reward/dof_acc_l2,-0.3391166627407074
5200,Episode_Reward/dof_pos_limits,0.0
5200,Episode_Reward/dof_torques_l2,-0.7678698301315308
5200,Episode_Reward/feet_slide,-0.0736401230096817
5200,Episode_Reward/flat_orientation_l2,0.0
5200,Episode_Reward/foot_clearance,-3.506176290102303e-05
5200,Episode_Reward/lin_vel_z_l2,-0.09867861121892929
5200,Episode_Reward/track_ang_vel_z_exp,0.35321280360221863
5200,Episode_Reward/track_lin_vel_xy_lin,1.1109962463378906
5200,Episode_Reward/undesired_contacts,-0.0021065962500870228
5200,Episode_Termination/time_out,1.0
5200,Loss/entropy,21.665939331054688
5200,Loss/learning_rate,0.00029722281033173203
5200,Loss/surrogate,-0.006879056803882122
5200,Loss/value,0.04199814796447754
5200,Metrics/base_velocity/error_vel_xy,0.8019585609436035
5200,Metrics/base_velocity/error_vel_yaw,0.2981935441493988
5200,Metrics/success_rate,0.19875994324684143
5200,Perf/collection_time,6.6484456062316895
5200,Perf/learning_time,0.23964524269104004
5200,Perf/total_fps,14271.0
5200,Policy/mean_std,0.6468451023101807
5200,Train/mean_episode_length,1000.0
5200,Train/mean_reward,-3.2046260833740234
5300,Curriculum/terrain_levels,3.172943115234375
5300,Episode_Reward/action_rate_l2,-0.27683722972869873
5300,Episode_Reward/ang_vel_xy_l2,-0.07106628268957138
5300,Episode_Reward/belly_contact_force,-0.006414004601538181
5300,Episode_Reward/dof_acc_l2,-0.34787267446517944
5300,Episode_Reward/dof_pos_limits,0.0
5300,Episode_Reward/dof_torques_l2,-0.7646869421005249
5300,Episode_Reward/feet_slide,-0.07371947914361954
5300,Episode_Reward/flat_orientation_l2,0.0
5300,Episode_Reward/foot_clearance,-3.5862758522853255e-05
5300,Episode_Reward/lin_vel_z_l2,-0.11960498988628387
5300,Episode_Reward/track_ang_vel_z_exp,0.3585696220397949
5300,Episode_Reward/track_lin_vel_xy_lin,1.1232022047042847
5300,Episode_Reward/undesired_contacts,-0.004570830147713423
5300,Episode_Termination/time_out,1.0
5300,Loss/entropy,21.705970764160156
5300,Loss/learning_rate,0.0002942652499768883
5300,Loss/surrogate,-0.007277591619640589
5300,Loss/value,0.0518731065094471
5300,Metrics/base_velocity/error_vel_xy,0.8037576675415039
5300,Metrics/base_velocity/error_vel_yaw,0.2920226752758026
5300,Metrics/success_rate,0.20138892531394958
5300,Perf/collection_time,7.100306510925293
5300,Perf/learning_time,0.23938989639282227
5300,Perf/total_fps,13393.0
5300,Policy/mean_std,0.6468443870544434
5300,Train/mean_episode_length,1000.0
5300,Train/mean_reward,-5.3565545082092285
5400,Curriculum/terrain_levels,2.8111572265625
5400,Episode_Reward/action_rate_l2,-0.2761238217353821
5400,Episode_Reward/ang_vel_xy_l2,-0.0765647441148758
5400,Episode_Reward/belly_contact_force,-0.0034409542568027973
5400,Episode_Reward/dof_acc_l2,-0.3488355576992035
5400,Episode_Reward/dof_pos_limits,0.0
5400,Episode_Reward/dof_torques_l2,-0.7742106914520264
5400,Episode_Reward/feet_slide,-0.07791116833686829
5400,Episode_Reward/flat_orientation_l2,0.0
5400,Episode_Reward/foot_clearance,-3.3665011869743466e-05
5400,Episode_Reward/lin_vel_z_l2,-0.09801825135946274
5400,Episode_Reward/track_ang_vel_z_exp,0.35505735874176025
5400,Episode_Reward/track_lin_vel_xy_lin,1.1161844730377197
5400,Episode_Reward/undesired_contacts,-0.0035537020303308964
5400,Episode_Termination/time_out,1.0
5400,Loss/entropy,21.685869216918945
5400,Loss/learning_rate,0.0002913371135946363
5400,Loss/surrogate,-0.007988684810698032
5400,Loss/value,0.049896031618118286
5400,Metrics/base_velocity/error_vel_xy,0.8097981214523315
5400,Metrics/base_velocity/error_vel_yaw,0.295758455991745
5400,Metrics/success_rate,0.07337963581085205
5400,Perf/collection_time,6.809710502624512
5400,Perf/learning_time,0.24823427200317383
5400,Perf/total_fps,13928.0
5400,Policy/mean_std,0.6455646753311157
5400,Train/mean_episode_length,1000.0
5400,Train/mean_reward,-4.718973636627197
5500,Curriculum/terrain_levels,3.0581564903259277
5500,Episode_Reward/action_rate_l2,-0.2762991189956665
5500,Episode_Reward/ang_vel_xy_l2,-0.07381998002529144
5500,Episode_Reward/belly_contact_force,-0.0040308525785803795
5500,Episode_Reward/dof_acc_l2,-0.360578715801239
5500,Episode_Reward/dof_pos_limits,0.0
5500,Episode_Reward/dof_torques_l2,-0.7705621123313904
5500,Episode_Reward/feet_slide,-0.0717768520116806
5500,Episode_Reward/flat_orientation_l2,0.0
5500,Episode_Reward/foot_clearance,-3.1603078241460025e-05
5500,Episode_Reward/lin_vel_z_l2,-0.10186931490898132
5500,Episode_Reward/track_ang_vel_z_exp,0.342000812292099
5500,Episode_Reward/track_lin_vel_xy_lin,1.0775519609451294
5500,Episode_Reward/undesired_contacts,-0.020910201594233513
5500,Episode_Termination/time_out,1.0
5500,Loss/entropy,21.748918533325195
5500,Loss/learning_rate,0.000288438139250502
5500,Loss/surrogate,-0.0070786019787192345
5500,Loss/value,0.04915626347064972
5500,Metrics/base_velocity/error_vel_xy,0.8610153198242188
5500,Metrics/base_velocity/error_vel_yaw,0.31540316343307495
5500,Metrics/success_rate,0.1488591432571411
5500,Perf/collection_time,6.659106254577637
5500,Perf/learning_time,0.22086477279663086
5500,Perf/total_fps,14288.0
5500,Policy/mean_std,0.6468300819396973
5500,Train/mean_episode_length,1000.0
5500,Train/mean_reward,-4.125213623046875
5600,Curriculum/terrain_levels,3.2043662071228027
5600,Episode_Reward/action_rate_l2,-0.2749086618423462
5600,Episode_Reward/ang_vel_xy_l2,-0.07515881955623627
5600,Episode_Reward/belly_contact_force,-0.005579388700425625
5600,Episode_Reward/dof_acc_l2,-0.3467582166194916
5600,Episode_Reward/dof_pos_limits,0.0
5600,Episode_Reward/dof_torques_l2,-0.7767950296401978
5600,Episode_Reward/feet_slide,-0.07099707424640656
5600,Episode_Reward/flat_orientation_l2,0.0
5600,Episode_Reward/foot_clearance,-3.08314265566878e-05
5600,Episode_Reward/lin_vel_z_l2,-0.09455174207687378
5600,Episode_Reward/track_ang_vel_z_exp,0.3428543508052826
5600,Episode_Reward/track_lin_vel_xy_lin,1.048789381980896
5600,Episode_Reward/undesired_contacts,-0.012993047013878822
5600,Episode_Termination/time_out,1.0
5600,Loss/entropy,21.48257064819336
5600,Loss/learning_rate,0.0002855679776985198
5600,Loss/surrogate,-0.006177687086164951
5600,Loss/value,0.046324871480464935
5600,Metrics/base_velocity/error_vel_xy,0.8545374870300293
5600,Metrics/base_velocity/error_vel_yaw,0.3191237449645996
5600,Metrics/success_rate,0.13333335518836975
5600,Perf/collection_time,7.016798973083496
5600,Perf/learning_time,0.23191308975219727
5600,Perf/total_fps,13561.0
5600,Policy/mean_std,0.6420438289642334
5600,Train/mean_episode_length,1000.0
5600,Train/mean_reward,-4.156513690948486
5630,Train/mean_episode_length/time,1000.0
5630,Train/mean_reward/time,-11.456473350524902
5700,Curriculum/terrain_levels,3.4144797325134277
5700,Episode_Reward/action_rate_l2,-0.27330297231674194
5700,Episode_Reward/ang_vel_xy_l2,-0.07598046213388443
5700,Episode_Reward/belly_contact_force,-0.0006479794392362237
5700,Episode_Reward/dof_acc_l2,-0.34767788648605347
5700,Episode_Reward/dof_pos_limits,0.0
5700,Episode_Reward/dof_torques_l2,-0.7732123136520386
5700,Episode_Reward/feet_slide,-0.07251186668872833
5700,Episode_Reward/flat_orientation_l2,0.0
5700,Episode_Reward/foot_clearance,-3.490352537482977e-05
5700,Episode_Reward/lin_vel_z_l2,-0.09522253274917603
5700,Episode_Reward/track_ang_vel_z_exp,0.35356658697128296
5700,Episode_Reward/track_lin_vel_xy_lin,1.1346169710159302
5700,Episode_Reward/undesired_contacts,-0.004674997180700302
5700,Episode_Termination/time_out,1.0
5700,Loss/entropy,21.397729873657227
5700,Loss/learning_rate,0.0002827263961080462
5700,Loss/surrogate,-0.007474362850189209
5700,Loss/value,0.051703281700611115
5700,Metrics/base_velocity/error_vel_xy,0.7880100011825562
5700,Metrics/base_velocity/error_vel_yaw,0.29948270320892334
5700,Metrics/success_rate,0.1451554298400879
5700,Perf/collection_time,6.768499851226807
5700,Perf/learning_time,0.28109073638916016
5700,Perf/total_fps,13944.0
5700,Policy/mean_std,0.6417041420936584
5700,Train/mean_episode_length,1000.0
5700,Train/mean_reward,-2.709510564804077
5800,Curriculum/terrain_levels,3.0232646465301514
5800,Episode_Reward/action_rate_l2,-0.27831166982650757
5800,Episode_Reward/ang_vel_xy_l2,-0.08239084482192993
5800,Episode_Reward/belly_contact_force,-0.0013036925811320543
5800,Episode_Reward/dof_acc_l2,-0.36964482069015503
5800,Episode_Reward/dof_pos_limits,0.0
5800,Episode_Reward/dof_torques_l2,-0.7797195315361023
5800,Episode_Reward/feet_slide,-0.08341961354017258
5800,Episode_Reward/flat_orientation_l2,0.0
5800,Episode_Reward/foot_clearance,-3.53671821358148e-05
5800,Episode_Reward/lin_vel_z_l2,-0.10240453481674194
5800,Episode_Reward/track_ang_vel_z_exp,0.3406054377555847
5800,Episode_Reward/track_lin_vel_xy_lin,1.1386809349060059
5800,Episode_Reward/undesired_contacts,-0.0024749990552663803
5800,Episode_Termination/time_out,1.0
5800,Loss/entropy,21.437692642211914
5800,Loss/learning_rate,0.000279913074336946
5800,Loss/surrogate,-0.006811990402638912
5800,Loss/value,0.05143536627292633
5800,Metrics/base_velocity/error_vel_xy,0.8420225977897644
5800,Metrics/base_velocity/error_vel_yaw,0.32214978337287903
5800,Metrics/success_rate,0.09513889253139496
5800,Perf/collection_time,6.574605941772461
5800,Perf/learning_time,0.2413475513458252
5800,Perf/total_fps,14422.0
5800,Policy/mean_std,0.642477810382843
5800,Train/mean_episode_length,1000.0
5800,Train/mean_reward,-5.2006754875183105
5900,Curriculum/terrain_levels,3.4372355937957764
5900,Episode_Reward/action_rate_l2,-0.2785111665725708
5900,Episode_Reward/ang_vel_xy_l2,-0.07761067152023315
5900,Episode_Reward/belly_contact_force,-0.0013319507706910372
5900,Episode_Reward/dof_acc_l2,-0.3673737049102783
5900,Episode_Reward/dof_pos_limits,0.0
5900,Episode_Reward/dof_torques_l2,-0.7775394320487976
5900,Episode_Reward/feet_slide,-0.07469545304775238
5900,Episode_Reward/flat_orientation_l2,0.0
5900,Episode_Reward/foot_clearance,-3.457833008724265e-05
5900,Episode_Reward/lin_vel_z_l2,-0.09311586618423462
5900,Episode_Reward/track_ang_vel_z_exp,0.3502940535545349
5900,Episode_Reward/track_lin_vel_xy_lin,1.1280874013900757
5900,Episode_Reward/undesired_contacts,-0.005644209682941437
5900,Episode_Termination/time_out,1.0
5900,Loss/entropy,21.58147621154785
5900,Loss/learning_rate,0.0002771277504507452
5900,Loss/surrogate,-0.007437096908688545
5900,Loss/value,0.052047137171030045
5900,Metrics/base_velocity/error_vel_xy,0.8205051422119141
5900,Metrics/base_velocity/error_vel_yaw,0.3023318946361542
5900,Metrics/success_rate,0.04699074476957321
5900,Perf/collection_time,7.131655693054199
5900,Perf/learning_time,0.24125885963439941
5900,Perf/total_fps,13333.0
5900,Policy/mean_std,0.6448372602462769
5900,Train/mean_episode_length,1000.0
5900,Train/mean_reward,-3.723684310913086
6000,Curriculum/terrain_levels,3.424346923828125
6000,Episode_Reward/action_rate_l2,-0.2804144024848938
6000,Episode_Reward/ang_vel_xy_l2,-0.07554657012224197
6000,Episode_Reward/belly_contact_force,-0.0005890310276299715
6000,Episode_Reward/dof_acc_l2,-0.360563725233078
6000,Episode_Reward/dof_pos_limits,0.0
6000,Episode_Reward/dof_torques_l2,-0.780627965927124
6000,Episode_Reward/feet_slide,-0.07557497918605804
6000,Episode_Reward/flat_orientation_l2,0.0
6000,Episode_Reward/foot_clearance,-3.5094632039545104e-05
6000,Episode_Reward/lin_vel_z_l2,-0.09647872298955917
6000,Episode_Reward/track_ang_vel_z_exp,0.3324812650680542
6000,Episode_Reward/track_lin_vel_xy_lin,1.0842928886413574
6000,Episode_Reward/undesired_contacts,-0.01130728330463171
6000,Episode_Termination/time_out,1.0
6000,Loss/entropy,21.53944969177246
6000,Loss/learning_rate,0.00027437013341113925
6000,Loss/surrogate,-0.007086004596203566
6000,Loss/value,0.04858045652508736
6000,Metrics/base_velocity/error_vel_xy,0.8719160556793213
6000,Metrics/base_velocity/error_vel_yaw,0.34143131971359253
6000,Metrics/success_rate,0.1125992089509964
6000,Perf/collection_time,6.677561283111572
6000,Perf/learning_time,0.25464773178100586
6000,Perf/total_fps,14180.0
6000,Policy/mean_std,0.6441939473152161
6000,Train/mean_episode_length,1000.0
6000,Train/mean_reward,-4.251209259033203
6100,Curriculum/terrain_levels,3.5225119590759277
6100,Episode_Reward/action_rate_l2,-0.27938196063041687
6100,Episode_Reward/ang_vel_xy_l2,-0.0737195834517479
6100,Episode_Reward/belly_contact_force,-0.0034995111636817455
6100,Episode_Reward/dof_acc_l2,-0.35367506742477417
6100,Episode_Reward/dof_pos_limits,0.0
6100,Episode_Reward/dof_torques_l2,-0.7813820242881775
6100,Episode_Reward/feet_slide,-0.07420282065868378
6100,Episode_Reward/flat_orientation_l2,0.0
6100,Episode_Reward/foot_clearance,-3.360846312716603e-05
6100,Episode_Reward/lin_vel_z_l2,-0.09283246845006943
6100,Episode_Reward/track_ang_vel_z_exp,0.33698195219039917
6100,Episode_Reward/track_lin_vel_xy_lin,1.0255126953125
6100,Episode_Reward/undesired_contacts,-0.004918399732559919
6100,Episode_Termination/time_out,1.0
6100,Loss/entropy,21.612903594970703
6100,Loss/learning_rate,0.00027163999038748443
6100,Loss/surrogate,-0.008260691538453102
6100,Loss/value,0.04919956997036934
6100,Metrics/base_velocity/error_vel_xy,0.8844614028930664
6100,Metrics/base_velocity/error_vel_yaw,0.3287685513496399
6100,Metrics/success_rate,0.12916667759418488
6100,Perf/collection_time,6.630987167358398
6100,Perf/learning_time,0.23882269859313965
6100,Perf/total_fps,14309.0
6100,Policy/mean_std,0.6447944641113281
6100,Train/mean_episode_length,1000.0
6100,Train/mean_reward,-5.0535054206848145
6200,Curriculum/terrain_levels,3.579864501953125
6200,Episode_Reward/action_rate_l2,-0.2805781066417694
6200,Episode_Reward/ang_vel_xy_l2,-0.07735908031463623
6200,Episode_Reward/belly_contact_force,-0.0004492521984502673
6200,Episode_Reward/dof_acc_l2,-0.3597990870475769
6200,Episode_Reward/dof_pos_limits,0.0
6200,Episode_Reward/dof_torques_l2,-0.7768699526786804
6200,Episode_Reward/feet_slide,-0.0752640962600708
6200,Episode_Reward/flat_orientation_l2,0.0
6200,Episode_Reward/foot_clearance,-3.503746120259166e-05
6200,Episode_Reward/lin_vel_z_l2,-0.0941566750407219
6200,Episode_Reward/track_ang_vel_z_exp,0.33924126625061035
6200,Episode_Reward/track_lin_vel_xy_lin,1.0751705169677734
6200,Episode_Reward/undesired_contacts,-0.008168910630047321
6200,Episode_Termination/time_out,1.0
6200,Loss/entropy,21.550045013427734
6200,Loss/learning_rate,0.0002689369721338153
6200,Loss/surrogate,-0.0072465259581804276
6200,Loss/value,0.05617692694067955
6200,Metrics/base_velocity/error_vel_xy,0.8605202436447144
6200,Metrics/base_velocity/error_vel_yaw,0.32158607244491577
6200,Metrics/success_rate,0.10613425821065903
6200,Perf/collection_time,7.028626441955566
6200,Perf/learning_time,0.22585177421569824
6200,Perf/total_fps,13550.0
6200,Policy/mean_std,0.6446057558059692
6200,Train/mean_episode_length,1000.0
6200,Train/mean_reward,-4.848910808563232
6300,Curriculum/terrain_levels,3.638671875
6300,Episode_Reward/action_rate_l2,-0.2823658585548401
6300,Episode_Reward/ang_vel_xy_l2,-0.0763980895280838
6300,Episode_Reward/belly_contact_force,-8.243691991083324e-05
6300,Episode_Reward/dof_acc_l2,-0.35675859451293945
6300,Episode_Reward/dof_pos_limits,0.0
6300,Episode_Reward/dof_torques_l2,-0.7599345445632935
6300,Episode_Reward/feet_slide,-0.07902337610721588
6300,Episode_Reward/flat_orientation_l2,0.0
6300,Episode_Reward/foot_clearance,-3.588365507312119e-05
6300,Episode_Reward/lin_vel_z_l2,-0.0943165048956871
6300,Episode_Reward/track_ang_vel_z_exp,0.3603937327861786
6300,Episode_Reward/track_lin_vel_xy_lin,1.0977647304534912
6300,Episode_Reward/undesired_contacts,-0.0017666661879047751
6300,Episode_Termination/time_out,1.0
6300,Loss/entropy,21.688081741333008
6300,Loss/learning_rate,0.0002662608749233186
6300,Loss/surrogate,-0.005689362995326519
6300,Loss/value,0.053748637437820435
6300,Metrics/base_velocity/error_vel_xy,0.8486186861991882
6300,Metrics/base_velocity/error_vel_yaw,0.2830435037612915
6300,Metrics/success_rate,0.0902777835726738
6300,Perf/collection_time,6.617988109588623
6300,Perf/learning_time,0.27923035621643066
6300,Perf/total_fps,14252.0
6300,Policy/mean_std,0.6475287675857544
6300,Train/mean_episode_length,1000.0
6300,Train/mean_reward,-3.1875338554382324
6323,Train/mean_episode_length/time,1000.0
6323,Train/mean_reward/time,-10.045344352722168
6400,Curriculum/terrain_levels,3.4090476036071777
6400,Episode_Reward/action_rate_l2,-0.2789996862411499
6400,Episode_Reward/ang_vel_xy_l2,-0.07811685651540756
6400,Episode_Reward/belly_contact_force,-0.0005585679318755865
6400,Episode_Reward/dof_acc_l2,-0.359000027179718
6400,Episode_Reward/dof_pos_limits,0.0
6400,Episode_Reward/dof_torques_l2,-0.7665160894393921
6400,Episode_Reward/feet_slide,-0.07812212407588959
6400,Episode_Reward/flat_orientation_l2,0.0
6400,Episode_Reward/foot_clearance,-3.297402145108208e-05
6400,Episode_Reward/lin_vel_z_l2,-0.09420954436063766
6400,Episode_Reward/track_ang_vel_z_exp,0.34466952085494995
6400,Episode_Reward/track_lin_vel_xy_lin,1.082130789756775
6400,Episode_Reward/undesired_contacts,-0.031007934361696243
6400,Episode_Termination/time_out,1.0
6400,Loss/entropy,21.587873458862305
6400,Loss/learning_rate,0.00026361140771768987
6400,Loss/surrogate,-0.006569599267095327
6400,Loss/value,0.05861667916178703
6400,Metrics/base_velocity/error_vel_xy,0.8805297613143921
6400,Metrics/base_velocity/error_vel_yaw,0.3155343234539032
6400,Metrics/success_rate,0.1215277910232544
6400,Perf/collection_time,6.711408615112305
6400,Perf/learning_time,0.2215867042541504
6400,Perf/total_fps,14179.0
6400,Policy/mean_std,0.6453938484191895
6400,Train/mean_episode_length,1000.0
6400,Train/mean_reward,-4.62066650390625
6500,Curriculum/terrain_levels,3.5570883750915527
6500,Episode_Reward/action_rate_l2,-0.27653345465660095
6500,Episode_Reward/ang_vel_xy_l2,-0.07291612029075623
6500,Episode_Reward/belly_contact_force,-0.0029991797637194395
6500,Episode_Reward/dof_acc_l2,-0.34006112813949585
6500,Episode_Reward/dof_pos_limits,0.0
6500,Episode_Reward/dof_torques_l2,-0.7731584906578064
6500,Episode_Reward/feet_slide,-0.06864599883556366
6500,Episode_Reward/flat_orientation_l2,0.0
6500,Episode_Reward/foot_clearance,-3.454941543168388e-05
6500,Episode_Reward/lin_vel_z_l2,-0.11290597915649414
6500,Episode_Reward/track_ang_vel_z_exp,0.35103923082351685
6500,Episode_Reward/track_lin_vel_xy_lin,1.0200930833816528
6500,Episode_Reward/undesired_contacts,-0.007992305792868137
6500,Episode_Termination/time_out,1.0
6500,Loss/entropy,21.453176498413086
6500,Loss/learning_rate,0.0002609883085824549
6500,Loss/surrogate,-0.0070905801840126514
6500,Loss/value,0.042677734047174454
6500,Metrics/base_velocity/error_vel_xy,0.8442842364311218
6500,Metrics/base_velocity/error_vel_yaw,0.3062981069087982
6500,Metrics/success_rate,0.23506945371627808
6500,Perf/collection_time,6.665575981140137
6500,Perf/learning_time,0.2233128547668457
6500,Perf/total_fps,14269.0
6500,Policy/mean_std,0.6410781741142273
6500,Train/mean_episode_length,1000.0
6500,Train/mean_reward,-5.624365329742432
6600,Curriculum/terrain_levels,3.3958029747009277
6600,Episode_Reward/action_rate_l2,-0.2744723856449127
6600,Episode_Reward/ang_vel_xy_l2,-0.06538081169128418
6600,Episode_Reward/belly_contact_force,-6.187522376421839e-05
6600,Episode_Reward/dof_acc_l2,-0.3194798231124878
6600,Episode_Reward/dof_pos_limits,0.0
6600,Episode_Reward/dof_torques_l2,-0.7618808746337891
6600,Episode_Reward/feet_slide,-0.06352809816598892
6600,Episode_Reward/flat_orientation_l2,0.0
6600,Episode_Reward/foot_clearance,-3.557234595064074e-05
6600,Episode_Reward/lin_vel_z_l2,-0.08779784291982651
6600,Episode_Reward/track_ang_vel_z_exp,0.34182772040367126
6600,Episode_Reward/track_lin_vel_xy_lin,1.0203642845153809
6600,Episode_Reward/undesired_contacts,-0.0017652775859460235
6600,Episode_Termination/time_out,1.0
6600,Loss/entropy,21.284921646118164
6600,Loss/learning_rate,0.0002583912864793092
6600,Loss/surrogate,-0.0072987256571650505
6600,Loss/value,0.04338321089744568
6600,Metrics/base_velocity/error_vel_xy,0.7759383916854858
6600,Metrics/base_velocity/error_vel_yaw,0.31748855113983154
6600,Metrics/success_rate,0.27296626567840576
6600,Perf/collection_time,7.646631240844727
6600,Perf/learning_time,0.2750539779663086
6600,Perf/total_fps,12409.0
6600,Policy/mean_std,0.6393710374832153
6600,Train/mean_episode_length,1000.0
6600,Train/mean_reward,-3.3247323036193848
6700,Curriculum/terrain_levels,3.06964111328125
6700,Episode_Reward/action_rate_l2,-0.2750546336174011
6700,Episode_Reward/ang_vel_xy_l2,-0.07848852872848511
6700,Episode_Reward/belly_contact_force,-0.0005016247159801424
6700,Episode_Reward/dof_acc_l2,-0.3484567403793335
6700,Episode_Reward/dof_pos_limits,0.0
6700,Episode_Reward/dof_torques_l2,-0.7765378952026367
6700,Episode_Reward/feet_slide,-0.07332554459571838
6700,Episode_Reward/flat_orientation_l2,0.0
6700,Episode_Reward/foot_clearance,-3.474530967650935e-05
6700,Episode_Reward/lin_vel_z_l2,-0.0984279066324234
6700,Episode_Reward/track_ang_vel_z_exp,0.34589967131614685
6700,Episode_Reward/track_lin_vel_xy_lin,1.0937204360961914
6700,Episode_Reward/undesired_contacts,-0.003832703223451972
6700,Episode_Termination/time_out,1.0
6700,Loss/entropy,21.3416690826416
6700,Loss/learning_rate,0.0002558201376814395
6700,Loss/surrogate,-0.007460861932486296
6700,Loss/value,0.062235210090875626
6700,Metrics/base_velocity/error_vel_xy,0.8091968297958374
6700,Metrics/base_velocity/error_vel_yaw,0.31142789125442505
6700,Metrics/success_rate,0.07939815521240234
6700,Perf/collection_time,6.7039794921875
6700,Perf/learning_time,0.22278690338134766
6700,Perf/total_fps,14191.0
6700,Policy/mean_std,0.6409336924552917
6700,Train/mean_episode_length,1000.0
6700,Train/mean_reward,-3.767854928970337
6800,Curriculum/terrain_levels,3.3790793418884277
6800,Episode_Reward/action_rate_l2,-0.278376042842865
6800,Episode_Reward/ang_vel_xy_l2,-0.08455274999141693
6800,Episode_Reward/belly_contact_force,0.0
6800,Episode_Reward/dof_acc_l2,-0.3717096745967865
6800,Episode_Reward/dof_pos_limits,0.0
6800,Episode_Reward/dof_torques_l2,-0.7796141505241394
6800,Episode_Reward/feet_slide,-0.07966676354408264
6800,Episode_Reward/flat_orientation_l2,0.0
6800,Episode_Reward/foot_clearance,-3.522047700244002e-05
6800,Episode_Reward/lin_vel_z_l2,-0.09581086039543152
6800,Episode_Reward/track_ang_vel_z_exp,0.3528701663017273
6800,Episode_Reward/track_lin_vel_xy_lin,1.1609785556793213
6800,Episode_Reward/undesired_contacts,-0.00017708334780763835
6800,Episode_Termination/time_out,1.0
6800,Loss/entropy,21.40431785583496
6800,Loss/learning_rate,0.00025327454204671085
6800,Loss/surrogate,-0.005665984004735947
6800,Loss/value,0.05764494091272354
6800,Metrics/base_velocity/error_vel_xy,0.7509497404098511
6800,Metrics/base_velocity/error_vel_yaw,0.30121880769729614
6800,Metrics/success_rate,0.18541668355464935
6800,Perf/collection_time,6.771220684051514
6800,Perf/learning_time,0.21792984008789062
6800,Perf/total_fps,14065.0
6800,Policy/mean_std,0.6438047885894775
6800,Train/mean_episode_length,1000.0
6800,Train/mean_reward,-4.0094733238220215
6900,Curriculum/terrain_levels,3.629608154296875
6900,Episode_Reward/action_rate_l2,-0.27706536650657654
6900,Episode_Reward/ang_vel_xy_l2,-0.07236433029174805
6900,Episode_Reward/belly_contact_force,-0.007540026213973761
6900,Episode_Reward/dof_acc_l2,-0.3336392343044281
6900,Episode_Reward/dof_pos_limits,0.0
6900,Episode_Reward/dof_torques_l2,-0.7737352252006531
6900,Episode_Reward/feet_slide,-0.06963391602039337
6900,Episode_Reward/flat_orientation_l2,0.0
6900,Episode_Reward/foot_clearance,-3.2510441087652e-05
6900,Episode_Reward/lin_vel_z_l2,-0.10824783146381378
6900,Episode_Reward/track_ang_vel_z_exp,0.3466551899909973
6900,Episode_Reward/track_lin_vel_xy_lin,1.0495141744613647
6900,Episode_Reward/undesired_contacts,-0.006112265400588512
6900,Episode_Termination/time_out,1.0
6900,Loss/entropy,21.483232498168945
6900,Loss/learning_rate,0.00025075429584831
6900,Loss/surrogate,-0.00589265301823616
6900,Loss/value,0.04954118654131889
6900,Metrics/base_velocity/error_vel_xy,0.865275502204895
6900,Metrics/base_velocity/error_vel_yaw,0.3150813579559326
6900,Metrics/success_rate,0.11250001192092896
6900,Perf/collection_time,7.056330680847168
6900,Perf/learning_time,0.23831391334533691
6900,Perf/total_fps,13476.0
6900,Policy/mean_std,0.6437574028968811
6900,Train/mean_episode_length,1000.0
6900,Train/mean_reward,-6.036174774169922
7000,Curriculum/terrain_levels,3.3622233867645264
7000,Episode_Reward/action_rate_l2,-0.27823275327682495
7000,Episode_Reward/ang_vel_xy_l2,-0.07615509629249573
7000,Episode_Reward/belly_contact_force,-0.0022927019745111465
7000,Episode_Reward/dof_acc_l2,-0.35762321949005127
7000,Episode_Reward/dof_pos_limits,0.0
7000,Episode_Reward/dof_torques_l2,-0.7733215093612671
7000,Episode_Reward/feet_slide,-0.07413014024496078
7000,Episode_Reward/flat_orientation_l2,0.0
7000,Episode_Reward/foot_clearance,-3.2034877222031355e-05
7000,Episode_Reward/lin_vel_z_l2,-0.11156760156154633
7000,Episode_Reward/track_ang_vel_z_exp,0.34985193610191345
7000,Episode_Reward/track_lin_vel_xy_lin,1.0373691320419312
7000,Episode_Reward/undesired_contacts,-0.002970485482364893
7000,Episode_Termination/time_out,1.0
7000,Loss/entropy,21.46942710876465
7000,Loss/learning_rate,0.00024825913715176284
7000,Loss/surrogate,-0.008000901900231838
7000,Loss/value,0.04635544493794441
7000,Metrics/base_velocity/error_vel_xy,0.9295557737350464
7000,Metrics/base_velocity/error_vel_yaw,0.30477702617645264
7000,Metrics/success_rate,0.1031746119260788
7000,Perf/collection_time,6.723046779632568
7000,Perf/learning_time,0.22483515739440918
7000,Perf/total_fps,14148.0
7000,Policy/mean_std,0.6440578103065491
7000,Train/mean_episode_length,1000.0
7000,Train/mean_reward,-5.446557998657227
7013,Train/mean_episode_length/time,1000.0
7013,Train/mean_reward/time,-10.054717063903809
7100,Curriculum/terrain_levels,3.730072021484375
7100,Episode_Reward/action_rate_l2,-0.2727770209312439
7100,Episode_Reward/ang_vel_xy_l2,-0.06832173466682434
7100,Episode_Reward/belly_contact_force,-0.00020043784752488136
7100,Episode_Reward/dof_acc_l2,-0.3233361840248108
7100,Episode_Reward/dof_pos_limits,0.0
7100,Episode_Reward/dof_torques_l2,-0.7489949464797974
7100,Episode_Reward/feet_slide,-0.06534025073051453
7100,Episode_Reward/flat_orientation_l2,0.0
7100,Episode_Reward/foot_clearance,-3.529224341036752e-05
7100,Episode_Reward/lin_vel_z_l2,-0.08987945318222046
7100,Episode_Reward/track_ang_vel_z_exp,0.328043669462204
7100,Episode_Reward/track_lin_vel_xy_lin,1.0472006797790527
7100,Episode_Reward/undesired_contacts,-0.01419447734951973
7100,Episode_Termination/time_out,1.0
7100,Loss/entropy,21.299448013305664
7100,Loss/learning_rate,0.0002457888040225953
7100,Loss/surrogate,-0.007636347319930792
7100,Loss/value,0.0529443584382534
7100,Metrics/base_velocity/error_vel_xy,0.8683614134788513
7100,Metrics/base_velocity/error_vel_yaw,0.34705424308776855
7100,Metrics/success_rate,0.18482142686843872
7100,Perf/collection_time,8.102886199951172
7100,Perf/learning_time,0.3268320560455322
7100,Perf/total_fps,11661.0
7100,Policy/mean_std,0.6408889293670654
7100,Train/mean_episode_length,1000.0
7100,Train/mean_reward,-3.3136820793151855
7200,Curriculum/terrain_levels,3.4210715293884277
7200,Episode_Reward/action_rate_l2,-0.2724970877170563
7200,Episode_Reward/ang_vel_xy_l2,-0.0748305544257164
7200,Episode_Reward/belly_contact_force,-0.002907811664044857
7200,Episode_Reward/dof_acc_l2,-0.34093818068504333
7200,Episode_Reward/dof_pos_limits,0.0
7200,Episode_Reward/dof_torques_l2,-0.7641467452049255
7200,Episode_Reward/feet_slide,-0.0706380307674408
7200,Episode_Reward/flat_orientation_l2,0.0
7200,Episode_Reward/foot_clearance,-3.5255809052614495e-05
7200,Episode_Reward/lin_vel_z_l2,-0.11489392817020416
7200,Episode_Reward/track_ang_vel_z_exp,0.3411051630973816
7200,Episode_Reward/track_lin_vel_xy_lin,1.0288066864013672
7200,Episode_Reward/undesired_contacts,-0.0013208332238718867
7200,Episode_Termination/time_out,1.0
7200,Loss/entropy,21.12091636657715
7200,Loss/learning_rate,0.0002433430345263332
7200,Loss/surrogate,-0.0032559947576373816
7200,Loss/value,0.04823201894760132
7200,Metrics/base_velocity/error_vel_xy,0.8562548160552979
7200,Metrics/base_velocity/error_vel_yaw,0.32231542468070984
7200,Metrics/success_rate,0.15914353728294373
7200,Perf/collection_time,6.689756393432617
7200,Perf/learning_time,0.2530207633972168
7200,Perf/total_fps,14159.0
7200,Policy/mean_std,0.6366599798202515
7200,Train/mean_episode_length,1000.0
7200,Train/mean_reward,-5.813383102416992
7300,Curriculum/terrain_levels,2.955841064453125
7300,Episode_Reward/action_rate_l2,-0.2721599340438843
7300,Episode_Reward/ang_vel_xy_l2,-0.07536502927541733
7300,Episode_Reward/belly_contact_force,0.0
7300,Episode_Reward/dof_acc_l2,-0.35927578806877136
7300,Episode_Reward/dof_pos_limits,0.0
7300,Episode_Reward/dof_torques_l2,-0.7702460289001465
7300,Episode_Reward/feet_slide,-0.08033712953329086
7300,Episode_Reward/flat_orientation_l2,0.0
7300,Episode_Reward/foot_clearance,-4.0626851841807365e-05
7300,Episode_Reward/lin_vel_z_l2,-0.09544151276350021
7300,Episode_Reward/track_ang_vel_z_exp,0.35234731435775757
7300,Episode_Reward/track_lin_vel_xy_lin,1.1990422010421753
7300,Episode_Reward/undesired_contacts,-0.005808336194604635
7300,Episode_Termination/time_out,1.0
7300,Loss/entropy,21.128263473510742
7300,Loss/learning_rate,0.0002409216103842482
7300,Loss/surrogate,-0.007696112617850304
7300,Loss/value,0.05199270322918892
7300,Metrics/base_velocity/error_vel_xy,0.7817897796630859
7300,Metrics/base_velocity/error_vel_yaw,0.3013171851634979
7300,Metrics/success_rate,0.2475694715976715
7300,Perf/collection_time,7.119511127471924
7300,Perf/learning_time,0.2620203495025635
7300,Perf/total_fps,13317.0
7300,Policy/mean_std,0.6359152793884277
7300,Train/mean_episode_length,1000.0
7300,Train/mean_reward,-3.0747320652008057
7400,Curriculum/terrain_levels,3.4944052696228027
7400,Episode_Reward/action_rate_l2,-0.27138084173202515
7400,Episode_Reward/ang_vel_xy_l2,-0.07403431087732315
7400,Episode_Reward/belly_contact_force,-0.0008777421899139881
7400,Episode_Reward/dof_acc_l2,-0.3398734927177429
7400,Episode_Reward/dof_pos_limits,0.0
7400,Episode_Reward/dof_torques_l2,-0.7588045001029968
7400,Episode_Reward/feet_slide,-0.07326947152614594
7400,Episode_Reward/flat_orientation_l2,0.0
7400,Episode_Reward/foot_clearance,-3.736193320946768e-05
7400,Episode_Reward/lin_vel_z_l2,-0.0918930396437645
7400,Episode_Reward/track_ang_vel_z_exp,0.35048985481262207
7400,Episode_Reward/track_lin_vel_xy_lin,1.1402313709259033
7400,Episode_Reward/undesired_contacts,-0.0013122683158144355
7400,Episode_Termination/time_out,1.0
7400,Loss/entropy,21.130111694335938
7400,Loss/learning_rate,0.00023852426966186613
7400,Loss/surrogate,-0.006628416944295168
7400,Loss/value,0.04853329062461853
7400,Metrics/base_velocity/error_vel_xy,0.7793819308280945
7400,Metrics/base_velocity/error_vel_yaw,0.3042045831680298
7400,Metrics/success_rate,0.1900463104248047
7400,Perf/collection_time,8.047017097473145
7400,Perf/learning_time,0.345304012298584
7400,Perf/total_fps,11713.0
7400,Policy/mean_std,0.6366474628448486
7400,Train/mean_episode_length,1000.0
7400,Train/mean_reward,-3.162576913833618
7500,Curriculum/terrain_levels,3.7425131797790527
7500,Episode_Reward/action_rate_l2,-0.271371454000473
7500,Episode_Reward/ang_vel_xy_l2,-0.0770958960056305
7500,Episode_Reward/belly_contact_force,-0.005014227703213692
7500,Episode_Reward/dof_acc_l2,-0.3401215076446533
7500,Episode_Reward/dof_pos_limits,0.0
7500,Episode_Reward/dof_torques_l2,-0.7785091400146484
7500,Episode_Reward/feet_slide,-0.0730627179145813
7500,Episode_Reward/flat_orientation_l2,0.0
7500,Episode_Reward/foot_clearance,-3.434111567912623e-05
7500,Episode_Reward/lin_vel_z_l2,-0.10492657870054245
7500,Episode_Reward/track_ang_vel_z_exp,0.3370382785797119
7500,Episode_Reward/track_lin_vel_xy_lin,1.1579372882843018
7500,Episode_Reward/undesired_contacts,-0.0032819435000419617
7500,Episode_Termination/time_out,1.0
7500,Loss/entropy,21.14106559753418
7500,Loss/learning_rate,0.0002361508086323738
7500,Loss/surrogate,-0.006942932493984699
7500,Loss/value,0.04392414167523384
7500,Metrics/base_velocity/error_vel_xy,0.7630416750907898
7500,Metrics/base_velocity/error_vel_yaw,0.3296315670013428
7500,Metrics/success_rate,0.16507937014102936
7500,Perf/collection_time,7.151276111602783
7500,Perf/learning_time,0.3364133834838867
7500,Perf/total_fps,13128.0
7500,Policy/mean_std,0.634914755821228
7500,Train/mean_episode_length,1000.0
7500,Train/mean_reward,-2.803908109664917
7600,Curriculum/terrain_levels,3.3776347637176514
7600,Episode_Reward/action_rate_l2,-0.27373138070106506
7600,Episode_Reward/ang_vel_xy_l2,-0.07369672507047653
7600,Episode_Reward/belly_contact_force,-0.0005091095226816833
7600,Episode_Reward/dof_acc_l2,-0.3331897258758545
7600,Episode_Reward/dof_pos_limits,0.0
7600,Episode_Reward/dof_torques_l2,-0.7687623500823975
7600,Episode_Reward/feet_slide,-0.07164845615625381
7600,Episode_Reward/flat_orientation_l2,0.0
7600,Episode_Reward/foot_clearance,-3.499046579236165e-05
7600,Episode_Reward/lin_vel_z_l2,-0.0946921855211258
7600,Episode_Reward/track_ang_vel_z_exp,0.34482210874557495
7600,Episode_Reward/track_lin_vel_xy_lin,1.1132593154907227
7600,Episode_Reward/undesired_contacts,-0.017869560047984123
7600,Episode_Termination/time_out,1.0
7600,Loss/entropy,21.194169998168945
7600,Loss/learning_rate,0.0002338009508093819
7600,Loss/surrogate,-0.006425387226045132
7600,Loss/value,0.05219335854053497
7600,Metrics/base_velocity/error_vel_xy,0.8407298922538757
7600,Metrics/base_velocity/error_vel_yaw,0.31481027603149414
7600,Metrics/success_rate,0.1892361342906952
7600,Perf/collection_time,7.18505334854126
7600,Perf/learning_time,0.26381564140319824
7600,Perf/total_fps,13197.0
7600,Policy/mean_std,0.6378639936447144
7600,Train/mean_episode_length,1000.0
7600,Train/mean_reward,-2.624892473220825
7699,Train/mean_episode_length/time,1000.0
7699,Train/mean_reward/time,-9.441569328308105
7700,Curriculum/terrain_levels,3.4084677696228027
7700,Episode_Reward/action_rate_l2,-0.27098751068115234
7700,Episode_Reward/ang_vel_xy_l2,-0.07436143606901169
7700,Episode_Reward/belly_contact_force,-0.00155452114995569
7700,Episode_Reward/dof_acc_l2,-0.3312521278858185
7700,Episode_Reward/dof_pos_limits,0.0
7700,Episode_Reward/dof_torques_l2,-0.7616276144981384
7700,Episode_Reward/feet_slide,-0.06881211698055267
7700,Episode_Reward/flat_orientation_l2,0.0
7700,Episode_Reward/foot_clearance,-3.590835694922134e-05
7700,Episode_Reward/lin_vel_z_l2,-0.09260191023349762
7700,Episode_Reward/track_ang_vel_z_exp,0.3478925824165344
7700,Episode_Reward/track_lin_vel_xy_lin,1.1584389209747314
7700,Episode_Reward/undesired_contacts,-0.0070444755256175995
7700,Episode_Termination/time_out,1.0
7700,Loss/entropy,20.98679542541504
7700,Loss/learning_rate,0.00023147447791416198
7700,Loss/surrogate,-0.007527369074523449
7700,Loss/value,0.044297538697719574
7700,Metrics/base_velocity/error_vel_xy,0.7468788027763367
7700,Metrics/base_velocity/error_vel_yaw,0.30903294682502747
7700,Metrics/success_rate,0.29366734623908997
7700,Perf/collection_time,7.0543107986450195
7700,Perf/learning_time,0.277616024017334
7700,Perf/total_fps,13407.0
7700,Policy/mean_std,0.6334930062294006
7700,Train/mean_episode_length,1000.0
7700,Train/mean_reward,-2.6601643562316895
7800,Curriculum/terrain_levels,3.4701743125915527
7800,Episode_Reward/action_rate_l2,-0.27208107709884644
7800,Episode_Reward/ang_vel_xy_l2,-0.07582928240299225
7800,Episode_Reward/belly_contact_force,-3.4304423024877906e-05
7800,Episode_Reward/dof_acc_l2,-0.33681628108024597
7800,Episode_Reward/dof_pos_limits,0.0
7800,Episode_Reward/dof_torques_l2,-0.7671414613723755
7800,Episode_Reward/feet_slide,-0.07477839291095734
7800,Episode_Reward/flat_orientation_l2,0.0
7800,Episode_Reward/foot_clearance,-3.6221892514731735e-05
7800,Episode_Reward/lin_vel_z_l2,-0.09269309043884277
7800,Episode_Reward/track_ang_vel_z_exp,0.3545132577419281
7800,Episode_Reward/track_lin_vel_xy_lin,1.1037123203277588
7800,Episode_Reward/undesired_contacts,-0.00409444235265255
7800,Episode_Termination/time_out,1.0
7800,Loss/entropy,21.160640716552734
7800,Loss/learning_rate,0.00022917114256415516
7800,Loss/surrogate,-0.007287177257239819
7800,Loss/value,0.04932986944913864
7800,Metrics/base_velocity/error_vel_xy,0.791141927242279
7800,Metrics/base_velocity/error_vel_yaw,0.29737210273742676
7800,Metrics/success_rate,0.1527777910232544
7800,Perf/collection_time,6.953310012817383
7800,Perf/learning_time,0.2981395721435547
7800,Perf/total_fps,13556.0
7800,Policy/mean_std,0.6352459788322449
7800,Train/mean_episode_length,1000.0
7800,Train/mean_reward,-4.100250244140625
7900,Curriculum/terrain_levels,3.3738505840301514
7900,Episode_Reward/action_rate_l2,-0.27310723066329956
7900,Episode_Reward/ang_vel_xy_l2,-0.07440871000289917
7900,Episode_Reward/belly_contact_force,-0.0023333122953772545
7900,Episode_Reward/dof_acc_l2,-0.35402971506118774
7900,Episode_Reward/dof_pos_limits,0.0
7900,Episode_Reward/dof_torques_l2,-0.7734907865524292
7900,Episode_Reward/feet_slide,-0.07440529763698578
7900,Episode_Reward/flat_orientation_l2,0.0
7900,Episode_Reward/foot_clearance,-3.522662882460281e-05
7900,Episode_Reward/lin_vel_z_l2,-0.09908439964056015
7900,Episode_Reward/track_ang_vel_z_exp,0.3408662676811218
7900,Episode_Reward/track_lin_vel_xy_lin,1.0648188591003418
7900,Episode_Reward/undesired_contacts,-0.004658331163227558
7900,Episode_Termination/time_out,1.0
7900,Loss/entropy,21.12270736694336
7900,Loss/learning_rate,0.00022689074103254825
7900,Loss/surrogate,-0.006814461201429367
7900,Loss/value,0.044256456196308136
7900,Metrics/base_velocity/error_vel_xy,0.850739598274231
7900,Metrics/base_velocity/error_vel_yaw,0.3221801221370697
7900,Metrics/success_rate,0.1268518567085266
7900,Perf/collection_time,7.182766437530518
7900,Perf/learning_time,0.27086901664733887
7900,Perf/total_fps,13188.0
7900,Policy/mean_std,0.6354632377624512
7900,Train/mean_episode_length,1000.0
7900,Train/mean_reward,-4.724913597106934
8000,Curriculum/terrain_levels,3.2462158203125
8000,Episode_Reward/action_rate_l2,-0.2696414589881897
8000,Episode_Reward/ang_vel_xy_l2,-0.0707332119345665
8000,Episode_Reward/belly_contact_force,-0.003831806592643261
8000,Episode_Reward/dof_acc_l2,-0.32598111033439636
8000,Episode_Reward/dof_pos_limits,0.0
8000,Episode_Reward/dof_torques_l2,-0.749681830406189
8000,Episode_Reward/feet_slide,-0.06895313411951065
8000,Episode_Reward/flat_orientation_l2,0.0
8000,Episode_Reward/foot_clearance,-3.6830744647886604e-05
8000,Episode_Reward/lin_vel_z_l2,-0.10478006303310394
8000,Episode_Reward/track_ang_vel_z_exp,0.3343130946159363
8000,Episode_Reward/track_lin_vel_xy_lin,1.1148090362548828
8000,Episode_Reward/undesired_contacts,-0.00039583336911164224
8000,Episode_Termination/time_out,1.0
8000,Loss/entropy,20.962312698364258
8000,Loss/learning_rate,0.00022463302593678236
8000,Loss/surrogate,-0.007207027170807123
8000,Loss/value,0.05053750425577164
8000,Metrics/base_velocity/error_vel_xy,0.7446836233139038
8000,Metrics/base_velocity/error_vel_yaw,0.3329123258590698
8000,Metrics/success_rate,0.16929563879966736
8000,Perf/collection_time,7.116625785827637
8000,Perf/learning_time,0.2712838649749756
8000,Perf/total_fps,13306.0
8000,Policy/mean_std,0.6316550970077515
8000,Train/mean_episode_length,1000.0
8000,Train/mean_reward,-2.3352744579315186
8100,Curriculum/terrain_levels,3.5285136699676514
8100,Episode_Reward/action_rate_l2,-0.2647765278816223
8100,Episode_Reward/ang_vel_xy_l2,-0.07227816432714462
8100,Episode_Reward/belly_contact_force,-6.597142055397853e-05
8100,Episode_Reward/dof_acc_l2,-0.325103223323822
8100,Episode_Reward/dof_pos_limits,0.0
8100,Episode_Reward/dof_torques_l2,-0.7453309893608093
8100,Episode_Reward/feet_slide,-0.07212398201227188
8100,Episode_Reward/flat_orientation_l2,0.0
8100,Episode_Reward/foot_clearance,-3.5562516131903976e-05
8100,Episode_Reward/lin_vel_z_l2,-0.08309178054332733
8100,Episode_Reward/track_ang_vel_z_exp,0.35221147537231445
8100,Episode_Reward/track_lin_vel_xy_lin,1.0966386795043945
8100,Episode_Reward/undesired_contacts,-0.004319441504776478
8100,Episode_Termination/time_out,1.0
8100,Loss/entropy,20.749773025512695
8100,Loss/learning_rate,0.00022239777899812907
8100,Loss/surrogate,-0.007193535566329956
8100,Loss/value,0.04723052307963371
8100,Metrics/base_velocity/error_vel_xy,0.7553703188896179
8100,Metrics/base_velocity/error_vel_yaw,0.3006490170955658
8100,Metrics/success_rate,0.12777778506278992
8100,Perf/collection_time,7.179765701293945
8100,Perf/learning_time,0.2878115177154541
8100,Perf/total_fps,13164.0
8100,Policy/mean_std,0.627022385597229
8100,Train/mean_episode_length,1000.0
8100,Train/mean_reward,-1.5754748582839966
8200,Curriculum/terrain_levels,3.8151144981384277
8200,Episode_Reward/action_rate_l2,-0.26745152473449707
8200,Episode_Reward/ang_vel_xy_l2,-0.07388012856245041
8200,Episode_Reward/belly_contact_force,-0.0029635014943778515
8200,Episode_Reward/dof_acc_l2,-0.3268556594848633
8200,Episode_Reward/dof_pos_limits,0.0
8200,Episode_Reward/dof_torques_l2,-0.756438672542572
8200,Episode_Reward/feet_slide,-0.06854391098022461
8200,Episode_Reward/flat_orientation_l2,0.0
8200,Episode_Reward/foot_clearance,-3.560400000424124e-05
8200,Episode_Reward/lin_vel_z_l2,-0.08828617632389069
8200,Episode_Reward/track_ang_vel_z_exp,0.3495122790336609
8200,Episode_Reward/track_lin_vel_xy_lin,1.081857442855835
8200,Episode_Reward/undesired_contacts,-0.008928746916353703
8200,Episode_Termination/time_out,1.0
8200,Loss/entropy,20.744421005249023
8200,Loss/learning_rate,0.00022018478193785995
8200,Loss/surrogate,-0.006901657674461603
8200,Loss/value,0.052727892994880676
8200,Metrics/base_velocity/error_vel_xy,0.8382815718650818
8200,Metrics/base_velocity/error_vel_yaw,0.30615079402923584
8200,Metrics/success_rate,0.13933533430099487
8200,Perf/collection_time,7.270738124847412
8200,Perf/learning_time,0.2783989906311035
8200,Perf/total_fps,13021.0
8200,Policy/mean_std,0.6281327605247498
8200,Train/mean_episode_length,1000.0
8200,Train/mean_reward,-2.8599236011505127
8300,Curriculum/terrain_levels,3.953369140625
8300,Episode_Reward/action_rate_l2,-0.2668379247188568
8300,Episode_Reward/ang_vel_xy_l2,-0.08042539656162262
8300,Episode_Reward/belly_contact_force,-7.187178198364563e-06
8300,Episode_Reward/dof_acc_l2,-0.34664905071258545
8300,Episode_Reward/dof_pos_limits,0.0
8300,Episode_Reward/dof_torques_l2,-0.7631200551986694
8300,Episode_Reward/feet_slide,-0.0706707164645195
8300,Episode_Reward/flat_orientation_l2,0.0
8300,Episode_Reward/foot_clearance,-3.363754149177112e-05
8300,Episode_Reward/lin_vel_z_l2,-0.09334810823202133
8300,Episode_Reward/track_ang_vel_z_exp,0.35012489557266235
8300,Episode_Reward/track_lin_vel_xy_lin,1.1105624437332153
8300,Episode_Reward/undesired_contacts,-0.0005815973272547126
8300,Episode_Termination/time_out,1.0
8300,Loss/entropy,20.790517807006836
8300,Loss/learning_rate,0.00021799378737341613
8300,Loss/surrogate,-0.007455665618181229
8300,Loss/value,0.04412711039185524
8300,Metrics/base_velocity/error_vel_xy,0.7787267565727234
8300,Metrics/base_velocity/error_vel_yaw,0.30442845821380615
8300,Metrics/success_rate,0.15312501788139343
8300,Perf/collection_time,7.053755283355713
8300,Perf/learning_time,0.2494521141052246
8300,Perf/total_fps,13460.0
8300,Policy/mean_std,0.6286298632621765
8300,Train/mean_episode_length,1000.0
8300,Train/mean_reward,-4.001380920410156
8386,Train/mean_episode_length/time,1000.0
8386,Train/mean_reward/time,-9.681722640991211
8400,Curriculum/terrain_levels,3.7644450664520264
8400,Episode_Reward/action_rate_l2,-0.2680879831314087
8400,Episode_Reward/ang_vel_xy_l2,-0.07839268445968628
8400,Episode_Reward/belly_contact_force,-0.005467156879603863
8400,Episode_Reward/dof_acc_l2,-0.3399360775947571
8400,Episode_Reward/dof_pos_limits,0.0
8400,Episode_Reward/dof_torques_l2,-0.7643548846244812
8400,Episode_Reward/feet_slide,-0.07044246047735214
8400,Episode_Reward/flat_orientation_l2,0.0
8400,Episode_Reward/foot_clearance,-3.264817496528849e-05
8400,Episode_Reward/lin_vel_z_l2,-0.11284101009368896
8400,Episode_Reward/track_ang_vel_z_exp,0.33779335021972656
8400,Episode_Reward/track_lin_vel_xy_lin,1.077215552330017
8400,Episode_Reward/undesired_contacts,-0.002845832146704197
8400,Episode_Termination/time_out,1.0
8400,Loss/entropy,20.84087562561035
8400,Loss/learning_rate,0.00021582460612989962
8400,Loss/surrogate,-0.0074501847848296165
8400,Loss/value,0.04556681588292122
8400,Metrics/base_velocity/error_vel_xy,0.8499826192855835
8400,Metrics/base_velocity/error_vel_yaw,0.3293314576148987
8400,Metrics/success_rate,0.09421296417713165
8400,Perf/collection_time,6.837948799133301
8400,Perf/learning_time,0.21809124946594238
8400,Perf/total_fps,13931.0
8400,Policy/mean_std,0.630249559879303
8400,Train/mean_episode_length,1000.0
8400,Train/mean_reward,-5.024510383605957
8500,Curriculum/terrain_levels,3.6971945762634277
8500,Episode_Reward/action_rate_l2,-0.2662785053253174
8500,Episode_Reward/ang_vel_xy_l2,-0.07497817277908325
8500,Episode_Reward/belly_contact_force,-7.606240160384914e-06
8500,Episode_Reward/dof_acc_l2,-0.31720465421676636
8500,Episode_Reward/dof_pos_limits,0.0
8500,Episode_Reward/dof_torques_l2,-0.7429363131523132
8500,Episode_Reward/feet_slide,-0.0704052746295929
8500,Episode_Reward/flat_orientation_l2,0.0
8500,Episode_Reward/foot_clearance,-3.446513437665999e-05
8500,Episode_Reward/lin_vel_z_l2,-0.09112583845853806
8500,Episode_Reward/track_ang_vel_z_exp,0.35392698645591736
8500,Episode_Reward/track_lin_vel_xy_lin,1.1314103603363037
8500,Episode_Reward/undesired_contacts,-0.0013005947694182396
8500,Episode_Termination/time_out,1.0
8500,Loss/entropy,20.928438186645508
8500,Loss/learning_rate,0.000213677019928582
8500,Loss/surrogate,-0.007247065659612417
8500,Loss/value,0.04234977811574936
8500,Metrics/base_velocity/error_vel_xy,0.8231385946273804
8500,Metrics/base_velocity/error_vel_yaw,0.299777626991272
8500,Metrics/success_rate,0.17450396716594696
8500,Perf/collection_time,7.2112274169921875
8500,Perf/learning_time,0.2661874294281006
8500,Perf/total_fps,13146.0
8500,Policy/mean_std,0.6313212513923645
8500,Train/mean_episode_length,1000.0
8500,Train/mean_reward,-1.3803237676620483
8600,Curriculum/terrain_levels,3.28887939453125
8600,Episode_Reward/action_rate_l2,-0.2643839716911316
8600,Episode_Reward/ang_vel_xy_l2,-0.07048475742340088
8600,Episode_Reward/belly_contact_force,-0.000463062257040292
8600,Episode_Reward/dof_acc_l2,-0.31288763880729675
8600,Episode_Reward/dof_pos_limits,0.0
8600,Episode_Reward/dof_torques_l2,-0.7468973398208618
8600,Episode_Reward/feet_slide,-0.06922024488449097
8600,Episode_Reward/flat_orientation_l2,0.0
8600,Episode_Reward/foot_clearance,-3.305487189209089e-05
8600,Episode_Reward/lin_vel_z_l2,-0.09179838746786118
8600,Episode_Reward/track_ang_vel_z_exp,0.3462175726890564
8600,Episode_Reward/track_lin_vel_xy_lin,1.0843513011932373
8600,Episode_Reward/undesired_contacts,-0.00079265859676525
8600,Episode_Termination/time_out,1.0
8600,Loss/entropy,20.77587127685547
8600,Loss/learning_rate,0.00021155078138690442
8600,Loss/surrogate,-0.007060496602207422
8600,Loss/value,0.043421052396297455
8600,Metrics/base_velocity/error_vel_xy,0.8927072286605835
8600,Metrics/base_velocity/error_vel_yaw,0.312934547662735
8600,Metrics/success_rate,0.17395834624767303
8600,Perf/collection_time,7.861591339111328
8600,Perf/learning_time,0.28025364875793457
8600,Perf/total_fps,12073.0
8600,Policy/mean_std,0.6286333799362183
8600,Train/mean_episode_length,1000.0
8600,Train/mean_reward,-2.0822908878326416
8700,Curriculum/terrain_levels,3.5205283164978027
8700,Episode_Reward/action_rate_l2,-0.2660125494003296
8700,Episode_Reward/ang_vel_xy_l2,-0.078633151948452
8700,Episode_Reward/belly_contact_force,-1.8512717360863462e-05
8700,Episode_Reward/dof_acc_l2,-0.33938759565353394
8700,Episode_Reward/dof_pos_limits,0.0
8700,Episode_Reward/dof_torques_l2,-0.7642593383789062
8700,Episode_Reward/feet_slide,-0.07522417604923248
8700,Episode_Reward/flat_orientation_l2,0.0
8700,Episode_Reward/foot_clearance,-3.360402479302138e-05
8700,Episode_Reward/lin_vel_z_l2,-0.09298132359981537
8700,Episode_Reward/track_ang_vel_z_exp,0.34513646364212036
8700,Episode_Reward/track_lin_vel_xy_lin,1.1382153034210205
8700,Episode_Reward/undesired_contacts,-0.0020616059191524982
8700,Episode_Termination/time_out,1.0
8700,Loss/entropy,20.76922607421875
8700,Loss/learning_rate,0.0002094457158818841
8700,Loss/surrogate,-0.006808911915868521
8700,Loss/value,0.046490591019392014
8700,Metrics/base_velocity/error_vel_xy,0.8508881330490112
8700,Metrics/base_velocity/error_vel_yaw,0.31547263264656067
8700,Metrics/success_rate,0.13333332538604736
8700,Perf/collection_time,7.061817169189453
8700,Perf/learning_time,0.24860739707946777
8700,Perf/total_fps,13447.0
8700,Policy/mean_std,0.6264481544494629
8700,Train/mean_episode_length,1000.0
8700,Train/mean_reward,-1.9786611795425415
8800,Curriculum/terrain_levels,3.5475871562957764
8800,Episode_Reward/action_rate_l2,-0.2615944743156433
8800,Episode_Reward/ang_vel_xy_l2,-0.07454394549131393
8800,Episode_Reward/belly_contact_force,0.0
8800,Episode_Reward/dof_acc_l2,-0.3435300290584564
8800,Episode_Reward/dof_pos_limits,0.0
8800,Episode_Reward/dof_torques_l2,-0.7559422254562378
8800,Episode_Reward/feet_slide,-0.07315693795681
8800,Episode_Reward/flat_orientation_l2,0.0
8800,Episode_Reward/foot_clearance,-3.538828241289593e-05
8800,Episode_Reward/lin_vel_z_l2,-0.09166963398456573
8800,Episode_Reward/track_ang_vel_z_exp,0.3542068898677826
8800,Episode_Reward/track_lin_vel_xy_lin,1.196834921836853
8800,Episode_Reward/undesired_contacts,-0.0001395833387505263
8800,Episode_Termination/time_out,1.0
8800,Loss/entropy,20.80093765258789
8800,Loss/learning_rate,0.0002073615905828774
8800,Loss/surrogate,-0.007691754959523678
8800,Loss/value,0.05397908389568329
8800,Metrics/base_velocity/error_vel_xy,0.747044563293457
8800,Metrics/base_velocity/error_vel_yaw,0.3003092408180237
8800,Metrics/success_rate,0.2291666716337204
8800,Perf/collection_time,6.551384449005127
8800,Perf/learning_time,0.22820186614990234
8800,Perf/total_fps,14499.0
8800,Policy/mean_std,0.6243385076522827
8800,Train/mean_episode_length,1000.0
8800,Train/mean_reward,-2.243346929550171
8900,Curriculum/terrain_levels,3.295166015625
8900,Episode_Reward/action_rate_l2,-0.2578330636024475
8900,Episode_Reward/ang_vel_xy_l2,-0.07707511633634567
8900,Episode_Reward/belly_contact_force,-0.0012197376927360892
8900,Episode_Reward/dof_acc_l2,-0.3375479578971863
8900,Episode_Reward/dof_pos_limits,0.0
8900,Episode_Reward/dof_torques_l2,-0.745745837688446
8900,Episode_Reward/feet_slide,-0.07413807511329651
8900,Episode_Reward/flat_orientation_l2,0.0
8900,Episode_Reward/foot_clearance,-3.56314740201924e-05
8900,Episode_Reward/lin_vel_z_l2,-0.08977513015270233
8900,Episode_Reward/track_ang_vel_z_exp,0.36055415868759155
8900,Episode_Reward/track_lin_vel_xy_lin,1.1893028020858765
8900,Episode_Reward/undesired_contacts,-0.0039277756586670876
8900,Episode_Termination/time_out,1.0
8900,Loss/entropy,20.59810447692871
8900,Loss/learning_rate,0.00020529820176307112
8900,Loss/surrogate,-0.00568903936073184
8900,Loss/value,0.050058893859386444
8900,Metrics/base_velocity/error_vel_xy,0.7674845457077026
8900,Metrics/base_velocity/error_vel_yaw,0.288837194442749
8900,Metrics/success_rate,0.13842593133449554
8900,Perf/collection_time,6.628063201904297
8900,Perf/learning_time,0.21798300743103027
8900,Perf/total_fps,14359.0
8900,Policy/mean_std,0.6216481924057007
8900,Train/mean_episode_length,1000.0
8900,Train/mean_reward,-1.867524266242981
9000,Curriculum/terrain_levels,3.6891074180603027
9000,Episode_Reward/action_rate_l2,-0.2560446262359619
9000,Episode_Reward/ang_vel_xy_l2,-0.07056374847888947
9000,Episode_Reward/belly_contact_force,-0.00138793233782053
9000,Episode_Reward/dof_acc_l2,-0.31598541140556335
9000,Episode_Reward/dof_pos_limits,0.0
9000,Episode_Reward/dof_torques_l2,-0.7413759231567383
9000,Episode_Reward/feet_slide,-0.06831815838813782
9000,Episode_Reward/flat_orientation_l2,0.0
9000,Episode_Reward/foot_clearance,-3.448508505243808e-05
9000,Episode_Reward/lin_vel_z_l2,-0.10229667276144028
9000,Episode_Reward/track_ang_vel_z_exp,0.3523898124694824
9000,Episode_Reward/track_lin_vel_xy_lin,1.0574607849121094
9000,Episode_Reward/undesired_contacts,-0.0001979166700039059
9000,Episode_Termination/time_out,1.0
9000,Loss/entropy,20.415985107421875
9000,Loss/learning_rate,0.0002032553602475673
9000,Loss/surrogate,-0.006506781559437513
9000,Loss/value,0.04230425879359245
9000,Metrics/base_velocity/error_vel_xy,0.8686861991882324
9000,Metrics/base_velocity/error_vel_yaw,0.2989303469657898
9000,Metrics/success_rate,0.12886905670166016
9000,Perf/collection_time,6.990697383880615
9000,Perf/learning_time,0.2622804641723633
9000,Perf/total_fps,13553.0
9000,Policy/mean_std,0.6189481616020203
9000,Train/mean_episode_length,1000.0
9000,Train/mean_reward,-2.6359589099884033
9075,Train/mean_episode_length/time,1000.0
9075,Train/mean_reward/time,-6.821284770965576
9100,Curriculum/terrain_levels,3.7044475078582764
9100,Episode_Reward/action_rate_l2,-0.25550124049186707
9100,Episode_Reward/ang_vel_xy_l2,-0.07121419161558151
9100,Episode_Reward/belly_contact_force,-0.0008181025041267276
9100,Episode_Reward/dof_acc_l2,-0.29752317070961
9100,Episode_Reward/dof_pos_limits,0.0
9100,Episode_Reward/dof_torques_l2,-0.7203163504600525
9100,Episode_Reward/feet_slide,-0.0673409029841423
9100,Episode_Reward/flat_orientation_l2,0.0
9100,Episode_Reward/foot_clearance,-3.25437358696945e-05
9100,Episode_Reward/lin_vel_z_l2,-0.09169747680425644
9100,Episode_Reward/track_ang_vel_z_exp,0.3324770927429199
9100,Episode_Reward/track_lin_vel_xy_lin,1.0940382480621338
9100,Episode_Reward/undesired_contacts,-0.0019999989308416843
9100,Episode_Termination/time_out,1.0
9100,Loss/entropy,20.38412857055664
9100,Loss/learning_rate,0.00020123283320572227
9100,Loss/surrogate,-0.007181060500442982
9100,Loss/value,0.04699531942605972
9100,Metrics/base_velocity/error_vel_xy,0.838699460029602
9100,Metrics/base_velocity/error_vel_yaw,0.33761125802993774
9100,Metrics/success_rate,0.1917162835597992
9100,Perf/collection_time,6.582316875457764
9100,Perf/learning_time,0.22899651527404785
9100,Perf/total_fps,14432.0
9100,Policy/mean_std,0.6179423928260803
9100,Train/mean_episode_length,1000.0
9100,Train/mean_reward,-1.0922445058822632
9200,Curriculum/terrain_levels,3.6017558574676514
9200,Episode_Reward/action_rate_l2,-0.2534139156341553
9200,Episode_Reward/ang_vel_xy_l2,-0.07472482323646545
9200,Episode_Reward/belly_contact_force,-0.00022783820168115199
9200,Episode_Reward/dof_acc_l2,-0.3164340555667877
9200,Episode_Reward/dof_pos_limits,0.0
9200,Episode_Reward/dof_torques_l2,-0.7407213449478149
9200,Episode_Reward/feet_slide,-0.06988101452589035
9200,Episode_Reward/flat_orientation_l2,0.0
9200,Episode_Reward/foot_clearance,-3.497209036140703e-05
9200,Episode_Reward/lin_vel_z_l2,-0.09018393605947495
9200,Episode_Reward/track_ang_vel_z_exp,0.35402950644493103
9200,Episode_Reward/track_lin_vel_xy_lin,1.131255030632019
9200,Episode_Reward/undesired_contacts,-0.0038509934674948454
9200,Episode_Termination/time_out,1.0
9200,Loss/entropy,20.209596633911133
9200,Loss/learning_rate,0.00019923043146263808
9200,Loss/surrogate,-0.00534350099042058
9200,Loss/value,0.049717701971530914
9200,Metrics/base_velocity/error_vel_xy,0.7992677092552185
9200,Metrics/base_velocity/error_vel_yaw,0.3015326261520386
9200,Metrics/success_rate,0.15691137313842773
9200,Perf/collection_time,7.460787773132324
9200,Perf/learning_time,0.2708907127380371
9200,Perf/total_fps,12714.0
9200,Policy/mean_std,0.6134265661239624
9200,Train/mean_episode_length,1000.0
9200,Train/mean_reward,-1.3467650413513184
9300,Curriculum/terrain_levels,3.4935302734375
9300,Episode_Reward/action_rate_l2,-0.25221431255340576
9300,Episode_Reward/ang_vel_xy_l2,-0.07718132436275482
9300,Episode_Reward/belly_contact_force,-1.1054712558689062e-06
9300,Episode_Reward/dof_acc_l2,-0.34297141432762146
9300,Episode_Reward/dof_pos_limits,0.0
9300,Episode_Reward/dof_torques_l2,-0.752777099609375
9300,Episode_Reward/feet_slide,-0.07662739604711533
9300,Episode_Reward/flat_orientation_l2,0.0
9300,Episode_Reward/foot_clearance,-3.566887608030811e-05
9300,Episode_Reward/lin_vel_z_l2,-0.09113089740276337
9300,Episode_Reward/track_ang_vel_z_exp,0.3537062108516693
9300,Episode_Reward/track_lin_vel_xy_lin,1.1931729316711426
9300,Episode_Reward/undesired_contacts,-2.5000001187436283e-05
9300,Episode_Termination/time_out,1.0
9300,Loss/entropy,20.13053321838379
9300,Loss/learning_rate,0.00019724795129150152
9300,Loss/surrogate,-0.006640623789280653
9300,Loss/value,0.05200760066509247
9300,Metrics/base_velocity/error_vel_xy,0.759026050567627
9300,Metrics/base_velocity/error_vel_yaw,0.2971068322658539
9300,Metrics/success_rate,0.17291668057441711
9300,Perf/collection_time,6.571233749389648
9300,Perf/learning_time,0.23748207092285156
9300,Perf/total_fps,14437.0
9300,Policy/mean_std,0.6120521426200867
9300,Train/mean_episode_length,1000.0
9300,Train/mean_reward,-1.1819084882736206
9400,Curriculum/terrain_levels,3.3107199668884277
9400,Episode_Reward/action_rate_l2,-0.2510683536529541
9400,Episode_Reward/ang_vel_xy_l2,-0.07618480920791626
9400,Episode_Reward/belly_contact_force,-0.0013915710151195526
9400,Episode_Reward/dof_acc_l2,-0.3321564197540283
9400,Episode_Reward/dof_pos_limits,0.0
9400,Episode_Reward/dof_torques_l2,-0.7430841326713562
9400,Episode_Reward/feet_slide,-0.07633022964000702
9400,Episode_Reward/flat_orientation_l2,0.0
9400,Episode_Reward/foot_clearance,-3.448092320468277e-05
9400,Episode_Reward/lin_vel_z_l2,-0.0880800113081932
9400,Episode_Reward/track_ang_vel_z_exp,0.357221782207489
9400,Episode_Reward/track_lin_vel_xy_lin,1.1625664234161377
9400,Episode_Reward/undesired_contacts,-0.0006569444085471332
9400,Episode_Termination/time_out,1.0
9400,Loss/entropy,20.101228713989258
9400,Loss/learning_rate,0.00019528520351741463
9400,Loss/surrogate,-0.006222389172762632
9400,Loss/value,0.0428776890039444
9400,Metrics/base_velocity/error_vel_xy,0.8215715289115906
9400,Metrics/base_velocity/error_vel_yaw,0.29014700651168823
9400,Metrics/success_rate,0.13171297311782837
9400,Perf/collection_time,6.670847415924072
9400,Perf/learning_time,0.22640323638916016
9400,Perf/total_fps,14252.0
9400,Policy/mean_std,0.6106265783309937
9400,Train/mean_episode_length,1000.0
9400,Train/mean_reward,-1.041651964187622
9500,Curriculum/terrain_levels,3.4930827617645264
9500,Episode_Reward/action_rate_l2,-0.2535119652748108
9500,Episode_Reward/ang_vel_xy_l2,-0.07763256132602692
9500,Episode_Reward/belly_contact_force,-0.0008335994789376855
9500,Episode_Reward/dof_acc_l2,-0.32213813066482544
9500,Episode_Reward/dof_pos_limits,0.0
9500,Episode_Reward/dof_torques_l2,-0.7391449809074402
9500,Episode_Reward/feet_slide,-0.07515361160039902
9500,Episode_Reward/flat_orientation_l2,0.0
9500,Episode_Reward/foot_clearance,-3.204330278094858e-05
9500,Episode_Reward/lin_vel_z_l2,-0.08965152502059937
9500,Episode_Reward/track_ang_vel_z_exp,0.36671698093414307
9500,Episode_Reward/track_lin_vel_xy_lin,1.0970096588134766
9500,Episode_Reward/undesired_contacts,-0.010085063055157661
9500,Episode_Termination/time_out,1.0
9500,Loss/entropy,20.13382911682129
9500,Loss/learning_rate,0.0001933419844135642
9500,Loss/surrogate,-0.005737610161304474
9500,Loss/value,0.049818992614746094
9500,Metrics/base_velocity/error_vel_xy,0.7642607688903809
9500,Metrics/base_velocity/error_vel_yaw,0.2746015787124634
9500,Metrics/success_rate,0.2113095372915268
9500,Perf/collection_time,6.646212577819824
9500,Perf/learning_time,0.2326371669769287
9500,Perf/total_fps,14290.0
9500,Policy/mean_std,0.612909734249115
9500,Train/mean_episode_length,1000.0
9500,Train/mean_reward,-1.8009991645812988
9600,Curriculum/terrain_levels,3.2481486797332764
9600,Episode_Reward/action_rate_l2,-0.2523881196975708
9600,Episode_Reward/ang_vel_xy_l2,-0.06815657019615173
9600,Episode_Reward/belly_contact_force,-0.0017342136707156897
9600,Episode_Reward/dof_acc_l2,-0.31577131152153015
9600,Episode_Reward/dof_pos_limits,0.0
9600,Episode_Reward/dof_torques_l2,-0.7352871894836426
9600,Episode_Reward/feet_slide,-0.06771257519721985
9600,Episode_Reward/flat_orientation_l2,0.0
9600,Episode_Reward/foot_clearance,-3.2515225029783323e-05
9600,Episode_Reward/lin_vel_z_l2,-0.08889786899089813
9600,Episode_Reward/track_ang_vel_z_exp,0.3508620262145996
9600,Episode_Reward/track_lin_vel_xy_lin,1.0324196815490723
9600,Episode_Reward/undesired_contacts,-0.0022123013623058796
9600,Episode_Termination/time_out,1.0
9600,Loss/entropy,20.24232292175293
9600,Loss/learning_rate,0.00019141810480505228
9600,Loss/surrogate,-0.007572551723569632
9600,Loss/value,0.045458197593688965
9600,Metrics/base_velocity/error_vel_xy,0.8762636184692383
9600,Metrics/base_velocity/error_vel_yaw,0.30706509947776794
9600,Metrics/success_rate,0.19875991344451904
9600,Perf/collection_time,6.590816497802734
9600,Perf/learning_time,0.2270045280456543
9600,Perf/total_fps,14418.0
9600,Policy/mean_std,0.6141588687896729
9600,Train/mean_episode_length,1000.0
9600,Train/mean_reward,-2.180210828781128
9700,Curriculum/terrain_levels,3.3645529747009277
9700,Episode_Reward/action_rate_l2,-0.24986585974693298
9700,Episode_Reward/ang_vel_xy_l2,-0.07609693706035614
9700,Episode_Reward/belly_contact_force,0.0
9700,Episode_Reward/dof_acc_l2,-0.3191274404525757
9700,Episode_Reward/dof_pos_limits,0.0
9700,Episode_Reward/dof_torques_l2,-0.740252673625946
9700,Episode_Reward/feet_slide,-0.07454235851764679
9700,Episode_Reward/flat_orientation_l2,0.0
9700,Episode_Reward/foot_clearance,-3.471425225143321e-05
9700,Episode_Reward/lin_vel_z_l2,-0.0832907184958458
9700,Episode_Reward/track_ang_vel_z_exp,0.36332011222839355
9700,Episode_Reward/track_lin_vel_xy_lin,1.1441431045532227
9700,Episode_Reward/undesired_contacts,-0.008426399901509285
9700,Episode_Termination/time_out,1.0
9700,Loss/entropy,20.022356033325195
9700,Loss/learning_rate,0.0001895133755169809
9700,Loss/surrogate,-0.007243998348712921
9700,Loss/value,0.04876284301280975
9700,Metrics/base_velocity/error_vel_xy,0.7807149887084961
9700,Metrics/base_velocity/error_vel_yaw,0.2826473116874695
9700,Metrics/success_rate,0.20906084775924683
9700,Perf/collection_time,7.146500110626221
9700,Perf/learning_time,0.2750742435455322
9700,Perf/total_fps,13245.0
9700,Policy/mean_std,0.6095255017280579
9700,Train/mean_episode_length,1000.0
9700,Train/mean_reward,-0.4411887228488922
9765,Train/mean_episode_length/time,1000.0
9765,Train/mean_reward/time,-7.746401786804199
9800,Curriculum/terrain_levels,3.6164755821228027
9800,Episode_Reward/action_rate_l2,-0.24831068515777588
9800,Episode_Reward/ang_vel_xy_l2,-0.08026117086410522
9800,Episode_Reward/belly_contact_force,-0.00024569127708673477
9800,Episode_Reward/dof_acc_l2,-0.3268184959888458
9800,Episode_Reward/dof_pos_limits,0.0
9800,Episode_Reward/dof_torques_l2,-0.7440375089645386
9800,Episode_Reward/feet_slide,-0.07557542622089386
9800,Episode_Reward/flat_orientation_l2,0.0
9800,Episode_Reward/foot_clearance,-3.637813642853871e-05
9800,Episode_Reward/lin_vel_z_l2,-0.08639689534902573
9800,Episode_Reward/track_ang_vel_z_exp,0.3622310161590576
9800,Episode_Reward/track_lin_vel_xy_lin,1.1770780086517334
9800,Episode_Reward/undesired_contacts,-0.005131264217197895
9800,Episode_Termination/time_out,1.0
9800,Loss/entropy,19.8804931640625
9800,Loss/learning_rate,0.00018762759282253683
9800,Loss/surrogate,-0.007462773006409407
9800,Loss/value,0.04257993400096893
9800,Metrics/base_velocity/error_vel_xy,0.7732142210006714
9800,Metrics/base_velocity/error_vel_yaw,0.2842153012752533
9800,Metrics/success_rate,0.19131945073604584
9800,Perf/collection_time,6.547896862030029
9800,Perf/learning_time,0.2399303913116455
9800,Perf/total_fps,14482.0
9800,Policy/mean_std,0.6066521406173706
9800,Train/mean_episode_length,1000.0
9800,Train/mean_reward,-0.6336566805839539
9900,Curriculum/terrain_levels,3.191864013671875
9900,Episode_Reward/action_rate_l2,-0.24684903025627136
9900,Episode_Reward/ang_vel_xy_l2,-0.07272998988628387
9900,Episode_Reward/belly_contact_force,-0.0018925322219729424
9900,Episode_Reward/dof_acc_l2,-0.30494898557662964
9900,Episode_Reward/dof_pos_limits,0.0
9900,Episode_Reward/dof_torques_l2,-0.7274300456047058
9900,Episode_Reward/feet_slide,-0.07095402479171753
9900,Episode_Reward/flat_orientation_l2,0.0
9900,Episode_Reward/foot_clearance,-3.650292273960076e-05
9900,Episode_Reward/lin_vel_z_l2,-0.08464430272579193
9900,Episode_Reward/track_ang_vel_z_exp,0.36460912227630615
9900,Episode_Reward/track_lin_vel_xy_lin,1.1828677654266357
9900,Episode_Reward/undesired_contacts,-0.00541344191879034
9900,Episode_Termination/time_out,1.0
9900,Loss/entropy,19.955970764160156
9900,Loss/learning_rate,0.00018576056754682213
9900,Loss/surrogate,-0.0064985789358615875
9900,Loss/value,0.04381965845823288
9900,Metrics/base_velocity/error_vel_xy,0.7414512634277344
9900,Metrics/base_velocity/error_vel_yaw,0.2818397879600525
9900,Metrics/success_rate,0.2986111342906952
9900,Perf/collection_time,6.668852806091309
9900,Perf/learning_time,0.24042463302612305
9900,Perf/total_fps,14227.0
9900,Policy/mean_std,0.6072452664375305
9900,Train/mean_episode_length,1000.0
9900,Train/mean_reward,-0.7910939455032349
10000,Curriculum/terrain_levels,3.0004782676696777
10000,Episode_Reward/action_rate_l2,-0.24676015973091125
10000,Episode_Reward/ang_vel_xy_l2,-0.07933284342288971
10000,Episode_Reward/belly_contact_force,-0.0003289518062956631
10000,Episode_Reward/dof_acc_l2,-0.33374279737472534
10000,Episode_Reward/dof_pos_limits,0.0
10000,Episode_Reward/dof_torques_l2,-0.738792896270752
10000,Episode_Reward/feet_slide,-0.07690644264221191
10000,Episode_Reward/flat_orientation_l2,0.0
10000,Episode_Reward/foot_clearance,-3.522702172631398e-05
10000,Episode_Reward/lin_vel_z_l2,-0.08957721292972565
10000,Episode_Reward/track_ang_vel_z_exp,0.35543185472488403
10000,Episode_Reward/track_lin_vel_xy_lin,1.126096248626709
10000,Episode_Reward/undesired_contacts,-0.0008625992340967059
10000,Episode_Termination/time_out,1.0
10000,Loss/entropy,19.856504440307617
10000,Loss/learning_rate,0.00018391212506685406
10000,Loss/surrogate,-0.00658760778605938
10000,Loss/value,0.04042113199830055
10000,Metrics/base_velocity/error_vel_xy,0.8453329801559448
10000,Metrics/base_velocity/error_vel_yaw,0.2998425364494324
10000,Metrics/success_rate,0.08968254178762436
10000,Perf/collection_time,6.6337738037109375
10000,Perf/learning_time,0.22653770446777344
10000,Perf/total_fps,14329.0
10000,Policy/mean_std,0.6042382717132568
10000,Train/mean_episode_length,1000.0
10000,Train/mean_reward,-1.5815554857254028
10100,Curriculum/terrain_levels,3.4712119102478027
10100,Episode_Reward/action_rate_l2,-0.24455836415290833
10100,Episode_Reward/ang_vel_xy_l2,-0.07045036554336548
10100,Episode_Reward/belly_contact_force,0.0
10100,Episode_Reward/dof_acc_l2,-0.3066101670265198
10100,Episode_Reward/dof_pos_limits,0.0
10100,Episode_Reward/dof_torques_l2,-0.7302566766738892
10100,Episode_Reward/feet_slide,-0.06880071759223938
10100,Episode_Reward/flat_orientation_l2,0.0
10100,Episode_Reward/foot_clearance,-3.407653275644407e-05
10100,Episode_Reward/lin_vel_z_l2,-0.08802527189254761
10100,Episode_Reward/track_ang_vel_z_exp,0.3589210510253906
10100,Episode_Reward/track_lin_vel_xy_lin,1.1178507804870605
10100,Episode_Reward/undesired_contacts,-0.004333330783993006
10100,Episode_Termination/time_out,1.0
10100,Loss/entropy,19.849313735961914
10100,Loss/learning_rate,0.00018208207620773464
10100,Loss/surrogate,-0.006725796964019537
10100,Loss/value,0.042951151728630066
10100,Metrics/base_velocity/error_vel_xy,0.8755025863647461
10100,Metrics/base_velocity/error_vel_yaw,0.29029381275177
10100,Metrics/success_rate,0.08129960298538208
10100,Perf/collection_time,6.594925880432129
10100,Perf/learning_time,0.2249283790588379
10100,Perf/total_fps,14414.0
10100,Policy/mean_std,0.6046910881996155
10100,Train/mean_episode_length,1000.0
10100,Train/mean_reward,0.25395557284355164
10200,Curriculum/terrain_levels,3.4526774883270264
10200,Episode_Reward/action_rate_l2,-0.24590490758419037
10200,Episode_Reward/ang_vel_xy_l2,-0.07817863672971725
10200,Episode_Reward/belly_contact_force,-0.00010915783059317619
10200,Episode_Reward/dof_acc_l2,-0.3303379416465759
10200,Episode_Reward/dof_pos_limits,0.0
10200,Episode_Reward/dof_torques_l2,-0.7461139559745789
10200,Episode_Reward/feet_slide,-0.07370401918888092
10200,Episode_Reward/flat_orientation_l2,0.0
10200,Episode_Reward/foot_clearance,-3.3906762837432325e-05
10200,Episode_Reward/lin_vel_z_l2,-0.0928381085395813
10200,Episode_Reward/track_ang_vel_z_exp,0.34876126050949097
10200,Episode_Reward/track_lin_vel_xy_lin,1.1100575923919678
10200,Episode_Reward/undesired_contacts,-0.006262853741645813
10200,Episode_Termination/time_out,1.0
10200,Loss/entropy,19.88436508178711
10200,Loss/learning_rate,0.00018027024634648114
10200,Loss/surrogate,-0.006913062185049057
10200,Loss/value,0.04401075839996338
10200,Metrics/base_velocity/error_vel_xy,0.8605448603630066
10200,Metrics/base_velocity/error_vel_yaw,0.3090791404247284
10200,Metrics/success_rate,0.1280919313430786
10200,Perf/collection_time,6.828892707824707
10200,Perf/learning_time,0.2608785629272461
10200,Perf/total_fps,13865.0
10200,Policy/mean_std,0.6052253246307373
10200,Train/mean_episode_length,1000.0
10200,Train/mean_reward,-1.9259033203125
10300,Curriculum/terrain_levels,3.298248291015625
10300,Episode_Reward/action_rate_l2,-0.24732688069343567
10300,Episode_Reward/ang_vel_xy_l2,-0.07840554416179657
10300,Episode_Reward/belly_contact_force,0.0
10300,Episode_Reward/dof_acc_l2,-0.34023317694664
10300,Episode_Reward/dof_pos_limits,0.0
10300,Episode_Reward/dof_torques_l2,-0.7545062303543091
10300,Episode_Reward/feet_slide,-0.07601054012775421
10300,Episode_Reward/flat_orientation_l2,0.0
10300,Episode_Reward/foot_clearance,-3.243368701077998e-05
10300,Episode_Reward/lin_vel_z_l2,-0.08681482076644897
10300,Episode_Reward/track_ang_vel_z_exp,0.36598461866378784
10300,Episode_Reward/track_lin_vel_xy_lin,1.1384819746017456
10300,Episode_Reward/undesired_contacts,-0.0032604148145765066
10300,Episode_Termination/time_out,1.0
10300,Loss/entropy,19.916563034057617
10300,Loss/learning_rate,0.00017847643175628036
10300,Loss/surrogate,-0.005916232243180275
10300,Loss/value,0.05397939682006836
10300,Metrics/base_velocity/error_vel_xy,0.8148114681243896
10300,Metrics/base_velocity/error_vel_yaw,0.2771015465259552
10300,Metrics/success_rate,0.13159722089767456
10300,Perf/collection_time,6.5574846267700195
10300,Perf/learning_time,0.21902942657470703
10300,Perf/total_fps,14506.0
10300,Policy/mean_std,0.605658769607544
10300,Train/mean_episode_length,1000.0
10300,Train/mean_reward,-1.5576010942459106
10400,Curriculum/terrain_levels,3.353546142578125
10400,Episode_Reward/action_rate_l2,-0.2431960105895996
10400,Episode_Reward/ang_vel_xy_l2,-0.0725167989730835
10400,Episode_Reward/belly_contact_force,-0.00010289372585248202
10400,Episode_Reward/dof_acc_l2,-0.3151262104511261
10400,Episode_Reward/dof_pos_limits,0.0
10400,Episode_Reward/dof_torques_l2,-0.729505717754364
10400,Episode_Reward/feet_slide,-0.07102461159229279
10400,Episode_Reward/flat_orientation_l2,0.0
10400,Episode_Reward/foot_clearance,-3.4562246582936496e-05
10400,Episode_Reward/lin_vel_z_l2,-0.08034804463386536
10400,Episode_Reward/track_ang_vel_z_exp,0.36128759384155273
10400,Episode_Reward/track_lin_vel_xy_lin,1.1040306091308594
10400,Episode_Reward/undesired_contacts,-0.00026018518838100135
10400,Episode_Termination/time_out,1.0
10400,Loss/entropy,19.74673080444336
10400,Loss/learning_rate,0.0001767004723660648
10400,Loss/surrogate,-0.006406041793525219
10400,Loss/value,0.04404011368751526
10400,Metrics/base_velocity/error_vel_xy,0.8378505110740662
10400,Metrics/base_velocity/error_vel_yaw,0.2867319583892822
10400,Metrics/success_rate,0.18958334624767303
10400,Perf/collection_time,6.661183834075928
10400,Perf/learning_time,0.23222684860229492
10400,Perf/total_fps,14260.0
10400,Policy/mean_std,0.6017946600914001
10400,Train/mean_episode_length,1000.0
10400,Train/mean_reward,-1.0563584566116333
10452,Train/mean_episode_length/time,1000.0
10452,Train/mean_reward/time,-7.206980228424072
10500,Curriculum/terrain_levels,3.0179240703582764
10500,Episode_Reward/action_rate_l2,-0.24300754070281982
10500,Episode_Reward/ang_vel_xy_l2,-0.07593702524900436
10500,Episode_Reward/belly_contact_force,-0.0006151518318802118
10500,Episode_Reward/dof_acc_l2,-0.3164411783218384
10500,Episode_Reward/dof_pos_limits,0.0
10500,Episode_Reward/dof_torques_l2,-0.7322994470596313
10500,Episode_Reward/feet_slide,-0.07442723959684372
10500,Episode_Reward/flat_orientation_l2,0.0
10500,Episode_Reward/foot_clearance,-3.438951898715459e-05
10500,Episode_Reward/lin_vel_z_l2,-0.08559232950210571
10500,Episode_Reward/track_ang_vel_z_exp,0.35800641775131226
10500,Episode_Reward/track_lin_vel_xy_lin,1.1509732007980347
10500,Episode_Reward/undesired_contacts,-0.0039027759339660406
10500,Episode_Termination/time_out,1.0
10500,Loss/entropy,19.682802200317383
10500,Loss/learning_rate,0.00017494219355285168
10500,Loss/surrogate,-0.006879657972604036
10500,Loss/value,0.04694754630327225
10500,Metrics/base_velocity/error_vel_xy,0.8127201795578003
10500,Metrics/base_velocity/error_vel_yaw,0.298869252204895
10500,Metrics/success_rate,0.1436012089252472
10500,Perf/collection_time,6.496685981750488
10500,Perf/learning_time,0.2291412353515625
10500,Perf/total_fps,14615.0
10500,Policy/mean_std,0.6023860573768616
10500,Train/mean_episode_length,1000.0
10500,Train/mean_reward,-0.25629082322120667
10600,Curriculum/terrain_levels,3.6947531700134277
10600,Episode_Reward/action_rate_l2,-0.24292044341564178
10600,Episode_Reward/ang_vel_xy_l2,-0.06938055157661438
10600,Episode_Reward/belly_contact_force,-0.0008274358697235584
10600,Episode_Reward/dof_acc_l2,-0.29601186513900757
10600,Episode_Reward/dof_pos_limits,0.0
10600,Episode_Reward/dof_torques_l2,-0.7211568355560303
10600,Episode_Reward/feet_slide,-0.06546842306852341
10600,Episode_Reward/flat_orientation_l2,0.0
10600,Episode_Reward/foot_clearance,-3.321518306620419e-05
10600,Episode_Reward/lin_vel_z_l2,-0.09348231554031372
10600,Episode_Reward/track_ang_vel_z_exp,0.35330766439437866
10600,Episode_Reward/track_lin_vel_xy_lin,0.9906705617904663
10600,Episode_Reward/undesired_contacts,-0.005447912961244583
10600,Episode_Termination/time_out,1.0
10600,Loss/entropy,19.846460342407227
10600,Loss/learning_rate,0.00017320140614174306
10600,Loss/surrogate,-0.008245032280683517
10600,Loss/value,0.03811132162809372
10600,Metrics/base_velocity/error_vel_xy,0.84443199634552
10600,Metrics/base_velocity/error_vel_yaw,0.3028130829334259
10600,Metrics/success_rate,0.24176588654518127
10600,Perf/collection_time,6.588347911834717
10600,Perf/learning_time,0.24144983291625977
10600,Perf/total_fps,14393.0
10600,Policy/mean_std,0.6031467318534851
10600,Train/mean_episode_length,1000.0
10600,Train/mean_reward,-2.1511967182159424
10700,Curriculum/terrain_levels,3.7536418437957764
10700,Episode_Reward/action_rate_l2,-0.24586939811706543
10700,Episode_Reward/ang_vel_xy_l2,-0.07507355511188507
10700,Episode_Reward/belly_contact_force,0.0
10700,Episode_Reward/dof_acc_l2,-0.3217034339904785
10700,Episode_Reward/dof_pos_limits,0.0
10700,Episode_Reward/dof_torques_l2,-0.7383469343185425
10700,Episode_Reward/feet_slide,-0.0691523626446724
10700,Episode_Reward/flat_orientation_l2,0.0
10700,Episode_Reward/foot_clearance,-3.6223944334778935e-05
10700,Episode_Reward/lin_vel_z_l2,-0.09184785932302475
10700,Episode_Reward/track_ang_vel_z_exp,0.3506507873535156
10700,Episode_Reward/track_lin_vel_xy_lin,1.1371254920959473
10700,Episode_Reward/undesired_contacts,-0.002661904087290168
10700,Episode_Termination/time_out,1.0
10700,Loss/entropy,19.736948013305664
10700,Loss/learning_rate,0.0001714779355097562
10700,Loss/surrogate,-0.006055936682969332
10700,Loss/value,0.05208345875144005
10700,Metrics/base_velocity/error_vel_xy,0.7652778625488281
10700,Metrics/base_velocity/error_vel_yaw,0.30261704325675964
10700,Metrics/success_rate,0.16149140894412994
10700,Perf/collection_time,6.54315185546875
10700,Perf/learning_time,0.22395801544189453
10700,Perf/total_fps,14526.0
10700,Policy/mean_std,0.6027560830116272
10700,Train/mean_episode_length,1000.0
10700,Train/mean_reward,-0.4307307302951813
10800,Curriculum/terrain_levels,3.3472189903259277
10800,Episode_Reward/action_rate_l2,-0.2460615336894989
10800,Episode_Reward/ang_vel_xy_l2,-0.07830606400966644
10800,Episode_Reward/belly_contact_force,-5.137710104463622e-05
10800,Episode_Reward/dof_acc_l2,-0.3161908686161041
10800,Episode_Reward/dof_pos_limits,0.0
10800,Episode_Reward/dof_torques_l2,-0.7347580790519714
10800,Episode_Reward/feet_slide,-0.07149310410022736
10800,Episode_Reward/flat_orientation_l2,0.0
10800,Episode_Reward/foot_clearance,-3.6144698242424056e-05
10800,Episode_Reward/lin_vel_z_l2,-0.08948881924152374
10800,Episode_Reward/track_ang_vel_z_exp,0.35770687460899353
10800,Episode_Reward/track_lin_vel_xy_lin,1.2509498596191406
10800,Episode_Reward/undesired_contacts,-0.0010229162871837616
10800,Episode_Termination/time_out,1.0
10800,Loss/entropy,19.81267547607422
10800,Loss/learning_rate,0.0001697716215858236
10800,Loss/surrogate,-0.006528834812343121
10800,Loss/value,0.0449836365878582
10800,Metrics/base_velocity/error_vel_xy,0.6676875948905945
10800,Metrics/base_velocity/error_vel_yaw,0.29481077194213867
10800,Metrics/success_rate,0.24513891339302063
10800,Perf/collection_time,6.958189964294434
10800,Perf/learning_time,0.239607572555542
10800,Perf/total_fps,13657.0
10800,Policy/mean_std,0.6038557887077332
10800,Train/mean_episode_length,1000.0
10800,Train/mean_reward,-0.2479669153690338
10900,Curriculum/terrain_levels,3.802001953125
10900,Episode_Reward/action_rate_l2,-0.24782904982566833
10900,Episode_Reward/ang_vel_xy_l2,-0.07569285482168198
10900,Episode_Reward/belly_contact_force,-0.0008834927575662732
10900,Episode_Reward/dof_acc_l2,-0.32366788387298584
10900,Episode_Reward/dof_pos_limits,0.0
10900,Episode_Reward/dof_torques_l2,-0.7466120719909668
10900,Episode_Reward/feet_slide,-0.07012828439474106
10900,Episode_Reward/flat_orientation_l2,0.0
10900,Episode_Reward/foot_clearance,-3.576244489522651e-05
10900,Episode_Reward/lin_vel_z_l2,-0.08814620971679688
10900,Episode_Reward/track_ang_vel_z_exp,0.35384687781333923
10900,Episode_Reward/track_lin_vel_xy_lin,1.177800178527832
10900,Episode_Reward/undesired_contacts,-0.004779179580509663
10900,Episode_Termination/time_out,1.0
10900,Loss/entropy,19.76985740661621
10900,Loss/learning_rate,0.00016808227519504726
10900,Loss/surrogate,-0.007023431360721588
10900,Loss/value,0.04332238435745239
10900,Metrics/base_velocity/error_vel_xy,0.7609884142875671
10900,Metrics/base_velocity/error_vel_yaw,0.30495214462280273
10900,Metrics/success_rate,0.19421297311782837
10900,Perf/collection_time,6.720310211181641
10900,Perf/learning_time,0.2169041633605957
10900,Perf/total_fps,14170.0
10900,Policy/mean_std,0.6028985381126404
10900,Train/mean_episode_length,1000.0
10900,Train/mean_reward,-0.15309511125087738
11000,Curriculum/terrain_levels,3.9066367149353027
11000,Episode_Reward/action_rate_l2,-0.24541692435741425
11000,Episode_Reward/ang_vel_xy_l2,-0.07468421757221222
11000,Episode_Reward/belly_contact_force,-4.876808088738471e-05
11000,Episode_Reward/dof_acc_l2,-0.3122101426124573
11000,Episode_Reward/dof_pos_limits,0.0
11000,Episode_Reward/dof_torques_l2,-0.7280358672142029
11000,Episode_Reward/feet_slide,-0.07100562751293182
11000,Episode_Reward/flat_orientation_l2,0.0
11000,Episode_Reward/foot_clearance,-3.424697933951393e-05
11000,Episode_Reward/lin_vel_z_l2,-0.08851902186870575
11000,Episode_Reward/track_ang_vel_z_exp,0.3775096833705902
11000,Episode_Reward/track_lin_vel_xy_lin,1.1729680299758911
11000,Episode_Reward/undesired_contacts,-0.0007020832854323089
11000,Episode_Termination/time_out,1.0
11000,Loss/entropy,19.632671356201172
11000,Loss/learning_rate,0.00016640975081827492
11000,Loss/surrogate,-0.007345611695200205
11000,Loss/value,0.0462968572974205
11000,Metrics/base_velocity/error_vel_xy,0.7640969157218933
11000,Metrics/base_velocity/error_vel_yaw,0.25657421350479126
11000,Metrics/success_rate,0.2381448596715927
11000,Perf/collection_time,6.4919843673706055
11000,Perf/learning_time,0.22063374519348145
11000,Perf/total_fps,14644.0
11000,Policy/mean_std,0.6028940081596375
11000,Train/mean_episode_length,1000.0
11000,Train/mean_reward,1.025929570198059
11100,Curriculum/terrain_levels,3.4304606914520264
11100,Episode_Reward/action_rate_l2,-0.24694430828094482
11100,Episode_Reward/ang_vel_xy_l2,-0.07332181930541992
11100,Episode_Reward/belly_contact_force,-0.00015339828678406775
11100,Episode_Reward/dof_acc_l2,-0.31262466311454773
11100,Episode_Reward/dof_pos_limits,0.0
11100,Episode_Reward/dof_torques_l2,-0.7184180021286011
11100,Episode_Reward/feet_slide,-0.06927552819252014
11100,Episode_Reward/flat_orientation_l2,0.0
11100,Episode_Reward/foot_clearance,-3.434714017203078e-05
11100,Episode_Reward/lin_vel_z_l2,-0.08508330583572388
11100,Episode_Reward/track_ang_vel_z_exp,0.3672409951686859
11100,Episode_Reward/track_lin_vel_xy_lin,1.1126697063446045
11100,Episode_Reward/undesired_contacts,-0.019356748089194298
11100,Episode_Termination/time_out,1.0
11100,Loss/entropy,19.838356018066406
11100,Loss/learning_rate,0.0001647538592806086
11100,Loss/surrogate,-0.00627170130610466
11100,Loss/value,0.04908960312604904
11100,Metrics/base_velocity/error_vel_xy,0.810080885887146
11100,Metrics/base_velocity/error_vel_yaw,0.2754291296005249
11100,Metrics/success_rate,0.11909722536802292
11100,Perf/collection_time,6.532130718231201
11100,Perf/learning_time,0.2126317024230957
11100,Perf/total_fps,14574.0
11100,Policy/mean_std,0.605015754699707
11100,Train/mean_episode_length,1000.0
11100,Train/mean_reward,-0.16221541166305542
11139,Train/mean_episode_length/time,1000.0
11139,Train/mean_reward/time,-7.456687927246094
11200,Curriculum/terrain_levels,3.4566752910614014
11200,Episode_Reward/action_rate_l2,-0.24714797735214233
11200,Episode_Reward/ang_vel_xy_l2,-0.07739908993244171
11200,Episode_Reward/belly_contact_force,-0.001203190884552896
11200,Episode_Reward/dof_acc_l2,-0.3276118040084839
11200,Episode_Reward/dof_pos_limits,0.0
11200,Episode_Reward/dof_torques_l2,-0.7245363593101501
11200,Episode_Reward/feet_slide,-0.07439695298671722
11200,Episode_Reward/flat_orientation_l2,0.0
11200,Episode_Reward/foot_clearance,-3.483624095679261e-05
11200,Episode_Reward/lin_vel_z_l2,-0.08873987197875977
11200,Episode_Reward/track_ang_vel_z_exp,0.3612630367279053
11200,Episode_Reward/track_lin_vel_xy_lin,1.1646111011505127
11200,Episode_Reward/undesired_contacts,-0.0002416666829958558
11200,Episode_Termination/time_out,1.0
11200,Loss/entropy,19.79176139831543
11200,Loss/learning_rate,0.000163114455062896
11200,Loss/surrogate,-0.006225766148418188
11200,Loss/value,0.05308087170124054
11200,Metrics/base_velocity/error_vel_xy,0.8097238540649414
11200,Metrics/base_velocity/error_vel_yaw,0.2860897481441498
11200,Metrics/success_rate,0.1796792447566986
11200,Perf/collection_time,6.535043239593506
11200,Perf/learning_time,0.22220683097839355
11200,Perf/total_fps,14547.0
11200,Policy/mean_std,0.6054130792617798
11200,Train/mean_episode_length,1000.0
11200,Train/mean_reward,-0.3777272403240204
11300,Curriculum/terrain_levels,3.4361572265625
11300,Episode_Reward/action_rate_l2,-0.24805095791816711
11300,Episode_Reward/ang_vel_xy_l2,-0.07484698295593262
11300,Episode_Reward/belly_contact_force,-0.0008184924954548478
11300,Episode_Reward/dof_acc_l2,-0.3254443109035492
11300,Episode_Reward/dof_pos_limits,0.0
11300,Episode_Reward/dof_torques_l2,-0.7301105856895447
11300,Episode_Reward/feet_slide,-0.0721050426363945
11300,Episode_Reward/flat_orientation_l2,0.0
11300,Episode_Reward/foot_clearance,-3.649151403806172e-05
11300,Episode_Reward/lin_vel_z_l2,-0.08946417272090912
11300,Episode_Reward/track_ang_vel_z_exp,0.37031668424606323
11300,Episode_Reward/track_lin_vel_xy_lin,1.16425359249115
11300,Episode_Reward/undesired_contacts,-0.002174999099224806
11300,Episode_Termination/time_out,1.0
11300,Loss/entropy,19.99569320678711
11300,Loss/learning_rate,0.0001614913489902392
11300,Loss/surrogate,-0.00616750493645668
11300,Loss/value,0.04655132442712784
11300,Metrics/base_velocity/error_vel_xy,0.7469024062156677
11300,Metrics/base_velocity/error_vel_yaw,0.2679021656513214
11300,Metrics/success_rate,0.2100694626569748
11300,Perf/collection_time,6.485198020935059
11300,Perf/learning_time,0.2326643466949463
11300,Perf/total_fps,14633.0
11300,Policy/mean_std,0.6089109182357788
11300,Train/mean_episode_length,1000.0
11300,Train/mean_reward,-0.6941677927970886
11400,Curriculum/terrain_levels,3.3226318359375
11400,Episode_Reward/action_rate_l2,-0.24627964198589325
11400,Episode_Reward/ang_vel_xy_l2,-0.07088318467140198
11400,Episode_Reward/belly_contact_force,-0.0004666534950956702
11400,Episode_Reward/dof_acc_l2,-0.3156368136405945
11400,Episode_Reward/dof_pos_limits,0.0
11400,Episode_Reward/dof_torques_l2,-0.7308620810508728
11400,Episode_Reward/feet_slide,-0.07243125885725021
11400,Episode_Reward/flat_orientation_l2,0.0
11400,Episode_Reward/foot_clearance,-3.746234506252222e-05
11400,Episode_Reward/lin_vel_z_l2,-0.08358456194400787
11400,Episode_Reward/track_ang_vel_z_exp,0.36747992038726807
11400,Episode_Reward/track_lin_vel_xy_lin,1.1932220458984375
11400,Episode_Reward/undesired_contacts,-0.007880112156271935
11400,Episode_Termination/time_out,1.0
11400,Loss/entropy,19.971010208129883
11400,Loss/learning_rate,0.0001598844100954011
11400,Loss/surrogate,-0.0061607928946614265
11400,Loss/value,0.042200054973363876
11400,Metrics/base_velocity/error_vel_xy,0.7348066568374634
11400,Metrics/base_velocity/error_vel_yaw,0.27657806873321533
11400,Metrics/success_rate,0.27129629254341125
11400,Perf/collection_time,6.525341510772705
11400,Perf/learning_time,0.2339153289794922
11400,Perf/total_fps,14543.0
11400,Policy/mean_std,0.6061210632324219
11400,Train/mean_episode_length,1000.0
11400,Train/mean_reward,0.312599241733551
11500,Curriculum/terrain_levels,3.3169047832489014
11500,Episode_Reward/action_rate_l2,-0.24484948813915253
11500,Episode_Reward/ang_vel_xy_l2,-0.07230358570814133
11500,Episode_Reward/belly_contact_force,-0.004786334931850433
11500,Episode_Reward/dof_acc_l2,-0.3173072934150696
11500,Episode_Reward/dof_pos_limits,0.0
11500,Episode_Reward/dof_torques_l2,-0.7301192283630371
11500,Episode_Reward/feet_slide,-0.07152600586414337
11500,Episode_Reward/flat_orientation_l2,0.0
11500,Episode_Reward/foot_clearance,-3.600153650040738e-05
11500,Episode_Reward/lin_vel_z_l2,-0.09026120603084564
11500,Episode_Reward/track_ang_vel_z_exp,0.3710942268371582
11500,Episode_Reward/track_lin_vel_xy_lin,1.1544952392578125
11500,Episode_Reward/undesired_contacts,-0.002150296699255705
11500,Episode_Termination/time_out,1.0
11500,Loss/entropy,19.785240173339844
11500,Loss/learning_rate,0.00015829344920348376
11500,Loss/surrogate,-0.006908129900693893
11500,Loss/value,0.04959316924214363
11500,Metrics/base_velocity/error_vel_xy,0.7118985056877136
11500,Metrics/base_velocity/error_vel_yaw,0.2686004340648651
11500,Metrics/success_rate,0.2991567850112915
11500,Perf/collection_time,6.578616142272949
11500,Perf/learning_time,0.22109699249267578
11500,Perf/total_fps,14457.0
11500,Policy/mean_std,0.6020747423171997
11500,Train/mean_episode_length,1000.0
11500,Train/mean_reward,0.04077586159110069
11600,Curriculum/terrain_levels,3.3471274375915527
11600,Episode_Reward/action_rate_l2,-0.2424546331167221
11600,Episode_Reward/ang_vel_xy_l2,-0.06936097890138626
11600,Episode_Reward/belly_contact_force,-0.0011319356271997094
11600,Episode_Reward/dof_acc_l2,-0.31829869747161865
11600,Episode_Reward/dof_pos_limits,0.0
11600,Episode_Reward/dof_torques_l2,-0.7259259223937988
11600,Episode_Reward/feet_slide,-0.06770351529121399
11600,Episode_Reward/flat_orientation_l2,0.0
11600,Episode_Reward/foot_clearance,-3.2735344575485215e-05
11600,Episode_Reward/lin_vel_z_l2,-0.08821249008178711
11600,Episode_Reward/track_ang_vel_z_exp,0.35115307569503784
11600,Episode_Reward/track_lin_vel_xy_lin,1.0266847610473633
11600,Episode_Reward/undesired_contacts,-0.00786234624683857
11600,Episode_Termination/time_out,1.0
11600,Loss/entropy,19.589153289794922
11600,Loss/learning_rate,0.00015671832079533488
11600,Loss/surrogate,-0.006703807972371578
11600,Loss/value,0.04915212467312813
11600,Metrics/base_velocity/error_vel_xy,0.8195570707321167
11600,Metrics/base_velocity/error_vel_yaw,0.307367742061615
11600,Metrics/success_rate,0.18273809552192688
11600,Perf/collection_time,6.477349281311035
11600,Perf/learning_time,0.2214975357055664
11600,Perf/total_fps,14674.0
11600,Policy/mean_std,0.5990090370178223
11600,Train/mean_episode_length,1000.0
11600,Train/mean_reward,-1.3695029020309448
11700,Curriculum/terrain_levels,3.345947265625
11700,Episode_Reward/action_rate_l2,-0.24354839324951172
11700,Episode_Reward/ang_vel_xy_l2,-0.06951294839382172
11700,Episode_Reward/belly_contact_force,-0.00383434584364295
11700,Episode_Reward/dof_acc_l2,-0.31878921389579773
11700,Episode_Reward/dof_pos_limits,0.0
11700,Episode_Reward/dof_torques_l2,-0.7208463549613953
11700,Episode_Reward/feet_slide,-0.0709030032157898
11700,Episode_Reward/flat_orientation_l2,0.0
11700,Episode_Reward/foot_clearance,-3.539125464158133e-05
11700,Episode_Reward/lin_vel_z_l2,-0.08681782335042953
11700,Episode_Reward/track_ang_vel_z_exp,0.3545318841934204
11700,Episode_Reward/track_lin_vel_xy_lin,1.187657356262207
11700,Episode_Reward/undesired_contacts,-0.0024722209200263023
11700,Episode_Termination/time_out,1.0
11700,Loss/entropy,19.677427291870117
11700,Loss/learning_rate,0.00015515887935180217
11700,Loss/surrogate,-0.00688887806609273
11700,Loss/value,0.056270092725753784
11700,Metrics/base_velocity/error_vel_xy,0.7071546316146851
11700,Metrics/base_velocity/error_vel_yaw,0.2982078194618225
11700,Metrics/success_rate,0.2177579402923584
11700,Perf/collection_time,6.601324081420898
11700,Perf/learning_time,0.21366524696350098
11700,Perf/total_fps,14424.0
11700,Policy/mean_std,0.6009911298751831
11700,Train/mean_episode_length,1000.0
11700,Train/mean_reward,0.07867155224084854
11800,Curriculum/terrain_levels,3.821563720703125
11800,Episode_Reward/action_rate_l2,-0.24349264800548553
11800,Episode_Reward/ang_vel_xy_l2,-0.07179692387580872
11800,Episode_Reward/belly_contact_force,-2.2943486328586005e-05
11800,Episode_Reward/dof_acc_l2,-0.33430713415145874
11800,Episode_Reward/dof_pos_limits,0.0
11800,Episode_Reward/dof_torques_l2,-0.7351856231689453
11800,Episode_Reward/feet_slide,-0.07235472649335861
11800,Episode_Reward/flat_orientation_l2,0.0
11800,Episode_Reward/foot_clearance,-3.581246346584521e-05
11800,Episode_Reward/lin_vel_z_l2,-0.0902741402387619
11800,Episode_Reward/track_ang_vel_z_exp,0.3583037853240967
11800,Episode_Reward/track_lin_vel_xy_lin,1.207745909690857
11800,Episode_Reward/undesired_contacts,-0.0015190967824310064
11800,Episode_Termination/time_out,1.0
11800,Loss/entropy,19.6937255859375
11800,Loss/learning_rate,0.00015361493569798768
11800,Loss/surrogate,-0.006227977108210325
11800,Loss/value,0.0471453033387661
11800,Metrics/base_velocity/error_vel_xy,0.7392840385437012
11800,Metrics/base_velocity/error_vel_yaw,0.2911355495452881
11800,Metrics/success_rate,0.21493056416511536
11800,Perf/collection_time,7.0268964767456055
11800,Perf/learning_time,0.2901346683502197
11800,Perf/total_fps,13434.0
11800,Policy/mean_std,0.6001806259155273
11800,Train/mean_episode_length,1000.0
11800,Train/mean_reward,0.3942553400993347
11824,Train/mean_episode_length/time,1000.0
11824,Train/mean_reward/time,-6.957490921020508
11900,Curriculum/terrain_levels,3.6065268516540527
11900,Episode_Reward/action_rate_l2,-0.24081675708293915
11900,Episode_Reward/ang_vel_xy_l2,-0.06641754508018494
11900,Episode_Reward/belly_contact_force,-0.0003862991579808295
11900,Episode_Reward/dof_acc_l2,-0.30467671155929565
11900,Episode_Reward/dof_pos_limits,0.0
11900,Episode_Reward/dof_torques_l2,-0.7202115058898926
11900,Episode_Reward/feet_slide,-0.06826020032167435
11900,Episode_Reward/flat_orientation_l2,0.0
11900,Episode_Reward/foot_clearance,-3.676224878290668e-05
11900,Episode_Reward/lin_vel_z_l2,-0.08392681181430817
11900,Episode_Reward/track_ang_vel_z_exp,0.35731345415115356
11900,Episode_Reward/track_lin_vel_xy_lin,1.1254552602767944
11900,Episode_Reward/undesired_contacts,-0.013641655445098877
11900,Episode_Termination/time_out,1.0
11900,Loss/entropy,19.6955509185791
11900,Loss/learning_rate,0.00015208637341856956
11900,Loss/surrogate,-0.0069109429605305195
11900,Loss/value,0.0428505502641201
11900,Metrics/base_velocity/error_vel_xy,0.7627649307250977
11900,Metrics/base_velocity/error_vel_yaw,0.29249337315559387
11900,Metrics/success_rate,0.21157407760620117
11900,Perf/collection_time,6.713201522827148
11900,Perf/learning_time,0.22129058837890625
11900,Perf/total_fps,14176.0
11900,Policy/mean_std,0.6001448631286621
11900,Train/mean_episode_length,1000.0
11900,Train/mean_reward,-0.6368991732597351
12000,Curriculum/terrain_levels,3.5170085430145264
12000,Episode_Reward/action_rate_l2,-0.2403373122215271
12000,Episode_Reward/ang_vel_xy_l2,-0.06758266687393188
12000,Episode_Reward/belly_contact_force,-9.228332783095539e-05
12000,Episode_Reward/dof_acc_l2,-0.3040240406990051
12000,Episode_Reward/dof_pos_limits,0.0
12000,Episode_Reward/dof_torques_l2,-0.7096388339996338
12000,Episode_Reward/feet_slide,-0.07073540985584259
12000,Episode_Reward/flat_orientation_l2,0.0
12000,Episode_Reward/foot_clearance,-3.621696669142693e-05
12000,Episode_Reward/lin_vel_z_l2,-0.08330364525318146
12000,Episode_Reward/track_ang_vel_z_exp,0.372352659702301
12000,Episode_Reward/track_lin_vel_xy_lin,1.1188881397247314
12000,Episode_Reward/undesired_contacts,-0.0046532959677278996
12000,Episode_Termination/time_out,1.0
12000,Loss/entropy,19.64163589477539
12000,Loss/learning_rate,0.0001505730178905651
12000,Loss/surrogate,-0.006504763849079609
12000,Loss/value,0.041172221302986145
12000,Metrics/base_velocity/error_vel_xy,0.7806254625320435
12000,Metrics/base_velocity/error_vel_yaw,0.26956480741500854
12000,Metrics/success_rate,0.21914683282375336
12000,Perf/collection_time,6.680295944213867
12000,Perf/learning_time,0.24408507347106934
12000,Perf/total_fps,14196.0
12000,Policy/mean_std,0.60041344165802
12000,Train/mean_episode_length,1000.0
12000,Train/mean_reward,0.041583314538002014
12100,Curriculum/terrain_levels,3.9875895977020264
12100,Episode_Reward/action_rate_l2,-0.2447604238986969
12100,Episode_Reward/ang_vel_xy_l2,-0.06620735675096512
12100,Episode_Reward/belly_contact_force,-0.0046711633913218975
12100,Episode_Reward/dof_acc_l2,-0.3064267039299011
12100,Episode_Reward/dof_pos_limits,0.0
12100,Episode_Reward/dof_torques_l2,-0.7239212393760681
12100,Episode_Reward/feet_slide,-0.06420688331127167
12100,Episode_Reward/flat_orientation_l2,0.0
12100,Episode_Reward/foot_clearance,-3.1863466574577615e-05
12100,Episode_Reward/lin_vel_z_l2,-0.08549582958221436
12100,Episode_Reward/track_ang_vel_z_exp,0.36626124382019043
12100,Episode_Reward/track_lin_vel_xy_lin,1.0962275266647339
12100,Episode_Reward/undesired_contacts,-0.009238902479410172
12100,Episode_Termination/time_out,1.0
12100,Loss/entropy,19.87666893005371
12100,Loss/learning_rate,0.00014907470904290676
12100,Loss/surrogate,-0.006708329543471336
12100,Loss/value,0.044857826083898544
12100,Metrics/base_velocity/error_vel_xy,0.7864362001419067
12100,Metrics/base_velocity/error_vel_yaw,0.2778269648551941
12100,Metrics/success_rate,0.1890377253293991
12100,Perf/collection_time,7.169278144836426
12100,Perf/learning_time,0.3680717945098877
12100,Perf/total_fps,13042.0
12100,Policy/mean_std,0.6053852438926697
12100,Train/mean_episode_length,1000.0
12100,Train/mean_reward,0.011601326055824757
12200,Curriculum/terrain_levels,4.026296138763428
12200,Episode_Reward/action_rate_l2,-0.24844112992286682
12200,Episode_Reward/ang_vel_xy_l2,-0.07275024056434631
12200,Episode_Reward/belly_contact_force,0.0
12200,Episode_Reward/dof_acc_l2,-0.32662761211395264
12200,Episode_Reward/dof_pos_limits,0.0
12200,Episode_Reward/dof_torques_l2,-0.7330228686332703
12200,Episode_Reward/feet_slide,-0.07048634439706802
12200,Episode_Reward/flat_orientation_l2,0.0
12200,Episode_Reward/foot_clearance,-3.240570367779583e-05
12200,Episode_Reward/lin_vel_z_l2,-0.08638350665569305
12200,Episode_Reward/track_ang_vel_z_exp,0.36779114603996277
12200,Episode_Reward/track_lin_vel_xy_lin,1.1638882160186768
12200,Episode_Reward/undesired_contacts,-0.004185480531305075
12200,Episode_Termination/time_out,1.0
12200,Loss/entropy,19.776243209838867
12200,Loss/learning_rate,0.0001475913159083575
12200,Loss/surrogate,-0.006315768696367741
12200,Loss/value,0.0484134815633297
12200,Metrics/base_velocity/error_vel_xy,0.7702665328979492
12200,Metrics/base_velocity/error_vel_yaw,0.2751297652721405
12200,Metrics/success_rate,0.21560846269130707
12200,Perf/collection_time,6.566275596618652
12200,Perf/learning_time,0.2271590232849121
12200,Perf/total_fps,14470.0
12200,Policy/mean_std,0.6051915287971497
12200,Train/mean_episode_length,1000.0
12200,Train/mean_reward,-0.5525014400482178
12300,Curriculum/terrain_levels,3.5942282676696777
12300,Episode_Reward/action_rate_l2,-0.25033843517303467
12300,Episode_Reward/ang_vel_xy_l2,-0.07579647749662399
12300,Episode_Reward/belly_contact_force,0.0
12300,Episode_Reward/dof_acc_l2,-0.3519129753112793
12300,Episode_Reward/dof_pos_limits,0.0
12300,Episode_Reward/dof_torques_l2,-0.7447575330734253
12300,Episode_Reward/feet_slide,-0.0738346204161644
12300,Episode_Reward/flat_orientation_l2,0.0
12300,Episode_Reward/foot_clearance,-3.3185544452862814e-05
12300,Episode_Reward/lin_vel_z_l2,-0.08976899087429047
12300,Episode_Reward/track_ang_vel_z_exp,0.37032121419906616
12300,Episode_Reward/track_lin_vel_xy_lin,1.185788869857788
12300,Episode_Reward/undesired_contacts,-0.0026795128360390663
12300,Episode_Termination/time_out,1.0
12300,Loss/entropy,19.717432022094727
12300,Loss/learning_rate,0.00014612269296776503
12300,Loss/surrogate,-0.005969970487058163
12300,Loss/value,0.04744803532958031
12300,Metrics/base_velocity/error_vel_xy,0.7732928991317749
12300,Metrics/base_velocity/error_vel_yaw,0.27011895179748535
12300,Metrics/success_rate,0.10312499850988388
12300,Perf/collection_time,6.819433212280273
12300,Perf/learning_time,0.2535891532897949
12300,Perf/total_fps,13898.0
12300,Policy/mean_std,0.6046116948127747
12300,Train/mean_episode_length,1000.0
12300,Train/mean_reward,-1.1242231130599976
12400,Curriculum/terrain_levels,3.6505026817321777
12400,Episode_Reward/action_rate_l2,-0.24752601981163025
12400,Episode_Reward/ang_vel_xy_l2,-0.0740174874663353
12400,Episode_Reward/belly_contact_force,-0.00047964422265067697
12400,Episode_Reward/dof_acc_l2,-0.3199092149734497
12400,Episode_Reward/dof_pos_limits,0.0
12400,Episode_Reward/dof_torques_l2,-0.728085994720459
12400,Episode_Reward/feet_slide,-0.06992848962545395
12400,Episode_Reward/flat_orientation_l2,0.0
12400,Episode_Reward/foot_clearance,-3.3628675737418234e-05
12400,Episode_Reward/lin_vel_z_l2,-0.0860404223203659
12400,Episode_Reward/track_ang_vel_z_exp,0.3628743588924408
12400,Episode_Reward/track_lin_vel_xy_lin,1.2230205535888672
12400,Episode_Reward/undesired_contacts,-0.0004203704302199185
12400,Episode_Termination/time_out,1.0
12400,Loss/entropy,19.79633903503418
12400,Loss/learning_rate,0.00014466866559814662
12400,Loss/surrogate,-0.006337492261081934
12400,Loss/value,0.04214654862880707
12400,Metrics/base_velocity/error_vel_xy,0.7231965065002441
12400,Metrics/base_velocity/error_vel_yaw,0.2855045199394226
12400,Metrics/success_rate,0.1789351999759674
12400,Perf/collection_time,6.580534934997559
12400,Perf/learning_time,0.23694896697998047
12400,Perf/total_fps,14419.0
12400,Policy/mean_std,0.6047117710113525
12400,Train/mean_episode_length,1000.0
12400,Train/mean_reward,0.20197559893131256
12500,Curriculum/terrain_levels,3.7754721641540527
12500,Episode_Reward/action_rate_l2,-0.24656228721141815
12500,Episode_Reward/ang_vel_xy_l2,-0.07228460162878036
12500,Episode_Reward/belly_contact_force,-0.00033904772135429084
12500,Episode_Reward/dof_acc_l2,-0.3147697448730469
12500,Episode_Reward/dof_pos_limits,0.0
12500,Episode_Reward/dof_torques_l2,-0.728884220123291
12500,Episode_Reward/feet_slide,-0.0662713572382927
12500,Episode_Reward/flat_orientation_l2,0.0
12500,Episode_Reward/foot_clearance,-3.4823224268620834e-05
12500,Episode_Reward/lin_vel_z_l2,-0.0993439182639122
12500,Episode_Reward/track_ang_vel_z_exp,0.3553321361541748
12500,Episode_Reward/track_lin_vel_xy_lin,1.1434521675109863
12500,Episode_Reward/undesired_contacts,-0.005181544926017523
12500,Episode_Termination/time_out,1.0
12500,Loss/entropy,19.994966506958008
12500,Loss/learning_rate,0.00014322911738418043
12500,Loss/surrogate,-0.0064925542101264
12500,Loss/value,0.04184757545590401
12500,Metrics/base_velocity/error_vel_xy,0.7859055399894714
12500,Metrics/base_velocity/error_vel_yaw,0.3000366687774658
12500,Metrics/success_rate,0.14027778804302216
12500,Perf/collection_time,6.608973503112793
12500,Perf/learning_time,0.23307418823242188
12500,Perf/total_fps,14367.0
12500,Policy/mean_std,0.607008695602417
12500,Train/mean_episode_length,1000.0
12500,Train/mean_reward,-0.2686110734939575
12512,Train/mean_episode_length/time,1000.0
12512,Train/mean_reward/time,-5.917192459106445
12600,Curriculum/terrain_levels,3.3585410118103027
12600,Episode_Reward/action_rate_l2,-0.2456572949886322
12600,Episode_Reward/ang_vel_xy_l2,-0.06698107719421387
12600,Episode_Reward/belly_contact_force,-0.0012245262041687965
12600,Episode_Reward/dof_acc_l2,-0.3032088279724121
12600,Episode_Reward/dof_pos_limits,0.0
12600,Episode_Reward/dof_torques_l2,-0.7146622538566589
12600,Episode_Reward/feet_slide,-0.06510245054960251
12600,Episode_Reward/flat_orientation_l2,0.0
12600,Episode_Reward/foot_clearance,-3.406369796721265e-05
12600,Episode_Reward/lin_vel_z_l2,-0.08123171329498291
12600,Episode_Reward/track_ang_vel_z_exp,0.3610779643058777
12600,Episode_Reward/track_lin_vel_xy_lin,1.0688234567642212
12600,Episode_Reward/undesired_contacts,-0.004293400328606367
12600,Episode_Termination/time_out,1.0
12600,Loss/entropy,19.967790603637695
12600,Loss/learning_rate,0.00014180390280671418
12600,Loss/surrogate,-0.00685488898307085
12600,Loss/value,0.04526548460125923
12600,Metrics/base_velocity/error_vel_xy,0.8061239123344421
12600,Metrics/base_velocity/error_vel_yaw,0.28823980689048767
12600,Metrics/success_rate,0.15456348657608032
12600,Perf/collection_time,6.57612419128418
12600,Perf/learning_time,0.2520561218261719
12600,Perf/total_fps,14396.0
12600,Policy/mean_std,0.6069421172142029
12600,Train/mean_episode_length,1000.0
12600,Train/mean_reward,-0.46793806552886963
12700,Curriculum/terrain_levels,3.6830954551696777
12700,Episode_Reward/action_rate_l2,-0.2474822700023651
12700,Episode_Reward/ang_vel_xy_l2,-0.07691091299057007
12700,Episode_Reward/belly_contact_force,-3.649749851319939e-05
12700,Episode_Reward/dof_acc_l2,-0.3250376284122467
12700,Episode_Reward/dof_pos_limits,0.0
12700,Episode_Reward/dof_torques_l2,-0.7391700148582458
12700,Episode_Reward/feet_slide,-0.07122351229190826
12700,Episode_Reward/flat_orientation_l2,0.0
12700,Episode_Reward/foot_clearance,-3.333106724312529e-05
12700,Episode_Reward/lin_vel_z_l2,-0.09227927774190903
12700,Episode_Reward/track_ang_vel_z_exp,0.35200294852256775
12700,Episode_Reward/track_lin_vel_xy_lin,1.1142830848693848
12700,Episode_Reward/undesired_contacts,-0.0047118039801716805
12700,Episode_Termination/time_out,1.0
12700,Loss/entropy,19.808378219604492
12700,Loss/learning_rate,0.00014039284724276513
12700,Loss/surrogate,-0.006517267785966396
12700,Loss/value,0.046555567532777786
12700,Metrics/base_velocity/error_vel_xy,0.8176162242889404
12700,Metrics/base_velocity/error_vel_yaw,0.30476388335227966
12700,Metrics/success_rate,0.10826718807220459
12700,Perf/collection_time,7.309537887573242
12700,Perf/learning_time,0.27715444564819336
12700,Perf/total_fps,12957.0
12700,Policy/mean_std,0.6044903993606567
12700,Train/mean_episode_length,1000.0
12700,Train/mean_reward,-1.1184539794921875
12800,Curriculum/terrain_levels,3.8043620586395264
12800,Episode_Reward/action_rate_l2,-0.2479858100414276
12800,Episode_Reward/ang_vel_xy_l2,-0.08383280038833618
12800,Episode_Reward/belly_contact_force,-1.004375735647045e-05
12800,Episode_Reward/dof_acc_l2,-0.3384719789028168
12800,Episode_Reward/dof_pos_limits,0.0
12800,Episode_Reward/dof_torques_l2,-0.7267177104949951
12800,Episode_Reward/feet_slide,-0.07352973520755768
12800,Episode_Reward/flat_orientation_l2,0.0
12800,Episode_Reward/foot_clearance,-3.179909981554374e-05
12800,Episode_Reward/lin_vel_z_l2,-0.08614221215248108
12800,Episode_Reward/track_ang_vel_z_exp,0.37911638617515564
12800,Episode_Reward/track_lin_vel_xy_lin,1.2282260656356812
12800,Episode_Reward/undesired_contacts,-0.00017291668336838484
12800,Episode_Termination/time_out,1.0
12800,Loss/entropy,19.768712997436523
12800,Loss/learning_rate,0.00013899584882892668
12800,Loss/surrogate,-0.0068067023530602455
12800,Loss/value,0.0419524647295475
12800,Metrics/base_velocity/error_vel_xy,0.752154529094696
12800,Metrics/base_velocity/error_vel_yaw,0.25501739978790283
12800,Metrics/success_rate,0.10173611342906952
12800,Perf/collection_time,7.452809810638428
12800,Perf/learning_time,0.2554657459259033
12800,Perf/total_fps,12753.0
12800,Policy/mean_std,0.6052275896072388
12800,Train/mean_episode_length,1000.0
12800,Train/mean_reward,0.34488189220428467
12900,Curriculum/terrain_levels,3.92401123046875
12900,Episode_Reward/action_rate_l2,-0.24548304080963135
12900,Episode_Reward/ang_vel_xy_l2,-0.07245074957609177
12900,Episode_Reward/belly_contact_force,-0.04536927491426468
12900,Episode_Reward/dof_acc_l2,-0.3175676465034485
12900,Episode_Reward/dof_pos_limits,0.0
12900,Episode_Reward/dof_torques_l2,-0.7264831066131592
12900,Episode_Reward/feet_slide,-0.06853508949279785
12900,Episode_Reward/flat_orientation_l2,0.0
12900,Episode_Reward/foot_clearance,-3.421608926146291e-05
12900,Episode_Reward/lin_vel_z_l2,-0.0897008627653122
12900,Episode_Reward/track_ang_vel_z_exp,0.35786908864974976
12900,Episode_Reward/track_lin_vel_xy_lin,1.1630184650421143
12900,Episode_Reward/undesired_contacts,-0.0027247676625847816
12900,Episode_Termination/time_out,1.0
12900,Loss/entropy,19.93079376220703
12900,Loss/learning_rate,0.00013761274749413133
12900,Loss/surrogate,-0.006206288002431393
12900,Loss/value,0.046939317137002945
12900,Metrics/base_velocity/error_vel_xy,0.7938913106918335
12900,Metrics/base_velocity/error_vel_yaw,0.29601940512657166
12900,Metrics/success_rate,0.2212963104248047
12900,Perf/collection_time,6.88873815536499
12900,Perf/learning_time,0.24593091011047363
12900,Perf/total_fps,13778.0
12900,Policy/mean_std,0.6069719195365906
12900,Train/mean_episode_length,1000.0
12900,Train/mean_reward,-2.072010040283203
13000,Curriculum/terrain_levels,3.8599956035614014
13000,Episode_Reward/action_rate_l2,-0.24824100732803345
13000,Episode_Reward/ang_vel_xy_l2,-0.07399211823940277
13000,Episode_Reward/belly_contact_force,-3.098795059486292e-05
13000,Episode_Reward/dof_acc_l2,-0.32732346653938293
13000,Episode_Reward/dof_pos_limits,0.0
13000,Episode_Reward/dof_torques_l2,-0.733102023601532
13000,Episode_Reward/feet_slide,-0.06909774243831635
13000,Episode_Reward/flat_orientation_l2,0.0
13000,Episode_Reward/foot_clearance,-3.239779471186921e-05
13000,Episode_Reward/lin_vel_z_l2,-0.09342549741268158
13000,Episode_Reward/track_ang_vel_z_exp,0.36389851570129395
13000,Episode_Reward/track_lin_vel_xy_lin,1.120883584022522
13000,Episode_Reward/undesired_contacts,-0.02940216287970543
13000,Episode_Termination/time_out,1.0
13000,Loss/entropy,19.973478317260742
13000,Loss/learning_rate,0.000136243412271142
13000,Loss/surrogate,-0.006165196653455496
13000,Loss/value,0.05477297306060791
13000,Metrics/base_velocity/error_vel_xy,0.8305565118789673
13000,Metrics/base_velocity/error_vel_yaw,0.2830272614955902
13000,Metrics/success_rate,0.1723710298538208
13000,Perf/collection_time,6.8050055503845215
13000,Perf/learning_time,0.23623895645141602
13000,Perf/total_fps,13961.0
13000,Policy/mean_std,0.6080859303474426
13000,Train/mean_episode_length,1000.0
13000,Train/mean_reward,-1.1466177701950073
13100,Curriculum/terrain_levels,3.5495810508728027
13100,Episode_Reward/action_rate_l2,-0.2475791871547699
13100,Episode_Reward/ang_vel_xy_l2,-0.0691775381565094
13100,Episode_Reward/belly_contact_force,-0.0008770536514930427
13100,Episode_Reward/dof_acc_l2,-0.3103220462799072
13100,Episode_Reward/dof_pos_limits,0.0
13100,Episode_Reward/dof_torques_l2,-0.7173347473144531
13100,Episode_Reward/feet_slide,-0.06528564542531967
13100,Episode_Reward/flat_orientation_l2,0.0
13100,Episode_Reward/foot_clearance,-3.31120754708536e-05
13100,Episode_Reward/lin_vel_z_l2,-0.08633816242218018
13100,Episode_Reward/track_ang_vel_z_exp,0.3588874340057373
13100,Episode_Reward/track_lin_vel_xy_lin,1.1406184434890747
13100,Episode_Reward/undesired_contacts,-0.0011111104395240545
13100,Episode_Termination/time_out,1.0
13100,Loss/entropy,19.882293701171875
13100,Loss/learning_rate,0.00013488769764080644
13100,Loss/surrogate,-0.006153241265565157
13100,Loss/value,0.04368118941783905
13100,Metrics/base_velocity/error_vel_xy,0.7897191047668457
13100,Metrics/base_velocity/error_vel_yaw,0.2883554697036743
13100,Metrics/success_rate,0.185763880610466
13100,Perf/collection_time,6.656023979187012
13100,Perf/learning_time,0.2523519992828369
13100,Perf/total_fps,14229.0
13100,Policy/mean_std,0.6070615649223328
13100,Train/mean_episode_length,1000.0
13100,Train/mean_reward,0.4292627274990082
13200,Curriculum/terrain_levels,3.5291953086853027
13200,Episode_Reward/action_rate_l2,-0.24720105528831482
13200,Episode_Reward/ang_vel_xy_l2,-0.07245789468288422
13200,Episode_Reward/belly_contact_force,-0.002535492880269885
13200,Episode_Reward/dof_acc_l2,-0.31954285502433777
13200,Episode_Reward/dof_pos_limits,0.0
13200,Episode_Reward/dof_torques_l2,-0.7259410619735718
13200,Episode_Reward/feet_slide,-0.06941096484661102
13200,Episode_Reward/flat_orientation_l2,0.0
13200,Episode_Reward/foot_clearance,-3.312534681754187e-05
13200,Episode_Reward/lin_vel_z_l2,-0.0839228481054306
13200,Episode_Reward/track_ang_vel_z_exp,0.3680116534233093
13200,Episode_Reward/track_lin_vel_xy_lin,1.162846565246582
13200,Episode_Reward/undesired_contacts,-0.0029479151125997305
13200,Episode_Termination/time_out,1.0
13200,Loss/entropy,19.860904693603516
13200,Loss/learning_rate,0.00013354547263588756
13200,Loss/surrogate,-0.006334635429084301
13200,Loss/value,0.039898164570331573
13200,Metrics/base_velocity/error_vel_xy,0.7487726211547852
13200,Metrics/base_velocity/error_vel_yaw,0.2754890024662018
13200,Metrics/success_rate,0.20162038505077362
13200,Perf/collection_time,6.727852821350098
13200,Perf/learning_time,0.3264803886413574
13200,Perf/total_fps,13935.0
13200,Policy/mean_std,0.6064649224281311
13200,Train/mean_episode_length,1000.0
13200,Train/mean_reward,0.009780392050743103
13202,Train/mean_episode_length/time,1000.0
13202,Train/mean_reward/time,-6.30102014541626
13300,Curriculum/terrain_levels,3.6973776817321777
13300,Episode_Reward/action_rate_l2,-0.2444140911102295
13300,Episode_Reward/ang_vel_xy_l2,-0.07789668440818787
13300,Episode_Reward/belly_contact_force,-1.9001350665348582e-05
13300,Episode_Reward/dof_acc_l2,-0.31436508893966675
13300,Episode_Reward/dof_pos_limits,0.0
13300,Episode_Reward/dof_torques_l2,-0.7194544672966003
13300,Episode_Reward/feet_slide,-0.0736040323972702
13300,Episode_Reward/flat_orientation_l2,0.0
13300,Episode_Reward/foot_clearance,-3.477534119156189e-05
13300,Episode_Reward/lin_vel_z_l2,-0.0811988115310669
13300,Episode_Reward/track_ang_vel_z_exp,0.3759712874889374
13300,Episode_Reward/track_lin_vel_xy_lin,1.2736339569091797
13300,Episode_Reward/undesired_contacts,-0.0006847222102805972
13300,Episode_Termination/time_out,1.0
13300,Loss/entropy,19.652372360229492
13300,Loss/learning_rate,0.00013221660628914833
13300,Loss/surrogate,-0.006435020361095667
13300,Loss/value,0.04546554386615753
13300,Metrics/base_velocity/error_vel_xy,0.7356327772140503
13300,Metrics/base_velocity/error_vel_yaw,0.26187729835510254
13300,Metrics/success_rate,0.1642361283302307
13300,Perf/collection_time,6.758009910583496
13300,Perf/learning_time,0.2427065372467041
13300,Perf/total_fps,14041.0
13300,Policy/mean_std,0.6029188632965088
13300,Train/mean_episode_length,1000.0
13300,Train/mean_reward,3.0831942558288574
13400,Curriculum/terrain_levels,3.867401123046875
13400,Episode_Reward/action_rate_l2,-0.24348919093608856
13400,Episode_Reward/ang_vel_xy_l2,-0.07428428530693054
13400,Episode_Reward/belly_contact_force,-0.0016389767406508327
13400,Episode_Reward/dof_acc_l2,-0.317122220993042
13400,Episode_Reward/dof_pos_limits,0.0
13400,Episode_Reward/dof_torques_l2,-0.7226123809814453
13400,Episode_Reward/feet_slide,-0.06882090121507645
13400,Episode_Reward/flat_orientation_l2,0.0
13400,Episode_Reward/foot_clearance,-3.38017925969325e-05
13400,Episode_Reward/lin_vel_z_l2,-0.08710917085409164
13400,Episode_Reward/track_ang_vel_z_exp,0.3711813688278198
13400,Episode_Reward/track_lin_vel_xy_lin,1.1615922451019287
13400,Episode_Reward/undesired_contacts,-0.003678940236568451
13400,Episode_Termination/time_out,1.0
13400,Loss/entropy,19.526498794555664
13400,Loss/learning_rate,0.00013090096763335168
13400,Loss/surrogate,-0.006392909213900566
13400,Loss/value,0.04283510148525238
13400,Metrics/base_velocity/error_vel_xy,0.7634071111679077
13400,Metrics/base_velocity/error_vel_yaw,0.2676039934158325
13400,Metrics/success_rate,0.19120369851589203
13400,Perf/collection_time,6.475427150726318
13400,Perf/learning_time,0.23061108589172363
13400,Perf/total_fps,14659.0
13400,Policy/mean_std,0.5998595356941223
13400,Train/mean_episode_length,1000.0
13400,Train/mean_reward,-0.06797999143600464
13500,Curriculum/terrain_levels,3.9281516075134277
13500,Episode_Reward/action_rate_l2,-0.23950394988059998
13500,Episode_Reward/ang_vel_xy_l2,-0.07427830249071121
13500,Episode_Reward/belly_contact_force,0.0
13500,Episode_Reward/dof_acc_l2,-0.30699223279953003
13500,Episode_Reward/dof_pos_limits,0.0
13500,Episode_Reward/dof_torques_l2,-0.7186052203178406
13500,Episode_Reward/feet_slide,-0.06703849136829376
13500,Episode_Reward/flat_orientation_l2,0.0
13500,Episode_Reward/foot_clearance,-3.491823736112565e-05
13500,Episode_Reward/lin_vel_z_l2,-0.08276962488889694
13500,Episode_Reward/track_ang_vel_z_exp,0.3646819293498993
13500,Episode_Reward/track_lin_vel_xy_lin,1.1432949304580688
13500,Episode_Reward/undesired_contacts,-0.011206614784896374
13500,Episode_Termination/time_out,1.0
13500,Loss/entropy,19.430822372436523
13500,Loss/learning_rate,0.00012959842570126057
13500,Loss/surrogate,-0.005757204256951809
13500,Loss/value,0.04082631319761276
13500,Metrics/base_velocity/error_vel_xy,0.8243923187255859
13500,Metrics/base_velocity/error_vel_yaw,0.27854663133621216
13500,Metrics/success_rate,0.16547620296478271
13500,Perf/collection_time,6.55362606048584
13500,Perf/learning_time,0.2389359474182129
13500,Perf/total_fps,14472.0
13500,Policy/mean_std,0.5971111059188843
13500,Train/mean_episode_length,1000.0
13500,Train/mean_reward,1.151307225227356
13600,Curriculum/terrain_levels,3.6031596660614014
13600,Episode_Reward/action_rate_l2,-0.23903018236160278
13600,Episode_Reward/ang_vel_xy_l2,-0.06620059907436371
13600,Episode_Reward/belly_contact_force,-3.3525386243127286e-05
13600,Episode_Reward/dof_acc_l2,-0.2947445213794708
13600,Episode_Reward/dof_pos_limits,0.0
13600,Episode_Reward/dof_torques_l2,-0.7085739970207214
13600,Episode_Reward/feet_slide,-0.05944529175758362
13600,Episode_Reward/flat_orientation_l2,0.0
13600,Episode_Reward/foot_clearance,-3.479380393400788e-05
13600,Episode_Reward/lin_vel_z_l2,-0.0828246921300888
13600,Episode_Reward/track_ang_vel_z_exp,0.3544028699398041
13600,Episode_Reward/track_lin_vel_xy_lin,1.1018699407577515
13600,Episode_Reward/undesired_contacts,-0.0018303565448150039
13600,Episode_Termination/time_out,1.0
13600,Loss/entropy,19.46184539794922
13600,Loss/learning_rate,0.0001283088349737227
13600,Loss/surrogate,-0.00577155128121376
13600,Loss/value,0.042761512100696564
13600,Metrics/base_velocity/error_vel_xy,0.7983183264732361
13600,Metrics/base_velocity/error_vel_yaw,0.30072304606437683
13600,Metrics/success_rate,0.252480149269104
13600,Perf/collection_time,6.765761375427246
13600,Perf/learning_time,0.22062134742736816
13600,Perf/total_fps,14070.0
13600,Policy/mean_std,0.5987722277641296
13600,Train/mean_episode_length,1000.0
13600,Train/mean_reward,0.9079189896583557
13700,Curriculum/terrain_levels,3.6261801719665527
13700,Episode_Reward/action_rate_l2,-0.24310331046581268
13700,Episode_Reward/ang_vel_xy_l2,-0.07784729450941086
13700,Episode_Reward/belly_contact_force,-0.00022948707919567823
13700,Episode_Reward/dof_acc_l2,-0.317752480506897
13700,Episode_Reward/dof_pos_limits,0.0
13700,Episode_Reward/dof_torques_l2,-0.714818000793457
13700,Episode_Reward/feet_slide,-0.06963139027357101
13700,Episode_Reward/flat_orientation_l2,0.0
13700,Episode_Reward/foot_clearance,-3.342798663652502e-05
13700,Episode_Reward/lin_vel_z_l2,-0.08427077531814575
13700,Episode_Reward/track_ang_vel_z_exp,0.36642953753471375
13700,Episode_Reward/track_lin_vel_xy_lin,1.2431721687316895
13700,Episode_Reward/undesired_contacts,-9.389881597599015e-05
13700,Episode_Termination/time_out,1.0
13700,Loss/entropy,19.51656723022461
13700,Loss/learning_rate,0.00012703207903541625
13700,Loss/surrogate,-0.0061761923134326935
13700,Loss/value,0.045508041977882385
13700,Metrics/base_velocity/error_vel_xy,0.750508189201355
13700,Metrics/base_velocity/error_vel_yaw,0.2760954797267914
13700,Metrics/success_rate,0.18854168057441711
13700,Perf/collection_time,6.484431266784668
13700,Perf/learning_time,0.21861672401428223
13700,Perf/total_fps,14665.0
13700,Policy/mean_std,0.6003545522689819
13700,Train/mean_episode_length,1000.0
13700,Train/mean_reward,1.578250765800476
13800,Curriculum/terrain_levels,3.5149333477020264
13800,Episode_Reward/action_rate_l2,-0.24337852001190186
13800,Episode_Reward/ang_vel_xy_l2,-0.07903528213500977
13800,Episode_Reward/belly_contact_force,-0.001365136238746345
13800,Episode_Reward/dof_acc_l2,-0.33561134338378906
13800,Episode_Reward/dof_pos_limits,0.0
13800,Episode_Reward/dof_torques_l2,-0.7344247698783875
13800,Episode_Reward/feet_slide,-0.07285207509994507
13800,Episode_Reward/flat_orientation_l2,0.0
13800,Episode_Reward/foot_clearance,-3.228597779525444e-05
13800,Episode_Reward/lin_vel_z_l2,-0.09976546466350555
13800,Episode_Reward/track_ang_vel_z_exp,0.3559502065181732
13800,Episode_Reward/track_lin_vel_xy_lin,1.1158242225646973
13800,Episode_Reward/undesired_contacts,-0.0010947916889563203
13800,Episode_Termination/time_out,1.0
13800,Loss/entropy,19.437055587768555
13800,Loss/learning_rate,0.00012576801236718893
13800,Loss/surrogate,-0.005714678205549717
13800,Loss/value,0.053616978228092194
13800,Metrics/base_velocity/error_vel_xy,0.8107619285583496
13800,Metrics/base_velocity/error_vel_yaw,0.2976338267326355
13800,Metrics/success_rate,0.1399305760860443
13800,Perf/collection_time,6.398524761199951
13800,Perf/learning_time,0.22153496742248535
13800,Perf/total_fps,14849.0
13800,Policy/mean_std,0.598270833492279
13800,Train/mean_episode_length,1000.0
13800,Train/mean_reward,-0.498208224773407
13898,Train/mean_episode_length/time,1000.0
13898,Train/mean_reward/time,-6.087891578674316
13900,Curriculum/terrain_levels,3.8295390605926514
13900,Episode_Reward/action_rate_l2,-0.24111518263816833
13900,Episode_Reward/ang_vel_xy_l2,-0.07779102027416229
13900,Episode_Reward/belly_contact_force,-0.0006654572207480669
13900,Episode_Reward/dof_acc_l2,-0.325950026512146
13900,Episode_Reward/dof_pos_limits,0.0
13900,Episode_Reward/dof_torques_l2,-0.7196954488754272
13900,Episode_Reward/feet_slide,-0.07231178879737854
13900,Episode_Reward/flat_orientation_l2,0.0
13900,Episode_Reward/foot_clearance,-3.3076539693865925e-05
13900,Episode_Reward/lin_vel_z_l2,-0.09206640720367432
13900,Episode_Reward/track_ang_vel_z_exp,0.35721224546432495
13900,Episode_Reward/track_lin_vel_xy_lin,1.1964209079742432
13900,Episode_Reward/undesired_contacts,-0.011708329431712627
13900,Episode_Termination/time_out,1.0
13900,Loss/entropy,19.526845932006836
13900,Loss/learning_rate,0.00012451654765754938
13900,Loss/surrogate,-0.006839660461992025
13900,Loss/value,0.04359353333711624
13900,Metrics/base_velocity/error_vel_xy,0.7866954803466797
13900,Metrics/base_velocity/error_vel_yaw,0.2961147427558899
13900,Metrics/success_rate,0.20532408356666565
13900,Perf/collection_time,6.607732772827148
13900,Perf/learning_time,0.2256917953491211
13900,Perf/total_fps,14385.0
13900,Policy/mean_std,0.5986050367355347
13900,Train/mean_episode_length,1000.0
13900,Train/mean_reward,-0.4742400646209717
14000,Curriculum/terrain_levels,3.9611918926239014
14000,Episode_Reward/action_rate_l2,-0.23888227343559265
14000,Episode_Reward/ang_vel_xy_l2,-0.07368200272321701
14000,Episode_Reward/belly_contact_force,-7.922307850094512e-05
14000,Episode_Reward/dof_acc_l2,-0.31375548243522644
14000,Episode_Reward/dof_pos_limits,0.0
14000,Episode_Reward/dof_torques_l2,-0.7168025970458984
14000,Episode_Reward/feet_slide,-0.0694747194647789
14000,Episode_Reward/flat_orientation_l2,0.0
14000,Episode_Reward/foot_clearance,-3.306448343209922e-05
14000,Episode_Reward/lin_vel_z_l2,-0.08520734310150146
14000,Episode_Reward/track_ang_vel_z_exp,0.3526352345943451
14000,Episode_Reward/track_lin_vel_xy_lin,1.1642407178878784
14000,Episode_Reward/undesired_contacts,-0.0004506448458414525
14000,Episode_Termination/time_out,1.0
14000,Loss/entropy,19.433395385742188
14000,Loss/learning_rate,0.00012327752483543009
14000,Loss/surrogate,-0.0062141139060258865
14000,Loss/value,0.051392219960689545
14000,Metrics/base_velocity/error_vel_xy,0.7403361201286316
14000,Metrics/base_velocity/error_vel_yaw,0.29987776279449463
14000,Metrics/success_rate,0.1830357164144516
14000,Perf/collection_time,6.565319061279297
14000,Perf/learning_time,0.2166593074798584
14000,Perf/total_fps,14494.0
14000,Policy/mean_std,0.5965340733528137
14000,Train/mean_episode_length,1000.0
14000,Train/mean_reward,0.5455021858215332
14100,Curriculum/terrain_levels,3.7232565879821777
14100,Episode_Reward/action_rate_l2,-0.23813825845718384
14100,Episode_Reward/ang_vel_xy_l2,-0.06623183935880661
14100,Episode_Reward/belly_contact_force,-6.970580579945818e-05
14100,Episode_Reward/dof_acc_l2,-0.28228479623794556
14100,Episode_Reward/dof_pos_limits,0.0
14100,Episode_Reward/dof_torques_l2,-0.7088839411735535
14100,Episode_Reward/feet_slide,-0.06384723633527756
14100,Episode_Reward/flat_orientation_l2,0.0
14100,Episode_Reward/foot_clearance,-3.3570308005437255e-05
14100,Episode_Reward/lin_vel_z_l2,-0.08029048889875412
14100,Episode_Reward/track_ang_vel_z_exp,0.3665781021118164
14100,Episode_Reward/track_lin_vel_xy_lin,1.126879096031189
14100,Episode_Reward/undesired_contacts,-0.005868051201105118
14100,Episode_Termination/time_out,1.0
14100,Loss/entropy,19.451786041259766
14100,Loss/learning_rate,0.00012205082748550922
14100,Loss/surrogate,-0.00638927798718214
14100,Loss/value,0.04573109745979309
14100,Metrics/base_velocity/error_vel_xy,0.8240821361541748
14100,Metrics/base_velocity/error_vel_yaw,0.27978721261024475
14100,Metrics/success_rate,0.17718255519866943
14100,Perf/collection_time,6.77586555480957
14100,Perf/learning_time,0.2432403564453125
14100,Perf/total_fps,14005.0
14100,Policy/mean_std,0.5973891615867615
14100,Train/mean_episode_length,1000.0
14100,Train/mean_reward,1.6129505634307861
14200,Curriculum/terrain_levels,3.3712058067321777
14200,Episode_Reward/action_rate_l2,-0.23988044261932373
14200,Episode_Reward/ang_vel_xy_l2,-0.08003951609134674
14200,Episode_Reward/belly_contact_force,-4.9535356083652005e-05
14200,Episode_Reward/dof_acc_l2,-0.31841224431991577
14200,Episode_Reward/dof_pos_limits,0.0
14200,Episode_Reward/dof_torques_l2,-0.7230310440063477
14200,Episode_Reward/feet_slide,-0.0720275416970253
14200,Episode_Reward/flat_orientation_l2,0.0
14200,Episode_Reward/foot_clearance,-3.233072129660286e-05
14200,Episode_Reward/lin_vel_z_l2,-0.09119445085525513
14200,Episode_Reward/track_ang_vel_z_exp,0.35807546973228455
14200,Episode_Reward/track_lin_vel_xy_lin,1.156156301498413
14200,Episode_Reward/undesired_contacts,-0.0021218738984316587
14200,Episode_Termination/time_out,1.0
14200,Loss/entropy,19.328737258911133
14200,Loss/learning_rate,0.00012083633919246495
14200,Loss/surrogate,-0.00633963942527771
14200,Loss/value,0.04830379784107208
14200,Metrics/base_velocity/error_vel_xy,0.7737349271774292
14200,Metrics/base_velocity/error_vel_yaw,0.29496586322784424
14200,Metrics/success_rate,0.11825396865606308
14200,Perf/collection_time,6.479897499084473
14200,Perf/learning_time,0.22943925857543945
14200,Perf/total_fps,14651.0
14200,Policy/mean_std,0.5948348045349121
14200,Train/mean_episode_length,1000.0
14200,Train/mean_reward,0.1998639851808548
14300,Curriculum/terrain_levels,3.7813823223114014
14300,Episode_Reward/action_rate_l2,-0.23976752161979675
14300,Episode_Reward/ang_vel_xy_l2,-0.08251458406448364
14300,Episode_Reward/belly_contact_force,-6.992452836129814e-05
14300,Episode_Reward/dof_acc_l2,-0.3302183747291565
14300,Episode_Reward/dof_pos_limits,0.0
14300,Episode_Reward/dof_torques_l2,-0.7298283576965332
14300,Episode_Reward/feet_slide,-0.07473248243331909
14300,Episode_Reward/flat_orientation_l2,0.0
14300,Episode_Reward/foot_clearance,-3.352759449626319e-05
14300,Episode_Reward/lin_vel_z_l2,-0.09573543071746826
14300,Episode_Reward/track_ang_vel_z_exp,0.3711089491844177
14300,Episode_Reward/track_lin_vel_xy_lin,1.231284260749817
14300,Episode_Reward/undesired_contacts,-0.0001916667097248137
14300,Episode_Termination/time_out,1.0
14300,Loss/entropy,19.309772491455078
14300,Loss/learning_rate,0.00011963394354097545
14300,Loss/surrogate,-0.005913987290114164
14300,Loss/value,0.04328508675098419
14300,Metrics/base_velocity/error_vel_xy,0.7443704605102539
14300,Metrics/base_velocity/error_vel_yaw,0.2696145474910736
14300,Metrics/success_rate,0.10868056118488312
14300,Perf/collection_time,6.476222038269043
14300,Perf/learning_time,0.22538161277770996
14300,Perf/total_fps,14668.0
14300,Policy/mean_std,0.5935497283935547
14300,Train/mean_episode_length,1000.0
14300,Train/mean_reward,0.6378448009490967
14400,Curriculum/terrain_levels,3.6425578594207764
14400,Episode_Reward/action_rate_l2,-0.23766636848449707
14400,Episode_Reward/ang_vel_xy_l2,-0.07731517404317856
14400,Episode_Reward/belly_contact_force,-0.0015240248758345842
14400,Episode_Reward/dof_acc_l2,-0.30156946182250977
14400,Episode_Reward/dof_pos_limits,0.0
14400,Episode_Reward/dof_torques_l2,-0.7069061994552612
14400,Episode_Reward/feet_slide,-0.07106076925992966
14400,Episode_Reward/flat_orientation_l2,0.0
14400,Episode_Reward/foot_clearance,-3.486369678284973e-05
14400,Episode_Reward/lin_vel_z_l2,-0.07927162945270538
14400,Episode_Reward/track_ang_vel_z_exp,0.3809453845024109
14400,Episode_Reward/track_lin_vel_xy_lin,1.2286372184753418
14400,Episode_Reward/undesired_contacts,-0.002538887085393071
14400,Episode_Termination/time_out,1.0
14400,Loss/entropy,19.302736282348633
14400,Loss/learning_rate,0.00011844350228784606
14400,Loss/surrogate,-0.006063689477741718
14400,Loss/value,0.04332898184657097
14400,Metrics/base_velocity/error_vel_xy,0.7507001757621765
14400,Metrics/base_velocity/error_vel_yaw,0.2523724436759949
14400,Metrics/success_rate,0.1789351999759674
14400,Perf/collection_time,6.518759727478027
14400,Perf/learning_time,0.22069072723388672
14400,Perf/total_fps,14586.0
14400,Policy/mean_std,0.5934558510780334
14400,Train/mean_episode_length,1000.0
14400,Train/mean_reward,1.866071343421936
14500,Curriculum/terrain_levels,3.3281657695770264
14500,Episode_Reward/action_rate_l2,-0.2381620705127716
14500,Episode_Reward/ang_vel_xy_l2,-0.07183101773262024
14500,Episode_Reward/belly_contact_force,-0.0007776212296448648
14500,Episode_Reward/dof_acc_l2,-0.3105686604976654
14500,Episode_Reward/dof_pos_limits,0.0
14500,Episode_Reward/dof_torques_l2,-0.7150009870529175
14500,Episode_Reward/feet_slide,-0.06560036540031433
14500,Episode_Reward/flat_orientation_l2,0.0
14500,Episode_Reward/foot_clearance,-3.3541124139446765e-05
14500,Episode_Reward/lin_vel_z_l2,-0.09342557191848755
14500,Episode_Reward/track_ang_vel_z_exp,0.3632526397705078
14500,Episode_Reward/track_lin_vel_xy_lin,1.1573808193206787
14500,Episode_Reward/undesired_contacts,-0.004450593609362841
14500,Episode_Termination/time_out,1.0
14500,Loss/entropy,19.216825485229492
14500,Loss/learning_rate,0.00011726491356967017
14500,Loss/surrogate,-0.006353635340929031
14500,Loss/value,0.045811522752046585
14500,Metrics/base_velocity/error_vel_xy,0.7691421508789062
14500,Metrics/base_velocity/error_vel_yaw,0.2844235301017761
14500,Metrics/success_rate,0.15987104177474976
14500,Perf/collection_time,6.464394569396973
14500,Perf/learning_time,0.2259523868560791
14500,Perf/total_fps,14693.0
14500,Policy/mean_std,0.5911647081375122
14500,Train/mean_episode_length,1000.0
14500,Train/mean_reward,0.5579174757003784
14592,Train/mean_episode_length/time,1000.0
14592,Train/mean_reward/time,-5.948592662811279
14600,Curriculum/terrain_levels,3.3912353515625
14600,Episode_Reward/action_rate_l2,-0.23561856150627136
14600,Episode_Reward/ang_vel_xy_l2,-0.07266915589570999
14600,Episode_Reward/belly_contact_force,-0.0004727121558971703
14600,Episode_Reward/dof_acc_l2,-0.2973232865333557
14600,Episode_Reward/dof_pos_limits,0.0
14600,Episode_Reward/dof_torques_l2,-0.7109326720237732
14600,Episode_Reward/feet_slide,-0.0654253363609314
14600,Episode_Reward/flat_orientation_l2,0.0
14600,Episode_Reward/foot_clearance,-3.1516778108198196e-05
14600,Episode_Reward/lin_vel_z_l2,-0.08216726779937744
14600,Episode_Reward/track_ang_vel_z_exp,0.35664495825767517
14600,Episode_Reward/track_lin_vel_xy_lin,1.1244144439697266
14600,Episode_Reward/undesired_contacts,-0.014050068333745003
14600,Episode_Termination/time_out,1.0
14600,Loss/entropy,19.216447830200195
14600,Loss/learning_rate,0.00011609804641921073
14600,Loss/surrogate,-0.00626927288249135
14600,Loss/value,0.04035012423992157
14600,Metrics/base_velocity/error_vel_xy,0.8237501382827759
14600,Metrics/base_velocity/error_vel_yaw,0.2939394414424896
14600,Metrics/success_rate,0.20173612236976624
14600,Perf/collection_time,6.488340377807617
14600,Perf/learning_time,0.21538114547729492
14600,Perf/total_fps,14664.0
14600,Policy/mean_std,0.591507077217102
14600,Train/mean_episode_length,1000.0
14600,Train/mean_reward,1.1868451833724976
14700,Curriculum/terrain_levels,3.4426169395446777
14700,Episode_Reward/action_rate_l2,-0.2367362231016159
14700,Episode_Reward/ang_vel_xy_l2,-0.0705624520778656
14700,Episode_Reward/belly_contact_force,-0.0005879760137759149
14700,Episode_Reward/dof_acc_l2,-0.30205148458480835
14700,Episode_Reward/dof_pos_limits,0.0
14700,Episode_Reward/dof_torques_l2,-0.7121977806091309
14700,Episode_Reward/feet_slide,-0.06658913195133209
14700,Episode_Reward/flat_orientation_l2,0.0
14700,Episode_Reward/foot_clearance,-3.523068153299391e-05
14700,Episode_Reward/lin_vel_z_l2,-0.08442538231611252
14700,Episode_Reward/track_ang_vel_z_exp,0.36529120802879333
14700,Episode_Reward/track_lin_vel_xy_lin,1.1851484775543213
14700,Episode_Reward/undesired_contacts,-0.004114977549761534
14700,Episode_Termination/time_out,1.0
14700,Loss/entropy,19.281166076660156
14700,Loss/learning_rate,0.00011494279897306114
14700,Loss/surrogate,-0.005674322135746479
14700,Loss/value,0.04132956638932228
14700,Metrics/base_velocity/error_vel_xy,0.7441036105155945
14700,Metrics/base_velocity/error_vel_yaw,0.28159844875335693
14700,Metrics/success_rate,0.16641865670681
14700,Perf/collection_time,7.181344032287598
14700,Perf/learning_time,0.24544620513916016
14700,Perf/total_fps,13236.0
14700,Policy/mean_std,0.5926276445388794
14700,Train/mean_episode_length,1000.0
14700,Train/mean_reward,0.5989328622817993
14800,Curriculum/terrain_levels,3.581756591796875
14800,Episode_Reward/action_rate_l2,-0.2368680089712143
14800,Episode_Reward/ang_vel_xy_l2,-0.07445759326219559
14800,Episode_Reward/belly_contact_force,-7.504684162995545e-06
14800,Episode_Reward/dof_acc_l2,-0.3207579255104065
14800,Episode_Reward/dof_pos_limits,0.0
14800,Episode_Reward/dof_torques_l2,-0.721024751663208
14800,Episode_Reward/feet_slide,-0.07414095103740692
14800,Episode_Reward/flat_orientation_l2,0.0
14800,Episode_Reward/foot_clearance,-3.581427881726995e-05
14800,Episode_Reward/lin_vel_z_l2,-0.08576406538486481
14800,Episode_Reward/track_ang_vel_z_exp,0.36668944358825684
14800,Episode_Reward/track_lin_vel_xy_lin,1.2122849225997925
14800,Episode_Reward/undesired_contacts,-0.0002819444634951651
14800,Episode_Termination/time_out,1.0
14800,Loss/entropy,19.17087745666504
14800,Loss/learning_rate,0.00011379904026398435
14800,Loss/surrogate,-0.005814200267195702
14800,Loss/value,0.044208087027072906
14800,Metrics/base_velocity/error_vel_xy,0.7447328567504883
14800,Metrics/base_velocity/error_vel_yaw,0.277052640914917
14800,Metrics/success_rate,0.20173613727092743
14800,Perf/collection_time,6.6531782150268555
14800,Perf/learning_time,0.2223045825958252
14800,Perf/total_fps,14297.0
14800,Policy/mean_std,0.5907020568847656
14800,Train/mean_episode_length,1000.0
14800,Train/mean_reward,0.8515464067459106
14900,Curriculum/terrain_levels,3.509185791015625
14900,Episode_Reward/action_rate_l2,-0.23735451698303223
14900,Episode_Reward/ang_vel_xy_l2,-0.07404527813196182
14900,Episode_Reward/belly_contact_force,-0.0035193879157304764
14900,Episode_Reward/dof_acc_l2,-0.31778788566589355
14900,Episode_Reward/dof_pos_limits,0.0
14900,Episode_Reward/dof_torques_l2,-0.7241986989974976
14900,Episode_Reward/feet_slide,-0.06921004503965378
14900,Episode_Reward/flat_orientation_l2,0.0
14900,Episode_Reward/foot_clearance,-3.18979837174993e-05
14900,Episode_Reward/lin_vel_z_l2,-0.09528732299804688
14900,Episode_Reward/track_ang_vel_z_exp,0.36025065183639526
14900,Episode_Reward/track_lin_vel_xy_lin,1.191882610321045
14900,Episode_Reward/undesired_contacts,-0.0038143496494740248
14900,Episode_Termination/time_out,1.0
14900,Loss/entropy,19.25637435913086
14900,Loss/learning_rate,0.00011266666115261614
14900,Loss/surrogate,-0.005781869869679213
14900,Loss/value,0.04353544861078262
14900,Metrics/base_velocity/error_vel_xy,0.7602198123931885
14900,Metrics/base_velocity/error_vel_yaw,0.2902156710624695
14900,Metrics/success_rate,0.14791667461395264
14900,Perf/collection_time,6.8683624267578125
14900,Perf/learning_time,0.24834704399108887
14900,Perf/total_fps,13813.0
14900,Policy/mean_std,0.5921990275382996
14900,Train/mean_episode_length,1000.0
14900,Train/mean_reward,-0.5147254467010498
14999,Curriculum/terrain_levels,4.0498046875
14999,Episode_Reward/action_rate_l2,-0.23559735715389252
14999,Episode_Reward/ang_vel_xy_l2,-0.07106035947799683
14999,Episode_Reward/belly_contact_force,-2.4719370230741333e-06
14999,Episode_Reward/dof_acc_l2,-0.31148362159729004
14999,Episode_Reward/dof_pos_limits,0.0
14999,Episode_Reward/dof_torques_l2,-0.712658166885376
14999,Episode_Reward/feet_slide,-0.06793984770774841
14999,Episode_Reward/flat_orientation_l2,0.0
14999,Episode_Reward/foot_clearance,-3.215778269805014e-05
14999,Episode_Reward/lin_vel_z_l2,-0.0840025544166565
14999,Episode_Reward/track_ang_vel_z_exp,0.35398435592651367
14999,Episode_Reward/track_lin_vel_xy_lin,1.1344763040542603
14999,Episode_Reward/undesired_contacts,-0.018950460478663445
14999,Episode_Termination/time_out,1.0
14999,Loss/entropy,19.11944580078125
14999,Loss/learning_rate,0.00011155671381857246
14999,Loss/surrogate,-0.00632847286760807
14999,Loss/value,0.04730141535401344
14999,Metrics/base_velocity/error_vel_xy,0.7884937524795532
14999,Metrics/base_velocity/error_vel_yaw,0.29672038555145264
14999,Metrics/success_rate,0.13511905074119568
14999,Perf/collection_time,6.552130222320557
14999,Perf/learning_time,0.2295818328857422
14999,Perf/total_fps,14495.0
14999,Policy/mean_std,0.5899153351783752
14999,Train/mean_episode_length,1000.0
14999,Train/mean_reward,0.5331976413726807
15284,Train/mean_episode_length/time,1000.0
15284,Train/mean_reward/time,-4.276125907897949
15971,Train/mean_episode_length/time,1000.0
15971,Train/mean_reward/time,-6.803077697753906
16661,Train/mean_episode_length/time,1000.0
16661,Train/mean_reward/time,-7.114802837371826
17347,Train/mean_episode_length/time,1000.0
17347,Train/mean_reward/time,-4.920468330383301
18036,Train/mean_episode_length/time,1000.0
18036,Train/mean_reward/time,-5.150904655456543
18725,Train/mean_episode_length/time,1000.0
18725,Train/mean_reward/time,-5.8173418045043945
19416,Train/mean_episode_length/time,1000.0
19416,Train/mean_reward/time,-6.549323558807373
20110,Train/mean_episode_length/time,1000.0
20110,Train/mean_reward/time,-6.1207451820373535
20803,Train/mean_episode_length/time,1000.0
20803,Train/mean_reward/time,-5.871801853179932
21493,Train/mean_episode_length/time,1000.0
21493,Train/mean_reward/time,-5.21054220199585
22176,Train/mean_episode_length/time,1000.0
22176,Train/mean_reward/time,-5.265243053436279
22867,Train/mean_episode_length/time,1000.0
22867,Train/mean_reward/time,-4.598525047302246
23559,Train/mean_episode_length/time,1000.0
23559,Train/mean_reward/time,-4.820305347442627
24247,Train/mean_episode_length/time,1000.0
24247,Train/mean_reward/time,-5.552420616149902
24933,Train/mean_episode_length/time,1000.0
24933,Train/mean_reward/time,-5.540829658508301
25622,Train/mean_episode_length/time,1000.0
25622,Train/mean_reward/time,-5.202678203582764
26308,Train/mean_episode_length/time,1000.0
26308,Train/mean_reward/time,-5.720073699951172
27001,Train/mean_episode_length/time,1000.0
27001,Train/mean_reward/time,-5.7731733322143555
27693,Train/mean_episode_length/time,1000.0
27693,Train/mean_reward/time,-6.027717113494873
28390,Train/mean_episode_length/time,1000.0
28390,Train/mean_reward/time,-7.544478416442871
29082,Train/mean_episode_length/time,1000.0
29082,Train/mean_reward/time,-6.321029186248779
29776,Train/mean_episode_length/time,1000.0
29776,Train/mean_reward/time,-3.5324108600616455
57104,Train/mean_episode_length/time,1000.0
57104,Train/mean_reward/time,-6.018189430236816
57843,Train/mean_episode_length/time,1000.0
57843,Train/mean_reward/time,-6.361027240753174
58584,Train/mean_episode_length/time,1000.0
58584,Train/mean_reward/time,-5.384871006011963
59509,Train/mean_episode_length/time,1000.0
59509,Train/mean_reward/time,-5.029820919036865
60460,Train/mean_episode_length/time,1000.0
60460,Train/mean_reward/time,-4.976749897003174
61233,Train/mean_episode_length/time,1000.0
61233,Train/mean_reward/time,-4.930776596069336
61953,Train/mean_episode_length/time,1000.0
61953,Train/mean_reward/time,-5.948542594909668
62677,Train/mean_episode_length/time,1000.0
62677,Train/mean_reward/time,-5.738036632537842
63382,Train/mean_episode_length/time,1000.0
63382,Train/mean_reward/time,-3.2046260833740234
64081,Train/mean_episode_length/time,1000.0
64081,Train/mean_reward/time,-5.3565545082092285
64781,Train/mean_episode_length/time,1000.0
64781,Train/mean_reward/time,-4.718973636627197
65476,Train/mean_episode_length/time,1000.0
65476,Train/mean_reward/time,-4.125213623046875
66175,Train/mean_episode_length/time,1000.0
66175,Train/mean_reward/time,-4.156513690948486
66872,Train/mean_episode_length/time,1000.0
66872,Train/mean_reward/time,-2.709510564804077
67572,Train/mean_episode_length/time,1000.0
67572,Train/mean_reward/time,-5.2006754875183105
68270,Train/mean_episode_length/time,1000.0
68270,Train/mean_reward/time,-3.723684310913086
68966,Train/mean_episode_length/time,1000.0
68966,Train/mean_reward/time,-4.251209259033203
69662,Train/mean_episode_length/time,1000.0
69662,Train/mean_reward/time,-5.0535054206848145
70360,Train/mean_episode_length/time,1000.0
70360,Train/mean_reward/time,-4.848910808563232
71055,Train/mean_episode_length/time,1000.0
71055,Train/mean_reward/time,-3.1875338554382324
71763,Train/mean_episode_length/time,1000.0
71763,Train/mean_reward/time,-4.62066650390625
72485,Train/mean_episode_length/time,1000.0
72485,Train/mean_reward/time,-5.624365329742432
73220,Train/mean_episode_length/time,1000.0
73220,Train/mean_reward/time,-3.3247323036193848
73955,Train/mean_episode_length/time,1000.0
73955,Train/mean_reward/time,-3.767854928970337
74675,Train/mean_episode_length/time,1000.0
74675,Train/mean_reward/time,-4.0094733238220215
75398,Train/mean_episode_length/time,1000.0
75398,Train/mean_reward/time,-6.036174774169922
76122,Train/mean_episode_length/time,1000.0
76122,Train/mean_reward/time,-5.446557998657227
76851,Train/mean_episode_length/time,1000.0
76851,Train/mean_reward/time,-3.3136820793151855
77586,Train/mean_episode_length/time,1000.0
77586,Train/mean_reward/time,-5.813383102416992
78324,Train/mean_episode_length/time,1000.0
78324,Train/mean_reward/time,-3.0747320652008057
79073,Train/mean_episode_length/time,1000.0
79073,Train/mean_reward/time,-3.162576913833618
79818,Train/mean_episode_length/time,1000.0
79818,Train/mean_reward/time,-2.803908109664917
80595,Train/mean_episode_length/time,1000.0
80595,Train/mean_reward/time,-2.624892473220825
81338,Train/mean_episode_length/time,1000.0
81338,Train/mean_reward/time,-2.6601643562316895
82085,Train/mean_episode_length/time,1000.0
82085,Train/mean_reward/time,-4.100250244140625
82828,Train/mean_episode_length/time,1000.0
82828,Train/mean_reward/time,-4.724913597106934
83582,Train/mean_episode_length/time,1000.0
83582,Train/mean_reward/time,-2.3352744579315186
84324,Train/mean_episode_length/time,1000.0
84324,Train/mean_reward/time,-1.5754748582839966
85048,Train/mean_episode_length/time,1000.0
85048,Train/mean_reward/time,-2.8599236011505127
85775,Train/mean_episode_length/time,1000.0
85775,Train/mean_reward/time,-4.001380920410156
86512,Train/mean_episode_length/time,1000.0
86512,Train/mean_reward/time,-5.024510383605957
87265,Train/mean_episode_length/time,1000.0
87265,Train/mean_reward/time,-1.3803237676620483
87984,Train/mean_episode_length/time,1000.0
87984,Train/mean_reward/time,-2.0822908878326416
88702,Train/mean_episode_length/time,1000.0
88702,Train/mean_reward/time,-1.9786611795425415
89405,Train/mean_episode_length/time,1000.0
89405,Train/mean_reward/time,-2.243346929550171
90097,Train/mean_episode_length/time,1000.0
90097,Train/mean_reward/time,-1.867524266242981
90790,Train/mean_episode_length/time,1000.0
90790,Train/mean_reward/time,-2.6359589099884033
91479,Train/mean_episode_length/time,1000.0
91479,Train/mean_reward/time,-1.0922445058822632
92171,Train/mean_episode_length/time,1000.0
92171,Train/mean_reward/time,-1.3467650413513184
92864,Train/mean_episode_length/time,1000.0
92864,Train/mean_reward/time,-1.1819084882736206
93555,Train/mean_episode_length/time,1000.0
93555,Train/mean_reward/time,-1.041651964187622
94248,Train/mean_episode_length/time,1000.0
94248,Train/mean_reward/time,-1.8009991645812988
94945,Train/mean_episode_length/time,1000.0
94945,Train/mean_reward/time,-2.180210828781128
95634,Train/mean_episode_length/time,1000.0
95634,Train/mean_reward/time,-0.4411887228488922
96329,Train/mean_episode_length/time,1000.0
96329,Train/mean_reward/time,-0.6336566805839539
97025,Train/mean_episode_length/time,1000.0
97025,Train/mean_reward/time,-0.7910939455032349
97715,Train/mean_episode_length/time,1000.0
97715,Train/mean_reward/time,-1.5815554857254028
98407,Train/mean_episode_length/time,1000.0
98407,Train/mean_reward/time,0.25395557284355164
99100,Train/mean_episode_length/time,1000.0
99100,Train/mean_reward/time,-1.9259033203125
99796,Train/mean_episode_length/time,1000.0
99796,Train/mean_reward/time,-1.5576010942459106
100488,Train/mean_episode_length/time,1000.0
100488,Train/mean_reward/time,-1.0563584566116333
101179,Train/mean_episode_length/time,1000.0
101179,Train/mean_reward/time,-0.25629082322120667
101867,Train/mean_episode_length/time,1000.0
101867,Train/mean_reward/time,-2.1511967182159424
102555,Train/mean_episode_length/time,1000.0
102555,Train/mean_reward/time,-0.4307307302951813
103242,Train/mean_episode_length/time,1000.0
103242,Train/mean_reward/time,-0.2479669153690338
103931,Train/mean_episode_length/time,1000.0
103931,Train/mean_reward/time,-0.15309511125087738
104616,Train/mean_episode_length/time,1000.0
104616,Train/mean_reward/time,1.025929570198059
105300,Train/mean_episode_length/time,1000.0
105300,Train/mean_reward/time,-0.16221541166305542
105987,Train/mean_episode_length/time,1000.0
105987,Train/mean_reward/time,-0.3777272403240204
106674,Train/mean_episode_length/time,1000.0
106674,Train/mean_reward/time,-0.6941677927970886
107364,Train/mean_episode_length/time,1000.0
107364,Train/mean_reward/time,0.312599241733551
108051,Train/mean_episode_length/time,1000.0
108051,Train/mean_reward/time,0.04077586159110069
108738,Train/mean_episode_length/time,1000.0
108738,Train/mean_reward/time,-1.3695029020309448
109425,Train/mean_episode_length/time,1000.0
109425,Train/mean_reward/time,0.07867155224084854
110113,Train/mean_episode_length/time,1000.0
110113,Train/mean_reward/time,0.3942553400993347
110807,Train/mean_episode_length/time,1000.0
110807,Train/mean_reward/time,-0.6368991732597351
111497,Train/mean_episode_length/time,1000.0
111497,Train/mean_reward/time,0.041583314538002014
112190,Train/mean_episode_length/time,1000.0
112190,Train/mean_reward/time,0.011601326055824757
112879,Train/mean_episode_length/time,1000.0
112879,Train/mean_reward/time,-0.5525014400482178
113574,Train/mean_episode_length/time,1000.0
113574,Train/mean_reward/time,-1.1242231130599976
114268,Train/mean_episode_length/time,1000.0
114268,Train/mean_reward/time,0.20197559893131256
114958,Train/mean_episode_length/time,1000.0
114958,Train/mean_reward/time,-0.2686110734939575
142694,Train/mean_episode_length/time,1000.0
142694,Train/mean_reward/time,-0.46793806552886963
143432,Train/mean_episode_length/time,1000.0
143432,Train/mean_reward/time,-1.1184539794921875
144157,Train/mean_episode_length/time,1000.0
144157,Train/mean_reward/time,0.34488189220428467
144893,Train/mean_episode_length/time,1000.0
144893,Train/mean_reward/time,-2.072010040283203
145605,Train/mean_episode_length/time,1000.0
145605,Train/mean_reward/time,-1.1466177701950073
146317,Train/mean_episode_length/time,1000.0
146317,Train/mean_reward/time,0.4292627274990082
147162,Train/mean_episode_length/time,1000.0
147162,Train/mean_reward/time,0.009780392050743103
148136,Train/mean_episode_length/time,1000.0
148136,Train/mean_reward/time,3.0831942558288574
148967,Train/mean_episode_length/time,1000.0
148967,Train/mean_reward/time,-0.06797999143600464
149651,Train/mean_episode_length/time,1000.0
149651,Train/mean_reward/time,1.151307225227356
150343,Train/mean_episode_length/time,1000.0
150343,Train/mean_reward/time,0.9079189896583557
151037,Train/mean_episode_length/time,1000.0
151037,Train/mean_reward/time,1.578250765800476
151715,Train/mean_episode_length/time,1000.0
151715,Train/mean_reward/time,-0.498208224773407
152396,Train/mean_episode_length/time,1000.0
152396,Train/mean_reward/time,-0.4742400646209717
153078,Train/mean_episode_length/time,1000.0
153078,Train/mean_reward/time,0.5455021858215332
153762,Train/mean_episode_length/time,1000.0
153762,Train/mean_reward/time,1.6129505634307861
154445,Train/mean_episode_length/time,1000.0
154445,Train/mean_reward/time,0.1998639851808548
155128,Train/mean_episode_length/time,1000.0
155128,Train/mean_reward/time,0.6378448009490967
155814,Train/mean_episode_length/time,1000.0
155814,Train/mean_reward/time,1.866071343421936
156498,Train/mean_episode_length/time,1000.0
156498,Train/mean_reward/time,0.5579174757003784
157181,Train/mean_episode_length/time,1000.0
157181,Train/mean_reward/time,1.1868451833724976
157872,Train/mean_episode_length/time,1000.0
157872,Train/mean_reward/time,0.5989328622817993
158578,Train/mean_episode_length/time,1000.0
158578,Train/mean_reward/time,0.8515464067459106
159288,Train/mean_episode_length/time,1000.0
159288,Train/mean_reward/time,-0.5147254467010498
160021,Train/mean_episode_length/time,1000.0
160021,Train/mean_reward/time,0.5331976413726807
