iteration,tag,value
0,Episode_Reward/action_rate_l2,-0.005269193556159735
0,Episode_Reward/belly_contact_force,0.0
0,Episode_Reward/dof_torques_l2,-0.029800664633512497
0,Episode_Reward/lin_vel_z_l2,-0.02194279432296753
0,Episode_Reward/track_ang_vel_z_exp,0.001960379770025611
0,Episode_Reward/track_lin_vel_xy_miki,0.003048546612262726
0,Episode_Reward/undesired_contacts,0.0
0,Episode_Termination/base_contact,0.0
0,Episode_Termination/head_contact,0.0
0,Episode_Termination/time_out,0.011149088852107525
0,Loss/entropy,31.199708938598633
0,Loss/learning_rate,0.0004444444493856281
0,Loss/surrogate,-0.005441983696073294
0,Loss/value,0.4241492748260498
0,Metrics/base_velocity/error_vel_xy,1.4565695524215698
0,Metrics/base_velocity/error_vel_yaw,0.7751702070236206
0,Metrics/success_rate,0.0416666679084301
0,Perf/collection_time,3.7220187187194824
0,Perf/learning_time,0.28900980949401855
0,Perf/total_fps,24508.0
0,Policy/mean_std,0.9983208775520325
0,Train/mean_episode_length,12.95604419708252
0,Train/mean_reward,-1.1024818420410156
4,Train/mean_episode_length/time,12.95604419708252
4,Train/mean_reward/time,-1.1024818420410156
40,Episode_Reward/action_rate_l2,-0.007985856384038925
40,Episode_Reward/belly_contact_force,0.0
40,Episode_Reward/dof_torques_l2,-0.05382812023162842
40,Episode_Reward/lin_vel_z_l2,-0.005778341554105282
40,Episode_Reward/track_ang_vel_z_exp,0.004851293750107288
40,Episode_Reward/track_lin_vel_xy_miki,0.007082657422870398
40,Episode_Reward/undesired_contacts,0.0
40,Episode_Termination/base_contact,0.0
40,Episode_Termination/head_contact,1.0
40,Episode_Termination/time_out,0.0
40,Loss/entropy,27.599767684936523
40,Loss/learning_rate,0.0008649755618534982
40,Loss/surrogate,-0.011696983128786087
40,Loss/value,0.008151983842253685
40,Metrics/base_velocity/error_vel_xy,1.155335783958435
40,Metrics/base_velocity/error_vel_yaw,0.6599318981170654
40,Metrics/success_rate,0.0017251030076295137
40,Perf/collection_time,1.856039047241211
40,Perf/learning_time,0.18424153327941895
40,Perf/total_fps,48181.0
40,Policy/mean_std,0.850631594657898
40,Train/mean_episode_length,24.75
40,Train/mean_reward,-1.111933708190918
79,Train/mean_episode_length/time,24.75
79,Train/mean_reward/time,-1.111933708190918
80,Episode_Reward/action_rate_l2,-0.002859315602108836
80,Episode_Reward/belly_contact_force,0.0
80,Episode_Reward/dof_torques_l2,-0.024307146668434143
80,Episode_Reward/lin_vel_z_l2,-0.0018545743077993393
80,Episode_Reward/track_ang_vel_z_exp,0.007132063619792461
80,Episode_Reward/track_lin_vel_xy_miki,0.007309188600629568
80,Episode_Reward/undesired_contacts,0.0
80,Episode_Termination/base_contact,0.0
80,Episode_Termination/head_contact,1.0
80,Episode_Termination/time_out,0.0
80,Loss/entropy,14.945137977600098
80,Loss/learning_rate,0.00038443360244855285
80,Loss/surrogate,-0.00978260301053524
80,Loss/value,0.0017933164490386844
80,Metrics/base_velocity/error_vel_xy,1.1706331968307495
80,Metrics/base_velocity/error_vel_yaw,0.34092509746551514
80,Metrics/success_rate,0.24241380393505096
80,Perf/collection_time,1.8039577007293701
80,Perf/learning_time,0.19011425971984863
80,Perf/total_fps,49298.0
80,Policy/mean_std,0.5162014961242676
80,Train/mean_episode_length,22.459999084472656
80,Train/mean_reward,-0.2779853940010071
120,Episode_Reward/action_rate_l2,-0.001559167169034481
120,Episode_Reward/belly_contact_force,0.0
120,Episode_Reward/dof_torques_l2,-0.012959125451743603
120,Episode_Reward/lin_vel_z_l2,-0.0009069218067452312
120,Episode_Reward/track_ang_vel_z_exp,0.008687745779752731
120,Episode_Reward/track_lin_vel_xy_miki,0.008274226449429989
120,Episode_Reward/undesired_contacts,0.0
120,Episode_Termination/base_contact,0.0
120,Episode_Termination/head_contact,1.0
120,Episode_Termination/time_out,0.0
120,Loss/entropy,5.139354705810547
120,Loss/learning_rate,0.00017085937724914402
120,Loss/surrogate,-0.006365984212607145
120,Loss/value,0.0011797412298619747
120,Metrics/base_velocity/error_vel_xy,1.1241507530212402
120,Metrics/base_velocity/error_vel_yaw,0.21696874499320984
120,Metrics/success_rate,0.3139512538909912
120,Perf/collection_time,2.0790250301361084
120,Perf/learning_time,0.1876697540283203
120,Perf/total_fps,43368.0
120,Policy/mean_std,0.3636437654495239
120,Train/mean_episode_length,21.709999084472656
120,Train/mean_reward,0.0013071924913674593
154,Train/mean_episode_length/time,22.459999084472656
154,Train/mean_reward/time,-0.2779853940010071
160,Episode_Reward/action_rate_l2,-0.0011121048592031002
160,Episode_Reward/belly_contact_force,0.0
160,Episode_Reward/dof_torques_l2,-0.01003437489271164
160,Episode_Reward/lin_vel_z_l2,-0.0005124587914906442
160,Episode_Reward/track_ang_vel_z_exp,0.009893083944916725
160,Episode_Reward/track_lin_vel_xy_miki,0.009363358840346336
160,Episode_Reward/undesired_contacts,0.0
160,Episode_Termination/base_contact,0.0
160,Episode_Termination/head_contact,1.0
160,Episode_Termination/time_out,0.0
160,Loss/entropy,-1.1873418092727661
160,Loss/learning_rate,0.0002562890585977584
160,Loss/surrogate,-0.0021122838370501995
160,Loss/value,0.0010084016248583794
160,Metrics/base_velocity/error_vel_xy,1.0863242149353027
160,Metrics/base_velocity/error_vel_yaw,0.1584482342004776
160,Metrics/success_rate,0.3331642150878906
160,Perf/collection_time,1.7036447525024414
160,Perf/learning_time,0.1728191375732422
160,Perf/total_fps,52387.0
160,Policy/mean_std,0.2890678346157074
160,Train/mean_episode_length,22.68000030517578
160,Train/mean_reward,0.1432090848684311
200,Episode_Reward/action_rate_l2,-0.0009059246513061225
200,Episode_Reward/belly_contact_force,0.0
200,Episode_Reward/dof_torques_l2,-0.010075116530060768
200,Episode_Reward/lin_vel_z_l2,-0.0006096885190345347
200,Episode_Reward/track_ang_vel_z_exp,0.01086658239364624
200,Episode_Reward/track_lin_vel_xy_miki,0.01185515895485878
200,Episode_Reward/undesired_contacts,0.0
200,Episode_Termination/base_contact,0.0
200,Episode_Termination/head_contact,1.0
200,Episode_Termination/time_out,0.0
200,Loss/entropy,-5.301530838012695
200,Loss/learning_rate,0.00017085937724914402
200,Loss/surrogate,-0.002440227661281824
200,Loss/value,0.0010357557330280542
200,Metrics/base_velocity/error_vel_xy,1.0281004905700684
200,Metrics/base_velocity/error_vel_yaw,0.13824120163917542
200,Metrics/success_rate,0.3834685683250427
200,Perf/collection_time,1.9903380870819092
200,Perf/learning_time,0.2442178726196289
200,Perf/total_fps,43992.0
200,Policy/mean_std,0.2458452582359314
200,Train/mean_episode_length,24.209999084472656
200,Train/mean_reward,0.22011084854602814
230,Train/mean_episode_length/time,21.709999084472656
230,Train/mean_reward/time,0.0013071924913674593
240,Episode_Reward/action_rate_l2,-0.0007521280786022544
240,Episode_Reward/belly_contact_force,0.0
240,Episode_Reward/dof_torques_l2,-0.009540244936943054
240,Episode_Reward/lin_vel_z_l2,-0.0006568783428519964
240,Episode_Reward/track_ang_vel_z_exp,0.011117465794086456
240,Episode_Reward/track_lin_vel_xy_miki,0.013750789687037468
240,Episode_Reward/undesired_contacts,0.0
240,Episode_Termination/base_contact,0.0
240,Episode_Termination/head_contact,1.0
240,Episode_Termination/time_out,0.0
240,Loss/entropy,-8.648353576660156
240,Loss/learning_rate,0.00017085937724914402
240,Loss/surrogate,-0.003811941482126713
240,Loss/value,0.0007183674024417996
240,Metrics/base_velocity/error_vel_xy,1.0128285884857178
240,Metrics/base_velocity/error_vel_yaw,0.1241433322429657
240,Metrics/success_rate,0.42105770111083984
240,Perf/collection_time,1.7044527530670166
240,Perf/learning_time,0.1730644702911377
240,Perf/total_fps,52358.0
240,Policy/mean_std,0.21497978270053864
240,Train/mean_episode_length,24.15999984741211
240,Train/mean_reward,0.29387786984443665
280,Episode_Reward/action_rate_l2,-0.0006358592072501779
280,Episode_Reward/belly_contact_force,0.0
280,Episode_Reward/dof_torques_l2,-0.008976366370916367
280,Episode_Reward/lin_vel_z_l2,-0.0005955141969025135
280,Episode_Reward/track_ang_vel_z_exp,0.01151980459690094
280,Episode_Reward/track_lin_vel_xy_miki,0.015091578476130962
280,Episode_Reward/undesired_contacts,0.0
280,Episode_Termination/base_contact,0.0
280,Episode_Termination/head_contact,1.0
280,Episode_Termination/time_out,0.0
280,Loss/entropy,-11.975460052490234
280,Loss/learning_rate,7.593750342493877e-05
280,Loss/surrogate,-0.002970403293147683
280,Loss/value,0.00047582571278326213
280,Metrics/base_velocity/error_vel_xy,0.9899126291275024
280,Metrics/base_velocity/error_vel_yaw,0.11090514063835144
280,Metrics/success_rate,0.44827184081077576
280,Perf/collection_time,1.7417640686035156
280,Perf/learning_time,0.18319487571716309
280,Perf/total_fps,51068.0
280,Policy/mean_std,0.1878374069929123
280,Train/mean_episode_length,24.950000762939453
280,Train/mean_reward,0.34679946303367615
307,Train/mean_episode_length/time,22.68000030517578
307,Train/mean_reward/time,0.1432090848684311
320,Episode_Reward/action_rate_l2,-0.000535883940756321
320,Episode_Reward/belly_contact_force,0.0
320,Episode_Reward/dof_torques_l2,-0.008901981636881828
320,Episode_Reward/lin_vel_z_l2,-0.0006440242286771536
320,Episode_Reward/track_ang_vel_z_exp,0.012044924311339855
320,Episode_Reward/track_lin_vel_xy_miki,0.01675427518785
320,Episode_Reward/undesired_contacts,0.0
320,Episode_Termination/base_contact,0.0
320,Episode_Termination/head_contact,1.0
320,Episode_Termination/time_out,0.0
320,Loss/entropy,-15.309981346130371
320,Loss/learning_rate,0.00011390625149942935
320,Loss/surrogate,-0.0008842443348839879
320,Loss/value,0.0003502187901176512
320,Metrics/base_velocity/error_vel_xy,0.9259376525878906
320,Metrics/base_velocity/error_vel_yaw,0.10215646028518677
320,Metrics/success_rate,0.46667513251304626
320,Perf/collection_time,1.91225266456604
320,Perf/learning_time,0.20389604568481445
320,Perf/total_fps,46454.0
320,Policy/mean_std,0.16270707547664642
320,Train/mean_episode_length,25.959999084472656
320,Train/mean_reward,0.4151385724544525
360,Episode_Reward/action_rate_l2,-0.0004788136575371027
360,Episode_Reward/belly_contact_force,0.0
360,Episode_Reward/dof_torques_l2,-0.008682521060109138
360,Episode_Reward/lin_vel_z_l2,-0.000913469004444778
360,Episode_Reward/track_ang_vel_z_exp,0.012405919842422009
360,Episode_Reward/track_lin_vel_xy_miki,0.01722787320613861
360,Episode_Reward/undesired_contacts,0.0
360,Episode_Termination/base_contact,0.0
360,Episode_Termination/head_contact,1.0
360,Episode_Termination/time_out,0.0
360,Loss/entropy,-17.4498348236084
360,Loss/learning_rate,7.593750342493877e-05
360,Loss/surrogate,-0.001137390499934554
360,Loss/value,0.0004315932164900005
360,Metrics/base_velocity/error_vel_xy,0.9296997785568237
360,Metrics/base_velocity/error_vel_yaw,0.0901210755109787
360,Metrics/success_rate,0.46099549531936646
360,Perf/collection_time,1.9917418956756592
360,Perf/learning_time,0.2500925064086914
360,Perf/total_fps,43849.0
360,Policy/mean_std,0.1473611295223236
360,Train/mean_episode_length,26.06999969482422
360,Train/mean_reward,0.3809646964073181
390,Train/mean_episode_length/time,24.209999084472656
390,Train/mean_reward/time,0.22011084854602814
400,Episode_Reward/action_rate_l2,-0.000474091008072719
400,Episode_Reward/belly_contact_force,0.0
400,Episode_Reward/dof_torques_l2,-0.009361537173390388
400,Episode_Reward/lin_vel_z_l2,-0.0011109182378277183
400,Episode_Reward/track_ang_vel_z_exp,0.012844456359744072
400,Episode_Reward/track_lin_vel_xy_miki,0.018488429486751556
400,Episode_Reward/undesired_contacts,0.0
400,Episode_Termination/base_contact,0.0
400,Episode_Termination/head_contact,1.0
400,Episode_Termination/time_out,0.0
400,Loss/entropy,-18.237834930419922
400,Loss/learning_rate,0.00011390625149942935
400,Loss/surrogate,-0.0010493688751012087
400,Loss/value,0.0016817088471725583
400,Metrics/base_velocity/error_vel_xy,0.9138991236686707
400,Metrics/base_velocity/error_vel_yaw,0.08816280215978622
400,Metrics/success_rate,0.4674775302410126
400,Perf/collection_time,1.817486047744751
400,Perf/learning_time,0.21069049835205078
400,Perf/total_fps,48469.0
400,Policy/mean_std,0.14125260710716248
400,Train/mean_episode_length,26.219999313354492
400,Train/mean_reward,0.37905871868133545
440,Episode_Reward/action_rate_l2,-0.0005375278415158391
440,Episode_Reward/belly_contact_force,0.0
440,Episode_Reward/dof_torques_l2,-0.011042612604796886
440,Episode_Reward/lin_vel_z_l2,-0.001281254692003131
440,Episode_Reward/track_ang_vel_z_exp,0.013283990323543549
440,Episode_Reward/track_lin_vel_xy_miki,0.019779063761234283
440,Episode_Reward/undesired_contacts,0.0
440,Episode_Termination/base_contact,0.0
440,Episode_Termination/head_contact,1.0
440,Episode_Termination/time_out,0.0
440,Loss/entropy,-16.782358169555664
440,Loss/learning_rate,7.593750342493877e-05
440,Loss/surrogate,-0.001327948528341949
440,Loss/value,0.009067847393453121
440,Metrics/base_velocity/error_vel_xy,0.9321586489677429
440,Metrics/base_velocity/error_vel_yaw,0.10438957065343857
440,Metrics/success_rate,0.4646645486354828
440,Perf/collection_time,2.6843113899230957
440,Perf/learning_time,0.3627128601074219
440,Perf/total_fps,32262.0
440,Policy/mean_std,0.1473303735256195
440,Train/mean_episode_length,28.860000610351562
440,Train/mean_reward,0.39402350783348083
480,Episode_Reward/action_rate_l2,-0.0008124657906591892
480,Episode_Reward/belly_contact_force,0.0
480,Episode_Reward/dof_torques_l2,-0.023900289088487625
480,Episode_Reward/lin_vel_z_l2,-0.0015880241990089417
480,Episode_Reward/track_ang_vel_z_exp,0.02071322873234749
480,Episode_Reward/track_lin_vel_xy_miki,0.0367794968187809
480,Episode_Reward/undesired_contacts,0.0
480,Episode_Termination/base_contact,0.0
480,Episode_Termination/head_contact,0.9988810420036316
480,Episode_Termination/time_out,0.0011189779033884406
480,Loss/entropy,-14.753097534179688
480,Loss/learning_rate,7.593750342493877e-05
480,Loss/surrogate,-0.0020935561042279005
480,Loss/value,0.027958640828728676
480,Metrics/base_velocity/error_vel_xy,0.8940851092338562
480,Metrics/base_velocity/error_vel_yaw,0.12016628682613373
480,Metrics/success_rate,0.4801740050315857
480,Perf/collection_time,2.1418862342834473
480,Perf/learning_time,0.2669205665588379
480,Perf/total_fps,40810.0
480,Policy/mean_std,0.15715523064136505
480,Train/mean_episode_length,45.970001220703125
480,Train/mean_reward,0.6160598993301392
481,Train/mean_episode_length/time,24.15999984741211
481,Train/mean_reward/time,0.29387786984443665
520,Episode_Reward/action_rate_l2,-0.0012674651807174087
520,Episode_Reward/belly_contact_force,0.0
520,Episode_Reward/dof_torques_l2,-0.03805004060268402
520,Episode_Reward/lin_vel_z_l2,-0.0018680193461477757
520,Episode_Reward/track_ang_vel_z_exp,0.03206454962491989
520,Episode_Reward/track_lin_vel_xy_miki,0.05444049462676048
520,Episode_Reward/undesired_contacts,0.0
520,Episode_Termination/base_contact,0.0
520,Episode_Termination/head_contact,0.9833475947380066
520,Episode_Termination/time_out,0.01665242575109005
520,Loss/entropy,-12.302682876586914
520,Loss/learning_rate,7.593750342493877e-05
520,Loss/surrogate,-0.0007234580116346478
520,Loss/value,0.02688176929950714
520,Metrics/base_velocity/error_vel_xy,0.9095970988273621
520,Metrics/base_velocity/error_vel_yaw,0.12727096676826477
520,Metrics/success_rate,0.45802444219589233
520,Perf/collection_time,1.963346004486084
520,Perf/learning_time,0.20714020729064941
520,Perf/total_fps,45291.0
520,Policy/mean_std,0.170651376247406
520,Train/mean_episode_length,95.87000274658203
520,Train/mean_reward,1.4892048835754395
557,Train/mean_episode_length/time,24.950000762939453
557,Train/mean_reward/time,0.34679946303367615
560,Episode_Reward/action_rate_l2,-0.0017797218170017004
560,Episode_Reward/belly_contact_force,0.0
560,Episode_Reward/dof_torques_l2,-0.04617561027407646
560,Episode_Reward/lin_vel_z_l2,-0.002230685669928789
560,Episode_Reward/track_ang_vel_z_exp,0.041848212480545044
560,Episode_Reward/track_lin_vel_xy_miki,0.059138767421245575
560,Episode_Reward/undesired_contacts,0.0
560,Episode_Termination/base_contact,0.0
560,Episode_Termination/head_contact,0.962310791015625
560,Episode_Termination/time_out,0.037689208984375
560,Loss/entropy,-10.009583473205566
560,Loss/learning_rate,0.00011390625149942935
560,Loss/surrogate,-0.0003044683253392577
560,Loss/value,0.0257845688611269
560,Metrics/base_velocity/error_vel_xy,0.9183441996574402
560,Metrics/base_velocity/error_vel_yaw,0.1381506621837616
560,Metrics/success_rate,0.43854570388793945
560,Perf/collection_time,1.8037731647491455
560,Perf/learning_time,0.2409954071044922
560,Perf/total_fps,48075.0
560,Policy/mean_std,0.18477685749530792
560,Train/mean_episode_length,105.0
560,Train/mean_reward,1.078507423400879
600,Episode_Reward/action_rate_l2,-0.0027240323834121227
600,Episode_Reward/belly_contact_force,0.0
600,Episode_Reward/dof_torques_l2,-0.06257984787225723
600,Episode_Reward/lin_vel_z_l2,-0.0028331666253507137
600,Episode_Reward/track_ang_vel_z_exp,0.05891571566462517
600,Episode_Reward/track_lin_vel_xy_miki,0.06954272836446762
600,Episode_Reward/undesired_contacts,0.0
600,Episode_Termination/base_contact,0.0
600,Episode_Termination/head_contact,0.9385477900505066
600,Episode_Termination/time_out,0.0614522323012352
600,Loss/entropy,-8.24657917022705
600,Loss/learning_rate,5.062499985797331e-05
600,Loss/surrogate,-0.00022337943664751947
600,Loss/value,0.017942355945706367
600,Metrics/base_velocity/error_vel_xy,0.9549090266227722
600,Metrics/base_velocity/error_vel_yaw,0.1430763155221939
600,Metrics/success_rate,0.4238074719905853
600,Perf/collection_time,1.847883939743042
600,Perf/learning_time,0.26801443099975586
600,Perf/total_fps,46459.0
600,Policy/mean_std,0.1972655951976776
600,Train/mean_episode_length,122.01000213623047
600,Train/mean_reward,1.3265787363052368
632,Train/mean_episode_length/time,25.959999084472656
632,Train/mean_reward/time,0.4151385724544525
640,Episode_Reward/action_rate_l2,-0.002193941967561841
640,Episode_Reward/belly_contact_force,0.0
640,Episode_Reward/dof_torques_l2,-0.0416717492043972
640,Episode_Reward/lin_vel_z_l2,-0.002436146605759859
640,Episode_Reward/track_ang_vel_z_exp,0.04042351618409157
640,Episode_Reward/track_lin_vel_xy_miki,0.04398777708411217
640,Episode_Reward/undesired_contacts,0.0
640,Episode_Termination/base_contact,0.0
640,Episode_Termination/head_contact,0.9406840205192566
640,Episode_Termination/time_out,0.0593160018324852
640,Loss/entropy,-6.794585227966309
640,Loss/learning_rate,5.062499985797331e-05
640,Loss/surrogate,-0.0015468345955014229
640,Loss/value,0.01970796473324299
640,Metrics/base_velocity/error_vel_xy,1.0311681032180786
640,Metrics/base_velocity/error_vel_yaw,0.15270361304283142
640,Metrics/success_rate,0.4062606692314148
640,Perf/collection_time,1.8366007804870605
640,Perf/learning_time,0.17433428764343262
640,Perf/total_fps,48884.0
640,Policy/mean_std,0.20913353562355042
640,Train/mean_episode_length,82.63999938964844
640,Train/mean_reward,0.6977591514587402
680,Episode_Reward/action_rate_l2,-0.00311257503926754
680,Episode_Reward/belly_contact_force,0.0
680,Episode_Reward/dof_torques_l2,-0.0573272779583931
680,Episode_Reward/lin_vel_z_l2,-0.0030810569878667593
680,Episode_Reward/track_ang_vel_z_exp,0.05218946188688278
680,Episode_Reward/track_lin_vel_xy_miki,0.07148860394954681
680,Episode_Reward/undesired_contacts,0.0
680,Episode_Termination/base_contact,0.0
680,Episode_Termination/head_contact,0.9475809931755066
680,Episode_Termination/time_out,0.0524190291762352
680,Loss/entropy,-5.112537384033203
680,Loss/learning_rate,7.593750342493877e-05
680,Loss/surrogate,-0.002359007950872183
680,Loss/value,0.021065402776002884
680,Metrics/base_velocity/error_vel_xy,1.0137828588485718
680,Metrics/base_velocity/error_vel_yaw,0.16295096278190613
680,Metrics/success_rate,0.40804523229599
680,Perf/collection_time,1.652216911315918
680,Perf/learning_time,0.1766054630279541
680,Perf/total_fps,53752.0
680,Policy/mean_std,0.22428373992443085
680,Train/mean_episode_length,104.4800033569336
680,Train/mean_reward,1.036033272743225
709,Train/mean_episode_length/time,26.06999969482422
709,Train/mean_reward/time,0.3809646964073181
720,Episode_Reward/action_rate_l2,-0.0031215574126690626
720,Episode_Reward/belly_contact_force,0.0
720,Episode_Reward/dof_torques_l2,-0.0543799102306366
720,Episode_Reward/lin_vel_z_l2,-0.0031082401983439922
720,Episode_Reward/track_ang_vel_z_exp,0.04606249928474426
720,Episode_Reward/track_lin_vel_xy_miki,0.07585634291172028
720,Episode_Reward/undesired_contacts,0.0
720,Episode_Termination/base_contact,0.0
720,Episode_Termination/head_contact,0.9639994502067566
720,Episode_Termination/time_out,0.0360005721449852
720,Loss/entropy,-3.870985984802246
720,Loss/learning_rate,0.00017085937724914402
720,Loss/surrogate,-0.0004072404408361763
720,Loss/value,0.026928042992949486
720,Metrics/base_velocity/error_vel_xy,1.041804313659668
720,Metrics/base_velocity/error_vel_yaw,0.1736714094877243
720,Metrics/success_rate,0.38239604234695435
720,Perf/collection_time,1.7324492931365967
720,Perf/learning_time,0.188920259475708
720,Perf/total_fps,51163.0
720,Policy/mean_std,0.2360825538635254
720,Train/mean_episode_length,77.41999816894531
720,Train/mean_reward,0.7291222214698792
760,Episode_Reward/action_rate_l2,-0.0037067874800413847
760,Episode_Reward/belly_contact_force,0.0
760,Episode_Reward/dof_torques_l2,-0.06064501032233238
760,Episode_Reward/lin_vel_z_l2,-0.0037392894737422466
760,Episode_Reward/track_ang_vel_z_exp,0.04964223504066467
760,Episode_Reward/track_lin_vel_xy_miki,0.07816477864980698
760,Episode_Reward/undesired_contacts,0.0
760,Episode_Termination/base_contact,0.0
760,Episode_Termination/head_contact,0.947052001953125
760,Episode_Termination/time_out,0.052947998046875
760,Loss/entropy,-2.9659435749053955
760,Loss/learning_rate,0.00011390625149942935
760,Loss/surrogate,-0.001916050212457776
760,Loss/value,0.01924620382487774
760,Metrics/base_velocity/error_vel_xy,1.000648856163025
760,Metrics/base_velocity/error_vel_yaw,0.18217802047729492
760,Metrics/success_rate,0.4016091823577881
760,Perf/collection_time,1.603290319442749
760,Perf/learning_time,0.1857450008392334
760,Perf/total_fps,54948.0
760,Policy/mean_std,0.24635784327983856
760,Train/mean_episode_length,93.58999633789062
760,Train/mean_reward,0.8223403096199036
800,Episode_Reward/action_rate_l2,-0.003500759368762374
800,Episode_Reward/belly_contact_force,0.0
800,Episode_Reward/dof_torques_l2,-0.05491715669631958
800,Episode_Reward/lin_vel_z_l2,-0.002936359029263258
800,Episode_Reward/track_ang_vel_z_exp,0.04273819178342819
800,Episode_Reward/track_lin_vel_xy_miki,0.07371309399604797
800,Episode_Reward/undesired_contacts,0.0
800,Episode_Termination/base_contact,0.0
800,Episode_Termination/head_contact,0.9678446650505066
800,Episode_Termination/time_out,0.0323893241584301
800,Loss/entropy,-1.9572516679763794
800,Loss/learning_rate,0.00011390625149942935
800,Loss/surrogate,-0.0031751112546771765
800,Loss/value,0.023356586694717407
800,Metrics/base_velocity/error_vel_xy,1.0143319368362427
800,Metrics/base_velocity/error_vel_yaw,0.1811189353466034
800,Metrics/success_rate,0.4041512608528137
800,Perf/collection_time,1.6364374160766602
800,Perf/learning_time,0.1767892837524414
800,Perf/total_fps,54214.0
800,Policy/mean_std,0.2591250538825989
800,Train/mean_episode_length,119.87999725341797
800,Train/mean_episode_length/time,26.219999313354492
800,Train/mean_reward,1.7124649286270142
800,Train/mean_reward/time,0.37905871868133545
840,Episode_Reward/action_rate_l2,-0.003146158065646887
840,Episode_Reward/belly_contact_force,0.0
840,Episode_Reward/dof_torques_l2,-0.044609468430280685
840,Episode_Reward/lin_vel_z_l2,-0.0028796212282031775
840,Episode_Reward/track_ang_vel_z_exp,0.034591153264045715
840,Episode_Reward/track_lin_vel_xy_miki,0.07047724723815918
840,Episode_Reward/undesired_contacts,0.0
840,Episode_Termination/base_contact,0.0
840,Episode_Termination/head_contact,0.9740194082260132
840,Episode_Termination/time_out,0.0259806327521801
840,Loss/entropy,-1.2978401184082031
840,Loss/learning_rate,7.593750342493877e-05
840,Loss/surrogate,-0.0009885578183457255
840,Loss/value,0.019553327932953835
840,Metrics/base_velocity/error_vel_xy,1.0043399333953857
840,Metrics/base_velocity/error_vel_yaw,0.19240421056747437
840,Metrics/success_rate,0.4326678216457367
840,Perf/collection_time,1.650132179260254
840,Perf/learning_time,0.18125176429748535
840,Perf/total_fps,53677.0
840,Policy/mean_std,0.2671133875846863
840,Train/mean_episode_length,75.5199966430664
840,Train/mean_reward,1.0665475130081177
880,Episode_Reward/action_rate_l2,-0.0038483398966491222
880,Episode_Reward/belly_contact_force,0.0
880,Episode_Reward/dof_torques_l2,-0.05213303118944168
880,Episode_Reward/lin_vel_z_l2,-0.002802779898047447
880,Episode_Reward/track_ang_vel_z_exp,0.040848515927791595
880,Episode_Reward/track_lin_vel_xy_miki,0.0799209326505661
880,Episode_Reward/undesired_contacts,0.0
880,Episode_Termination/base_contact,0.0
880,Episode_Termination/head_contact,0.976654052734375
880,Episode_Termination/time_out,0.023345947265625
880,Loss/entropy,-0.9685232043266296
880,Loss/learning_rate,7.593750342493877e-05
880,Loss/surrogate,-0.001962571172043681
880,Loss/value,0.023893535137176514
880,Metrics/base_velocity/error_vel_xy,0.9929470419883728
880,Metrics/base_velocity/error_vel_yaw,0.18614940345287323
880,Metrics/success_rate,0.43934816122055054
880,Perf/collection_time,1.678236961364746
880,Perf/learning_time,0.17159461975097656
880,Perf/total_fps,53142.0
880,Policy/mean_std,0.2733616232872009
880,Train/mean_episode_length,94.87000274658203
880,Train/mean_reward,1.4576536417007446
895,Train/mean_episode_length/time,28.860000610351562
895,Train/mean_reward/time,0.39402350783348083
920,Episode_Reward/action_rate_l2,-0.004745833575725555
920,Episode_Reward/belly_contact_force,0.0
920,Episode_Reward/dof_torques_l2,-0.06134885177016258
920,Episode_Reward/lin_vel_z_l2,-0.0030657032039016485
920,Episode_Reward/track_ang_vel_z_exp,0.04832156002521515
920,Episode_Reward/track_lin_vel_xy_miki,0.08785995841026306
920,Episode_Reward/undesired_contacts,0.0
920,Episode_Termination/base_contact,0.0
920,Episode_Termination/head_contact,0.9692179560661316
920,Episode_Termination/time_out,0.03078206442296505
920,Loss/entropy,-0.12518799304962158
920,Loss/learning_rate,0.00011390625149942935
920,Loss/surrogate,-0.003760764840990305
920,Loss/value,0.0221285168081522
920,Metrics/base_velocity/error_vel_xy,1.02044677734375
920,Metrics/base_velocity/error_vel_yaw,0.19466838240623474
920,Metrics/success_rate,0.4364011883735657
920,Perf/collection_time,2.028176784515381
920,Perf/learning_time,0.20955991744995117
920,Perf/total_fps,43930.0
920,Policy/mean_std,0.28330662846565247
920,Train/mean_episode_length,113.31999969482422
920,Train/mean_reward,1.387345552444458
960,Episode_Reward/action_rate_l2,-0.003929950296878815
960,Episode_Reward/belly_contact_force,0.0
960,Episode_Reward/dof_torques_l2,-0.048601239919662476
960,Episode_Reward/lin_vel_z_l2,-0.002811335027217865
960,Episode_Reward/track_ang_vel_z_exp,0.0364258736371994
960,Episode_Reward/track_lin_vel_xy_miki,0.07810494303703308
960,Episode_Reward/undesired_contacts,0.0
960,Episode_Termination/base_contact,0.0
960,Episode_Termination/head_contact,0.9762471914291382
960,Episode_Termination/time_out,0.0237528495490551
960,Loss/entropy,0.4949907958507538
960,Loss/learning_rate,7.593750342493877e-05
960,Loss/surrogate,-0.001521028927527368
960,Loss/value,0.023074014112353325
960,Metrics/base_velocity/error_vel_xy,1.0163352489471436
960,Metrics/base_velocity/error_vel_yaw,0.20000076293945312
960,Metrics/success_rate,0.4425188899040222
960,Perf/collection_time,1.7449915409088135
960,Perf/learning_time,0.20691227912902832
960,Perf/total_fps,50363.0
960,Policy/mean_std,0.2908523678779602
960,Train/mean_episode_length,68.87000274658203
960,Train/mean_reward,0.7330718040466309
985,Train/mean_episode_length/time,45.970001220703125
985,Train/mean_reward/time,0.6160598993301392
1000,Episode_Reward/action_rate_l2,-0.004908408969640732
1000,Episode_Reward/belly_contact_force,0.0
1000,Episode_Reward/dof_torques_l2,-0.0589805468916893
1000,Episode_Reward/lin_vel_z_l2,-0.003114384599030018
1000,Episode_Reward/track_ang_vel_z_exp,0.04409012198448181
1000,Episode_Reward/track_lin_vel_xy_miki,0.08895397186279297
1000,Episode_Reward/undesired_contacts,0.0
1000,Episode_Termination/base_contact,0.0
1000,Episode_Termination/head_contact,0.9767863154411316
1000,Episode_Termination/time_out,0.02321370504796505
1000,Loss/entropy,0.7650758028030396
1000,Loss/learning_rate,7.593750342493877e-05
1000,Loss/surrogate,-0.002336950274184346
1000,Loss/value,0.024206286296248436
1000,Metrics/base_velocity/error_vel_xy,0.9570664763450623
1000,Metrics/base_velocity/error_vel_yaw,0.19654500484466553
1000,Metrics/success_rate,0.45303142070770264
1000,Perf/collection_time,2.0581307411193848
1000,Perf/learning_time,0.2443552017211914
1000,Perf/total_fps,42694.0
1000,Policy/mean_std,0.2962695062160492
1000,Train/mean_episode_length,122.83000183105469
1000,Train/mean_reward,1.504178524017334
1040,Episode_Reward/action_rate_l2,-0.004111321642994881
1040,Episode_Reward/belly_contact_force,0.0
1040,Episode_Reward/dof_torques_l2,-0.04852861166000366
1040,Episode_Reward/lin_vel_z_l2,-0.0028992295265197754
1040,Episode_Reward/track_ang_vel_z_exp,0.034706227481365204
1040,Episode_Reward/track_lin_vel_xy_miki,0.07075980305671692
1040,Episode_Reward/undesired_contacts,0.0
1040,Episode_Termination/base_contact,0.0
1040,Episode_Termination/head_contact,0.98748779296875
1040,Episode_Termination/time_out,0.01251220703125
1040,Loss/entropy,1.3696229457855225
1040,Loss/learning_rate,0.00017085937724914402
1040,Loss/surrogate,-0.0033011992927640676
1040,Loss/value,0.022278672084212303
1040,Metrics/base_velocity/error_vel_xy,0.9915156364440918
1040,Metrics/base_velocity/error_vel_yaw,0.2000201940536499
1040,Metrics/success_rate,0.45624446868896484
1040,Perf/collection_time,2.0171146392822266
1040,Perf/learning_time,0.25043535232543945
1040,Perf/total_fps,43352.0
1040,Policy/mean_std,0.3039320707321167
1040,Train/mean_episode_length,86.0999984741211
1040,Train/mean_reward,1.2309644222259521
1069,Train/mean_episode_length/time,95.87000274658203
1069,Train/mean_reward/time,1.4892048835754395
1080,Episode_Reward/action_rate_l2,-0.005419244524091482
1080,Episode_Reward/belly_contact_force,0.0
1080,Episode_Reward/dof_torques_l2,-0.061409398913383484
1080,Episode_Reward/lin_vel_z_l2,-0.004034879617393017
1080,Episode_Reward/track_ang_vel_z_exp,0.04224088788032532
1080,Episode_Reward/track_lin_vel_xy_miki,0.08957391232252121
1080,Episode_Reward/undesired_contacts,0.0
1080,Episode_Termination/base_contact,0.0
1080,Episode_Termination/head_contact,0.9640706777572632
1080,Episode_Termination/time_out,0.0359293632209301
1080,Loss/entropy,2.3275744915008545
1080,Loss/learning_rate,0.00017085937724914402
1080,Loss/surrogate,-0.0032814478036016226
1080,Loss/value,0.0224611833691597
1080,Metrics/base_velocity/error_vel_xy,0.9735462665557861
1080,Metrics/base_velocity/error_vel_yaw,0.20594577491283417
1080,Metrics/success_rate,0.440971702337265
1080,Perf/collection_time,1.948777437210083
1080,Perf/learning_time,0.23424315452575684
1080,Perf/total_fps,45031.0
1080,Policy/mean_std,0.31569957733154297
1080,Train/mean_episode_length,125.4800033569336
1080,Train/mean_reward,1.71453857421875
1120,Episode_Reward/action_rate_l2,-0.0054206326603889465
1120,Episode_Reward/belly_contact_force,0.0
1120,Episode_Reward/dof_torques_l2,-0.05981069430708885
1120,Episode_Reward/lin_vel_z_l2,-0.004325745161622763
1120,Episode_Reward/track_ang_vel_z_exp,0.038676053285598755
1120,Episode_Reward/track_lin_vel_xy_miki,0.08973526954650879
1120,Episode_Reward/undesired_contacts,0.0
1120,Episode_Termination/base_contact,0.0
1120,Episode_Termination/head_contact,0.9696146845817566
1120,Episode_Termination/time_out,0.03038533590734005
1120,Loss/entropy,2.8443548679351807
1120,Loss/learning_rate,0.00011390625149942935
1120,Loss/surrogate,-0.0041868723928928375
1120,Loss/value,0.02143971063196659
1120,Metrics/base_velocity/error_vel_xy,0.986739993095398
1120,Metrics/base_velocity/error_vel_yaw,0.20922020077705383
1120,Metrics/success_rate,0.4629470705986023
1120,Perf/collection_time,2.038982629776001
1120,Perf/learning_time,0.2470722198486328
1120,Perf/total_fps,43001.0
1120,Policy/mean_std,0.3239196538925171
1120,Train/mean_episode_length,80.2300033569336
1120,Train/mean_reward,0.9647247791290283
1146,Train/mean_episode_length/time,105.0
1146,Train/mean_reward/time,1.078507423400879
1160,Episode_Reward/action_rate_l2,-0.007032151799649
1160,Episode_Reward/belly_contact_force,0.0
1160,Episode_Reward/dof_torques_l2,-0.07515138387680054
1160,Episode_Reward/lin_vel_z_l2,-0.006800213363021612
1160,Episode_Reward/track_ang_vel_z_exp,0.04691850766539574
1160,Episode_Reward/track_lin_vel_xy_miki,0.12057875096797943
1160,Episode_Reward/undesired_contacts,0.0
1160,Episode_Termination/base_contact,0.0
1160,Episode_Termination/head_contact,0.97198486328125
1160,Episode_Termination/time_out,0.02801513671875
1160,Loss/entropy,3.3471121788024902
1160,Loss/learning_rate,0.00011390625149942935
1160,Loss/surrogate,-0.002732127672061324
1160,Loss/value,0.025887172669172287
1160,Metrics/base_velocity/error_vel_xy,0.9590654373168945
1160,Metrics/base_velocity/error_vel_yaw,0.2130565345287323
1160,Metrics/success_rate,0.48761749267578125
1160,Perf/collection_time,1.6188852787017822
1160,Perf/learning_time,0.17391681671142578
1160,Perf/total_fps,54832.0
1160,Policy/mean_std,0.33185532689094543
1160,Train/mean_episode_length,139.38999938964844
1160,Train/mean_reward,2.066768169403076
1200,Episode_Reward/action_rate_l2,-0.008308624848723412
1200,Episode_Reward/belly_contact_force,0.0
1200,Episode_Reward/dof_torques_l2,-0.0857958123087883
1200,Episode_Reward/lin_vel_z_l2,-0.008661225438117981
1200,Episode_Reward/track_ang_vel_z_exp,0.053178321570158005
1200,Episode_Reward/track_lin_vel_xy_miki,0.14447318017482758
1200,Episode_Reward/undesired_contacts,0.0
1200,Episode_Termination/base_contact,0.0
1200,Episode_Termination/head_contact,0.9623922109603882
1200,Episode_Termination/time_out,0.0376078300178051
1200,Loss/entropy,3.7228193283081055
1200,Loss/learning_rate,7.593750342493877e-05
1200,Loss/surrogate,-0.004023743327707052
1200,Loss/value,0.02657235972583294
1200,Metrics/base_velocity/error_vel_xy,0.9707304835319519
1200,Metrics/base_velocity/error_vel_yaw,0.2169209122657776
1200,Metrics/success_rate,0.49141940474510193
1200,Perf/collection_time,1.6631147861480713
1200,Perf/learning_time,0.17983150482177734
1200,Perf/total_fps,53340.0
1200,Policy/mean_std,0.3390452265739441
1200,Train/mean_episode_length,149.02999877929688
1200,Train/mean_reward,2.235929012298584
1222,Train/mean_episode_length/time,122.01000213623047
1222,Train/mean_reward/time,1.3265787363052368
1240,Episode_Reward/action_rate_l2,-0.00809458363801241
1240,Episode_Reward/belly_contact_force,0.0
1240,Episode_Reward/dof_torques_l2,-0.08171865344047546
1240,Episode_Reward/lin_vel_z_l2,-0.010452046990394592
1240,Episode_Reward/track_ang_vel_z_exp,0.048012860119342804
1240,Episode_Reward/track_lin_vel_xy_miki,0.13229911029338837
1240,Episode_Reward/undesired_contacts,0.0
1240,Episode_Termination/base_contact,0.0
1240,Episode_Termination/head_contact,0.9434000849723816
1240,Episode_Termination/time_out,0.0565999373793602
1240,Loss/entropy,4.154641151428223
1240,Loss/learning_rate,0.00017085937724914402
1240,Loss/surrogate,-0.003905641380697489
1240,Loss/value,0.023999493569135666
1240,Metrics/base_velocity/error_vel_xy,1.0021899938583374
1240,Metrics/base_velocity/error_vel_yaw,0.21978020668029785
1240,Metrics/success_rate,0.4591887593269348
1240,Perf/collection_time,1.9862122535705566
1240,Perf/learning_time,0.26697492599487305
1240,Perf/total_fps,43628.0
1240,Policy/mean_std,0.3465626537799835
1240,Train/mean_episode_length,116.1500015258789
1240,Train/mean_reward,1.4810277223587036
1280,Episode_Reward/action_rate_l2,-0.010283070616424084
1280,Episode_Reward/belly_contact_force,0.0
1280,Episode_Reward/dof_torques_l2,-0.10227753221988678
1280,Episode_Reward/lin_vel_z_l2,-0.014709649607539177
1280,Episode_Reward/track_ang_vel_z_exp,0.05864701792597771
1280,Episode_Reward/track_lin_vel_xy_miki,0.16954588890075684
1280,Episode_Reward/undesired_contacts,0.0
1280,Episode_Termination/base_contact,0.0
1280,Episode_Termination/head_contact,0.9374186396598816
1280,Episode_Termination/time_out,0.0625813826918602
1280,Loss/entropy,4.4176530838012695
1280,Loss/learning_rate,0.00017085937724914402
1280,Loss/surrogate,-0.004369357135146856
1280,Loss/value,0.02612767554819584
1280,Metrics/base_velocity/error_vel_xy,0.9680201411247253
1280,Metrics/base_velocity/error_vel_yaw,0.22024202346801758
1280,Metrics/success_rate,0.47473663091659546
1280,Perf/collection_time,1.6522655487060547
1280,Perf/learning_time,0.19622302055358887
1280,Perf/total_fps,53180.0
1280,Policy/mean_std,0.351259708404541
1280,Train/mean_episode_length,82.05999755859375
1280,Train/mean_reward,0.9624621868133545
1298,Train/mean_episode_length/time,82.63999938964844
1298,Train/mean_reward/time,0.6977591514587402
1320,Episode_Reward/action_rate_l2,-0.012580910697579384
1320,Episode_Reward/belly_contact_force,0.0
1320,Episode_Reward/dof_torques_l2,-0.12350793927907944
1320,Episode_Reward/lin_vel_z_l2,-0.019520843401551247
1320,Episode_Reward/track_ang_vel_z_exp,0.06957124173641205
1320,Episode_Reward/track_lin_vel_xy_miki,0.20595745742321014
1320,Episode_Reward/undesired_contacts,0.0
1320,Episode_Termination/base_contact,0.0
1320,Episode_Termination/head_contact,0.9175313711166382
1320,Episode_Termination/time_out,0.0824686735868454
1320,Loss/entropy,4.540502548217773
1320,Loss/learning_rate,0.00011390625149942935
1320,Loss/surrogate,-0.0035661030560731888
1320,Loss/value,0.029648639261722565
1320,Metrics/base_velocity/error_vel_xy,1.003403663635254
1320,Metrics/base_velocity/error_vel_yaw,0.22120606899261475
1320,Metrics/success_rate,0.46969878673553467
1320,Perf/collection_time,1.682267665863037
1320,Perf/learning_time,0.17226266860961914
1320,Perf/total_fps,53007.0
1320,Policy/mean_std,0.35470715165138245
1320,Train/mean_episode_length,162.99000549316406
1320,Train/mean_reward,2.08032488822937
1360,Episode_Reward/action_rate_l2,-0.015803776681423187
1360,Episode_Reward/belly_contact_force,0.0
1360,Episode_Reward/dof_torques_l2,-0.15182825922966003
1360,Episode_Reward/lin_vel_z_l2,-0.024136176332831383
1360,Episode_Reward/track_ang_vel_z_exp,0.08575981110334396
1360,Episode_Reward/track_lin_vel_xy_miki,0.25886547565460205
1360,Episode_Reward/undesired_contacts,0.0
1360,Episode_Termination/base_contact,0.0
1360,Episode_Termination/head_contact,0.9049581289291382
1360,Episode_Termination/time_out,0.0950419157743454
1360,Loss/entropy,4.713392734527588
1360,Loss/learning_rate,0.00017085937724914402
1360,Loss/surrogate,-0.004450690932571888
1360,Loss/value,0.026256000623106956
1360,Metrics/base_velocity/error_vel_xy,0.9506053924560547
1360,Metrics/base_velocity/error_vel_yaw,0.2211872637271881
1360,Metrics/success_rate,0.48383602499961853
1360,Perf/collection_time,1.8788151741027832
1360,Perf/learning_time,0.20595407485961914
1360,Perf/total_fps,47153.0
1360,Policy/mean_std,0.358561635017395
1360,Train/mean_episode_length,239.2100067138672
1360,Train/mean_reward,3.4802303314208984
1376,Train/mean_episode_length/time,104.4800033569336
1376,Train/mean_reward/time,1.036033272743225
1400,Episode_Reward/action_rate_l2,-0.013394039124250412
1400,Episode_Reward/belly_contact_force,0.0
1400,Episode_Reward/dof_torques_l2,-0.1268453598022461
1400,Episode_Reward/lin_vel_z_l2,-0.017030738294124603
1400,Episode_Reward/track_ang_vel_z_exp,0.0708550438284874
1400,Episode_Reward/track_lin_vel_xy_miki,0.21073544025421143
1400,Episode_Reward/undesired_contacts,0.0
1400,Episode_Termination/base_contact,0.0
1400,Episode_Termination/head_contact,0.89312744140625
1400,Episode_Termination/time_out,0.10687255859375
1400,Loss/entropy,4.86427640914917
1400,Loss/learning_rate,0.00017085937724914402
1400,Loss/surrogate,-0.004566642921417952
1400,Loss/value,0.02277757041156292
1400,Metrics/base_velocity/error_vel_xy,0.9562692642211914
1400,Metrics/base_velocity/error_vel_yaw,0.22510680556297302
1400,Metrics/success_rate,0.4932642877101898
1400,Perf/collection_time,1.6052992343902588
1400,Perf/learning_time,0.17463302612304688
1400,Perf/total_fps,55229.0
1400,Policy/mean_std,0.36136385798454285
1400,Train/mean_episode_length,211.05999755859375
1400,Train/mean_reward,3.0150675773620605
1440,Episode_Reward/action_rate_l2,-0.023266058415174484
1440,Episode_Reward/belly_contact_force,0.0
1440,Episode_Reward/dof_torques_l2,-0.22357887029647827
1440,Episode_Reward/lin_vel_z_l2,-0.02632896602153778
1440,Episode_Reward/track_ang_vel_z_exp,0.11983869969844818
1440,Episode_Reward/track_lin_vel_xy_miki,0.36663758754730225
1440,Episode_Reward/undesired_contacts,0.0
1440,Episode_Termination/base_contact,0.0
1440,Episode_Termination/head_contact,0.8141378164291382
1440,Episode_Termination/time_out,0.1858622282743454
1440,Loss/entropy,4.80081844329834
1440,Loss/learning_rate,0.00011390625149942935
1440,Loss/surrogate,-0.0024035039823502302
1440,Loss/value,0.01975470595061779
1440,Metrics/base_velocity/error_vel_xy,1.042344331741333
1440,Metrics/base_velocity/error_vel_yaw,0.22922734916210175
1440,Metrics/success_rate,0.42495936155319214
1440,Perf/collection_time,1.7433347702026367
1440,Perf/learning_time,0.17362213134765625
1440,Perf/total_fps,51281.0
1440,Policy/mean_std,0.36105504631996155
1440,Train/mean_episode_length,280.79998779296875
1440,Train/mean_reward,4.309735298156738
1452,Train/mean_episode_length/time,77.41999816894531
1452,Train/mean_reward/time,0.7291222214698792
1480,Episode_Reward/action_rate_l2,-0.03952961787581444
1480,Episode_Reward/belly_contact_force,0.0
1480,Episode_Reward/dof_torques_l2,-0.37981557846069336
1480,Episode_Reward/lin_vel_z_l2,-0.03756855055689812
1480,Episode_Reward/track_ang_vel_z_exp,0.20106837153434753
1480,Episode_Reward/track_lin_vel_xy_miki,0.6417931914329529
1480,Episode_Reward/undesired_contacts,0.0
1480,Episode_Termination/base_contact,0.0
1480,Episode_Termination/head_contact,0.6642965078353882
1480,Episode_Termination/time_out,0.3357035517692566
1480,Loss/entropy,4.434574127197266
1480,Loss/learning_rate,7.593750342493877e-05
1480,Loss/surrogate,-0.0033330183941870928
1480,Loss/value,0.017525190487504005
1480,Metrics/base_velocity/error_vel_xy,0.9072729349136353
1480,Metrics/base_velocity/error_vel_yaw,0.21960704028606415
1480,Metrics/success_rate,0.5853817462921143
1480,Perf/collection_time,2.8236210346221924
1480,Perf/learning_time,0.3609905242919922
1480,Perf/total_fps,30868.0
1480,Policy/mean_std,0.3580475449562073
1480,Train/mean_episode_length,529.280029296875
1480,Train/mean_reward,7.794126987457275
1520,Episode_Reward/action_rate_l2,-0.05493011325597763
1520,Episode_Reward/belly_contact_force,0.0
1520,Episode_Reward/dof_torques_l2,-0.5396047234535217
1520,Episode_Reward/lin_vel_z_l2,-0.04394184798002243
1520,Episode_Reward/track_ang_vel_z_exp,0.2737358808517456
1520,Episode_Reward/track_lin_vel_xy_miki,0.8767974376678467
1520,Episode_Reward/undesired_contacts,0.0
1520,Episode_Termination/base_contact,0.0
1520,Episode_Termination/head_contact,0.4996541440486908
1520,Episode_Termination/time_out,0.5003458857536316
1520,Loss/entropy,3.954320192337036
1520,Loss/learning_rate,0.00017085937724914402
1520,Loss/surrogate,-0.0031828603241592646
1520,Loss/value,0.017367949709296227
1520,Metrics/base_velocity/error_vel_xy,0.6853973269462585
1520,Metrics/base_velocity/error_vel_yaw,0.21590499579906464
1520,Metrics/success_rate,0.7503126859664917
1520,Perf/collection_time,1.7090604305267334
1520,Perf/learning_time,0.18373584747314453
1520,Perf/total_fps,51935.0
1520,Policy/mean_std,0.3528915345668793
1520,Train/mean_episode_length,698.3699951171875
1520,Train/mean_reward,10.678752899169922
1527,Train/mean_episode_length/time,93.58999633789062
1527,Train/mean_reward/time,0.8223403096199036
1560,Episode_Reward/action_rate_l2,-0.05960455164313316
1560,Episode_Reward/belly_contact_force,0.0
1560,Episode_Reward/dof_torques_l2,-0.5861583948135376
1560,Episode_Reward/lin_vel_z_l2,-0.04162059724330902
1560,Episode_Reward/track_ang_vel_z_exp,0.300960510969162
1560,Episode_Reward/track_lin_vel_xy_miki,0.976107120513916
1560,Episode_Reward/undesired_contacts,0.0
1560,Episode_Termination/base_contact,0.0
1560,Episode_Termination/head_contact,0.3673604428768158
1560,Episode_Termination/time_out,0.6326395869255066
1560,Loss/entropy,3.3552839756011963
1560,Loss/learning_rate,0.00011390625149942935
1560,Loss/surrogate,-0.004606587812304497
1560,Loss/value,0.009948831051588058
1560,Metrics/base_velocity/error_vel_xy,0.6036959886550903
1560,Metrics/base_velocity/error_vel_yaw,0.2115645855665207
1560,Metrics/success_rate,0.7923445701599121
1560,Perf/collection_time,2.0495400428771973
1560,Perf/learning_time,0.2321629524230957
1560,Perf/total_fps,43083.0
1560,Policy/mean_std,0.3452623784542084
1560,Train/mean_episode_length,756.530029296875
1560,Train/mean_reward,11.973836898803711
1598,Train/mean_episode_length/time,119.87999725341797
1598,Train/mean_reward/time,1.7124649286270142
1600,Episode_Reward/action_rate_l2,-0.07026232779026031
1600,Episode_Reward/belly_contact_force,0.0
1600,Episode_Reward/dof_torques_l2,-0.6906291246414185
1600,Episode_Reward/lin_vel_z_l2,-0.04210963100194931
1600,Episode_Reward/track_ang_vel_z_exp,0.3707284927368164
1600,Episode_Reward/track_lin_vel_xy_miki,1.198516607284546
1600,Episode_Reward/undesired_contacts,0.0
1600,Episode_Termination/base_contact,0.0
1600,Episode_Termination/head_contact,0.250457763671875
1600,Episode_Termination/time_out,0.749542236328125
1600,Loss/entropy,2.596252202987671
1600,Loss/learning_rate,0.00017085937724914402
1600,Loss/surrogate,-0.003031700849533081
1600,Loss/value,0.01019221916794777
1600,Metrics/base_velocity/error_vel_xy,0.3161754608154297
1600,Metrics/base_velocity/error_vel_yaw,0.2004757821559906
1600,Metrics/success_rate,0.9262897372245789
1600,Perf/collection_time,1.6868276596069336
1600,Perf/learning_time,0.21214795112609863
1600,Perf/total_fps,51766.0
1600,Policy/mean_std,0.3369750380516052
1600,Train/mean_episode_length,908.010009765625
1600,Train/mean_reward,15.25399112701416
1640,Episode_Reward/action_rate_l2,-0.07330308854579926
1640,Episode_Reward/belly_contact_force,0.0
1640,Episode_Reward/dof_torques_l2,-0.7472132444381714
1640,Episode_Reward/lin_vel_z_l2,-0.04125158116221428
1640,Episode_Reward/track_ang_vel_z_exp,0.40408027172088623
1640,Episode_Reward/track_lin_vel_xy_miki,1.3142967224121094
1640,Episode_Reward/undesired_contacts,0.0
1640,Episode_Termination/base_contact,0.0
1640,Episode_Termination/head_contact,0.075897216796875
1640,Episode_Termination/time_out,0.924102783203125
1640,Loss/entropy,1.4732587337493896
1640,Loss/learning_rate,7.593750342493877e-05
1640,Loss/surrogate,-0.002287140116095543
1640,Loss/value,0.007251190487295389
1640,Metrics/base_velocity/error_vel_xy,0.17596137523651123
1640,Metrics/base_velocity/error_vel_yaw,0.19590739905834198
1640,Metrics/success_rate,0.9916666746139526
1640,Perf/collection_time,1.6799163818359375
1640,Perf/learning_time,0.18215322494506836
1640,Perf/total_fps,52792.0
1640,Policy/mean_std,0.32278522849082947
1640,Train/mean_episode_length,980.5
1640,Train/mean_reward,17.219945907592773
1672,Train/mean_episode_length/time,75.5199966430664
1672,Train/mean_reward/time,1.0665475130081177
1680,Episode_Reward/action_rate_l2,-0.06885607540607452
1680,Episode_Reward/belly_contact_force,0.0
1680,Episode_Reward/dof_torques_l2,-0.7171988487243652
1680,Episode_Reward/lin_vel_z_l2,-0.041566066443920135
1680,Episode_Reward/track_ang_vel_z_exp,0.4046090841293335
1680,Episode_Reward/track_lin_vel_xy_miki,1.299203634262085
1680,Episode_Reward/undesired_contacts,-0.00016666667943354696
1680,Episode_Termination/base_contact,0.0
1680,Episode_Termination/head_contact,0.016998291015625
1680,Episode_Termination/time_out,0.983001708984375
1680,Loss/entropy,0.20435433089733124
1680,Loss/learning_rate,0.00011390625149942935
1680,Loss/surrogate,-0.0030816912185400724
1680,Loss/value,0.006669335067272186
1680,Metrics/base_velocity/error_vel_xy,0.16963815689086914
1680,Metrics/base_velocity/error_vel_yaw,0.1904931664466858
1680,Metrics/success_rate,1.0
1680,Perf/collection_time,1.6916453838348389
1680,Perf/learning_time,0.18673086166381836
1680,Perf/total_fps,52334.0
1680,Policy/mean_std,0.3078173100948334
1680,Train/mean_episode_length,991.4600219726562
1680,Train/mean_reward,18.31391716003418
1720,Episode_Reward/action_rate_l2,-0.06538288295269012
1720,Episode_Reward/belly_contact_force,0.0
1720,Episode_Reward/dof_torques_l2,-0.7027029991149902
1720,Episode_Reward/lin_vel_z_l2,-0.0350639745593071
1720,Episode_Reward/track_ang_vel_z_exp,0.4259401261806488
1720,Episode_Reward/track_lin_vel_xy_miki,1.3559801578521729
1720,Episode_Reward/undesired_contacts,0.0
1720,Episode_Termination/base_contact,0.0
1720,Episode_Termination/head_contact,0.007904052734375
1720,Episode_Termination/time_out,0.992095947265625
1720,Loss/entropy,-0.5907231569290161
1720,Loss/learning_rate,0.00011390625149942935
1720,Loss/surrogate,-0.0029809384141117334
1720,Loss/value,0.006297827698290348
1720,Metrics/base_velocity/error_vel_xy,0.1505020558834076
1720,Metrics/base_velocity/error_vel_yaw,0.17289821803569794
1720,Metrics/success_rate,1.0
1720,Perf/collection_time,1.69107985496521
1720,Perf/learning_time,0.16840124130249023
1720,Perf/total_fps,52866.0
1720,Policy/mean_std,0.29603224992752075
1720,Train/mean_episode_length,1000.0
1720,Train/mean_reward,19.471532821655273
1746,Train/mean_episode_length/time,94.87000274658203
1746,Train/mean_reward/time,1.4576536417007446
1760,Episode_Reward/action_rate_l2,-0.061782002449035645
1760,Episode_Reward/belly_contact_force,0.0
1760,Episode_Reward/dof_torques_l2,-0.6872920989990234
1760,Episode_Reward/lin_vel_z_l2,-0.031811024993658066
1760,Episode_Reward/track_ang_vel_z_exp,0.42957401275634766
1760,Episode_Reward/track_lin_vel_xy_miki,1.3580787181854248
1760,Episode_Reward/undesired_contacts,0.0
1760,Episode_Termination/base_contact,0.0
1760,Episode_Termination/head_contact,0.0062764487229287624
1760,Episode_Termination/time_out,0.9937235713005066
1760,Loss/entropy,-1.3317532539367676
1760,Loss/learning_rate,0.00011390625149942935
1760,Loss/surrogate,-0.00307776452973485
1760,Loss/value,0.004551568999886513
1760,Metrics/base_velocity/error_vel_xy,0.14510880410671234
1760,Metrics/base_velocity/error_vel_yaw,0.16479068994522095
1760,Metrics/success_rate,1.0
1760,Perf/collection_time,1.8350038528442383
1760,Perf/learning_time,0.27823328971862793
1760,Perf/total_fps,46518.0
1760,Policy/mean_std,0.28596463799476624
1760,Train/mean_episode_length,995.6300048828125
1760,Train/mean_reward,20.17788314819336
1800,Episode_Reward/action_rate_l2,-0.0584411695599556
1800,Episode_Reward/belly_contact_force,0.0
1800,Episode_Reward/dof_torques_l2,-0.6731489896774292
1800,Episode_Reward/lin_vel_z_l2,-0.029360361397266388
1800,Episode_Reward/track_ang_vel_z_exp,0.4374621510505676
1800,Episode_Reward/track_lin_vel_xy_miki,1.3724572658538818
1800,Episode_Reward/undesired_contacts,0.0
1800,Episode_Termination/base_contact,0.0
1800,Episode_Termination/head_contact,0.0038045248948037624
1800,Episode_Termination/time_out,0.9961954951286316
1800,Loss/entropy,-1.990112543106079
1800,Loss/learning_rate,7.593750342493877e-05
1800,Loss/surrogate,-0.002221027621999383
1800,Loss/value,0.004863101989030838
1800,Metrics/base_velocity/error_vel_xy,0.13923820853233337
1800,Metrics/base_velocity/error_vel_yaw,0.15543541312217712
1800,Metrics/success_rate,1.0
1800,Perf/collection_time,1.5161464214324951
1800,Perf/learning_time,0.16857409477233887
1800,Perf/total_fps,58350.0
1800,Policy/mean_std,0.2786070704460144
1800,Train/mean_episode_length,1000.0
1800,Train/mean_reward,21.16689682006836
1821,Train/mean_episode_length/time,113.31999969482422
1821,Train/mean_reward/time,1.387345552444458
1840,Episode_Reward/action_rate_l2,-0.055101778358221054
1840,Episode_Reward/belly_contact_force,0.0
1840,Episode_Reward/dof_torques_l2,-0.6524266600608826
1840,Episode_Reward/lin_vel_z_l2,-0.028039682656526566
1840,Episode_Reward/track_ang_vel_z_exp,0.43702933192253113
1840,Episode_Reward/track_lin_vel_xy_miki,1.3690557479858398
1840,Episode_Reward/undesired_contacts,-9.722221875563264e-05
1840,Episode_Termination/base_contact,0.0
1840,Episode_Termination/head_contact,0.0023193359375
1840,Episode_Termination/time_out,0.9976806640625
1840,Loss/entropy,-2.4885165691375732
1840,Loss/learning_rate,7.593750342493877e-05
1840,Loss/surrogate,-0.0022562104277312756
1840,Loss/value,0.006238143425434828
1840,Metrics/base_velocity/error_vel_xy,0.13782893121242523
1840,Metrics/base_velocity/error_vel_yaw,0.15253321826457977
1840,Metrics/success_rate,1.0
1840,Perf/collection_time,1.5536117553710938
1840,Perf/learning_time,0.1585981845855713
1840,Perf/total_fps,57413.0
1840,Policy/mean_std,0.27151137590408325
1840,Train/mean_episode_length,991.7899780273438
1840,Train/mean_reward,21.174522399902344
1880,Episode_Reward/action_rate_l2,-0.05175783485174179
1880,Episode_Reward/belly_contact_force,0.0
1880,Episode_Reward/dof_torques_l2,-0.6356315612792969
1880,Episode_Reward/lin_vel_z_l2,-0.02595468983054161
1880,Episode_Reward/track_ang_vel_z_exp,0.4427355229854584
1880,Episode_Reward/track_lin_vel_xy_miki,1.387580156326294
1880,Episode_Reward/undesired_contacts,0.0
1880,Episode_Termination/base_contact,0.0
1880,Episode_Termination/head_contact,0.0027262370567768812
1880,Episode_Termination/time_out,0.9972738027572632
1880,Loss/entropy,-3.072028636932373
1880,Loss/learning_rate,5.062499985797331e-05
1880,Loss/surrogate,-0.0030374741181731224
1880,Loss/value,0.006006692536175251
1880,Metrics/base_velocity/error_vel_xy,0.12884104251861572
1880,Metrics/base_velocity/error_vel_yaw,0.14753137528896332
1880,Metrics/success_rate,1.0
1880,Perf/collection_time,1.7236964702606201
1880,Perf/learning_time,0.233900785446167
1880,Perf/total_fps,50216.0
1880,Policy/mean_std,0.2637289762496948
1880,Train/mean_episode_length,1000.0
1880,Train/mean_reward,22.373825073242188
1903,Train/mean_episode_length/time,68.87000274658203
1903,Train/mean_reward/time,0.7330718040466309
1920,Episode_Reward/action_rate_l2,-0.04897715896368027
1920,Episode_Reward/belly_contact_force,0.0
1920,Episode_Reward/dof_torques_l2,-0.6189924478530884
1920,Episode_Reward/lin_vel_z_l2,-0.02561909332871437
1920,Episode_Reward/track_ang_vel_z_exp,0.4458281397819519
1920,Episode_Reward/track_lin_vel_xy_miki,1.392622709274292
1920,Episode_Reward/undesired_contacts,0.0
1920,Episode_Termination/base_contact,0.0
1920,Episode_Termination/head_contact,0.002197265625
1920,Episode_Termination/time_out,0.997802734375
1920,Loss/entropy,-3.3757951259613037
1920,Loss/learning_rate,7.593750342493877e-05
1920,Loss/surrogate,-0.0025269589386880398
1920,Loss/value,0.004657868295907974
1920,Metrics/base_velocity/error_vel_xy,0.12346653640270233
1920,Metrics/base_velocity/error_vel_yaw,0.1427781730890274
1920,Metrics/success_rate,1.0
1920,Perf/collection_time,1.8331551551818848
1920,Perf/learning_time,0.22188758850097656
1920,Perf/total_fps,47835.0
1920,Policy/mean_std,0.25911885499954224
1920,Train/mean_episode_length,1000.0
1920,Train/mean_reward,22.628101348876953
1960,Episode_Reward/action_rate_l2,-0.04824746400117874
1960,Episode_Reward/belly_contact_force,0.0
1960,Episode_Reward/dof_torques_l2,-0.6181584596633911
1960,Episode_Reward/lin_vel_z_l2,-0.02419334463775158
1960,Episode_Reward/track_ang_vel_z_exp,0.4459366202354431
1960,Episode_Reward/track_lin_vel_xy_miki,1.3939759731292725
1960,Episode_Reward/undesired_contacts,0.0
1960,Episode_Termination/base_contact,0.0
1960,Episode_Termination/head_contact,0.001708984375
1960,Episode_Termination/time_out,0.998291015625
1960,Loss/entropy,-3.694141387939453
1960,Loss/learning_rate,0.00011390625149942935
1960,Loss/surrogate,-0.00270446902140975
1960,Loss/value,0.004106475505977869
1960,Metrics/base_velocity/error_vel_xy,0.12220792472362518
1960,Metrics/base_velocity/error_vel_yaw,0.1426677107810974
1960,Metrics/success_rate,1.0
1960,Perf/collection_time,1.9044528007507324
1960,Perf/learning_time,0.2504243850708008
1960,Perf/total_fps,45619.0
1960,Policy/mean_std,0.2540760040283203
1960,Train/mean_episode_length,1000.0
1960,Train/mean_reward,23.033573150634766
1985,Train/mean_episode_length/time,122.83000183105469
1985,Train/mean_reward/time,1.504178524017334
2000,Episode_Reward/action_rate_l2,-0.046246957033872604
2000,Episode_Reward/belly_contact_force,0.0
2000,Episode_Reward/dof_torques_l2,-0.6076337695121765
2000,Episode_Reward/lin_vel_z_l2,-0.023489825427532196
2000,Episode_Reward/track_ang_vel_z_exp,0.44755738973617554
2000,Episode_Reward/track_lin_vel_xy_miki,1.3964347839355469
2000,Episode_Reward/undesired_contacts,0.0
2000,Episode_Termination/base_contact,0.0
2000,Episode_Termination/head_contact,0.00048828125
2000,Episode_Termination/time_out,0.99951171875
2000,Loss/entropy,-4.384213924407959
2000,Loss/learning_rate,7.593750342493877e-05
2000,Loss/surrogate,-0.003009422216564417
2000,Loss/value,0.004213803447782993
2000,Metrics/base_velocity/error_vel_xy,0.1203547939658165
2000,Metrics/base_velocity/error_vel_yaw,0.14014554023742676
2000,Metrics/success_rate,1.0
2000,Perf/collection_time,1.8522653579711914
2000,Perf/learning_time,0.1956799030303955
2000,Perf/total_fps,48001.0
2000,Policy/mean_std,0.24625958502292633
2000,Train/mean_episode_length,1000.0
2000,Train/mean_reward,23.402828216552734
2040,Episode_Reward/action_rate_l2,-0.044962894171476364
2040,Episode_Reward/belly_contact_force,0.0
2040,Episode_Reward/dof_torques_l2,-0.5972661972045898
2040,Episode_Reward/lin_vel_z_l2,-0.022031869739294052
2040,Episode_Reward/track_ang_vel_z_exp,0.44977569580078125
2040,Episode_Reward/track_lin_vel_xy_miki,1.3959993124008179
2040,Episode_Reward/undesired_contacts,0.0
2040,Episode_Termination/base_contact,0.0
2040,Episode_Termination/head_contact,0.001220703125
2040,Episode_Termination/time_out,0.998779296875
2040,Loss/entropy,-4.756011009216309
2040,Loss/learning_rate,5.062499985797331e-05
2040,Loss/surrogate,-0.0030393810011446476
2040,Loss/value,0.004796900786459446
2040,Metrics/base_velocity/error_vel_xy,0.12135255336761475
2040,Metrics/base_velocity/error_vel_yaw,0.13642911612987518
2040,Metrics/success_rate,1.0
2040,Perf/collection_time,1.7509453296661377
2040,Perf/learning_time,0.19343233108520508
2040,Perf/total_fps,50558.0
2040,Policy/mean_std,0.242451012134552
2040,Train/mean_episode_length,1000.0
2040,Train/mean_reward,23.64711570739746
2073,Train/mean_episode_length/time,86.0999984741211
2073,Train/mean_reward/time,1.2309644222259521
2080,Episode_Reward/action_rate_l2,-0.04314332455396652
2080,Episode_Reward/belly_contact_force,0.0
2080,Episode_Reward/dof_torques_l2,-0.5809648036956787
2080,Episode_Reward/lin_vel_z_l2,-0.0223500095307827
2080,Episode_Reward/track_ang_vel_z_exp,0.45141708850860596
2080,Episode_Reward/track_lin_vel_xy_miki,1.402286410331726
2080,Episode_Reward/undesired_contacts,0.0
2080,Episode_Termination/base_contact,0.0
2080,Episode_Termination/head_contact,0.0009765625
2080,Episode_Termination/time_out,0.9990234375
2080,Loss/entropy,-4.846325874328613
2080,Loss/learning_rate,7.593750342493877e-05
2080,Loss/surrogate,-0.0028012017719447613
2080,Loss/value,0.003773971926420927
2080,Metrics/base_velocity/error_vel_xy,0.11683584749698639
2080,Metrics/base_velocity/error_vel_yaw,0.13374674320220947
2080,Metrics/success_rate,1.0
2080,Perf/collection_time,1.8711700439453125
2080,Perf/learning_time,0.20668482780456543
2080,Perf/total_fps,47310.0
2080,Policy/mean_std,0.23972098529338837
2080,Train/mean_episode_length,1000.0
2080,Train/mean_reward,23.992921829223633
2120,Episode_Reward/action_rate_l2,-0.042791083455085754
2120,Episode_Reward/belly_contact_force,0.0
2120,Episode_Reward/dof_torques_l2,-0.5827369689941406
2120,Episode_Reward/lin_vel_z_l2,-0.02147616446018219
2120,Episode_Reward/track_ang_vel_z_exp,0.4518676698207855
2120,Episode_Reward/track_lin_vel_xy_miki,1.4035365581512451
2120,Episode_Reward/undesired_contacts,0.0
2120,Episode_Termination/base_contact,0.0
2120,Episode_Termination/head_contact,0.000732421875
2120,Episode_Termination/time_out,0.999267578125
2120,Loss/entropy,-5.045976161956787
2120,Loss/learning_rate,5.062499985797331e-05
2120,Loss/surrogate,-0.002408971544355154
2120,Loss/value,0.003945556003600359
2120,Metrics/base_velocity/error_vel_xy,0.11529113352298737
2120,Metrics/base_velocity/error_vel_yaw,0.1333322376012802
2120,Metrics/success_rate,1.0
2120,Perf/collection_time,1.8922135829925537
2120,Perf/learning_time,0.21632599830627441
2120,Perf/total_fps,46621.0
2120,Policy/mean_std,0.23667815327644348
2120,Train/mean_episode_length,1000.0
2120,Train/mean_reward,24.21245002746582
2160,Episode_Reward/action_rate_l2,-0.0418635718524456
2160,Episode_Reward/belly_contact_force,0.0
2160,Episode_Reward/dof_torques_l2,-0.5839967727661133
2160,Episode_Reward/lin_vel_z_l2,-0.022481953725218773
2160,Episode_Reward/track_ang_vel_z_exp,0.4504801034927368
2160,Episode_Reward/track_lin_vel_xy_miki,1.3916734457015991
2160,Episode_Reward/undesired_contacts,-0.0001145833230111748
2160,Episode_Termination/base_contact,0.0
2160,Episode_Termination/head_contact,0.002410888671875
2160,Episode_Termination/time_out,0.997589111328125
2160,Loss/entropy,-5.4286065101623535
2160,Loss/learning_rate,7.593750342493877e-05
2160,Loss/surrogate,-0.0026755239814519882
2160,Loss/value,0.0033251314889639616
2160,Metrics/base_velocity/error_vel_xy,0.12374739348888397
2160,Metrics/base_velocity/error_vel_yaw,0.1325082629919052
2160,Metrics/success_rate,1.0
2160,Perf/collection_time,1.9143736362457275
2160,Perf/learning_time,0.22323894500732422
2160,Perf/total_fps,45987.0
2160,Policy/mean_std,0.2328842133283615
2160,Train/mean_episode_length,996.1799926757812
2160,Train/mean_reward,23.823741912841797
2173,Train/mean_episode_length/time,125.4800033569336
2173,Train/mean_reward/time,1.71453857421875
2200,Episode_Reward/action_rate_l2,-0.040365517139434814
2200,Episode_Reward/belly_contact_force,0.0
2200,Episode_Reward/dof_torques_l2,-0.5692992210388184
2200,Episode_Reward/lin_vel_z_l2,-0.020688697695732117
2200,Episode_Reward/track_ang_vel_z_exp,0.45475077629089355
2200,Episode_Reward/track_lin_vel_xy_miki,1.4063057899475098
2200,Episode_Reward/undesired_contacts,0.0
2200,Episode_Termination/base_contact,0.0
2200,Episode_Termination/head_contact,0.0017191569786518812
2200,Episode_Termination/time_out,0.9982808828353882
2200,Loss/entropy,-5.648801326751709
2200,Loss/learning_rate,5.062499985797331e-05
2200,Loss/surrogate,-0.0020787653047591448
2200,Loss/value,0.00374867906793952
2200,Metrics/base_velocity/error_vel_xy,0.11398504674434662
2200,Metrics/base_velocity/error_vel_yaw,0.12819752097129822
2200,Metrics/success_rate,1.0
2200,Perf/collection_time,1.8152234554290771
2200,Perf/learning_time,0.1987771987915039
2200,Perf/total_fps,48810.0
2200,Policy/mean_std,0.23029769957065582
2200,Train/mean_episode_length,1000.0
2200,Train/mean_reward,24.637821197509766
2240,Episode_Reward/action_rate_l2,-0.040768302977085114
2240,Episode_Reward/belly_contact_force,0.0
2240,Episode_Reward/dof_torques_l2,-0.5688292980194092
2240,Episode_Reward/lin_vel_z_l2,-0.020114345476031303
2240,Episode_Reward/track_ang_vel_z_exp,0.45512884855270386
2240,Episode_Reward/track_lin_vel_xy_miki,1.403851866722107
2240,Episode_Reward/undesired_contacts,0.0
2240,Episode_Termination/base_contact,0.0
2240,Episode_Termination/head_contact,0.002197265625
2240,Episode_Termination/time_out,0.997802734375
2240,Loss/entropy,-5.947412967681885
2240,Loss/learning_rate,0.00011390625149942935
2240,Loss/surrogate,-0.002590099349617958
2240,Loss/value,0.005159951746463776
2240,Metrics/base_velocity/error_vel_xy,0.11666980385780334
2240,Metrics/base_velocity/error_vel_yaw,0.12785464525222778
2240,Metrics/success_rate,1.0
2240,Perf/collection_time,1.7944002151489258
2240,Perf/learning_time,0.18865585327148438
2240,Perf/total_fps,49571.0
2240,Policy/mean_std,0.22812557220458984
2240,Train/mean_episode_length,1000.0
2240,Train/mean_reward,24.521425247192383
2264,Train/mean_episode_length/time,80.2300033569336
2264,Train/mean_reward/time,0.9647247791290283
2280,Episode_Reward/action_rate_l2,-0.04098045080900192
2280,Episode_Reward/belly_contact_force,0.0
2280,Episode_Reward/dof_torques_l2,-0.5650348663330078
2280,Episode_Reward/lin_vel_z_l2,-0.019864823669195175
2280,Episode_Reward/track_ang_vel_z_exp,0.45510947704315186
2280,Episode_Reward/track_lin_vel_xy_miki,1.4050850868225098
2280,Episode_Reward/undesired_contacts,0.0
2280,Episode_Termination/base_contact,0.0
2280,Episode_Termination/head_contact,0.000732421875
2280,Episode_Termination/time_out,0.999267578125
2280,Loss/entropy,-6.146334648132324
2280,Loss/learning_rate,5.062499985797331e-05
2280,Loss/surrogate,-0.002719571813941002
2280,Loss/value,0.005989047233015299
2280,Metrics/base_velocity/error_vel_xy,0.11436712741851807
2280,Metrics/base_velocity/error_vel_yaw,0.12769171595573425
2280,Metrics/success_rate,1.0
2280,Perf/collection_time,1.7161412239074707
2280,Perf/learning_time,0.24394893646240234
2280,Perf/total_fps,50152.0
2280,Policy/mean_std,0.22678424417972565
2280,Train/mean_episode_length,1000.0
2280,Train/mean_reward,24.727439880371094
2320,Episode_Reward/action_rate_l2,-0.039770714938640594
2320,Episode_Reward/belly_contact_force,0.0
2320,Episode_Reward/dof_torques_l2,-0.5581926107406616
2320,Episode_Reward/lin_vel_z_l2,-0.020844362676143646
2320,Episode_Reward/track_ang_vel_z_exp,0.4563339352607727
2320,Episode_Reward/track_lin_vel_xy_miki,1.4036201238632202
2320,Episode_Reward/undesired_contacts,0.0
2320,Episode_Termination/base_contact,0.0
2320,Episode_Termination/head_contact,0.0009765625
2320,Episode_Termination/time_out,0.9990234375
2320,Loss/entropy,-6.129934787750244
2320,Loss/learning_rate,7.593750342493877e-05
2320,Loss/surrogate,-0.0030167135410010815
2320,Loss/value,0.0034956017043441534
2320,Metrics/base_velocity/error_vel_xy,0.11711743474006653
2320,Metrics/base_velocity/error_vel_yaw,0.12580084800720215
2320,Metrics/success_rate,1.0
2320,Perf/collection_time,2.1180644035339355
2320,Perf/learning_time,0.2695159912109375
2320,Perf/total_fps,41173.0
2320,Policy/mean_std,0.22643466293811798
2320,Train/mean_episode_length,1000.0
2320,Train/mean_reward,24.879962921142578
2340,Train/mean_episode_length/time,139.38999938964844
2340,Train/mean_reward/time,2.066768169403076
2360,Episode_Reward/action_rate_l2,-0.0396963469684124
2360,Episode_Reward/belly_contact_force,0.0
2360,Episode_Reward/dof_torques_l2,-0.5569336414337158
2360,Episode_Reward/lin_vel_z_l2,-0.020389828830957413
2360,Episode_Reward/track_ang_vel_z_exp,0.45716261863708496
2360,Episode_Reward/track_lin_vel_xy_miki,1.408498764038086
2360,Episode_Reward/undesired_contacts,0.0
2360,Episode_Termination/base_contact,0.0
2360,Episode_Termination/head_contact,0.00048828125
2360,Episode_Termination/time_out,0.99951171875
2360,Loss/entropy,-6.147732734680176
2360,Loss/learning_rate,3.3749998692655936e-05
2360,Loss/surrogate,-0.002529255812987685
2360,Loss/value,0.0037644337862730026
2360,Metrics/base_velocity/error_vel_xy,0.11271452903747559
2360,Metrics/base_velocity/error_vel_yaw,0.1244446262717247
2360,Metrics/success_rate,1.0
2360,Perf/collection_time,1.8086614608764648
2360,Perf/learning_time,0.2191922664642334
2360,Perf/total_fps,48476.0
2360,Policy/mean_std,0.22529804706573486
2360,Train/mean_episode_length,1000.0
2360,Train/mean_reward,24.934833526611328
2400,Episode_Reward/action_rate_l2,-0.039514437317848206
2400,Episode_Reward/belly_contact_force,0.0
2400,Episode_Reward/dof_torques_l2,-0.5542060136795044
2400,Episode_Reward/lin_vel_z_l2,-0.02007092721760273
2400,Episode_Reward/track_ang_vel_z_exp,0.457205593585968
2400,Episode_Reward/track_lin_vel_xy_miki,1.40607488155365
2400,Episode_Reward/undesired_contacts,0.0
2400,Episode_Termination/base_contact,0.0
2400,Episode_Termination/head_contact,0.000732421875
2400,Episode_Termination/time_out,0.999267578125
2400,Loss/entropy,-6.296608924865723
2400,Loss/learning_rate,7.593750342493877e-05
2400,Loss/surrogate,-0.0032606516033411026
2400,Loss/value,0.004251828417181969
2400,Metrics/base_velocity/error_vel_xy,0.11564944684505463
2400,Metrics/base_velocity/error_vel_yaw,0.12430407851934433
2400,Metrics/success_rate,1.0
2400,Perf/collection_time,1.8708279132843018
2400,Perf/learning_time,0.2858469486236572
2400,Perf/total_fps,45581.0
2400,Policy/mean_std,0.2238362729549408
2400,Train/mean_episode_length,1000.0
2400,Train/mean_reward,24.91490364074707
2413,Train/mean_episode_length/time,149.02999877929688
2413,Train/mean_reward/time,2.235929012298584
2440,Episode_Reward/action_rate_l2,-0.038638051599264145
2440,Episode_Reward/belly_contact_force,0.0
2440,Episode_Reward/dof_torques_l2,-0.5435366034507751
2440,Episode_Reward/lin_vel_z_l2,-0.0194636732339859
2440,Episode_Reward/track_ang_vel_z_exp,0.4581875503063202
2440,Episode_Reward/track_lin_vel_xy_miki,1.4091508388519287
2440,Episode_Reward/undesired_contacts,0.0
2440,Episode_Termination/base_contact,0.0
2440,Episode_Termination/head_contact,0.000244140625
2440,Episode_Termination/time_out,0.999755859375
2440,Loss/entropy,-6.689055919647217
2440,Loss/learning_rate,7.593750342493877e-05
2440,Loss/surrogate,-0.002983119571581483
2440,Loss/value,0.004305270966142416
2440,Metrics/base_velocity/error_vel_xy,0.11216586828231812
2440,Metrics/base_velocity/error_vel_yaw,0.12257683277130127
2440,Metrics/success_rate,1.0
2440,Perf/collection_time,2.021301507949829
2440,Perf/learning_time,0.24454665184020996
2440,Perf/total_fps,43385.0
2440,Policy/mean_std,0.22077810764312744
2440,Train/mean_episode_length,1000.0
2440,Train/mean_reward,25.036733627319336
2480,Episode_Reward/action_rate_l2,-0.03746386617422104
2480,Episode_Reward/belly_contact_force,0.0
2480,Episode_Reward/dof_torques_l2,-0.5313928127288818
2480,Episode_Reward/lin_vel_z_l2,-0.018714889883995056
2480,Episode_Reward/track_ang_vel_z_exp,0.4579448699951172
2480,Episode_Reward/track_lin_vel_xy_miki,1.4109070301055908
2480,Episode_Reward/undesired_contacts,0.0
2480,Episode_Termination/base_contact,0.0
2480,Episode_Termination/head_contact,0.001953125
2480,Episode_Termination/time_out,0.998046875
2480,Loss/entropy,-6.79865837097168
2480,Loss/learning_rate,7.593750342493877e-05
2480,Loss/surrogate,-0.0023772926069796085
2480,Loss/value,0.0047292630188167095
2480,Metrics/base_velocity/error_vel_xy,0.11115004867315292
2480,Metrics/base_velocity/error_vel_yaw,0.12330055236816406
2480,Metrics/success_rate,1.0
2480,Perf/collection_time,1.863701343536377
2480,Perf/learning_time,0.20967674255371094
2480,Perf/total_fps,47412.0
2480,Policy/mean_std,0.21974022686481476
2480,Train/mean_episode_length,1000.0
2480,Train/mean_reward,25.57777214050293
2486,Train/mean_episode_length/time,116.1500015258789
2486,Train/mean_reward/time,1.4810277223587036
2520,Episode_Reward/action_rate_l2,-0.03786233812570572
2520,Episode_Reward/belly_contact_force,0.0
2520,Episode_Reward/dof_torques_l2,-0.5363630652427673
2520,Episode_Reward/lin_vel_z_l2,-0.019221771508455276
2520,Episode_Reward/track_ang_vel_z_exp,0.4585883617401123
2520,Episode_Reward/track_lin_vel_xy_miki,1.406298041343689
2520,Episode_Reward/undesired_contacts,0.0
2520,Episode_Termination/base_contact,0.0
2520,Episode_Termination/head_contact,0.00048828125
2520,Episode_Termination/time_out,0.99951171875
2520,Loss/entropy,-6.733850002288818
2520,Loss/learning_rate,7.593750342493877e-05
2520,Loss/surrogate,-0.002890400355681777
2520,Loss/value,0.005153630394488573
2520,Metrics/base_velocity/error_vel_xy,0.1173739954829216
2520,Metrics/base_velocity/error_vel_yaw,0.12209539115428925
2520,Metrics/success_rate,1.0
2520,Perf/collection_time,1.7693934440612793
2520,Perf/learning_time,0.2399919033050537
2520,Perf/total_fps,48922.0
2520,Policy/mean_std,0.2192932516336441
2520,Train/mean_episode_length,1000.0
2520,Train/mean_reward,25.462364196777344
2560,Episode_Reward/action_rate_l2,-0.0373617559671402
2560,Episode_Reward/belly_contact_force,0.0
2560,Episode_Reward/dof_torques_l2,-0.5299834609031677
2560,Episode_Reward/lin_vel_z_l2,-0.018318019807338715
2560,Episode_Reward/track_ang_vel_z_exp,0.459209680557251
2560,Episode_Reward/track_lin_vel_xy_miki,1.4111894369125366
2560,Episode_Reward/undesired_contacts,0.0
2560,Episode_Termination/base_contact,0.0
2560,Episode_Termination/head_contact,0.000732421875
2560,Episode_Termination/time_out,0.999267578125
2560,Loss/entropy,-6.802645683288574
2560,Loss/learning_rate,7.593750342493877e-05
2560,Loss/surrogate,-0.002251991769298911
2560,Loss/value,0.003190215677022934
2560,Metrics/base_velocity/error_vel_xy,0.11162389814853668
2560,Metrics/base_velocity/error_vel_yaw,0.12104871869087219
2560,Metrics/success_rate,1.0
2560,Perf/collection_time,1.8305504322052002
2560,Perf/learning_time,0.21257424354553223
2560,Perf/total_fps,48114.0
2560,Policy/mean_std,0.21831868588924408
2560,Train/mean_episode_length,1000.0
2560,Train/mean_reward,25.7701473236084
2564,Train/mean_episode_length/time,82.05999755859375
2564,Train/mean_reward/time,0.9624621868133545
2600,Episode_Reward/action_rate_l2,-0.03665772080421448
2600,Episode_Reward/belly_contact_force,0.0
2600,Episode_Reward/dof_torques_l2,-0.5271377563476562
2600,Episode_Reward/lin_vel_z_l2,-0.019212797284126282
2600,Episode_Reward/track_ang_vel_z_exp,0.4588514268398285
2600,Episode_Reward/track_lin_vel_xy_miki,1.4086029529571533
2600,Episode_Reward/undesired_contacts,0.0
2600,Episode_Termination/base_contact,0.0
2600,Episode_Termination/head_contact,0.00048828125
2600,Episode_Termination/time_out,0.99951171875
2600,Loss/entropy,-6.934841156005859
2600,Loss/learning_rate,5.062499985797331e-05
2600,Loss/surrogate,-0.002015599049627781
2600,Loss/value,0.0033856758382171392
2600,Metrics/base_velocity/error_vel_xy,0.11257496476173401
2600,Metrics/base_velocity/error_vel_yaw,0.12141786515712738
2600,Metrics/success_rate,1.0
2600,Perf/collection_time,1.8494048118591309
2600,Perf/learning_time,0.1912689208984375
2600,Perf/total_fps,48172.0
2600,Policy/mean_std,0.21706825494766235
2600,Train/mean_episode_length,1000.0
2600,Train/mean_reward,25.671321868896484
2638,Train/mean_episode_length/time,162.99000549316406
2638,Train/mean_reward/time,2.08032488822937
2640,Episode_Reward/action_rate_l2,-0.03665541112422943
2640,Episode_Reward/belly_contact_force,0.0
2640,Episode_Reward/dof_torques_l2,-0.5245437026023865
2640,Episode_Reward/lin_vel_z_l2,-0.01881345361471176
2640,Episode_Reward/track_ang_vel_z_exp,0.4581243693828583
2640,Episode_Reward/track_lin_vel_xy_miki,1.4005420207977295
2640,Episode_Reward/undesired_contacts,0.0
2640,Episode_Termination/base_contact,0.0
2640,Episode_Termination/head_contact,0.0019327800255268812
2640,Episode_Termination/time_out,0.9980672597885132
2640,Loss/entropy,-7.182019233703613
2640,Loss/learning_rate,7.593750342493877e-05
2640,Loss/surrogate,-0.0026350505650043488
2640,Loss/value,0.0033024465665221214
2640,Metrics/base_velocity/error_vel_xy,0.11579039692878723
2640,Metrics/base_velocity/error_vel_yaw,0.11928000301122665
2640,Metrics/success_rate,1.0
2640,Perf/collection_time,1.7099342346191406
2640,Perf/learning_time,0.1890881061553955
2640,Perf/total_fps,51765.0
2640,Policy/mean_std,0.2150806188583374
2640,Train/mean_episode_length,995.3300170898438
2640,Train/mean_reward,25.41701889038086
2680,Episode_Reward/action_rate_l2,-0.03630653768777847
2680,Episode_Reward/belly_contact_force,0.0
2680,Episode_Reward/dof_torques_l2,-0.5219013690948486
2680,Episode_Reward/lin_vel_z_l2,-0.017214622348546982
2680,Episode_Reward/track_ang_vel_z_exp,0.4604586958885193
2680,Episode_Reward/track_lin_vel_xy_miki,1.4110603332519531
2680,Episode_Reward/undesired_contacts,0.0
2680,Episode_Termination/base_contact,0.0
2680,Episode_Termination/head_contact,0.0013020833721384406
2680,Episode_Termination/time_out,0.9986979365348816
2680,Loss/entropy,-7.257300853729248
2680,Loss/learning_rate,7.593750342493877e-05
2680,Loss/surrogate,-0.002851549768820405
2680,Loss/value,0.0035122104454785585
2680,Metrics/base_velocity/error_vel_xy,0.1064809188246727
2680,Metrics/base_velocity/error_vel_yaw,0.11673372983932495
2680,Metrics/success_rate,1.0
2680,Perf/collection_time,1.6806285381317139
2680,Perf/learning_time,0.1865382194519043
2680,Perf/total_fps,52648.0
2680,Policy/mean_std,0.2139999270439148
2680,Train/mean_episode_length,995.4500122070312
2680,Train/mean_reward,25.77555274963379
2716,Train/mean_episode_length/time,239.2100067138672
2716,Train/mean_reward/time,3.4802303314208984
2720,Episode_Reward/action_rate_l2,-0.03640980273485184
2720,Episode_Reward/belly_contact_force,0.0
2720,Episode_Reward/dof_torques_l2,-0.5199143886566162
2720,Episode_Reward/lin_vel_z_l2,-0.017594151198863983
2720,Episode_Reward/track_ang_vel_z_exp,0.46135473251342773
2720,Episode_Reward/track_lin_vel_xy_miki,1.4130055904388428
2720,Episode_Reward/undesired_contacts,0.0
2720,Episode_Termination/base_contact,0.0
2720,Episode_Termination/head_contact,0.000732421875
2720,Episode_Termination/time_out,0.999267578125
2720,Loss/entropy,-7.3122782707214355
2720,Loss/learning_rate,5.062499985797331e-05
2720,Loss/surrogate,-0.0023312438279390335
2720,Loss/value,0.005059137009084225
2720,Metrics/base_velocity/error_vel_xy,0.10912029445171356
2720,Metrics/base_velocity/error_vel_yaw,0.11740081757307053
2720,Metrics/success_rate,1.0
2720,Perf/collection_time,1.851304531097412
2720,Perf/learning_time,0.18436050415039062
2720,Perf/total_fps,48290.0
2720,Policy/mean_std,0.2133740335702896
2720,Train/mean_episode_length,1000.0
2720,Train/mean_reward,26.076873779296875
2760,Episode_Reward/action_rate_l2,-0.036016933619976044
2760,Episode_Reward/belly_contact_force,0.0
2760,Episode_Reward/dof_torques_l2,-0.520510196685791
2760,Episode_Reward/lin_vel_z_l2,-0.01782911643385887
2760,Episode_Reward/track_ang_vel_z_exp,0.4619879722595215
2760,Episode_Reward/track_lin_vel_xy_miki,1.4104325771331787
2760,Episode_Reward/undesired_contacts,0.0
2760,Episode_Termination/base_contact,0.0
2760,Episode_Termination/head_contact,0.00048828125
2760,Episode_Termination/time_out,0.99951171875
2760,Loss/entropy,-7.480373859405518
2760,Loss/learning_rate,7.593750342493877e-05
2760,Loss/surrogate,-0.002423230092972517
2760,Loss/value,0.0038716336712241173
2760,Metrics/base_velocity/error_vel_xy,0.11252846568822861
2760,Metrics/base_velocity/error_vel_yaw,0.11615109443664551
2760,Metrics/success_rate,1.0
2760,Perf/collection_time,1.697432518005371
2760,Perf/learning_time,0.1879730224609375
2760,Perf/total_fps,52139.0
2760,Policy/mean_std,0.2119903266429901
2760,Train/mean_episode_length,1000.0
2760,Train/mean_reward,25.97636604309082
2793,Train/mean_episode_length/time,211.05999755859375
2793,Train/mean_reward/time,3.0150675773620605
2800,Episode_Reward/action_rate_l2,-0.035289548337459564
2800,Episode_Reward/belly_contact_force,0.0
2800,Episode_Reward/dof_torques_l2,-0.5126988887786865
2800,Episode_Reward/lin_vel_z_l2,-0.016816671937704086
2800,Episode_Reward/track_ang_vel_z_exp,0.4619112014770508
2800,Episode_Reward/track_lin_vel_xy_miki,1.4129388332366943
2800,Episode_Reward/undesired_contacts,0.0
2800,Episode_Termination/base_contact,0.0
2800,Episode_Termination/head_contact,0.00048828125
2800,Episode_Termination/time_out,0.99951171875
2800,Loss/entropy,-7.551926136016846
2800,Loss/learning_rate,7.593750342493877e-05
2800,Loss/surrogate,-0.00273458962328732
2800,Loss/value,0.004121648147702217
2800,Metrics/base_velocity/error_vel_xy,0.10795266926288605
2800,Metrics/base_velocity/error_vel_yaw,0.11645256727933884
2800,Metrics/success_rate,1.0
2800,Perf/collection_time,1.7031400203704834
2800,Perf/learning_time,0.18133163452148438
2800,Perf/total_fps,52165.0
2800,Policy/mean_std,0.2116704136133194
2800,Train/mean_episode_length,1000.0
2800,Train/mean_reward,26.225378036499023
2840,Episode_Reward/action_rate_l2,-0.035580385476350784
2840,Episode_Reward/belly_contact_force,0.0
2840,Episode_Reward/dof_torques_l2,-0.5216284990310669
2840,Episode_Reward/lin_vel_z_l2,-0.01728818193078041
2840,Episode_Reward/track_ang_vel_z_exp,0.46180567145347595
2840,Episode_Reward/track_lin_vel_xy_miki,1.412113904953003
2840,Episode_Reward/undesired_contacts,0.0
2840,Episode_Termination/base_contact,0.0
2840,Episode_Termination/head_contact,0.000732421875
2840,Episode_Termination/time_out,0.999267578125
2840,Loss/entropy,-7.572722911834717
2840,Loss/learning_rate,7.593750342493877e-05
2840,Loss/surrogate,-0.002562297973781824
2840,Loss/value,0.003965293988585472
2840,Metrics/base_velocity/error_vel_xy,0.11043795198202133
2840,Metrics/base_velocity/error_vel_yaw,0.11656501889228821
2840,Metrics/success_rate,1.0
2840,Perf/collection_time,1.7298545837402344
2840,Perf/learning_time,0.18561720848083496
2840,Perf/total_fps,51321.0
2840,Policy/mean_std,0.21140359342098236
2840,Train/mean_episode_length,1000.0
2840,Train/mean_reward,26.13145637512207
2869,Train/mean_episode_length/time,280.79998779296875
2869,Train/mean_reward/time,4.309735298156738
2880,Episode_Reward/action_rate_l2,-0.03424704819917679
2880,Episode_Reward/belly_contact_force,0.0
2880,Episode_Reward/dof_torques_l2,-0.5070359706878662
2880,Episode_Reward/lin_vel_z_l2,-0.01646600291132927
2880,Episode_Reward/track_ang_vel_z_exp,0.46272915601730347
2880,Episode_Reward/track_lin_vel_xy_miki,1.414379596710205
2880,Episode_Reward/undesired_contacts,0.0
2880,Episode_Termination/base_contact,0.0
2880,Episode_Termination/head_contact,0.000244140625
2880,Episode_Termination/time_out,0.999755859375
2880,Loss/entropy,-7.684622287750244
2880,Loss/learning_rate,3.3749998692655936e-05
2880,Loss/surrogate,-0.0021863088477402925
2880,Loss/value,0.0036059250123798847
2880,Metrics/base_velocity/error_vel_xy,0.10762305557727814
2880,Metrics/base_velocity/error_vel_yaw,0.11487314105033875
2880,Metrics/success_rate,1.0
2880,Perf/collection_time,1.6708645820617676
2880,Perf/learning_time,0.185835599899292
2880,Perf/total_fps,52945.0
2880,Policy/mean_std,0.21016021072864532
2880,Train/mean_episode_length,1000.0
2880,Train/mean_reward,26.252674102783203
2920,Episode_Reward/action_rate_l2,-0.034427814185619354
2920,Episode_Reward/belly_contact_force,0.0
2920,Episode_Reward/dof_torques_l2,-0.5090744495391846
2920,Episode_Reward/lin_vel_z_l2,-0.017388369888067245
2920,Episode_Reward/track_ang_vel_z_exp,0.4615987241268158
2920,Episode_Reward/track_lin_vel_xy_miki,1.4117982387542725
2920,Episode_Reward/undesired_contacts,0.0
2920,Episode_Termination/base_contact,0.0
2920,Episode_Termination/head_contact,0.000244140625
2920,Episode_Termination/time_out,0.999755859375
2920,Loss/entropy,-7.683651447296143
2920,Loss/learning_rate,7.593750342493877e-05
2920,Loss/surrogate,-0.002559783635661006
2920,Loss/value,0.004481605254113674
2920,Metrics/base_velocity/error_vel_xy,0.11012845486402512
2920,Metrics/base_velocity/error_vel_yaw,0.11717145144939423
2920,Metrics/success_rate,1.0
2920,Perf/collection_time,1.7520415782928467
2920,Perf/learning_time,0.18770194053649902
2920,Perf/total_fps,50678.0
2920,Policy/mean_std,0.21015837788581848
2920,Train/mean_episode_length,1000.0
2920,Train/mean_reward,26.01704978942871
2951,Train/mean_episode_length/time,529.280029296875
2951,Train/mean_reward/time,7.794126987457275
2960,Episode_Reward/action_rate_l2,-0.03407890349626541
2960,Episode_Reward/belly_contact_force,0.0
2960,Episode_Reward/dof_torques_l2,-0.5075900554656982
2960,Episode_Reward/lin_vel_z_l2,-0.016880154609680176
2960,Episode_Reward/track_ang_vel_z_exp,0.4617602229118347
2960,Episode_Reward/track_lin_vel_xy_miki,1.4154618978500366
2960,Episode_Reward/undesired_contacts,0.0
2960,Episode_Termination/base_contact,0.0
2960,Episode_Termination/head_contact,0.0009765625
2960,Episode_Termination/time_out,0.9990234375
2960,Loss/entropy,-7.8582940101623535
2960,Loss/learning_rate,5.062499985797331e-05
2960,Loss/surrogate,-0.0030165379866957664
2960,Loss/value,0.003978318069130182
2960,Metrics/base_velocity/error_vel_xy,0.10789211839437485
2960,Metrics/base_velocity/error_vel_yaw,0.11688347160816193
2960,Metrics/success_rate,1.0
2960,Perf/collection_time,1.723158836364746
2960,Perf/learning_time,0.1791529655456543
2960,Perf/total_fps,51676.0
2960,Policy/mean_std,0.208930104970932
2960,Train/mean_episode_length,1000.0
2960,Train/mean_reward,26.314123153686523
3000,Episode_Reward/action_rate_l2,-0.03474760055541992
3000,Episode_Reward/belly_contact_force,0.0
3000,Episode_Reward/dof_torques_l2,-0.5118052959442139
3000,Episode_Reward/lin_vel_z_l2,-0.01728072389960289
3000,Episode_Reward/track_ang_vel_z_exp,0.4622471332550049
3000,Episode_Reward/track_lin_vel_xy_miki,1.4115180969238281
3000,Episode_Reward/undesired_contacts,0.0
3000,Episode_Termination/base_contact,0.0
3000,Episode_Termination/head_contact,0.001220703125
3000,Episode_Termination/time_out,0.998779296875
3000,Loss/entropy,-7.817124366760254
3000,Loss/learning_rate,5.062499985797331e-05
3000,Loss/surrogate,-0.0029811186250299215
3000,Loss/value,0.003330437932163477
3000,Metrics/base_velocity/error_vel_xy,0.11103769391775131
3000,Metrics/base_velocity/error_vel_yaw,0.11584173142910004
3000,Metrics/success_rate,1.0
3000,Perf/collection_time,1.763195514678955
3000,Perf/learning_time,0.19032835960388184
3000,Perf/total_fps,50321.0
3000,Policy/mean_std,0.20923176407814026
3000,Train/mean_episode_length,1000.0
3000,Train/mean_reward,26.226289749145508
3032,Train/mean_episode_length/time,698.3699951171875
3032,Train/mean_reward/time,10.678752899169922
3040,Episode_Reward/action_rate_l2,-0.03519488126039505
3040,Episode_Reward/belly_contact_force,0.0
3040,Episode_Reward/dof_torques_l2,-0.5162216424942017
3040,Episode_Reward/lin_vel_z_l2,-0.017655637115240097
3040,Episode_Reward/track_ang_vel_z_exp,0.4624454379081726
3040,Episode_Reward/track_lin_vel_xy_miki,1.4116395711898804
3040,Episode_Reward/undesired_contacts,0.0
3040,Episode_Termination/base_contact,0.0
3040,Episode_Termination/head_contact,0.0006815592641942203
3040,Episode_Termination/time_out,0.9993184804916382
3040,Loss/entropy,-7.6509809494018555
3040,Loss/learning_rate,7.593750342493877e-05
3040,Loss/surrogate,-0.0031109952833503485
3040,Loss/value,0.0032484231051057577
3040,Metrics/base_velocity/error_vel_xy,0.11151181906461716
3040,Metrics/base_velocity/error_vel_yaw,0.11546574532985687
3040,Metrics/success_rate,1.0
3040,Perf/collection_time,1.6779844760894775
3040,Perf/learning_time,0.1921398639678955
3040,Perf/total_fps,52565.0
3040,Policy/mean_std,0.2103152722120285
3040,Train/mean_episode_length,1000.0
3040,Train/mean_reward,26.134584426879883
3080,Episode_Reward/action_rate_l2,-0.0343075692653656
3080,Episode_Reward/belly_contact_force,0.0
3080,Episode_Reward/dof_torques_l2,-0.511582612991333
3080,Episode_Reward/lin_vel_z_l2,-0.017815079540014267
3080,Episode_Reward/track_ang_vel_z_exp,0.4627169370651245
3080,Episode_Reward/track_lin_vel_xy_miki,1.412365436553955
3080,Episode_Reward/undesired_contacts,0.0
3080,Episode_Termination/base_contact,0.0
3080,Episode_Termination/head_contact,0.000244140625
3080,Episode_Termination/time_out,0.999755859375
3080,Loss/entropy,-7.933472156524658
3080,Loss/learning_rate,7.593750342493877e-05
3080,Loss/surrogate,-0.0031912310514599085
3080,Loss/value,0.0036597095895558596
3080,Metrics/base_velocity/error_vel_xy,0.11128877103328705
3080,Metrics/base_velocity/error_vel_yaw,0.11486314237117767
3080,Metrics/success_rate,1.0
3080,Perf/collection_time,1.6068742275238037
3080,Perf/learning_time,0.18407511711120605
3080,Perf/total_fps,54889.0
3080,Policy/mean_std,0.20862895250320435
3080,Train/mean_episode_length,1000.0
3080,Train/mean_reward,26.341358184814453
3112,Train/mean_episode_length/time,756.530029296875
3112,Train/mean_reward/time,11.973836898803711
3120,Episode_Reward/action_rate_l2,-0.034395478665828705
3120,Episode_Reward/belly_contact_force,0.0
3120,Episode_Reward/dof_torques_l2,-0.5108023881912231
3120,Episode_Reward/lin_vel_z_l2,-0.017587965354323387
3120,Episode_Reward/track_ang_vel_z_exp,0.46291670203208923
3120,Episode_Reward/track_lin_vel_xy_miki,1.413946509361267
3120,Episode_Reward/undesired_contacts,0.0
3120,Episode_Termination/base_contact,0.0
3120,Episode_Termination/head_contact,0.0009765625
3120,Episode_Termination/time_out,0.9990234375
3120,Loss/entropy,-7.842627048492432
3120,Loss/learning_rate,5.062499985797331e-05
3120,Loss/surrogate,-0.0036294348537921906
3120,Loss/value,0.0034342817962169647
3120,Metrics/base_velocity/error_vel_xy,0.10809384286403656
3120,Metrics/base_velocity/error_vel_yaw,0.11449822038412094
3120,Metrics/success_rate,1.0
3120,Perf/collection_time,1.7316958904266357
3120,Perf/learning_time,0.18885350227355957
3120,Perf/total_fps,51185.0
3120,Policy/mean_std,0.208500474691391
3120,Train/mean_episode_length,1000.0
3120,Train/mean_reward,26.243261337280273
3160,Episode_Reward/action_rate_l2,-0.03428099304437637
3160,Episode_Reward/belly_contact_force,0.0
3160,Episode_Reward/dof_torques_l2,-0.5167266130447388
3160,Episode_Reward/lin_vel_z_l2,-0.0191478431224823
3160,Episode_Reward/track_ang_vel_z_exp,0.46198153495788574
3160,Episode_Reward/track_lin_vel_xy_miki,1.4090757369995117
3160,Episode_Reward/undesired_contacts,0.0
3160,Episode_Termination/base_contact,0.0
3160,Episode_Termination/head_contact,0.0013936361065134406
3160,Episode_Termination/time_out,0.9986063838005066
3160,Loss/entropy,-7.902900695800781
3160,Loss/learning_rate,7.593750342493877e-05
3160,Loss/surrogate,-0.003456598613411188
3160,Loss/value,0.0028754761442542076
3160,Metrics/base_velocity/error_vel_xy,0.11315393447875977
3160,Metrics/base_velocity/error_vel_yaw,0.11620849370956421
3160,Metrics/success_rate,1.0
3160,Perf/collection_time,1.6646699905395508
3160,Perf/learning_time,0.17764592170715332
3160,Perf/total_fps,53358.0
3160,Policy/mean_std,0.2078828066587448
3160,Train/mean_episode_length,1000.0
3160,Train/mean_reward,26.066118240356445
3197,Train/mean_episode_length/time,908.010009765625
3197,Train/mean_reward/time,15.25399112701416
3200,Episode_Reward/action_rate_l2,-0.033852171152830124
3200,Episode_Reward/belly_contact_force,0.0
3200,Episode_Reward/dof_torques_l2,-0.5087532997131348
3200,Episode_Reward/lin_vel_z_l2,-0.01917318068444729
3200,Episode_Reward/track_ang_vel_z_exp,0.4613659083843231
3200,Episode_Reward/track_lin_vel_xy_miki,1.4127578735351562
3200,Episode_Reward/undesired_contacts,0.0
3200,Episode_Termination/base_contact,0.0
3200,Episode_Termination/head_contact,0.0009765625
3200,Episode_Termination/time_out,0.9990234375
3200,Loss/entropy,-7.8444600105285645
3200,Loss/learning_rate,7.593750342493877e-05
3200,Loss/surrogate,-0.0027773280162364244
3200,Loss/value,0.0029415329918265343
3200,Metrics/base_velocity/error_vel_xy,0.11127127707004547
3200,Metrics/base_velocity/error_vel_yaw,0.11722677201032639
3200,Metrics/success_rate,1.0
3200,Perf/collection_time,1.6086242198944092
3200,Perf/learning_time,0.1739351749420166
3200,Perf/total_fps,55147.0
3200,Policy/mean_std,0.20836901664733887
3200,Train/mean_episode_length,1000.0
3200,Train/mean_reward,26.296592712402344
3240,Episode_Reward/action_rate_l2,-0.03331546485424042
3240,Episode_Reward/belly_contact_force,0.0
3240,Episode_Reward/dof_torques_l2,-0.5038208961486816
3240,Episode_Reward/lin_vel_z_l2,-0.019218258559703827
3240,Episode_Reward/track_ang_vel_z_exp,0.46024951338768005
3240,Episode_Reward/track_lin_vel_xy_miki,1.4151147603988647
3240,Episode_Reward/undesired_contacts,0.0
3240,Episode_Termination/base_contact,0.0
3240,Episode_Termination/head_contact,0.0009256998891942203
3240,Episode_Termination/time_out,0.9990743398666382
3240,Loss/entropy,-7.746959686279297
3240,Loss/learning_rate,7.593750342493877e-05
3240,Loss/surrogate,-0.0025619969237595797
3240,Loss/value,0.003970409277826548
3240,Metrics/base_velocity/error_vel_xy,0.10834585130214691
3240,Metrics/base_velocity/error_vel_yaw,0.11944276094436646
3240,Metrics/success_rate,1.0
3240,Perf/collection_time,1.595073938369751
3240,Perf/learning_time,0.17680144309997559
3240,Perf/total_fps,55480.0
3240,Policy/mean_std,0.20914429426193237
3240,Train/mean_episode_length,1000.0
3240,Train/mean_reward,26.27946662902832
3270,Train/mean_episode_length/time,980.5
3270,Train/mean_reward/time,17.219945907592773
3280,Episode_Reward/action_rate_l2,-0.034496717154979706
3280,Episode_Reward/belly_contact_force,0.0
3280,Episode_Reward/dof_torques_l2,-0.5132981538772583
3280,Episode_Reward/lin_vel_z_l2,-0.019505375996232033
3280,Episode_Reward/track_ang_vel_z_exp,0.4600629210472107
3280,Episode_Reward/track_lin_vel_xy_miki,1.408346176147461
3280,Episode_Reward/undesired_contacts,0.0
3280,Episode_Termination/base_contact,0.0
3280,Episode_Termination/head_contact,0.002197265625
3280,Episode_Termination/time_out,0.997802734375
3280,Loss/entropy,-7.709295272827148
3280,Loss/learning_rate,7.593750342493877e-05
3280,Loss/surrogate,-0.00343937985599041
3280,Loss/value,0.004166366998106241
3280,Metrics/base_velocity/error_vel_xy,0.1162070631980896
3280,Metrics/base_velocity/error_vel_yaw,0.11950908601284027
3280,Metrics/success_rate,1.0
3280,Perf/collection_time,1.6408827304840088
3280,Perf/learning_time,0.17892813682556152
3280,Perf/total_fps,54018.0
3280,Policy/mean_std,0.20952928066253662
3280,Train/mean_episode_length,1000.0
3280,Train/mean_reward,25.933305740356445
3320,Episode_Reward/action_rate_l2,-0.03463080897927284
3320,Episode_Reward/belly_contact_force,0.0
3320,Episode_Reward/dof_torques_l2,-0.5101606845855713
3320,Episode_Reward/lin_vel_z_l2,-0.018396815285086632
3320,Episode_Reward/track_ang_vel_z_exp,0.46019455790519714
3320,Episode_Reward/track_lin_vel_xy_miki,1.4114278554916382
3320,Episode_Reward/undesired_contacts,0.0
3320,Episode_Termination/base_contact,0.0
3320,Episode_Termination/head_contact,0.00048828125
3320,Episode_Termination/time_out,0.99951171875
3320,Loss/entropy,-7.765719413757324
3320,Loss/learning_rate,7.593750342493877e-05
3320,Loss/surrogate,-0.003227896522730589
3320,Loss/value,0.003127254545688629
3320,Metrics/base_velocity/error_vel_xy,0.11180251091718674
3320,Metrics/base_velocity/error_vel_yaw,0.11926057934761047
3320,Metrics/success_rate,1.0
3320,Perf/collection_time,1.5939528942108154
3320,Perf/learning_time,0.1720905303955078
3320,Perf/total_fps,55663.0
3320,Policy/mean_std,0.20944693684577942
3320,Train/mean_episode_length,1000.0
3320,Train/mean_reward,26.088172912597656
3349,Train/mean_episode_length/time,991.4600219726562
3349,Train/mean_reward/time,18.31391716003418
3360,Episode_Reward/action_rate_l2,-0.033871885389089584
3360,Episode_Reward/belly_contact_force,0.0
3360,Episode_Reward/dof_torques_l2,-0.5007253885269165
3360,Episode_Reward/lin_vel_z_l2,-0.01777484640479088
3360,Episode_Reward/track_ang_vel_z_exp,0.46127304434776306
3360,Episode_Reward/track_lin_vel_xy_miki,1.4141978025436401
3360,Episode_Reward/undesired_contacts,0.0
3360,Episode_Termination/base_contact,0.0
3360,Episode_Termination/head_contact,0.000732421875
3360,Episode_Termination/time_out,0.999267578125
3360,Loss/entropy,-8.011504173278809
3360,Loss/learning_rate,7.593750342493877e-05
3360,Loss/surrogate,-0.0032731667160987854
3360,Loss/value,0.004686402622610331
3360,Metrics/base_velocity/error_vel_xy,0.10927318036556244
3360,Metrics/base_velocity/error_vel_yaw,0.11740171909332275
3360,Metrics/success_rate,1.0
3360,Perf/collection_time,1.6135225296020508
3360,Perf/learning_time,0.1719202995300293
3360,Perf/total_fps,55058.0
3360,Policy/mean_std,0.20730245113372803
3360,Train/mean_episode_length,1000.0
3360,Train/mean_reward,26.467924118041992
3400,Episode_Reward/action_rate_l2,-0.033620040863752365
3400,Episode_Reward/belly_contact_force,0.0
3400,Episode_Reward/dof_torques_l2,-0.4974181652069092
3400,Episode_Reward/lin_vel_z_l2,-0.017287757247686386
3400,Episode_Reward/track_ang_vel_z_exp,0.459434449672699
3400,Episode_Reward/track_lin_vel_xy_miki,1.4073724746704102
3400,Episode_Reward/undesired_contacts,0.0
3400,Episode_Termination/base_contact,0.0
3400,Episode_Termination/head_contact,0.0012308757286518812
3400,Episode_Termination/time_out,0.9987691640853882
3400,Loss/entropy,-8.156757354736328
3400,Loss/learning_rate,5.062499985797331e-05
3400,Loss/surrogate,-0.004025047644972801
3400,Loss/value,0.0038110206369310617
3400,Metrics/base_velocity/error_vel_xy,0.10763143002986908
3400,Metrics/base_velocity/error_vel_yaw,0.11559101194143295
3400,Metrics/success_rate,1.0
3400,Perf/collection_time,1.653048038482666
3400,Perf/learning_time,0.1730947494506836
3400,Perf/total_fps,53831.0
3400,Policy/mean_std,0.20642700791358948
3400,Train/mean_episode_length,995.4400024414062
3400,Train/mean_reward,26.400358200073242
3430,Train/mean_episode_length/time,1000.0
3430,Train/mean_reward/time,19.471532821655273
3440,Episode_Reward/action_rate_l2,-0.03290402889251709
3440,Episode_Reward/belly_contact_force,0.0
3440,Episode_Reward/dof_torques_l2,-0.49128231406211853
3440,Episode_Reward/lin_vel_z_l2,-0.01704232394695282
3440,Episode_Reward/track_ang_vel_z_exp,0.46313533186912537
3440,Episode_Reward/track_lin_vel_xy_miki,1.4200725555419922
3440,Episode_Reward/undesired_contacts,0.0
3440,Episode_Termination/base_contact,0.0
3440,Episode_Termination/head_contact,0.0006612142315134406
3440,Episode_Termination/time_out,0.9993388056755066
3440,Loss/entropy,-7.992761135101318
3440,Loss/learning_rate,5.062499985797331e-05
3440,Loss/surrogate,-0.002892713062465191
3440,Loss/value,0.004603737965226173
3440,Metrics/base_velocity/error_vel_xy,0.10436326265335083
3440,Metrics/base_velocity/error_vel_yaw,0.11417552828788757
3440,Metrics/success_rate,1.0
3440,Perf/collection_time,1.6122314929962158
3440,Perf/learning_time,0.17480993270874023
3440,Perf/total_fps,55009.0
3440,Policy/mean_std,0.20721201598644257
3440,Train/mean_episode_length,1000.0
3440,Train/mean_reward,26.817472457885742
3480,Episode_Reward/action_rate_l2,-0.03342534601688385
3480,Episode_Reward/belly_contact_force,0.0
3480,Episode_Reward/dof_torques_l2,-0.4913976192474365
3480,Episode_Reward/lin_vel_z_l2,-0.01763121411204338
3480,Episode_Reward/track_ang_vel_z_exp,0.4625574052333832
3480,Episode_Reward/track_lin_vel_xy_miki,1.4188954830169678
3480,Episode_Reward/undesired_contacts,0.0
3480,Episode_Termination/base_contact,0.0
3480,Episode_Termination/head_contact,0.00048828125
3480,Episode_Termination/time_out,0.99951171875
3480,Loss/entropy,-7.96381950378418
3480,Loss/learning_rate,7.593750342493877e-05
3480,Loss/surrogate,-0.00244973530061543
3480,Loss/value,0.003330044448375702
3480,Metrics/base_velocity/error_vel_xy,0.10411722958087921
3480,Metrics/base_velocity/error_vel_yaw,0.11505191773176193
3480,Metrics/success_rate,1.0
3480,Perf/collection_time,1.631340503692627
3480,Perf/learning_time,0.17894458770751953
3480,Perf/total_fps,54303.0
3480,Policy/mean_std,0.20672526955604553
3480,Train/mean_episode_length,1000.0
3480,Train/mean_reward,26.77454948425293
3508,Train/mean_episode_length/time,995.6300048828125
3508,Train/mean_reward/time,20.17788314819336
3520,Episode_Reward/action_rate_l2,-0.03427574038505554
3520,Episode_Reward/belly_contact_force,0.0
3520,Episode_Reward/dof_torques_l2,-0.5000005960464478
3520,Episode_Reward/lin_vel_z_l2,-0.017988543957471848
3520,Episode_Reward/track_ang_vel_z_exp,0.46246451139450073
3520,Episode_Reward/track_lin_vel_xy_miki,1.4173784255981445
3520,Episode_Reward/undesired_contacts,0.0
3520,Episode_Termination/base_contact,0.0
3520,Episode_Termination/head_contact,0.00048828125
3520,Episode_Termination/time_out,0.99951171875
3520,Loss/entropy,-8.029989242553711
3520,Loss/learning_rate,7.593750342493877e-05
3520,Loss/surrogate,-0.0029085727874189615
3520,Loss/value,0.003220676677301526
3520,Metrics/base_velocity/error_vel_xy,0.10710375756025314
3520,Metrics/base_velocity/error_vel_yaw,0.11536787450313568
3520,Metrics/success_rate,1.0
3520,Perf/collection_time,1.5999107360839844
3520,Perf/learning_time,0.184370756149292
3520,Perf/total_fps,55094.0
3520,Policy/mean_std,0.20714566111564636
3520,Train/mean_episode_length,1000.0
3520,Train/mean_reward,26.5897159576416
3560,Episode_Reward/action_rate_l2,-0.03369394689798355
3560,Episode_Reward/belly_contact_force,0.0
3560,Episode_Reward/dof_torques_l2,-0.49669164419174194
3560,Episode_Reward/lin_vel_z_l2,-0.018102969974279404
3560,Episode_Reward/track_ang_vel_z_exp,0.46282753348350525
3560,Episode_Reward/track_lin_vel_xy_miki,1.4167274236679077
3560,Episode_Reward/undesired_contacts,0.0
3560,Episode_Termination/base_contact,0.0
3560,Episode_Termination/head_contact,0.000732421875
3560,Episode_Termination/time_out,0.999267578125
3560,Loss/entropy,-7.970839500427246
3560,Loss/learning_rate,7.593750342493877e-05
3560,Loss/surrogate,-0.0027373165357857943
3560,Loss/value,0.0034484330099076033
3560,Metrics/base_velocity/error_vel_xy,0.10843835771083832
3560,Metrics/base_velocity/error_vel_yaw,0.11468736827373505
3560,Metrics/success_rate,1.0
3560,Perf/collection_time,1.7665634155273438
3560,Perf/learning_time,0.19711709022521973
3560,Perf/total_fps,50061.0
3560,Policy/mean_std,0.20738933980464935
3560,Train/mean_episode_length,1000.0
3560,Train/mean_reward,26.619556427001953
3579,Train/mean_episode_length/time,1000.0
3579,Train/mean_reward/time,21.16689682006836
3600,Episode_Reward/action_rate_l2,-0.03408471867442131
3600,Episode_Reward/belly_contact_force,0.0
3600,Episode_Reward/dof_torques_l2,-0.49699124693870544
3600,Episode_Reward/lin_vel_z_l2,-0.017818737775087357
3600,Episode_Reward/track_ang_vel_z_exp,0.4631194472312927
3600,Episode_Reward/track_lin_vel_xy_miki,1.4170937538146973
3600,Episode_Reward/undesired_contacts,0.0
3600,Episode_Termination/base_contact,0.0
3600,Episode_Termination/head_contact,0.001220703125
3600,Episode_Termination/time_out,0.998779296875
3600,Loss/entropy,-8.121355056762695
3600,Loss/learning_rate,5.062499985797331e-05
3600,Loss/surrogate,-0.002518754219636321
3600,Loss/value,0.003382373135536909
3600,Metrics/base_velocity/error_vel_xy,0.10759828984737396
3600,Metrics/base_velocity/error_vel_yaw,0.114327073097229
3600,Metrics/success_rate,1.0
3600,Perf/collection_time,1.6443750858306885
3600,Perf/learning_time,0.19747614860534668
3600,Perf/total_fps,53372.0
3600,Policy/mean_std,0.20615549385547638
3600,Train/mean_episode_length,1000.0
3600,Train/mean_reward,26.666297912597656
3640,Episode_Reward/action_rate_l2,-0.03377104550600052
3640,Episode_Reward/belly_contact_force,0.0
3640,Episode_Reward/dof_torques_l2,-0.49141693115234375
3640,Episode_Reward/lin_vel_z_l2,-0.017132781445980072
3640,Episode_Reward/track_ang_vel_z_exp,0.46383023262023926
3640,Episode_Reward/track_lin_vel_xy_miki,1.4195811748504639
3640,Episode_Reward/undesired_contacts,0.0
3640,Episode_Termination/base_contact,0.0
3640,Episode_Termination/head_contact,0.0
3640,Episode_Termination/time_out,1.0
3640,Loss/entropy,-8.123627662658691
3640,Loss/learning_rate,3.3749998692655936e-05
3640,Loss/surrogate,-0.0022343844175338745
3640,Loss/value,0.003491027746349573
3640,Metrics/base_velocity/error_vel_xy,0.1048828512430191
3640,Metrics/base_velocity/error_vel_yaw,0.11312191188335419
3640,Metrics/success_rate,1.0
3640,Perf/collection_time,1.6082816123962402
3640,Perf/learning_time,0.17307257652282715
3640,Perf/total_fps,55184.0
3640,Policy/mean_std,0.20622317492961884
3640,Train/mean_episode_length,1000.0
3640,Train/mean_reward,26.75957679748535
3647,Train/mean_episode_length/time,991.7899780273438
3647,Train/mean_reward/time,21.174522399902344
3680,Episode_Reward/action_rate_l2,-0.03433948755264282
3680,Episode_Reward/belly_contact_force,0.0
3680,Episode_Reward/dof_torques_l2,-0.49589627981185913
3680,Episode_Reward/lin_vel_z_l2,-0.018044522032141685
3680,Episode_Reward/track_ang_vel_z_exp,0.4630342721939087
3680,Episode_Reward/track_lin_vel_xy_miki,1.4115078449249268
3680,Episode_Reward/undesired_contacts,0.0
3680,Episode_Termination/base_contact,0.0
3680,Episode_Termination/head_contact,0.00048828125
3680,Episode_Termination/time_out,0.99951171875
3680,Loss/entropy,-8.082167625427246
3680,Loss/learning_rate,7.593750342493877e-05
3680,Loss/surrogate,-0.0027071810327470303
3680,Loss/value,0.0030460732523351908
3680,Metrics/base_velocity/error_vel_xy,0.11222802102565765
3680,Metrics/base_velocity/error_vel_yaw,0.11427575349807739
3680,Metrics/success_rate,1.0
3680,Perf/collection_time,1.6107308864593506
3680,Perf/learning_time,0.17496752738952637
3680,Perf/total_fps,55050.0
3680,Policy/mean_std,0.20659443736076355
3680,Train/mean_episode_length,1000.0
3680,Train/mean_reward,26.531278610229492
3720,Episode_Reward/action_rate_l2,-0.03399580344557762
3720,Episode_Reward/belly_contact_force,0.0
3720,Episode_Reward/dof_torques_l2,-0.4961562156677246
3720,Episode_Reward/lin_vel_z_l2,-0.017696386203169823
3720,Episode_Reward/track_ang_vel_z_exp,0.46417030692100525
3720,Episode_Reward/track_lin_vel_xy_miki,1.414569616317749
3720,Episode_Reward/undesired_contacts,0.0
3720,Episode_Termination/base_contact,0.0
3720,Episode_Termination/head_contact,0.000732421875
3720,Episode_Termination/time_out,0.999267578125
3720,Loss/entropy,-8.128796577453613
3720,Loss/learning_rate,2.2500000341096893e-05
3720,Loss/surrogate,-0.0014070222387090325
3720,Loss/value,0.00454217242076993
3720,Metrics/base_velocity/error_vel_xy,0.1100551187992096
3720,Metrics/base_velocity/error_vel_yaw,0.11227648705244064
3720,Metrics/success_rate,1.0
3720,Perf/collection_time,1.6321189403533936
3720,Perf/learning_time,0.18010878562927246
3720,Perf/total_fps,54244.0
3720,Policy/mean_std,0.20653028786182404
3720,Train/mean_episode_length,1000.0
3720,Train/mean_reward,26.62253761291504
3725,Train/mean_episode_length/time,1000.0
3725,Train/mean_reward/time,22.373825073242188
3760,Episode_Reward/action_rate_l2,-0.03272426128387451
3760,Episode_Reward/belly_contact_force,0.0
3760,Episode_Reward/dof_torques_l2,-0.4834669232368469
3760,Episode_Reward/lin_vel_z_l2,-0.015965517610311508
3760,Episode_Reward/track_ang_vel_z_exp,0.46519529819488525
3760,Episode_Reward/track_lin_vel_xy_miki,1.4247440099716187
3760,Episode_Reward/undesired_contacts,0.0
3760,Episode_Termination/base_contact,0.0
3760,Episode_Termination/head_contact,0.000244140625
3760,Episode_Termination/time_out,0.999755859375
3760,Loss/entropy,-8.221800804138184
3760,Loss/learning_rate,7.593750342493877e-05
3760,Loss/surrogate,-0.0032553933560848236
3760,Loss/value,0.0030094312969595194
3760,Metrics/base_velocity/error_vel_xy,0.09908026456832886
3760,Metrics/base_velocity/error_vel_yaw,0.11073325574398041
3760,Metrics/success_rate,1.0
3760,Perf/collection_time,1.688856601715088
3760,Perf/learning_time,0.19116592407226562
3760,Perf/total_fps,52288.0
3760,Policy/mean_std,0.20548835396766663
3760,Train/mean_episode_length,1000.0
3760,Train/mean_reward,27.115915298461914
3800,Episode_Reward/action_rate_l2,-0.033358070999383926
3800,Episode_Reward/belly_contact_force,0.0
3800,Episode_Reward/dof_torques_l2,-0.48865723609924316
3800,Episode_Reward/lin_vel_z_l2,-0.016882669180631638
3800,Episode_Reward/track_ang_vel_z_exp,0.4643545150756836
3800,Episode_Reward/track_lin_vel_xy_miki,1.4162406921386719
3800,Episode_Reward/undesired_contacts,0.0
3800,Episode_Termination/base_contact,0.0
3800,Episode_Termination/head_contact,0.000244140625
3800,Episode_Termination/time_out,0.999755859375
3800,Loss/entropy,-8.302538871765137
3800,Loss/learning_rate,7.593750342493877e-05
3800,Loss/surrogate,-0.0032934113405644894
3800,Loss/value,0.0030648987740278244
3800,Metrics/base_velocity/error_vel_xy,0.10887616872787476
3800,Metrics/base_velocity/error_vel_yaw,0.1118854284286499
3800,Metrics/success_rate,1.0
3800,Perf/collection_time,1.6256744861602783
3800,Perf/learning_time,0.18262839317321777
3800,Perf/total_fps,54362.0
3800,Policy/mean_std,0.20480339229106903
3800,Train/mean_episode_length,1000.0
3800,Train/mean_reward,26.746646881103516
3805,Train/mean_episode_length/time,1000.0
3805,Train/mean_reward/time,22.628101348876953
3840,Episode_Reward/action_rate_l2,-0.03340626507997513
3840,Episode_Reward/belly_contact_force,0.0
3840,Episode_Reward/dof_torques_l2,-0.48961520195007324
3840,Episode_Reward/lin_vel_z_l2,-0.017124764621257782
3840,Episode_Reward/track_ang_vel_z_exp,0.46433088183403015
3840,Episode_Reward/track_lin_vel_xy_miki,1.415360689163208
3840,Episode_Reward/undesired_contacts,0.0
3840,Episode_Termination/base_contact,0.0
3840,Episode_Termination/head_contact,0.0
3840,Episode_Termination/time_out,1.0
3840,Loss/entropy,-8.323780059814453
3840,Loss/learning_rate,5.062499985797331e-05
3840,Loss/surrogate,-0.002960008103400469
3840,Loss/value,0.0038626668974757195
3840,Metrics/base_velocity/error_vel_xy,0.11028516292572021
3840,Metrics/base_velocity/error_vel_yaw,0.11194764077663422
3840,Metrics/success_rate,1.0
3840,Perf/collection_time,1.6448490619659424
3840,Perf/learning_time,0.1775953769683838
3840,Perf/total_fps,53940.0
3840,Policy/mean_std,0.20469047129154205
3840,Train/mean_episode_length,1000.0
3840,Train/mean_reward,27.1048583984375
3880,Episode_Reward/action_rate_l2,-0.03253912180662155
3880,Episode_Reward/belly_contact_force,0.0
3880,Episode_Reward/dof_torques_l2,-0.4785415530204773
3880,Episode_Reward/lin_vel_z_l2,-0.016776835545897484
3880,Episode_Reward/track_ang_vel_z_exp,0.4646875858306885
3880,Episode_Reward/track_lin_vel_xy_miki,1.4196863174438477
3880,Episode_Reward/undesired_contacts,0.0
3880,Episode_Termination/base_contact,0.0
3880,Episode_Termination/head_contact,0.00048828125
3880,Episode_Termination/time_out,0.99951171875
3880,Loss/entropy,-8.371809005737305
3880,Loss/learning_rate,7.593750342493877e-05
3880,Loss/surrogate,-0.0034699253737926483
3880,Loss/value,0.002670774469152093
3880,Metrics/base_velocity/error_vel_xy,0.10495712608098984
3880,Metrics/base_velocity/error_vel_yaw,0.11155301332473755
3880,Metrics/success_rate,1.0
3880,Perf/collection_time,1.6178042888641357
3880,Perf/learning_time,0.17338967323303223
3880,Perf/total_fps,54881.0
3880,Policy/mean_std,0.20399756729602814
3880,Train/mean_episode_length,1000.0
3880,Train/mean_reward,27.121854782104492
3882,Train/mean_episode_length/time,1000.0
3882,Train/mean_reward/time,23.033573150634766
3920,Episode_Reward/action_rate_l2,-0.03303394466638565
3920,Episode_Reward/belly_contact_force,0.0
3920,Episode_Reward/dof_torques_l2,-0.48695310950279236
3920,Episode_Reward/lin_vel_z_l2,-0.01701006107032299
3920,Episode_Reward/track_ang_vel_z_exp,0.46430087089538574
3920,Episode_Reward/track_lin_vel_xy_miki,1.4159959554672241
3920,Episode_Reward/undesired_contacts,0.0
3920,Episode_Termination/base_contact,0.0
3920,Episode_Termination/head_contact,0.0
3920,Episode_Termination/time_out,1.0
3920,Loss/entropy,-8.523263931274414
3920,Loss/learning_rate,7.593750342493877e-05
3920,Loss/surrogate,-0.00257642799988389
3920,Loss/value,0.003352034604176879
3920,Metrics/base_velocity/error_vel_xy,0.10788601636886597
3920,Metrics/base_velocity/error_vel_yaw,0.11208008229732513
3920,Metrics/success_rate,1.0
3920,Perf/collection_time,1.7057297229766846
3920,Perf/learning_time,0.19007325172424316
3920,Perf/total_fps,51853.0
3920,Policy/mean_std,0.20277023315429688
3920,Train/mean_episode_length,1000.0
3920,Train/mean_reward,27.004175186157227
3960,Episode_Reward/action_rate_l2,-0.03133034333586693
3960,Episode_Reward/belly_contact_force,0.0
3960,Episode_Reward/dof_torques_l2,-0.47365498542785645
3960,Episode_Reward/lin_vel_z_l2,-0.016133997589349747
3960,Episode_Reward/track_ang_vel_z_exp,0.46512889862060547
3960,Episode_Reward/track_lin_vel_xy_miki,1.4225820302963257
3960,Episode_Reward/undesired_contacts,0.0
3960,Episode_Termination/base_contact,0.0
3960,Episode_Termination/head_contact,0.000732421875
3960,Episode_Termination/time_out,0.999267578125
3960,Loss/entropy,-8.65023136138916
3960,Loss/learning_rate,7.593750342493877e-05
3960,Loss/surrogate,-0.0029251123778522015
3960,Loss/value,0.003375142114236951
3960,Metrics/base_velocity/error_vel_xy,0.10219886898994446
3960,Metrics/base_velocity/error_vel_yaw,0.11069393157958984
3960,Metrics/success_rate,1.0
3960,Perf/collection_time,1.6435704231262207
3960,Perf/learning_time,0.19431614875793457
3960,Perf/total_fps,53487.0
3960,Policy/mean_std,0.20176483690738678
3960,Train/mean_episode_length,1000.0
3960,Train/mean_reward,27.254579544067383
3962,Train/mean_episode_length/time,1000.0
3962,Train/mean_reward/time,23.402828216552734
4000,Episode_Reward/action_rate_l2,-0.03200027346611023
4000,Episode_Reward/belly_contact_force,0.0
4000,Episode_Reward/dof_torques_l2,-0.4833288788795471
4000,Episode_Reward/lin_vel_z_l2,-0.017229977995157242
4000,Episode_Reward/track_ang_vel_z_exp,0.46397703886032104
4000,Episode_Reward/track_lin_vel_xy_miki,1.4172943830490112
4000,Episode_Reward/undesired_contacts,0.0
4000,Episode_Termination/base_contact,0.0
4000,Episode_Termination/head_contact,0.000732421875
4000,Episode_Termination/time_out,0.999267578125
4000,Loss/entropy,-8.538954734802246
4000,Loss/learning_rate,5.062499985797331e-05
4000,Loss/surrogate,-0.0020024755503982306
4000,Loss/value,0.0036932590883225203
4000,Metrics/base_velocity/error_vel_xy,0.10731175541877747
4000,Metrics/base_velocity/error_vel_yaw,0.11253102868795395
4000,Metrics/success_rate,1.0
4000,Perf/collection_time,1.6320044994354248
4000,Perf/learning_time,0.17510628700256348
4000,Perf/total_fps,54398.0
4000,Policy/mean_std,0.20254430174827576
4000,Train/mean_episode_length,1000.0
4000,Train/mean_reward,27.043434143066406
4040,Episode_Reward/action_rate_l2,-0.03149297088384628
4040,Episode_Reward/belly_contact_force,0.0
4040,Episode_Reward/dof_torques_l2,-0.4755001664161682
4040,Episode_Reward/lin_vel_z_l2,-0.016578536480665207
4040,Episode_Reward/track_ang_vel_z_exp,0.4646826982498169
4040,Episode_Reward/track_lin_vel_xy_miki,1.422947883605957
4040,Episode_Reward/undesired_contacts,0.0
4040,Episode_Termination/base_contact,0.0
4040,Episode_Termination/head_contact,0.000732421875
4040,Episode_Termination/time_out,0.999267578125
4040,Loss/entropy,-8.569537162780762
4040,Loss/learning_rate,5.062499985797331e-05
4040,Loss/surrogate,-0.003122548572719097
4040,Loss/value,0.0036543661262840033
4040,Metrics/base_velocity/error_vel_xy,0.10314008593559265
4040,Metrics/base_velocity/error_vel_yaw,0.11136661469936371
4040,Metrics/success_rate,1.0
4040,Perf/collection_time,1.6175971031188965
4040,Perf/learning_time,0.17574167251586914
4040,Perf/total_fps,54816.0
4040,Policy/mean_std,0.20226162672042847
4040,Train/mean_episode_length,1000.0
4040,Train/mean_reward,27.17666244506836
4043,Train/mean_episode_length/time,1000.0
4043,Train/mean_reward/time,23.64711570739746
4080,Episode_Reward/action_rate_l2,-0.0317472368478775
4080,Episode_Reward/belly_contact_force,0.0
4080,Episode_Reward/dof_torques_l2,-0.4785163402557373
4080,Episode_Reward/lin_vel_z_l2,-0.016083605587482452
4080,Episode_Reward/track_ang_vel_z_exp,0.46285176277160645
4080,Episode_Reward/track_lin_vel_xy_miki,1.4176814556121826
4080,Episode_Reward/undesired_contacts,0.0
4080,Episode_Termination/base_contact,0.0
4080,Episode_Termination/head_contact,0.002166748046875
4080,Episode_Termination/time_out,0.997833251953125
4080,Loss/entropy,-8.61137580871582
4080,Loss/learning_rate,7.593750342493877e-05
4080,Loss/surrogate,-0.0029569666367024183
4080,Loss/value,0.0034952640999108553
4080,Metrics/base_velocity/error_vel_xy,0.10228009521961212
4080,Metrics/base_velocity/error_vel_yaw,0.11116847395896912
4080,Metrics/success_rate,1.0
4080,Perf/collection_time,1.7066001892089844
4080,Perf/learning_time,0.1946425437927246
4080,Perf/total_fps,51705.0
4080,Policy/mean_std,0.20223690569400787
4080,Train/mean_episode_length,995.3900146484375
4080,Train/mean_reward,27.04810333251953
4120,Episode_Reward/action_rate_l2,-0.03200513869524002
4120,Episode_Reward/belly_contact_force,0.0
4120,Episode_Reward/dof_torques_l2,-0.4785759449005127
4120,Episode_Reward/lin_vel_z_l2,-0.01635071635246277
4120,Episode_Reward/track_ang_vel_z_exp,0.4646058976650238
4120,Episode_Reward/track_lin_vel_xy_miki,1.4212188720703125
4120,Episode_Reward/undesired_contacts,0.0
4120,Episode_Termination/base_contact,0.0
4120,Episode_Termination/head_contact,0.001220703125
4120,Episode_Termination/time_out,0.998779296875
4120,Loss/entropy,-8.631481170654297
4120,Loss/learning_rate,5.062499985797331e-05
4120,Loss/surrogate,-0.0018749316222965717
4120,Loss/value,0.0037946035154163837
4120,Metrics/base_velocity/error_vel_xy,0.10432963073253632
4120,Metrics/base_velocity/error_vel_yaw,0.11151766777038574
4120,Metrics/success_rate,1.0
4120,Perf/collection_time,1.631408929824829
4120,Perf/learning_time,0.18176937103271484
4120,Perf/total_fps,54216.0
4120,Policy/mean_std,0.20224162936210632
4120,Train/mean_episode_length,1000.0
4120,Train/mean_reward,27.125917434692383
4134,Train/mean_episode_length/time,1000.0
4134,Train/mean_reward/time,23.992921829223633
4160,Episode_Reward/action_rate_l2,-0.03235848993062973
4160,Episode_Reward/belly_contact_force,0.0
4160,Episode_Reward/dof_torques_l2,-0.47787994146347046
4160,Episode_Reward/lin_vel_z_l2,-0.01687731221318245
4160,Episode_Reward/track_ang_vel_z_exp,0.4646950662136078
4160,Episode_Reward/track_lin_vel_xy_miki,1.4203987121582031
4160,Episode_Reward/undesired_contacts,0.0
4160,Episode_Termination/base_contact,0.0
4160,Episode_Termination/head_contact,0.002685546875
4160,Episode_Termination/time_out,0.997314453125
4160,Loss/entropy,-8.730262756347656
4160,Loss/learning_rate,7.593750342493877e-05
4160,Loss/surrogate,-0.003163788467645645
4160,Loss/value,0.0030884433072060347
4160,Metrics/base_velocity/error_vel_xy,0.1057358980178833
4160,Metrics/base_velocity/error_vel_yaw,0.11133694648742676
4160,Metrics/success_rate,1.0
4160,Perf/collection_time,1.6328344345092773
4160,Perf/learning_time,0.18878722190856934
4160,Perf/total_fps,53965.0
4160,Policy/mean_std,0.20136228203773499
4160,Train/mean_episode_length,1000.0
4160,Train/mean_reward,27.043718338012695
4200,Episode_Reward/action_rate_l2,-0.031095117330551147
4200,Episode_Reward/belly_contact_force,0.0
4200,Episode_Reward/dof_torques_l2,-0.4707340896129608
4200,Episode_Reward/lin_vel_z_l2,-0.016492091119289398
4200,Episode_Reward/track_ang_vel_z_exp,0.4635394513607025
4200,Episode_Reward/track_lin_vel_xy_miki,1.4159168004989624
4200,Episode_Reward/undesired_contacts,0.0
4200,Episode_Termination/base_contact,0.0
4200,Episode_Termination/head_contact,0.0014139811974018812
4200,Episode_Termination/time_out,0.9985860586166382
4200,Loss/entropy,-8.606451988220215
4200,Loss/learning_rate,3.3749998692655936e-05
4200,Loss/surrogate,-0.002843997208401561
4200,Loss/value,0.0036603291518986225
4200,Metrics/base_velocity/error_vel_xy,0.10509254038333893
4200,Metrics/base_velocity/error_vel_yaw,0.11102813482284546
4200,Metrics/success_rate,1.0
4200,Perf/collection_time,1.6065716743469238
4200,Perf/learning_time,0.17071056365966797
4200,Perf/total_fps,55311.0
4200,Policy/mean_std,0.20242007076740265
4200,Train/mean_episode_length,995.3200073242188
4200,Train/mean_reward,27.122291564941406
4213,Train/mean_episode_length/time,1000.0
4213,Train/mean_reward/time,24.21245002746582
4240,Episode_Reward/action_rate_l2,-0.03131548687815666
4240,Episode_Reward/belly_contact_force,0.0
4240,Episode_Reward/dof_torques_l2,-0.4737793803215027
4240,Episode_Reward/lin_vel_z_l2,-0.01579856500029564
4240,Episode_Reward/track_ang_vel_z_exp,0.4654324948787689
4240,Episode_Reward/track_lin_vel_xy_miki,1.4255379438400269
4240,Episode_Reward/undesired_contacts,0.0
4240,Episode_Termination/base_contact,0.0
4240,Episode_Termination/head_contact,0.00048828125
4240,Episode_Termination/time_out,0.99951171875
4240,Loss/entropy,-8.627739906311035
4240,Loss/learning_rate,7.593750342493877e-05
4240,Loss/surrogate,-0.00248245638795197
4240,Loss/value,0.0033185516949743032
4240,Metrics/base_velocity/error_vel_xy,0.10004206001758575
4240,Metrics/base_velocity/error_vel_yaw,0.11004459857940674
4240,Metrics/success_rate,1.0
4240,Perf/collection_time,1.614914894104004
4240,Perf/learning_time,0.17848825454711914
4240,Perf/total_fps,54814.0
4240,Policy/mean_std,0.20220491290092468
4240,Train/mean_episode_length,1000.0
4240,Train/mean_reward,27.431245803833008
4280,Episode_Reward/action_rate_l2,-0.03162660449743271
4280,Episode_Reward/belly_contact_force,0.0
4280,Episode_Reward/dof_torques_l2,-0.47681111097335815
4280,Episode_Reward/lin_vel_z_l2,-0.01681280881166458
4280,Episode_Reward/track_ang_vel_z_exp,0.46450814604759216
4280,Episode_Reward/track_lin_vel_xy_miki,1.4181549549102783
4280,Episode_Reward/undesired_contacts,0.0
4280,Episode_Termination/base_contact,0.0
4280,Episode_Termination/head_contact,0.00048828125
4280,Episode_Termination/time_out,0.99951171875
4280,Loss/entropy,-8.695536613464355
4280,Loss/learning_rate,7.593750342493877e-05
4280,Loss/surrogate,-0.0029738200828433037
4280,Loss/value,0.003631077241152525
4280,Metrics/base_velocity/error_vel_xy,0.10756494104862213
4280,Metrics/base_velocity/error_vel_yaw,0.11160977184772491
4280,Metrics/success_rate,1.0
4280,Perf/collection_time,1.611537218093872
4280,Perf/learning_time,0.17758584022521973
4280,Perf/total_fps,54945.0
4280,Policy/mean_std,0.20167244970798492
4280,Train/mean_episode_length,1000.0
4280,Train/mean_reward,27.001251220703125
4293,Train/mean_episode_length/time,996.1799926757812
4293,Train/mean_reward/time,23.823741912841797
4320,Episode_Reward/action_rate_l2,-0.03123420476913452
4320,Episode_Reward/belly_contact_force,0.0
4320,Episode_Reward/dof_torques_l2,-0.4690164029598236
4320,Episode_Reward/lin_vel_z_l2,-0.01636091247200966
4320,Episode_Reward/track_ang_vel_z_exp,0.46398815512657166
4320,Episode_Reward/track_lin_vel_xy_miki,1.421592116355896
4320,Episode_Reward/undesired_contacts,0.0
4320,Episode_Termination/base_contact,0.0
4320,Episode_Termination/head_contact,0.000244140625
4320,Episode_Termination/time_out,0.999755859375
4320,Loss/entropy,-8.733386993408203
4320,Loss/learning_rate,7.593750342493877e-05
4320,Loss/surrogate,-0.0025951722636818886
4320,Loss/value,0.003975890576839447
4320,Metrics/base_velocity/error_vel_xy,0.1039372906088829
4320,Metrics/base_velocity/error_vel_yaw,0.11265405267477036
4320,Metrics/success_rate,1.0
4320,Perf/collection_time,1.679088830947876
4320,Perf/learning_time,0.1806960105895996
4320,Perf/total_fps,52857.0
4320,Policy/mean_std,0.2014906406402588
4320,Train/mean_episode_length,1000.0
4320,Train/mean_reward,27.39105224609375
4360,Episode_Reward/action_rate_l2,-0.03157242015004158
4360,Episode_Reward/belly_contact_force,0.0
4360,Episode_Reward/dof_torques_l2,-0.47170448303222656
4360,Episode_Reward/lin_vel_z_l2,-0.015885960310697556
4360,Episode_Reward/track_ang_vel_z_exp,0.46457237005233765
4360,Episode_Reward/track_lin_vel_xy_miki,1.4235551357269287
4360,Episode_Reward/undesired_contacts,0.0
4360,Episode_Termination/base_contact,0.0
4360,Episode_Termination/head_contact,0.000244140625
4360,Episode_Termination/time_out,0.999755859375
4360,Loss/entropy,-8.815817832946777
4360,Loss/learning_rate,2.2500000341096893e-05
4360,Loss/surrogate,-0.0016028680838644505
4360,Loss/value,0.0037531477864831686
4360,Metrics/base_velocity/error_vel_xy,0.10246461629867554
4360,Metrics/base_velocity/error_vel_yaw,0.1116609200835228
4360,Metrics/success_rate,1.0
4360,Perf/collection_time,1.6109554767608643
4360,Perf/learning_time,0.17447471618652344
4360,Perf/total_fps,55058.0
4360,Policy/mean_std,0.20068322122097015
4360,Train/mean_episode_length,1000.0
4360,Train/mean_reward,27.274864196777344
4383,Train/mean_episode_length/time,1000.0
4383,Train/mean_reward/time,24.637821197509766
4400,Episode_Reward/action_rate_l2,-0.03142213821411133
4400,Episode_Reward/belly_contact_force,0.0
4400,Episode_Reward/dof_torques_l2,-0.46907317638397217
4400,Episode_Reward/lin_vel_z_l2,-0.015567250549793243
4400,Episode_Reward/track_ang_vel_z_exp,0.4649270474910736
4400,Episode_Reward/track_lin_vel_xy_miki,1.4220333099365234
4400,Episode_Reward/undesired_contacts,0.0
4400,Episode_Termination/base_contact,0.0
4400,Episode_Termination/head_contact,0.00048828125
4400,Episode_Termination/time_out,0.99951171875
4400,Loss/entropy,-8.787040710449219
4400,Loss/learning_rate,5.062499985797331e-05
4400,Loss/surrogate,-0.0027828358579427004
4400,Loss/value,0.003526876214891672
4400,Metrics/base_velocity/error_vel_xy,0.10355935990810394
4400,Metrics/base_velocity/error_vel_yaw,0.11102878302335739
4400,Metrics/success_rate,1.0
4400,Perf/collection_time,1.619873285293579
4400,Perf/learning_time,0.17943692207336426
4400,Perf/total_fps,54634.0
4400,Policy/mean_std,0.20082879066467285
4400,Train/mean_episode_length,1000.0
4400,Train/mean_reward,27.319042205810547
4440,Episode_Reward/action_rate_l2,-0.03259588032960892
4440,Episode_Reward/belly_contact_force,0.0
4440,Episode_Reward/dof_torques_l2,-0.47488030791282654
4440,Episode_Reward/lin_vel_z_l2,-0.0158920269459486
4440,Episode_Reward/track_ang_vel_z_exp,0.4652056396007538
4440,Episode_Reward/track_lin_vel_xy_miki,1.4218716621398926
4440,Episode_Reward/undesired_contacts,0.0
4440,Episode_Termination/base_contact,0.0
4440,Episode_Termination/head_contact,0.000244140625
4440,Episode_Termination/time_out,0.999755859375
4440,Loss/entropy,-8.78899097442627
4440,Loss/learning_rate,7.593750342493877e-05
4440,Loss/surrogate,-0.0027679360937327147
4440,Loss/value,0.0026951010804623365
4440,Metrics/base_velocity/error_vel_xy,0.1042448878288269
4440,Metrics/base_velocity/error_vel_yaw,0.11055769771337509
4440,Metrics/success_rate,1.0
4440,Perf/collection_time,1.717339038848877
4440,Perf/learning_time,0.18794703483581543
4440,Perf/total_fps,51595.0
4440,Policy/mean_std,0.20142856240272522
4440,Train/mean_episode_length,1000.0
4440,Train/mean_reward,27.26891326904297
4468,Train/mean_episode_length/time,1000.0
4468,Train/mean_reward/time,24.521425247192383
4480,Episode_Reward/action_rate_l2,-0.031848110258579254
4480,Episode_Reward/belly_contact_force,0.0
4480,Episode_Reward/dof_torques_l2,-0.4685755670070648
4480,Episode_Reward/lin_vel_z_l2,-0.016022879630327225
4480,Episode_Reward/track_ang_vel_z_exp,0.46499595046043396
4480,Episode_Reward/track_lin_vel_xy_miki,1.4224936962127686
4480,Episode_Reward/undesired_contacts,0.0
4480,Episode_Termination/base_contact,0.0
4480,Episode_Termination/head_contact,0.0
4480,Episode_Termination/time_out,1.0
4480,Loss/entropy,-8.819972038269043
4480,Loss/learning_rate,7.593750342493877e-05
4480,Loss/surrogate,-0.002744632074609399
4480,Loss/value,0.004253029823303223
4480,Metrics/base_velocity/error_vel_xy,0.10279162228107452
4480,Metrics/base_velocity/error_vel_yaw,0.11075608432292938
4480,Metrics/success_rate,1.0
4480,Perf/collection_time,1.6949052810668945
4480,Perf/learning_time,0.19560575485229492
4480,Perf/total_fps,51998.0
4480,Policy/mean_std,0.20076726377010345
4480,Train/mean_episode_length,1000.0
4480,Train/mean_reward,27.35138511657715
4520,Episode_Reward/action_rate_l2,-0.03155764937400818
4520,Episode_Reward/belly_contact_force,0.0
4520,Episode_Reward/dof_torques_l2,-0.4721147418022156
4520,Episode_Reward/lin_vel_z_l2,-0.016276855021715164
4520,Episode_Reward/track_ang_vel_z_exp,0.4644305408000946
4520,Episode_Reward/track_lin_vel_xy_miki,1.4211047887802124
4520,Episode_Reward/undesired_contacts,0.0
4520,Episode_Termination/base_contact,0.0
4520,Episode_Termination/head_contact,0.0
4520,Episode_Termination/time_out,1.0
4520,Loss/entropy,-8.884404182434082
4520,Loss/learning_rate,7.593750342493877e-05
4520,Loss/surrogate,-0.0030274433083832264
4520,Loss/value,0.002898246282711625
4520,Metrics/base_velocity/error_vel_xy,0.1049477756023407
4520,Metrics/base_velocity/error_vel_yaw,0.11203431338071823
4520,Metrics/success_rate,1.0
4520,Perf/collection_time,1.6523549556732178
4520,Perf/learning_time,0.1785736083984375
4520,Perf/total_fps,53690.0
4520,Policy/mean_std,0.20048335194587708
4520,Train/mean_episode_length,1000.0
4520,Train/mean_reward,27.238969802856445
4546,Train/mean_episode_length/time,1000.0
4546,Train/mean_reward/time,24.727439880371094
4560,Episode_Reward/action_rate_l2,-0.032254479825496674
4560,Episode_Reward/belly_contact_force,0.0
4560,Episode_Reward/dof_torques_l2,-0.472850501537323
4560,Episode_Reward/lin_vel_z_l2,-0.015693943947553635
4560,Episode_Reward/track_ang_vel_z_exp,0.46487683057785034
4560,Episode_Reward/track_lin_vel_xy_miki,1.4214099645614624
4560,Episode_Reward/undesired_contacts,0.0
4560,Episode_Termination/base_contact,0.0
4560,Episode_Termination/head_contact,0.000732421875
4560,Episode_Termination/time_out,0.999267578125
4560,Loss/entropy,-8.764460563659668
4560,Loss/learning_rate,7.593750342493877e-05
4560,Loss/surrogate,-0.0027473443187773228
4560,Loss/value,0.002517636865377426
4560,Metrics/base_velocity/error_vel_xy,0.10534897446632385
4560,Metrics/base_velocity/error_vel_yaw,0.11100997030735016
4560,Metrics/success_rate,1.0
4560,Perf/collection_time,1.6402926445007324
4560,Perf/learning_time,0.1711890697479248
4560,Perf/total_fps,54267.0
4560,Policy/mean_std,0.2009267807006836
4560,Train/mean_episode_length,1000.0
4560,Train/mean_reward,27.275959014892578
4600,Episode_Reward/action_rate_l2,-0.03169512003660202
4600,Episode_Reward/belly_contact_force,0.0
4600,Episode_Reward/dof_torques_l2,-0.4704103469848633
4600,Episode_Reward/lin_vel_z_l2,-0.015798578038811684
4600,Episode_Reward/track_ang_vel_z_exp,0.4647405743598938
4600,Episode_Reward/track_lin_vel_xy_miki,1.4228909015655518
4600,Episode_Reward/undesired_contacts,0.0
4600,Episode_Termination/base_contact,0.0
4600,Episode_Termination/head_contact,0.000244140625
4600,Episode_Termination/time_out,0.999755859375
4600,Loss/entropy,-8.703752517700195
4600,Loss/learning_rate,5.062499985797331e-05
4600,Loss/surrogate,-0.0030025960877537727
4600,Loss/value,0.0032437299378216267
4600,Metrics/base_velocity/error_vel_xy,0.1034158393740654
4600,Metrics/base_velocity/error_vel_yaw,0.11139576137065887
4600,Metrics/success_rate,1.0
4600,Perf/collection_time,1.6175425052642822
4600,Perf/learning_time,0.1936502456665039
4600,Perf/total_fps,54275.0
4600,Policy/mean_std,0.20124508440494537
4600,Train/mean_episode_length,1000.0
4600,Train/mean_reward,27.406436920166016
4630,Train/mean_episode_length/time,1000.0
4630,Train/mean_reward/time,24.879962921142578
4640,Episode_Reward/action_rate_l2,-0.031824395060539246
4640,Episode_Reward/belly_contact_force,0.0
4640,Episode_Reward/dof_torques_l2,-0.4744255542755127
4640,Episode_Reward/lin_vel_z_l2,-0.016074692830443382
4640,Episode_Reward/track_ang_vel_z_exp,0.464313805103302
4640,Episode_Reward/track_lin_vel_xy_miki,1.415540099143982
4640,Episode_Reward/undesired_contacts,-2.5000001187436283e-05
4640,Episode_Termination/base_contact,0.0
4640,Episode_Termination/head_contact,0.0
4640,Episode_Termination/time_out,1.0
4640,Loss/entropy,-8.705731391906738
4640,Loss/learning_rate,7.593750342493877e-05
4640,Loss/surrogate,-0.00297189480625093
4640,Loss/value,0.0030788234435021877
4640,Metrics/base_velocity/error_vel_xy,0.10925531387329102
4640,Metrics/base_velocity/error_vel_yaw,0.11210109293460846
4640,Metrics/success_rate,1.0
4640,Perf/collection_time,1.698749303817749
4640,Perf/learning_time,0.1888580322265625
4640,Perf/total_fps,52078.0
4640,Policy/mean_std,0.20131999254226685
4640,Train/mean_episode_length,1000.0
4640,Train/mean_reward,27.15749168395996
4680,Episode_Reward/action_rate_l2,-0.03190362825989723
4680,Episode_Reward/belly_contact_force,0.0
4680,Episode_Reward/dof_torques_l2,-0.47451314330101013
4680,Episode_Reward/lin_vel_z_l2,-0.015776213258504868
4680,Episode_Reward/track_ang_vel_z_exp,0.4646574854850769
4680,Episode_Reward/track_lin_vel_xy_miki,1.4185986518859863
4680,Episode_Reward/undesired_contacts,0.0
4680,Episode_Termination/base_contact,0.0
4680,Episode_Termination/head_contact,0.000244140625
4680,Episode_Termination/time_out,0.999755859375
4680,Loss/entropy,-8.74746036529541
4680,Loss/learning_rate,5.062499985797331e-05
4680,Loss/surrogate,-0.002931320806965232
4680,Loss/value,0.0027814782224595547
4680,Metrics/base_velocity/error_vel_xy,0.10597541183233261
4680,Metrics/base_velocity/error_vel_yaw,0.11163290590047836
4680,Metrics/success_rate,1.0
4680,Perf/collection_time,1.6149919033050537
4680,Perf/learning_time,0.1704239845275879
4680,Perf/total_fps,55059.0
4680,Policy/mean_std,0.2008003294467926
4680,Train/mean_episode_length,1000.0
4680,Train/mean_reward,27.3463134765625
4719,Train/mean_episode_length/time,1000.0
4719,Train/mean_reward/time,24.934833526611328
4720,Episode_Reward/action_rate_l2,-0.03073911927640438
4720,Episode_Reward/belly_contact_force,0.0
4720,Episode_Reward/dof_torques_l2,-0.4694320857524872
4720,Episode_Reward/lin_vel_z_l2,-0.015848901122808456
4720,Episode_Reward/track_ang_vel_z_exp,0.46507084369659424
4720,Episode_Reward/track_lin_vel_xy_miki,1.4276851415634155
4720,Episode_Reward/undesired_contacts,0.0
4720,Episode_Termination/base_contact,0.0
4720,Episode_Termination/head_contact,0.00048828125
4720,Episode_Termination/time_out,0.99951171875
4720,Loss/entropy,-8.830629348754883
4720,Loss/learning_rate,3.3749998692655936e-05
4720,Loss/surrogate,-0.0030986149795353413
4720,Loss/value,0.0034443140029907227
4720,Metrics/base_velocity/error_vel_xy,0.09860768169164658
4720,Metrics/base_velocity/error_vel_yaw,0.11080833524465561
4720,Metrics/success_rate,1.0
4720,Perf/collection_time,1.614804983139038
4720,Perf/learning_time,0.1715257167816162
4720,Perf/total_fps,55031.0
4720,Policy/mean_std,0.20013737678527832
4720,Train/mean_episode_length,1000.0
4720,Train/mean_reward,27.436481475830078
4760,Episode_Reward/action_rate_l2,-0.03136959299445152
4760,Episode_Reward/belly_contact_force,0.0
4760,Episode_Reward/dof_torques_l2,-0.4692833423614502
4760,Episode_Reward/lin_vel_z_l2,-0.016417181119322777
4760,Episode_Reward/track_ang_vel_z_exp,0.46477359533309937
4760,Episode_Reward/track_lin_vel_xy_miki,1.4226970672607422
4760,Episode_Reward/undesired_contacts,0.0
4760,Episode_Termination/base_contact,0.0
4760,Episode_Termination/head_contact,0.00146484375
4760,Episode_Termination/time_out,0.99853515625
4760,Loss/entropy,-8.684112548828125
4760,Loss/learning_rate,7.593750342493877e-05
4760,Loss/surrogate,-0.0028908844105899334
4760,Loss/value,0.003578281495720148
4760,Metrics/base_velocity/error_vel_xy,0.10365935415029526
4760,Metrics/base_velocity/error_vel_yaw,0.11122983694076538
4760,Metrics/success_rate,1.0
4760,Perf/collection_time,1.6190781593322754
4760,Perf/learning_time,0.17127037048339844
4760,Perf/total_fps,54907.0
4760,Policy/mean_std,0.20131374895572662
4760,Train/mean_episode_length,1000.0
4760,Train/mean_reward,27.398874282836914
4800,Episode_Reward/action_rate_l2,-0.031191915273666382
4800,Episode_Reward/belly_contact_force,0.0
4800,Episode_Reward/dof_torques_l2,-0.467869371175766
4800,Episode_Reward/lin_vel_z_l2,-0.015519770793616772
4800,Episode_Reward/track_ang_vel_z_exp,0.4647596478462219
4800,Episode_Reward/track_lin_vel_xy_miki,1.4238002300262451
4800,Episode_Reward/undesired_contacts,0.0
4800,Episode_Termination/base_contact,0.0
4800,Episode_Termination/head_contact,0.000244140625
4800,Episode_Termination/time_out,0.999755859375
4800,Loss/entropy,-8.67788028717041
4800,Loss/learning_rate,7.593750342493877e-05
4800,Loss/surrogate,-0.0037588777486234903
4800,Loss/value,0.003395642153918743
4800,Metrics/base_velocity/error_vel_xy,0.10319565236568451
4800,Metrics/base_velocity/error_vel_yaw,0.1111946851015091
4800,Metrics/success_rate,1.0
4800,Perf/collection_time,1.6909029483795166
4800,Perf/learning_time,0.1857903003692627
4800,Perf/total_fps,52381.0
4800,Policy/mean_std,0.20105989277362823
4800,Train/mean_episode_length,1000.0
4800,Train/mean_reward,27.460548400878906
4809,Train/mean_episode_length/time,1000.0
4809,Train/mean_reward/time,24.91490364074707
4840,Episode_Reward/action_rate_l2,-0.03176003694534302
4840,Episode_Reward/belly_contact_force,0.0
4840,Episode_Reward/dof_torques_l2,-0.473202645778656
4840,Episode_Reward/lin_vel_z_l2,-0.01642288640141487
4840,Episode_Reward/track_ang_vel_z_exp,0.4636955261230469
4840,Episode_Reward/track_lin_vel_xy_miki,1.425490379333496
4840,Episode_Reward/undesired_contacts,0.0
4840,Episode_Termination/base_contact,0.0
4840,Episode_Termination/head_contact,0.0009765625
4840,Episode_Termination/time_out,0.9990234375
4840,Loss/entropy,-8.552057266235352
4840,Loss/learning_rate,7.593750342493877e-05
4840,Loss/surrogate,-0.0025788950733840466
4840,Loss/value,0.0026774227153509855
4840,Metrics/base_velocity/error_vel_xy,0.1009167730808258
4840,Metrics/base_velocity/error_vel_yaw,0.11316025257110596
4840,Metrics/success_rate,1.0
4840,Perf/collection_time,1.6010322570800781
4840,Perf/learning_time,0.1731410026550293
4840,Perf/total_fps,55408.0
4840,Policy/mean_std,0.2014824002981186
4840,Train/mean_episode_length,1000.0
4840,Train/mean_reward,27.319067001342773
4880,Episode_Reward/action_rate_l2,-0.031706929206848145
4880,Episode_Reward/belly_contact_force,0.0
4880,Episode_Reward/dof_torques_l2,-0.47208651900291443
4880,Episode_Reward/lin_vel_z_l2,-0.01586609147489071
4880,Episode_Reward/track_ang_vel_z_exp,0.4638206958770752
4880,Episode_Reward/track_lin_vel_xy_miki,1.424971342086792
4880,Episode_Reward/undesired_contacts,0.0
4880,Episode_Termination/base_contact,0.0
4880,Episode_Termination/head_contact,0.00048828125
4880,Episode_Termination/time_out,0.99951171875
4880,Loss/entropy,-8.577346801757812
4880,Loss/learning_rate,7.593750342493877e-05
4880,Loss/surrogate,-0.0037329832557588816
4880,Loss/value,0.0037695644423365593
4880,Metrics/base_velocity/error_vel_xy,0.10196151584386826
4880,Metrics/base_velocity/error_vel_yaw,0.1131148561835289
4880,Metrics/success_rate,1.0
4880,Perf/collection_time,1.66670560836792
4880,Perf/learning_time,0.17899823188781738
4880,Perf/total_fps,53260.0
4880,Policy/mean_std,0.20124602317810059
4880,Train/mean_episode_length,1000.0
4880,Train/mean_reward,27.420639038085938
4920,Episode_Reward/action_rate_l2,-0.03136764466762543
4920,Episode_Reward/belly_contact_force,0.0
4920,Episode_Reward/dof_torques_l2,-0.4704505205154419
4920,Episode_Reward/lin_vel_z_l2,-0.016024095937609673
4920,Episode_Reward/track_ang_vel_z_exp,0.46487170457839966
4920,Episode_Reward/track_lin_vel_xy_miki,1.4243468046188354
4920,Episode_Reward/undesired_contacts,0.0
4920,Episode_Termination/base_contact,0.0
4920,Episode_Termination/head_contact,0.0009765625
4920,Episode_Termination/time_out,0.9990234375
4920,Loss/entropy,-8.625561714172363
4920,Loss/learning_rate,5.062499985797331e-05
4920,Loss/surrogate,-0.0033348139841109514
4920,Loss/value,0.002832539612427354
4920,Metrics/base_velocity/error_vel_xy,0.10246530175209045
4920,Metrics/base_velocity/error_vel_yaw,0.1111280545592308
4920,Metrics/success_rate,1.0
4920,Perf/collection_time,1.6102650165557861
4920,Perf/learning_time,0.17570710182189941
4920,Perf/total_fps,55042.0
4920,Policy/mean_std,0.20122115314006805
4920,Train/mean_episode_length,1000.0
4920,Train/mean_reward,27.340272903442383
4923,Train/mean_episode_length/time,1000.0
4923,Train/mean_reward/time,25.036733627319336
4960,Episode_Reward/action_rate_l2,-0.03273315355181694
4960,Episode_Reward/belly_contact_force,0.0
4960,Episode_Reward/dof_torques_l2,-0.4788249135017395
4960,Episode_Reward/lin_vel_z_l2,-0.016419723629951477
4960,Episode_Reward/track_ang_vel_z_exp,0.4642881751060486
4960,Episode_Reward/track_lin_vel_xy_miki,1.4202513694763184
4960,Episode_Reward/undesired_contacts,0.0
4960,Episode_Termination/base_contact,0.0
4960,Episode_Termination/head_contact,0.000244140625
4960,Episode_Termination/time_out,0.999755859375
4960,Loss/entropy,-8.615962982177734
4960,Loss/learning_rate,5.062499985797331e-05
4960,Loss/surrogate,-0.0028906273655593395
4960,Loss/value,0.003855211893096566
4960,Metrics/base_velocity/error_vel_xy,0.1068059429526329
4960,Metrics/base_velocity/error_vel_yaw,0.11216098070144653
4960,Metrics/success_rate,1.0
4960,Perf/collection_time,1.7808806896209717
4960,Perf/learning_time,0.20180201530456543
4960,Perf/total_fps,49581.0
4960,Policy/mean_std,0.20157106220722198
4960,Train/mean_episode_length,1000.0
4960,Train/mean_reward,27.224374771118164
5000,Episode_Reward/action_rate_l2,-0.03181888908147812
5000,Episode_Reward/belly_contact_force,0.0
5000,Episode_Reward/dof_torques_l2,-0.4722326695919037
5000,Episode_Reward/lin_vel_z_l2,-0.016341401264071465
5000,Episode_Reward/track_ang_vel_z_exp,0.4644753634929657
5000,Episode_Reward/track_lin_vel_xy_miki,1.4231818914413452
5000,Episode_Reward/undesired_contacts,0.0
5000,Episode_Termination/base_contact,0.0
5000,Episode_Termination/head_contact,0.0
5000,Episode_Termination/time_out,1.0
5000,Loss/entropy,-8.672319412231445
5000,Loss/learning_rate,7.593750342493877e-05
5000,Loss/surrogate,-0.0032148174941539764
5000,Loss/value,0.0029510091990232468
5000,Metrics/base_velocity/error_vel_xy,0.10428152978420258
5000,Metrics/base_velocity/error_vel_yaw,0.11175291240215302
5000,Metrics/success_rate,1.0
5000,Perf/collection_time,1.6356327533721924
5000,Perf/learning_time,0.18009018898010254
5000,Perf/total_fps,54140.0
5000,Policy/mean_std,0.20143061876296997
5000,Train/mean_episode_length,1000.0
5000,Train/mean_reward,27.328088760375977
5010,Train/mean_episode_length/time,1000.0
5010,Train/mean_reward/time,25.57777214050293
5040,Episode_Reward/action_rate_l2,-0.03118712827563286
5040,Episode_Reward/belly_contact_force,0.0
5040,Episode_Reward/dof_torques_l2,-0.4661976993083954
5040,Episode_Reward/lin_vel_z_l2,-0.015791669487953186
5040,Episode_Reward/track_ang_vel_z_exp,0.4650340974330902
5040,Episode_Reward/track_lin_vel_xy_miki,1.4250173568725586
5040,Episode_Reward/undesired_contacts,0.0
5040,Episode_Termination/base_contact,0.0
5040,Episode_Termination/head_contact,0.00048828125
5040,Episode_Termination/time_out,0.99951171875
5040,Loss/entropy,-8.724459648132324
5040,Loss/learning_rate,5.062499985797331e-05
5040,Loss/surrogate,-0.003080625319853425
5040,Loss/value,0.0026467489078640938
5040,Metrics/base_velocity/error_vel_xy,0.10194369405508041
5040,Metrics/base_velocity/error_vel_yaw,0.11085067689418793
5040,Metrics/success_rate,1.0
5040,Perf/collection_time,1.6375951766967773
5040,Perf/learning_time,0.1765613555908203
5040,Perf/total_fps,54187.0
5040,Policy/mean_std,0.20116601884365082
5040,Train/mean_episode_length,1000.0
5040,Train/mean_reward,27.502037048339844
5080,Episode_Reward/action_rate_l2,-0.031910404562950134
5080,Episode_Reward/belly_contact_force,0.0
5080,Episode_Reward/dof_torques_l2,-0.4656338691711426
5080,Episode_Reward/lin_vel_z_l2,-0.015806399285793304
5080,Episode_Reward/track_ang_vel_z_exp,0.46516919136047363
5080,Episode_Reward/track_lin_vel_xy_miki,1.4229943752288818
5080,Episode_Reward/undesired_contacts,0.0
5080,Episode_Termination/base_contact,0.0
5080,Episode_Termination/head_contact,0.000244140625
5080,Episode_Termination/time_out,0.999755859375
5080,Loss/entropy,-8.700559616088867
5080,Loss/learning_rate,7.593750342493877e-05
5080,Loss/surrogate,-0.0034574251621961594
5080,Loss/value,0.0031235171481966972
5080,Metrics/base_velocity/error_vel_xy,0.10352829098701477
5080,Metrics/base_velocity/error_vel_yaw,0.11045169085264206
5080,Metrics/success_rate,1.0
5080,Perf/collection_time,1.6043846607208252
5080,Perf/learning_time,0.1742706298828125
5080,Perf/total_fps,55268.0
5080,Policy/mean_std,0.2018958330154419
5080,Train/mean_episode_length,1000.0
5080,Train/mean_reward,27.385387420654297
5091,Train/mean_episode_length/time,1000.0
5091,Train/mean_reward/time,25.462364196777344
5120,Episode_Reward/action_rate_l2,-0.031109904870390892
5120,Episode_Reward/belly_contact_force,0.0
5120,Episode_Reward/dof_torques_l2,-0.462730348110199
5120,Episode_Reward/lin_vel_z_l2,-0.01680264249444008
5120,Episode_Reward/track_ang_vel_z_exp,0.46522587537765503
5120,Episode_Reward/track_lin_vel_xy_miki,1.423282504081726
5120,Episode_Reward/undesired_contacts,0.0
5120,Episode_Termination/base_contact,0.0
5120,Episode_Termination/head_contact,0.000732421875
5120,Episode_Termination/time_out,0.999267578125
5120,Loss/entropy,-8.825864791870117
5120,Loss/learning_rate,7.593750342493877e-05
5120,Loss/surrogate,-0.002981976605951786
5120,Loss/value,0.0032979222014546394
5120,Metrics/base_velocity/error_vel_xy,0.1040707677602768
5120,Metrics/base_velocity/error_vel_yaw,0.1104511022567749
5120,Metrics/success_rate,1.0
5120,Perf/collection_time,1.7511653900146484
5120,Perf/learning_time,0.2080991268157959
5120,Perf/total_fps,50173.0
5120,Policy/mean_std,0.20112188160419464
5120,Train/mean_episode_length,1000.0
5120,Train/mean_reward,27.587671279907227
5160,Episode_Reward/action_rate_l2,-0.03129848837852478
5160,Episode_Reward/belly_contact_force,0.0
5160,Episode_Reward/dof_torques_l2,-0.465056836605072
5160,Episode_Reward/lin_vel_z_l2,-0.01634073629975319
5160,Episode_Reward/track_ang_vel_z_exp,0.46580713987350464
5160,Episode_Reward/track_lin_vel_xy_miki,1.4315040111541748
5160,Episode_Reward/undesired_contacts,0.0
5160,Episode_Termination/base_contact,0.0
5160,Episode_Termination/head_contact,0.00146484375
5160,Episode_Termination/time_out,0.99853515625
5160,Loss/entropy,-8.902771949768066
5160,Loss/learning_rate,3.3749998692655936e-05
5160,Loss/surrogate,-0.002634265925735235
5160,Loss/value,0.0025170196313410997
5160,Metrics/base_velocity/error_vel_xy,0.0956718772649765
5160,Metrics/base_velocity/error_vel_yaw,0.10959645360708237
5160,Metrics/success_rate,1.0
5160,Perf/collection_time,1.6152174472808838
5160,Perf/learning_time,0.1784498691558838
5160,Perf/total_fps,54806.0
5160,Policy/mean_std,0.2003505825996399
5160,Train/mean_episode_length,1000.0
5160,Train/mean_reward,27.68202781677246
5187,Train/mean_episode_length/time,1000.0
5187,Train/mean_reward/time,25.7701473236084
5200,Episode_Reward/action_rate_l2,-0.03180042281746864
5200,Episode_Reward/belly_contact_force,0.0
5200,Episode_Reward/dof_torques_l2,-0.46596449613571167
5200,Episode_Reward/lin_vel_z_l2,-0.016181370243430138
5200,Episode_Reward/track_ang_vel_z_exp,0.4653882384300232
5200,Episode_Reward/track_lin_vel_xy_miki,1.4217318296432495
5200,Episode_Reward/undesired_contacts,0.0
5200,Episode_Termination/base_contact,0.0
5200,Episode_Termination/head_contact,0.001220703125
5200,Episode_Termination/time_out,0.998779296875
5200,Loss/entropy,-8.885868072509766
5200,Loss/learning_rate,5.062499985797331e-05
5200,Loss/surrogate,-0.003100230125710368
5200,Loss/value,0.0037797412369400263
5200,Metrics/base_velocity/error_vel_xy,0.10591612756252289
5200,Metrics/base_velocity/error_vel_yaw,0.11016665399074554
5200,Metrics/success_rate,1.0
5200,Perf/collection_time,1.674436330795288
5200,Perf/learning_time,0.18642354011535645
5200,Perf/total_fps,52827.0
5200,Policy/mean_std,0.20063549280166626
5200,Train/mean_episode_length,1000.0
5200,Train/mean_reward,27.483835220336914
5240,Episode_Reward/action_rate_l2,-0.031062979251146317
5240,Episode_Reward/belly_contact_force,0.0
5240,Episode_Reward/dof_torques_l2,-0.4585859775543213
5240,Episode_Reward/lin_vel_z_l2,-0.01605682075023651
5240,Episode_Reward/track_ang_vel_z_exp,0.46617060899734497
5240,Episode_Reward/track_lin_vel_xy_miki,1.423062801361084
5240,Episode_Reward/undesired_contacts,0.0
5240,Episode_Termination/base_contact,0.0
5240,Episode_Termination/head_contact,0.000244140625
5240,Episode_Termination/time_out,0.999755859375
5240,Loss/entropy,-8.883028984069824
5240,Loss/learning_rate,5.062499985797331e-05
5240,Loss/surrogate,-0.0032721415627747774
5240,Loss/value,0.003535242984071374
5240,Metrics/base_velocity/error_vel_xy,0.10159053653478622
5240,Metrics/base_velocity/error_vel_yaw,0.10888053476810455
5240,Metrics/success_rate,1.0
5240,Perf/collection_time,1.6429178714752197
5240,Perf/learning_time,0.17572927474975586
5240,Perf/total_fps,54053.0
5240,Policy/mean_std,0.20052026212215424
5240,Train/mean_episode_length,1000.0
5240,Train/mean_reward,27.64307975769043
5266,Train/mean_episode_length/time,1000.0
5266,Train/mean_reward/time,25.671321868896484
5280,Episode_Reward/action_rate_l2,-0.03155294433236122
5280,Episode_Reward/belly_contact_force,0.0
5280,Episode_Reward/dof_torques_l2,-0.46069633960723877
5280,Episode_Reward/lin_vel_z_l2,-0.015804395079612732
5280,Episode_Reward/track_ang_vel_z_exp,0.46569785475730896
5280,Episode_Reward/track_lin_vel_xy_miki,1.4276317358016968
5280,Episode_Reward/undesired_contacts,0.0
5280,Episode_Termination/base_contact,0.0
5280,Episode_Termination/head_contact,0.000244140625
5280,Episode_Termination/time_out,0.999755859375
5280,Loss/entropy,-8.924903869628906
5280,Loss/learning_rate,7.593750342493877e-05
5280,Loss/surrogate,-0.003454337827861309
5280,Loss/value,0.0035612224601209164
5280,Metrics/base_velocity/error_vel_xy,0.09819888323545456
5280,Metrics/base_velocity/error_vel_yaw,0.10965059697628021
5280,Metrics/success_rate,1.0
5280,Perf/collection_time,1.588202953338623
5280,Perf/learning_time,0.17888116836547852
5280,Perf/total_fps,55630.0
5280,Policy/mean_std,0.20048673450946808
5280,Train/mean_episode_length,1000.0
5280,Train/mean_reward,27.86326789855957
5320,Episode_Reward/action_rate_l2,-0.03177494555711746
5320,Episode_Reward/belly_contact_force,0.0
5320,Episode_Reward/dof_torques_l2,-0.4618106484413147
5320,Episode_Reward/lin_vel_z_l2,-0.015432143583893776
5320,Episode_Reward/track_ang_vel_z_exp,0.46624550223350525
5320,Episode_Reward/track_lin_vel_xy_miki,1.426539421081543
5320,Episode_Reward/undesired_contacts,0.0
5320,Episode_Termination/base_contact,0.0
5320,Episode_Termination/head_contact,0.0009765625
5320,Episode_Termination/time_out,0.9990234375
5320,Loss/entropy,-8.908315658569336
5320,Loss/learning_rate,5.062499985797331e-05
5320,Loss/surrogate,-0.003382998751476407
5320,Loss/value,0.002786555327475071
5320,Metrics/base_velocity/error_vel_xy,0.10046923160552979
5320,Metrics/base_velocity/error_vel_yaw,0.10854490846395493
5320,Metrics/success_rate,1.0
5320,Perf/collection_time,1.61920166015625
5320,Perf/learning_time,0.17215514183044434
5320,Perf/total_fps,54876.0
5320,Policy/mean_std,0.20081664621829987
5320,Train/mean_episode_length,1000.0
5320,Train/mean_reward,27.730857849121094
5345,Train/mean_episode_length/time,995.3300170898438
5345,Train/mean_reward/time,25.41701889038086
5360,Episode_Reward/action_rate_l2,-0.03190767392516136
5360,Episode_Reward/belly_contact_force,0.0
5360,Episode_Reward/dof_torques_l2,-0.4627755582332611
5360,Episode_Reward/lin_vel_z_l2,-0.015558156184852123
5360,Episode_Reward/track_ang_vel_z_exp,0.4657852351665497
5360,Episode_Reward/track_lin_vel_xy_miki,1.4284279346466064
5360,Episode_Reward/undesired_contacts,0.0
5360,Episode_Termination/base_contact,0.0
5360,Episode_Termination/head_contact,0.00048828125
5360,Episode_Termination/time_out,0.99951171875
5360,Loss/entropy,-8.891745567321777
5360,Loss/learning_rate,7.593750342493877e-05
5360,Loss/surrogate,-0.002319605788215995
5360,Loss/value,0.0028398828580975533
5360,Metrics/base_velocity/error_vel_xy,0.09798582643270493
5360,Metrics/base_velocity/error_vel_yaw,0.10940691083669662
5360,Metrics/success_rate,1.0
5360,Perf/collection_time,1.6419439315795898
5360,Perf/learning_time,0.1829524040222168
5360,Perf/total_fps,53868.0
5360,Policy/mean_std,0.20085962116718292
5360,Train/mean_episode_length,1000.0
5360,Train/mean_reward,27.74668312072754
5400,Episode_Reward/action_rate_l2,-0.03189133107662201
5400,Episode_Reward/belly_contact_force,0.0
5400,Episode_Reward/dof_torques_l2,-0.4657248854637146
5400,Episode_Reward/lin_vel_z_l2,-0.015261984430253506
5400,Episode_Reward/track_ang_vel_z_exp,0.46529507637023926
5400,Episode_Reward/track_lin_vel_xy_miki,1.4283740520477295
5400,Episode_Reward/undesired_contacts,0.0
5400,Episode_Termination/base_contact,0.0
5400,Episode_Termination/head_contact,0.001953125
5400,Episode_Termination/time_out,0.998046875
5400,Loss/entropy,-8.839495658874512
5400,Loss/learning_rate,5.062499985797331e-05
5400,Loss/surrogate,-0.003486545756459236
5400,Loss/value,0.003382738446816802
5400,Metrics/base_velocity/error_vel_xy,0.0990561693906784
5400,Metrics/base_velocity/error_vel_yaw,0.11038777232170105
5400,Metrics/success_rate,1.0
5400,Perf/collection_time,1.615518569946289
5400,Perf/learning_time,0.17534613609313965
5400,Perf/total_fps,54891.0
5400,Policy/mean_std,0.20119893550872803
5400,Train/mean_episode_length,1000.0
5400,Train/mean_reward,27.64263153076172
5422,Train/mean_episode_length/time,995.4500122070312
5422,Train/mean_reward/time,25.77555274963379
5440,Episode_Reward/action_rate_l2,-0.03143860399723053
5440,Episode_Reward/belly_contact_force,0.0
5440,Episode_Reward/dof_torques_l2,-0.45310649275779724
5440,Episode_Reward/lin_vel_z_l2,-0.015367431566119194
5440,Episode_Reward/track_ang_vel_z_exp,0.4625522792339325
5440,Episode_Reward/track_lin_vel_xy_miki,1.4189691543579102
5440,Episode_Reward/undesired_contacts,0.0
5440,Episode_Termination/base_contact,0.0
5440,Episode_Termination/head_contact,0.0006306966533884406
5440,Episode_Termination/time_out,0.9993693232536316
5440,Loss/entropy,-8.626681327819824
5440,Loss/learning_rate,2.2500000341096893e-05
5440,Loss/surrogate,-0.0027468763291835785
5440,Loss/value,0.003635463770478964
5440,Metrics/base_velocity/error_vel_xy,0.09888564795255661
5440,Metrics/base_velocity/error_vel_yaw,0.10984449088573456
5440,Metrics/success_rate,1.0
5440,Perf/collection_time,1.6130528450012207
5440,Perf/learning_time,0.1747417449951172
5440,Perf/total_fps,54986.0
5440,Policy/mean_std,0.2026807963848114
5440,Train/mean_episode_length,995.3200073242188
5440,Train/mean_reward,27.59670066833496
5480,Episode_Reward/action_rate_l2,-0.03210859000682831
5480,Episode_Reward/belly_contact_force,0.0
5480,Episode_Reward/dof_torques_l2,-0.4625736176967621
5480,Episode_Reward/lin_vel_z_l2,-0.016322527080774307
5480,Episode_Reward/track_ang_vel_z_exp,0.46497225761413574
5480,Episode_Reward/track_lin_vel_xy_miki,1.425878882408142
5480,Episode_Reward/undesired_contacts,0.0
5480,Episode_Termination/base_contact,0.0
5480,Episode_Termination/head_contact,0.00048828125
5480,Episode_Termination/time_out,0.99951171875
5480,Loss/entropy,-8.56848430633545
5480,Loss/learning_rate,7.593750342493877e-05
5480,Loss/surrogate,-0.003113657468929887
5480,Loss/value,0.0028466531075537205
5480,Metrics/base_velocity/error_vel_xy,0.09964843094348907
5480,Metrics/base_velocity/error_vel_yaw,0.11083623021841049
5480,Metrics/success_rate,1.0
5480,Perf/collection_time,1.7075824737548828
5480,Perf/learning_time,0.17661738395690918
5480,Perf/total_fps,52172.0
5480,Policy/mean_std,0.2029591202735901
5480,Train/mean_episode_length,1000.0
5480,Train/mean_reward,27.554195404052734
5501,Train/mean_episode_length/time,1000.0
5501,Train/mean_reward/time,26.076873779296875
5520,Episode_Reward/action_rate_l2,-0.0318622961640358
5520,Episode_Reward/belly_contact_force,0.0
5520,Episode_Reward/dof_torques_l2,-0.4678705930709839
5520,Episode_Reward/lin_vel_z_l2,-0.016378624364733696
5520,Episode_Reward/track_ang_vel_z_exp,0.46470412611961365
5520,Episode_Reward/track_lin_vel_xy_miki,1.4281506538391113
5520,Episode_Reward/undesired_contacts,0.0
5520,Episode_Termination/base_contact,0.0
5520,Episode_Termination/head_contact,0.00146484375
5520,Episode_Termination/time_out,0.99853515625
5520,Loss/entropy,-8.771596908569336
5520,Loss/learning_rate,7.593750342493877e-05
5520,Loss/surrogate,-0.0029471188317984343
5520,Loss/value,0.0027443626895546913
5520,Metrics/base_velocity/error_vel_xy,0.09910329431295395
5520,Metrics/base_velocity/error_vel_yaw,0.11148421466350555
5520,Metrics/success_rate,1.0
5520,Perf/collection_time,1.6205835342407227
5520,Perf/learning_time,0.1810157299041748
5520,Perf/total_fps,54564.0
5520,Policy/mean_std,0.20170706510543823
5520,Train/mean_episode_length,1000.0
5520,Train/mean_reward,27.489749908447266
5560,Episode_Reward/action_rate_l2,-0.03164983540773392
5560,Episode_Reward/belly_contact_force,0.0
5560,Episode_Reward/dof_torques_l2,-0.4633898138999939
5560,Episode_Reward/lin_vel_z_l2,-0.016452182084321976
5560,Episode_Reward/track_ang_vel_z_exp,0.46499961614608765
5560,Episode_Reward/track_lin_vel_xy_miki,1.4227299690246582
5560,Episode_Reward/undesired_contacts,0.0
5560,Episode_Termination/base_contact,0.0
5560,Episode_Termination/head_contact,0.000732421875
5560,Episode_Termination/time_out,0.999267578125
5560,Loss/entropy,-8.724231719970703
5560,Loss/learning_rate,5.062499985797331e-05
5560,Loss/surrogate,-0.003409129101783037
5560,Loss/value,0.002030836883932352
5560,Metrics/base_velocity/error_vel_xy,0.10427435487508774
5560,Metrics/base_velocity/error_vel_yaw,0.11070489883422852
5560,Metrics/success_rate,1.0
5560,Perf/collection_time,1.6115167140960693
5560,Perf/learning_time,0.20004916191101074
5560,Perf/total_fps,54264.0
5560,Policy/mean_std,0.20227645337581635
5560,Train/mean_episode_length,1000.0
5560,Train/mean_reward,27.627962112426758
5578,Train/mean_episode_length/time,1000.0
5578,Train/mean_reward/time,25.97636604309082
5600,Episode_Reward/action_rate_l2,-0.032011479139328
5600,Episode_Reward/belly_contact_force,0.0
5600,Episode_Reward/dof_torques_l2,-0.46606940031051636
5600,Episode_Reward/lin_vel_z_l2,-0.01637258566915989
5600,Episode_Reward/track_ang_vel_z_exp,0.46547168493270874
5600,Episode_Reward/track_lin_vel_xy_miki,1.4258016347885132
5600,Episode_Reward/undesired_contacts,0.0
5600,Episode_Termination/base_contact,0.0
5600,Episode_Termination/head_contact,0.000732421875
5600,Episode_Termination/time_out,0.999267578125
5600,Loss/entropy,-8.601057052612305
5600,Loss/learning_rate,7.593750342493877e-05
5600,Loss/surrogate,-0.0029100696556270123
5600,Loss/value,0.004032553173601627
5600,Metrics/base_velocity/error_vel_xy,0.1001606211066246
5600,Metrics/base_velocity/error_vel_yaw,0.1100744754076004
5600,Metrics/success_rate,1.0
5600,Perf/collection_time,1.639998197555542
5600,Perf/learning_time,0.18099689483642578
5600,Perf/total_fps,53983.0
5600,Policy/mean_std,0.20290826261043549
5600,Train/mean_episode_length,1000.0
5600,Train/mean_reward,27.58751106262207
5640,Episode_Reward/action_rate_l2,-0.032043877989053726
5640,Episode_Reward/belly_contact_force,0.0
5640,Episode_Reward/dof_torques_l2,-0.46475303173065186
5640,Episode_Reward/lin_vel_z_l2,-0.016619786620140076
5640,Episode_Reward/track_ang_vel_z_exp,0.46532636880874634
5640,Episode_Reward/track_lin_vel_xy_miki,1.426478385925293
5640,Episode_Reward/undesired_contacts,0.0
5640,Episode_Termination/base_contact,0.0
5640,Episode_Termination/head_contact,0.00048828125
5640,Episode_Termination/time_out,0.99951171875
5640,Loss/entropy,-8.51202392578125
5640,Loss/learning_rate,5.062499985797331e-05
5640,Loss/surrogate,-0.002544836141169071
5640,Loss/value,0.002633352531120181
5640,Metrics/base_velocity/error_vel_xy,0.10124336183071136
5640,Metrics/base_velocity/error_vel_yaw,0.1101752370595932
5640,Metrics/success_rate,1.0
5640,Perf/collection_time,1.6105670928955078
5640,Perf/learning_time,0.19836044311523438
5640,Perf/total_fps,54343.0
5640,Policy/mean_std,0.20325903594493866
5640,Train/mean_episode_length,1000.0
5640,Train/mean_reward,27.58158302307129
5656,Train/mean_episode_length/time,1000.0
5656,Train/mean_reward/time,26.225378036499023
5680,Episode_Reward/action_rate_l2,-0.03258120268583298
5680,Episode_Reward/belly_contact_force,0.0
5680,Episode_Reward/dof_torques_l2,-0.4727536141872406
5680,Episode_Reward/lin_vel_z_l2,-0.016199488192796707
5680,Episode_Reward/track_ang_vel_z_exp,0.46408653259277344
5680,Episode_Reward/track_lin_vel_xy_miki,1.4280872344970703
5680,Episode_Reward/undesired_contacts,0.0
5680,Episode_Termination/base_contact,0.0
5680,Episode_Termination/head_contact,0.001220703125
5680,Episode_Termination/time_out,0.998779296875
5680,Loss/entropy,-8.68671703338623
5680,Loss/learning_rate,7.593750342493877e-05
5680,Loss/surrogate,-0.0025716458912938833
5680,Loss/value,0.0030389621388167143
5680,Metrics/base_velocity/error_vel_xy,0.09954103082418442
5680,Metrics/base_velocity/error_vel_yaw,0.11253365874290466
5680,Metrics/success_rate,1.0
5680,Perf/collection_time,1.6036272048950195
5680,Perf/learning_time,0.17792201042175293
5680,Perf/total_fps,55178.0
5680,Policy/mean_std,0.20265671610832214
5680,Train/mean_episode_length,1000.0
5680,Train/mean_reward,27.503780364990234
5720,Episode_Reward/action_rate_l2,-0.032271623611450195
5720,Episode_Reward/belly_contact_force,0.0
5720,Episode_Reward/dof_torques_l2,-0.4631980359554291
5720,Episode_Reward/lin_vel_z_l2,-0.01609737239778042
5720,Episode_Reward/track_ang_vel_z_exp,0.46483612060546875
5720,Episode_Reward/track_lin_vel_xy_miki,1.4229319095611572
5720,Episode_Reward/undesired_contacts,0.0
5720,Episode_Termination/base_contact,0.0
5720,Episode_Termination/head_contact,0.0009765625
5720,Episode_Termination/time_out,0.9990234375
5720,Loss/entropy,-8.811458587646484
5720,Loss/learning_rate,7.593750342493877e-05
5720,Loss/surrogate,-0.003116161096841097
5720,Loss/value,0.0035914480686187744
5720,Metrics/base_velocity/error_vel_xy,0.10363924503326416
5720,Metrics/base_velocity/error_vel_yaw,0.11106812953948975
5720,Metrics/success_rate,1.0
5720,Perf/collection_time,1.5952587127685547
5720,Perf/learning_time,0.17994022369384766
5720,Perf/total_fps,55376.0
5720,Policy/mean_std,0.20136097073554993
5720,Train/mean_episode_length,1000.0
5720,Train/mean_reward,27.59881019592285
5732,Train/mean_episode_length/time,1000.0
5732,Train/mean_reward/time,26.13145637512207
5760,Episode_Reward/action_rate_l2,-0.03157559037208557
5760,Episode_Reward/belly_contact_force,0.0
5760,Episode_Reward/dof_torques_l2,-0.45894989371299744
5760,Episode_Reward/lin_vel_z_l2,-0.01576891355216503
5760,Episode_Reward/track_ang_vel_z_exp,0.4656231105327606
5760,Episode_Reward/track_lin_vel_xy_miki,1.4292176961898804
5760,Episode_Reward/undesired_contacts,0.0
5760,Episode_Termination/base_contact,0.0
5760,Episode_Termination/head_contact,0.000732421875
5760,Episode_Termination/time_out,0.999267578125
5760,Loss/entropy,-8.64002799987793
5760,Loss/learning_rate,7.593750342493877e-05
5760,Loss/surrogate,-0.0028067464008927345
5760,Loss/value,0.002916111145168543
5760,Metrics/base_velocity/error_vel_xy,0.09767892956733704
5760,Metrics/base_velocity/error_vel_yaw,0.1098909005522728
5760,Metrics/success_rate,1.0
5760,Perf/collection_time,1.6369335651397705
5760,Perf/learning_time,0.1790297031402588
5760,Perf/total_fps,54133.0
5760,Policy/mean_std,0.2028367817401886
5760,Train/mean_episode_length,1000.0
5760,Train/mean_reward,27.759740829467773
5800,Episode_Reward/action_rate_l2,-0.03235211223363876
5800,Episode_Reward/belly_contact_force,0.0
5800,Episode_Reward/dof_torques_l2,-0.4608842730522156
5800,Episode_Reward/lin_vel_z_l2,-0.015704838559031487
5800,Episode_Reward/track_ang_vel_z_exp,0.46485304832458496
5800,Episode_Reward/track_lin_vel_xy_miki,1.4280831813812256
5800,Episode_Reward/undesired_contacts,0.0
5800,Episode_Termination/base_contact,0.0
5800,Episode_Termination/head_contact,0.00048828125
5800,Episode_Termination/time_out,0.99951171875
5800,Loss/entropy,-8.601755142211914
5800,Loss/learning_rate,3.3749998692655936e-05
5800,Loss/surrogate,-0.002365821972489357
5800,Loss/value,0.003245064290240407
5800,Metrics/base_velocity/error_vel_xy,0.0981111153960228
5800,Metrics/base_velocity/error_vel_yaw,0.11123700439929962
5800,Metrics/success_rate,1.0
5800,Perf/collection_time,1.612786054611206
5800,Perf/learning_time,0.17293429374694824
5800,Perf/total_fps,55050.0
5800,Policy/mean_std,0.20264571905136108
5800,Train/mean_episode_length,1000.0
5800,Train/mean_reward,27.674226760864258
5808,Train/mean_episode_length/time,1000.0
5808,Train/mean_reward/time,26.252674102783203
5840,Episode_Reward/action_rate_l2,-0.032068874686956406
5840,Episode_Reward/belly_contact_force,0.0
5840,Episode_Reward/dof_torques_l2,-0.46471676230430603
5840,Episode_Reward/lin_vel_z_l2,-0.016079235821962357
5840,Episode_Reward/track_ang_vel_z_exp,0.4643558859825134
5840,Episode_Reward/track_lin_vel_xy_miki,1.4220216274261475
5840,Episode_Reward/undesired_contacts,0.0
5840,Episode_Termination/base_contact,0.0
5840,Episode_Termination/head_contact,0.001220703125
5840,Episode_Termination/time_out,0.998779296875
5840,Loss/entropy,-8.535751342773438
5840,Loss/learning_rate,5.062499985797331e-05
5840,Loss/surrogate,-0.0032872522715479136
5840,Loss/value,0.004019740968942642
5840,Metrics/base_velocity/error_vel_xy,0.10565334558486938
5840,Metrics/base_velocity/error_vel_yaw,0.11197221279144287
5840,Metrics/success_rate,1.0
5840,Perf/collection_time,1.6398775577545166
5840,Perf/learning_time,0.17924928665161133
5840,Perf/total_fps,54039.0
5840,Policy/mean_std,0.20357710123062134
5840,Train/mean_episode_length,1000.0
5840,Train/mean_reward,27.51531982421875
5880,Episode_Reward/action_rate_l2,-0.03195832669734955
5880,Episode_Reward/belly_contact_force,0.0
5880,Episode_Reward/dof_torques_l2,-0.46352994441986084
5880,Episode_Reward/lin_vel_z_l2,-0.015863489359617233
5880,Episode_Reward/track_ang_vel_z_exp,0.46533817052841187
5880,Episode_Reward/track_lin_vel_xy_miki,1.4269002676010132
5880,Episode_Reward/undesired_contacts,0.0
5880,Episode_Termination/base_contact,0.0
5880,Episode_Termination/head_contact,0.00213623046875
5880,Episode_Termination/time_out,0.99786376953125
5880,Loss/entropy,-8.570685386657715
5880,Loss/learning_rate,7.593750342493877e-05
5880,Loss/surrogate,-0.0031820903532207012
5880,Loss/value,0.0037573459558188915
5880,Metrics/base_velocity/error_vel_xy,0.10049313306808472
5880,Metrics/base_velocity/error_vel_yaw,0.11026968061923981
5880,Metrics/success_rate,1.0
5880,Perf/collection_time,1.62261962890625
5880,Perf/learning_time,0.18014121055603027
5880,Perf/total_fps,54529.0
5880,Policy/mean_std,0.203066885471344
5880,Train/mean_episode_length,1000.0
5880,Train/mean_reward,27.560571670532227
5884,Train/mean_episode_length/time,1000.0
5884,Train/mean_reward/time,26.01704978942871
5920,Episode_Reward/action_rate_l2,-0.032254718244075775
5920,Episode_Reward/belly_contact_force,0.0
5920,Episode_Reward/dof_torques_l2,-0.46609383821487427
5920,Episode_Reward/lin_vel_z_l2,-0.016312070190906525
5920,Episode_Reward/track_ang_vel_z_exp,0.46547365188598633
5920,Episode_Reward/track_lin_vel_xy_miki,1.4255609512329102
5920,Episode_Reward/undesired_contacts,0.0
5920,Episode_Termination/base_contact,0.0
5920,Episode_Termination/head_contact,0.001129150390625
5920,Episode_Termination/time_out,0.998870849609375
5920,Loss/entropy,-8.609386444091797
5920,Loss/learning_rate,3.3749998692655936e-05
5920,Loss/surrogate,-0.0026176231913268566
5920,Loss/value,0.002439140807837248
5920,Metrics/base_velocity/error_vel_xy,0.10219135880470276
5920,Metrics/base_velocity/error_vel_yaw,0.1101095899939537
5920,Metrics/success_rate,1.0
5920,Perf/collection_time,1.5834438800811768
5920,Perf/learning_time,0.18022727966308594
5920,Perf/total_fps,55738.0
5920,Policy/mean_std,0.20305757224559784
5920,Train/mean_episode_length,1000.0
5920,Train/mean_reward,27.547456741333008
5960,Episode_Reward/action_rate_l2,-0.031123584136366844
5960,Episode_Reward/belly_contact_force,0.0
5960,Episode_Reward/dof_torques_l2,-0.45399218797683716
5960,Episode_Reward/lin_vel_z_l2,-0.01585605926811695
5960,Episode_Reward/track_ang_vel_z_exp,0.4663708209991455
5960,Episode_Reward/track_lin_vel_xy_miki,1.429642677307129
5960,Episode_Reward/undesired_contacts,0.0
5960,Episode_Termination/base_contact,0.0
5960,Episode_Termination/head_contact,0.001220703125
5960,Episode_Termination/time_out,0.998779296875
5960,Loss/entropy,-8.738966941833496
5960,Loss/learning_rate,7.593750342493877e-05
5960,Loss/surrogate,-0.0032033585011959076
5960,Loss/value,0.0028384914621710777
5960,Metrics/base_velocity/error_vel_xy,0.09687384963035583
5960,Metrics/base_velocity/error_vel_yaw,0.1085037812590599
5960,Metrics/success_rate,1.0
5960,Perf/collection_time,1.6365299224853516
5960,Perf/learning_time,0.1734623908996582
5960,Perf/total_fps,54311.0
5960,Policy/mean_std,0.20245647430419922
5960,Train/mean_episode_length,1000.0
5960,Train/mean_reward,27.804176330566406
5961,Train/mean_episode_length/time,1000.0
5961,Train/mean_reward/time,26.314123153686523
5999,Episode_Reward/action_rate_l2,-0.03173300251364708
5999,Episode_Reward/belly_contact_force,0.0
5999,Episode_Reward/dof_torques_l2,-0.4628570079803467
5999,Episode_Reward/lin_vel_z_l2,-0.015816455706954002
5999,Episode_Reward/track_ang_vel_z_exp,0.4668393135070801
5999,Episode_Reward/track_lin_vel_xy_miki,1.43013596534729
5999,Episode_Reward/undesired_contacts,0.0
5999,Episode_Termination/base_contact,0.0
5999,Episode_Termination/head_contact,0.0009765625
5999,Episode_Termination/time_out,0.9990234375
5999,Loss/entropy,-8.888176918029785
5999,Loss/learning_rate,7.593750342493877e-05
5999,Loss/surrogate,-0.0033012423664331436
5999,Loss/value,0.0026473330799490213
5999,Metrics/base_velocity/error_vel_xy,0.09728419780731201
5999,Metrics/base_velocity/error_vel_yaw,0.10757318139076233
5999,Metrics/success_rate,1.0
5999,Perf/collection_time,1.7577669620513916
5999,Perf/learning_time,0.2078416347503662
5999,Perf/total_fps,50011.0
5999,Policy/mean_std,0.20153161883354187
5999,Train/mean_episode_length,1000.0
5999,Train/mean_reward,27.712785720825195
6039,Train/mean_episode_length/time,1000.0
6039,Train/mean_reward/time,26.226289749145508
6118,Train/mean_episode_length/time,1000.0
6118,Train/mean_reward/time,26.134584426879883
6191,Train/mean_episode_length/time,1000.0
6191,Train/mean_reward/time,26.341358184814453
6265,Train/mean_episode_length/time,1000.0
6265,Train/mean_reward/time,26.243261337280273
6338,Train/mean_episode_length/time,1000.0
6338,Train/mean_reward/time,26.066118240356445
6412,Train/mean_episode_length/time,1000.0
6412,Train/mean_reward/time,26.296592712402344
6485,Train/mean_episode_length/time,1000.0
6485,Train/mean_reward/time,26.27946662902832
6557,Train/mean_episode_length/time,1000.0
6557,Train/mean_reward/time,25.933305740356445
6630,Train/mean_episode_length/time,1000.0
6630,Train/mean_reward/time,26.088172912597656
6703,Train/mean_episode_length/time,1000.0
6703,Train/mean_reward/time,26.467924118041992
6777,Train/mean_episode_length/time,995.4400024414062
6777,Train/mean_reward/time,26.400358200073242
6849,Train/mean_episode_length/time,1000.0
6849,Train/mean_reward/time,26.817472457885742
6922,Train/mean_episode_length/time,1000.0
6922,Train/mean_reward/time,26.77454948425293
6996,Train/mean_episode_length/time,1000.0
6996,Train/mean_reward/time,26.5897159576416
7068,Train/mean_episode_length/time,1000.0
7068,Train/mean_reward/time,26.619556427001953
7141,Train/mean_episode_length/time,1000.0
7141,Train/mean_reward/time,26.666297912597656
7213,Train/mean_episode_length/time,1000.0
7213,Train/mean_reward/time,26.75957679748535
7286,Train/mean_episode_length/time,1000.0
7286,Train/mean_reward/time,26.531278610229492
7359,Train/mean_episode_length/time,1000.0
7359,Train/mean_reward/time,26.62253761291504
7432,Train/mean_episode_length/time,1000.0
7432,Train/mean_reward/time,27.115915298461914
7505,Train/mean_episode_length/time,1000.0
7505,Train/mean_reward/time,26.746646881103516
7578,Train/mean_episode_length/time,1000.0
7578,Train/mean_reward/time,27.1048583984375
7651,Train/mean_episode_length/time,1000.0
7651,Train/mean_reward/time,27.121854782104492
7723,Train/mean_episode_length/time,1000.0
7723,Train/mean_reward/time,27.004175186157227
7796,Train/mean_episode_length/time,1000.0
7796,Train/mean_reward/time,27.254579544067383
7869,Train/mean_episode_length/time,1000.0
7869,Train/mean_reward/time,27.043434143066406
7942,Train/mean_episode_length/time,1000.0
7942,Train/mean_reward/time,27.17666244506836
8015,Train/mean_episode_length/time,995.3900146484375
8015,Train/mean_reward/time,27.04810333251953
8088,Train/mean_episode_length/time,1000.0
8088,Train/mean_reward/time,27.125917434692383
8161,Train/mean_episode_length/time,1000.0
8161,Train/mean_reward/time,27.043718338012695
8234,Train/mean_episode_length/time,995.3200073242188
8234,Train/mean_reward/time,27.122291564941406
8306,Train/mean_episode_length/time,1000.0
8306,Train/mean_reward/time,27.431245803833008
8379,Train/mean_episode_length/time,1000.0
8379,Train/mean_reward/time,27.001251220703125
8452,Train/mean_episode_length/time,1000.0
8452,Train/mean_reward/time,27.39105224609375
8525,Train/mean_episode_length/time,1000.0
8525,Train/mean_reward/time,27.274864196777344
8597,Train/mean_episode_length/time,1000.0
8597,Train/mean_reward/time,27.319042205810547
8669,Train/mean_episode_length/time,1000.0
8669,Train/mean_reward/time,27.26891326904297
8743,Train/mean_episode_length/time,1000.0
8743,Train/mean_reward/time,27.35138511657715
8816,Train/mean_episode_length/time,1000.0
8816,Train/mean_reward/time,27.238969802856445
8888,Train/mean_episode_length/time,1000.0
8888,Train/mean_reward/time,27.275959014892578
8961,Train/mean_episode_length/time,1000.0
8961,Train/mean_reward/time,27.406436920166016
9035,Train/mean_episode_length/time,1000.0
9035,Train/mean_reward/time,27.15749168395996
9108,Train/mean_episode_length/time,1000.0
9108,Train/mean_reward/time,27.3463134765625
9180,Train/mean_episode_length/time,1000.0
9180,Train/mean_reward/time,27.436481475830078
9253,Train/mean_episode_length/time,1000.0
9253,Train/mean_reward/time,27.398874282836914
9326,Train/mean_episode_length/time,1000.0
9326,Train/mean_reward/time,27.460548400878906
9399,Train/mean_episode_length/time,1000.0
9399,Train/mean_reward/time,27.319067001342773
9472,Train/mean_episode_length/time,1000.0
9472,Train/mean_reward/time,27.420639038085938
9544,Train/mean_episode_length/time,1000.0
9544,Train/mean_reward/time,27.340272903442383
9617,Train/mean_episode_length/time,1000.0
9617,Train/mean_reward/time,27.224374771118164
9691,Train/mean_episode_length/time,1000.0
9691,Train/mean_reward/time,27.328088760375977
9764,Train/mean_episode_length/time,1000.0
9764,Train/mean_reward/time,27.502037048339844
9837,Train/mean_episode_length/time,1000.0
9837,Train/mean_reward/time,27.385387420654297
9910,Train/mean_episode_length/time,1000.0
9910,Train/mean_reward/time,27.587671279907227
9984,Train/mean_episode_length/time,1000.0
9984,Train/mean_reward/time,27.68202781677246
10056,Train/mean_episode_length/time,1000.0
10056,Train/mean_reward/time,27.483835220336914
10129,Train/mean_episode_length/time,1000.0
10129,Train/mean_reward/time,27.64307975769043
10202,Train/mean_episode_length/time,1000.0
10202,Train/mean_reward/time,27.86326789855957
10275,Train/mean_episode_length/time,1000.0
10275,Train/mean_reward/time,27.730857849121094
10348,Train/mean_episode_length/time,1000.0
10348,Train/mean_reward/time,27.74668312072754
10420,Train/mean_episode_length/time,1000.0
10420,Train/mean_reward/time,27.64263153076172
10493,Train/mean_episode_length/time,995.3200073242188
10493,Train/mean_reward/time,27.59670066833496
10567,Train/mean_episode_length/time,1000.0
10567,Train/mean_reward/time,27.554195404052734
10639,Train/mean_episode_length/time,1000.0
10639,Train/mean_reward/time,27.489749908447266
10711,Train/mean_episode_length/time,1000.0
10711,Train/mean_reward/time,27.627962112426758
10783,Train/mean_episode_length/time,1000.0
10783,Train/mean_reward/time,27.58751106262207
10857,Train/mean_episode_length/time,1000.0
10857,Train/mean_reward/time,27.58158302307129
10930,Train/mean_episode_length/time,1000.0
10930,Train/mean_reward/time,27.503780364990234
11003,Train/mean_episode_length/time,1000.0
11003,Train/mean_reward/time,27.59881019592285
11075,Train/mean_episode_length/time,1000.0
11075,Train/mean_reward/time,27.759740829467773
11149,Train/mean_episode_length/time,1000.0
11149,Train/mean_reward/time,27.674226760864258
11222,Train/mean_episode_length/time,1000.0
11222,Train/mean_reward/time,27.51531982421875
11295,Train/mean_episode_length/time,1000.0
11295,Train/mean_reward/time,27.560571670532227
11367,Train/mean_episode_length/time,1000.0
11367,Train/mean_reward/time,27.547456741333008
11441,Train/mean_episode_length/time,1000.0
11441,Train/mean_reward/time,27.804176330566406
11512,Train/mean_episode_length/time,1000.0
11512,Train/mean_reward/time,27.712785720825195
