# lizard mesh
v -0.097987 -0.014402 -0.071511
v -0.100229 -0.030883 -0.060864
v -0.109698 -0.018769 -0.045706
v -0.097987 -0.014402 -0.071511
v -0.109698 -0.018769 -0.045706
v -0.106130 -0.001843 -0.058628
v -0.100229 -0.030883 -0.060864
v -0.099024 -0.048289 -0.048383
v -0.109232 -0.036389 -0.031800
v -0.100229 -0.030883 -0.060864
v -0.109232 -0.036389 -0.031800
v -0.109698 -0.018769 -0.045706
v -0.106130 -0.001843 -0.058628
v -0.109698 -0.018769 -0.045706
v -0.115691 -0.004603 -0.029352
v -0.106130 -0.001843 -0.058628
v -0.115691 -0.004603 -0.029352
v -0.111402 0.012625 -0.043691
v -0.109698 -0.018769 -0.045706
v -0.109232 -0.036389 -0.031800
v -0.115659 -0.022394 -0.014372
v -0.109698 -0.018769 -0.045706
v -0.115659 -0.022394 -0.014372
v -0.115691 -0.004603 -0.029352
v -0.085653 -0.010676 -0.087350
v -0.087225 -0.022957 -0.082921
v -0.097987 -0.014402 -0.071511
v -0.085653 -0.010676 -0.087350
v -0.097987 -0.014402 -0.071511
v -0.091735 -0.000763 -0.081211
v -0.087225 -0.022957 -0.082921
v -0.087420 -0.039659 -0.074796
v -0.100229 -0.030883 -0.060864
v -0.087225 -0.022957 -0.082921
v -0.100229 -0.030883 -0.060864
v -0.097987 -0.014402 -0.071511
v -0.087420 -0.039659 -0.074796
v -0.085198 -0.057239 -0.063619
v -0.099024 -0.048289 -0.048383
v -0.087420 -0.039659 -0.074796
v -0.099024 -0.048289 -0.048383
v -0.100229 -0.030883 -0.060864
v -0.085198 -0.057239 -0.063619
v -0.080536 -0.074098 -0.050161
v -0.094637 -0.065191 -0.034437
v -0.085198 -0.057239 -0.063619
v -0.094637 -0.065191 -0.034437
v -0.099024 -0.048289 -0.048383
v -0.099024 -0.048289 -0.048383
v -0.094637 -0.065191 -0.034437
v -0.104999 -0.053570 -0.017198
v -0.099024 -0.048289 -0.048383
v -0.104999 -0.053570 -0.017198
v -0.109232 -0.036389 -0.031800
v -0.109232 -0.036389 -0.031800
v -0.104999 -0.053570 -0.017198
v -0.111490 -0.039842 0.000823
v -0.109232 -0.036389 -0.031800
v -0.111490 -0.039842 0.000823
v -0.115659 -0.022394 -0.014372
v -0.115659 -0.022394 -0.014372
v -0.111490 -0.039842 0.000823
v -0.113981 -0.024615 0.018893
v -0.115659 -0.022394 -0.014372
v -0.113981 -0.024615 0.018893
v -0.118135 -0.007136 0.003342
v -0.115691 -0.004603 -0.029352
v -0.115659 -0.022394 -0.014372
v -0.118135 -0.007136 0.003342
v -0.115691 -0.004603 -0.029352
v -0.118135 -0.007136 0.003342
v -0.118022 0.010524 -0.012261
v -0.111402 0.012625 -0.043691
v -0.115691 -0.004603 -0.029352
v -0.118022 0.010524 -0.012261
v -0.111402 0.012625 -0.043691
v -0.118022 0.010524 -0.012261
v -0.113502 0.027654 -0.027286
v -0.102594 0.028374 -0.057026
v -0.111402 0.012625 -0.043691
v -0.113502 0.027654 -0.027286
v -0.102594 0.028374 -0.057026
v -0.113502 0.027654 -0.027286
v -0.104439 0.043542 -0.041100
v -0.098152 0.013161 -0.070728
v -0.106130 -0.001843 -0.058628
v -0.111402 0.012625 -0.043691
v -0.098152 0.013161 -0.070728
v -0.111402 0.012625 -0.043691
v -0.102594 0.028374 -0.057026
v -0.091735 -0.000763 -0.081211
v -0.097987 -0.014402 -0.071511
v -0.106130 -0.001843 -0.058628
v -0.091735 -0.000763 -0.081211
v -0.106130 -0.001843 -0.058628
v -0.098152 0.013161 -0.070728
v -0.087349 -0.080367 -0.019741
v -0.077619 -0.093006 -0.005397
v -0.086323 -0.082992 0.011637
v -0.087349 -0.080367 -0.019741
v -0.086323 -0.082992 0.011637
v -0.097252 -0.069306 -0.002409
v -0.077619 -0.093006 -0.005397
v -0.065882 -0.102614 0.007251
v -0.072508 -0.094221 0.023854
v -0.077619 -0.093006 -0.005397
v -0.072508 -0.094221 0.023854
v -0.086323 -0.082992 0.011637
v -0.097252 -0.069306 -0.002409
v -0.086323 -0.082992 0.011637
v -0.091658 -0.070635 0.029606
v -0.097252 -0.069306 -0.002409
v -0.091658 -0.070635 0.029606
v -0.103387 -0.056113 0.015734
v -0.086323 -0.082992 0.011637
v -0.072508 -0.094221 0.023854
v -0.076629 -0.082915 0.041613
v -0.086323 -0.082992 0.011637
v -0.076629 -0.082915 0.041613
v -0.091658 -0.070635 0.029606
v -0.080536 -0.074098 -0.050161
v -0.073666 -0.088926 -0.035327
v -0.087349 -0.080367 -0.019741
v -0.080536 -0.074098 -0.050161
v -0.087349 -0.080367 -0.019741
v -0.094637 -0.065191 -0.034437
v -0.073666 -0.088926 -0.035327
v -0.065186 -0.100747 -0.020252
v -0.077619 -0.093006 -0.005397
v -0.073666 -0.088926 -0.035327
v -0.077619 -0.093006 -0.005397
v -0.087349 -0.080367 -0.019741
v -0.065186 -0.100747 -0.020252
v -0.055982 -0.108801 -0.006274
v -0.065882 -0.102614 0.007251
v -0.065186 -0.100747 -0.020252
v -0.065882 -0.102614 0.007251
v -0.077619 -0.093006 -0.005397
v -0.055982 -0.108801 -0.006274
v -0.048501 -0.112754 0.003793
v -0.052076 -0.109729 0.016081
v -0.055982 -0.108801 -0.006274
v -0.052076 -0.109729 0.016081
v -0.065882 -0.102614 0.007251
v -0.065882 -0.102614 0.007251
v -0.052076 -0.109729 0.016081
v -0.055890 -0.102956 0.032949
v -0.065882 -0.102614 0.007251
v -0.055890 -0.102956 0.032949
v -0.072508 -0.094221 0.023854
v -0.072508 -0.094221 0.023854
v -0.055890 -0.102956 0.032949
v -0.058599 -0.092506 0.050904
v -0.072508 -0.094221 0.023854
v -0.058599 -0.092506 0.050904
v -0.076629 -0.082915 0.041613
v -0.076629 -0.082915 0.041613
v -0.058599 -0.092506 0.050904
v -0.059833 -0.079017 0.068329
v -0.076629 -0.082915 0.041613
v -0.059833 -0.079017 0.068329
v -0.078298 -0.069074 0.059078
v -0.091658 -0.070635 0.029606
v -0.076629 -0.082915 0.041613
v -0.078298 -0.069074 0.059078
v -0.091658 -0.070635 0.029606
v -0.078298 -0.069074 0.059078
v -0.093719 -0.056250 0.047359
v -0.103387 -0.056113 0.015734
v -0.091658 -0.070635 0.029606
v -0.093719 -0.056250 0.047359
v -0.103387 -0.056113 0.015734
v -0.093719 -0.056250 0.047359
v -0.105734 -0.041210 0.033766
v -0.111490 -0.039842 0.000823
v -0.103387 -0.056113 0.015734
v -0.105734 -0.041210 0.033766
v -0.111490 -0.039842 0.000823
v -0.105734 -0.041210 0.033766
v -0.113981 -0.024615 0.018893
v -0.104999 -0.053570 -0.017198
v -0.097252 -0.069306 -0.002409
v -0.103387 -0.056113 0.015734
v -0.104999 -0.053570 -0.017198
v -0.103387 -0.056113 0.015734
v -0.111490 -0.039842 0.000823
v -0.094637 -0.065191 -0.034437
v -0.087349 -0.080367 -0.019741
v -0.097252 -0.069306 -0.002409
v -0.094637 -0.065191 -0.034437
v -0.097252 -0.069306 -0.002409
v -0.104999 -0.053570 -0.017198
v -0.112239 0.042128 -0.010307
v -0.116551 0.025671 0.004906
v -0.111375 0.040299 0.021133
v -0.112239 0.042128 -0.010307
v -0.111375 0.040299 0.021133
v -0.107752 0.055293 0.006025
v -0.116551 0.025671 0.004906
v -0.116540 0.008619 0.020720
v -0.110957 0.024342 0.036921
v -0.116551 0.025671 0.004906
v -0.110957 0.024342 0.036921
v -0.111375 0.040299 0.021133
v -0.107752 0.055293 0.006025
v -0.111375 0.040299 0.021133
v -0.102641 0.054079 0.035276
v -0.107752 0.055293 0.006025
v -0.102641 0.054079 0.035276
v -0.100291 0.066729 0.020293
v -0.111375 0.040299 0.021133
v -0.110957 0.024342 0.036921
v -0.101519 0.039581 0.051048
v -0.111375 0.040299 0.021133
v -0.101519 0.039581 0.051048
v -0.102641 0.054079 0.035276
v -0.104439 0.043542 -0.041100
v -0.113502 0.027654 -0.027286
v -0.112239 0.042128 -0.010307
v -0.104439 0.043542 -0.041100
v -0.112239 0.042128 -0.010307
v -0.103422 0.057517 -0.024048
v -0.113502 0.027654 -0.027286
v -0.118022 0.010524 -0.012261
v -0.116551 0.025671 0.004906
v -0.113502 0.027654 -0.027286
v -0.116551 0.025671 0.004906
v -0.112239 0.042128 -0.010307
v -0.118022 0.010524 -0.012261
v -0.118135 -0.007136 0.003342
v -0.116540 0.008619 0.020720
v -0.118022 0.010524 -0.012261
v -0.116540 0.008619 0.020720
v -0.116551 0.025671 0.004906
v -0.118135 -0.007136 0.003342
v -0.113981 -0.024615 0.018893
v -0.112379 -0.008504 0.036285
v -0.118135 -0.007136 0.003342
v -0.112379 -0.008504 0.036285
v -0.116540 0.008619 0.020720
v -0.116540 0.008619 0.020720
v -0.112379 -0.008504 0.036285
v -0.106742 0.007844 0.052295
v -0.116540 0.008619 0.020720
v -0.106742 0.007844 0.052295
v -0.110957 0.024342 0.036921
v -0.110957 0.024342 0.036921
v -0.106742 0.007844 0.052295
v -0.097163 0.023771 0.066229
v -0.110957 0.024342 0.036921
v -0.097163 0.023771 0.066229
v -0.101519 0.039581 0.051048
v -0.101519 0.039581 0.051048
v -0.097163 0.023771 0.066229
v -0.083736 0.038622 0.077390
v -0.101519 0.039581 0.051048
v -0.083736 0.038622 0.077390
v -0.088355 0.053937 0.062183
v -0.102641 0.054079 0.035276
v -0.101519 0.039581 0.051048
v -0.088355 0.053937 0.062183
v -0.102641 0.054079 0.035276
v -0.088355 0.053937 0.062183
v -0.090452 0.067137 0.046050
v -0.100291 0.066729 0.020293
v -0.102641 0.054079 0.035276
v -0.090452 0.067137 0.046050
v -0.100291 0.066729 0.020293
v -0.090452 0.067137 0.046050
v -0.090070 0.077261 0.030483
v -0.093976 0.078189 0.008128
v -0.100291 0.066729 0.020293
v -0.090070 0.077261 0.030483
v -0.093976 0.078189 0.008128
v -0.090070 0.077261 0.030483
v -0.088319 0.083208 0.018886
v -0.099747 0.069346 -0.007151
v -0.107752 0.055293 0.006025
v -0.100291 0.066729 0.020293
v -0.099747 0.069346 -0.007151
v -0.100291 0.066729 0.020293
v -0.093976 0.078189 0.008128
v -0.103422 0.057517 -0.024048
v -0.112239 0.042128 -0.010307
v -0.107752 0.055293 0.006025
v -0.103422 0.057517 -0.024048
v -0.107752 0.055293 0.006025
v -0.099747 0.069346 -0.007151
v -0.104268 -0.025101 0.050827
v -0.092518 -0.040361 0.063864
v -0.088000 -0.023925 0.078476
v -0.104268 -0.025101 0.050827
v -0.088000 -0.023925 0.078476
v -0.098976 -0.008575 0.066312
v -0.092518 -0.040361 0.063864
v -0.077467 -0.053412 0.074998
v -0.074130 -0.037085 0.088507
v -0.092518 -0.040361 0.063864
v -0.074130 -0.037085 0.088507
v -0.088000 -0.023925 0.078476
v -0.098976 -0.008575 0.066312
v -0.088000 -0.023925 0.078476
v -0.080031 -0.008045 0.090744
v -0.098976 -0.008575 0.066312
v -0.080031 -0.008045 0.090744
v -0.089844 0.007502 0.079689
v -0.088000 -0.023925 0.078476
v -0.074130 -0.037085 0.088507
v -0.068185 -0.021484 0.099055
v -0.088000 -0.023925 0.078476
v -0.068185 -0.021484 0.099055
v -0.080031 -0.008045 0.090744
v -0.113981 -0.024615 0.018893
v -0.105734 -0.041210 0.033766
v -0.104268 -0.025101 0.050827
v -0.113981 -0.024615 0.018893
v -0.104268 -0.025101 0.050827
v -0.112379 -0.008504 0.036285
v -0.105734 -0.041210 0.033766
v -0.093719 -0.056250 0.047359
v -0.092518 -0.040361 0.063864
v -0.105734 -0.041210 0.033766
v -0.092518 -0.040361 0.063864
v -0.104268 -0.025101 0.050827
v -0.093719 -0.056250 0.047359
v -0.078298 -0.069074 0.059078
v -0.077467 -0.053412 0.074998
v -0.093719 -0.056250 0.047359
v -0.077467 -0.053412 0.074998
v -0.092518 -0.040361 0.063864
v -0.078298 -0.069074 0.059078
v -0.059833 -0.079017 0.068329
v -0.059427 -0.063363 0.083882
v -0.078298 -0.069074 0.059078
v -0.059427 -0.063363 0.083882
v -0.077467 -0.053412 0.074998
v -0.077467 -0.053412 0.074998
v -0.059427 -0.063363 0.083882
v -0.057486 -0.046772 0.096526
v -0.077467 -0.053412 0.074998
v -0.057486 -0.046772 0.096526
v -0.074130 -0.037085 0.088507
v -0.074130 -0.037085 0.088507
v -0.057486 -0.046772 0.096526
v -0.054317 -0.030777 0.105420
v -0.074130 -0.037085 0.088507
v -0.054317 -0.030777 0.105420
v -0.068185 -0.021484 0.099055
v -0.068185 -0.021484 0.099055
v -0.054317 -0.030777 0.105420
v -0.051167 -0.018871 0.110028
v -0.068185 -0.021484 0.099055
v -0.051167 -0.018871 0.110028
v -0.058827 -0.008583 0.107130
v -0.080031 -0.008045 0.090744
v -0.068185 -0.021484 0.099055
v -0.058827 -0.008583 0.107130
v -0.080031 -0.008045 0.090744
v -0.058827 -0.008583 0.107130
v -0.068218 0.006048 0.100594
v -0.089844 0.007502 0.079689
v -0.080031 -0.008045 0.090744
v -0.068218 0.006048 0.100594
v -0.089844 0.007502 0.079689
v -0.068218 0.006048 0.100594
v -0.076822 0.022250 0.090475
v -0.097163 0.023771 0.066229
v -0.089844 0.007502 0.079689
v -0.076822 0.022250 0.090475
v -0.097163 0.023771 0.066229
v -0.076822 0.022250 0.090475
v -0.083736 0.038622 0.077390
v -0.106742 0.007844 0.052295
v -0.098976 -0.008575 0.066312
v -0.089844 0.007502 0.079689
v -0.106742 0.007844 0.052295
v -0.089844 0.007502 0.079689
v -0.097163 0.023771 0.066229
v -0.112379 -0.008504 0.036285
v -0.104268 -0.025101 0.050827
v -0.098976 -0.008575 0.066312
v -0.112379 -0.008504 0.036285
v -0.098976 -0.008575 0.066312
v -0.106742 0.007844 0.052295
v -0.035404 -0.115320 0.019244
v -0.015953 -0.118716 0.018871
v -0.015361 -0.112577 0.039563
v -0.035404 -0.115320 0.019244
v -0.015361 -0.112577 0.039563
v -0.036624 -0.109181 0.037975
v -0.015953 -0.118716 0.018871
v 0.005392 -0.119032 0.016755
v 0.007071 -0.112799 0.038645
v -0.015953 -0.118716 0.018871
v 0.007071 -0.112799 0.038645
v -0.015361 -0.112577 0.039563
v -0.036624 -0.109181 0.037975
v -0.015361 -0.112577 0.039563
v -0.015554 -0.102363 0.059555
v -0.036624 -0.109181 0.037975
v -0.015554 -0.102363 0.059555
v -0.037967 -0.099034 0.056828
v -0.015361 -0.112577 0.039563
v 0.007071 -0.112799 0.038645
v 0.007702 -0.102427 0.059451
v -0.015361 -0.112577 0.039563
v 0.007702 -0.102427 0.059451
v -0.015554 -0.102363 0.059555
v -0.048501 -0.112754 0.003793
v -0.036278 -0.117016 0.001480
v -0.035404 -0.115320 0.019244
v -0.048501 -0.112754 0.003793
v -0.035404 -0.115320 0.019244
v -0.052076 -0.109729 0.016081
v -0.036278 -0.117016 0.001480
v -0.018293 -0.120298 -0.001798
v -0.015953 -0.118716 0.018871
v -0.036278 -0.117016 0.001480
v -0.015953 -0.118716 0.018871
v -0.035404 -0.115320 0.019244
v -0.018293 -0.120298 -0.001798
v 0.002340 -0.120614 -0.005417
v 0.005392 -0.119032 0.016755
v -0.018293 -0.120298 -0.001798
v 0.005392 -0.119032 0.016755
v -0.015953 -0.118716 0.018871
v 0.002340 -0.120614 -0.005417
v 0.023903 -0.117639 -0.009061
v 0.027304 -0.116030 0.013550
v 0.002340 -0.120614 -0.005417
v 0.027304 -0.116030 0.013550
v 0.005392 -0.119032 0.016755
v 0.005392 -0.119032 0.016755
v 0.027304 -0.116030 0.013550
v 0.029620 -0.109694 0.035778
v 0.005392 -0.119032 0.016755
v 0.029620 -0.109694 0.035778
v 0.007071 -0.112799 0.038645
v 0.007071 -0.112799 0.038645
v 0.029620 -0.109694 0.035778
v 0.030840 -0.099181 0.056834
v 0.007071 -0.112799 0.038645
v 0.030840 -0.099181 0.056834
v 0.007702 -0.102427 0.059451
v 0.007702 -0.102427 0.059451
v 0.030840 -0.099181 0.056834
v 0.030950 -0.085038 0.075928
v 0.007702 -0.102427 0.059451
v 0.030950 -0.085038 0.075928
v 0.007559 -0.088443 0.078350
v -0.015554 -0.102363 0.059555
v 0.007702 -0.102427 0.059451
v 0.007559 -0.088443 0.078350
v -0.015554 -0.102363 0.059555
v 0.007559 -0.088443 0.078350
v -0.016002 -0.088651 0.077943
v -0.037967 -0.099034 0.056828
v -0.015554 -0.102363 0.059555
v -0.016002 -0.088651 0.077943
v -0.037967 -0.099034 0.056828
v -0.016002 -0.088651 0.077943
v -0.038783 -0.085548 0.074629
v -0.058599 -0.092506 0.050904
v -0.037967 -0.099034 0.056828
v -0.038783 -0.085548 0.074629
v -0.058599 -0.092506 0.050904
v -0.038783 -0.085548 0.074629
v -0.059833 -0.079017 0.068329
v -0.055890 -0.102956 0.032949
v -0.036624 -0.109181 0.037975
v -0.037967 -0.099034 0.056828
v -0.055890 -0.102956 0.032949
v -0.037967 -0.099034 0.056828
v -0.058599 -0.092506 0.050904
v -0.052076 -0.109729 0.016081
v -0.035404 -0.115320 0.019244
v -0.036624 -0.109181 0.037975
v -0.052076 -0.109729 0.016081
v -0.036624 -0.109181 0.037975
v -0.055890 -0.102956 0.032949
v 0.048388 -0.109747 0.009628
v 0.067313 -0.100734 0.005069
v 0.070721 -0.093988 0.025294
v 0.048388 -0.109747 0.009628
v 0.070721 -0.093988 0.025294
v 0.051191 -0.103271 0.031332
v 0.067313 -0.100734 0.005069
v 0.082830 -0.089787 -0.000354
v 0.087194 -0.082442 0.017451
v 0.067313 -0.100734 0.005069
v 0.087194 -0.082442 0.017451
v 0.070721 -0.093988 0.025294
v 0.051191 -0.103271 0.031332
v 0.070721 -0.093988 0.025294
v 0.072951 -0.083250 0.044885
v 0.051191 -0.103271 0.031332
v 0.072951 -0.083250 0.044885
v 0.052897 -0.092667 0.051960
v 0.070721 -0.093988 0.025294
v 0.087194 -0.082442 0.017451
v 0.090090 -0.071379 0.035602
v 0.070721 -0.093988 0.025294
v 0.090090 -0.071379 0.035602
v 0.072951 -0.083250 0.044885
v 0.023903 -0.117639 -0.009061
v 0.044812 -0.111441 -0.012457
v 0.048388 -0.109747 0.009628
v 0.023903 -0.117639 -0.009061
v 0.048388 -0.109747 0.009628
v 0.027304 -0.116030 0.013550
v 0.044812 -0.111441 -0.012457
v 0.063587 -0.102615 -0.015371
v 0.067313 -0.100734 0.005069
v 0.044812 -0.111441 -0.012457
v 0.067313 -0.100734 0.005069
v 0.048388 -0.109747 0.009628
v 0.063587 -0.102615 -0.015371
v 0.078782 -0.092168 -0.017592
v 0.082830 -0.089787 -0.000354
v 0.063587 -0.102615 -0.015371
v 0.082830 -0.089787 -0.000354
v 0.067313 -0.100734 0.005069
v 0.078782 -0.092168 -0.017592
v 0.088319 -0.083207 -0.018886
v 0.093976 -0.078188 -0.008128
v 0.078782 -0.092168 -0.017592
v 0.093976 -0.078188 -0.008128
v 0.082830 -0.089787 -0.000354
v 0.082830 -0.089787 -0.000354
v 0.093976 -0.078188 -0.008128
v 0.099747 -0.069345 0.007151
v 0.082830 -0.089787 -0.000354
v 0.099747 -0.069345 0.007151
v 0.087194 -0.082442 0.017451
v 0.087194 -0.082442 0.017451
v 0.099747 -0.069345 0.007151
v 0.103422 -0.057517 0.024048
v 0.087194 -0.082442 0.017451
v 0.103422 -0.057517 0.024048
v 0.090090 -0.071379 0.035602
v 0.090090 -0.071379 0.035602
v 0.103422 -0.057517 0.024048
v 0.104439 -0.043542 0.041100
v 0.090090 -0.071379 0.035602
v 0.104439 -0.043542 0.041100
v 0.090865 -0.057549 0.053138
v 0.072951 -0.083250 0.044885
v 0.090090 -0.071379 0.035602
v 0.090865 -0.057549 0.053138
v 0.072951 -0.083250 0.044885
v 0.090865 -0.057549 0.053138
v 0.073498 -0.069323 0.063107
v 0.052897 -0.092667 0.051960
v 0.072951 -0.083250 0.044885
v 0.073498 -0.069323 0.063107
v 0.052897 -0.092667 0.051960
v 0.073498 -0.069323 0.063107
v 0.053230 -0.078580 0.070780
v 0.030840 -0.099181 0.056834
v 0.052897 -0.092667 0.051960
v 0.053230 -0.078580 0.070780
v 0.030840 -0.099181 0.056834
v 0.053230 -0.078580 0.070780
v 0.030950 -0.085038 0.075928
v 0.029620 -0.109694 0.035778
v 0.051191 -0.103271 0.031332
v 0.052897 -0.092667 0.051960
v 0.029620 -0.109694 0.035778
v 0.052897 -0.092667 0.051960
v 0.030840 -0.099181 0.056834
v 0.027304 -0.116030 0.013550
v 0.048388 -0.109747 0.009628
v 0.051191 -0.103271 0.031332
v 0.027304 -0.116030 0.013550
v 0.051191 -0.103271 0.031332
v 0.029620 -0.109694 0.035778
v -0.038804 -0.069531 0.090212
v -0.016414 -0.072089 0.093813
v -0.017038 -0.053510 0.106402
v -0.038804 -0.069531 0.090212
v -0.017038 -0.053510 0.106402
v -0.038247 -0.052046 0.102628
v -0.016414 -0.072089 0.093813
v 0.006821 -0.071415 0.094544
v 0.005346 -0.052068 0.107366
v -0.016414 -0.072089 0.093813
v 0.005346 -0.052068 0.107366
v -0.017038 -0.053510 0.106402
v -0.038247 -0.052046 0.102628
v -0.017038 -0.053510 0.106402
v -0.018365 -0.033754 0.115011
v -0.038247 -0.052046 0.102628
v -0.018365 -0.033754 0.115011
v -0.037708 -0.034190 0.111049
v -0.017038 -0.053510 0.106402
v 0.005346 -0.052068 0.107366
v 0.002897 -0.031163 0.116186
v -0.017038 -0.053510 0.106402
v 0.002897 -0.031163 0.116186
v -0.018365 -0.033754 0.115011
v -0.059833 -0.079017 0.068329
v -0.038783 -0.085548 0.074629
v -0.038804 -0.069531 0.090212
v -0.059833 -0.079017 0.068329
v -0.038804 -0.069531 0.090212
v -0.059427 -0.063363 0.083882
v -0.038783 -0.085548 0.074629
v -0.016002 -0.088651 0.077943
v -0.016414 -0.072089 0.093813
v -0.038783 -0.085548 0.074629
v -0.016414 -0.072089 0.093813
v -0.038804 -0.069531 0.090212
v -0.016002 -0.088651 0.077943
v 0.007559 -0.088443 0.078350
v 0.006821 -0.071415 0.094544
v -0.016002 -0.088651 0.077943
v 0.006821 -0.071415 0.094544
v -0.016414 -0.072089 0.093813
v 0.007559 -0.088443 0.078350
v 0.030950 -0.085038 0.075928
v 0.029950 -0.067842 0.092296
v 0.007559 -0.088443 0.078350
v 0.029950 -0.067842 0.092296
v 0.006821 -0.071415 0.094544
v 0.006821 -0.071415 0.094544
v 0.029950 -0.067842 0.092296
v 0.027876 -0.048280 0.105272
v 0.006821 -0.071415 0.094544
v 0.027876 -0.048280 0.105272
v 0.005346 -0.052068 0.107366
v 0.005346 -0.052068 0.107366
v 0.027876 -0.048280 0.105272
v 0.024778 -0.027068 0.114217
v 0.005346 -0.052068 0.107366
v 0.024778 -0.027068 0.114217
v 0.002897 -0.031163 0.116186
v 0.002897 -0.031163 0.116186
v 0.024778 -0.027068 0.114217
v 0.020703 -0.004919 0.118490
v 0.002897 -0.031163 0.116186
v 0.020703 -0.004919 0.118490
v -0.000817 -0.009438 0.120386
v -0.018365 -0.033754 0.115011
v 0.002897 -0.031163 0.116186
v -0.000817 -0.009438 0.120386
v -0.018365 -0.033754 0.115011
v -0.000817 -0.009438 0.120386
v -0.021325 -0.013502 0.119048
v -0.037708 -0.034190 0.111049
v -0.018365 -0.033754 0.115011
v -0.021325 -0.013502 0.119048
v -0.037708 -0.034190 0.111049
v -0.021325 -0.013502 0.119048
v -0.039123 -0.016798 0.114884
v -0.054317 -0.030777 0.105420
v -0.037708 -0.034190 0.111049
v -0.039123 -0.016798 0.114884
v -0.054317 -0.030777 0.105420
v -0.039123 -0.016798 0.114884
v -0.051167 -0.018871 0.110028
v -0.057486 -0.046772 0.096526
v -0.038247 -0.052046 0.102628
v -0.037708 -0.034190 0.111049
v -0.057486 -0.046772 0.096526
v -0.037708 -0.034190 0.111049
v -0.054317 -0.030777 0.105420
v -0.059427 -0.063363 0.083882
v -0.038804 -0.069531 0.090212
v -0.038247 -0.052046 0.102628
v -0.059427 -0.063363 0.083882
v -0.038247 -0.052046 0.102628
v -0.057486 -0.046772 0.096526
v 0.052017 -0.061655 0.087052
v 0.072091 -0.052976 0.079142
v 0.069044 -0.034920 0.092133
v 0.052017 -0.061655 0.087052
v 0.069044 -0.034920 0.092133
v 0.049466 -0.042540 0.100053
v 0.072091 -0.052976 0.079142
v 0.089252 -0.041876 0.068986
v 0.085572 -0.025306 0.082104
v 0.072091 -0.052976 0.079142
v 0.085572 -0.025306 0.082104
v 0.069044 -0.034920 0.092133
v 0.049466 -0.042540 0.100053
v 0.069044 -0.034920 0.092133
v 0.064901 -0.015772 0.101209
v 0.049466 -0.042540 0.100053
v 0.064901 -0.015772 0.101209
v 0.045893 -0.021877 0.109059
v 0.069044 -0.034920 0.092133
v 0.085572 -0.025306 0.082104
v 0.080527 -0.008656 0.091451
v 0.069044 -0.034920 0.092133
v 0.080527 -0.008656 0.091451
v 0.064901 -0.015772 0.101209
v 0.030950 -0.085038 0.075928
v 0.053230 -0.078580 0.070780
v 0.052017 -0.061655 0.087052
v 0.030950 -0.085038 0.075928
v 0.052017 -0.061655 0.087052
v 0.029950 -0.067842 0.092296
v 0.053230 -0.078580 0.070780
v 0.073498 -0.069323 0.063107
v 0.072091 -0.052976 0.079142
v 0.053230 -0.078580 0.070780
v 0.072091 -0.052976 0.079142
v 0.052017 -0.061655 0.087052
v 0.073498 -0.069323 0.063107
v 0.090865 -0.057549 0.053138
v 0.089252 -0.041876 0.068986
v 0.073498 -0.069323 0.063107
v 0.089252 -0.041876 0.068986
v 0.072091 -0.052976 0.079142
v 0.090865 -0.057549 0.053138
v 0.104439 -0.043542 0.041100
v 0.102594 -0.028373 0.057025
v 0.090865 -0.057549 0.053138
v 0.102594 -0.028373 0.057025
v 0.089252 -0.041876 0.068986
v 0.089252 -0.041876 0.068986
v 0.102594 -0.028373 0.057025
v 0.098152 -0.013161 0.070728
v 0.089252 -0.041876 0.068986
v 0.098152 -0.013161 0.070728
v 0.085572 -0.025306 0.082104
v 0.085572 -0.025306 0.082104
v 0.098152 -0.013161 0.070728
v 0.091735 0.000764 0.081211
v 0.085572 -0.025306 0.082104
v 0.091735 0.000764 0.081211
v 0.080527 -0.008656 0.091451
v 0.080527 -0.008656 0.091451
v 0.091735 0.000764 0.081211
v 0.085654 0.010676 0.087349
v 0.080527 -0.008656 0.091451
v 0.085654 0.010676 0.087349
v 0.075937 0.008050 0.095812
v 0.064901 -0.015772 0.101209
v 0.080527 -0.008656 0.091451
v 0.075937 0.008050 0.095812
v 0.064901 -0.015772 0.101209
v 0.075937 0.008050 0.095812
v 0.060555 0.004181 0.105476
v 0.045893 -0.021877 0.109059
v 0.064901 -0.015772 0.101209
v 0.060555 0.004181 0.105476
v 0.045893 -0.021877 0.109059
v 0.060555 0.004181 0.105476
v 0.041655 -0.000266 0.113346
v 0.024778 -0.027068 0.114217
v 0.045893 -0.021877 0.109059
v 0.041655 -0.000266 0.113346
v 0.024778 -0.027068 0.114217
v 0.041655 -0.000266 0.113346
v 0.020703 -0.004919 0.118490
v 0.027876 -0.048280 0.105272
v 0.049466 -0.042540 0.100053
v 0.045893 -0.021877 0.109059
v 0.027876 -0.048280 0.105272
v 0.045893 -0.021877 0.109059
v 0.024778 -0.027068 0.114217
v 0.029950 -0.067842 0.092296
v 0.052017 -0.061655 0.087052
v 0.049466 -0.042540 0.100053
v 0.029950 -0.067842 0.092296
v 0.049466 -0.042540 0.100053
v 0.027876 -0.048280 0.105272
v 0.100291 -0.066728 -0.020294
v 0.102641 -0.054078 -0.035276
v 0.111375 -0.040298 -0.021133
v 0.100291 -0.066728 -0.020294
v 0.111375 -0.040298 -0.021133
v 0.107752 -0.055292 -0.006026
v 0.102641 -0.054078 -0.035276
v 0.101519 -0.039580 -0.051048
v 0.110957 -0.024341 -0.036921
v 0.102641 -0.054078 -0.035276
v 0.110957 -0.024341 -0.036921
v 0.111375 -0.040298 -0.021133
v 0.107752 -0.055292 -0.006026
v 0.111375 -0.040298 -0.021133
v 0.116551 -0.025671 -0.004906
v 0.107752 -0.055292 -0.006026
v 0.116551 -0.025671 -0.004906
v 0.112239 -0.042127 0.010307
v 0.111375 -0.040298 -0.021133
v 0.110957 -0.024341 -0.036921
v 0.116540 -0.008618 -0.020720
v 0.111375 -0.040298 -0.021133
v 0.116540 -0.008618 -0.020720
v 0.116551 -0.025671 -0.004906
v 0.088319 -0.083207 -0.018886
v 0.090070 -0.077260 -0.030483
v 0.100291 -0.066728 -0.020294
v 0.088319 -0.083207 -0.018886
v 0.100291 -0.066728 -0.020294
v 0.093976 -0.078188 -0.008128
v 0.090070 -0.077260 -0.030483
v 0.090452 -0.067136 -0.046050
v 0.102641 -0.054078 -0.035276
v 0.090070 -0.077260 -0.030483
v 0.102641 -0.054078 -0.035276
v 0.100291 -0.066728 -0.020294
v 0.090452 -0.067136 -0.046050
v 0.088355 -0.053936 -0.062183
v 0.101519 -0.039580 -0.051048
v 0.090452 -0.067136 -0.046050
v 0.101519 -0.039580 -0.051048
v 0.102641 -0.054078 -0.035276
v 0.088355 -0.053936 -0.062183
v 0.083736 -0.038622 -0.077390
v 0.097163 -0.023770 -0.066229
v 0.088355 -0.053936 -0.062183
v 0.097163 -0.023770 -0.066229
v 0.101519 -0.039580 -0.051048
v 0.101519 -0.039580 -0.051048
v 0.097163 -0.023770 -0.066229
v 0.106742 -0.007843 -0.052296
v 0.101519 -0.039580 -0.051048
v 0.106742 -0.007843 -0.052296
v 0.110957 -0.024341 -0.036921
v 0.110957 -0.024341 -0.036921
v 0.106742 -0.007843 -0.052296
v 0.112380 0.008504 -0.036285
v 0.110957 -0.024341 -0.036921
v 0.112380 0.008504 -0.036285
v 0.116540 -0.008618 -0.020720
v 0.116540 -0.008618 -0.020720
v 0.112380 0.008504 -0.036285
v 0.113981 0.024615 -0.018893
v 0.116540 -0.008618 -0.020720
v 0.113981 0.024615 -0.018893
v 0.118135 0.007136 -0.003342
v 0.116551 -0.025671 -0.004906
v 0.116540 -0.008618 -0.020720
v 0.118135 0.007136 -0.003342
v 0.116551 -0.025671 -0.004906
v 0.118135 0.007136 -0.003342
v 0.118022 -0.010523 0.012261
v 0.112239 -0.042127 0.010307
v 0.116551 -0.025671 -0.004906
v 0.118022 -0.010523 0.012261
v 0.112239 -0.042127 0.010307
v 0.118022 -0.010523 0.012261
v 0.113503 -0.027653 0.027286
v 0.103422 -0.057517 0.024048
v 0.112239 -0.042127 0.010307
v 0.113503 -0.027653 0.027286
v 0.103422 -0.057517 0.024048
v 0.113503 -0.027653 0.027286
v 0.104439 -0.043542 0.041100
v 0.099747 -0.069345 0.007151
v 0.107752 -0.055292 -0.006026
v 0.112239 -0.042127 0.010307
v 0.099747 -0.069345 0.007151
v 0.112239 -0.042127 0.010307
v 0.103422 -0.057517 0.024048
v 0.093976 -0.078188 -0.008128
v 0.100291 -0.066728 -0.020294
v 0.107752 -0.055292 -0.006026
v 0.093976 -0.078188 -0.008128
v 0.107752 -0.055292 -0.006026
v 0.099747 -0.069345 0.007151
v 0.089844 -0.007502 -0.079689
v 0.080031 0.008045 -0.090744
v 0.088001 0.023925 -0.078476
v 0.089844 -0.007502 -0.079689
v 0.088001 0.023925 -0.078476
v 0.098977 0.008576 -0.066312
v 0.080031 0.008045 -0.090744
v 0.068185 0.021484 -0.099055
v 0.074131 0.037086 -0.088507
v 0.080031 0.008045 -0.090744
v 0.074131 0.037086 -0.088507
v 0.088001 0.023925 -0.078476
v 0.098977 0.008576 -0.066312
v 0.088001 0.023925 -0.078476
v 0.092518 0.040361 -0.063864
v 0.098977 0.008576 -0.066312
v 0.092518 0.040361 -0.063864
v 0.104268 0.025101 -0.050827
v 0.088001 0.023925 -0.078476
v 0.074131 0.037086 -0.088507
v 0.077467 0.053413 -0.074998
v 0.088001 0.023925 -0.078476
v 0.077467 0.053413 -0.074998
v 0.092518 0.040361 -0.063864
v 0.083736 -0.038622 -0.077390
v 0.076822 -0.022249 -0.090476
v 0.089844 -0.007502 -0.079689
v 0.083736 -0.038622 -0.077390
v 0.089844 -0.007502 -0.079689
v 0.097163 -0.023770 -0.066229
v 0.076822 -0.022249 -0.090476
v 0.068218 -0.006047 -0.100594
v 0.080031 0.008045 -0.090744
v 0.076822 -0.022249 -0.090476
v 0.080031 0.008045 -0.090744
v 0.089844 -0.007502 -0.079689
v 0.068218 -0.006047 -0.100594
v 0.058827 0.008584 -0.107130
v 0.068185 0.021484 -0.099055
v 0.068218 -0.006047 -0.100594
v 0.068185 0.021484 -0.099055
v 0.080031 0.008045 -0.090744
v 0.058827 0.008584 -0.107130
v 0.051167 0.018872 -0.110029
v 0.054317 0.030778 -0.105420
v 0.058827 0.008584 -0.107130
v 0.054317 0.030778 -0.105420
v 0.068185 0.021484 -0.099055
v 0.068185 0.021484 -0.099055
v 0.054317 0.030778 -0.105420
v 0.057486 0.046772 -0.096526
v 0.068185 0.021484 -0.099055
v 0.057486 0.046772 -0.096526
v 0.074131 0.037086 -0.088507
v 0.074131 0.037086 -0.088507
v 0.057486 0.046772 -0.096526
v 0.059427 0.063364 -0.083882
v 0.074131 0.037086 -0.088507
v 0.059427 0.063364 -0.083882
v 0.077467 0.053413 -0.074998
v 0.077467 0.053413 -0.074998
v 0.059427 0.063364 -0.083882
v 0.059833 0.079018 -0.068329
v 0.077467 0.053413 -0.074998
v 0.059833 0.079018 -0.068329
v 0.078298 0.069074 -0.059079
v 0.092518 0.040361 -0.063864
v 0.077467 0.053413 -0.074998
v 0.078298 0.069074 -0.059079
v 0.092518 0.040361 -0.063864
v 0.078298 0.069074 -0.059079
v 0.093719 0.056251 -0.047359
v 0.104268 0.025101 -0.050827
v 0.092518 0.040361 -0.063864
v 0.093719 0.056251 -0.047359
v 0.104268 0.025101 -0.050827
v 0.093719 0.056251 -0.047359
v 0.105734 0.041210 -0.033766
v 0.112380 0.008504 -0.036285
v 0.104268 0.025101 -0.050827
v 0.105734 0.041210 -0.033766
v 0.112380 0.008504 -0.036285
v 0.105734 0.041210 -0.033766
v 0.113981 0.024615 -0.018893
v 0.106742 -0.007843 -0.052296
v 0.098977 0.008576 -0.066312
v 0.104268 0.025101 -0.050827
v 0.106742 -0.007843 -0.052296
v 0.104268 0.025101 -0.050827
v 0.112380 0.008504 -0.036285
v 0.097163 -0.023770 -0.066229
v 0.089844 -0.007502 -0.079689
v 0.098977 0.008576 -0.066312
v 0.097163 -0.023770 -0.066229
v 0.098977 0.008576 -0.066312
v 0.106742 -0.007843 -0.052296
v 0.111402 -0.012624 0.043691
v 0.115691 0.004604 0.029351
v 0.109698 0.018769 0.045706
v 0.111402 -0.012624 0.043691
v 0.109698 0.018769 0.045706
v 0.106130 0.001843 0.058627
v 0.115691 0.004604 0.029351
v 0.115659 0.022394 0.014372
v 0.109233 0.036389 0.031799
v 0.115691 0.004604 0.029351
v 0.109233 0.036389 0.031799
v 0.109698 0.018769 0.045706
v 0.106130 0.001843 0.058627
v 0.109698 0.018769 0.045706
v 0.100229 0.030884 0.060864
v 0.106130 0.001843 0.058627
v 0.100229 0.030884 0.060864
v 0.097987 0.014402 0.071511
v 0.109698 0.018769 0.045706
v 0.109233 0.036389 0.031799
v 0.099024 0.048290 0.048383
v 0.109698 0.018769 0.045706
v 0.099024 0.048290 0.048383
v 0.100229 0.030884 0.060864
v 0.104439 -0.043542 0.041100
v 0.113503 -0.027653 0.027286
v 0.111402 -0.012624 0.043691
v 0.104439 -0.043542 0.041100
v 0.111402 -0.012624 0.043691
v 0.102594 -0.028373 0.057025
v 0.113503 -0.027653 0.027286
v 0.118022 -0.010523 0.012261
v 0.115691 0.004604 0.029351
v 0.113503 -0.027653 0.027286
v 0.115691 0.004604 0.029351
v 0.111402 -0.012624 0.043691
v 0.118022 -0.010523 0.012261
v 0.118135 0.007136 -0.003342
v 0.115659 0.022394 0.014372
v 0.118022 -0.010523 0.012261
v 0.115659 0.022394 0.014372
v 0.115691 0.004604 0.029351
v 0.118135 0.007136 -0.003342
v 0.113981 0.024615 -0.018893
v 0.111490 0.039843 -0.000823
v 0.118135 0.007136 -0.003342
v 0.111490 0.039843 -0.000823
v 0.115659 0.022394 0.014372
v 0.115659 0.022394 0.014372
v 0.111490 0.039843 -0.000823
v 0.104999 0.053571 0.017198
v 0.115659 0.022394 0.014372
v 0.104999 0.053571 0.017198
v 0.109233 0.036389 0.031799
v 0.109233 0.036389 0.031799
v 0.104999 0.053571 0.017198
v 0.094637 0.065192 0.034437
v 0.109233 0.036389 0.031799
v 0.094637 0.065192 0.034437
v 0.099024 0.048290 0.048383
v 0.099024 0.048290 0.048383
v 0.094637 0.065192 0.034437
v 0.080536 0.074098 0.050160
v 0.099024 0.048290 0.048383
v 0.080536 0.074098 0.050160
v 0.085199 0.057239 0.063619
v 0.100229 0.030884 0.060864
v 0.099024 0.048290 0.048383
v 0.085199 0.057239 0.063619
v 0.100229 0.030884 0.060864
v 0.085199 0.057239 0.063619
v 0.087420 0.039659 0.074796
v 0.097987 0.014402 0.071511
v 0.100229 0.030884 0.060864
v 0.087420 0.039659 0.074796
v 0.097987 0.014402 0.071511
v 0.087420 0.039659 0.074796
v 0.087225 0.022958 0.082920
v 0.091735 0.000764 0.081211
v 0.097987 0.014402 0.071511
v 0.087225 0.022958 0.082920
v 0.091735 0.000764 0.081211
v 0.087225 0.022958 0.082920
v 0.085654 0.010676 0.087349
v 0.098152 -0.013161 0.070728
v 0.106130 0.001843 0.058627
v 0.097987 0.014402 0.071511
v 0.098152 -0.013161 0.070728
v 0.097987 0.014402 0.071511
v 0.091735 0.000764 0.081211
v 0.102594 -0.028373 0.057025
v 0.111402 -0.012624 0.043691
v 0.106130 0.001843 0.058627
v 0.102594 -0.028373 0.057025
v 0.106130 0.001843 0.058627
v 0.098152 -0.013161 0.070728
v 0.103387 0.056113 -0.015735
v 0.091658 0.070635 -0.029606
v 0.086323 0.082993 -0.011637
v 0.103387 0.056113 -0.015735
v 0.086323 0.082993 -0.011637
v 0.097252 0.069306 0.002409
v 0.091658 0.070635 -0.029606
v 0.076629 0.082915 -0.041613
v 0.072508 0.094222 -0.023854
v 0.091658 0.070635 -0.029606
v 0.072508 0.094222 -0.023854
v 0.086323 0.082993 -0.011637
v 0.097252 0.069306 0.002409
v 0.086323 0.082993 -0.011637
v 0.077619 0.093007 0.005396
v 0.097252 0.069306 0.002409
v 0.077619 0.093007 0.005396
v 0.087349 0.080368 0.019741
v 0.086323 0.082993 -0.011637
v 0.072508 0.094222 -0.023854
v 0.065882 0.102615 -0.007251
v 0.086323 0.082993 -0.011637
v 0.065882 0.102615 -0.007251
v 0.077619 0.093007 0.005396
v 0.113981 0.024615 -0.018893
v 0.105734 0.041210 -0.033766
v 0.103387 0.056113 -0.015735
v 0.113981 0.024615 -0.018893
v 0.103387 0.056113 -0.015735
v 0.111490 0.039843 -0.000823
v 0.105734 0.041210 -0.033766
v 0.093719 0.056251 -0.047359
v 0.091658 0.070635 -0.029606
v 0.105734 0.041210 -0.033766
v 0.091658 0.070635 -0.029606
v 0.103387 0.056113 -0.015735
v 0.093719 0.056251 -0.047359
v 0.078298 0.069074 -0.059079
v 0.076629 0.082915 -0.041613
v 0.093719 0.056251 -0.047359
v 0.076629 0.082915 -0.041613
v 0.091658 0.070635 -0.029606
v 0.078298 0.069074 -0.059079
v 0.059833 0.079018 -0.068329
v 0.058599 0.092507 -0.050904
v 0.078298 0.069074 -0.059079
v 0.058599 0.092507 -0.050904
v 0.076629 0.082915 -0.041613
v 0.076629 0.082915 -0.041613
v 0.058599 0.092507 -0.050904
v 0.055890 0.102957 -0.032950
v 0.076629 0.082915 -0.041613
v 0.055890 0.102957 -0.032950
v 0.072508 0.094222 -0.023854
v 0.072508 0.094222 -0.023854
v 0.055890 0.102957 -0.032950
v 0.052076 0.109730 -0.016081
v 0.072508 0.094222 -0.023854
v 0.052076 0.109730 -0.016081
v 0.065882 0.102615 -0.007251
v 0.065882 0.102615 -0.007251
v 0.052076 0.109730 -0.016081
v 0.048502 0.112755 -0.003793
v 0.065882 0.102615 -0.007251
v 0.048502 0.112755 -0.003793
v 0.055982 0.108801 0.006274
v 0.077619 0.093007 0.005396
v 0.065882 0.102615 -0.007251
v 0.055982 0.108801 0.006274
v 0.077619 0.093007 0.005396
v 0.055982 0.108801 0.006274
v 0.065186 0.100748 0.020252
v 0.087349 0.080368 0.019741
v 0.077619 0.093007 0.005396
v 0.065186 0.100748 0.020252
v 0.087349 0.080368 0.019741
v 0.065186 0.100748 0.020252
v 0.073666 0.088926 0.035327
v 0.094637 0.065192 0.034437
v 0.087349 0.080368 0.019741
v 0.073666 0.088926 0.035327
v 0.094637 0.065192 0.034437
v 0.073666 0.088926 0.035327
v 0.080536 0.074098 0.050160
v 0.104999 0.053571 0.017198
v 0.097252 0.069306 0.002409
v 0.087349 0.080368 0.019741
v 0.104999 0.053571 0.017198
v 0.087349 0.080368 0.019741
v 0.094637 0.065192 0.034437
v 0.111490 0.039843 -0.000823
v 0.103387 0.056113 -0.015735
v 0.097252 0.069306 0.002409
v 0.111490 0.039843 -0.000823
v 0.097252 0.069306 0.002409
v 0.104999 0.053571 0.017198
v 0.037708 0.034191 -0.111049
v 0.018366 0.033754 -0.115011
v 0.017038 0.053511 -0.106402
v 0.037708 0.034191 -0.111049
v 0.017038 0.053511 -0.106402
v 0.038247 0.052046 -0.102628
v 0.018366 0.033754 -0.115011
v -0.002897 0.031163 -0.116186
v -0.005346 0.052069 -0.107366
v 0.018366 0.033754 -0.115011
v -0.005346 0.052069 -0.107366
v 0.017038 0.053511 -0.106402
v 0.038247 0.052046 -0.102628
v 0.017038 0.053511 -0.106402
v 0.016414 0.072090 -0.093813
v 0.038247 0.052046 -0.102628
v 0.016414 0.072090 -0.093813
v 0.038805 0.069531 -0.090213
v 0.017038 0.053511 -0.106402
v -0.005346 0.052069 -0.107366
v -0.006821 0.071416 -0.094544
v 0.017038 0.053511 -0.106402
v -0.006821 0.071416 -0.094544
v 0.016414 0.072090 -0.093813
v 0.051167 0.018872 -0.110029
v 0.039123 0.016798 -0.114884
v 0.037708 0.034191 -0.111049
v 0.051167 0.018872 -0.110029
v 0.037708 0.034191 -0.111049
v 0.054317 0.030778 -0.105420
v 0.039123 0.016798 -0.114884
v 0.021325 0.013503 -0.119048
v 0.018366 0.033754 -0.115011
v 0.039123 0.016798 -0.114884
v 0.018366 0.033754 -0.115011
v 0.037708 0.034191 -0.111049
v 0.021325 0.013503 -0.119048
v 0.000817 0.009439 -0.120386
v -0.002897 0.031163 -0.116186
v 0.021325 0.013503 -0.119048
v -0.002897 0.031163 -0.116186
v 0.018366 0.033754 -0.115011
v 0.000817 0.009439 -0.120386
v -0.020703 0.004920 -0.118490
v -0.024778 0.027068 -0.114217
v 0.000817 0.009439 -0.120386
v -0.024778 0.027068 -0.114217
v -0.002897 0.031163 -0.116186
v -0.002897 0.031163 -0.116186
v -0.024778 0.027068 -0.114217
v -0.027876 0.048281 -0.105272
v -0.002897 0.031163 -0.116186
v -0.027876 0.048281 -0.105272
v -0.005346 0.052069 -0.107366
v -0.005346 0.052069 -0.107366
v -0.027876 0.048281 -0.105272
v -0.029950 0.067843 -0.092296
v -0.005346 0.052069 -0.107366
v -0.029950 0.067843 -0.092296
v -0.006821 0.071416 -0.094544
v -0.006821 0.071416 -0.094544
v -0.029950 0.067843 -0.092296
v -0.030950 0.085039 -0.075928
v -0.006821 0.071416 -0.094544
v -0.030950 0.085039 -0.075928
v -0.007559 0.088444 -0.078350
v 0.016414 0.072090 -0.093813
v -0.006821 0.071416 -0.094544
v -0.007559 0.088444 -0.078350
v 0.016414 0.072090 -0.093813
v -0.007559 0.088444 -0.078350
v 0.016002 0.088652 -0.077943
v 0.038805 0.069531 -0.090213
v 0.016414 0.072090 -0.093813
v 0.016002 0.088652 -0.077943
v 0.038805 0.069531 -0.090213
v 0.016002 0.088652 -0.077943
v 0.038783 0.085548 -0.074629
v 0.059427 0.063364 -0.083882
v 0.038805 0.069531 -0.090213
v 0.038783 0.085548 -0.074629
v 0.059427 0.063364 -0.083882
v 0.038783 0.085548 -0.074629
v 0.059833 0.079018 -0.068329
v 0.057486 0.046772 -0.096526
v 0.038247 0.052046 -0.102628
v 0.038805 0.069531 -0.090213
v 0.057486 0.046772 -0.096526
v 0.038805 0.069531 -0.090213
v 0.059427 0.063364 -0.083882
v 0.054317 0.030778 -0.105420
v 0.037708 0.034191 -0.111049
v 0.038247 0.052046 -0.102628
v 0.054317 0.030778 -0.105420
v 0.038247 0.052046 -0.102628
v 0.057486 0.046772 -0.096526
v -0.045893 0.021878 -0.109059
v -0.064901 0.015772 -0.101209
v -0.069044 0.034921 -0.092133
v -0.045893 0.021878 -0.109059
v -0.069044 0.034921 -0.092133
v -0.049466 0.042541 -0.100053
v -0.064901 0.015772 -0.101209
v -0.080527 0.008657 -0.091451
v -0.085572 0.025307 -0.082105
v -0.064901 0.015772 -0.101209
v -0.085572 0.025307 -0.082105
v -0.069044 0.034921 -0.092133
v -0.049466 0.042541 -0.100053
v -0.069044 0.034921 -0.092133
v -0.072091 0.052976 -0.079142
v -0.049466 0.042541 -0.100053
v -0.072091 0.052976 -0.079142
v -0.052017 0.061655 -0.087052
v -0.069044 0.034921 -0.092133
v -0.085572 0.025307 -0.082105
v -0.089252 0.041877 -0.068986
v -0.069044 0.034921 -0.092133
v -0.089252 0.041877 -0.068986
v -0.072091 0.052976 -0.079142
v -0.020703 0.004920 -0.118490
v -0.041655 0.000267 -0.113346
v -0.045893 0.021878 -0.109059
v -0.020703 0.004920 -0.118490
v -0.045893 0.021878 -0.109059
v -0.024778 0.027068 -0.114217
v -0.041655 0.000267 -0.113346
v -0.060555 -0.004180 -0.105476
v -0.064901 0.015772 -0.101209
v -0.041655 0.000267 -0.113346
v -0.064901 0.015772 -0.101209
v -0.045893 0.021878 -0.109059
v -0.060555 -0.004180 -0.105476
v -0.075937 -0.008050 -0.095812
v -0.080527 0.008657 -0.091451
v -0.060555 -0.004180 -0.105476
v -0.080527 0.008657 -0.091451
v -0.064901 0.015772 -0.101209
v -0.075937 -0.008050 -0.095812
v -0.085653 -0.010676 -0.087350
v -0.091735 -0.000763 -0.081211
v -0.075937 -0.008050 -0.095812
v -0.091735 -0.000763 -0.081211
v -0.080527 0.008657 -0.091451
v -0.080527 0.008657 -0.091451
v -0.091735 -0.000763 -0.081211
v -0.098152 0.013161 -0.070728
v -0.080527 0.008657 -0.091451
v -0.098152 0.013161 -0.070728
v -0.085572 0.025307 -0.082105
v -0.085572 0.025307 -0.082105
v -0.098152 0.013161 -0.070728
v -0.102594 0.028374 -0.057026
v -0.085572 0.025307 -0.082105
v -0.102594 0.028374 -0.057026
v -0.089252 0.041877 -0.068986
v -0.089252 0.041877 -0.068986
v -0.102594 0.028374 -0.057026
v -0.104439 0.043542 -0.041100
v -0.089252 0.041877 -0.068986
v -0.104439 0.043542 -0.041100
v -0.090864 0.057550 -0.053139
v -0.072091 0.052976 -0.079142
v -0.089252 0.041877 -0.068986
v -0.090864 0.057550 -0.053139
v -0.072091 0.052976 -0.079142
v -0.090864 0.057550 -0.053139
v -0.073498 0.069324 -0.063108
v -0.052017 0.061655 -0.087052
v -0.072091 0.052976 -0.079142
v -0.073498 0.069324 -0.063108
v -0.052017 0.061655 -0.087052
v -0.073498 0.069324 -0.063108
v -0.053230 0.078581 -0.070780
v -0.029950 0.067843 -0.092296
v -0.052017 0.061655 -0.087052
v -0.053230 0.078581 -0.070780
v -0.029950 0.067843 -0.092296
v -0.053230 0.078581 -0.070780
v -0.030950 0.085039 -0.075928
v -0.027876 0.048281 -0.105272
v -0.049466 0.042541 -0.100053
v -0.052017 0.061655 -0.087052
v -0.027876 0.048281 -0.105272
v -0.052017 0.061655 -0.087052
v -0.029950 0.067843 -0.092296
v -0.024778 0.027068 -0.114217
v -0.045893 0.021878 -0.109059
v -0.049466 0.042541 -0.100053
v -0.024778 0.027068 -0.114217
v -0.049466 0.042541 -0.100053
v -0.027876 0.048281 -0.105272
v 0.037967 0.099034 -0.056828
v 0.015555 0.102364 -0.059555
v 0.015361 0.112578 -0.039563
v 0.037967 0.099034 -0.056828
v 0.015361 0.112578 -0.039563
v 0.036624 0.109182 -0.037975
v 0.015555 0.102364 -0.059555
v -0.007702 0.102428 -0.059451
v -0.007070 0.112800 -0.038645
v 0.015555 0.102364 -0.059555
v -0.007070 0.112800 -0.038645
v 0.015361 0.112578 -0.039563
v 0.036624 0.109182 -0.037975
v 0.015361 0.112578 -0.039563
v 0.015953 0.118716 -0.018871
v 0.036624 0.109182 -0.037975
v 0.015953 0.118716 -0.018871
v 0.035405 0.115321 -0.019245
v 0.015361 0.112578 -0.039563
v -0.007070 0.112800 -0.038645
v -0.005392 0.119033 -0.016755
v 0.015361 0.112578 -0.039563
v -0.005392 0.119033 -0.016755
v 0.015953 0.118716 -0.018871
v 0.059833 0.079018 -0.068329
v 0.038783 0.085548 -0.074629
v 0.037967 0.099034 -0.056828
v 0.059833 0.079018 -0.068329
v 0.037967 0.099034 -0.056828
v 0.058599 0.092507 -0.050904
v 0.038783 0.085548 -0.074629
v 0.016002 0.088652 -0.077943
v 0.015555 0.102364 -0.059555
v 0.038783 0.085548 -0.074629
v 0.015555 0.102364 -0.059555
v 0.037967 0.099034 -0.056828
v 0.016002 0.088652 -0.077943
v -0.007559 0.088444 -0.078350
v -0.007702 0.102428 -0.059451
v 0.016002 0.088652 -0.077943
v -0.007702 0.102428 -0.059451
v 0.015555 0.102364 -0.059555
v -0.007559 0.088444 -0.078350
v -0.030950 0.085039 -0.075928
v -0.030839 0.099181 -0.056834
v -0.007559 0.088444 -0.078350
v -0.030839 0.099181 -0.056834
v -0.007702 0.102428 -0.059451
v -0.007702 0.102428 -0.059451
v -0.030839 0.099181 -0.056834
v -0.029620 0.109695 -0.035779
v -0.007702 0.102428 -0.059451
v -0.029620 0.109695 -0.035779
v -0.007070 0.112800 -0.038645
v -0.007070 0.112800 -0.038645
v -0.029620 0.109695 -0.035779
v -0.027303 0.116030 -0.013551
v -0.007070 0.112800 -0.038645
v -0.027303 0.116030 -0.013551
v -0.005392 0.119033 -0.016755
v -0.005392 0.119033 -0.016755
v -0.027303 0.116030 -0.013551
v -0.023903 0.117640 0.009061
v -0.005392 0.119033 -0.016755
v -0.023903 0.117640 0.009061
v -0.002340 0.120614 0.005416
v 0.015953 0.118716 -0.018871
v -0.005392 0.119033 -0.016755
v -0.002340 0.120614 0.005416
v 0.015953 0.118716 -0.018871
v -0.002340 0.120614 0.005416
v 0.018293 0.120298 0.001798
v 0.035405 0.115321 -0.019245
v 0.015953 0.118716 -0.018871
v 0.018293 0.120298 0.001798
v 0.035405 0.115321 -0.019245
v 0.018293 0.120298 0.001798
v 0.036278 0.117016 -0.001480
v 0.052076 0.109730 -0.016081
v 0.035405 0.115321 -0.019245
v 0.036278 0.117016 -0.001480
v 0.052076 0.109730 -0.016081
v 0.036278 0.117016 -0.001480
v 0.048502 0.112755 -0.003793
v 0.055890 0.102957 -0.032950
v 0.036624 0.109182 -0.037975
v 0.035405 0.115321 -0.019245
v 0.055890 0.102957 -0.032950
v 0.035405 0.115321 -0.019245
v 0.052076 0.109730 -0.016081
v 0.058599 0.092507 -0.050904
v 0.037967 0.099034 -0.056828
v 0.036624 0.109182 -0.037975
v 0.058599 0.092507 -0.050904
v 0.036624 0.109182 -0.037975
v 0.055890 0.102957 -0.032950
v -0.052897 0.092667 -0.051960
v -0.072951 0.083251 -0.044885
v -0.070721 0.093988 -0.025294
v -0.052897 0.092667 -0.051960
v -0.070721 0.093988 -0.025294
v -0.051191 0.103272 -0.031332
v -0.072951 0.083251 -0.044885
v -0.090090 0.071380 -0.035602
v -0.087194 0.082442 -0.017452
v -0.072951 0.083251 -0.044885
v -0.087194 0.082442 -0.017452
v -0.070721 0.093988 -0.025294
v -0.051191 0.103272 -0.031332
v -0.070721 0.093988 -0.025294
v -0.067313 0.100734 -0.005069
v -0.051191 0.103272 -0.031332
v -0.067313 0.100734 -0.005069
v -0.048388 0.109748 -0.009628
v -0.070721 0.093988 -0.025294
v -0.087194 0.082442 -0.017452
v -0.082830 0.089787 0.000354
v -0.070721 0.093988 -0.025294
v -0.082830 0.089787 0.000354
v -0.067313 0.100734 -0.005069
v -0.030950 0.085039 -0.075928
v -0.053230 0.078581 -0.070780
v -0.052897 0.092667 -0.051960
v -0.030950 0.085039 -0.075928
v -0.052897 0.092667 -0.051960
v -0.030839 0.099181 -0.056834
v -0.053230 0.078581 -0.070780
v -0.073498 0.069324 -0.063108
v -0.072951 0.083251 -0.044885
v -0.053230 0.078581 -0.070780
v -0.072951 0.083251 -0.044885
v -0.052897 0.092667 -0.051960
v -0.073498 0.069324 -0.063108
v -0.090864 0.057550 -0.053139
v -0.090090 0.071380 -0.035602
v -0.073498 0.069324 -0.063108
v -0.090090 0.071380 -0.035602
v -0.072951 0.083251 -0.044885
v -0.090864 0.057550 -0.053139
v -0.104439 0.043542 -0.041100
v -0.103422 0.057517 -0.024048
v -0.090864 0.057550 -0.053139
v -0.103422 0.057517 -0.024048
v -0.090090 0.071380 -0.035602
v -0.090090 0.071380 -0.035602
v -0.103422 0.057517 -0.024048
v -0.099747 0.069346 -0.007151
v -0.090090 0.071380 -0.035602
v -0.099747 0.069346 -0.007151
v -0.087194 0.082442 -0.017452
v -0.087194 0.082442 -0.017452
v -0.099747 0.069346 -0.007151
v -0.093976 0.078189 0.008128
v -0.087194 0.082442 -0.017452
v -0.093976 0.078189 0.008128
v -0.082830 0.089787 0.000354
v -0.082830 0.089787 0.000354
v -0.093976 0.078189 0.008128
v -0.088319 0.083208 0.018886
v -0.082830 0.089787 0.000354
v -0.088319 0.083208 0.018886
v -0.078782 0.092168 0.017592
v -0.067313 0.100734 -0.005069
v -0.082830 0.089787 0.000354
v -0.078782 0.092168 0.017592
v -0.067313 0.100734 -0.005069
v -0.078782 0.092168 0.017592
v -0.063587 0.102616 0.015370
v -0.048388 0.109748 -0.009628
v -0.067313 0.100734 -0.005069
v -0.063587 0.102616 0.015370
v -0.048388 0.109748 -0.009628
v -0.063587 0.102616 0.015370
v -0.044811 0.111442 0.012456
v -0.027303 0.116030 -0.013551
v -0.048388 0.109748 -0.009628
v -0.044811 0.111442 0.012456
v -0.027303 0.116030 -0.013551
v -0.044811 0.111442 0.012456
v -0.023903 0.117640 0.009061
v -0.029620 0.109695 -0.035779
v -0.051191 0.103272 -0.031332
v -0.048388 0.109748 -0.009628
v -0.029620 0.109695 -0.035779
v -0.048388 0.109748 -0.009628
v -0.027303 0.116030 -0.013551
v -0.030839 0.099181 -0.056834
v -0.052897 0.092667 -0.051960
v -0.051191 0.103272 -0.031332
v -0.030839 0.099181 -0.056834
v -0.051191 0.103272 -0.031332
v -0.029620 0.109695 -0.035779
v 0.044683 -0.000139 -0.113693
v 0.052360 -0.017414 -0.107978
v 0.033279 -0.026421 -0.112558
v 0.044683 -0.000139 -0.113693
v 0.033279 -0.026421 -0.112558
v 0.026578 -0.006665 -0.118124
v 0.052360 -0.017414 -0.107978
v 0.060030 -0.034932 -0.098258
v 0.040291 -0.045419 -0.102863
v 0.052360 -0.017414 -0.107978
v 0.040291 -0.045419 -0.102863
v 0.033279 -0.026421 -0.112558
v 0.026578 -0.006665 -0.118124
v 0.033279 -0.026421 -0.112558
v 0.012072 -0.033654 -0.113968
v 0.026578 -0.006665 -0.118124
v 0.012072 -0.033654 -0.113968
v 0.005952 -0.012386 -0.119540
v 0.033279 -0.026421 -0.112558
v 0.040291 -0.045419 -0.102863
v 0.018604 -0.053715 -0.104181
v 0.033279 -0.026421 -0.112558
v 0.018604 -0.053715 -0.104181
v 0.012072 -0.033654 -0.113968
v 0.051167 0.018872 -0.110029
v 0.058827 0.008584 -0.107130
v 0.044683 -0.000139 -0.113693
v 0.051167 0.018872 -0.110029
v 0.044683 -0.000139 -0.113693
v 0.039123 0.016798 -0.114884
v 0.058827 0.008584 -0.107130
v 0.068218 -0.006047 -0.100594
v 0.052360 -0.017414 -0.107978
v 0.058827 0.008584 -0.107130
v 0.052360 -0.017414 -0.107978
v 0.044683 -0.000139 -0.113693
v 0.068218 -0.006047 -0.100594
v 0.076822 -0.022249 -0.090476
v 0.060030 -0.034932 -0.098258
v 0.068218 -0.006047 -0.100594
v 0.060030 -0.034932 -0.098258
v 0.052360 -0.017414 -0.107978
v 0.076822 -0.022249 -0.090476
v 0.083736 -0.038622 -0.077390
v 0.066692 -0.051805 -0.085208
v 0.076822 -0.022249 -0.090476
v 0.066692 -0.051805 -0.085208
v 0.060030 -0.034932 -0.098258
v 0.060030 -0.034932 -0.098258
v 0.066692 -0.051805 -0.085208
v 0.046813 -0.062982 -0.089622
v 0.060030 -0.034932 -0.098258
v 0.046813 -0.062982 -0.089622
v 0.040291 -0.045419 -0.102863
v 0.040291 -0.045419 -0.102863
v 0.046813 -0.062982 -0.089622
v 0.025016 -0.071876 -0.090698
v 0.040291 -0.045419 -0.102863
v 0.025016 -0.071876 -0.090698
v 0.018604 -0.053715 -0.104181
v 0.018604 -0.053715 -0.104181
v 0.025016 -0.071876 -0.090698
v 0.002221 -0.078211 -0.088502
v 0.018604 -0.053715 -0.104181
v 0.002221 -0.078211 -0.088502
v -0.004020 -0.059770 -0.102125
v 0.012072 -0.033654 -0.113968
v 0.018604 -0.053715 -0.104181
v -0.004020 -0.059770 -0.102125
v 0.012072 -0.033654 -0.113968
v -0.004020 -0.059770 -0.102125
v -0.010089 -0.039259 -0.112014
v 0.005952 -0.012386 -0.119540
v 0.012072 -0.033654 -0.113968
v -0.010089 -0.039259 -0.112014
v 0.005952 -0.012386 -0.119540
v -0.010089 -0.039259 -0.112014
v -0.015734 -0.017441 -0.117645
v 0.000817 0.009439 -0.120386
v 0.005952 -0.012386 -0.119540
v -0.015734 -0.017441 -0.117645
v 0.000817 0.009439 -0.120386
v -0.015734 -0.017441 -0.117645
v -0.020703 0.004920 -0.118490
v 0.021325 0.013503 -0.119048
v 0.026578 -0.006665 -0.118124
v 0.005952 -0.012386 -0.119540
v 0.021325 0.013503 -0.119048
v 0.005952 -0.012386 -0.119540
v 0.000817 0.009439 -0.120386
v 0.039123 0.016798 -0.114884
v 0.044683 -0.000139 -0.113693
v 0.026578 -0.006665 -0.118124
v 0.039123 0.016798 -0.114884
v 0.026578 -0.006665 -0.118124
v 0.021325 0.013503 -0.119048
v 0.071706 -0.067010 -0.069617
v 0.074970 -0.079537 -0.052511
v 0.056654 -0.090645 -0.055215
v 0.071706 -0.067010 -0.069617
v 0.056654 -0.090645 -0.055215
v 0.052271 -0.078336 -0.073473
v 0.074970 -0.079537 -0.052511
v 0.076789 -0.088351 -0.034932
v 0.060200 -0.099043 -0.035643
v 0.074970 -0.079537 -0.052511
v 0.060200 -0.099043 -0.035643
v 0.056654 -0.090645 -0.055215
v 0.052271 -0.078336 -0.073473
v 0.056654 -0.090645 -0.055215
v 0.036105 -0.099686 -0.055011
v 0.052271 -0.078336 -0.073473
v 0.036105 -0.099686 -0.055011
v 0.030876 -0.087434 -0.074075
v 0.056654 -0.090645 -0.055215
v 0.060200 -0.099043 -0.035643
v 0.040724 -0.107926 -0.034236
v 0.056654 -0.090645 -0.055215
v 0.040724 -0.107926 -0.034236
v 0.036105 -0.099686 -0.055011
v 0.083736 -0.038622 -0.077390
v 0.088355 -0.053936 -0.062183
v 0.071706 -0.067010 -0.069617
v 0.083736 -0.038622 -0.077390
v 0.071706 -0.067010 -0.069617
v 0.066692 -0.051805 -0.085208
v 0.088355 -0.053936 -0.062183
v 0.090452 -0.067136 -0.046050
v 0.074970 -0.079537 -0.052511
v 0.088355 -0.053936 -0.062183
v 0.074970 -0.079537 -0.052511
v 0.071706 -0.067010 -0.069617
v 0.090452 -0.067136 -0.046050
v 0.090070 -0.077260 -0.030483
v 0.076789 -0.088351 -0.034932
v 0.090452 -0.067136 -0.046050
v 0.076789 -0.088351 -0.034932
v 0.074970 -0.079537 -0.052511
v 0.090070 -0.077260 -0.030483
v 0.088319 -0.083207 -0.018886
v 0.078782 -0.092168 -0.017592
v 0.090070 -0.077260 -0.030483
v 0.078782 -0.092168 -0.017592
v 0.076789 -0.088351 -0.034932
v 0.076789 -0.088351 -0.034932
v 0.078782 -0.092168 -0.017592
v 0.063587 -0.102615 -0.015371
v 0.076789 -0.088351 -0.034932
v 0.063587 -0.102615 -0.015371
v 0.060200 -0.099043 -0.035643
v 0.060200 -0.099043 -0.035643
v 0.063587 -0.102615 -0.015371
v 0.044812 -0.111441 -0.012457
v 0.060200 -0.099043 -0.035643
v 0.044812 -0.111441 -0.012457
v 0.040724 -0.107926 -0.034236
v 0.040724 -0.107926 -0.034236
v 0.044812 -0.111441 -0.012457
v 0.023903 -0.117639 -0.009061
v 0.040724 -0.107926 -0.034236
v 0.023903 -0.117639 -0.009061
v 0.019471 -0.114168 -0.031281
v 0.036105 -0.099686 -0.055011
v 0.040724 -0.107926 -0.034236
v 0.019471 -0.114168 -0.031281
v 0.036105 -0.099686 -0.055011
v 0.019471 -0.114168 -0.031281
v 0.014214 -0.106033 -0.052394
v 0.030876 -0.087434 -0.074075
v 0.036105 -0.099686 -0.055011
v 0.014214 -0.106033 -0.052394
v 0.030876 -0.087434 -0.074075
v 0.014214 -0.106033 -0.052394
v 0.008381 -0.093844 -0.071701
v 0.025016 -0.071876 -0.090698
v 0.030876 -0.087434 -0.074075
v 0.008381 -0.093844 -0.071701
v 0.025016 -0.071876 -0.090698
v 0.008381 -0.093844 -0.071701
v 0.002221 -0.078211 -0.088502
v 0.046813 -0.062982 -0.089622
v 0.052271 -0.078336 -0.073473
v 0.030876 -0.087434 -0.074075
v 0.046813 -0.062982 -0.089622
v 0.030876 -0.087434 -0.074075
v 0.025016 -0.071876 -0.090698
v 0.066692 -0.051805 -0.085208
v 0.071706 -0.067010 -0.069617
v 0.052271 -0.078336 -0.073473
v 0.066692 -0.051805 -0.085208
v 0.052271 -0.078336 -0.073473
v 0.046813 -0.062982 -0.089622
v -0.037044 -0.021671 -0.112413
v -0.032048 -0.043182 -0.106655
v -0.052802 -0.045011 -0.098290
v -0.037044 -0.021671 -0.112413
v -0.052802 -0.045011 -0.098290
v -0.056688 -0.024647 -0.104322
v -0.032048 -0.043182 -0.106655
v -0.026591 -0.063475 -0.096690
v -0.048215 -0.064532 -0.088193
v -0.032048 -0.043182 -0.106655
v -0.048215 -0.064532 -0.088193
v -0.052802 -0.045011 -0.098290
v -0.056688 -0.024647 -0.104322
v -0.052802 -0.045011 -0.098290
v -0.071458 -0.044153 -0.087454
v -0.056688 -0.024647 -0.104322
v -0.071458 -0.044153 -0.087454
v -0.073551 -0.025673 -0.094095
v -0.052802 -0.045011 -0.098290
v -0.048215 -0.064532 -0.088193
v -0.068026 -0.062587 -0.077032
v -0.052802 -0.045011 -0.098290
v -0.068026 -0.062587 -0.077032
v -0.071458 -0.044153 -0.087454
v -0.020703 0.004920 -0.118490
v -0.015734 -0.017441 -0.117645
v -0.037044 -0.021671 -0.112413
v -0.020703 0.004920 -0.118490
v -0.037044 -0.021671 -0.112413
v -0.041655 0.000267 -0.113346
v -0.015734 -0.017441 -0.117645
v -0.010089 -0.039259 -0.112014
v -0.032048 -0.043182 -0.106655
v -0.015734 -0.017441 -0.117645
v -0.032048 -0.043182 -0.106655
v -0.037044 -0.021671 -0.112413
v -0.010089 -0.039259 -0.112014
v -0.004020 -0.059770 -0.102125
v -0.026591 -0.063475 -0.096690
v -0.010089 -0.039259 -0.112014
v -0.026591 -0.063475 -0.096690
v -0.032048 -0.043182 -0.106655
v -0.004020 -0.059770 -0.102125
v 0.002221 -0.078211 -0.088502
v -0.020655 -0.081739 -0.083128
v -0.004020 -0.059770 -0.102125
v -0.020655 -0.081739 -0.083128
v -0.026591 -0.063475 -0.096690
v -0.026591 -0.063475 -0.096690
v -0.020655 -0.081739 -0.083128
v -0.042688 -0.082310 -0.074787
v -0.026591 -0.063475 -0.096690
v -0.042688 -0.082310 -0.074787
v -0.048215 -0.064532 -0.088193
v -0.048215 -0.064532 -0.088193
v -0.042688 -0.082310 -0.074787
v -0.062956 -0.079804 -0.063718
v -0.048215 -0.064532 -0.088193
v -0.062956 -0.079804 -0.063718
v -0.068026 -0.062587 -0.077032
v -0.068026 -0.062587 -0.077032
v -0.062956 -0.079804 -0.063718
v -0.080536 -0.074098 -0.050161
v -0.068026 -0.062587 -0.077032
v -0.080536 -0.074098 -0.050161
v -0.085198 -0.057239 -0.063619
v -0.071458 -0.044153 -0.087454
v -0.068026 -0.062587 -0.077032
v -0.085198 -0.057239 -0.063619
v -0.071458 -0.044153 -0.087454
v -0.085198 -0.057239 -0.063619
v -0.087420 -0.039659 -0.074796
v -0.073551 -0.025673 -0.094095
v -0.071458 -0.044153 -0.087454
v -0.087420 -0.039659 -0.074796
v -0.073551 -0.025673 -0.094095
v -0.087420 -0.039659 -0.074796
v -0.087225 -0.022957 -0.082921
v -0.075937 -0.008050 -0.095812
v -0.073551 -0.025673 -0.094095
v -0.087225 -0.022957 -0.082921
v -0.075937 -0.008050 -0.095812
v -0.087225 -0.022957 -0.082921
v -0.085653 -0.010676 -0.087350
v -0.060555 -0.004180 -0.105476
v -0.056688 -0.024647 -0.104322
v -0.073551 -0.025673 -0.094095
v -0.060555 -0.004180 -0.105476
v -0.073551 -0.025673 -0.094095
v -0.075937 -0.008050 -0.095812
v -0.041655 0.000267 -0.113346
v -0.037044 -0.021671 -0.112413
v -0.056688 -0.024647 -0.104322
v -0.041655 0.000267 -0.113346
v -0.056688 -0.024647 -0.104322
v -0.060555 -0.004180 -0.105476
v -0.014319 -0.097194 -0.066583
v -0.008015 -0.109214 -0.047698
v -0.029428 -0.109235 -0.040947
v -0.014319 -0.097194 -0.066583
v -0.029428 -0.109235 -0.040947
v -0.036234 -0.097449 -0.058803
v -0.008015 -0.109214 -0.047698
v -0.002272 -0.117211 -0.027109
v -0.023066 -0.117025 -0.021841
v -0.008015 -0.109214 -0.047698
v -0.023066 -0.117025 -0.021841
v -0.029428 -0.109235 -0.040947
v -0.036234 -0.097449 -0.058803
v -0.029428 -0.109235 -0.040947
v -0.048848 -0.106277 -0.031987
v -0.036234 -0.097449 -0.058803
v -0.048848 -0.106277 -0.031987
v -0.056351 -0.094665 -0.048391
v -0.029428 -0.109235 -0.040947
v -0.023066 -0.117025 -0.021841
v -0.041446 -0.113885 -0.015333
v -0.029428 -0.109235 -0.040947
v -0.041446 -0.113885 -0.015333
v -0.048848 -0.106277 -0.031987
v 0.002221 -0.078211 -0.088502
v 0.008381 -0.093844 -0.071701
v -0.014319 -0.097194 -0.066583
v 0.002221 -0.078211 -0.088502
v -0.014319 -0.097194 -0.066583
v -0.020655 -0.081739 -0.083128
v 0.008381 -0.093844 -0.071701
v 0.014214 -0.106033 -0.052394
v -0.008015 -0.109214 -0.047698
v 0.008381 -0.093844 -0.071701
v -0.008015 -0.109214 -0.047698
v -0.014319 -0.097194 -0.066583
v 0.014214 -0.106033 -0.052394
v 0.019471 -0.114168 -0.031281
v -0.002272 -0.117211 -0.027109
v 0.014214 -0.106033 -0.052394
v -0.002272 -0.117211 -0.027109
v -0.008015 -0.109214 -0.047698
v 0.019471 -0.114168 -0.031281
v 0.023903 -0.117639 -0.009061
v 0.002340 -0.120614 -0.005417
v 0.019471 -0.114168 -0.031281
v 0.002340 -0.120614 -0.005417
v -0.002272 -0.117211 -0.027109
v -0.002272 -0.117211 -0.027109
v 0.002340 -0.120614 -0.005417
v -0.018293 -0.120298 -0.001798
v -0.002272 -0.117211 -0.027109
v -0.018293 -0.120298 -0.001798
v -0.023066 -0.117025 -0.021841
v -0.023066 -0.117025 -0.021841
v -0.018293 -0.120298 -0.001798
v -0.036278 -0.117016 0.001480
v -0.023066 -0.117025 -0.021841
v -0.036278 -0.117016 0.001480
v -0.041446 -0.113885 -0.015333
v -0.041446 -0.113885 -0.015333
v -0.036278 -0.117016 0.001480
v -0.048501 -0.112754 0.003793
v -0.041446 -0.113885 -0.015333
v -0.048501 -0.112754 0.003793
v -0.055982 -0.108801 -0.006274
v -0.048848 -0.106277 -0.031987
v -0.041446 -0.113885 -0.015333
v -0.055982 -0.108801 -0.006274
v -0.048848 -0.106277 -0.031987
v -0.055982 -0.108801 -0.006274
v -0.065186 -0.100747 -0.020252
v -0.056351 -0.094665 -0.048391
v -0.048848 -0.106277 -0.031987
v -0.065186 -0.100747 -0.020252
v -0.056351 -0.094665 -0.048391
v -0.065186 -0.100747 -0.020252
v -0.073666 -0.088926 -0.035327
v -0.062956 -0.079804 -0.063718
v -0.056351 -0.094665 -0.048391
v -0.073666 -0.088926 -0.035327
v -0.062956 -0.079804 -0.063718
v -0.073666 -0.088926 -0.035327
v -0.080536 -0.074098 -0.050161
v -0.042688 -0.082310 -0.074787
v -0.036234 -0.097449 -0.058803
v -0.056351 -0.094665 -0.048391
v -0.042688 -0.082310 -0.074787
v -0.056351 -0.094665 -0.048391
v -0.062956 -0.079804 -0.063718
v -0.020655 -0.081739 -0.083128
v -0.014319 -0.097194 -0.066583
v -0.036234 -0.097449 -0.058803
v -0.020655 -0.081739 -0.083128
v -0.036234 -0.097449 -0.058803
v -0.042688 -0.082310 -0.074787
v -0.076789 0.088352 0.034931
v -0.074970 0.079538 0.052510
v -0.056654 0.090645 0.055215
v -0.076789 0.088352 0.034931
v -0.056654 0.090645 0.055215
v -0.060200 0.099044 0.035643
v -0.074970 0.079538 0.052510
v -0.071705 0.067011 0.069617
v -0.052271 0.078337 0.073473
v -0.074970 0.079538 0.052510
v -0.052271 0.078337 0.073473
v -0.056654 0.090645 0.055215
v -0.060200 0.099044 0.035643
v -0.056654 0.090645 0.055215
v -0.036104 0.099687 0.055011
v -0.060200 0.099044 0.035643
v -0.036104 0.099687 0.055011
v -0.040724 0.107927 0.034236
v -0.056654 0.090645 0.055215
v -0.052271 0.078337 0.073473
v -0.030876 0.087435 0.074074
v -0.056654 0.090645 0.055215
v -0.030876 0.087435 0.074074
v -0.036104 0.099687 0.055011
v -0.088319 0.083208 0.018886
v -0.090070 0.077261 0.030483
v -0.076789 0.088352 0.034931
v -0.088319 0.083208 0.018886
v -0.076789 0.088352 0.034931
v -0.078782 0.092168 0.017592
v -0.090070 0.077261 0.030483
v -0.090452 0.067137 0.046050
v -0.074970 0.079538 0.052510
v -0.090070 0.077261 0.030483
v -0.074970 0.079538 0.052510
v -0.076789 0.088352 0.034931
v -0.090452 0.067137 0.046050
v -0.088355 0.053937 0.062183
v -0.071705 0.067011 0.069617
v -0.090452 0.067137 0.046050
v -0.071705 0.067011 0.069617
v -0.074970 0.079538 0.052510
v -0.088355 0.053937 0.062183
v -0.083736 0.038622 0.077390
v -0.066692 0.051806 0.085208
v -0.088355 0.053937 0.062183
v -0.066692 0.051806 0.085208
v -0.071705 0.067011 0.069617
v -0.071705 0.067011 0.069617
v -0.066692 0.051806 0.085208
v -0.046813 0.062982 0.089622
v -0.071705 0.067011 0.069617
v -0.046813 0.062982 0.089622
v -0.052271 0.078337 0.073473
v -0.052271 0.078337 0.073473
v -0.046813 0.062982 0.089622
v -0.025016 0.071876 0.090698
v -0.052271 0.078337 0.073473
v -0.025016 0.071876 0.090698
v -0.030876 0.087435 0.074074
v -0.030876 0.087435 0.074074
v -0.025016 0.071876 0.090698
v -0.002221 0.078212 0.088501
v -0.030876 0.087435 0.074074
v -0.002221 0.078212 0.088501
v -0.008381 0.093845 0.071701
v -0.036104 0.099687 0.055011
v -0.030876 0.087435 0.074074
v -0.008381 0.093845 0.071701
v -0.036104 0.099687 0.055011
v -0.008381 0.093845 0.071701
v -0.014214 0.106034 0.052394
v -0.040724 0.107927 0.034236
v -0.036104 0.099687 0.055011
v -0.014214 0.106034 0.052394
v -0.040724 0.107927 0.034236
v -0.014214 0.106034 0.052394
v -0.019470 0.114169 0.031280
v -0.044811 0.111442 0.012456
v -0.040724 0.107927 0.034236
v -0.019470 0.114169 0.031280
v -0.044811 0.111442 0.012456
v -0.019470 0.114169 0.031280
v -0.023903 0.117640 0.009061
v -0.063587 0.102616 0.015370
v -0.060200 0.099044 0.035643
v -0.040724 0.107927 0.034236
v -0.063587 0.102616 0.015370
v -0.040724 0.107927 0.034236
v -0.044811 0.111442 0.012456
v -0.078782 0.092168 0.017592
v -0.076789 0.088352 0.034931
v -0.060200 0.099044 0.035643
v -0.078782 0.092168 0.017592
v -0.060200 0.099044 0.035643
v -0.063587 0.102616 0.015370
v -0.060030 0.034933 0.098258
v -0.052360 0.017414 0.107978
v -0.033279 0.026422 0.112558
v -0.060030 0.034933 0.098258
v -0.033279 0.026422 0.112558
v -0.040291 0.045420 0.102863
v -0.052360 0.017414 0.107978
v -0.044683 0.000139 0.113693
v -0.026578 0.006666 0.118124
v -0.052360 0.017414 0.107978
v -0.026578 0.006666 0.118124
v -0.033279 0.026422 0.112558
v -0.040291 0.045420 0.102863
v -0.033279 0.026422 0.112558
v -0.012072 0.033655 0.113968
v -0.040291 0.045420 0.102863
v -0.012072 0.033655 0.113968
v -0.018604 0.053715 0.104181
v -0.033279 0.026422 0.112558
v -0.026578 0.006666 0.118124
v -0.005952 0.012387 0.119540
v -0.033279 0.026422 0.112558
v -0.005952 0.012387 0.119540
v -0.012072 0.033655 0.113968
v -0.083736 0.038622 0.077390
v -0.076822 0.022250 0.090475
v -0.060030 0.034933 0.098258
v -0.083736 0.038622 0.077390
v -0.060030 0.034933 0.098258
v -0.066692 0.051806 0.085208
v -0.076822 0.022250 0.090475
v -0.068218 0.006048 0.100594
v -0.052360 0.017414 0.107978
v -0.076822 0.022250 0.090475
v -0.052360 0.017414 0.107978
v -0.060030 0.034933 0.098258
v -0.068218 0.006048 0.100594
v -0.058827 -0.008583 0.107130
v -0.044683 0.000139 0.113693
v -0.068218 0.006048 0.100594
v -0.044683 0.000139 0.113693
v -0.052360 0.017414 0.107978
v -0.058827 -0.008583 0.107130
v -0.051167 -0.018871 0.110028
v -0.039123 -0.016798 0.114884
v -0.058827 -0.008583 0.107130
v -0.039123 -0.016798 0.114884
v -0.044683 0.000139 0.113693
v -0.044683 0.000139 0.113693
v -0.039123 -0.016798 0.114884
v -0.021325 -0.013502 0.119048
v -0.044683 0.000139 0.113693
v -0.021325 -0.013502 0.119048
v -0.026578 0.006666 0.118124
v -0.026578 0.006666 0.118124
v -0.021325 -0.013502 0.119048
v -0.000817 -0.009438 0.120386
v -0.026578 0.006666 0.118124
v -0.000817 -0.009438 0.120386
v -0.005952 0.012387 0.119540
v -0.005952 0.012387 0.119540
v -0.000817 -0.009438 0.120386
v 0.020703 -0.004919 0.118490
v -0.005952 0.012387 0.119540
v 0.020703 -0.004919 0.118490
v 0.015734 0.017442 0.117645
v -0.012072 0.033655 0.113968
v -0.005952 0.012387 0.119540
v 0.015734 0.017442 0.117645
v -0.012072 0.033655 0.113968
v 0.015734 0.017442 0.117645
v 0.010089 0.039259 0.112014
v -0.018604 0.053715 0.104181
v -0.012072 0.033655 0.113968
v 0.010089 0.039259 0.112014
v -0.018604 0.053715 0.104181
v 0.010089 0.039259 0.112014
v 0.004020 0.059771 0.102124
v -0.025016 0.071876 0.090698
v -0.018604 0.053715 0.104181
v 0.004020 0.059771 0.102124
v -0.025016 0.071876 0.090698
v 0.004020 0.059771 0.102124
v -0.002221 0.078212 0.088501
v -0.046813 0.062982 0.089622
v -0.040291 0.045420 0.102863
v -0.018604 0.053715 0.104181
v -0.046813 0.062982 0.089622
v -0.018604 0.053715 0.104181
v -0.025016 0.071876 0.090698
v -0.066692 0.051806 0.085208
v -0.060030 0.034933 0.098258
v -0.040291 0.045420 0.102863
v -0.066692 0.051806 0.085208
v -0.040291 0.045420 0.102863
v -0.046813 0.062982 0.089622
v 0.002272 0.117212 0.027109
v 0.008016 0.109215 0.047697
v 0.029428 0.109235 0.040946
v 0.002272 0.117212 0.027109
v 0.029428 0.109235 0.040946
v 0.023067 0.117026 0.021841
v 0.008016 0.109215 0.047697
v 0.014319 0.097195 0.066583
v 0.036234 0.097450 0.058802
v 0.008016 0.109215 0.047697
v 0.036234 0.097450 0.058802
v 0.029428 0.109235 0.040946
v 0.023067 0.117026 0.021841
v 0.029428 0.109235 0.040946
v 0.048848 0.106277 0.031987
v 0.023067 0.117026 0.021841
v 0.048848 0.106277 0.031987
v 0.041446 0.113885 0.015333
v 0.029428 0.109235 0.040946
v 0.036234 0.097450 0.058802
v 0.056351 0.094666 0.048390
v 0.029428 0.109235 0.040946
v 0.056351 0.094666 0.048390
v 0.048848 0.106277 0.031987
v -0.023903 0.117640 0.009061
v -0.019470 0.114169 0.031280
v 0.002272 0.117212 0.027109
v -0.023903 0.117640 0.009061
v 0.002272 0.117212 0.027109
v -0.002340 0.120614 0.005416
v -0.019470 0.114169 0.031280
v -0.014214 0.106034 0.052394
v 0.008016 0.109215 0.047697
v -0.019470 0.114169 0.031280
v 0.008016 0.109215 0.047697
v 0.002272 0.117212 0.027109
v -0.014214 0.106034 0.052394
v -0.008381 0.093845 0.071701
v 0.014319 0.097195 0.066583
v -0.014214 0.106034 0.052394
v 0.014319 0.097195 0.066583
v 0.008016 0.109215 0.047697
v -0.008381 0.093845 0.071701
v -0.002221 0.078212 0.088501
v 0.020655 0.081739 0.083127
v -0.008381 0.093845 0.071701
v 0.020655 0.081739 0.083127
v 0.014319 0.097195 0.066583
v 0.014319 0.097195 0.066583
v 0.020655 0.081739 0.083127
v 0.042688 0.082311 0.074786
v 0.014319 0.097195 0.066583
v 0.042688 0.082311 0.074786
v 0.036234 0.097450 0.058802
v 0.036234 0.097450 0.058802
v 0.042688 0.082311 0.074786
v 0.062956 0.079804 0.063717
v 0.036234 0.097450 0.058802
v 0.062956 0.079804 0.063717
v 0.056351 0.094666 0.048390
v 0.056351 0.094666 0.048390
v 0.062956 0.079804 0.063717
v 0.080536 0.074098 0.050160
v 0.056351 0.094666 0.048390
v 0.080536 0.074098 0.050160
v 0.073666 0.088926 0.035327
v 0.048848 0.106277 0.031987
v 0.056351 0.094666 0.048390
v 0.073666 0.088926 0.035327
v 0.048848 0.106277 0.031987
v 0.073666 0.088926 0.035327
v 0.065186 0.100748 0.020252
v 0.041446 0.113885 0.015333
v 0.048848 0.106277 0.031987
v 0.065186 0.100748 0.020252
v 0.041446 0.113885 0.015333
v 0.065186 0.100748 0.020252
v 0.055982 0.108801 0.006274
v 0.036278 0.117016 -0.001480
v 0.041446 0.113885 0.015333
v 0.055982 0.108801 0.006274
v 0.036278 0.117016 -0.001480
v 0.055982 0.108801 0.006274
v 0.048502 0.112755 -0.003793
v 0.018293 0.120298 0.001798
v 0.023067 0.117026 0.021841
v 0.041446 0.113885 0.015333
v 0.018293 0.120298 0.001798
v 0.041446 0.113885 0.015333
v 0.036278 0.117016 -0.001480
v -0.002340 0.120614 0.005416
v 0.002272 0.117212 0.027109
v 0.023067 0.117026 0.021841
v -0.002340 0.120614 0.005416
v 0.023067 0.117026 0.021841
v 0.018293 0.120298 0.001798
v 0.026592 0.063476 0.096690
v 0.032048 0.043183 0.106655
v 0.052802 0.045012 0.098289
v 0.026592 0.063476 0.096690
v 0.052802 0.045012 0.098289
v 0.048215 0.064533 0.088193
v 0.032048 0.043183 0.106655
v 0.037044 0.021672 0.112413
v 0.056688 0.024648 0.104322
v 0.032048 0.043183 0.106655
v 0.056688 0.024648 0.104322
v 0.052802 0.045012 0.098289
v 0.048215 0.064533 0.088193
v 0.052802 0.045012 0.098289
v 0.071458 0.044154 0.087454
v 0.048215 0.064533 0.088193
v 0.071458 0.044154 0.087454
v 0.068026 0.062587 0.077032
v 0.052802 0.045012 0.098289
v 0.056688 0.024648 0.104322
v 0.073551 0.025673 0.094095
v 0.052802 0.045012 0.098289
v 0.073551 0.025673 0.094095
v 0.071458 0.044154 0.087454
v -0.002221 0.078212 0.088501
v 0.004020 0.059771 0.102124
v 0.026592 0.063476 0.096690
v -0.002221 0.078212 0.088501
v 0.026592 0.063476 0.096690
v 0.020655 0.081739 0.083127
v 0.004020 0.059771 0.102124
v 0.010089 0.039259 0.112014
v 0.032048 0.043183 0.106655
v 0.004020 0.059771 0.102124
v 0.032048 0.043183 0.106655
v 0.026592 0.063476 0.096690
v 0.010089 0.039259 0.112014
v 0.015734 0.017442 0.117645
v 0.037044 0.021672 0.112413
v 0.010089 0.039259 0.112014
v 0.037044 0.021672 0.112413
v 0.032048 0.043183 0.106655
v 0.015734 0.017442 0.117645
v 0.020703 -0.004919 0.118490
v 0.041655 -0.000266 0.113346
v 0.015734 0.017442 0.117645
v 0.041655 -0.000266 0.113346
v 0.037044 0.021672 0.112413
v 0.037044 0.021672 0.112413
v 0.041655 -0.000266 0.113346
v 0.060555 0.004181 0.105476
v 0.037044 0.021672 0.112413
v 0.060555 0.004181 0.105476
v 0.056688 0.024648 0.104322
v 0.056688 0.024648 0.104322
v 0.060555 0.004181 0.105476
v 0.075937 0.008050 0.095812
v 0.056688 0.024648 0.104322
v 0.075937 0.008050 0.095812
v 0.073551 0.025673 0.094095
v 0.073551 0.025673 0.094095
v 0.075937 0.008050 0.095812
v 0.085654 0.010676 0.087349
v 0.073551 0.025673 0.094095
v 0.085654 0.010676 0.087349
v 0.087225 0.022958 0.082920
v 0.071458 0.044154 0.087454
v 0.073551 0.025673 0.094095
v 0.087225 0.022958 0.082920
v 0.071458 0.044154 0.087454
v 0.087225 0.022958 0.082920
v 0.087420 0.039659 0.074796
v 0.068026 0.062587 0.077032
v 0.071458 0.044154 0.087454
v 0.087420 0.039659 0.074796
v 0.068026 0.062587 0.077032
v 0.087420 0.039659 0.074796
v 0.085199 0.057239 0.063619
v 0.062956 0.079804 0.063717
v 0.068026 0.062587 0.077032
v 0.085199 0.057239 0.063619
v 0.062956 0.079804 0.063717
v 0.085199 0.057239 0.063619
v 0.080536 0.074098 0.050160
v 0.042688 0.082311 0.074786
v 0.048215 0.064533 0.088193
v 0.068026 0.062587 0.077032
v 0.042688 0.082311 0.074786
v 0.068026 0.062587 0.077032
v 0.062956 0.079804 0.063717
v 0.020655 0.081739 0.083127
v 0.026592 0.063476 0.096690
v 0.048215 0.064533 0.088193
v 0.020655 0.081739 0.083127
v 0.048215 0.064533 0.088193
v 0.042688 0.082311 0.074786
v -0.155620 0.021469 -0.022878
v -0.144167 -0.012263 -0.065325
v -0.137789 -0.023587 -0.054056
v -0.155620 0.021469 -0.022878
v -0.137789 -0.023587 -0.054056
v -0.149068 0.009632 -0.012253
v -0.149068 0.009632 -0.012253
v -0.137789 -0.023587 -0.054056
v -0.126244 -0.030092 -0.043538
v -0.149068 0.009632 -0.012253
v -0.126244 -0.030092 -0.043538
v -0.136815 0.001044 -0.004356
v -0.136815 0.001044 -0.004356
v -0.126244 -0.030092 -0.043538
v -0.111288 -0.030787 -0.035372
v -0.136815 0.001044 -0.004356
v -0.111288 -0.030787 -0.035372
v -0.120727 -0.002987 -0.000389
v -0.120727 -0.002987 -0.000389
v -0.111288 -0.030787 -0.035372
v -0.095200 -0.025567 -0.030802
v -0.120727 -0.002987 -0.000389
v -0.095200 -0.025567 -0.030802
v -0.103252 -0.001850 -0.000956
v -0.220636 0.266334 -0.301282
v -0.230168 0.294408 -0.265953
v -0.230008 0.308887 -0.278745
v -0.220636 0.266334 -0.301282
v -0.230008 0.308887 -0.278745
v -0.220897 0.282051 -0.312514
v -0.220897 0.282051 -0.312514
v -0.230008 0.308887 -0.278745
v -0.222572 0.322738 -0.290799
v -0.220897 0.282051 -0.312514
v -0.222572 0.322738 -0.290799
v -0.214427 0.298751 -0.320985
v -0.214427 0.298751 -0.320985
v -0.222572 0.322738 -0.290799
v -0.208990 0.333853 -0.300281
v -0.214427 0.298751 -0.320985
v -0.208990 0.333853 -0.300281
v -0.202211 0.313888 -0.325405
v -0.202211 0.313888 -0.325405
v -0.208990 0.333853 -0.300281
v -0.188080 0.340356 -0.305504
v -0.202211 0.313888 -0.325405
v -0.188080 0.340356 -0.305504
v -0.183105 0.325704 -0.323942
v -0.144167 -0.012263 -0.065325
v -0.113595 -0.036353 -0.104769
v -0.107682 -0.047312 -0.092901
v -0.144167 -0.012263 -0.065325
v -0.107682 -0.047312 -0.092901
v -0.137789 -0.023587 -0.054056
v -0.137789 -0.023587 -0.054056
v -0.107682 -0.047312 -0.092901
v -0.098024 -0.052329 -0.079947
v -0.137789 -0.023587 -0.054056
v -0.098024 -0.052329 -0.079947
v -0.126244 -0.030092 -0.043538
v -0.126244 -0.030092 -0.043538
v -0.098024 -0.052329 -0.079947
v -0.086093 -0.050641 -0.067880
v -0.126244 -0.030092 -0.043538
v -0.086093 -0.050641 -0.067880
v -0.111288 -0.030787 -0.035372
v -0.111288 -0.030787 -0.035372
v -0.086093 -0.050641 -0.067880
v -0.073704 -0.042505 -0.058536
v -0.111288 -0.030787 -0.035372
v -0.073704 -0.042505 -0.058536
v -0.095200 -0.025567 -0.030802
v -0.195192 0.246283 -0.334110
v -0.220636 0.266334 -0.301282
v -0.220897 0.282051 -0.312514
v -0.195192 0.246283 -0.334110
v -0.220897 0.282051 -0.312514
v -0.196576 0.262886 -0.343893
v -0.196576 0.262886 -0.343893
v -0.220897 0.282051 -0.312514
v -0.214427 0.298751 -0.320985
v -0.196576 0.262886 -0.343893
v -0.214427 0.298751 -0.320985
v -0.192687 0.281619 -0.349034
v -0.192687 0.281619 -0.349034
v -0.214427 0.298751 -0.320985
v -0.202211 0.313888 -0.325405
v -0.192687 0.281619 -0.349034
v -0.202211 0.313888 -0.325405
v -0.184117 0.299630 -0.348750
v -0.184117 0.299630 -0.348750
v -0.202211 0.313888 -0.325405
v -0.183105 0.325704 -0.323942
v -0.184117 0.299630 -0.348750
v -0.183105 0.325704 -0.323942
v -0.169825 0.315239 -0.341076
v -0.113595 -0.036353 -0.104769
v -0.068559 -0.047136 -0.135203
v -0.063329 -0.057931 -0.122873
v -0.113595 -0.036353 -0.104769
v -0.063329 -0.057931 -0.122873
v -0.107682 -0.047312 -0.092901
v -0.107682 -0.047312 -0.092901
v -0.063329 -0.057931 -0.122873
v -0.056452 -0.062282 -0.108040
v -0.107682 -0.047312 -0.092901
v -0.056452 -0.062282 -0.108040
v -0.098024 -0.052329 -0.079947
v -0.098024 -0.052329 -0.079947
v -0.056452 -0.062282 -0.108040
v -0.048976 -0.059528 -0.092962
v -0.098024 -0.052329 -0.079947
v -0.048976 -0.059528 -0.092962
v -0.086093 -0.050641 -0.067880
v -0.086093 -0.050641 -0.067880
v -0.048976 -0.059528 -0.092962
v -0.042038 -0.050087 -0.079935
v -0.086093 -0.050641 -0.067880
v -0.042038 -0.050087 -0.079935
v -0.073704 -0.042505 -0.058536
v -0.157709 0.237309 -0.359440
v -0.195192 0.246283 -0.334110
v -0.196576 0.262886 -0.343893
v -0.157709 0.237309 -0.359440
v -0.196576 0.262886 -0.343893
v -0.160747 0.254308 -0.368105
v -0.160747 0.254308 -0.368105
v -0.196576 0.262886 -0.343893
v -0.192687 0.281619 -0.349034
v -0.160747 0.254308 -0.368105
v -0.192687 0.281619 -0.349034
v -0.160660 0.273951 -0.370677
v -0.160660 0.273951 -0.370677
v -0.192687 0.281619 -0.349034
v -0.184117 0.299630 -0.348750
v -0.160660 0.273951 -0.370677
v -0.184117 0.299630 -0.348750
v -0.157461 0.293248 -0.366763
v -0.157461 0.293248 -0.366763
v -0.184117 0.299630 -0.348750
v -0.169825 0.315239 -0.341076
v -0.157461 0.293248 -0.366763
v -0.169825 0.315239 -0.341076
v -0.150262 0.310555 -0.354297
v -0.068559 -0.047136 -0.135203
v -0.015915 -0.042968 -0.151995
v -0.011484 -0.053827 -0.139410
v -0.068559 -0.047136 -0.135203
v -0.011484 -0.053827 -0.139410
v -0.063329 -0.057931 -0.122873
v -0.063329 -0.057931 -0.122873
v -0.011484 -0.053827 -0.139410
v -0.007858 -0.058435 -0.123540
v -0.063329 -0.057931 -0.122873
v -0.007858 -0.058435 -0.123540
v -0.056452 -0.062282 -0.108040
v -0.056452 -0.062282 -0.108040
v -0.007858 -0.058435 -0.123540
v -0.005589 -0.056093 -0.106801
v -0.056452 -0.062282 -0.108040
v -0.005589 -0.056093 -0.106801
v -0.048976 -0.059528 -0.092962
v -0.048976 -0.059528 -0.092962
v -0.005589 -0.056093 -0.106801
v -0.005023 -0.047157 -0.091741
v -0.048976 -0.059528 -0.092962
v -0.005023 -0.047157 -0.091741
v -0.042038 -0.050087 -0.079935
v -0.113894 0.240778 -0.373415
v -0.157709 0.237309 -0.359440
v -0.160747 0.254308 -0.368105
v -0.113894 0.240778 -0.373415
v -0.160747 0.254308 -0.368105
v -0.118866 0.257623 -0.381464
v -0.118866 0.257623 -0.381464
v -0.160747 0.254308 -0.368105
v -0.160660 0.273951 -0.370677
v -0.118866 0.257623 -0.381464
v -0.160660 0.273951 -0.370677
v -0.123223 0.276915 -0.382618
v -0.123223 0.276915 -0.382618
v -0.160660 0.273951 -0.370677
v -0.157461 0.293248 -0.366763
v -0.123223 0.276915 -0.382618
v -0.157461 0.293248 -0.366763
v -0.126303 0.295715 -0.376702
v -0.126303 0.295715 -0.376702
v -0.157461 0.293248 -0.366763
v -0.150262 0.310555 -0.354297
v -0.126303 0.295715 -0.376702
v -0.150262 0.310555 -0.354297
v -0.127394 0.312365 -0.361591
v -0.015915 -0.042968 -0.151995
v 0.036323 -0.024486 -0.152588
v 0.039961 -0.035624 -0.139994
v -0.015915 -0.042968 -0.151995
v 0.039961 -0.035624 -0.139994
v -0.011484 -0.053827 -0.139410
v -0.011484 -0.053827 -0.139410
v 0.039961 -0.035624 -0.139994
v 0.040361 -0.041375 -0.124088
v -0.011484 -0.053827 -0.139410
v 0.040361 -0.041375 -0.124088
v -0.007858 -0.058435 -0.123540
v -0.007858 -0.058435 -0.123540
v 0.040361 -0.041375 -0.124088
v 0.037463 -0.040861 -0.107290
v -0.007858 -0.058435 -0.123540
v 0.037463 -0.040861 -0.107290
v -0.005589 -0.056093 -0.106801
v -0.005589 -0.056093 -0.106801
v 0.037463 -0.040861 -0.107290
v 0.031707 -0.034161 -0.092158
v -0.005589 -0.056093 -0.106801
v 0.031707 -0.034161 -0.092158
v -0.005023 -0.047157 -0.091741
v -0.070417 0.256160 -0.373909
v -0.113894 0.240778 -0.373415
v -0.118866 0.257623 -0.381464
v -0.070417 0.256160 -0.373909
v -0.118866 0.257623 -0.381464
v -0.077308 0.272327 -0.381936
v -0.077308 0.272327 -0.381936
v -0.118866 0.257623 -0.381464
v -0.123223 0.276915 -0.382618
v -0.077308 0.272327 -0.381936
v -0.123223 0.276915 -0.382618
v -0.086075 0.290058 -0.383040
v -0.086075 0.290058 -0.383040
v -0.123223 0.276915 -0.382618
v -0.126303 0.295715 -0.376702
v -0.086075 0.290058 -0.383040
v -0.126303 0.295715 -0.376702
v -0.095385 0.306654 -0.377053
v -0.095385 0.306654 -0.377053
v -0.126303 0.295715 -0.376702
v -0.127394 0.312365 -0.361591
v -0.095385 0.306654 -0.377053
v -0.127394 0.312365 -0.361591
v -0.104702 0.320394 -0.361849
v 0.036323 -0.024486 -0.152588
v 0.080202 0.005499 -0.136892
v 0.083174 -0.006095 -0.124536
v 0.036323 -0.024486 -0.152588
v 0.083174 -0.006095 -0.124536
v 0.039961 -0.035624 -0.139994
v 0.039961 -0.035624 -0.139994
v 0.083174 -0.006095 -0.124536
v 0.080864 -0.013697 -0.109599
v 0.039961 -0.035624 -0.139994
v 0.080864 -0.013697 -0.109599
v 0.040361 -0.041375 -0.124088
v 0.040361 -0.041375 -0.124088
v 0.080864 -0.013697 -0.109599
v 0.073625 -0.016149 -0.094354
v 0.040361 -0.041375 -0.124088
v 0.073625 -0.016149 -0.094354
v 0.037463 -0.040861 -0.107290
v 0.037463 -0.040861 -0.107290
v 0.073625 -0.016149 -0.094354
v 0.062559 -0.013079 -0.081122
v 0.037463 -0.040861 -0.107290
v 0.062559 -0.013079 -0.081122
v 0.031707 -0.034161 -0.092158
v -0.033897 0.281116 -0.360846
v -0.070417 0.256160 -0.373909
v -0.077308 0.272327 -0.381936
v -0.033897 0.281116 -0.360846
v -0.077308 0.272327 -0.381936
v -0.042400 0.296181 -0.369449
v -0.042400 0.296181 -0.369449
v -0.077308 0.272327 -0.381936
v -0.086075 0.290058 -0.383040
v -0.042400 0.296181 -0.369449
v -0.086075 0.290058 -0.383040
v -0.054872 0.311381 -0.371878
v -0.054872 0.311381 -0.371878
v -0.086075 0.290058 -0.383040
v -0.095385 0.306654 -0.377053
v -0.054872 0.311381 -0.371878
v -0.095385 0.306654 -0.377053
v -0.069414 0.324401 -0.367763
v -0.069414 0.324401 -0.367763
v -0.095385 0.306654 -0.377053
v -0.104702 0.320394 -0.361849
v -0.069414 0.324401 -0.367763
v -0.104702 0.320394 -0.361849
v -0.085641 0.333419 -0.355030
v 0.080202 0.005499 -0.136892
v 0.109041 0.042420 -0.107296
v 0.111575 0.030265 -0.095390
v 0.080202 0.005499 -0.136892
v 0.111575 0.030265 -0.095390
v 0.083174 -0.006095 -0.124536
v 0.083174 -0.006095 -0.124536
v 0.111575 0.030265 -0.095390
v 0.107485 0.020383 -0.082280
v 0.083174 -0.006095 -0.124536
v 0.107485 0.020383 -0.082280
v 0.080864 -0.013697 -0.109599
v 0.080864 -0.013697 -0.109599
v 0.107485 0.020383 -0.082280
v 0.097393 0.014279 -0.069963
v 0.080864 -0.013697 -0.109599
v 0.097393 0.014279 -0.069963
v 0.073625 -0.016149 -0.094354
v 0.073625 -0.016149 -0.094354
v 0.097393 0.014279 -0.069963
v 0.082836 0.012881 -0.060313
v 0.073625 -0.016149 -0.094354
v 0.082836 0.012881 -0.060313
v 0.062559 -0.013079 -0.081122
v -0.009895 0.311845 -0.336214
v -0.033897 0.281116 -0.360846
v -0.042400 0.296181 -0.369449
v -0.009895 0.311845 -0.336214
v -0.042400 0.296181 -0.369449
v -0.019457 0.325554 -0.345904
v -0.019457 0.325554 -0.345904
v -0.042400 0.296181 -0.369449
v -0.054872 0.311381 -0.371878
v -0.019457 0.325554 -0.345904
v -0.054872 0.311381 -0.371878
v -0.034363 0.337637 -0.350832
v -0.034363 0.337637 -0.350832
v -0.054872 0.311381 -0.371878
v -0.069414 0.324401 -0.367763
v -0.034363 0.337637 -0.350832
v -0.069414 0.324401 -0.367763
v -0.052345 0.346253 -0.350246
v -0.052345 0.346253 -0.350246
v -0.069414 0.324401 -0.367763
v -0.085641 0.333419 -0.355030
v -0.052345 0.346253 -0.350246
v -0.085641 0.333419 -0.355030
v -0.073114 0.349457 -0.342174
v 0.109041 0.042420 -0.107296
v 0.118451 0.080656 -0.068307
v 0.120842 0.067921 -0.056993
v 0.109041 0.042420 -0.107296
v 0.120842 0.067921 -0.056993
v 0.111575 0.030265 -0.095390
v 0.111575 0.030265 -0.095390
v 0.120842 0.067921 -0.056993
v 0.116171 0.055679 -0.046291
v 0.111575 0.030265 -0.095390
v 0.116171 0.055679 -0.046291
v 0.107485 0.020383 -0.082280
v 0.107485 0.020383 -0.082280
v 0.116171 0.055679 -0.046291
v 0.105148 0.045792 -0.037830
v 0.107485 0.020383 -0.082280
v 0.105148 0.045792 -0.037830
v 0.097393 0.014279 -0.069963
v 0.097393 0.014279 -0.069963
v 0.105148 0.045792 -0.037830
v 0.089452 0.039766 -0.032899
v 0.097393 0.014279 -0.069963
v 0.089452 0.039766 -0.032899
v 0.082836 0.012881 -0.060313
v -0.002063 0.343669 -0.303764
v -0.009895 0.311845 -0.336214
v -0.019457 0.325554 -0.345904
v -0.002063 0.343669 -0.303764
v -0.019457 0.325554 -0.345904
v -0.011971 0.355973 -0.314886
v -0.011971 0.355973 -0.314886
v -0.019457 0.325554 -0.345904
v -0.034363 0.337637 -0.350832
v -0.011971 0.355973 -0.314886
v -0.034363 0.337637 -0.350832
v -0.027672 0.364828 -0.323105
v -0.027672 0.364828 -0.323105
v -0.034363 0.337637 -0.350832
v -0.052345 0.346253 -0.350246
v -0.027672 0.364828 -0.323105
v -0.052345 0.346253 -0.350246
v -0.046776 0.368884 -0.327169
v -0.046776 0.368884 -0.327169
v -0.052345 0.346253 -0.350246
v -0.073114 0.349457 -0.342174
v -0.046776 0.368884 -0.327169
v -0.073114 0.349457 -0.342174
v -0.069026 0.366067 -0.325238
v 0.118451 0.080656 -0.068307
v 0.106998 0.114388 -0.025859
v 0.109563 0.101141 -0.015190
v 0.118451 0.080656 -0.068307
v 0.109563 0.101141 -0.015190
v 0.120842 0.067921 -0.056993
v 0.120842 0.067921 -0.056993
v 0.109563 0.101141 -0.015190
v 0.105599 0.086815 -0.007109
v 0.120842 0.067921 -0.056993
v 0.105599 0.086815 -0.007109
v 0.116171 0.055679 -0.046291
v 0.116171 0.055679 -0.046291
v 0.105599 0.086815 -0.007109
v 0.095709 0.073592 -0.002847
v 0.116171 0.055679 -0.046291
v 0.095709 0.073592 -0.002847
v 0.105148 0.045792 -0.037830
v 0.105148 0.045792 -0.037830
v 0.095709 0.073592 -0.002847
v 0.081400 0.063484 -0.003053
v 0.105148 0.045792 -0.037830
v 0.081400 0.063484 -0.003053
v 0.089452 0.039766 -0.032899
v -0.011595 0.371743 -0.268435
v -0.002063 0.343669 -0.303764
v -0.011971 0.355973 -0.314886
v -0.011595 0.371743 -0.268435
v -0.011971 0.355973 -0.314886
v -0.021083 0.382808 -0.281117
v -0.021083 0.382808 -0.281117
v -0.011971 0.355973 -0.314886
v -0.027672 0.364828 -0.323105
v -0.021083 0.382808 -0.281117
v -0.027672 0.364828 -0.323105
v -0.035817 0.388815 -0.292920
v -0.035817 0.388815 -0.292920
v -0.027672 0.364828 -0.323105
v -0.046776 0.368884 -0.327169
v -0.035817 0.388815 -0.292920
v -0.046776 0.368884 -0.327169
v -0.053554 0.388849 -0.302046
v -0.053554 0.388849 -0.302046
v -0.046776 0.368884 -0.327169
v -0.069026 0.366067 -0.325238
v -0.053554 0.388849 -0.302046
v -0.069026 0.366067 -0.325238
v -0.074002 0.380719 -0.306799
v 0.106998 0.114388 -0.025859
v 0.076426 0.138478 0.013584
v 0.079455 0.124866 0.023655
v 0.106998 0.114388 -0.025859
v 0.079455 0.124866 0.023655
v 0.109563 0.101141 -0.015190
v 0.109563 0.101141 -0.015190
v 0.079455 0.124866 0.023655
v 0.077379 0.109052 0.029300
v 0.109563 0.101141 -0.015190
v 0.077379 0.109052 0.029300
v 0.105599 0.086815 -0.007109
v 0.105599 0.086815 -0.007109
v 0.077379 0.109052 0.029300
v 0.070514 0.093446 0.029660
v 0.105599 0.086815 -0.007109
v 0.070514 0.093446 0.029660
v 0.095709 0.073592 -0.002847
v 0.095709 0.073592 -0.002847
v 0.070514 0.093446 0.029660
v 0.059904 0.080422 0.024680
v 0.095709 0.073592 -0.002847
v 0.059904 0.080422 0.024680
v 0.081400 0.063484 -0.003053
v -0.037040 0.391793 -0.235607
v -0.011595 0.371743 -0.268435
v -0.021083 0.382808 -0.281117
v -0.037040 0.391793 -0.235607
v -0.021083 0.382808 -0.281117
v -0.045404 0.401974 -0.249738
v -0.045404 0.401974 -0.249738
v -0.021083 0.382808 -0.281117
v -0.035817 0.388815 -0.292920
v -0.045404 0.401974 -0.249738
v -0.035817 0.388815 -0.292920
v -0.057557 0.405947 -0.264870
v -0.057557 0.405947 -0.264870
v -0.035817 0.388815 -0.292920
v -0.053554 0.388849 -0.302046
v -0.057557 0.405947 -0.264870
v -0.053554 0.388849 -0.302046
v -0.071649 0.403107 -0.278701
v -0.071649 0.403107 -0.278701
v -0.053554 0.388849 -0.302046
v -0.074002 0.380719 -0.306799
v -0.071649 0.403107 -0.278701
v -0.074002 0.380719 -0.306799
v -0.087282 0.391184 -0.289665
v 0.076426 0.138478 0.013584
v 0.031390 0.149261 0.044018
v 0.035103 0.135484 0.053627
v 0.076426 0.138478 0.013584
v 0.035103 0.135484 0.053627
v 0.079455 0.124866 0.023655
v 0.079455 0.124866 0.023655
v 0.035103 0.135484 0.053627
v 0.035808 0.119005 0.057393
v 0.079455 0.124866 0.023655
v 0.035808 0.119005 0.057393
v 0.077379 0.109052 0.029300
v 0.077379 0.109052 0.029300
v 0.035808 0.119005 0.057393
v 0.033397 0.102332 0.054743
v 0.077379 0.109052 0.029300
v 0.033397 0.102332 0.054743
v 0.070514 0.093446 0.029660
v 0.070514 0.093446 0.029660
v 0.033397 0.102332 0.054743
v 0.028238 0.088004 0.046079
v 0.070514 0.093446 0.029660
v 0.028238 0.088004 0.046079
v 0.059904 0.080422 0.024680
v -0.074523 0.400767 -0.210277
v -0.037040 0.391793 -0.235607
v -0.045404 0.401974 -0.249738
v -0.074523 0.400767 -0.210277
v -0.045404 0.401974 -0.249738
v -0.081232 0.410552 -0.225526
v -0.081232 0.410552 -0.225526
v -0.045404 0.401974 -0.249738
v -0.057557 0.405947 -0.264870
v -0.081232 0.410552 -0.225526
v -0.057557 0.405947 -0.264870
v -0.089583 0.413614 -0.243228
v -0.089583 0.413614 -0.243228
v -0.057557 0.405947 -0.264870
v -0.071649 0.403107 -0.278701
v -0.089583 0.413614 -0.243228
v -0.071649 0.403107 -0.278701
v -0.098304 0.409489 -0.260688
v -0.098304 0.409489 -0.260688
v -0.071649 0.403107 -0.278701
v -0.087282 0.391184 -0.289665
v -0.098304 0.409489 -0.260688
v -0.087282 0.391184 -0.289665
v -0.106845 0.395868 -0.276445
v 0.031390 0.149261 0.044018
v -0.021254 0.145094 0.060810
v -0.016742 0.131380 0.070164
v 0.031390 0.149261 0.044018
v -0.016742 0.131380 0.070164
v 0.035103 0.135484 0.053627
v 0.035103 0.135484 0.053627
v -0.016742 0.131380 0.070164
v -0.012787 0.115158 0.072893
v 0.035103 0.135484 0.053627
v -0.012787 0.115158 0.072893
v 0.035808 0.119005 0.057393
v 0.035808 0.119005 0.057393
v -0.012787 0.115158 0.072893
v -0.009990 0.098898 0.068582
v 0.035808 0.119005 0.057393
v -0.009990 0.098898 0.068582
v 0.033397 0.102332 0.054743
v 0.033397 0.102332 0.054743
v -0.009990 0.098898 0.068582
v -0.008777 0.085073 0.057886
v 0.033397 0.102332 0.054743
v -0.008777 0.085073 0.057886
v 0.028238 0.088004 0.046079
v -0.118338 0.397299 -0.196301
v -0.074523 0.400767 -0.210277
v -0.081232 0.410552 -0.225526
v -0.118338 0.397299 -0.196301
v -0.081232 0.410552 -0.225526
v -0.123114 0.407236 -0.212167
v -0.123114 0.407236 -0.212167
v -0.081232 0.410552 -0.225526
v -0.089583 0.413614 -0.243228
v -0.123114 0.407236 -0.212167
v -0.089583 0.413614 -0.243228
v -0.127020 0.410651 -0.231286
v -0.127020 0.410651 -0.231286
v -0.089583 0.413614 -0.243228
v -0.098304 0.409489 -0.260688
v -0.127020 0.410651 -0.231286
v -0.098304 0.409489 -0.260688
v -0.129463 0.407023 -0.250749
v -0.129463 0.407023 -0.250749
v -0.098304 0.409489 -0.260688
v -0.106845 0.395868 -0.276445
v -0.129463 0.407023 -0.250749
v -0.106845 0.395868 -0.276445
v -0.129713 0.394058 -0.269150
v -0.021254 0.145094 0.060810
v -0.073492 0.126611 0.061403
v -0.068187 0.113178 0.070748
v -0.021254 0.145094 0.060810
v -0.068187 0.113178 0.070748
v -0.016742 0.131380 0.070164
v -0.016742 0.131380 0.070164
v -0.068187 0.113178 0.070748
v -0.061006 0.098098 0.073441
v -0.016742 0.131380 0.070164
v -0.061006 0.098098 0.073441
v -0.012787 0.115158 0.072893
v -0.012787 0.115158 0.072893
v -0.061006 0.098098 0.073441
v -0.053042 0.083665 0.069071
v -0.012787 0.115158 0.072893
v -0.053042 0.083665 0.069071
v -0.009990 0.098898 0.068582
v -0.009990 0.098898 0.068582
v -0.053042 0.083665 0.069071
v -0.045507 0.072078 0.058303
v -0.009990 0.098898 0.068582
v -0.045507 0.072078 0.058303
v -0.008777 0.085073 0.057886
v -0.161815 0.381916 -0.195808
v -0.118338 0.397299 -0.196301
v -0.123114 0.407236 -0.212167
v -0.161815 0.381916 -0.195808
v -0.123114 0.407236 -0.212167
v -0.164672 0.392532 -0.211695
v -0.164672 0.392532 -0.211695
v -0.123114 0.407236 -0.212167
v -0.127020 0.410651 -0.231286
v -0.164672 0.392532 -0.211695
v -0.127020 0.410651 -0.231286
v -0.164168 0.397507 -0.230865
v -0.164168 0.397507 -0.230865
v -0.127020 0.410651 -0.231286
v -0.129463 0.407023 -0.250749
v -0.164168 0.397507 -0.230865
v -0.129463 0.407023 -0.250749
v -0.160381 0.396083 -0.250398
v -0.160381 0.396083 -0.250398
v -0.129463 0.407023 -0.250749
v -0.129713 0.394058 -0.269150
v -0.160381 0.396083 -0.250398
v -0.129713 0.394058 -0.269150
v -0.152405 0.386029 -0.268893
v -0.073492 0.126611 0.061403
v -0.117371 0.096626 0.045707
v -0.111400 0.083649 0.055291
v -0.073492 0.126611 0.061403
v -0.111400 0.083649 0.055291
v -0.068187 0.113178 0.070748
v -0.068187 0.113178 0.070748
v -0.111400 0.083649 0.055291
v -0.101509 0.070420 0.058952
v -0.068187 0.113178 0.070748
v -0.101509 0.070420 0.058952
v -0.061006 0.098098 0.073441
v -0.061006 0.098098 0.073441
v -0.101509 0.070420 0.058952
v -0.089204 0.058954 0.056135
v -0.061006 0.098098 0.073441
v -0.089204 0.058954 0.056135
v -0.053042 0.083665 0.069071
v -0.053042 0.083665 0.069071
v -0.089204 0.058954 0.056135
v -0.076359 0.050995 0.047267
v -0.053042 0.083665 0.069071
v -0.076359 0.050995 0.047267
v -0.045507 0.072078 0.058303
v -0.198334 0.356960 -0.208871
v -0.161815 0.381916 -0.195808
v -0.164672 0.392532 -0.211695
v -0.198334 0.356960 -0.208871
v -0.164672 0.392532 -0.211695
v -0.199579 0.368678 -0.224182
v -0.199579 0.368678 -0.224182
v -0.164672 0.392532 -0.211695
v -0.164168 0.397507 -0.230865
v -0.199579 0.368678 -0.224182
v -0.164168 0.397507 -0.230865
v -0.195372 0.376185 -0.242027
v -0.195372 0.376185 -0.242027
v -0.164168 0.397507 -0.230865
v -0.160381 0.396083 -0.250398
v -0.195372 0.376185 -0.242027
v -0.160381 0.396083 -0.250398
v -0.186351 0.378336 -0.259688
v -0.186351 0.378336 -0.259688
v -0.160381 0.396083 -0.250398
v -0.152405 0.386029 -0.268893
v -0.186351 0.378336 -0.259688
v -0.152405 0.386029 -0.268893
v -0.171465 0.373004 -0.275711
v -0.117371 0.096626 0.045707
v -0.146211 0.059706 0.016112
v -0.139802 0.047289 0.026145
v -0.117371 0.096626 0.045707
v -0.139802 0.047289 0.026145
v -0.111400 0.083649 0.055291
v -0.111400 0.083649 0.055291
v -0.139802 0.047289 0.026145
v -0.128130 0.036339 0.031634
v -0.111400 0.083649 0.055291
v -0.128130 0.036339 0.031634
v -0.101509 0.070420 0.058952
v -0.101509 0.070420 0.058952
v -0.128130 0.036339 0.031634
v -0.112972 0.028525 0.031744
v -0.101509 0.070420 0.058952
v -0.112972 0.028525 0.031744
v -0.089204 0.058954 0.056135
v -0.089204 0.058954 0.056135
v -0.112972 0.028525 0.031744
v -0.096636 0.025035 0.026458
v -0.089204 0.058954 0.056135
v -0.096636 0.025035 0.026458
v -0.076359 0.050995 0.047267
v -0.222337 0.326232 -0.233503
v -0.198334 0.356960 -0.208871
v -0.199579 0.368678 -0.224182
v -0.222337 0.326232 -0.233503
v -0.199579 0.368678 -0.224182
v -0.222523 0.339306 -0.247727
v -0.222523 0.339306 -0.247727
v -0.199579 0.368678 -0.224182
v -0.195372 0.376185 -0.242027
v -0.222523 0.339306 -0.247727
v -0.195372 0.376185 -0.242027
v -0.215880 0.349929 -0.263073
v -0.215880 0.349929 -0.263073
v -0.195372 0.376185 -0.242027
v -0.186351 0.378336 -0.259688
v -0.215880 0.349929 -0.263073
v -0.186351 0.378336 -0.259688
v -0.203420 0.356484 -0.277205
v -0.203420 0.356484 -0.277205
v -0.186351 0.378336 -0.259688
v -0.171465 0.373004 -0.275711
v -0.203420 0.356484 -0.277205
v -0.171465 0.373004 -0.275711
v -0.183993 0.356966 -0.288567
v -0.146211 0.059706 0.016112
v -0.155620 0.021469 -0.022878
v -0.149068 0.009632 -0.012253
v -0.146211 0.059706 0.016112
v -0.149068 0.009632 -0.012253
v -0.139802 0.047289 0.026145
v -0.139802 0.047289 0.026145
v -0.149068 0.009632 -0.012253
v -0.136815 0.001044 -0.004356
v -0.139802 0.047289 0.026145
v -0.136815 0.001044 -0.004356
v -0.128130 0.036339 0.031634
v -0.128130 0.036339 0.031634
v -0.136815 0.001044 -0.004356
v -0.120727 -0.002987 -0.000389
v -0.128130 0.036339 0.031634
v -0.120727 -0.002987 -0.000389
v -0.112972 0.028525 0.031744
v -0.112972 0.028525 0.031744
v -0.120727 -0.002987 -0.000389
v -0.103252 -0.001850 -0.000956
v -0.112972 0.028525 0.031744
v -0.103252 -0.001850 -0.000956
v -0.096636 0.025035 0.026458
v -0.230168 0.294408 -0.265953
v -0.222337 0.326232 -0.233503
v -0.222523 0.339306 -0.247727
v -0.230168 0.294408 -0.265953
v -0.222523 0.339306 -0.247727
v -0.230008 0.308887 -0.278745
v -0.230008 0.308887 -0.278745
v -0.222523 0.339306 -0.247727
v -0.215880 0.349929 -0.263073
v -0.230008 0.308887 -0.278745
v -0.215880 0.349929 -0.263073
v -0.222572 0.322738 -0.290799
v -0.222572 0.322738 -0.290799
v -0.215880 0.349929 -0.263073
v -0.203420 0.356484 -0.277205
v -0.222572 0.322738 -0.290799
v -0.203420 0.356484 -0.277205
v -0.208990 0.333853 -0.300281
v -0.208990 0.333853 -0.300281
v -0.203420 0.356484 -0.277205
v -0.183993 0.356966 -0.288567
v -0.208990 0.333853 -0.300281
v -0.183993 0.356966 -0.288567
v -0.188080 0.340356 -0.305504
v -0.103252 -0.001850 -0.000956
v -0.095200 -0.025567 -0.030802
v -0.073704 -0.042505 -0.058536
v -0.103252 -0.001850 -0.000956
v -0.073704 -0.042505 -0.058536
v -0.042038 -0.050087 -0.079935
v -0.103252 -0.001850 -0.000956
v -0.042038 -0.050087 -0.079935
v -0.005023 -0.047157 -0.091741
v -0.103252 -0.001850 -0.000956
v -0.005023 -0.047157 -0.091741
v 0.031707 -0.034161 -0.092158
v -0.103252 -0.001850 -0.000956
v 0.031707 -0.034161 -0.092158
v 0.062559 -0.013079 -0.081122
v -0.103252 -0.001850 -0.000956
v 0.062559 -0.013079 -0.081122
v 0.082836 0.012881 -0.060313
v -0.103252 -0.001850 -0.000956
v 0.082836 0.012881 -0.060313
v 0.089452 0.039766 -0.032899
v -0.103252 -0.001850 -0.000956
v 0.089452 0.039766 -0.032899
v 0.081400 0.063484 -0.003053
v -0.103252 -0.001850 -0.000956
v 0.081400 0.063484 -0.003053
v 0.059904 0.080422 0.024680
v -0.103252 -0.001850 -0.000956
v 0.059904 0.080422 0.024680
v 0.028238 0.088004 0.046079
v -0.103252 -0.001850 -0.000956
v 0.028238 0.088004 0.046079
v -0.008777 0.085073 0.057886
v -0.103252 -0.001850 -0.000956
v -0.008777 0.085073 0.057886
v -0.045507 0.072078 0.058303
v -0.103252 -0.001850 -0.000956
v -0.045507 0.072078 0.058303
v -0.076359 0.050995 0.047267
v -0.103252 -0.001850 -0.000956
v -0.076359 0.050995 0.047267
v -0.096636 0.025035 0.026458
v -0.155620 0.021469 -0.022878
v -0.230168 0.294408 -0.265953
v -0.220636 0.266334 -0.301282
v -0.155620 0.021469 -0.022878
v -0.220636 0.266334 -0.301282
v -0.144167 -0.012263 -0.065325
v -0.146211 0.059706 0.016112
v -0.222337 0.326232 -0.233503
v -0.230168 0.294408 -0.265953
v -0.146211 0.059706 0.016112
v -0.230168 0.294408 -0.265953
v -0.155620 0.021469 -0.022878
v -0.183105 0.325704 -0.323942
v -0.188080 0.340356 -0.305504
v -0.183993 0.356966 -0.288567
v -0.183105 0.325704 -0.323942
v -0.183993 0.356966 -0.288567
v -0.171465 0.373004 -0.275711
v -0.183105 0.325704 -0.323942
v -0.171465 0.373004 -0.275711
v -0.152405 0.386029 -0.268893
v -0.183105 0.325704 -0.323942
v -0.152405 0.386029 -0.268893
v -0.129713 0.394058 -0.269150
v -0.183105 0.325704 -0.323942
v -0.129713 0.394058 -0.269150
v -0.106845 0.395868 -0.276445
v -0.183105 0.325704 -0.323942
v -0.106845 0.395868 -0.276445
v -0.087282 0.391184 -0.289665
v -0.183105 0.325704 -0.323942
v -0.087282 0.391184 -0.289665
v -0.074002 0.380719 -0.306799
v -0.183105 0.325704 -0.323942
v -0.074002 0.380719 -0.306799
v -0.069026 0.366067 -0.325238
v -0.183105 0.325704 -0.323942
v -0.069026 0.366067 -0.325238
v -0.073114 0.349457 -0.342174
v -0.183105 0.325704 -0.323942
v -0.073114 0.349457 -0.342174
v -0.085641 0.333419 -0.355030
v -0.183105 0.325704 -0.323942
v -0.085641 0.333419 -0.355030
v -0.104702 0.320394 -0.361849
v -0.183105 0.325704 -0.323942
v -0.104702 0.320394 -0.361849
v -0.127394 0.312365 -0.361591
v -0.183105 0.325704 -0.323942
v -0.127394 0.312365 -0.361591
v -0.150262 0.310555 -0.354297
v -0.183105 0.325704 -0.323942
v -0.150262 0.310555 -0.354297
v -0.169825 0.315239 -0.341076
v -0.144167 -0.012263 -0.065325
v -0.220636 0.266334 -0.301282
v -0.195192 0.246283 -0.334110
v -0.144167 -0.012263 -0.065325
v -0.195192 0.246283 -0.334110
v -0.113595 -0.036353 -0.104769
v -0.113595 -0.036353 -0.104769
v -0.195192 0.246283 -0.334110
v -0.157709 0.237309 -0.359440
v -0.113595 -0.036353 -0.104769
v -0.157709 0.237309 -0.359440
v -0.068559 -0.047136 -0.135203
v -0.068559 -0.047136 -0.135203
v -0.157709 0.237309 -0.359440
v -0.113894 0.240778 -0.373415
v -0.068559 -0.047136 -0.135203
v -0.113894 0.240778 -0.373415
v -0.015915 -0.042968 -0.151995
v -0.015915 -0.042968 -0.151995
v -0.113894 0.240778 -0.373415
v -0.070417 0.256160 -0.373909
v -0.015915 -0.042968 -0.151995
v -0.070417 0.256160 -0.373909
v 0.036323 -0.024486 -0.152588
v 0.036323 -0.024486 -0.152588
v -0.070417 0.256160 -0.373909
v -0.033897 0.281116 -0.360846
v 0.036323 -0.024486 -0.152588
v -0.033897 0.281116 -0.360846
v 0.080202 0.005499 -0.136892
v 0.080202 0.005499 -0.136892
v -0.033897 0.281116 -0.360846
v -0.009895 0.311845 -0.336214
v 0.080202 0.005499 -0.136892
v -0.009895 0.311845 -0.336214
v 0.109041 0.042420 -0.107296
v 0.109041 0.042420 -0.107296
v -0.009895 0.311845 -0.336214
v -0.002063 0.343669 -0.303764
v 0.109041 0.042420 -0.107296
v -0.002063 0.343669 -0.303764
v 0.118451 0.080656 -0.068307
v 0.118451 0.080656 -0.068307
v -0.002063 0.343669 -0.303764
v -0.011595 0.371743 -0.268435
v 0.118451 0.080656 -0.068307
v -0.011595 0.371743 -0.268435
v 0.106998 0.114388 -0.025859
v 0.106998 0.114388 -0.025859
v -0.011595 0.371743 -0.268435
v -0.037040 0.391793 -0.235607
v 0.106998 0.114388 -0.025859
v -0.037040 0.391793 -0.235607
v 0.076426 0.138478 0.013584
v 0.076426 0.138478 0.013584
v -0.037040 0.391793 -0.235607
v -0.074523 0.400767 -0.210277
v 0.076426 0.138478 0.013584
v -0.074523 0.400767 -0.210277
v 0.031390 0.149261 0.044018
v 0.031390 0.149261 0.044018
v -0.074523 0.400767 -0.210277
v -0.118338 0.397299 -0.196301
v 0.031390 0.149261 0.044018
v -0.118338 0.397299 -0.196301
v -0.021254 0.145094 0.060810
v -0.021254 0.145094 0.060810
v -0.118338 0.397299 -0.196301
v -0.161815 0.381916 -0.195808
v -0.021254 0.145094 0.060810
v -0.161815 0.381916 -0.195808
v -0.073492 0.126611 0.061403
v -0.073492 0.126611 0.061403
v -0.161815 0.381916 -0.195808
v -0.198334 0.356960 -0.208871
v -0.073492 0.126611 0.061403
v -0.198334 0.356960 -0.208871
v -0.117371 0.096626 0.045707
v -0.117371 0.096626 0.045707
v -0.198334 0.356960 -0.208871
v -0.222337 0.326232 -0.233503
v -0.117371 0.096626 0.045707
v -0.222337 0.326232 -0.233503
v -0.146211 0.059706 0.016112
f 1 2 3
f 4 5 6
f 7 8 9
f 10 11 12
f 13 14 15
f 16 17 18
f 19 20 21
f 22 23 24
f 25 26 27
f 28 29 30
f 31 32 33
f 34 35 36
f 37 38 39
f 40 41 42
f 43 44 45
f 46 47 48
f 49 50 51
f 52 53 54
f 55 56 57
f 58 59 60
f 61 62 63
f 64 65 66
f 67 68 69
f 70 71 72
f 73 74 75
f 76 77 78
f 79 80 81
f 82 83 84
f 85 86 87
f 88 89 90
f 91 92 93
f 94 95 96
f 97 98 99
f 100 101 102
f 103 104 105
f 106 107 108
f 109 110 111
f 112 113 114
f 115 116 117
f 118 119 120
f 121 122 123
f 124 125 126
f 127 128 129
f 130 131 132
f 133 134 135
f 136 137 138
f 139 140 141
f 142 143 144
f 145 146 147
f 148 149 150
f 151 152 153
f 154 155 156
f 157 158 159
f 160 161 162
f 163 164 165
f 166 167 168
f 169 170 171
f 172 173 174
f 175 176 177
f 178 179 180
f 181 182 183
f 184 185 186
f 187 188 189
f 190 191 192
f 193 194 195
f 196 197 198
f 199 200 201
f 202 203 204
f 205 206 207
f 208 209 210
f 211 212 213
f 214 215 216
f 217 218 219
f 220 221 222
f 223 224 225
f 226 227 228
f 229 230 231
f 232 233 234
f 235 236 237
f 238 239 240
f 241 242 243
f 244 245 246
f 247 248 249
f 250 251 252
f 253 254 255
f 256 257 258
f 259 260 261
f 262 263 264
f 265 266 267
f 268 269 270
f 271 272 273
f 274 275 276
f 277 278 279
f 280 281 282
f 283 284 285
f 286 287 288
f 289 290 291
f 292 293 294
f 295 296 297
f 298 299 300
f 301 302 303
f 304 305 306
f 307 308 309
f 310 311 312
f 313 314 315
f 316 317 318
f 319 320 321
f 322 323 324
f 325 326 327
f 328 329 330
f 331 332 333
f 334 335 336
f 337 338 339
f 340 341 342
f 343 344 345
f 346 347 348
f 349 350 351
f 352 353 354
f 355 356 357
f 358 359 360
f 361 362 363
f 364 365 366
f 367 368 369
f 370 371 372
f 373 374 375
f 376 377 378
f 379 380 381
f 382 383 384
f 385 386 387
f 388 389 390
f 391 392 393
f 394 395 396
f 397 398 399
f 400 401 402
f 403 404 405
f 406 407 408
f 409 410 411
f 412 413 414
f 415 416 417
f 418 419 420
f 421 422 423
f 424 425 426
f 427 428 429
f 430 431 432
f 433 434 435
f 436 437 438
f 439 440 441
f 442 443 444
f 445 446 447
f 448 449 450
f 451 452 453
f 454 455 456
f 457 458 459
f 460 461 462
f 463 464 465
f 466 467 468
f 469 470 471
f 472 473 474
f 475 476 477
f 478 479 480
f 481 482 483
f 484 485 486
f 487 488 489
f 490 491 492
f 493 494 495
f 496 497 498
f 499 500 501
f 502 503 504
f 505 506 507
f 508 509 510
f 511 512 513
f 514 515 516
f 517 518 519
f 520 521 522
f 523 524 525
f 526 527 528
f 529 530 531
f 532 533 534
f 535 536 537
f 538 539 540
f 541 542 543
f 544 545 546
f 547 548 549
f 550 551 552
f 553 554 555
f 556 557 558
f 559 560 561
f 562 563 564
f 565 566 567
f 568 569 570
f 571 572 573
f 574 575 576
f 577 578 579
f 580 581 582
f 583 584 585
f 586 587 588
f 589 590 591
f 592 593 594
f 595 596 597
f 598 599 600
f 601 602 603
f 604 605 606
f 607 608 609
f 610 611 612
f 613 614 615
f 616 617 618
f 619 620 621
f 622 623 624
f 625 626 627
f 628 629 630
f 631 632 633
f 634 635 636
f 637 638 639
f 640 641 642
f 643 644 645
f 646 647 648
f 649 650 651
f 652 653 654
f 655 656 657
f 658 659 660
f 661 662 663
f 664 665 666
f 667 668 669
f 670 671 672
f 673 674 675
f 676 677 678
f 679 680 681
f 682 683 684
f 685 686 687
f 688 689 690
f 691 692 693
f 694 695 696
f 697 698 699
f 700 701 702
f 703 704 705
f 706 707 708
f 709 710 711
f 712 713 714
f 715 716 717
f 718 719 720
f 721 722 723
f 724 725 726
f 727 728 729
f 730 731 732
f 733 734 735
f 736 737 738
f 739 740 741
f 742 743 744
f 745 746 747
f 748 749 750
f 751 752 753
f 754 755 756
f 757 758 759
f 760 761 762
f 763 764 765
f 766 767 768
f 769 770 771
f 772 773 774
f 775 776 777
f 778 779 780
f 781 782 783
f 784 785 786
f 787 788 789
f 790 791 792
f 793 794 795
f 796 797 798
f 799 800 801
f 802 803 804
f 805 806 807
f 808 809 810
f 811 812 813
f 814 815 816
f 817 818 819
f 820 821 822
f 823 824 825
f 826 827 828
f 829 830 831
f 832 833 834
f 835 836 837
f 838 839 840
f 841 842 843
f 844 845 846
f 847 848 849
f 850 851 852
f 853 854 855
f 856 857 858
f 859 860 861
f 862 863 864
f 865 866 867
f 868 869 870
f 871 872 873
f 874 875 876
f 877 878 879
f 880 881 882
f 883 884 885
f 886 887 888
f 889 890 891
f 892 893 894
f 895 896 897
f 898 899 900
f 901 902 903
f 904 905 906
f 907 908 909
f 910 911 912
f 913 914 915
f 916 917 918
f 919 920 921
f 922 923 924
f 925 926 927
f 928 929 930
f 931 932 933
f 934 935 936
f 937 938 939
f 940 941 942
f 943 944 945
f 946 947 948
f 949 950 951
f 952 953 954
f 955 956 957
f 958 959 960
f 961 962 963
f 964 965 966
f 967 968 969
f 970 971 972
f 973 974 975
f 976 977 978
f 979 980 981
f 982 983 984
f 985 986 987
f 988 989 990
f 991 992 993
f 994 995 996
f 997 998 999
f 1000 1001 1002
f 1003 1004 1005
f 1006 1007 1008
f 1009 1010 1011
f 1012 1013 1014
f 1015 1016 1017
f 1018 1019 1020
f 1021 1022 1023
f 1024 1025 1026
f 1027 1028 1029
f 1030 1031 1032
f 1033 1034 1035
f 1036 1037 1038
f 1039 1040 1041
f 1042 1043 1044
f 1045 1046 1047
f 1048 1049 1050
f 1051 1052 1053
f 1054 1055 1056
f 1057 1058 1059
f 1060 1061 1062
f 1063 1064 1065
f 1066 1067 1068
f 1069 1070 1071
f 1072 1073 1074
f 1075 1076 1077
f 1078 1079 1080
f 1081 1082 1083
f 1084 1085 1086
f 1087 1088 1089
f 1090 1091 1092
f 1093 1094 1095
f 1096 1097 1098
f 1099 1100 1101
f 1102 1103 1104
f 1105 1106 1107
f 1108 1109 1110
f 1111 1112 1113
f 1114 1115 1116
f 1117 1118 1119
f 1120 1121 1122
f 1123 1124 1125
f 1126 1127 1128
f 1129 1130 1131
f 1132 1133 1134
f 1135 1136 1137
f 1138 1139 1140
f 1141 1142 1143
f 1144 1145 1146
f 1147 1148 1149
f 1150 1151 1152
f 1153 1154 1155
f 1156 1157 1158
f 1159 1160 1161
f 1162 1163 1164
f 1165 1166 1167
f 1168 1169 1170
f 1171 1172 1173
f 1174 1175 1176
f 1177 1178 1179
f 1180 1181 1182
f 1183 1184 1185
f 1186 1187 1188
f 1189 1190 1191
f 1192 1193 1194
f 1195 1196 1197
f 1198 1199 1200
f 1201 1202 1203
f 1204 1205 1206
f 1207 1208 1209
f 1210 1211 1212
f 1213 1214 1215
f 1216 1217 1218
f 1219 1220 1221
f 1222 1223 1224
f 1225 1226 1227
f 1228 1229 1230
f 1231 1232 1233
f 1234 1235 1236
f 1237 1238 1239
f 1240 1241 1242
f 1243 1244 1245
f 1246 1247 1248
f 1249 1250 1251
f 1252 1253 1254
f 1255 1256 1257
f 1258 1259 1260
f 1261 1262 1263
f 1264 1265 1266
f 1267 1268 1269
f 1270 1271 1272
f 1273 1274 1275
f 1276 1277 1278
f 1279 1280 1281
f 1282 1283 1284
f 1285 1286 1287
f 1288 1289 1290
f 1291 1292 1293
f 1294 1295 1296
f 1297 1298 1299
f 1300 1301 1302
f 1303 1304 1305
f 1306 1307 1308
f 1309 1310 1311
f 1312 1313 1314
f 1315 1316 1317
f 1318 1319 1320
f 1321 1322 1323
f 1324 1325 1326
f 1327 1328 1329
f 1330 1331 1332
f 1333 1334 1335
f 1336 1337 1338
f 1339 1340 1341
f 1342 1343 1344
f 1345 1346 1347
f 1348 1349 1350
f 1351 1352 1353
f 1354 1355 1356
f 1357 1358 1359
f 1360 1361 1362
f 1363 1364 1365
f 1366 1367 1368
f 1369 1370 1371
f 1372 1373 1374
f 1375 1376 1377
f 1378 1379 1380
f 1381 1382 1383
f 1384 1385 1386
f 1387 1388 1389
f 1390 1391 1392
f 1393 1394 1395
f 1396 1397 1398
f 1399 1400 1401
f 1402 1403 1404
f 1405 1406 1407
f 1408 1409 1410
f 1411 1412 1413
f 1414 1415 1416
f 1417 1418 1419
f 1420 1421 1422
f 1423 1424 1425
f 1426 1427 1428
f 1429 1430 1431
f 1432 1433 1434
f 1435 1436 1437
f 1438 1439 1440
f 1441 1442 1443
f 1444 1445 1446
f 1447 1448 1449
f 1450 1451 1452
f 1453 1454 1455
f 1456 1457 1458
f 1459 1460 1461
f 1462 1463 1464
f 1465 1466 1467
f 1468 1469 1470
f 1471 1472 1473
f 1474 1475 1476
f 1477 1478 1479
f 1480 1481 1482
f 1483 1484 1485
f 1486 1487 1488
f 1489 1490 1491
f 1492 1493 1494
f 1495 1496 1497
f 1498 1499 1500
f 1501 1502 1503
f 1504 1505 1506
f 1507 1508 1509
f 1510 1511 1512
f 1513 1514 1515
f 1516 1517 1518
f 1519 1520 1521
f 1522 1523 1524
f 1525 1526 1527
f 1528 1529 1530
f 1531 1532 1533
f 1534 1535 1536
f 1537 1538 1539
f 1540 1541 1542
f 1543 1544 1545
f 1546 1547 1548
f 1549 1550 1551
f 1552 1553 1554
f 1555 1556 1557
f 1558 1559 1560
f 1561 1562 1563
f 1564 1565 1566
f 1567 1568 1569
f 1570 1571 1572
f 1573 1574 1575
f 1576 1577 1578
f 1579 1580 1581
f 1582 1583 1584
f 1585 1586 1587
f 1588 1589 1590
f 1591 1592 1593
f 1594 1595 1596
f 1597 1598 1599
f 1600 1601 1602
f 1603 1604 1605
f 1606 1607 1608
f 1609 1610 1611
f 1612 1613 1614
f 1615 1616 1617
f 1618 1619 1620
f 1621 1622 1623
f 1624 1625 1626
f 1627 1628 1629
f 1630 1631 1632
f 1633 1634 1635
f 1636 1637 1638
f 1639 1640 1641
f 1642 1643 1644
f 1645 1646 1647
f 1648 1649 1650
f 1651 1652 1653
f 1654 1655 1656
f 1657 1658 1659
f 1660 1661 1662
f 1663 1664 1665
f 1666 1667 1668
f 1669 1670 1671
f 1672 1673 1674
f 1675 1676 1677
f 1678 1679 1680
f 1681 1682 1683
f 1684 1685 1686
f 1687 1688 1689
f 1690 1691 1692
f 1693 1694 1695
f 1696 1697 1698
f 1699 1700 1701
f 1702 1703 1704
f 1705 1706 1707
f 1708 1709 1710
f 1711 1712 1713
f 1714 1715 1716
f 1717 1718 1719
f 1720 1721 1722
f 1723 1724 1725
f 1726 1727 1728
f 1729 1730 1731
f 1732 1733 1734
f 1735 1736 1737
f 1738 1739 1740
f 1741 1742 1743
f 1744 1745 1746
f 1747 1748 1749
f 1750 1751 1752
f 1753 1754 1755
f 1756 1757 1758
f 1759 1760 1761
f 1762 1763 1764
f 1765 1766 1767
f 1768 1769 1770
f 1771 1772 1773
f 1774 1775 1776
f 1777 1778 1779
f 1780 1781 1782
f 1783 1784 1785
f 1786 1787 1788
f 1789 1790 1791
f 1792 1793 1794
f 1795 1796 1797
f 1798 1799 1800
f 1801 1802 1803
f 1804 1805 1806
f 1807 1808 1809
f 1810 1811 1812
f 1813 1814 1815
f 1816 1817 1818
f 1819 1820 1821
f 1822 1823 1824
f 1825 1826 1827
f 1828 1829 1830
f 1831 1832 1833
f 1834 1835 1836
f 1837 1838 1839
f 1840 1841 1842
f 1843 1844 1845
f 1846 1847 1848
f 1849 1850 1851
f 1852 1853 1854
f 1855 1856 1857
f 1858 1859 1860
f 1861 1862 1863
f 1864 1865 1866
f 1867 1868 1869
f 1870 1871 1872
f 1873 1874 1875
f 1876 1877 1878
f 1879 1880 1881
f 1882 1883 1884
f 1885 1886 1887
f 1888 1889 1890
f 1891 1892 1893
f 1894 1895 1896
f 1897 1898 1899
f 1900 1901 1902
f 1903 1904 1905
f 1906 1907 1908
f 1909 1910 1911
f 1912 1913 1914
f 1915 1916 1917
f 1918 1919 1920
f 1921 1922 1923
f 1924 1925 1926
f 1927 1928 1929
f 1930 1931 1932
f 1933 1934 1935
f 1936 1937 1938
f 1939 1940 1941
f 1942 1943 1944
f 1945 1946 1947
f 1948 1949 1950
f 1951 1952 1953
f 1954 1955 1956
f 1957 1958 1959
f 1960 1961 1962
f 1963 1964 1965
f 1966 1967 1968
f 1969 1970 1971
f 1972 1973 1974
f 1975 1976 1977
f 1978 1979 1980
f 1981 1982 1983
f 1984 1985 1986
f 1987 1988 1989
f 1990 1991 1992
f 1993 1994 1995
f 1996 1997 1998
f 1999 2000 2001
f 2002 2003 2004
f 2005 2006 2007
f 2008 2009 2010
f 2011 2012 2013
f 2014 2015 2016
f 2017 2018 2019
f 2020 2021 2022
f 2023 2024 2025
f 2026 2027 2028
f 2029 2030 2031
f 2032 2033 2034
f 2035 2036 2037
f 2038 2039 2040
f 2041 2042 2043
f 2044 2045 2046
f 2047 2048 2049
f 2050 2051 2052
f 2053 2054 2055
f 2056 2057 2058
f 2059 2060 2061
f 2062 2063 2064
f 2065 2066 2067
f 2068 2069 2070
f 2071 2072 2073
f 2074 2075 2076
f 2077 2078 2079
f 2080 2081 2082
f 2083 2084 2085
f 2086 2087 2088
f 2089 2090 2091
f 2092 2093 2094
f 2095 2096 2097
f 2098 2099 2100
f 2101 2102 2103
f 2104 2105 2106
f 2107 2108 2109
f 2110 2111 2112
f 2113 2114 2115
f 2116 2117 2118
f 2119 2120 2121
f 2122 2123 2124
f 2125 2126 2127
f 2128 2129 2130
f 2131 2132 2133
f 2134 2135 2136
f 2137 2138 2139
f 2140 2141 2142
f 2143 2144 2145
f 2146 2147 2148
f 2149 2150 2151
f 2152 2153 2154
f 2155 2156 2157
f 2158 2159 2160
f 2161 2162 2163
f 2164 2165 2166
f 2167 2168 2169
f 2170 2171 2172
f 2173 2174 2175
f 2176 2177 2178
f 2179 2180 2181
f 2182 2183 2184
f 2185 2186 2187
f 2188 2189 2190
f 2191 2192 2193
f 2194 2195 2196
f 2197 2198 2199
f 2200 2201 2202
f 2203 2204 2205
f 2206 2207 2208
f 2209 2210 2211
f 2212 2213 2214
f 2215 2216 2217
f 2218 2219 2220
f 2221 2222 2223
f 2224 2225 2226
f 2227 2228 2229
f 2230 2231 2232
f 2233 2234 2235
f 2236 2237 2238
f 2239 2240 2241
f 2242 2243 2244
f 2245 2246 2247
f 2248 2249 2250
f 2251 2252 2253
f 2254 2255 2256
f 2257 2258 2259
f 2260 2261 2262
f 2263 2264 2265
f 2266 2267 2268
f 2269 2270 2271
f 2272 2273 2274
f 2275 2276 2277
f 2278 2279 2280
f 2281 2282 2283
f 2284 2285 2286
f 2287 2288 2289
f 2290 2291 2292
f 2293 2294 2295
f 2296 2297 2298
f 2299 2300 2301
f 2302 2303 2304
f 2305 2306 2307
f 2308 2309 2310
f 2311 2312 2313
f 2314 2315 2316
f 2317 2318 2319
f 2320 2321 2322
f 2323 2324 2325
f 2326 2327 2328
f 2329 2330 2331
f 2332 2333 2334
f 2335 2336 2337
f 2338 2339 2340
f 2341 2342 2343
f 2344 2345 2346
f 2347 2348 2349
f 2350 2351 2352
f 2353 2354 2355
f 2356 2357 2358
f 2359 2360 2361
f 2362 2363 2364
f 2365 2366 2367
f 2368 2369 2370
f 2371 2372 2373
f 2374 2375 2376
f 2377 2378 2379
f 2380 2381 2382
f 2383 2384 2385
f 2386 2387 2388
f 2389 2390 2391
f 2392 2393 2394
f 2395 2396 2397
f 2398 2399 2400
f 2401 2402 2403
f 2404 2405 2406
f 2407 2408 2409
f 2410 2411 2412
f 2413 2414 2415
f 2416 2417 2418
f 2419 2420 2421
f 2422 2423 2424
f 2425 2426 2427
f 2428 2429 2430
f 2431 2432 2433
f 2434 2435 2436
f 2437 2438 2439
f 2440 2441 2442
f 2443 2444 2445
f 2446 2447 2448
f 2449 2450 2451
f 2452 2453 2454
f 2455 2456 2457
f 2458 2459 2460
f 2461 2462 2463
f 2464 2465 2466
f 2467 2468 2469
f 2470 2471 2472
f 2473 2474 2475
f 2476 2477 2478
f 2479 2480 2481
f 2482 2483 2484
f 2485 2486 2487
f 2488 2489 2490
f 2491 2492 2493
f 2494 2495 2496
f 2497 2498 2499
f 2500 2501 2502
f 2503 2504 2505
f 2506 2507 2508
f 2509 2510 2511
f 2512 2513 2514
f 2515 2516 2517
f 2518 2519 2520
f 2521 2522 2523
f 2524 2525 2526
f 2527 2528 2529
f 2530 2531 2532
f 2533 2534 2535
f 2536 2537 2538
f 2539 2540 2541
f 2542 2543 2544
f 2545 2546 2547
f 2548 2549 2550
f 2551 2552 2553
f 2554 2555 2556
f 2557 2558 2559
f 2560 2561 2562
f 2563 2564 2565
f 2566 2567 2568
f 2569 2570 2571
f 2572 2573 2574
f 2575 2576 2577
f 2578 2579 2580
f 2581 2582 2583
f 2584 2585 2586
f 2587 2588 2589
f 2590 2591 2592
f 2593 2594 2595
f 2596 2597 2598
f 2599 2600 2601
f 2602 2603 2604
f 2605 2606 2607
f 2608 2609 2610
f 2611 2612 2613
f 2614 2615 2616
f 2617 2618 2619
f 2620 2621 2622
f 2623 2624 2625
f 2626 2627 2628
f 2629 2630 2631
f 2632 2633 2634
f 2635 2636 2637
f 2638 2639 2640
f 2641 2642 2643
f 2644 2645 2646
f 2647 2648 2649
f 2650 2651 2652
f 2653 2654 2655
f 2656 2657 2658
f 2659 2660 2661
f 2662 2663 2664
f 2665 2666 2667
f 2668 2669 2670
f 2671 2672 2673
f 2674 2675 2676
f 2677 2678 2679
f 2680 2681 2682
f 2683 2684 2685
f 2686 2687 2688
f 2689 2690 2691
f 2692 2693 2694
f 2695 2696 2697
f 2698 2699 2700
f 2701 2702 2703
f 2704 2705 2706
f 2707 2708 2709
f 2710 2711 2712
f 2713 2714 2715
f 2716 2717 2718
f 2719 2720 2721
f 2722 2723 2724
f 2725 2726 2727
f 2728 2729 2730
f 2731 2732 2733
f 2734 2735 2736
f 2737 2738 2739
f 2740 2741 2742
f 2743 2744 2745
f 2746 2747 2748
f 2749 2750 2751
f 2752 2753 2754
f 2755 2756 2757
f 2758 2759 2760
f 2761 2762 2763
f 2764 2765 2766
f 2767 2768 2769
f 2770 2771 2772
f 2773 2774 2775
f 2776 2777 2778
f 2779 2780 2781
f 2782 2783 2784
f 2785 2786 2787
f 2788 2789 2790
f 2791 2792 2793
f 2794 2795 2796
f 2797 2798 2799
f 2800 2801 2802
f 2803 2804 2805
f 2806 2807 2808
f 2809 2810 2811
f 2812 2813 2814
f 2815 2816 2817
f 2818 2819 2820
f 2821 2822 2823
f 2824 2825 2826
f 2827 2828 2829
f 2830 2831 2832
f 2833 2834 2835
f 2836 2837 2838
f 2839 2840 2841
f 2842 2843 2844
f 2845 2846 2847
f 2848 2849 2850
f 2851 2852 2853
f 2854 2855 2856
f 2857 2858 2859
f 2860 2861 2862
f 2863 2864 2865
f 2866 2867 2868
f 2869 2870 2871
f 2872 2873 2874
f 2875 2876 2877
f 2878 2879 2880
f 2881 2882 2883
f 2884 2885 2886
f 2887 2888 2889
f 2890 2891 2892
f 2893 2894 2895
f 2896 2897 2898
f 2899 2900 2901
f 2902 2903 2904
f 2905 2906 2907
f 2908 2909 2910
f 2911 2912 2913
f 2914 2915 2916
f 2917 2918 2919
f 2920 2921 2922
f 2923 2924 2925
f 2926 2927 2928
f 2929 2930 2931
f 2932 2933 2934
f 2935 2936 2937
f 2938 2939 2940
f 2941 2942 2943
f 2944 2945 2946
f 2947 2948 2949
f 2950 2951 2952
f 2953 2954 2955
f 2956 2957 2958
f 2959 2960 2961
f 2962 2963 2964
f 2965 2966 2967
f 2968 2969 2970
f 2971 2972 2973
f 2974 2975 2976
f 2977 2978 2979
f 2980 2981 2982
f 2983 2984 2985
f 2986 2987 2988
f 2989 2990 2991
f 2992 2993 2994
f 2995 2996 2997
f 2998 2999 3000
f 3001 3002 3003
f 3004 3005 3006
f 3007 3008 3009
f 3010 3011 3012
f 3013 3014 3015
f 3016 3017 3018
f 3019 3020 3021
f 3022 3023 3024
f 3025 3026 3027
f 3028 3029 3030
f 3031 3032 3033
f 3034 3035 3036
f 3037 3038 3039
f 3040 3041 3042
f 3043 3044 3045
f 3046 3047 3048
f 3049 3050 3051
f 3052 3053 3054
f 3055 3056 3057
f 3058 3059 3060
f 3061 3062 3063
f 3064 3065 3066
f 3067 3068 3069
f 3070 3071 3072
f 3073 3074 3075
f 3076 3077 3078
f 3079 3080 3081
f 3082 3083 3084
f 3085 3086 3087
f 3088 3089 3090
f 3091 3092 3093
f 3094 3095 3096
f 3097 3098 3099
f 3100 3101 3102
f 3103 3104 3105
f 3106 3107 3108
f 3109 3110 3111
f 3112 3113 3114
f 3115 3116 3117
f 3118 3119 3120
f 3121 3122 3123
f 3124 3125 3126
f 3127 3128 3129
f 3130 3131 3132
f 3133 3134 3135
f 3136 3137 3138
f 3139 3140 3141
f 3142 3143 3144
f 3145 3146 3147
f 3148 3149 3150
f 3151 3152 3153
f 3154 3155 3156
f 3157 3158 3159
f 3160 3161 3162
f 3163 3164 3165
f 3166 3167 3168
f 3169 3170 3171
f 3172 3173 3174
f 3175 3176 3177
f 3178 3179 3180
f 3181 3182 3183
f 3184 3185 3186
f 3187 3188 3189
f 3190 3191 3192
f 3193 3194 3195
f 3196 3197 3198
f 3199 3200 3201
f 3202 3203 3204
f 3205 3206 3207
f 3208 3209 3210
f 3211 3212 3213
f 3214 3215 3216
f 3217 3218 3219
f 3220 3221 3222
f 3223 3224 3225
f 3226 3227 3228
f 3229 3230 3231
f 3232 3233 3234
f 3235 3236 3237
f 3238 3239 3240
f 3241 3242 3243
f 3244 3245 3246
f 3247 3248 3249
f 3250 3251 3252
