# lizard mesh
v -0.052382 0.055534 -0.029265
v -0.056546 0.045317 -0.036543
v -0.064450 0.041186 -0.025173
v -0.052382 0.055534 -0.029265
v -0.064450 0.041186 -0.025173
v -0.059029 0.052633 -0.018215
v -0.056546 0.045317 -0.036543
v -0.058839 0.033173 -0.043852
v -0.067468 0.028274 -0.032240
v -0.056546 0.045317 -0.036543
v -0.067468 0.028274 -0.032240
v -0.064450 0.041186 -0.025173
v -0.059029 0.052633 -0.018215
v -0.064450 0.041186 -0.025173
v -0.070186 0.036281 -0.012179
v -0.059029 0.052633 -0.018215
v -0.070186 0.036281 -0.012179
v -0.064048 0.048519 -0.005408
v -0.064450 0.041186 -0.025173
v -0.067468 0.028274 -0.032240
v -0.073670 0.022766 -0.019069
v -0.064450 0.041186 -0.025173
v -0.073670 0.022766 -0.019069
v -0.070186 0.036281 -0.012179
v -0.041589 0.063718 -0.031070
v -0.044051 0.058158 -0.037432
v -0.052382 0.055534 -0.029265
v -0.041589 0.063718 -0.031070
v -0.052382 0.055534 -0.029265
v -0.045949 0.063749 -0.023425
v -0.044051 0.058158 -0.037432
v -0.046490 0.049016 -0.045495
v -0.056546 0.045317 -0.036543
v -0.044051 0.058158 -0.037432
v -0.056546 0.045317 -0.036543
v -0.052382 0.055534 -0.029265
v -0.046490 0.049016 -0.045495
v -0.047922 0.037421 -0.053247
v -0.058839 0.033173 -0.043852
v -0.046490 0.049016 -0.045495
v -0.058839 0.033173 -0.043852
v -0.056546 0.045317 -0.036543
v -0.047922 0.037421 -0.053247
v -0.048110 0.024241 -0.059913
v -0.059288 0.019742 -0.050417
v -0.047922 0.037421 -0.053247
v -0.059288 0.019742 -0.050417
v -0.058839 0.033173 -0.043852
v -0.058839 0.033173 -0.043852
v -0.059288 0.019742 -0.050417
v -0.068140 0.014409 -0.038803
v -0.058839 0.033173 -0.043852
v -0.068140 0.014409 -0.038803
v -0.067468 0.028274 -0.032240
v -0.067468 0.028274 -0.032240
v -0.068140 0.014409 -0.038803
v -0.074497 0.008491 -0.025638
v -0.067468 0.028274 -0.032240
v -0.074497 0.008491 -0.025638
v -0.073670 0.022766 -0.019069
v -0.073670 0.022766 -0.019069
v -0.074497 0.008491 -0.025638
v -0.078190 0.002241 -0.011488
v -0.073670 0.022766 -0.019069
v -0.078190 0.002241 -0.011488
v -0.077293 0.016731 -0.004996
v -0.070186 0.036281 -0.012179
v -0.073670 0.022766 -0.019069
v -0.077293 0.016731 -0.004996
v -0.070186 0.036281 -0.012179
v -0.077293 0.016731 -0.004996
v -0.073620 0.030556 0.001648
v -0.064048 0.048519 -0.005408
v -0.070186 0.036281 -0.012179
v -0.073620 0.030556 0.001648
v -0.064048 0.048519 -0.005408
v -0.073620 0.030556 0.001648
v -0.067227 0.043132 0.008178
v -0.055243 0.058989 0.000785
v -0.064048 0.048519 -0.005408
v -0.067227 0.043132 0.008178
v -0.055243 0.058989 0.000785
v -0.067227 0.043132 0.008178
v -0.058169 0.053877 0.014331
v -0.051007 0.062323 -0.012159
v -0.059029 0.052633 -0.018215
v -0.064048 0.048519 -0.005408
v -0.051007 0.062323 -0.012159
v -0.064048 0.048519 -0.005408
v -0.055243 0.058989 0.000785
v -0.045949 0.063749 -0.023425
v -0.052382 0.055534 -0.029265
v -0.059029 0.052633 -0.018215
v -0.045949 0.063749 -0.023425
v -0.059029 0.052633 -0.018215
v -0.051007 0.062323 -0.012159
v -0.068359 0.036675 0.021622
v -0.074609 0.024128 0.015557
v -0.073081 0.017474 0.028942
v -0.068359 0.036675 0.021622
v -0.073081 0.017474 0.028942
v -0.067378 0.029696 0.034130
v -0.074609 0.024128 0.015557
v -0.078202 0.010316 0.009343
v -0.076342 0.003893 0.023399
v -0.074609 0.024128 0.015557
v -0.076342 0.003893 0.023399
v -0.073081 0.017474 0.028942
v -0.067378 0.029696 0.034130
v -0.073081 0.017474 0.028942
v -0.068960 0.011209 0.041295
v -0.067378 0.029696 0.034130
v -0.068960 0.011209 0.041295
v -0.064237 0.022965 0.045063
v -0.073081 0.017474 0.028942
v -0.076342 0.003893 0.023399
v -0.071678 -0.002102 0.036651
v -0.073081 0.017474 0.028942
v -0.071678 -0.002102 0.036651
v -0.068960 0.011209 0.041295
v -0.058169 0.053877 0.014331
v -0.067227 0.043132 0.008178
v -0.068359 0.036675 0.021622
v -0.058169 0.053877 0.014331
v -0.068359 0.036675 0.021622
v -0.059501 0.047289 0.027485
v -0.067227 0.043132 0.008178
v -0.073620 0.030556 0.001648
v -0.074609 0.024128 0.015557
v -0.067227 0.043132 0.008178
v -0.074609 0.024128 0.015557
v -0.068359 0.036675 0.021622
v -0.073620 0.030556 0.001648
v -0.077293 0.016731 -0.004996
v -0.078202 0.010316 0.009343
v -0.073620 0.030556 0.001648
v -0.078202 0.010316 0.009343
v -0.074609 0.024128 0.015557
v -0.077293 0.016731 -0.004996
v -0.078190 0.002241 -0.011488
v -0.079076 -0.004089 0.003073
v -0.077293 0.016731 -0.004996
v -0.079076 -0.004089 0.003073
v -0.078202 0.010316 0.009343
v -0.078202 0.010316 0.009343
v -0.079076 -0.004089 0.003073
v -0.077113 -0.010245 0.017461
v -0.078202 0.010316 0.009343
v -0.077113 -0.010245 0.017461
v -0.076342 0.003893 0.023399
v -0.076342 0.003893 0.023399
v -0.077113 -0.010245 0.017461
v -0.072286 -0.015971 0.031086
v -0.076342 0.003893 0.023399
v -0.072286 -0.015971 0.031086
v -0.071678 -0.002102 0.036651
v -0.071678 -0.002102 0.036651
v -0.072286 -0.015971 0.031086
v -0.064580 -0.021010 0.043356
v -0.071678 -0.002102 0.036651
v -0.064580 -0.021010 0.043356
v -0.064166 -0.007211 0.048608
v -0.068960 0.011209 0.041295
v -0.071678 -0.002102 0.036651
v -0.064166 -0.007211 0.048608
v -0.068960 0.011209 0.041295
v -0.064166 -0.007211 0.048608
v -0.062095 0.006144 0.052347
v -0.064237 0.022965 0.045063
v -0.068960 0.011209 0.041295
v -0.062095 0.006144 0.052347
v -0.064237 0.022965 0.045063
v -0.062095 0.006144 0.052347
v -0.058695 0.017925 0.054384
v -0.057485 0.032054 0.048908
v -0.064237 0.022965 0.045063
v -0.058695 0.017925 0.054384
v -0.057485 0.032054 0.048908
v -0.058695 0.017925 0.054384
v -0.055307 0.026029 0.054942
v -0.059216 0.039768 0.039315
v -0.067378 0.029696 0.034130
v -0.064237 0.022965 0.045063
v -0.059216 0.039768 0.039315
v -0.064237 0.022965 0.045063
v -0.057485 0.032054 0.048908
v -0.059501 0.047289 0.027485
v -0.068359 0.036675 0.021622
v -0.067378 0.029696 0.034130
v -0.059501 0.047289 0.027485
v -0.067378 0.029696 0.034130
v -0.059216 0.039768 0.039315
v -0.057884 0.005815 -0.055687
v -0.054697 -0.007665 -0.059464
v -0.062539 -0.013586 -0.048869
v -0.057884 0.005815 -0.055687
v -0.062539 -0.013586 -0.048869
v -0.066488 0.000201 -0.044385
v -0.054697 -0.007665 -0.059464
v -0.049756 -0.019697 -0.061812
v -0.056279 -0.026151 -0.052299
v -0.054697 -0.007665 -0.059464
v -0.056279 -0.026151 -0.052299
v -0.062539 -0.013586 -0.048869
v -0.066488 0.000201 -0.044385
v -0.062539 -0.013586 -0.048869
v -0.068220 -0.020034 -0.036542
v -0.066488 0.000201 -0.044385
v -0.068220 -0.020034 -0.036542
v -0.072667 -0.005992 -0.031510
v -0.062539 -0.013586 -0.048869
v -0.056279 -0.026151 -0.052299
v -0.061204 -0.032962 -0.040658
v -0.062539 -0.013586 -0.048869
v -0.061204 -0.032962 -0.040658
v -0.068220 -0.020034 -0.036542
v -0.048110 0.024241 -0.059913
v -0.046979 0.010396 -0.064938
v -0.057884 0.005815 -0.055687
v -0.048110 0.024241 -0.059913
v -0.057884 0.005815 -0.055687
v -0.059288 0.019742 -0.050417
v -0.046979 0.010396 -0.064938
v -0.044672 -0.003083 -0.068034
v -0.054697 -0.007665 -0.059464
v -0.046979 0.010396 -0.064938
v -0.054697 -0.007665 -0.059464
v -0.057884 0.005815 -0.055687
v -0.044672 -0.003083 -0.068034
v -0.041496 -0.015054 -0.069104
v -0.049756 -0.019697 -0.061812
v -0.044672 -0.003083 -0.068034
v -0.049756 -0.019697 -0.061812
v -0.054697 -0.007665 -0.059464
v -0.041496 -0.015054 -0.069104
v -0.038551 -0.023339 -0.068733
v -0.042705 -0.029182 -0.063629
v -0.041496 -0.015054 -0.069104
v -0.042705 -0.029182 -0.063629
v -0.049756 -0.019697 -0.061812
v -0.049756 -0.019697 -0.061812
v -0.042705 -0.029182 -0.063629
v -0.047550 -0.036707 -0.055002
v -0.049756 -0.019697 -0.061812
v -0.047550 -0.036707 -0.055002
v -0.056279 -0.026151 -0.052299
v -0.056279 -0.026151 -0.052299
v -0.047550 -0.036707 -0.055002
v -0.051644 -0.044103 -0.043815
v -0.056279 -0.026151 -0.052299
v -0.051644 -0.044103 -0.043815
v -0.061204 -0.032962 -0.040658
v -0.061204 -0.032962 -0.040658
v -0.051644 -0.044103 -0.043815
v -0.054520 -0.050647 -0.030888
v -0.061204 -0.032962 -0.040658
v -0.054520 -0.050647 -0.030888
v -0.064347 -0.039361 -0.027510
v -0.068220 -0.020034 -0.036542
v -0.061204 -0.032962 -0.040658
v -0.064347 -0.039361 -0.027510
v -0.068220 -0.020034 -0.036542
v -0.064347 -0.039361 -0.027510
v -0.071632 -0.026392 -0.022989
v -0.072667 -0.005992 -0.031510
v -0.068220 -0.020034 -0.036542
v -0.071632 -0.026392 -0.022989
v -0.072667 -0.005992 -0.031510
v -0.071632 -0.026392 -0.022989
v -0.076279 -0.012329 -0.017568
v -0.074497 0.008491 -0.025638
v -0.072667 -0.005992 -0.031510
v -0.076279 -0.012329 -0.017568
v -0.074497 0.008491 -0.025638
v -0.076279 -0.012329 -0.017568
v -0.078190 0.002241 -0.011488
v -0.068140 0.014409 -0.038803
v -0.066488 0.000201 -0.044385
v -0.072667 -0.005992 -0.031510
v -0.068140 0.014409 -0.038803
v -0.072667 -0.005992 -0.031510
v -0.074497 0.008491 -0.025638
v -0.059288 0.019742 -0.050417
v -0.057884 0.005815 -0.055687
v -0.066488 0.000201 -0.044385
v -0.059288 0.019742 -0.050417
v -0.066488 0.000201 -0.044385
v -0.068140 0.014409 -0.038803
v -0.077198 -0.018441 -0.003098
v -0.072644 -0.032187 -0.008806
v -0.071169 -0.037299 0.005247
v -0.077198 -0.018441 -0.003098
v -0.071169 -0.037299 0.005247
v -0.075362 -0.024180 0.011254
v -0.072644 -0.032187 -0.008806
v -0.065515 -0.044805 -0.013629
v -0.064628 -0.049088 0.000047
v -0.072644 -0.032187 -0.008806
v -0.064628 -0.049088 0.000047
v -0.071169 -0.037299 0.005247
v -0.075362 -0.024180 0.011254
v -0.071169 -0.037299 0.005247
v -0.067111 -0.041772 0.018375
v -0.075362 -0.024180 0.011254
v -0.067111 -0.041772 0.018375
v -0.070723 -0.029460 0.024815
v -0.071169 -0.037299 0.005247
v -0.064628 -0.049088 0.000047
v -0.061611 -0.052267 0.012516
v -0.071169 -0.037299 0.005247
v -0.061611 -0.052267 0.012516
v -0.067111 -0.041772 0.018375
v -0.078190 0.002241 -0.011488
v -0.076279 -0.012329 -0.017568
v -0.077198 -0.018441 -0.003098
v -0.078190 0.002241 -0.011488
v -0.077198 -0.018441 -0.003098
v -0.079076 -0.004089 0.003073
v -0.076279 -0.012329 -0.017568
v -0.071632 -0.026392 -0.022989
v -0.072644 -0.032187 -0.008806
v -0.076279 -0.012329 -0.017568
v -0.072644 -0.032187 -0.008806
v -0.077198 -0.018441 -0.003098
v -0.071632 -0.026392 -0.022989
v -0.064347 -0.039361 -0.027510
v -0.065515 -0.044805 -0.013629
v -0.071632 -0.026392 -0.022989
v -0.065515 -0.044805 -0.013629
v -0.072644 -0.032187 -0.008806
v -0.064347 -0.039361 -0.027510
v -0.054520 -0.050647 -0.030888
v -0.055903 -0.055803 -0.017115
v -0.064347 -0.039361 -0.027510
v -0.055903 -0.055803 -0.017115
v -0.065515 -0.044805 -0.013629
v -0.065515 -0.044805 -0.013629
v -0.055903 -0.055803 -0.017115
v -0.055760 -0.059263 -0.003528
v -0.065515 -0.044805 -0.013629
v -0.055760 -0.059263 -0.003528
v -0.064628 -0.049088 0.000047
v -0.064628 -0.049088 0.000047
v -0.055760 -0.059263 -0.003528
v -0.054241 -0.060877 0.008704
v -0.064628 -0.049088 0.000047
v -0.054241 -0.060877 0.008704
v -0.061611 -0.052267 0.012516
v -0.061611 -0.052267 0.012516
v -0.054241 -0.060877 0.008704
v -0.052268 -0.061028 0.017280
v -0.061611 -0.052267 0.012516
v -0.052268 -0.061028 0.017280
v -0.056139 -0.055286 0.022711
v -0.067111 -0.041772 0.018375
v -0.061611 -0.052267 0.012516
v -0.056139 -0.055286 0.022711
v -0.067111 -0.041772 0.018375
v -0.056139 -0.055286 0.022711
v -0.060276 -0.045956 0.029808
v -0.070723 -0.029460 0.024815
v -0.067111 -0.041772 0.018375
v -0.060276 -0.045956 0.029808
v -0.070723 -0.029460 0.024815
v -0.060276 -0.045956 0.029808
v -0.063223 -0.034235 0.036916
v -0.072286 -0.015971 0.031086
v -0.070723 -0.029460 0.024815
v -0.063223 -0.034235 0.036916
v -0.072286 -0.015971 0.031086
v -0.063223 -0.034235 0.036916
v -0.064580 -0.021010 0.043356
v -0.077113 -0.010245 0.017461
v -0.075362 -0.024180 0.011254
v -0.070723 -0.029460 0.024815
v -0.077113 -0.010245 0.017461
v -0.070723 -0.029460 0.024815
v -0.072286 -0.015971 0.031086
v -0.079076 -0.004089 0.003073
v -0.077198 -0.018441 -0.003098
v -0.075362 -0.024180 0.011254
v -0.079076 -0.004089 0.003073
v -0.075362 -0.024180 0.011254
v -0.077113 -0.010245 0.017461
v -0.050197 0.015891 0.062547
v -0.052430 0.002880 0.061881
v -0.040392 0.001003 0.069651
v -0.050197 0.015891 0.062547
v -0.040392 0.001003 0.069651
v -0.038972 0.015383 0.069506
v -0.052430 0.002880 0.061881
v -0.053868 -0.011075 0.058830
v -0.041285 -0.013770 0.067058
v -0.052430 0.002880 0.061881
v -0.041285 -0.013770 0.067058
v -0.040392 0.001003 0.069651
v -0.038972 0.015383 0.069506
v -0.040392 0.001003 0.069651
v -0.026553 -0.000086 0.075403
v -0.038972 0.015383 0.069506
v -0.026553 -0.000086 0.075403
v -0.025637 0.015150 0.074824
v -0.040392 0.001003 0.069651
v -0.041285 -0.013770 0.067058
v -0.027029 -0.015468 0.073071
v -0.040392 0.001003 0.069651
v -0.027029 -0.015468 0.073071
v -0.026553 -0.000086 0.075403
v -0.055307 0.026029 0.054942
v -0.058695 0.017925 0.054384
v -0.050197 0.015891 0.062547
v -0.055307 0.026029 0.054942
v -0.050197 0.015891 0.062547
v -0.048409 0.027481 0.060211
v -0.058695 0.017925 0.054384
v -0.062095 0.006144 0.052347
v -0.052430 0.002880 0.061881
v -0.058695 0.017925 0.054384
v -0.052430 0.002880 0.061881
v -0.050197 0.015891 0.062547
v -0.062095 0.006144 0.052347
v -0.064166 -0.007211 0.048608
v -0.053868 -0.011075 0.058830
v -0.062095 0.006144 0.052347
v -0.053868 -0.011075 0.058830
v -0.052430 0.002880 0.061881
v -0.064166 -0.007211 0.048608
v -0.064580 -0.021010 0.043356
v -0.054084 -0.025142 0.053754
v -0.064166 -0.007211 0.048608
v -0.054084 -0.025142 0.053754
v -0.053868 -0.011075 0.058830
v -0.053868 -0.011075 0.058830
v -0.054084 -0.025142 0.053754
v -0.041313 -0.028284 0.062045
v -0.053868 -0.011075 0.058830
v -0.041313 -0.028284 0.062045
v -0.041285 -0.013770 0.067058
v -0.041285 -0.013770 0.067058
v -0.041313 -0.028284 0.062045
v -0.026888 -0.030385 0.068066
v -0.041285 -0.013770 0.067058
v -0.026888 -0.030385 0.068066
v -0.027029 -0.015468 0.073071
v -0.027029 -0.015468 0.073071
v -0.026888 -0.030385 0.068066
v -0.011428 -0.031398 0.071654
v -0.027029 -0.015468 0.073071
v -0.011428 -0.031398 0.071654
v -0.011730 -0.016304 0.076654
v -0.026553 -0.000086 0.075403
v -0.027029 -0.015468 0.073071
v -0.011730 -0.016304 0.076654
v -0.026553 -0.000086 0.075403
v -0.011730 -0.016304 0.076654
v -0.011609 -0.000689 0.078874
v -0.025637 0.015150 0.074824
v -0.026553 -0.000086 0.075403
v -0.011609 -0.000689 0.078874
v -0.025637 0.015150 0.074824
v -0.011609 -0.000689 0.078874
v -0.011055 0.014830 0.078132
v -0.024489 0.029648 0.071087
v -0.025637 0.015150 0.074824
v -0.011055 0.014830 0.078132
v -0.024489 0.029648 0.071087
v -0.011055 0.014830 0.078132
v -0.010059 0.029637 0.074244
v -0.037615 0.028884 0.066216
v -0.038972 0.015383 0.069506
v -0.025637 0.015150 0.074824
v -0.037615 0.028884 0.066216
v -0.025637 0.015150 0.074824
v -0.024489 0.029648 0.071087
v -0.048409 0.027481 0.060211
v -0.050197 0.015891 0.062547
v -0.038972 0.015383 0.069506
v -0.048409 0.027481 0.060211
v -0.038972 0.015383 0.069506
v -0.037615 0.028884 0.066216
v 0.003857 0.014305 0.079158
v 0.003713 -0.000953 0.079850
v 0.018659 -0.000689 0.078328
v 0.003857 0.014305 0.079158
v 0.018659 -0.000689 0.078328
v 0.018149 0.013746 0.077899
v 0.003713 -0.000953 0.079850
v 0.003975 -0.016356 0.077627
v 0.019430 -0.015510 0.075978
v 0.003713 -0.000953 0.079850
v 0.019430 -0.015510 0.075978
v 0.018659 -0.000689 0.078328
v 0.018149 0.013746 0.077899
v 0.018659 -0.000689 0.078328
v 0.032508 0.000446 0.074361
v 0.018149 0.013746 0.077899
v 0.032508 0.000446 0.074361
v 0.030911 0.013566 0.074464
v 0.018659 -0.000689 0.078328
v 0.019430 -0.015510 0.075978
v 0.033977 -0.013593 0.071737
v 0.018659 -0.000689 0.078328
v 0.033977 -0.013593 0.071737
v 0.032508 0.000446 0.074361
v -0.010059 0.029637 0.074244
v -0.011055 0.014830 0.078132
v 0.003857 0.014305 0.079158
v -0.010059 0.029637 0.074244
v 0.003857 0.014305 0.079158
v 0.004646 0.028813 0.075368
v -0.011055 0.014830 0.078132
v -0.011609 -0.000689 0.078874
v 0.003713 -0.000953 0.079850
v -0.011055 0.014830 0.078132
v 0.003713 -0.000953 0.079850
v 0.003857 0.014305 0.079158
v -0.011609 -0.000689 0.078874
v -0.011730 -0.016304 0.076654
v 0.003975 -0.016356 0.077627
v -0.011609 -0.000689 0.078874
v 0.003975 -0.016356 0.077627
v 0.003713 -0.000953 0.079850
v -0.011730 -0.016304 0.076654
v -0.011428 -0.031398 0.071654
v 0.004442 -0.031283 0.072669
v -0.011730 -0.016304 0.076654
v 0.004442 -0.031283 0.072669
v 0.003975 -0.016356 0.077627
v 0.003975 -0.016356 0.077627
v 0.004442 -0.031283 0.072669
v 0.020084 -0.030043 0.071066
v 0.003975 -0.016356 0.077627
v 0.020084 -0.030043 0.071066
v 0.019430 -0.015510 0.075978
v 0.019430 -0.015510 0.075978
v 0.020084 -0.030043 0.071066
v 0.034854 -0.027691 0.066821
v 0.019430 -0.015510 0.075978
v 0.034854 -0.027691 0.066821
v 0.033977 -0.013593 0.071737
v 0.033977 -0.013593 0.071737
v 0.034854 -0.027691 0.066821
v 0.048110 -0.024240 0.059913
v 0.033977 -0.013593 0.071737
v 0.048110 -0.024240 0.059913
v 0.046979 -0.010396 0.064938
v 0.032508 0.000446 0.074361
v 0.033977 -0.013593 0.071737
v 0.046979 -0.010396 0.064938
v 0.032508 0.000446 0.074361
v 0.046979 -0.010396 0.064938
v 0.044672 0.003084 0.068034
v 0.030911 0.013566 0.074464
v 0.032508 0.000446 0.074361
v 0.044672 0.003084 0.068034
v 0.030911 0.013566 0.074464
v 0.044672 0.003084 0.068034
v 0.041496 0.015054 0.069105
v 0.030522 0.025219 0.071808
v 0.030911 0.013566 0.074464
v 0.041496 0.015054 0.069105
v 0.030522 0.025219 0.071808
v 0.041496 0.015054 0.069105
v 0.038551 0.023339 0.068733
v 0.018554 0.027274 0.074469
v 0.018149 0.013746 0.077899
v 0.030911 0.013566 0.074464
v 0.018554 0.027274 0.074469
v 0.030911 0.013566 0.074464
v 0.030522 0.025219 0.071808
v 0.004646 0.028813 0.075368
v 0.003857 0.014305 0.079158
v 0.018149 0.013746 0.077899
v 0.004646 0.028813 0.075368
v 0.018149 0.013746 0.077899
v 0.018554 0.027274 0.074469
v -0.052913 -0.038433 0.046995
v -0.050581 -0.050101 0.038960
v -0.038480 -0.053769 0.045956
v -0.052913 -0.038433 0.046995
v -0.038480 -0.053769 0.045956
v -0.040305 -0.041843 0.054913
v -0.050581 -0.050101 0.038960
v -0.047571 -0.059341 0.030000
v -0.036222 -0.063401 0.035422
v -0.050581 -0.050101 0.038960
v -0.036222 -0.063401 0.035422
v -0.038480 -0.053769 0.045956
v -0.040305 -0.041843 0.054913
v -0.038480 -0.053769 0.045956
v -0.024588 -0.056401 0.051040
v -0.040305 -0.041843 0.054913
v -0.024588 -0.056401 0.051040
v -0.026025 -0.044225 0.060630
v -0.038480 -0.053769 0.045956
v -0.036222 -0.063401 0.035422
v -0.022793 -0.066331 0.039574
v -0.038480 -0.053769 0.045956
v -0.022793 -0.066331 0.039574
v -0.024588 -0.056401 0.051040
v -0.064580 -0.021010 0.043356
v -0.063223 -0.034235 0.036916
v -0.052913 -0.038433 0.046995
v -0.064580 -0.021010 0.043356
v -0.052913 -0.038433 0.046995
v -0.054084 -0.025142 0.053754
v -0.063223 -0.034235 0.036916
v -0.060276 -0.045956 0.029808
v -0.050581 -0.050101 0.038960
v -0.063223 -0.034235 0.036916
v -0.050581 -0.050101 0.038960
v -0.052913 -0.038433 0.046995
v -0.060276 -0.045956 0.029808
v -0.056139 -0.055286 0.022711
v -0.047571 -0.059341 0.030000
v -0.060276 -0.045956 0.029808
v -0.047571 -0.059341 0.030000
v -0.050581 -0.050101 0.038960
v -0.056139 -0.055286 0.022711
v -0.052268 -0.061028 0.017280
v -0.045165 -0.065450 0.020007
v -0.056139 -0.055286 0.022711
v -0.045165 -0.065450 0.020007
v -0.047571 -0.059341 0.030000
v -0.047571 -0.059341 0.030000
v -0.045165 -0.065450 0.020007
v -0.034158 -0.070146 0.023373
v -0.047571 -0.059341 0.030000
v -0.034158 -0.070146 0.023373
v -0.036222 -0.063401 0.035422
v -0.036222 -0.063401 0.035422
v -0.034158 -0.070146 0.023373
v -0.020891 -0.073444 0.026487
v -0.036222 -0.063401 0.035422
v -0.020891 -0.073444 0.026487
v -0.022793 -0.066331 0.039574
v -0.022793 -0.066331 0.039574
v -0.020891 -0.073444 0.026487
v -0.006411 -0.074887 0.029025
v -0.022793 -0.066331 0.039574
v -0.006411 -0.074887 0.029025
v -0.008175 -0.067664 0.042444
v -0.024588 -0.056401 0.051040
v -0.022793 -0.066331 0.039574
v -0.008175 -0.067664 0.042444
v -0.024588 -0.056401 0.051040
v -0.008175 -0.067664 0.042444
v -0.009621 -0.057637 0.054237
v -0.026025 -0.044225 0.060630
v -0.024588 -0.056401 0.051040
v -0.009621 -0.057637 0.054237
v -0.026025 -0.044225 0.060630
v -0.009621 -0.057637 0.054237
v -0.010715 -0.045364 0.064082
v -0.026888 -0.030385 0.068066
v -0.026025 -0.044225 0.060630
v -0.010715 -0.045364 0.064082
v -0.026888 -0.030385 0.068066
v -0.010715 -0.045364 0.064082
v -0.011428 -0.031398 0.071654
v -0.041313 -0.028284 0.062045
v -0.040305 -0.041843 0.054913
v -0.026025 -0.044225 0.060630
v -0.041313 -0.028284 0.062045
v -0.026025 -0.044225 0.060630
v -0.026888 -0.030385 0.068066
v -0.054084 -0.025142 0.053754
v -0.052913 -0.038433 0.046995
v -0.040305 -0.041843 0.054913
v -0.054084 -0.025142 0.053754
v -0.040305 -0.041843 0.054913
v -0.041313 -0.028284 0.062045
v 0.004979 -0.045114 0.065186
v 0.005678 -0.057268 0.055487
v 0.020571 -0.055462 0.054632
v 0.004979 -0.045114 0.065186
v 0.020571 -0.055462 0.054632
v 0.020409 -0.043583 0.063833
v 0.005678 -0.057268 0.055487
v 0.006701 -0.067176 0.043908
v 0.020899 -0.065038 0.043815
v 0.005678 -0.057268 0.055487
v 0.020899 -0.065038 0.043815
v 0.020571 -0.055462 0.054632
v 0.020409 -0.043583 0.063833
v 0.020571 -0.055462 0.054632
v 0.034357 -0.052535 0.051440
v 0.020409 -0.043583 0.063833
v 0.034357 -0.052535 0.051440
v 0.034932 -0.040951 0.059902
v 0.020571 -0.055462 0.054632
v 0.020899 -0.065038 0.043815
v 0.033537 -0.061665 0.041917
v 0.020571 -0.055462 0.054632
v 0.033537 -0.061665 0.041917
v 0.034357 -0.052535 0.051440
v -0.011428 -0.031398 0.071654
v -0.010715 -0.045364 0.064082
v 0.004979 -0.045114 0.065186
v -0.011428 -0.031398 0.071654
v 0.004979 -0.045114 0.065186
v 0.004442 -0.031283 0.072669
v -0.010715 -0.045364 0.064082
v -0.009621 -0.057637 0.054237
v 0.005678 -0.057268 0.055487
v -0.010715 -0.045364 0.064082
v 0.005678 -0.057268 0.055487
v 0.004979 -0.045114 0.065186
v -0.009621 -0.057637 0.054237
v -0.008175 -0.067664 0.042444
v 0.006701 -0.067176 0.043908
v -0.009621 -0.057637 0.054237
v 0.006701 -0.067176 0.043908
v 0.005678 -0.057268 0.055487
v -0.008175 -0.067664 0.042444
v -0.006411 -0.074887 0.029025
v 0.008245 -0.074279 0.030768
v -0.008175 -0.067664 0.042444
v 0.008245 -0.074279 0.030768
v 0.006701 -0.067176 0.043908
v 0.006701 -0.067176 0.043908
v 0.008245 -0.074279 0.030768
v 0.022011 -0.071756 0.031626
v 0.006701 -0.067176 0.043908
v 0.022011 -0.071756 0.031626
v 0.020899 -0.065038 0.043815
v 0.020899 -0.065038 0.043815
v 0.022011 -0.071756 0.031626
v 0.033765 -0.067713 0.031604
v 0.020899 -0.065038 0.043815
v 0.033765 -0.067713 0.031604
v 0.033537 -0.061665 0.041917
v 0.033537 -0.061665 0.041917
v 0.033765 -0.067713 0.031604
v 0.041589 -0.063718 0.031070
v 0.033537 -0.061665 0.041917
v 0.041589 -0.063718 0.031070
v 0.044051 -0.058157 0.037432
v 0.034357 -0.052535 0.051440
v 0.033537 -0.061665 0.041917
v 0.044051 -0.058157 0.037432
v 0.034357 -0.052535 0.051440
v 0.044051 -0.058157 0.037432
v 0.046490 -0.049016 0.045495
v 0.034932 -0.040951 0.059902
v 0.034357 -0.052535 0.051440
v 0.046490 -0.049016 0.045495
v 0.034932 -0.040951 0.059902
v 0.046490 -0.049016 0.045495
v 0.047922 -0.037420 0.053247
v 0.034854 -0.027691 0.066821
v 0.034932 -0.040951 0.059902
v 0.047922 -0.037420 0.053247
v 0.034854 -0.027691 0.066821
v 0.047922 -0.037420 0.053247
v 0.048110 -0.024240 0.059913
v 0.020084 -0.030043 0.071066
v 0.020409 -0.043583 0.063833
v 0.034932 -0.040951 0.059902
v 0.020084 -0.030043 0.071066
v 0.034932 -0.040951 0.059902
v 0.034854 -0.027691 0.066821
v 0.004442 -0.031283 0.072669
v 0.004979 -0.045114 0.065186
v 0.020409 -0.043583 0.063833
v 0.004442 -0.031283 0.072669
v 0.020409 -0.043583 0.063833
v 0.020084 -0.030043 0.071066
v 0.049757 0.019698 0.061812
v 0.054697 0.007665 0.059464
v 0.062539 0.013587 0.048869
v 0.049757 0.019698 0.061812
v 0.062539 0.013587 0.048869
v 0.056280 0.026152 0.052299
v 0.054697 0.007665 0.059464
v 0.057884 -0.005815 0.055687
v 0.066488 -0.000200 0.044385
v 0.054697 0.007665 0.059464
v 0.066488 -0.000200 0.044385
v 0.062539 0.013587 0.048869
v 0.056280 0.026152 0.052299
v 0.062539 0.013587 0.048869
v 0.068220 0.020034 0.036542
v 0.056280 0.026152 0.052299
v 0.068220 0.020034 0.036542
v 0.061204 0.032962 0.040658
v 0.062539 0.013587 0.048869
v 0.066488 -0.000200 0.044385
v 0.072667 0.005992 0.031510
v 0.062539 0.013587 0.048869
v 0.072667 0.005992 0.031510
v 0.068220 0.020034 0.036542
v 0.038551 0.023339 0.068733
v 0.041496 0.015054 0.069105
v 0.049757 0.019698 0.061812
v 0.038551 0.023339 0.068733
v 0.049757 0.019698 0.061812
v 0.042706 0.029183 0.063629
v 0.041496 0.015054 0.069105
v 0.044672 0.003084 0.068034
v 0.054697 0.007665 0.059464
v 0.041496 0.015054 0.069105
v 0.054697 0.007665 0.059464
v 0.049757 0.019698 0.061812
v 0.044672 0.003084 0.068034
v 0.046979 -0.010396 0.064938
v 0.057884 -0.005815 0.055687
v 0.044672 0.003084 0.068034
v 0.057884 -0.005815 0.055687
v 0.054697 0.007665 0.059464
v 0.046979 -0.010396 0.064938
v 0.048110 -0.024240 0.059913
v 0.059288 -0.019742 0.050418
v 0.046979 -0.010396 0.064938
v 0.059288 -0.019742 0.050418
v 0.057884 -0.005815 0.055687
v 0.057884 -0.005815 0.055687
v 0.059288 -0.019742 0.050418
v 0.068140 -0.014408 0.038803
v 0.057884 -0.005815 0.055687
v 0.068140 -0.014408 0.038803
v 0.066488 -0.000200 0.044385
v 0.066488 -0.000200 0.044385
v 0.068140 -0.014408 0.038803
v 0.074497 -0.008491 0.025638
v 0.066488 -0.000200 0.044385
v 0.074497 -0.008491 0.025638
v 0.072667 0.005992 0.031510
v 0.072667 0.005992 0.031510
v 0.074497 -0.008491 0.025638
v 0.078190 -0.002241 0.011488
v 0.072667 0.005992 0.031510
v 0.078190 -0.002241 0.011488
v 0.076279 0.012329 0.017568
v 0.068220 0.020034 0.036542
v 0.072667 0.005992 0.031510
v 0.076279 0.012329 0.017568
v 0.068220 0.020034 0.036542
v 0.076279 0.012329 0.017568
v 0.071633 0.026393 0.022989
v 0.061204 0.032962 0.040658
v 0.068220 0.020034 0.036542
v 0.071633 0.026393 0.022989
v 0.061204 0.032962 0.040658
v 0.071633 0.026393 0.022989
v 0.064347 0.039361 0.027510
v 0.051644 0.044104 0.043815
v 0.061204 0.032962 0.040658
v 0.064347 0.039361 0.027510
v 0.051644 0.044104 0.043815
v 0.064347 0.039361 0.027510
v 0.054520 0.050647 0.030888
v 0.047550 0.036708 0.055002
v 0.056280 0.026152 0.052299
v 0.061204 0.032962 0.040658
v 0.047550 0.036708 0.055002
v 0.061204 0.032962 0.040658
v 0.051644 0.044104 0.043815
v 0.042706 0.029183 0.063629
v 0.049757 0.019698 0.061812
v 0.056280 0.026152 0.052299
v 0.042706 0.029183 0.063629
v 0.056280 0.026152 0.052299
v 0.047550 0.036708 0.055002
v 0.065515 0.044806 0.013629
v 0.072644 0.032188 0.008806
v 0.071169 0.037299 -0.005246
v 0.065515 0.044806 0.013629
v 0.071169 0.037299 -0.005246
v 0.064628 0.049089 -0.000046
v 0.072644 0.032188 0.008806
v 0.077198 0.018442 0.003098
v 0.075362 0.024180 -0.011254
v 0.072644 0.032188 0.008806
v 0.075362 0.024180 -0.011254
v 0.071169 0.037299 -0.005246
v 0.064628 0.049089 -0.000046
v 0.071169 0.037299 -0.005246
v 0.067111 0.041773 -0.018374
v 0.064628 0.049089 -0.000046
v 0.067111 0.041773 -0.018374
v 0.061611 0.052267 -0.012516
v 0.071169 0.037299 -0.005246
v 0.075362 0.024180 -0.011254
v 0.070723 0.029460 -0.024815
v 0.071169 0.037299 -0.005246
v 0.070723 0.029460 -0.024815
v 0.067111 0.041773 -0.018374
v 0.054520 0.050647 0.030888
v 0.064347 0.039361 0.027510
v 0.065515 0.044806 0.013629
v 0.054520 0.050647 0.030888
v 0.065515 0.044806 0.013629
v 0.055903 0.055803 0.017115
v 0.064347 0.039361 0.027510
v 0.071633 0.026393 0.022989
v 0.072644 0.032188 0.008806
v 0.064347 0.039361 0.027510
v 0.072644 0.032188 0.008806
v 0.065515 0.044806 0.013629
v 0.071633 0.026393 0.022989
v 0.076279 0.012329 0.017568
v 0.077198 0.018442 0.003098
v 0.071633 0.026393 0.022989
v 0.077198 0.018442 0.003098
v 0.072644 0.032188 0.008806
v 0.076279 0.012329 0.017568
v 0.078190 -0.002241 0.011488
v 0.079076 0.004090 -0.003073
v 0.076279 0.012329 0.017568
v 0.079076 0.004090 -0.003073
v 0.077198 0.018442 0.003098
v 0.077198 0.018442 0.003098
v 0.079076 0.004090 -0.003073
v 0.077113 0.010246 -0.017461
v 0.077198 0.018442 0.003098
v 0.077113 0.010246 -0.017461
v 0.075362 0.024180 -0.011254
v 0.075362 0.024180 -0.011254
v 0.077113 0.010246 -0.017461
v 0.072286 0.015972 -0.031086
v 0.075362 0.024180 -0.011254
v 0.072286 0.015972 -0.031086
v 0.070723 0.029460 -0.024815
v 0.070723 0.029460 -0.024815
v 0.072286 0.015972 -0.031086
v 0.064580 0.021011 -0.043356
v 0.070723 0.029460 -0.024815
v 0.064580 0.021011 -0.043356
v 0.063223 0.034235 -0.036916
v 0.067111 0.041773 -0.018374
v 0.070723 0.029460 -0.024815
v 0.063223 0.034235 -0.036916
v 0.067111 0.041773 -0.018374
v 0.063223 0.034235 -0.036916
v 0.060276 0.045956 -0.029808
v 0.061611 0.052267 -0.012516
v 0.067111 0.041773 -0.018374
v 0.060276 0.045956 -0.029808
v 0.061611 0.052267 -0.012516
v 0.060276 0.045956 -0.029808
v 0.056139 0.055286 -0.022711
v 0.054242 0.060878 -0.008704
v 0.061611 0.052267 -0.012516
v 0.056139 0.055286 -0.022711
v 0.054242 0.060878 -0.008704
v 0.056139 0.055286 -0.022711
v 0.052269 0.061029 -0.017279
v 0.055760 0.059263 0.003528
v 0.064628 0.049089 -0.000046
v 0.061611 0.052267 -0.012516
v 0.055760 0.059263 0.003528
v 0.061611 0.052267 -0.012516
v 0.054242 0.060878 -0.008704
v 0.055903 0.055803 0.017115
v 0.065515 0.044806 0.013629
v 0.064628 0.049089 -0.000046
v 0.055903 0.055803 0.017115
v 0.064628 0.049089 -0.000046
v 0.055760 0.059263 0.003528
v 0.058839 -0.033173 0.043852
v 0.056546 -0.045316 0.036543
v 0.064450 -0.041186 0.025173
v 0.058839 -0.033173 0.043852
v 0.064450 -0.041186 0.025173
v 0.067468 -0.028273 0.032240
v 0.056546 -0.045316 0.036543
v 0.052382 -0.055534 0.029265
v 0.059029 -0.052632 0.018215
v 0.056546 -0.045316 0.036543
v 0.059029 -0.052632 0.018215
v 0.064450 -0.041186 0.025173
v 0.067468 -0.028273 0.032240
v 0.064450 -0.041186 0.025173
v 0.070186 -0.036281 0.012180
v 0.067468 -0.028273 0.032240
v 0.070186 -0.036281 0.012180
v 0.073670 -0.022765 0.019069
v 0.064450 -0.041186 0.025173
v 0.059029 -0.052632 0.018215
v 0.064048 -0.048519 0.005408
v 0.064450 -0.041186 0.025173
v 0.064048 -0.048519 0.005408
v 0.070186 -0.036281 0.012180
v 0.048110 -0.024240 0.059913
v 0.047922 -0.037420 0.053247
v 0.058839 -0.033173 0.043852
v 0.048110 -0.024240 0.059913
v 0.058839 -0.033173 0.043852
v 0.059288 -0.019742 0.050418
v 0.047922 -0.037420 0.053247
v 0.046490 -0.049016 0.045495
v 0.056546 -0.045316 0.036543
v 0.047922 -0.037420 0.053247
v 0.056546 -0.045316 0.036543
v 0.058839 -0.033173 0.043852
v 0.046490 -0.049016 0.045495
v 0.044051 -0.058157 0.037432
v 0.052382 -0.055534 0.029265
v 0.046490 -0.049016 0.045495
v 0.052382 -0.055534 0.029265
v 0.056546 -0.045316 0.036543
v 0.044051 -0.058157 0.037432
v 0.041589 -0.063718 0.031070
v 0.045949 -0.063749 0.023425
v 0.044051 -0.058157 0.037432
v 0.045949 -0.063749 0.023425
v 0.052382 -0.055534 0.029265
v 0.052382 -0.055534 0.029265
v 0.045949 -0.063749 0.023425
v 0.051007 -0.062322 0.012159
v 0.052382 -0.055534 0.029265
v 0.051007 -0.062322 0.012159
v 0.059029 -0.052632 0.018215
v 0.059029 -0.052632 0.018215
v 0.051007 -0.062322 0.012159
v 0.055243 -0.058988 -0.000785
v 0.059029 -0.052632 0.018215
v 0.055243 -0.058988 -0.000785
v 0.064048 -0.048519 0.005408
v 0.064048 -0.048519 0.005408
v 0.055243 -0.058988 -0.000785
v 0.058169 -0.053877 -0.014331
v 0.064048 -0.048519 0.005408
v 0.058169 -0.053877 -0.014331
v 0.067227 -0.043132 -0.008178
v 0.070186 -0.036281 0.012180
v 0.064048 -0.048519 0.005408
v 0.067227 -0.043132 -0.008178
v 0.070186 -0.036281 0.012180
v 0.067227 -0.043132 -0.008178
v 0.073620 -0.030555 -0.001648
v 0.073670 -0.022765 0.019069
v 0.070186 -0.036281 0.012180
v 0.073620 -0.030555 -0.001648
v 0.073670 -0.022765 0.019069
v 0.073620 -0.030555 -0.001648
v 0.077294 -0.016730 0.004996
v 0.074497 -0.008491 0.025638
v 0.073670 -0.022765 0.019069
v 0.077294 -0.016730 0.004996
v 0.074497 -0.008491 0.025638
v 0.077294 -0.016730 0.004996
v 0.078190 -0.002241 0.011488
v 0.068140 -0.014408 0.038803
v 0.067468 -0.028273 0.032240
v 0.073670 -0.022765 0.019069
v 0.068140 -0.014408 0.038803
v 0.073670 -0.022765 0.019069
v 0.074497 -0.008491 0.025638
v 0.059288 -0.019742 0.050418
v 0.058839 -0.033173 0.043852
v 0.067468 -0.028273 0.032240
v 0.059288 -0.019742 0.050418
v 0.067468 -0.028273 0.032240
v 0.068140 -0.014408 0.038803
v 0.078202 -0.010315 -0.009343
v 0.074610 -0.024127 -0.015557
v 0.073081 -0.017473 -0.028942
v 0.078202 -0.010315 -0.009343
v 0.073081 -0.017473 -0.028942
v 0.076342 -0.003893 -0.023399
v 0.074610 -0.024127 -0.015557
v 0.068359 -0.036675 -0.021622
v 0.067378 -0.029695 -0.034130
v 0.074610 -0.024127 -0.015557
v 0.067378 -0.029695 -0.034130
v 0.073081 -0.017473 -0.028942
v 0.076342 -0.003893 -0.023399
v 0.073081 -0.017473 -0.028942
v 0.068960 -0.011209 -0.041295
v 0.076342 -0.003893 -0.023399
v 0.068960 -0.011209 -0.041295
v 0.071678 0.002102 -0.036651
v 0.073081 -0.017473 -0.028942
v 0.067378 -0.029695 -0.034130
v 0.064237 -0.022964 -0.045063
v 0.073081 -0.017473 -0.028942
v 0.064237 -0.022964 -0.045063
v 0.068960 -0.011209 -0.041295
v 0.078190 -0.002241 0.011488
v 0.077294 -0.016730 0.004996
v 0.078202 -0.010315 -0.009343
v 0.078190 -0.002241 0.011488
v 0.078202 -0.010315 -0.009343
v 0.079076 0.004090 -0.003073
v 0.077294 -0.016730 0.004996
v 0.073620 -0.030555 -0.001648
v 0.074610 -0.024127 -0.015557
v 0.077294 -0.016730 0.004996
v 0.074610 -0.024127 -0.015557
v 0.078202 -0.010315 -0.009343
v 0.073620 -0.030555 -0.001648
v 0.067227 -0.043132 -0.008178
v 0.068359 -0.036675 -0.021622
v 0.073620 -0.030555 -0.001648
v 0.068359 -0.036675 -0.021622
v 0.074610 -0.024127 -0.015557
v 0.067227 -0.043132 -0.008178
v 0.058169 -0.053877 -0.014331
v 0.059501 -0.047289 -0.027484
v 0.067227 -0.043132 -0.008178
v 0.059501 -0.047289 -0.027484
v 0.068359 -0.036675 -0.021622
v 0.068359 -0.036675 -0.021622
v 0.059501 -0.047289 -0.027484
v 0.059216 -0.039767 -0.039315
v 0.068359 -0.036675 -0.021622
v 0.059216 -0.039767 -0.039315
v 0.067378 -0.029695 -0.034130
v 0.067378 -0.029695 -0.034130
v 0.059216 -0.039767 -0.039315
v 0.057485 -0.032054 -0.048908
v 0.067378 -0.029695 -0.034130
v 0.057485 -0.032054 -0.048908
v 0.064237 -0.022964 -0.045063
v 0.064237 -0.022964 -0.045063
v 0.057485 -0.032054 -0.048908
v 0.055307 -0.026029 -0.054942
v 0.064237 -0.022964 -0.045063
v 0.055307 -0.026029 -0.054942
v 0.058695 -0.017925 -0.054384
v 0.068960 -0.011209 -0.041295
v 0.064237 -0.022964 -0.045063
v 0.058695 -0.017925 -0.054384
v 0.068960 -0.011209 -0.041295
v 0.058695 -0.017925 -0.054384
v 0.062095 -0.006143 -0.052347
v 0.071678 0.002102 -0.036651
v 0.068960 -0.011209 -0.041295
v 0.062095 -0.006143 -0.052347
v 0.071678 0.002102 -0.036651
v 0.062095 -0.006143 -0.052347
v 0.064166 0.007211 -0.048608
v 0.072286 0.015972 -0.031086
v 0.071678 0.002102 -0.036651
v 0.064166 0.007211 -0.048608
v 0.072286 0.015972 -0.031086
v 0.064166 0.007211 -0.048608
v 0.064580 0.021011 -0.043356
v 0.077113 0.010246 -0.017461
v 0.076342 -0.003893 -0.023399
v 0.071678 0.002102 -0.036651
v 0.077113 0.010246 -0.017461
v 0.071678 0.002102 -0.036651
v 0.072286 0.015972 -0.031086
v 0.079076 0.004090 -0.003073
v 0.078202 -0.010315 -0.009343
v 0.076342 -0.003893 -0.023399
v 0.079076 0.004090 -0.003073
v 0.076342 -0.003893 -0.023399
v 0.077113 0.010246 -0.017461
v 0.047572 0.059341 -0.030000
v 0.050581 0.050101 -0.038960
v 0.038481 0.053770 -0.045955
v 0.047572 0.059341 -0.030000
v 0.038481 0.053770 -0.045955
v 0.036222 0.063402 -0.035422
v 0.050581 0.050101 -0.038960
v 0.052914 0.038434 -0.046995
v 0.040305 0.041844 -0.054912
v 0.050581 0.050101 -0.038960
v 0.040305 0.041844 -0.054912
v 0.038481 0.053770 -0.045955
v 0.036222 0.063402 -0.035422
v 0.038481 0.053770 -0.045955
v 0.024588 0.056401 -0.051040
v 0.036222 0.063402 -0.035422
v 0.024588 0.056401 -0.051040
v 0.022794 0.066331 -0.039574
v 0.038481 0.053770 -0.045955
v 0.040305 0.041844 -0.054912
v 0.026025 0.044226 -0.060630
v 0.038481 0.053770 -0.045955
v 0.026025 0.044226 -0.060630
v 0.024588 0.056401 -0.051040
v 0.052269 0.061029 -0.017279
v 0.056139 0.055286 -0.022711
v 0.047572 0.059341 -0.030000
v 0.052269 0.061029 -0.017279
v 0.047572 0.059341 -0.030000
v 0.045165 0.065451 -0.020007
v 0.056139 0.055286 -0.022711
v 0.060276 0.045956 -0.029808
v 0.050581 0.050101 -0.038960
v 0.056139 0.055286 -0.022711
v 0.050581 0.050101 -0.038960
v 0.047572 0.059341 -0.030000
v 0.060276 0.045956 -0.029808
v 0.063223 0.034235 -0.036916
v 0.052914 0.038434 -0.046995
v 0.060276 0.045956 -0.029808
v 0.052914 0.038434 -0.046995
v 0.050581 0.050101 -0.038960
v 0.063223 0.034235 -0.036916
v 0.064580 0.021011 -0.043356
v 0.054084 0.025143 -0.053754
v 0.063223 0.034235 -0.036916
v 0.054084 0.025143 -0.053754
v 0.052914 0.038434 -0.046995
v 0.052914 0.038434 -0.046995
v 0.054084 0.025143 -0.053754
v 0.041313 0.028284 -0.062045
v 0.052914 0.038434 -0.046995
v 0.041313 0.028284 -0.062045
v 0.040305 0.041844 -0.054912
v 0.040305 0.041844 -0.054912
v 0.041313 0.028284 -0.062045
v 0.026888 0.030385 -0.068066
v 0.040305 0.041844 -0.054912
v 0.026888 0.030385 -0.068066
v 0.026025 0.044226 -0.060630
v 0.026025 0.044226 -0.060630
v 0.026888 0.030385 -0.068066
v 0.011428 0.031398 -0.071654
v 0.026025 0.044226 -0.060630
v 0.011428 0.031398 -0.071654
v 0.010716 0.045364 -0.064082
v 0.024588 0.056401 -0.051040
v 0.026025 0.044226 -0.060630
v 0.010716 0.045364 -0.064082
v 0.024588 0.056401 -0.051040
v 0.010716 0.045364 -0.064082
v 0.009621 0.057638 -0.054237
v 0.022794 0.066331 -0.039574
v 0.024588 0.056401 -0.051040
v 0.009621 0.057638 -0.054237
v 0.022794 0.066331 -0.039574
v 0.009621 0.057638 -0.054237
v 0.008175 0.067664 -0.042443
v 0.020891 0.073444 -0.026487
v 0.022794 0.066331 -0.039574
v 0.008175 0.067664 -0.042443
v 0.020891 0.073444 -0.026487
v 0.008175 0.067664 -0.042443
v 0.006411 0.074888 -0.029025
v 0.034159 0.070147 -0.023373
v 0.036222 0.063402 -0.035422
v 0.022794 0.066331 -0.039574
v 0.034159 0.070147 -0.023373
v 0.022794 0.066331 -0.039574
v 0.020891 0.073444 -0.026487
v 0.045165 0.065451 -0.020007
v 0.047572 0.059341 -0.030000
v 0.036222 0.063402 -0.035422
v 0.045165 0.065451 -0.020007
v 0.036222 0.063402 -0.035422
v 0.034159 0.070147 -0.023373
v -0.006701 0.067177 -0.043908
v -0.005678 0.057269 -0.055487
v -0.020571 0.055462 -0.054632
v -0.006701 0.067177 -0.043908
v -0.020571 0.055462 -0.054632
v -0.020898 0.065039 -0.043815
v -0.005678 0.057269 -0.055487
v -0.004979 0.045114 -0.065186
v -0.020409 0.043584 -0.063833
v -0.005678 0.057269 -0.055487
v -0.020409 0.043584 -0.063833
v -0.020571 0.055462 -0.054632
v -0.020898 0.065039 -0.043815
v -0.020571 0.055462 -0.054632
v -0.034357 0.052536 -0.051440
v -0.020898 0.065039 -0.043815
v -0.034357 0.052536 -0.051440
v -0.033537 0.061666 -0.041917
v -0.020571 0.055462 -0.054632
v -0.020409 0.043584 -0.063833
v -0.034932 0.040951 -0.059902
v -0.020571 0.055462 -0.054632
v -0.034932 0.040951 -0.059902
v -0.034357 0.052536 -0.051440
v 0.006411 0.074888 -0.029025
v 0.008175 0.067664 -0.042443
v -0.006701 0.067177 -0.043908
v 0.006411 0.074888 -0.029025
v -0.006701 0.067177 -0.043908
v -0.008245 0.074279 -0.030768
v 0.008175 0.067664 -0.042443
v 0.009621 0.057638 -0.054237
v -0.005678 0.057269 -0.055487
v 0.008175 0.067664 -0.042443
v -0.005678 0.057269 -0.055487
v -0.006701 0.067177 -0.043908
v 0.009621 0.057638 -0.054237
v 0.010716 0.045364 -0.064082
v -0.004979 0.045114 -0.065186
v 0.009621 0.057638 -0.054237
v -0.004979 0.045114 -0.065186
v -0.005678 0.057269 -0.055487
v 0.010716 0.045364 -0.064082
v 0.011428 0.031398 -0.071654
v -0.004442 0.031283 -0.072669
v 0.010716 0.045364 -0.064082
v -0.004442 0.031283 -0.072669
v -0.004979 0.045114 -0.065186
v -0.004979 0.045114 -0.065186
v -0.004442 0.031283 -0.072669
v -0.020084 0.030044 -0.071066
v -0.004979 0.045114 -0.065186
v -0.020084 0.030044 -0.071066
v -0.020409 0.043584 -0.063833
v -0.020409 0.043584 -0.063833
v -0.020084 0.030044 -0.071066
v -0.034854 0.027692 -0.066821
v -0.020409 0.043584 -0.063833
v -0.034854 0.027692 -0.066821
v -0.034932 0.040951 -0.059902
v -0.034932 0.040951 -0.059902
v -0.034854 0.027692 -0.066821
v -0.048110 0.024241 -0.059913
v -0.034932 0.040951 -0.059902
v -0.048110 0.024241 -0.059913
v -0.047922 0.037421 -0.053247
v -0.034357 0.052536 -0.051440
v -0.034932 0.040951 -0.059902
v -0.047922 0.037421 -0.053247
v -0.034357 0.052536 -0.051440
v -0.047922 0.037421 -0.053247
v -0.046490 0.049016 -0.045495
v -0.033537 0.061666 -0.041917
v -0.034357 0.052536 -0.051440
v -0.046490 0.049016 -0.045495
v -0.033537 0.061666 -0.041917
v -0.046490 0.049016 -0.045495
v -0.044051 0.058158 -0.037432
v -0.033765 0.067713 -0.031604
v -0.033537 0.061666 -0.041917
v -0.044051 0.058158 -0.037432
v -0.033765 0.067713 -0.031604
v -0.044051 0.058158 -0.037432
v -0.041589 0.063718 -0.031070
v -0.022011 0.071757 -0.031626
v -0.020898 0.065039 -0.043815
v -0.033537 0.061666 -0.041917
v -0.022011 0.071757 -0.031626
v -0.033537 0.061666 -0.041917
v -0.033765 0.067713 -0.031604
v -0.008245 0.074279 -0.030768
v -0.006701 0.067177 -0.043908
v -0.020898 0.065039 -0.043815
v -0.008245 0.074279 -0.030768
v -0.020898 0.065039 -0.043815
v -0.022011 0.071757 -0.031626
v 0.053868 0.011076 -0.058830
v 0.052431 -0.002880 -0.061881
v 0.040392 -0.001003 -0.069651
v 0.053868 0.011076 -0.058830
v 0.040392 -0.001003 -0.069651
v 0.041285 0.013771 -0.067057
v 0.052431 -0.002880 -0.061881
v 0.050197 -0.015890 -0.062547
v 0.038972 -0.015383 -0.069506
v 0.052431 -0.002880 -0.061881
v 0.038972 -0.015383 -0.069506
v 0.040392 -0.001003 -0.069651
v 0.041285 0.013771 -0.067057
v 0.040392 -0.001003 -0.069651
v 0.026554 0.000086 -0.075403
v 0.041285 0.013771 -0.067057
v 0.026554 0.000086 -0.075403
v 0.027029 0.015468 -0.073071
v 0.040392 -0.001003 -0.069651
v 0.038972 -0.015383 -0.069506
v 0.025638 -0.015149 -0.074824
v 0.040392 -0.001003 -0.069651
v 0.025638 -0.015149 -0.074824
v 0.026554 0.000086 -0.075403
v 0.064580 0.021011 -0.043356
v 0.064166 0.007211 -0.048608
v 0.053868 0.011076 -0.058830
v 0.064580 0.021011 -0.043356
v 0.053868 0.011076 -0.058830
v 0.054084 0.025143 -0.053754
v 0.064166 0.007211 -0.048608
v 0.062095 -0.006143 -0.052347
v 0.052431 -0.002880 -0.061881
v 0.064166 0.007211 -0.048608
v 0.052431 -0.002880 -0.061881
v 0.053868 0.011076 -0.058830
v 0.062095 -0.006143 -0.052347
v 0.058695 -0.017925 -0.054384
v 0.050197 -0.015890 -0.062547
v 0.062095 -0.006143 -0.052347
v 0.050197 -0.015890 -0.062547
v 0.052431 -0.002880 -0.061881
v 0.058695 -0.017925 -0.054384
v 0.055307 -0.026029 -0.054942
v 0.048409 -0.027480 -0.060211
v 0.058695 -0.017925 -0.054384
v 0.048409 -0.027480 -0.060211
v 0.050197 -0.015890 -0.062547
v 0.050197 -0.015890 -0.062547
v 0.048409 -0.027480 -0.060211
v 0.037615 -0.028884 -0.066216
v 0.050197 -0.015890 -0.062547
v 0.037615 -0.028884 -0.066216
v 0.038972 -0.015383 -0.069506
v 0.038972 -0.015383 -0.069506
v 0.037615 -0.028884 -0.066216
v 0.024489 -0.029648 -0.071087
v 0.038972 -0.015383 -0.069506
v 0.024489 -0.029648 -0.071087
v 0.025638 -0.015149 -0.074824
v 0.025638 -0.015149 -0.074824
v 0.024489 -0.029648 -0.071087
v 0.010059 -0.029636 -0.074244
v 0.025638 -0.015149 -0.074824
v 0.010059 -0.029636 -0.074244
v 0.011055 -0.014829 -0.078132
v 0.026554 0.000086 -0.075403
v 0.025638 -0.015149 -0.074824
v 0.011055 -0.014829 -0.078132
v 0.026554 0.000086 -0.075403
v 0.011055 -0.014829 -0.078132
v 0.011609 0.000690 -0.078874
v 0.027029 0.015468 -0.073071
v 0.026554 0.000086 -0.075403
v 0.011609 0.000690 -0.078874
v 0.027029 0.015468 -0.073071
v 0.011609 0.000690 -0.078874
v 0.011730 0.016304 -0.076654
v 0.026888 0.030385 -0.068066
v 0.027029 0.015468 -0.073071
v 0.011730 0.016304 -0.076654
v 0.026888 0.030385 -0.068066
v 0.011730 0.016304 -0.076654
v 0.011428 0.031398 -0.071654
v 0.041313 0.028284 -0.062045
v 0.041285 0.013771 -0.067057
v 0.027029 0.015468 -0.073071
v 0.041313 0.028284 -0.062045
v 0.027029 0.015468 -0.073071
v 0.026888 0.030385 -0.068066
v 0.054084 0.025143 -0.053754
v 0.053868 0.011076 -0.058830
v 0.041285 0.013771 -0.067057
v 0.054084 0.025143 -0.053754
v 0.041285 0.013771 -0.067057
v 0.041313 0.028284 -0.062045
v -0.003975 0.016357 -0.077627
v -0.003713 0.000954 -0.079850
v -0.018659 0.000690 -0.078328
v -0.003975 0.016357 -0.077627
v -0.018659 0.000690 -0.078328
v -0.019429 0.015511 -0.075978
v -0.003713 0.000954 -0.079850
v -0.003857 -0.014304 -0.079158
v -0.018149 -0.013746 -0.077898
v -0.003713 0.000954 -0.079850
v -0.018149 -0.013746 -0.077898
v -0.018659 0.000690 -0.078328
v -0.019429 0.015511 -0.075978
v -0.018659 0.000690 -0.078328
v -0.032508 -0.000446 -0.074361
v -0.019429 0.015511 -0.075978
v -0.032508 -0.000446 -0.074361
v -0.033977 0.013594 -0.071737
v -0.018659 0.000690 -0.078328
v -0.018149 -0.013746 -0.077898
v -0.030911 -0.013566 -0.074464
v -0.018659 0.000690 -0.078328
v -0.030911 -0.013566 -0.074464
v -0.032508 -0.000446 -0.074361
v 0.011428 0.031398 -0.071654
v 0.011730 0.016304 -0.076654
v -0.003975 0.016357 -0.077627
v 0.011428 0.031398 -0.071654
v -0.003975 0.016357 -0.077627
v -0.004442 0.031283 -0.072669
v 0.011730 0.016304 -0.076654
v 0.011609 0.000690 -0.078874
v -0.003713 0.000954 -0.079850
v 0.011730 0.016304 -0.076654
v -0.003713 0.000954 -0.079850
v -0.003975 0.016357 -0.077627
v 0.011609 0.000690 -0.078874
v 0.011055 -0.014829 -0.078132
v -0.003857 -0.014304 -0.079158
v 0.011609 0.000690 -0.078874
v -0.003857 -0.014304 -0.079158
v -0.003713 0.000954 -0.079850
v 0.011055 -0.014829 -0.078132
v 0.010059 -0.029636 -0.074244
v -0.004646 -0.028813 -0.075367
v 0.011055 -0.014829 -0.078132
v -0.004646 -0.028813 -0.075367
v -0.003857 -0.014304 -0.079158
v -0.003857 -0.014304 -0.079158
v -0.004646 -0.028813 -0.075367
v -0.018554 -0.027274 -0.074468
v -0.003857 -0.014304 -0.079158
v -0.018554 -0.027274 -0.074468
v -0.018149 -0.013746 -0.077898
v -0.018149 -0.013746 -0.077898
v -0.018554 -0.027274 -0.074468
v -0.030522 -0.025218 -0.071808
v -0.018149 -0.013746 -0.077898
v -0.030522 -0.025218 -0.071808
v -0.030911 -0.013566 -0.074464
v -0.030911 -0.013566 -0.074464
v -0.030522 -0.025218 -0.071808
v -0.038551 -0.023339 -0.068733
v -0.030911 -0.013566 -0.074464
v -0.038551 -0.023339 -0.068733
v -0.041496 -0.015054 -0.069104
v -0.032508 -0.000446 -0.074361
v -0.030911 -0.013566 -0.074464
v -0.041496 -0.015054 -0.069104
v -0.032508 -0.000446 -0.074361
v -0.041496 -0.015054 -0.069104
v -0.044672 -0.003083 -0.068034
v -0.033977 0.013594 -0.071737
v -0.032508 -0.000446 -0.074361
v -0.044672 -0.003083 -0.068034
v -0.033977 0.013594 -0.071737
v -0.044672 -0.003083 -0.068034
v -0.046979 0.010396 -0.064938
v -0.034854 0.027692 -0.066821
v -0.033977 0.013594 -0.071737
v -0.046979 0.010396 -0.064938
v -0.034854 0.027692 -0.066821
v -0.046979 0.010396 -0.064938
v -0.048110 0.024241 -0.059913
v -0.020084 0.030044 -0.071066
v -0.019429 0.015511 -0.075978
v -0.033977 0.013594 -0.071737
v -0.020084 0.030044 -0.071066
v -0.033977 0.013594 -0.071737
v -0.034854 0.027692 -0.066821
v -0.004442 0.031283 -0.072669
v -0.003975 0.016357 -0.077627
v -0.019429 0.015511 -0.075978
v -0.004442 0.031283 -0.072669
v -0.019429 0.015511 -0.075978
v -0.020084 0.030044 -0.071066
v 0.044636 0.067990 -0.008334
v 0.032766 0.073584 -0.009913
v 0.031646 0.073907 0.004491
v 0.044636 0.067990 -0.008334
v 0.031646 0.073907 0.004491
v 0.044642 0.067600 0.004878
v 0.032766 0.073584 -0.009913
v 0.019070 0.077303 -0.012089
v 0.017258 0.077997 0.003061
v 0.032766 0.073584 -0.009913
v 0.017258 0.077997 0.003061
v 0.031646 0.073907 0.004491
v 0.044642 0.067600 0.004878
v 0.031646 0.073907 0.004491
v 0.030257 0.071447 0.019249
v 0.044642 0.067600 0.004878
v 0.030257 0.071447 0.019249
v 0.043981 0.064751 0.018934
v 0.031646 0.073907 0.004491
v 0.017258 0.077997 0.003061
v 0.015325 0.075749 0.018341
v 0.031646 0.073907 0.004491
v 0.015325 0.075749 0.018341
v 0.030257 0.071447 0.019249
v 0.052269 0.061029 -0.017279
v 0.045165 0.065451 -0.020007
v 0.044636 0.067990 -0.008334
v 0.052269 0.061029 -0.017279
v 0.044636 0.067990 -0.008334
v 0.054242 0.060878 -0.008704
v 0.045165 0.065451 -0.020007
v 0.034159 0.070147 -0.023373
v 0.032766 0.073584 -0.009913
v 0.045165 0.065451 -0.020007
v 0.032766 0.073584 -0.009913
v 0.044636 0.067990 -0.008334
v 0.034159 0.070147 -0.023373
v 0.020891 0.073444 -0.026487
v 0.019070 0.077303 -0.012089
v 0.034159 0.070147 -0.023373
v 0.019070 0.077303 -0.012089
v 0.032766 0.073584 -0.009913
v 0.020891 0.073444 -0.026487
v 0.006411 0.074888 -0.029025
v 0.004370 0.078877 -0.014353
v 0.020891 0.073444 -0.026487
v 0.004370 0.078877 -0.014353
v 0.019070 0.077303 -0.012089
v 0.019070 0.077303 -0.012089
v 0.004370 0.078877 -0.014353
v 0.002135 0.079692 0.001011
v 0.019070 0.077303 -0.012089
v 0.002135 0.079692 0.001011
v 0.017258 0.077997 0.003061
v 0.017258 0.077997 0.003061
v 0.002135 0.079692 0.001011
v -0.000196 0.077513 0.016457
v 0.017258 0.077997 0.003061
v -0.000196 0.077513 0.016457
v 0.015325 0.075749 0.018341
v 0.015325 0.075749 0.018341
v -0.000196 0.077513 0.016457
v -0.002531 0.072525 0.031376
v 0.015325 0.075749 0.018341
v -0.002531 0.072525 0.031376
v 0.013179 0.070774 0.033114
v 0.030257 0.071447 0.019249
v 0.015325 0.075749 0.018341
v 0.013179 0.070774 0.033114
v 0.030257 0.071447 0.019249
v 0.013179 0.070774 0.033114
v 0.028347 0.066485 0.033654
v 0.043981 0.064751 0.018934
v 0.030257 0.071447 0.019249
v 0.028347 0.066485 0.033654
v 0.043981 0.064751 0.018934
v 0.028347 0.066485 0.033654
v 0.042339 0.059746 0.032932
v 0.055903 0.055803 0.017115
v 0.043981 0.064751 0.018934
v 0.042339 0.059746 0.032932
v 0.055903 0.055803 0.017115
v 0.042339 0.059746 0.032932
v 0.054520 0.050647 0.030888
v 0.055760 0.059263 0.003528
v 0.044642 0.067600 0.004878
v 0.043981 0.064751 0.018934
v 0.055760 0.059263 0.003528
v 0.043981 0.064751 0.018934
v 0.055903 0.055803 0.017115
v 0.054242 0.060878 -0.008704
v 0.044636 0.067990 -0.008334
v 0.044642 0.067600 0.004878
v 0.054242 0.060878 -0.008704
v 0.044642 0.067600 0.004878
v 0.055760 0.059263 0.003528
v 0.039670 0.052907 0.045963
v 0.025833 0.059294 0.046985
v 0.023015 0.050194 0.058606
v 0.039670 0.052907 0.045963
v 0.023015 0.050194 0.058606
v 0.036294 0.044663 0.057223
v 0.025833 0.059294 0.046985
v 0.010794 0.063300 0.046754
v 0.008384 0.053617 0.058700
v 0.025833 0.059294 0.046985
v 0.008384 0.053617 0.058700
v 0.023015 0.050194 0.058606
v 0.036294 0.044663 0.057223
v 0.023015 0.050194 0.058606
v 0.020351 0.039477 0.067926
v 0.036294 0.044663 0.057223
v 0.020351 0.039477 0.067926
v 0.032782 0.035420 0.065994
v 0.023015 0.050194 0.058606
v 0.008384 0.053617 0.058700
v 0.006231 0.042028 0.068413
v 0.023015 0.050194 0.058606
v 0.006231 0.042028 0.068413
v 0.020351 0.039477 0.067926
v 0.054520 0.050647 0.030888
v 0.042339 0.059746 0.032932
v 0.039670 0.052907 0.045963
v 0.054520 0.050647 0.030888
v 0.039670 0.052907 0.045963
v 0.051644 0.044104 0.043815
v 0.042339 0.059746 0.032932
v 0.028347 0.066485 0.033654
v 0.025833 0.059294 0.046985
v 0.042339 0.059746 0.032932
v 0.025833 0.059294 0.046985
v 0.039670 0.052907 0.045963
v 0.028347 0.066485 0.033654
v 0.013179 0.070774 0.033114
v 0.010794 0.063300 0.046754
v 0.028347 0.066485 0.033654
v 0.010794 0.063300 0.046754
v 0.025833 0.059294 0.046985
v 0.013179 0.070774 0.033114
v -0.002531 0.072525 0.031376
v -0.004775 0.064933 0.045168
v 0.013179 0.070774 0.033114
v -0.004775 0.064933 0.045168
v 0.010794 0.063300 0.046754
v 0.010794 0.063300 0.046754
v -0.004775 0.064933 0.045168
v -0.006838 0.055037 0.057275
v 0.010794 0.063300 0.046754
v -0.006838 0.055037 0.057275
v 0.008384 0.053617 0.058700
v 0.008384 0.053617 0.058700
v -0.006838 0.055037 0.057275
v -0.008629 0.043164 0.067150
v 0.008384 0.053617 0.058700
v -0.008629 0.043164 0.067150
v 0.006231 0.042028 0.068413
v 0.006231 0.042028 0.068413
v -0.008629 0.043164 0.067150
v -0.010059 0.029637 0.074244
v 0.006231 0.042028 0.068413
v -0.010059 0.029637 0.074244
v 0.004646 0.028813 0.075368
v 0.020351 0.039477 0.067926
v 0.006231 0.042028 0.068413
v 0.004646 0.028813 0.075368
v 0.020351 0.039477 0.067926
v 0.004646 0.028813 0.075368
v 0.018554 0.027274 0.074469
v 0.032782 0.035420 0.065994
v 0.020351 0.039477 0.067926
v 0.018554 0.027274 0.074469
v 0.032782 0.035420 0.065994
v 0.018554 0.027274 0.074469
v 0.030522 0.025219 0.071808
v 0.042706 0.029183 0.063629
v 0.032782 0.035420 0.065994
v 0.030522 0.025219 0.071808
v 0.042706 0.029183 0.063629
v 0.030522 0.025219 0.071808
v 0.038551 0.023339 0.068733
v 0.047550 0.036708 0.055002
v 0.036294 0.044663 0.057223
v 0.032782 0.035420 0.065994
v 0.047550 0.036708 0.055002
v 0.032782 0.035420 0.065994
v 0.042706 0.029183 0.063629
v 0.051644 0.044104 0.043815
v 0.039670 0.052907 0.045963
v 0.036294 0.044663 0.057223
v 0.051644 0.044104 0.043815
v 0.036294 0.044663 0.057223
v 0.047550 0.036708 0.055002
v -0.010425 0.078148 -0.016423
v -0.024355 0.075221 -0.018305
v -0.027406 0.075599 -0.004185
v -0.010425 0.078148 -0.016423
v -0.027406 0.075599 -0.004185
v -0.013008 0.078864 -0.001386
v -0.024355 0.075221 -0.018305
v -0.036472 0.070314 -0.020251
v -0.040297 0.070035 -0.007602
v -0.024355 0.075221 -0.018305
v -0.040297 0.070035 -0.007602
v -0.027406 0.075599 -0.004185
v -0.013008 0.078864 -0.001386
v -0.027406 0.075599 -0.004185
v -0.030457 0.073188 0.010329
v -0.013008 0.078864 -0.001386
v -0.030457 0.073188 0.010329
v -0.015678 0.076638 0.013786
v -0.027406 0.075599 -0.004185
v -0.040297 0.070035 -0.007602
v -0.043865 0.067268 0.006027
v -0.027406 0.075599 -0.004185
v -0.043865 0.067268 0.006027
v -0.030457 0.073188 0.010329
v 0.006411 0.074888 -0.029025
v -0.008245 0.074279 -0.030768
v -0.010425 0.078148 -0.016423
v 0.006411 0.074888 -0.029025
v -0.010425 0.078148 -0.016423
v 0.004370 0.078877 -0.014353
v -0.008245 0.074279 -0.030768
v -0.022011 0.071757 -0.031626
v -0.024355 0.075221 -0.018305
v -0.008245 0.074279 -0.030768
v -0.024355 0.075221 -0.018305
v -0.010425 0.078148 -0.016423
v -0.022011 0.071757 -0.031626
v -0.033765 0.067713 -0.031604
v -0.036472 0.070314 -0.020251
v -0.022011 0.071757 -0.031626
v -0.036472 0.070314 -0.020251
v -0.024355 0.075221 -0.018305
v -0.033765 0.067713 -0.031604
v -0.041589 0.063718 -0.031070
v -0.045949 0.063749 -0.023425
v -0.033765 0.067713 -0.031604
v -0.045949 0.063749 -0.023425
v -0.036472 0.070314 -0.020251
v -0.036472 0.070314 -0.020251
v -0.045949 0.063749 -0.023425
v -0.051007 0.062323 -0.012159
v -0.036472 0.070314 -0.020251
v -0.051007 0.062323 -0.012159
v -0.040297 0.070035 -0.007602
v -0.040297 0.070035 -0.007602
v -0.051007 0.062323 -0.012159
v -0.055243 0.058989 0.000785
v -0.040297 0.070035 -0.007602
v -0.055243 0.058989 0.000785
v -0.043865 0.067268 0.006027
v -0.043865 0.067268 0.006027
v -0.055243 0.058989 0.000785
v -0.058169 0.053877 0.014331
v -0.043865 0.067268 0.006027
v -0.058169 0.053877 0.014331
v -0.046599 0.062295 0.019865
v -0.030457 0.073188 0.010329
v -0.043865 0.067268 0.006027
v -0.046599 0.062295 0.019865
v -0.030457 0.073188 0.010329
v -0.046599 0.062295 0.019865
v -0.033050 0.068244 0.024633
v -0.015678 0.076638 0.013786
v -0.030457 0.073188 0.010329
v -0.033050 0.068244 0.024633
v -0.015678 0.076638 0.013786
v -0.033050 0.068244 0.024633
v -0.018151 0.071672 0.028511
v -0.000196 0.077513 0.016457
v -0.015678 0.076638 0.013786
v -0.018151 0.071672 0.028511
v -0.000196 0.077513 0.016457
v -0.018151 0.071672 0.028511
v -0.002531 0.072525 0.031376
v 0.002135 0.079692 0.001011
v -0.013008 0.078864 -0.001386
v -0.015678 0.076638 0.013786
v 0.002135 0.079692 0.001011
v -0.015678 0.076638 0.013786
v -0.000196 0.077513 0.016457
v 0.004370 0.078877 -0.014353
v -0.010425 0.078148 -0.016423
v -0.013008 0.078864 -0.001386
v 0.004370 0.078877 -0.014353
v -0.013008 0.078864 -0.001386
v 0.002135 0.079692 0.001011
v -0.020210 0.064188 0.042198
v -0.034881 0.061034 0.038065
v -0.036036 0.051887 0.049930
v -0.020210 0.064188 0.042198
v -0.036036 0.051887 0.049930
v -0.021882 0.054484 0.054253
v -0.034881 0.061034 0.038065
v -0.048176 0.055425 0.033056
v -0.048645 0.047098 0.044743
v -0.034881 0.061034 0.038065
v -0.048645 0.047098 0.044743
v -0.036036 0.051887 0.049930
v -0.021882 0.054484 0.054253
v -0.036036 0.051887 0.049930
v -0.036769 0.041114 0.059533
v -0.021882 0.054484 0.054253
v -0.036769 0.041114 0.059533
v -0.023264 0.042873 0.064080
v -0.036036 0.051887 0.049930
v -0.048645 0.047098 0.044743
v -0.048326 0.037745 0.054077
v -0.036036 0.051887 0.049930
v -0.048326 0.037745 0.054077
v -0.036769 0.041114 0.059533
v -0.002531 0.072525 0.031376
v -0.018151 0.071672 0.028511
v -0.020210 0.064188 0.042198
v -0.002531 0.072525 0.031376
v -0.020210 0.064188 0.042198
v -0.004775 0.064933 0.045168
v -0.018151 0.071672 0.028511
v -0.033050 0.068244 0.024633
v -0.034881 0.061034 0.038065
v -0.018151 0.071672 0.028511
v -0.034881 0.061034 0.038065
v -0.020210 0.064188 0.042198
v -0.033050 0.068244 0.024633
v -0.046599 0.062295 0.019865
v -0.048176 0.055425 0.033056
v -0.033050 0.068244 0.024633
v -0.048176 0.055425 0.033056
v -0.034881 0.061034 0.038065
v -0.046599 0.062295 0.019865
v -0.058169 0.053877 0.014331
v -0.059501 0.047289 0.027485
v -0.046599 0.062295 0.019865
v -0.059501 0.047289 0.027485
v -0.048176 0.055425 0.033056
v -0.048176 0.055425 0.033056
v -0.059501 0.047289 0.027485
v -0.059216 0.039768 0.039315
v -0.048176 0.055425 0.033056
v -0.059216 0.039768 0.039315
v -0.048645 0.047098 0.044743
v -0.048645 0.047098 0.044743
v -0.059216 0.039768 0.039315
v -0.057485 0.032054 0.048908
v -0.048645 0.047098 0.044743
v -0.057485 0.032054 0.048908
v -0.048326 0.037745 0.054077
v -0.048326 0.037745 0.054077
v -0.057485 0.032054 0.048908
v -0.055307 0.026029 0.054942
v -0.048326 0.037745 0.054077
v -0.055307 0.026029 0.054942
v -0.048409 0.027481 0.060211
v -0.036769 0.041114 0.059533
v -0.048326 0.037745 0.054077
v -0.048409 0.027481 0.060211
v -0.036769 0.041114 0.059533
v -0.048409 0.027481 0.060211
v -0.037615 0.028884 0.066216
v -0.023264 0.042873 0.064080
v -0.036769 0.041114 0.059533
v -0.037615 0.028884 0.066216
v -0.023264 0.042873 0.064080
v -0.037615 0.028884 0.066216
v -0.024489 0.029648 0.071087
v -0.008629 0.043164 0.067150
v -0.023264 0.042873 0.064080
v -0.024489 0.029648 0.071087
v -0.008629 0.043164 0.067150
v -0.024489 0.029648 0.071087
v -0.010059 0.029637 0.074244
v -0.006838 0.055037 0.057275
v -0.021882 0.054484 0.054253
v -0.023264 0.042873 0.064080
v -0.006838 0.055037 0.057275
v -0.023264 0.042873 0.064080
v -0.008629 0.043164 0.067150
v -0.004775 0.064933 0.045168
v -0.020210 0.064188 0.042198
v -0.021882 0.054484 0.054253
v -0.004775 0.064933 0.045168
v -0.021882 0.054484 0.054253
v -0.006838 0.055037 0.057275
v -0.032782 -0.035420 -0.065994
v -0.020351 -0.039476 -0.067926
v -0.023015 -0.050194 -0.058606
v -0.032782 -0.035420 -0.065994
v -0.023015 -0.050194 -0.058606
v -0.036293 -0.044663 -0.057223
v -0.020351 -0.039476 -0.067926
v -0.006231 -0.042027 -0.068413
v -0.008384 -0.053616 -0.058700
v -0.020351 -0.039476 -0.067926
v -0.008384 -0.053616 -0.058700
v -0.023015 -0.050194 -0.058606
v -0.036293 -0.044663 -0.057223
v -0.023015 -0.050194 -0.058606
v -0.025833 -0.059293 -0.046985
v -0.036293 -0.044663 -0.057223
v -0.025833 -0.059293 -0.046985
v -0.039670 -0.052906 -0.045963
v -0.023015 -0.050194 -0.058606
v -0.008384 -0.053616 -0.058700
v -0.010794 -0.063299 -0.046753
v -0.023015 -0.050194 -0.058606
v -0.010794 -0.063299 -0.046753
v -0.025833 -0.059293 -0.046985
v -0.038551 -0.023339 -0.068733
v -0.030522 -0.025218 -0.071808
v -0.032782 -0.035420 -0.065994
v -0.038551 -0.023339 -0.068733
v -0.032782 -0.035420 -0.065994
v -0.042705 -0.029182 -0.063629
v -0.030522 -0.025218 -0.071808
v -0.018554 -0.027274 -0.074468
v -0.020351 -0.039476 -0.067926
v -0.030522 -0.025218 -0.071808
v -0.020351 -0.039476 -0.067926
v -0.032782 -0.035420 -0.065994
v -0.018554 -0.027274 -0.074468
v -0.004646 -0.028813 -0.075367
v -0.006231 -0.042027 -0.068413
v -0.018554 -0.027274 -0.074468
v -0.006231 -0.042027 -0.068413
v -0.020351 -0.039476 -0.067926
v -0.004646 -0.028813 -0.075367
v 0.010059 -0.029636 -0.074244
v 0.008629 -0.043163 -0.067150
v -0.004646 -0.028813 -0.075367
v 0.008629 -0.043163 -0.067150
v -0.006231 -0.042027 -0.068413
v -0.006231 -0.042027 -0.068413
v 0.008629 -0.043163 -0.067150
v 0.006838 -0.055037 -0.057275
v -0.006231 -0.042027 -0.068413
v 0.006838 -0.055037 -0.057275
v -0.008384 -0.053616 -0.058700
v -0.008384 -0.053616 -0.058700
v 0.006838 -0.055037 -0.057275
v 0.004776 -0.064932 -0.045168
v -0.008384 -0.053616 -0.058700
v 0.004776 -0.064932 -0.045168
v -0.010794 -0.063299 -0.046753
v -0.010794 -0.063299 -0.046753
v 0.004776 -0.064932 -0.045168
v 0.002531 -0.072524 -0.031376
v -0.010794 -0.063299 -0.046753
v 0.002531 -0.072524 -0.031376
v -0.013179 -0.070773 -0.033114
v -0.025833 -0.059293 -0.046985
v -0.010794 -0.063299 -0.046753
v -0.013179 -0.070773 -0.033114
v -0.025833 -0.059293 -0.046985
v -0.013179 -0.070773 -0.033114
v -0.028347 -0.066484 -0.033653
v -0.039670 -0.052906 -0.045963
v -0.025833 -0.059293 -0.046985
v -0.028347 -0.066484 -0.033653
v -0.039670 -0.052906 -0.045963
v -0.028347 -0.066484 -0.033653
v -0.042339 -0.059745 -0.032932
v -0.051644 -0.044103 -0.043815
v -0.039670 -0.052906 -0.045963
v -0.042339 -0.059745 -0.032932
v -0.051644 -0.044103 -0.043815
v -0.042339 -0.059745 -0.032932
v -0.054520 -0.050647 -0.030888
v -0.047550 -0.036707 -0.055002
v -0.036293 -0.044663 -0.057223
v -0.039670 -0.052906 -0.045963
v -0.047550 -0.036707 -0.055002
v -0.039670 -0.052906 -0.045963
v -0.051644 -0.044103 -0.043815
v -0.042705 -0.029182 -0.063629
v -0.032782 -0.035420 -0.065994
v -0.036293 -0.044663 -0.057223
v -0.042705 -0.029182 -0.063629
v -0.036293 -0.044663 -0.057223
v -0.047550 -0.036707 -0.055002
v -0.043981 -0.064750 -0.018934
v -0.030257 -0.071447 -0.019249
v -0.031646 -0.073906 -0.004491
v -0.043981 -0.064750 -0.018934
v -0.031646 -0.073906 -0.004491
v -0.044642 -0.067600 -0.004877
v -0.030257 -0.071447 -0.019249
v -0.015325 -0.075749 -0.018341
v -0.017258 -0.077997 -0.003061
v -0.030257 -0.071447 -0.019249
v -0.017258 -0.077997 -0.003061
v -0.031646 -0.073906 -0.004491
v -0.044642 -0.067600 -0.004877
v -0.031646 -0.073906 -0.004491
v -0.032765 -0.073584 0.009913
v -0.044642 -0.067600 -0.004877
v -0.032765 -0.073584 0.009913
v -0.044636 -0.067989 0.008334
v -0.031646 -0.073906 -0.004491
v -0.017258 -0.077997 -0.003061
v -0.019070 -0.077302 0.012090
v -0.031646 -0.073906 -0.004491
v -0.019070 -0.077302 0.012090
v -0.032765 -0.073584 0.009913
v -0.054520 -0.050647 -0.030888
v -0.042339 -0.059745 -0.032932
v -0.043981 -0.064750 -0.018934
v -0.054520 -0.050647 -0.030888
v -0.043981 -0.064750 -0.018934
v -0.055903 -0.055803 -0.017115
v -0.042339 -0.059745 -0.032932
v -0.028347 -0.066484 -0.033653
v -0.030257 -0.071447 -0.019249
v -0.042339 -0.059745 -0.032932
v -0.030257 -0.071447 -0.019249
v -0.043981 -0.064750 -0.018934
v -0.028347 -0.066484 -0.033653
v -0.013179 -0.070773 -0.033114
v -0.015325 -0.075749 -0.018341
v -0.028347 -0.066484 -0.033653
v -0.015325 -0.075749 -0.018341
v -0.030257 -0.071447 -0.019249
v -0.013179 -0.070773 -0.033114
v 0.002531 -0.072524 -0.031376
v 0.000197 -0.077513 -0.016457
v -0.013179 -0.070773 -0.033114
v 0.000197 -0.077513 -0.016457
v -0.015325 -0.075749 -0.018341
v -0.015325 -0.075749 -0.018341
v 0.000197 -0.077513 -0.016457
v -0.002135 -0.079691 -0.001011
v -0.015325 -0.075749 -0.018341
v -0.002135 -0.079691 -0.001011
v -0.017258 -0.077997 -0.003061
v -0.017258 -0.077997 -0.003061
v -0.002135 -0.079691 -0.001011
v -0.004369 -0.078877 0.014353
v -0.017258 -0.077997 -0.003061
v -0.004369 -0.078877 0.014353
v -0.019070 -0.077302 0.012090
v -0.019070 -0.077302 0.012090
v -0.004369 -0.078877 0.014353
v -0.006411 -0.074887 0.029025
v -0.019070 -0.077302 0.012090
v -0.006411 -0.074887 0.029025
v -0.020891 -0.073444 0.026487
v -0.032765 -0.073584 0.009913
v -0.019070 -0.077302 0.012090
v -0.020891 -0.073444 0.026487
v -0.032765 -0.073584 0.009913
v -0.020891 -0.073444 0.026487
v -0.034158 -0.070146 0.023373
v -0.044636 -0.067989 0.008334
v -0.032765 -0.073584 0.009913
v -0.034158 -0.070146 0.023373
v -0.044636 -0.067989 0.008334
v -0.034158 -0.070146 0.023373
v -0.045165 -0.065450 0.020007
v -0.054241 -0.060877 0.008704
v -0.044636 -0.067989 0.008334
v -0.045165 -0.065450 0.020007
v -0.054241 -0.060877 0.008704
v -0.045165 -0.065450 0.020007
v -0.052268 -0.061028 0.017280
v -0.055760 -0.059263 -0.003528
v -0.044642 -0.067600 -0.004877
v -0.044636 -0.067989 0.008334
v -0.055760 -0.059263 -0.003528
v -0.044636 -0.067989 0.008334
v -0.054241 -0.060877 0.008704
v -0.055903 -0.055803 -0.017115
v -0.043981 -0.064750 -0.018934
v -0.044642 -0.067600 -0.004877
v -0.055903 -0.055803 -0.017115
v -0.044642 -0.067600 -0.004877
v -0.055760 -0.059263 -0.003528
v 0.023264 -0.042872 -0.064079
v 0.036769 -0.041113 -0.059533
v 0.036036 -0.051886 -0.049930
v 0.023264 -0.042872 -0.064079
v 0.036036 -0.051886 -0.049930
v 0.021882 -0.054484 -0.054253
v 0.036769 -0.041113 -0.059533
v 0.048327 -0.037744 -0.054077
v 0.048645 -0.047097 -0.044743
v 0.036769 -0.041113 -0.059533
v 0.048645 -0.047097 -0.044743
v 0.036036 -0.051886 -0.049930
v 0.021882 -0.054484 -0.054253
v 0.036036 -0.051886 -0.049930
v 0.034881 -0.061033 -0.038065
v 0.021882 -0.054484 -0.054253
v 0.034881 -0.061033 -0.038065
v 0.020210 -0.064188 -0.042198
v 0.036036 -0.051886 -0.049930
v 0.048645 -0.047097 -0.044743
v 0.048176 -0.055424 -0.033056
v 0.036036 -0.051886 -0.049930
v 0.048176 -0.055424 -0.033056
v 0.034881 -0.061033 -0.038065
v 0.010059 -0.029636 -0.074244
v 0.024489 -0.029648 -0.071087
v 0.023264 -0.042872 -0.064079
v 0.010059 -0.029636 -0.074244
v 0.023264 -0.042872 -0.064079
v 0.008629 -0.043163 -0.067150
v 0.024489 -0.029648 -0.071087
v 0.037615 -0.028884 -0.066216
v 0.036769 -0.041113 -0.059533
v 0.024489 -0.029648 -0.071087
v 0.036769 -0.041113 -0.059533
v 0.023264 -0.042872 -0.064079
v 0.037615 -0.028884 -0.066216
v 0.048409 -0.027480 -0.060211
v 0.048327 -0.037744 -0.054077
v 0.037615 -0.028884 -0.066216
v 0.048327 -0.037744 -0.054077
v 0.036769 -0.041113 -0.059533
v 0.048409 -0.027480 -0.060211
v 0.055307 -0.026029 -0.054942
v 0.057485 -0.032054 -0.048908
v 0.048409 -0.027480 -0.060211
v 0.057485 -0.032054 -0.048908
v 0.048327 -0.037744 -0.054077
v 0.048327 -0.037744 -0.054077
v 0.057485 -0.032054 -0.048908
v 0.059216 -0.039767 -0.039315
v 0.048327 -0.037744 -0.054077
v 0.059216 -0.039767 -0.039315
v 0.048645 -0.047097 -0.044743
v 0.048645 -0.047097 -0.044743
v 0.059216 -0.039767 -0.039315
v 0.059501 -0.047289 -0.027484
v 0.048645 -0.047097 -0.044743
v 0.059501 -0.047289 -0.027484
v 0.048176 -0.055424 -0.033056
v 0.048176 -0.055424 -0.033056
v 0.059501 -0.047289 -0.027484
v 0.058169 -0.053877 -0.014331
v 0.048176 -0.055424 -0.033056
v 0.058169 -0.053877 -0.014331
v 0.046599 -0.062294 -0.019865
v 0.034881 -0.061033 -0.038065
v 0.048176 -0.055424 -0.033056
v 0.046599 -0.062294 -0.019865
v 0.034881 -0.061033 -0.038065
v 0.046599 -0.062294 -0.019865
v 0.033050 -0.068244 -0.024633
v 0.020210 -0.064188 -0.042198
v 0.034881 -0.061033 -0.038065
v 0.033050 -0.068244 -0.024633
v 0.020210 -0.064188 -0.042198
v 0.033050 -0.068244 -0.024633
v 0.018151 -0.071671 -0.028511
v 0.004776 -0.064932 -0.045168
v 0.020210 -0.064188 -0.042198
v 0.018151 -0.071671 -0.028511
v 0.004776 -0.064932 -0.045168
v 0.018151 -0.071671 -0.028511
v 0.002531 -0.072524 -0.031376
v 0.006838 -0.055037 -0.057275
v 0.021882 -0.054484 -0.054253
v 0.020210 -0.064188 -0.042198
v 0.006838 -0.055037 -0.057275
v 0.020210 -0.064188 -0.042198
v 0.004776 -0.064932 -0.045168
v 0.008629 -0.043163 -0.067150
v 0.023264 -0.042872 -0.064079
v 0.021882 -0.054484 -0.054253
v 0.008629 -0.043163 -0.067150
v 0.021882 -0.054484 -0.054253
v 0.006838 -0.055037 -0.057275
v 0.015678 -0.076637 -0.013786
v 0.030457 -0.073187 -0.010329
v 0.027406 -0.075599 0.004185
v 0.015678 -0.076637 -0.013786
v 0.027406 -0.075599 0.004185
v 0.013008 -0.078864 0.001386
v 0.030457 -0.073187 -0.010329
v 0.043865 -0.067268 -0.006027
v 0.040297 -0.070034 0.007602
v 0.030457 -0.073187 -0.010329
v 0.040297 -0.070034 0.007602
v 0.027406 -0.075599 0.004185
v 0.013008 -0.078864 0.001386
v 0.027406 -0.075599 0.004185
v 0.024355 -0.075221 0.018305
v 0.013008 -0.078864 0.001386
v 0.024355 -0.075221 0.018305
v 0.010425 -0.078147 0.016423
v 0.027406 -0.075599 0.004185
v 0.040297 -0.070034 0.007602
v 0.036472 -0.070314 0.020252
v 0.027406 -0.075599 0.004185
v 0.036472 -0.070314 0.020252
v 0.024355 -0.075221 0.018305
v 0.002531 -0.072524 -0.031376
v 0.018151 -0.071671 -0.028511
v 0.015678 -0.076637 -0.013786
v 0.002531 -0.072524 -0.031376
v 0.015678 -0.076637 -0.013786
v 0.000197 -0.077513 -0.016457
v 0.018151 -0.071671 -0.028511
v 0.033050 -0.068244 -0.024633
v 0.030457 -0.073187 -0.010329
v 0.018151 -0.071671 -0.028511
v 0.030457 -0.073187 -0.010329
v 0.015678 -0.076637 -0.013786
v 0.033050 -0.068244 -0.024633
v 0.046599 -0.062294 -0.019865
v 0.043865 -0.067268 -0.006027
v 0.033050 -0.068244 -0.024633
v 0.043865 -0.067268 -0.006027
v 0.030457 -0.073187 -0.010329
v 0.046599 -0.062294 -0.019865
v 0.058169 -0.053877 -0.014331
v 0.055243 -0.058988 -0.000785
v 0.046599 -0.062294 -0.019865
v 0.055243 -0.058988 -0.000785
v 0.043865 -0.067268 -0.006027
v 0.043865 -0.067268 -0.006027
v 0.055243 -0.058988 -0.000785
v 0.051007 -0.062322 0.012159
v 0.043865 -0.067268 -0.006027
v 0.051007 -0.062322 0.012159
v 0.040297 -0.070034 0.007602
v 0.040297 -0.070034 0.007602
v 0.051007 -0.062322 0.012159
v 0.045949 -0.063749 0.023425
v 0.040297 -0.070034 0.007602
v 0.045949 -0.063749 0.023425
v 0.036472 -0.070314 0.020252
v 0.036472 -0.070314 0.020252
v 0.045949 -0.063749 0.023425
v 0.041589 -0.063718 0.031070
v 0.036472 -0.070314 0.020252
v 0.041589 -0.063718 0.031070
v 0.033765 -0.067713 0.031604
v 0.024355 -0.075221 0.018305
v 0.036472 -0.070314 0.020252
v 0.033765 -0.067713 0.031604
v 0.024355 -0.075221 0.018305
v 0.033765 -0.067713 0.031604
v 0.022011 -0.071756 0.031626
v 0.010425 -0.078147 0.016423
v 0.024355 -0.075221 0.018305
v 0.022011 -0.071756 0.031626
v 0.010425 -0.078147 0.016423
v 0.022011 -0.071756 0.031626
v 0.008245 -0.074279 0.030768
v -0.004369 -0.078877 0.014353
v 0.010425 -0.078147 0.016423
v 0.008245 -0.074279 0.030768
v -0.004369 -0.078877 0.014353
v 0.008245 -0.074279 0.030768
v -0.006411 -0.074887 0.029025
v -0.002135 -0.079691 -0.001011
v 0.013008 -0.078864 0.001386
v 0.010425 -0.078147 0.016423
v -0.002135 -0.079691 -0.001011
v 0.010425 -0.078147 0.016423
v -0.004369 -0.078877 0.014353
v 0.000197 -0.077513 -0.016457
v 0.015678 -0.076637 -0.013786
v 0.013008 -0.078864 0.001386
v 0.000197 -0.077513 -0.016457
v 0.013008 -0.078864 0.001386
v -0.002135 -0.079691 -0.001011
v -0.063807 0.164386 -0.272993
v -0.056410 0.169717 -0.289670
v -0.063416 0.130938 -0.307780
v -0.063807 0.164386 -0.272993
v -0.063416 0.130938 -0.307780
v -0.071137 0.123816 -0.291939
v -0.056410 0.169717 -0.289670
v -0.043246 0.171429 -0.303939
v -0.049508 0.136765 -0.320127
v -0.056410 0.169717 -0.289670
v -0.049508 0.136765 -0.320127
v -0.063416 0.130938 -0.307780
v -0.043246 0.171429 -0.303939
v -0.026319 0.169260 -0.313628
v -0.031531 0.140410 -0.327101
v -0.043246 0.171429 -0.303939
v -0.031531 0.140410 -0.327101
v -0.049508 0.136765 -0.320127
v -0.026319 0.169260 -0.313628
v -0.008206 0.163541 -0.317262
v -0.012221 0.141317 -0.327640
v -0.026319 0.169260 -0.313628
v -0.012221 0.141317 -0.327640
v -0.031531 0.140410 -0.327101
v -0.040086 0.198277 -0.254359
v -0.033735 0.202113 -0.271858
v -0.056410 0.169717 -0.289670
v -0.040086 0.198277 -0.254359
v -0.056410 0.169717 -0.289670
v -0.063807 0.164386 -0.272993
v -0.033735 0.202113 -0.271858
v -0.022977 0.200387 -0.288017
v -0.043246 0.171429 -0.303939
v -0.033735 0.202113 -0.271858
v -0.043246 0.171429 -0.303939
v -0.056410 0.169717 -0.289670
v -0.022977 0.200387 -0.288017
v -0.009449 0.193362 -0.300376
v -0.026319 0.169260 -0.313628
v -0.022977 0.200387 -0.288017
v -0.026319 0.169260 -0.313628
v -0.043246 0.171429 -0.303939
v -0.009449 0.193362 -0.300376
v 0.004789 0.182107 -0.307054
v -0.008206 0.163541 -0.317262
v -0.009449 0.193362 -0.300376
v -0.008206 0.163541 -0.317262
v -0.026319 0.169260 -0.313628
v -0.003584 0.220331 -0.238874
v 0.001156 0.223194 -0.257056
v -0.033735 0.202113 -0.271858
v -0.003584 0.220331 -0.238874
v -0.033735 0.202113 -0.271858
v -0.040086 0.198277 -0.254359
v 0.001156 0.223194 -0.257056
v 0.008211 0.219231 -0.274786
v -0.022977 0.200387 -0.288017
v 0.001156 0.223194 -0.257056
v -0.022977 0.200387 -0.288017
v -0.033735 0.202113 -0.271858
v 0.008211 0.219231 -0.274786
v 0.016509 0.209046 -0.289364
v -0.009449 0.193362 -0.300376
v 0.008211 0.219231 -0.274786
v -0.009449 0.193362 -0.300376
v -0.022977 0.200387 -0.288017
v 0.016509 0.209046 -0.289364
v 0.024785 0.194189 -0.298571
v 0.004789 0.182107 -0.307054
v 0.016509 0.209046 -0.289364
v 0.004789 0.182107 -0.307054
v -0.009449 0.193362 -0.300376
v 0.040143 0.227190 -0.228895
v 0.042952 0.229749 -0.247518
v 0.001156 0.223194 -0.257056
v 0.040143 0.227190 -0.228895
v 0.001156 0.223194 -0.257056
v -0.003584 0.220331 -0.238874
v 0.042952 0.229749 -0.247518
v 0.045572 0.225091 -0.266260
v 0.008211 0.219231 -0.274786
v 0.042952 0.229749 -0.247518
v 0.008211 0.219231 -0.274786
v 0.001156 0.223194 -0.257056
v 0.045572 0.225091 -0.266260
v 0.047604 0.213923 -0.282268
v 0.016509 0.209046 -0.289364
v 0.045572 0.225091 -0.266260
v 0.016509 0.209046 -0.289364
v 0.008211 0.219231 -0.274786
v 0.047604 0.213923 -0.282268
v 0.048739 0.197946 -0.293104
v 0.024785 0.194189 -0.298571
v 0.047604 0.213923 -0.282268
v 0.024785 0.194189 -0.298571
v 0.016509 0.209046 -0.289364
v 0.084435 0.217808 -0.225941
v 0.085290 0.220782 -0.244695
v 0.042952 0.229749 -0.247518
v 0.084435 0.217808 -0.225941
v 0.042952 0.229749 -0.247518
v 0.040143 0.227190 -0.228895
v 0.085290 0.220782 -0.244695
v 0.083417 0.217075 -0.263736
v 0.045572 0.225091 -0.266260
v 0.085290 0.220782 -0.244695
v 0.045572 0.225091 -0.266260
v 0.042952 0.229749 -0.247518
v 0.083417 0.217075 -0.263736
v 0.079103 0.207252 -0.280167
v 0.047604 0.213923 -0.282268
v 0.083417 0.217075 -0.263736
v 0.047604 0.213923 -0.282268
v 0.045572 0.225091 -0.266260
v 0.079103 0.207252 -0.280167
v 0.073002 0.192807 -0.291486
v 0.048739 0.197946 -0.293104
v 0.079103 0.207252 -0.280167
v 0.048739 0.197946 -0.293104
v 0.047604 0.213923 -0.282268
v 0.122552 0.193616 -0.230463
v 0.121724 0.197658 -0.249017
v 0.085290 0.220782 -0.244695
v 0.122552 0.193616 -0.230463
v 0.085290 0.220782 -0.244695
v 0.084435 0.217808 -0.225941
v 0.121724 0.197658 -0.249017
v 0.115985 0.196405 -0.267600
v 0.083417 0.217075 -0.263736
v 0.121724 0.197658 -0.249017
v 0.083417 0.217075 -0.263736
v 0.085290 0.220782 -0.244695
v 0.115985 0.196405 -0.267600
v 0.106209 0.190047 -0.283383
v 0.079103 0.207252 -0.280167
v 0.115985 0.196405 -0.267600
v 0.079103 0.207252 -0.280167
v 0.083417 0.217075 -0.263736
v 0.106209 0.190047 -0.283383
v 0.093883 0.179554 -0.293963
v 0.073002 0.192807 -0.291486
v 0.106209 0.190047 -0.283383
v 0.073002 0.192807 -0.291486
v 0.079103 0.207252 -0.280167
v 0.148689 0.158295 -0.241771
v 0.146708 0.163896 -0.259826
v 0.121724 0.197658 -0.249017
v 0.148689 0.158295 -0.241771
v 0.121724 0.197658 -0.249017
v 0.122552 0.193616 -0.230463
v 0.146708 0.163896 -0.259826
v 0.138318 0.166226 -0.277262
v 0.115985 0.196405 -0.267600
v 0.146708 0.163896 -0.259826
v 0.115985 0.196405 -0.267600
v 0.121724 0.197658 -0.249017
v 0.138318 0.166226 -0.277262
v 0.124796 0.164930 -0.291425
v 0.106209 0.190047 -0.283383
v 0.138318 0.166226 -0.277262
v 0.106209 0.190047 -0.283383
v 0.115985 0.196405 -0.267600
v 0.124796 0.164930 -0.291425
v 0.108201 0.160205 -0.300158
v 0.093883 0.179554 -0.293963
v 0.124796 0.164930 -0.291425
v 0.093883 0.179554 -0.293963
v 0.106209 0.190047 -0.283383
v 0.158868 0.117224 -0.258145
v 0.156438 0.124637 -0.275477
v 0.146708 0.163896 -0.259826
v 0.158868 0.117224 -0.258145
v 0.146708 0.163896 -0.259826
v 0.148689 0.158295 -0.241771
v 0.156438 0.124637 -0.275477
v 0.147015 0.131133 -0.291252
v 0.138318 0.166226 -0.277262
v 0.156438 0.124637 -0.275477
v 0.138318 0.166226 -0.277262
v 0.146708 0.163896 -0.259826
v 0.147015 0.131133 -0.291252
v 0.132035 0.135722 -0.303069
v 0.124796 0.164930 -0.291425
v 0.147015 0.131133 -0.291252
v 0.124796 0.164930 -0.291425
v 0.138318 0.166226 -0.277262
v 0.132035 0.135722 -0.303069
v 0.113777 0.137706 -0.309128
v 0.108201 0.160205 -0.300158
v 0.132035 0.135722 -0.303069
v 0.108201 0.160205 -0.300158
v 0.124796 0.164930 -0.291425
v 0.151539 0.076654 -0.277091
v 0.149432 0.085858 -0.293587
v 0.156438 0.124637 -0.275477
v 0.151539 0.076654 -0.277091
v 0.156438 0.124637 -0.275477
v 0.158868 0.117224 -0.258145
v 0.149432 0.085858 -0.293587
v 0.140753 0.096469 -0.307440
v 0.147015 0.131133 -0.291252
v 0.149432 0.085858 -0.293587
v 0.147015 0.131133 -0.291252
v 0.156438 0.124637 -0.275477
v 0.140753 0.096469 -0.307440
v 0.126822 0.106871 -0.316542
v 0.132035 0.135722 -0.303069
v 0.140753 0.096469 -0.307440
v 0.132035 0.135722 -0.303069
v 0.147015 0.131133 -0.291252
v 0.126822 0.106871 -0.316542
v 0.109762 0.115482 -0.319507
v 0.113777 0.137706 -0.309128
v 0.126822 0.106871 -0.316542
v 0.113777 0.137706 -0.309128
v 0.132035 0.135722 -0.303069
v 0.127817 0.042762 -0.295725
v 0.126757 0.053462 -0.311399
v 0.149432 0.085858 -0.293587
v 0.127817 0.042762 -0.295725
v 0.149432 0.085858 -0.293587
v 0.151539 0.076654 -0.277091
v 0.126757 0.053462 -0.311399
v 0.120484 0.067511 -0.323362
v 0.140753 0.096469 -0.307440
v 0.126757 0.053462 -0.311399
v 0.140753 0.096469 -0.307440
v 0.149432 0.085858 -0.293587
v 0.120484 0.067511 -0.323362
v 0.109953 0.082770 -0.329793
v 0.126822 0.106871 -0.316542
v 0.120484 0.067511 -0.323362
v 0.126822 0.106871 -0.316542
v 0.140753 0.096469 -0.307440
v 0.109953 0.082770 -0.329793
v 0.096767 0.096916 -0.329714
v 0.109762 0.115482 -0.319507
v 0.109953 0.082770 -0.329793
v 0.109762 0.115482 -0.319507
v 0.126822 0.106871 -0.316542
v 0.091315 0.020709 -0.311211
v 0.091866 0.032382 -0.326201
v 0.126757 0.053462 -0.311399
v 0.091315 0.020709 -0.311211
v 0.126757 0.053462 -0.311399
v 0.127817 0.042762 -0.295725
v 0.091866 0.032382 -0.326201
v 0.089296 0.048667 -0.336593
v 0.120484 0.067511 -0.323362
v 0.091866 0.032382 -0.326201
v 0.120484 0.067511 -0.323362
v 0.126757 0.053462 -0.311399
v 0.089296 0.048667 -0.336593
v 0.083995 0.067086 -0.340806
v 0.109953 0.082770 -0.329793
v 0.089296 0.048667 -0.336593
v 0.109953 0.082770 -0.329793
v 0.120484 0.067511 -0.323362
v 0.083995 0.067086 -0.340806
v 0.076771 0.084835 -0.338197
v 0.096767 0.096916 -0.329714
v 0.083995 0.067086 -0.340806
v 0.096767 0.096916 -0.329714
v 0.109953 0.082770 -0.329793
v 0.047589 0.013850 -0.321190
v 0.050070 0.025826 -0.335739
v 0.091866 0.032382 -0.326201
v 0.047589 0.013850 -0.321190
v 0.091866 0.032382 -0.326201
v 0.091315 0.020709 -0.311211
v 0.050070 0.025826 -0.335739
v 0.051935 0.042807 -0.345119
v 0.089296 0.048667 -0.336593
v 0.050070 0.025826 -0.335739
v 0.089296 0.048667 -0.336593
v 0.091866 0.032382 -0.326201
v 0.051935 0.042807 -0.345119
v 0.052900 0.062209 -0.347902
v 0.083995 0.067086 -0.340806
v 0.051935 0.042807 -0.345119
v 0.083995 0.067086 -0.340806
v 0.089296 0.048667 -0.336593
v 0.052900 0.062209 -0.347902
v 0.052818 0.081077 -0.343664
v 0.076771 0.084835 -0.338197
v 0.052900 0.062209 -0.347902
v 0.076771 0.084835 -0.338197
v 0.083995 0.067086 -0.340806
v 0.003296 0.023231 -0.324143
v 0.007732 0.034793 -0.338562
v 0.050070 0.025826 -0.335739
v 0.003296 0.023231 -0.324143
v 0.050070 0.025826 -0.335739
v 0.047589 0.013850 -0.321190
v 0.007732 0.034793 -0.338562
v 0.014090 0.050823 -0.347643
v 0.051935 0.042807 -0.345119
v 0.007732 0.034793 -0.338562
v 0.051935 0.042807 -0.345119
v 0.050070 0.025826 -0.335739
v 0.014090 0.050823 -0.347643
v 0.021401 0.068880 -0.350002
v 0.052900 0.062209 -0.347902
v 0.014090 0.050823 -0.347643
v 0.052900 0.062209 -0.347902
v 0.051935 0.042807 -0.345119
v 0.021401 0.068880 -0.350002
v 0.028554 0.086216 -0.345282
v 0.052818 0.081077 -0.343664
v 0.021401 0.068880 -0.350002
v 0.052818 0.081077 -0.343664
v 0.052900 0.062209 -0.347902
v -0.034821 0.047424 -0.319622
v -0.028702 0.057918 -0.334240
v 0.007732 0.034793 -0.338562
v -0.034821 0.047424 -0.319622
v 0.007732 0.034793 -0.338562
v 0.003296 0.023231 -0.324143
v -0.028702 0.057918 -0.334240
v -0.018478 0.071493 -0.343779
v 0.014090 0.050823 -0.347643
v -0.028702 0.057918 -0.334240
v 0.014090 0.050823 -0.347643
v 0.007732 0.034793 -0.338562
v -0.018478 0.071493 -0.343779
v -0.005705 0.086084 -0.346787
v 0.021401 0.068880 -0.350002
v -0.018478 0.071493 -0.343779
v 0.021401 0.068880 -0.350002
v 0.014090 0.050823 -0.347643
v -0.005705 0.086084 -0.346787
v 0.007673 0.099469 -0.342805
v 0.028554 0.086216 -0.345282
v -0.005705 0.086084 -0.346787
v 0.028554 0.086216 -0.345282
v 0.021401 0.068880 -0.350002
v -0.060958 0.082744 -0.308313
v -0.053686 0.091679 -0.323431
v -0.028702 0.057918 -0.334240
v -0.060958 0.082744 -0.308313
v -0.028702 0.057918 -0.334240
v -0.034821 0.047424 -0.319622
v -0.053686 0.091679 -0.323431
v -0.040811 0.101672 -0.334117
v -0.018478 0.071493 -0.343779
v -0.053686 0.091679 -0.323431
v -0.018478 0.071493 -0.343779
v -0.028702 0.057918 -0.334240
v -0.040811 0.101672 -0.334117
v -0.024292 0.111202 -0.338745
v -0.005705 0.086084 -0.346787
v -0.040811 0.101672 -0.334117
v -0.005705 0.086084 -0.346787
v -0.018478 0.071493 -0.343779
v -0.024292 0.111202 -0.338745
v -0.006645 0.118818 -0.336610
v 0.007673 0.099469 -0.342805
v -0.024292 0.111202 -0.338745
v 0.007673 0.099469 -0.342805
v -0.005705 0.086084 -0.346787
v -0.071137 0.123816 -0.291939
v -0.063416 0.130938 -0.307780
v -0.053686 0.091679 -0.323431
v -0.071137 0.123816 -0.291939
v -0.053686 0.091679 -0.323431
v -0.060958 0.082744 -0.308313
v -0.063416 0.130938 -0.307780
v -0.049508 0.136765 -0.320127
v -0.040811 0.101672 -0.334117
v -0.063416 0.130938 -0.307780
v -0.040811 0.101672 -0.334117
v -0.053686 0.091679 -0.323431
v -0.049508 0.136765 -0.320127
v -0.031531 0.140410 -0.327101
v -0.024292 0.111202 -0.338745
v -0.049508 0.136765 -0.320127
v -0.024292 0.111202 -0.338745
v -0.040811 0.101672 -0.334117
v -0.031531 0.140410 -0.327101
v -0.012221 0.141317 -0.327640
v -0.006645 0.118818 -0.336610
v -0.031531 0.140410 -0.327101
v -0.006645 0.118818 -0.336610
v -0.024292 0.111202 -0.338745
v -0.088440 0.078749 -0.189164
v -0.081054 0.119634 -0.170071
v -0.063807 0.164386 -0.272993
v -0.088440 0.078749 -0.189164
v -0.063807 0.164386 -0.272993
v -0.071137 0.123816 -0.291939
v -0.078183 0.037359 -0.205664
v -0.088440 0.078749 -0.189164
v -0.071137 0.123816 -0.291939
v -0.078183 0.037359 -0.205664
v -0.071137 0.123816 -0.291939
v -0.060958 0.082744 -0.308313
v -0.008206 0.163541 -0.317262
v 0.004789 0.182107 -0.307054
v 0.024785 0.194189 -0.298571
v -0.008206 0.163541 -0.317262
v 0.024785 0.194189 -0.298571
v 0.048739 0.197946 -0.293104
v -0.008206 0.163541 -0.317262
v 0.048739 0.197946 -0.293104
v 0.073002 0.192807 -0.291486
v -0.008206 0.163541 -0.317262
v 0.073002 0.192807 -0.291486
v 0.093883 0.179554 -0.293963
v -0.008206 0.163541 -0.317262
v 0.093883 0.179554 -0.293963
v 0.108201 0.160205 -0.300158
v -0.008206 0.163541 -0.317262
v 0.108201 0.160205 -0.300158
v 0.113777 0.137706 -0.309128
v -0.008206 0.163541 -0.317262
v 0.113777 0.137706 -0.309128
v 0.109762 0.115482 -0.319507
v -0.008206 0.163541 -0.317262
v 0.109762 0.115482 -0.319507
v 0.096767 0.096916 -0.329714
v -0.008206 0.163541 -0.317262
v 0.096767 0.096916 -0.329714
v 0.076771 0.084835 -0.338197
v -0.008206 0.163541 -0.317262
v 0.076771 0.084835 -0.338197
v 0.052818 0.081077 -0.343664
v -0.008206 0.163541 -0.317262
v 0.052818 0.081077 -0.343664
v 0.028554 0.086216 -0.345282
v -0.008206 0.163541 -0.317262
v 0.028554 0.086216 -0.345282
v 0.007673 0.099469 -0.342805
v -0.008206 0.163541 -0.317262
v 0.007673 0.099469 -0.342805
v -0.006645 0.118818 -0.336610
v -0.008206 0.163541 -0.317262
v -0.006645 0.118818 -0.336610
v -0.012221 0.141317 -0.327640
v -0.081054 0.119634 -0.170071
v -0.057149 0.153788 -0.151292
v -0.040086 0.198277 -0.254359
v -0.081054 0.119634 -0.170071
v -0.040086 0.198277 -0.254359
v -0.063807 0.164386 -0.272993
v -0.057149 0.153788 -0.151292
v -0.020364 0.176013 -0.135687
v -0.003584 0.220331 -0.238874
v -0.057149 0.153788 -0.151292
v -0.003584 0.220331 -0.238874
v -0.040086 0.198277 -0.254359
v -0.020364 0.176013 -0.135687
v 0.023701 0.182924 -0.125630
v 0.040143 0.227190 -0.228895
v -0.020364 0.176013 -0.135687
v 0.040143 0.227190 -0.228895
v -0.003584 0.220331 -0.238874
v 0.023701 0.182924 -0.125630
v 0.068338 0.173471 -0.122654
v 0.084435 0.217808 -0.225941
v 0.023701 0.182924 -0.125630
v 0.084435 0.217808 -0.225941
v 0.040143 0.227190 -0.228895
v 0.068338 0.173471 -0.122654
v 0.106750 0.149091 -0.127211
v 0.122552 0.193616 -0.230463
v 0.068338 0.173471 -0.122654
v 0.122552 0.193616 -0.230463
v 0.084435 0.217808 -0.225941
v 0.106750 0.149091 -0.127211
v 0.133090 0.113496 -0.138607
v 0.148689 0.158295 -0.241771
v 0.106750 0.149091 -0.127211
v 0.148689 0.158295 -0.241771
v 0.122552 0.193616 -0.230463
v 0.133090 0.113496 -0.138607
v 0.143348 0.072106 -0.155107
v 0.158868 0.117224 -0.258145
v 0.133090 0.113496 -0.138607
v 0.158868 0.117224 -0.258145
v 0.148689 0.158295 -0.241771
v 0.143348 0.072106 -0.155107
v 0.135961 0.031222 -0.174200
v 0.151539 0.076654 -0.277091
v 0.143348 0.072106 -0.155107
v 0.151539 0.076654 -0.277091
v 0.158868 0.117224 -0.258145
v 0.135961 0.031222 -0.174200
v 0.112056 -0.002933 -0.192979
v 0.127817 0.042762 -0.295725
v 0.135961 0.031222 -0.174200
v 0.127817 0.042762 -0.295725
v 0.151539 0.076654 -0.277091
v 0.112056 -0.002933 -0.192979
v 0.075271 -0.025157 -0.208584
v 0.091315 0.020709 -0.311211
v 0.112056 -0.002933 -0.192979
v 0.091315 0.020709 -0.311211
v 0.127817 0.042762 -0.295725
v 0.075271 -0.025157 -0.208584
v 0.031206 -0.032069 -0.218641
v 0.047589 0.013850 -0.321190
v 0.075271 -0.025157 -0.208584
v 0.047589 0.013850 -0.321190
v 0.091315 0.020709 -0.311211
v 0.031206 -0.032069 -0.218641
v -0.013431 -0.022615 -0.221617
v 0.003296 0.023231 -0.324143
v 0.031206 -0.032069 -0.218641
v 0.003296 0.023231 -0.324143
v 0.047589 0.013850 -0.321190
v -0.013431 -0.022615 -0.221617
v -0.051843 0.001765 -0.217060
v -0.034821 0.047424 -0.319622
v -0.013431 -0.022615 -0.221617
v -0.034821 0.047424 -0.319622
v 0.003296 0.023231 -0.324143
v -0.051843 0.001765 -0.217060
v -0.078183 0.037359 -0.205664
v -0.060958 0.082744 -0.308313
v -0.051843 0.001765 -0.217060
v -0.060958 0.082744 -0.308313
v -0.034821 0.047424 -0.319622
v -0.096632 0.074201 -0.067180
v -0.103961 0.033631 -0.086126
v -0.101531 0.026218 -0.068794
v -0.096632 0.074201 -0.067180
v -0.101531 0.026218 -0.068794
v -0.094525 0.064997 -0.050684
v -0.094525 0.064997 -0.050684
v -0.101531 0.026218 -0.068794
v -0.092108 0.019722 -0.053019
v -0.094525 0.064997 -0.050684
v -0.092108 0.019722 -0.053019
v -0.085846 0.054387 -0.036831
v -0.085846 0.054387 -0.036831
v -0.092108 0.019722 -0.053019
v -0.077128 0.015133 -0.041202
v -0.085846 0.054387 -0.036831
v -0.077128 0.015133 -0.041202
v -0.071915 0.043984 -0.027729
v -0.071915 0.043984 -0.027729
v -0.077128 0.015133 -0.041202
v -0.058870 0.013149 -0.035143
v -0.071915 0.043984 -0.027729
v -0.058870 0.013149 -0.035143
v -0.054855 0.035374 -0.024765
v -0.072910 0.108093 -0.048546
v -0.096632 0.074201 -0.067180
v -0.094525 0.064997 -0.050684
v -0.072910 0.108093 -0.048546
v -0.094525 0.064997 -0.050684
v -0.071850 0.097393 -0.032872
v -0.071850 0.097393 -0.032872
v -0.094525 0.064997 -0.050684
v -0.085846 0.054387 -0.036831
v -0.071850 0.097393 -0.032872
v -0.085846 0.054387 -0.036831
v -0.065577 0.083345 -0.020909
v -0.065577 0.083345 -0.020909
v -0.085846 0.054387 -0.036831
v -0.071915 0.043984 -0.027729
v -0.065577 0.083345 -0.020909
v -0.071915 0.043984 -0.027729
v -0.055046 0.068086 -0.014478
v -0.055046 0.068086 -0.014478
v -0.071915 0.043984 -0.027729
v -0.054855 0.035374 -0.024765
v -0.055046 0.068086 -0.014478
v -0.054855 0.035374 -0.024765
v -0.041860 0.053940 -0.014557
v -0.036408 0.130147 -0.033060
v -0.072910 0.108093 -0.048546
v -0.071850 0.097393 -0.032872
v -0.036408 0.130147 -0.033060
v -0.071850 0.097393 -0.032872
v -0.036959 0.118474 -0.018070
v -0.036959 0.118474 -0.018070
v -0.071850 0.097393 -0.032872
v -0.065577 0.083345 -0.020909
v -0.036959 0.118474 -0.018070
v -0.065577 0.083345 -0.020909
v -0.034389 0.102188 -0.007678
v -0.034389 0.102188 -0.007678
v -0.065577 0.083345 -0.020909
v -0.055046 0.068086 -0.014478
v -0.034389 0.102188 -0.007678
v -0.055046 0.068086 -0.014478
v -0.029088 0.083769 -0.003465
v -0.029088 0.083769 -0.003465
v -0.055046 0.068086 -0.014478
v -0.041860 0.053940 -0.014557
v -0.029088 0.083769 -0.003465
v -0.041860 0.053940 -0.014557
v -0.021864 0.066021 -0.006074
v 0.007318 0.137005 -0.023081
v -0.036408 0.130147 -0.033060
v -0.036959 0.118474 -0.018070
v 0.007318 0.137005 -0.023081
v -0.036959 0.118474 -0.018070
v 0.004837 0.125029 -0.008532
v 0.004837 0.125029 -0.008532
v -0.036959 0.118474 -0.018070
v -0.034389 0.102188 -0.007678
v 0.004837 0.125029 -0.008532
v -0.034389 0.102188 -0.007678
v 0.002972 0.108048 0.000848
v 0.002972 0.108048 0.000848
v -0.034389 0.102188 -0.007678
v -0.029088 0.083769 -0.003465
v 0.002972 0.108048 0.000848
v -0.029088 0.083769 -0.003465
v 0.002007 0.088646 0.003631
v 0.002007 0.088646 0.003631
v -0.029088 0.083769 -0.003465
v -0.021864 0.066021 -0.006074
v 0.002007 0.088646 0.003631
v -0.021864 0.066021 -0.006074
v 0.002089 0.069778 -0.000607
v 0.051611 0.127624 -0.020128
v 0.007318 0.137005 -0.023081
v 0.004837 0.125029 -0.008532
v 0.051611 0.127624 -0.020128
v 0.004837 0.125029 -0.008532
v 0.047175 0.116062 -0.005709
v 0.047175 0.116062 -0.005709
v 0.004837 0.125029 -0.008532
v 0.002972 0.108048 0.000848
v 0.047175 0.116062 -0.005709
v 0.002972 0.108048 0.000848
v 0.040817 0.100033 0.003372
v 0.040817 0.100033 0.003372
v 0.002972 0.108048 0.000848
v 0.002007 0.088646 0.003631
v 0.040817 0.100033 0.003372
v 0.002007 0.088646 0.003631
v 0.033506 0.081975 0.005731
v 0.033506 0.081975 0.005731
v 0.002007 0.088646 0.003631
v 0.002089 0.069778 -0.000607
v 0.033506 0.081975 0.005731
v 0.002089 0.069778 -0.000607
v 0.026353 0.064639 0.001011
v 0.089727 0.103432 -0.024649
v 0.051611 0.127624 -0.020128
v 0.047175 0.116062 -0.005709
v 0.089727 0.103432 -0.024649
v 0.047175 0.116062 -0.005709
v 0.083609 0.092938 -0.010031
v 0.083609 0.092938 -0.010031
v 0.047175 0.116062 -0.005709
v 0.040817 0.100033 0.003372
v 0.083609 0.092938 -0.010031
v 0.040817 0.100033 0.003372
v 0.073385 0.079362 -0.000492
v 0.073385 0.079362 -0.000492
v 0.040817 0.100033 0.003372
v 0.033506 0.081975 0.005731
v 0.073385 0.079362 -0.000492
v 0.033506 0.081975 0.005731
v 0.060612 0.064771 0.002516
v 0.060612 0.064771 0.002516
v 0.033506 0.081975 0.005731
v 0.026353 0.064639 0.001011
v 0.060612 0.064771 0.002516
v 0.026353 0.064639 0.001011
v 0.047233 0.051386 -0.001466
v 0.115865 0.068111 -0.035958
v 0.089727 0.103432 -0.024649
v 0.083609 0.092938 -0.010031
v 0.115865 0.068111 -0.035958
v 0.083609 0.092938 -0.010031
v 0.108593 0.059176 -0.020840
v 0.108593 0.059176 -0.020840
v 0.083609 0.092938 -0.010031
v 0.073385 0.079362 -0.000492
v 0.108593 0.059176 -0.020840
v 0.073385 0.079362 -0.000492
v 0.095718 0.049183 -0.010154
v 0.095718 0.049183 -0.010154
v 0.073385 0.079362 -0.000492
v 0.060612 0.064771 0.002516
v 0.095718 0.049183 -0.010154
v 0.060612 0.064771 0.002516
v 0.079199 0.039653 -0.005526
v 0.079199 0.039653 -0.005526
v 0.060612 0.064771 0.002516
v 0.047233 0.051386 -0.001466
v 0.079199 0.039653 -0.005526
v 0.047233 0.051386 -0.001466
v 0.061552 0.032038 -0.007661
v 0.126044 0.027040 -0.052332
v 0.115865 0.068111 -0.035958
v 0.108593 0.059176 -0.020840
v 0.126044 0.027040 -0.052332
v 0.108593 0.059176 -0.020840
v 0.118323 0.019917 -0.036491
v 0.118323 0.019917 -0.036491
v 0.108593 0.059176 -0.020840
v 0.095718 0.049183 -0.010154
v 0.118323 0.019917 -0.036491
v 0.095718 0.049183 -0.010154
v 0.104415 0.014090 -0.024144
v 0.104415 0.014090 -0.024144
v 0.095718 0.049183 -0.010154
v 0.079199 0.039653 -0.005526
v 0.104415 0.014090 -0.024144
v 0.079199 0.039653 -0.005526
v 0.086438 0.010446 -0.017170
v 0.086438 0.010446 -0.017170
v 0.079199 0.039653 -0.005526
v 0.061552 0.032038 -0.007661
v 0.086438 0.010446 -0.017170
v 0.061552 0.032038 -0.007661
v 0.067128 0.009538 -0.016631
v 0.118714 -0.013530 -0.071278
v 0.126044 0.027040 -0.052332
v 0.118323 0.019917 -0.036491
v 0.118714 -0.013530 -0.071278
v 0.118323 0.019917 -0.036491
v 0.111317 -0.018862 -0.054601
v 0.111317 -0.018862 -0.054601
v 0.118323 0.019917 -0.036491
v 0.104415 0.014090 -0.024144
v 0.111317 -0.018862 -0.054601
v 0.104415 0.014090 -0.024144
v 0.098153 -0.020574 -0.040332
v 0.098153 -0.020574 -0.040332
v 0.104415 0.014090 -0.024144
v 0.086438 0.010446 -0.017170
v 0.098153 -0.020574 -0.040332
v 0.086438 0.010446 -0.017170
v 0.081225 -0.018405 -0.030643
v 0.081225 -0.018405 -0.030643
v 0.086438 0.010446 -0.017170
v 0.067128 0.009538 -0.016631
v 0.081225 -0.018405 -0.030643
v 0.067128 0.009538 -0.016631
v 0.063113 -0.012686 -0.027009
v 0.094993 -0.047422 -0.089912
v 0.118714 -0.013530 -0.071278
v 0.111317 -0.018862 -0.054601
v 0.094993 -0.047422 -0.089912
v 0.111317 -0.018862 -0.054601
v 0.088642 -0.051258 -0.072413
v 0.088642 -0.051258 -0.072413
v 0.111317 -0.018862 -0.054601
v 0.098153 -0.020574 -0.040332
v 0.088642 -0.051258 -0.072413
v 0.098153 -0.020574 -0.040332
v 0.077884 -0.049532 -0.056254
v 0.077884 -0.049532 -0.056254
v 0.098153 -0.020574 -0.040332
v 0.081225 -0.018405 -0.030643
v 0.077884 -0.049532 -0.056254
v 0.081225 -0.018405 -0.030643
v 0.064356 -0.042507 -0.043895
v 0.064356 -0.042507 -0.043895
v 0.081225 -0.018405 -0.030643
v 0.063113 -0.012686 -0.027009
v 0.064356 -0.042507 -0.043895
v 0.063113 -0.012686 -0.027009
v 0.050118 -0.031252 -0.037217
v 0.058491 -0.069476 -0.105397
v 0.094993 -0.047422 -0.089912
v 0.088642 -0.051258 -0.072413
v 0.058491 -0.069476 -0.105397
v 0.088642 -0.051258 -0.072413
v 0.053751 -0.072338 -0.087215
v 0.053751 -0.072338 -0.087215
v 0.088642 -0.051258 -0.072413
v 0.077884 -0.049532 -0.056254
v 0.053751 -0.072338 -0.087215
v 0.077884 -0.049532 -0.056254
v 0.046695 -0.068375 -0.069485
v 0.046695 -0.068375 -0.069485
v 0.077884 -0.049532 -0.056254
v 0.064356 -0.042507 -0.043895
v 0.046695 -0.068375 -0.069485
v 0.064356 -0.042507 -0.043895
v 0.038398 -0.058190 -0.054907
v 0.038398 -0.058190 -0.054907
v 0.064356 -0.042507 -0.043895
v 0.050118 -0.031252 -0.037217
v 0.038398 -0.058190 -0.054907
v 0.050118 -0.031252 -0.037217
v 0.030122 -0.043333 -0.045700
v 0.014764 -0.076334 -0.115376
v 0.058491 -0.069476 -0.105397
v 0.053751 -0.072338 -0.087215
v 0.014764 -0.076334 -0.115376
v 0.053751 -0.072338 -0.087215
v 0.011955 -0.078894 -0.096753
v 0.011955 -0.078894 -0.096753
v 0.053751 -0.072338 -0.087215
v 0.046695 -0.068375 -0.069485
v 0.011955 -0.078894 -0.096753
v 0.046695 -0.068375 -0.069485
v 0.009335 -0.074235 -0.078011
v 0.009335 -0.074235 -0.078011
v 0.046695 -0.068375 -0.069485
v 0.038398 -0.058190 -0.054907
v 0.009335 -0.074235 -0.078011
v 0.038398 -0.058190 -0.054907
v 0.007303 -0.063067 -0.062003
v 0.007303 -0.063067 -0.062003
v 0.038398 -0.058190 -0.054907
v 0.030122 -0.043333 -0.045700
v 0.007303 -0.063067 -0.062003
v 0.030122 -0.043333 -0.045700
v 0.006168 -0.047090 -0.051167
v -0.029528 -0.066953 -0.118330
v 0.014764 -0.076334 -0.115376
v 0.011955 -0.078894 -0.096753
v -0.029528 -0.066953 -0.118330
v 0.011955 -0.078894 -0.096753
v -0.030383 -0.069927 -0.099576
v -0.030383 -0.069927 -0.099576
v 0.011955 -0.078894 -0.096753
v 0.009335 -0.074235 -0.078011
v -0.030383 -0.069927 -0.099576
v 0.009335 -0.074235 -0.078011
v -0.028511 -0.066220 -0.080535
v -0.028511 -0.066220 -0.080535
v 0.009335 -0.074235 -0.078011
v 0.007303 -0.063067 -0.062003
v -0.028511 -0.066220 -0.080535
v 0.007303 -0.063067 -0.062003
v -0.024196 -0.056396 -0.064104
v -0.024196 -0.056396 -0.064104
v 0.007303 -0.063067 -0.062003
v 0.006168 -0.047090 -0.051167
v -0.024196 -0.056396 -0.064104
v 0.006168 -0.047090 -0.051167
v -0.018095 -0.041951 -0.052785
v -0.067645 -0.042761 -0.113808
v -0.029528 -0.066953 -0.118330
v -0.030383 -0.069927 -0.099576
v -0.067645 -0.042761 -0.113808
v -0.030383 -0.069927 -0.099576
v -0.066817 -0.046802 -0.095254
v -0.066817 -0.046802 -0.095254
v -0.030383 -0.069927 -0.099576
v -0.028511 -0.066220 -0.080535
v -0.066817 -0.046802 -0.095254
v -0.028511 -0.066220 -0.080535
v -0.061078 -0.045549 -0.076671
v -0.061078 -0.045549 -0.076671
v -0.028511 -0.066220 -0.080535
v -0.024196 -0.056396 -0.064104
v -0.061078 -0.045549 -0.076671
v -0.024196 -0.056396 -0.064104
v -0.051302 -0.039192 -0.060888
v -0.051302 -0.039192 -0.060888
v -0.024196 -0.056396 -0.064104
v -0.018095 -0.041951 -0.052785
v -0.051302 -0.039192 -0.060888
v -0.018095 -0.041951 -0.052785
v -0.038976 -0.028699 -0.050308
v -0.093782 -0.007440 -0.102500
v -0.067645 -0.042761 -0.113808
v -0.066817 -0.046802 -0.095254
v -0.093782 -0.007440 -0.102500
v -0.066817 -0.046802 -0.095254
v -0.091801 -0.013041 -0.084445
v -0.091801 -0.013041 -0.084445
v -0.066817 -0.046802 -0.095254
v -0.061078 -0.045549 -0.076671
v -0.091801 -0.013041 -0.084445
v -0.061078 -0.045549 -0.076671
v -0.083411 -0.015370 -0.067009
v -0.083411 -0.015370 -0.067009
v -0.061078 -0.045549 -0.076671
v -0.051302 -0.039192 -0.060888
v -0.083411 -0.015370 -0.067009
v -0.051302 -0.039192 -0.060888
v -0.069889 -0.014074 -0.052846
v -0.069889 -0.014074 -0.052846
v -0.051302 -0.039192 -0.060888
v -0.038976 -0.028699 -0.050308
v -0.069889 -0.014074 -0.052846
v -0.038976 -0.028699 -0.050308
v -0.053294 -0.009350 -0.044113
v -0.103961 0.033631 -0.086126
v -0.093782 -0.007440 -0.102500
v -0.091801 -0.013041 -0.084445
v -0.103961 0.033631 -0.086126
v -0.091801 -0.013041 -0.084445
v -0.101531 0.026218 -0.068794
v -0.101531 0.026218 -0.068794
v -0.091801 -0.013041 -0.084445
v -0.083411 -0.015370 -0.067009
v -0.101531 0.026218 -0.068794
v -0.083411 -0.015370 -0.067009
v -0.092108 0.019722 -0.053019
v -0.092108 0.019722 -0.053019
v -0.083411 -0.015370 -0.067009
v -0.069889 -0.014074 -0.052846
v -0.092108 0.019722 -0.053019
v -0.069889 -0.014074 -0.052846
v -0.077128 0.015133 -0.041202
v -0.077128 0.015133 -0.041202
v -0.069889 -0.014074 -0.052846
v -0.053294 -0.009350 -0.044113
v -0.077128 0.015133 -0.041202
v -0.053294 -0.009350 -0.044113
v -0.058870 0.013149 -0.035143
v -0.088440 0.078749 -0.189164
v -0.103961 0.033631 -0.086126
v -0.096632 0.074201 -0.067180
v -0.088440 0.078749 -0.189164
v -0.096632 0.074201 -0.067180
v -0.081054 0.119634 -0.170071
v -0.078183 0.037359 -0.205664
v -0.093782 -0.007440 -0.102500
v -0.103961 0.033631 -0.086126
v -0.078183 0.037359 -0.205664
v -0.103961 0.033631 -0.086126
v -0.088440 0.078749 -0.189164
v -0.054855 0.035374 -0.024765
v -0.058870 0.013149 -0.035143
v -0.053294 -0.009350 -0.044113
v -0.054855 0.035374 -0.024765
v -0.053294 -0.009350 -0.044113
v -0.038976 -0.028699 -0.050308
v -0.054855 0.035374 -0.024765
v -0.038976 -0.028699 -0.050308
v -0.018095 -0.041951 -0.052785
v -0.054855 0.035374 -0.024765
v -0.018095 -0.041951 -0.052785
v 0.006168 -0.047090 -0.051167
v -0.054855 0.035374 -0.024765
v 0.006168 -0.047090 -0.051167
v 0.030122 -0.043333 -0.045700
v -0.054855 0.035374 -0.024765
v 0.030122 -0.043333 -0.045700
v 0.050118 -0.031252 -0.037217
v -0.054855 0.035374 -0.024765
v 0.050118 -0.031252 -0.037217
v 0.063113 -0.012686 -0.027009
v -0.054855 0.035374 -0.024765
v 0.063113 -0.012686 -0.027009
v 0.067128 0.009538 -0.016631
v -0.054855 0.035374 -0.024765
v 0.067128 0.009538 -0.016631
v 0.061552 0.032038 -0.007661
v -0.054855 0.035374 -0.024765
v 0.061552 0.032038 -0.007661
v 0.047233 0.051386 -0.001466
v -0.054855 0.035374 -0.024765
v 0.047233 0.051386 -0.001466
v 0.026353 0.064639 0.001011
v -0.054855 0.035374 -0.024765
v 0.026353 0.064639 0.001011
v 0.002089 0.069778 -0.000607
v -0.054855 0.035374 -0.024765
v 0.002089 0.069778 -0.000607
v -0.021864 0.066021 -0.006074
v -0.054855 0.035374 -0.024765
v -0.021864 0.066021 -0.006074
v -0.041860 0.053940 -0.014557
v -0.081054 0.119634 -0.170071
v -0.096632 0.074201 -0.067180
v -0.072910 0.108093 -0.048546
v -0.081054 0.119634 -0.170071
v -0.072910 0.108093 -0.048546
v -0.057149 0.153788 -0.151292
v -0.057149 0.153788 -0.151292
v -0.072910 0.108093 -0.048546
v -0.036408 0.130147 -0.033060
v -0.057149 0.153788 -0.151292
v -0.036408 0.130147 -0.033060
v -0.020364 0.176013 -0.135687
v -0.020364 0.176013 -0.135687
v -0.036408 0.130147 -0.033060
v 0.007318 0.137005 -0.023081
v -0.020364 0.176013 -0.135687
v 0.007318 0.137005 -0.023081
v 0.023701 0.182924 -0.125630
v 0.023701 0.182924 -0.125630
v 0.007318 0.137005 -0.023081
v 0.051611 0.127624 -0.020128
v 0.023701 0.182924 -0.125630
v 0.051611 0.127624 -0.020128
v 0.068338 0.173471 -0.122654
v 0.068338 0.173471 -0.122654
v 0.051611 0.127624 -0.020128
v 0.089727 0.103432 -0.024649
v 0.068338 0.173471 -0.122654
v 0.089727 0.103432 -0.024649
v 0.106750 0.149091 -0.127211
v 0.106750 0.149091 -0.127211
v 0.089727 0.103432 -0.024649
v 0.115865 0.068111 -0.035958
v 0.106750 0.149091 -0.127211
v 0.115865 0.068111 -0.035958
v 0.133090 0.113496 -0.138607
v 0.133090 0.113496 -0.138607
v 0.115865 0.068111 -0.035958
v 0.126044 0.027040 -0.052332
v 0.133090 0.113496 -0.138607
v 0.126044 0.027040 -0.052332
v 0.143348 0.072106 -0.155107
v 0.143348 0.072106 -0.155107
v 0.126044 0.027040 -0.052332
v 0.118714 -0.013530 -0.071278
v 0.143348 0.072106 -0.155107
v 0.118714 -0.013530 -0.071278
v 0.135961 0.031222 -0.174200
v 0.135961 0.031222 -0.174200
v 0.118714 -0.013530 -0.071278
v 0.094993 -0.047422 -0.089912
v 0.135961 0.031222 -0.174200
v 0.094993 -0.047422 -0.089912
v 0.112056 -0.002933 -0.192979
v 0.112056 -0.002933 -0.192979
v 0.094993 -0.047422 -0.089912
v 0.058491 -0.069476 -0.105397
v 0.112056 -0.002933 -0.192979
v 0.058491 -0.069476 -0.105397
v 0.075271 -0.025157 -0.208584
v 0.075271 -0.025157 -0.208584
v 0.058491 -0.069476 -0.105397
v 0.014764 -0.076334 -0.115376
v 0.075271 -0.025157 -0.208584
v 0.014764 -0.076334 -0.115376
v 0.031206 -0.032069 -0.218641
v 0.031206 -0.032069 -0.218641
v 0.014764 -0.076334 -0.115376
v -0.029528 -0.066953 -0.118330
v 0.031206 -0.032069 -0.218641
v -0.029528 -0.066953 -0.118330
v -0.013431 -0.022615 -0.221617
v -0.013431 -0.022615 -0.221617
v -0.029528 -0.066953 -0.118330
v -0.067645 -0.042761 -0.113808
v -0.013431 -0.022615 -0.221617
v -0.067645 -0.042761 -0.113808
v -0.051843 0.001765 -0.217060
v -0.051843 0.001765 -0.217060
v -0.067645 -0.042761 -0.113808
v -0.093782 -0.007440 -0.102500
v -0.051843 0.001765 -0.217060
v -0.093782 -0.007440 -0.102500
v -0.078183 0.037359 -0.205664
f 1 2 3
f 4 5 6
f 7 8 9
f 10 11 12
f 13 14 15
f 16 17 18
f 19 20 21
f 22 23 24
f 25 26 27
f 28 29 30
f 31 32 33
f 34 35 36
f 37 38 39
f 40 41 42
f 43 44 45
f 46 47 48
f 49 50 51
f 52 53 54
f 55 56 57
f 58 59 60
f 61 62 63
f 64 65 66
f 67 68 69
f 70 71 72
f 73 74 75
f 76 77 78
f 79 80 81
f 82 83 84
f 85 86 87
f 88 89 90
f 91 92 93
f 94 95 96
f 97 98 99
f 100 101 102
f 103 104 105
f 106 107 108
f 109 110 111
f 112 113 114
f 115 116 117
f 118 119 120
f 121 122 123
f 124 125 126
f 127 128 129
f 130 131 132
f 133 134 135
f 136 137 138
f 139 140 141
f 142 143 144
f 145 146 147
f 148 149 150
f 151 152 153
f 154 155 156
f 157 158 159
f 160 161 162
f 163 164 165
f 166 167 168
f 169 170 171
f 172 173 174
f 175 176 177
f 178 179 180
f 181 182 183
f 184 185 186
f 187 188 189
f 190 191 192
f 193 194 195
f 196 197 198
f 199 200 201
f 202 203 204
f 205 206 207
f 208 209 210
f 211 212 213
f 214 215 216
f 217 218 219
f 220 221 222
f 223 224 225
f 226 227 228
f 229 230 231
f 232 233 234
f 235 236 237
f 238 239 240
f 241 242 243
f 244 245 246
f 247 248 249
f 250 251 252
f 253 254 255
f 256 257 258
f 259 260 261
f 262 263 264
f 265 266 267
f 268 269 270
f 271 272 273
f 274 275 276
f 277 278 279
f 280 281 282
f 283 284 285
f 286 287 288
f 289 290 291
f 292 293 294
f 295 296 297
f 298 299 300
f 301 302 303
f 304 305 306
f 307 308 309
f 310 311 312
f 313 314 315
f 316 317 318
f 319 320 321
f 322 323 324
f 325 326 327
f 328 329 330
f 331 332 333
f 334 335 336
f 337 338 339
f 340 341 342
f 343 344 345
f 346 347 348
f 349 350 351
f 352 353 354
f 355 356 357
f 358 359 360
f 361 362 363
f 364 365 366
f 367 368 369
f 370 371 372
f 373 374 375
f 376 377 378
f 379 380 381
f 382 383 384
f 385 386 387
f 388 389 390
f 391 392 393
f 394 395 396
f 397 398 399
f 400 401 402
f 403 404 405
f 406 407 408
f 409 410 411
f 412 413 414
f 415 416 417
f 418 419 420
f 421 422 423
f 424 425 426
f 427 428 429
f 430 431 432
f 433 434 435
f 436 437 438
f 439 440 441
f 442 443 444
f 445 446 447
f 448 449 450
f 451 452 453
f 454 455 456
f 457 458 459
f 460 461 462
f 463 464 465
f 466 467 468
f 469 470 471
f 472 473 474
f 475 476 477
f 478 479 480
f 481 482 483
f 484 485 486
f 487 488 489
f 490 491 492
f 493 494 495
f 496 497 498
f 499 500 501
f 502 503 504
f 505 506 507
f 508 509 510
f 511 512 513
f 514 515 516
f 517 518 519
f 520 521 522
f 523 524 525
f 526 527 528
f 529 530 531
f 532 533 534
f 535 536 537
f 538 539 540
f 541 542 543
f 544 545 546
f 547 548 549
f 550 551 552
f 553 554 555
f 556 557 558
f 559 560 561
f 562 563 564
f 565 566 567
f 568 569 570
f 571 572 573
f 574 575 576
f 577 578 579
f 580 581 582
f 583 584 585
f 586 587 588
f 589 590 591
f 592 593 594
f 595 596 597
f 598 599 600
f 601 602 603
f 604 605 606
f 607 608 609
f 610 611 612
f 613 614 615
f 616 617 618
f 619 620 621
f 622 623 624
f 625 626 627
f 628 629 630
f 631 632 633
f 634 635 636
f 637 638 639
f 640 641 642
f 643 644 645
f 646 647 648
f 649 650 651
f 652 653 654
f 655 656 657
f 658 659 660
f 661 662 663
f 664 665 666
f 667 668 669
f 670 671 672
f 673 674 675
f 676 677 678
f 679 680 681
f 682 683 684
f 685 686 687
f 688 689 690
f 691 692 693
f 694 695 696
f 697 698 699
f 700 701 702
f 703 704 705
f 706 707 708
f 709 710 711
f 712 713 714
f 715 716 717
f 718 719 720
f 721 722 723
f 724 725 726
f 727 728 729
f 730 731 732
f 733 734 735
f 736 737 738
f 739 740 741
f 742 743 744
f 745 746 747
f 748 749 750
f 751 752 753
f 754 755 756
f 757 758 759
f 760 761 762
f 763 764 765
f 766 767 768
f 769 770 771
f 772 773 774
f 775 776 777
f 778 779 780
f 781 782 783
f 784 785 786
f 787 788 789
f 790 791 792
f 793 794 795
f 796 797 798
f 799 800 801
f 802 803 804
f 805 806 807
f 808 809 810
f 811 812 813
f 814 815 816
f 817 818 819
f 820 821 822
f 823 824 825
f 826 827 828
f 829 830 831
f 832 833 834
f 835 836 837
f 838 839 840
f 841 842 843
f 844 845 846
f 847 848 849
f 850 851 852
f 853 854 855
f 856 857 858
f 859 860 861
f 862 863 864
f 865 866 867
f 868 869 870
f 871 872 873
f 874 875 876
f 877 878 879
f 880 881 882
f 883 884 885
f 886 887 888
f 889 890 891
f 892 893 894
f 895 896 897
f 898 899 900
f 901 902 903
f 904 905 906
f 907 908 909
f 910 911 912
f 913 914 915
f 916 917 918
f 919 920 921
f 922 923 924
f 925 926 927
f 928 929 930
f 931 932 933
f 934 935 936
f 937 938 939
f 940 941 942
f 943 944 945
f 946 947 948
f 949 950 951
f 952 953 954
f 955 956 957
f 958 959 960
f 961 962 963
f 964 965 966
f 967 968 969
f 970 971 972
f 973 974 975
f 976 977 978
f 979 980 981
f 982 983 984
f 985 986 987
f 988 989 990
f 991 992 993
f 994 995 996
f 997 998 999
f 1000 1001 1002
f 1003 1004 1005
f 1006 1007 1008
f 1009 1010 1011
f 1012 1013 1014
f 1015 1016 1017
f 1018 1019 1020
f 1021 1022 1023
f 1024 1025 1026
f 1027 1028 1029
f 1030 1031 1032
f 1033 1034 1035
f 1036 1037 1038
f 1039 1040 1041
f 1042 1043 1044
f 1045 1046 1047
f 1048 1049 1050
f 1051 1052 1053
f 1054 1055 1056
f 1057 1058 1059
f 1060 1061 1062
f 1063 1064 1065
f 1066 1067 1068
f 1069 1070 1071
f 1072 1073 1074
f 1075 1076 1077
f 1078 1079 1080
f 1081 1082 1083
f 1084 1085 1086
f 1087 1088 1089
f 1090 1091 1092
f 1093 1094 1095
f 1096 1097 1098
f 1099 1100 1101
f 1102 1103 1104
f 1105 1106 1107
f 1108 1109 1110
f 1111 1112 1113
f 1114 1115 1116
f 1117 1118 1119
f 1120 1121 1122
f 1123 1124 1125
f 1126 1127 1128
f 1129 1130 1131
f 1132 1133 1134
f 1135 1136 1137
f 1138 1139 1140
f 1141 1142 1143
f 1144 1145 1146
f 1147 1148 1149
f 1150 1151 1152
f 1153 1154 1155
f 1156 1157 1158
f 1159 1160 1161
f 1162 1163 1164
f 1165 1166 1167
f 1168 1169 1170
f 1171 1172 1173
f 1174 1175 1176
f 1177 1178 1179
f 1180 1181 1182
f 1183 1184 1185
f 1186 1187 1188
f 1189 1190 1191
f 1192 1193 1194
f 1195 1196 1197
f 1198 1199 1200
f 1201 1202 1203
f 1204 1205 1206
f 1207 1208 1209
f 1210 1211 1212
f 1213 1214 1215
f 1216 1217 1218
f 1219 1220 1221
f 1222 1223 1224
f 1225 1226 1227
f 1228 1229 1230
f 1231 1232 1233
f 1234 1235 1236
f 1237 1238 1239
f 1240 1241 1242
f 1243 1244 1245
f 1246 1247 1248
f 1249 1250 1251
f 1252 1253 1254
f 1255 1256 1257
f 1258 1259 1260
f 1261 1262 1263
f 1264 1265 1266
f 1267 1268 1269
f 1270 1271 1272
f 1273 1274 1275
f 1276 1277 1278
f 1279 1280 1281
f 1282 1283 1284
f 1285 1286 1287
f 1288 1289 1290
f 1291 1292 1293
f 1294 1295 1296
f 1297 1298 1299
f 1300 1301 1302
f 1303 1304 1305
f 1306 1307 1308
f 1309 1310 1311
f 1312 1313 1314
f 1315 1316 1317
f 1318 1319 1320
f 1321 1322 1323
f 1324 1325 1326
f 1327 1328 1329
f 1330 1331 1332
f 1333 1334 1335
f 1336 1337 1338
f 1339 1340 1341
f 1342 1343 1344
f 1345 1346 1347
f 1348 1349 1350
f 1351 1352 1353
f 1354 1355 1356
f 1357 1358 1359
f 1360 1361 1362
f 1363 1364 1365
f 1366 1367 1368
f 1369 1370 1371
f 1372 1373 1374
f 1375 1376 1377
f 1378 1379 1380
f 1381 1382 1383
f 1384 1385 1386
f 1387 1388 1389
f 1390 1391 1392
f 1393 1394 1395
f 1396 1397 1398
f 1399 1400 1401
f 1402 1403 1404
f 1405 1406 1407
f 1408 1409 1410
f 1411 1412 1413
f 1414 1415 1416
f 1417 1418 1419
f 1420 1421 1422
f 1423 1424 1425
f 1426 1427 1428
f 1429 1430 1431
f 1432 1433 1434
f 1435 1436 1437
f 1438 1439 1440
f 1441 1442 1443
f 1444 1445 1446
f 1447 1448 1449
f 1450 1451 1452
f 1453 1454 1455
f 1456 1457 1458
f 1459 1460 1461
f 1462 1463 1464
f 1465 1466 1467
f 1468 1469 1470
f 1471 1472 1473
f 1474 1475 1476
f 1477 1478 1479
f 1480 1481 1482
f 1483 1484 1485
f 1486 1487 1488
f 1489 1490 1491
f 1492 1493 1494
f 1495 1496 1497
f 1498 1499 1500
f 1501 1502 1503
f 1504 1505 1506
f 1507 1508 1509
f 1510 1511 1512
f 1513 1514 1515
f 1516 1517 1518
f 1519 1520 1521
f 1522 1523 1524
f 1525 1526 1527
f 1528 1529 1530
f 1531 1532 1533
f 1534 1535 1536
f 1537 1538 1539
f 1540 1541 1542
f 1543 1544 1545
f 1546 1547 1548
f 1549 1550 1551
f 1552 1553 1554
f 1555 1556 1557
f 1558 1559 1560
f 1561 1562 1563
f 1564 1565 1566
f 1567 1568 1569
f 1570 1571 1572
f 1573 1574 1575
f 1576 1577 1578
f 1579 1580 1581
f 1582 1583 1584
f 1585 1586 1587
f 1588 1589 1590
f 1591 1592 1593
f 1594 1595 1596
f 1597 1598 1599
f 1600 1601 1602
f 1603 1604 1605
f 1606 1607 1608
f 1609 1610 1611
f 1612 1613 1614
f 1615 1616 1617
f 1618 1619 1620
f 1621 1622 1623
f 1624 1625 1626
f 1627 1628 1629
f 1630 1631 1632
f 1633 1634 1635
f 1636 1637 1638
f 1639 1640 1641
f 1642 1643 1644
f 1645 1646 1647
f 1648 1649 1650
f 1651 1652 1653
f 1654 1655 1656
f 1657 1658 1659
f 1660 1661 1662
f 1663 1664 1665
f 1666 1667 1668
f 1669 1670 1671
f 1672 1673 1674
f 1675 1676 1677
f 1678 1679 1680
f 1681 1682 1683
f 1684 1685 1686
f 1687 1688 1689
f 1690 1691 1692
f 1693 1694 1695
f 1696 1697 1698
f 1699 1700 1701
f 1702 1703 1704
f 1705 1706 1707
f 1708 1709 1710
f 1711 1712 1713
f 1714 1715 1716
f 1717 1718 1719
f 1720 1721 1722
f 1723 1724 1725
f 1726 1727 1728
f 1729 1730 1731
f 1732 1733 1734
f 1735 1736 1737
f 1738 1739 1740
f 1741 1742 1743
f 1744 1745 1746
f 1747 1748 1749
f 1750 1751 1752
f 1753 1754 1755
f 1756 1757 1758
f 1759 1760 1761
f 1762 1763 1764
f 1765 1766 1767
f 1768 1769 1770
f 1771 1772 1773
f 1774 1775 1776
f 1777 1778 1779
f 1780 1781 1782
f 1783 1784 1785
f 1786 1787 1788
f 1789 1790 1791
f 1792 1793 1794
f 1795 1796 1797
f 1798 1799 1800
f 1801 1802 1803
f 1804 1805 1806
f 1807 1808 1809
f 1810 1811 1812
f 1813 1814 1815
f 1816 1817 1818
f 1819 1820 1821
f 1822 1823 1824
f 1825 1826 1827
f 1828 1829 1830
f 1831 1832 1833
f 1834 1835 1836
f 1837 1838 1839
f 1840 1841 1842
f 1843 1844 1845
f 1846 1847 1848
f 1849 1850 1851
f 1852 1853 1854
f 1855 1856 1857
f 1858 1859 1860
f 1861 1862 1863
f 1864 1865 1866
f 1867 1868 1869
f 1870 1871 1872
f 1873 1874 1875
f 1876 1877 1878
f 1879 1880 1881
f 1882 1883 1884
f 1885 1886 1887
f 1888 1889 1890
f 1891 1892 1893
f 1894 1895 1896
f 1897 1898 1899
f 1900 1901 1902
f 1903 1904 1905
f 1906 1907 1908
f 1909 1910 1911
f 1912 1913 1914
f 1915 1916 1917
f 1918 1919 1920
f 1921 1922 1923
f 1924 1925 1926
f 1927 1928 1929
f 1930 1931 1932
f 1933 1934 1935
f 1936 1937 1938
f 1939 1940 1941
f 1942 1943 1944
f 1945 1946 1947
f 1948 1949 1950
f 1951 1952 1953
f 1954 1955 1956
f 1957 1958 1959
f 1960 1961 1962
f 1963 1964 1965
f 1966 1967 1968
f 1969 1970 1971
f 1972 1973 1974
f 1975 1976 1977
f 1978 1979 1980
f 1981 1982 1983
f 1984 1985 1986
f 1987 1988 1989
f 1990 1991 1992
f 1993 1994 1995
f 1996 1997 1998
f 1999 2000 2001
f 2002 2003 2004
f 2005 2006 2007
f 2008 2009 2010
f 2011 2012 2013
f 2014 2015 2016
f 2017 2018 2019
f 2020 2021 2022
f 2023 2024 2025
f 2026 2027 2028
f 2029 2030 2031
f 2032 2033 2034
f 2035 2036 2037
f 2038 2039 2040
f 2041 2042 2043
f 2044 2045 2046
f 2047 2048 2049
f 2050 2051 2052
f 2053 2054 2055
f 2056 2057 2058
f 2059 2060 2061
f 2062 2063 2064
f 2065 2066 2067
f 2068 2069 2070
f 2071 2072 2073
f 2074 2075 2076
f 2077 2078 2079
f 2080 2081 2082
f 2083 2084 2085
f 2086 2087 2088
f 2089 2090 2091
f 2092 2093 2094
f 2095 2096 2097
f 2098 2099 2100
f 2101 2102 2103
f 2104 2105 2106
f 2107 2108 2109
f 2110 2111 2112
f 2113 2114 2115
f 2116 2117 2118
f 2119 2120 2121
f 2122 2123 2124
f 2125 2126 2127
f 2128 2129 2130
f 2131 2132 2133
f 2134 2135 2136
f 2137 2138 2139
f 2140 2141 2142
f 2143 2144 2145
f 2146 2147 2148
f 2149 2150 2151
f 2152 2153 2154
f 2155 2156 2157
f 2158 2159 2160
f 2161 2162 2163
f 2164 2165 2166
f 2167 2168 2169
f 2170 2171 2172
f 2173 2174 2175
f 2176 2177 2178
f 2179 2180 2181
f 2182 2183 2184
f 2185 2186 2187
f 2188 2189 2190
f 2191 2192 2193
f 2194 2195 2196
f 2197 2198 2199
f 2200 2201 2202
f 2203 2204 2205
f 2206 2207 2208
f 2209 2210 2211
f 2212 2213 2214
f 2215 2216 2217
f 2218 2219 2220
f 2221 2222 2223
f 2224 2225 2226
f 2227 2228 2229
f 2230 2231 2232
f 2233 2234 2235
f 2236 2237 2238
f 2239 2240 2241
f 2242 2243 2244
f 2245 2246 2247
f 2248 2249 2250
f 2251 2252 2253
f 2254 2255 2256
f 2257 2258 2259
f 2260 2261 2262
f 2263 2264 2265
f 2266 2267 2268
f 2269 2270 2271
f 2272 2273 2274
f 2275 2276 2277
f 2278 2279 2280
f 2281 2282 2283
f 2284 2285 2286
f 2287 2288 2289
f 2290 2291 2292
f 2293 2294 2295
f 2296 2297 2298
f 2299 2300 2301
f 2302 2303 2304
f 2305 2306 2307
f 2308 2309 2310
f 2311 2312 2313
f 2314 2315 2316
f 2317 2318 2319
f 2320 2321 2322
f 2323 2324 2325
f 2326 2327 2328
f 2329 2330 2331
f 2332 2333 2334
f 2335 2336 2337
f 2338 2339 2340
f 2341 2342 2343
f 2344 2345 2346
f 2347 2348 2349
f 2350 2351 2352
f 2353 2354 2355
f 2356 2357 2358
f 2359 2360 2361
f 2362 2363 2364
f 2365 2366 2367
f 2368 2369 2370
f 2371 2372 2373
f 2374 2375 2376
f 2377 2378 2379
f 2380 2381 2382
f 2383 2384 2385
f 2386 2387 2388
f 2389 2390 2391
f 2392 2393 2394
f 2395 2396 2397
f 2398 2399 2400
f 2401 2402 2403
f 2404 2405 2406
f 2407 2408 2409
f 2410 2411 2412
f 2413 2414 2415
f 2416 2417 2418
f 2419 2420 2421
f 2422 2423 2424
f 2425 2426 2427
f 2428 2429 2430
f 2431 2432 2433
f 2434 2435 2436
f 2437 2438 2439
f 2440 2441 2442
f 2443 2444 2445
f 2446 2447 2448
f 2449 2450 2451
f 2452 2453 2454
f 2455 2456 2457
f 2458 2459 2460
f 2461 2462 2463
f 2464 2465 2466
f 2467 2468 2469
f 2470 2471 2472
f 2473 2474 2475
f 2476 2477 2478
f 2479 2480 2481
f 2482 2483 2484
f 2485 2486 2487
f 2488 2489 2490
f 2491 2492 2493
f 2494 2495 2496
f 2497 2498 2499
f 2500 2501 2502
f 2503 2504 2505
f 2506 2507 2508
f 2509 2510 2511
f 2512 2513 2514
f 2515 2516 2517
f 2518 2519 2520
f 2521 2522 2523
f 2524 2525 2526
f 2527 2528 2529
f 2530 2531 2532
f 2533 2534 2535
f 2536 2537 2538
f 2539 2540 2541
f 2542 2543 2544
f 2545 2546 2547
f 2548 2549 2550
f 2551 2552 2553
f 2554 2555 2556
f 2557 2558 2559
f 2560 2561 2562
f 2563 2564 2565
f 2566 2567 2568
f 2569 2570 2571
f 2572 2573 2574
f 2575 2576 2577
f 2578 2579 2580
f 2581 2582 2583
f 2584 2585 2586
f 2587 2588 2589
f 2590 2591 2592
f 2593 2594 2595
f 2596 2597 2598
f 2599 2600 2601
f 2602 2603 2604
f 2605 2606 2607
f 2608 2609 2610
f 2611 2612 2613
f 2614 2615 2616
f 2617 2618 2619
f 2620 2621 2622
f 2623 2624 2625
f 2626 2627 2628
f 2629 2630 2631
f 2632 2633 2634
f 2635 2636 2637
f 2638 2639 2640
f 2641 2642 2643
f 2644 2645 2646
f 2647 2648 2649
f 2650 2651 2652
f 2653 2654 2655
f 2656 2657 2658
f 2659 2660 2661
f 2662 2663 2664
f 2665 2666 2667
f 2668 2669 2670
f 2671 2672 2673
f 2674 2675 2676
f 2677 2678 2679
f 2680 2681 2682
f 2683 2684 2685
f 2686 2687 2688
f 2689 2690 2691
f 2692 2693 2694
f 2695 2696 2697
f 2698 2699 2700
f 2701 2702 2703
f 2704 2705 2706
f 2707 2708 2709
f 2710 2711 2712
f 2713 2714 2715
f 2716 2717 2718
f 2719 2720 2721
f 2722 2723 2724
f 2725 2726 2727
f 2728 2729 2730
f 2731 2732 2733
f 2734 2735 2736
f 2737 2738 2739
f 2740 2741 2742
f 2743 2744 2745
f 2746 2747 2748
f 2749 2750 2751
f 2752 2753 2754
f 2755 2756 2757
f 2758 2759 2760
f 2761 2762 2763
f 2764 2765 2766
f 2767 2768 2769
f 2770 2771 2772
f 2773 2774 2775
f 2776 2777 2778
f 2779 2780 2781
f 2782 2783 2784
f 2785 2786 2787
f 2788 2789 2790
f 2791 2792 2793
f 2794 2795 2796
f 2797 2798 2799
f 2800 2801 2802
f 2803 2804 2805
f 2806 2807 2808
f 2809 2810 2811
f 2812 2813 2814
f 2815 2816 2817
f 2818 2819 2820
f 2821 2822 2823
f 2824 2825 2826
f 2827 2828 2829
f 2830 2831 2832
f 2833 2834 2835
f 2836 2837 2838
f 2839 2840 2841
f 2842 2843 2844
f 2845 2846 2847
f 2848 2849 2850
f 2851 2852 2853
f 2854 2855 2856
f 2857 2858 2859
f 2860 2861 2862
f 2863 2864 2865
f 2866 2867 2868
f 2869 2870 2871
f 2872 2873 2874
f 2875 2876 2877
f 2878 2879 2880
f 2881 2882 2883
f 2884 2885 2886
f 2887 2888 2889
f 2890 2891 2892
f 2893 2894 2895
f 2896 2897 2898
f 2899 2900 2901
f 2902 2903 2904
f 2905 2906 2907
f 2908 2909 2910
f 2911 2912 2913
f 2914 2915 2916
f 2917 2918 2919
f 2920 2921 2922
f 2923 2924 2925
f 2926 2927 2928
f 2929 2930 2931
f 2932 2933 2934
f 2935 2936 2937
f 2938 2939 2940
f 2941 2942 2943
f 2944 2945 2946
f 2947 2948 2949
f 2950 2951 2952
f 2953 2954 2955
f 2956 2957 2958
f 2959 2960 2961
f 2962 2963 2964
f 2965 2966 2967
f 2968 2969 2970
f 2971 2972 2973
f 2974 2975 2976
f 2977 2978 2979
f 2980 2981 2982
f 2983 2984 2985
f 2986 2987 2988
f 2989 2990 2991
f 2992 2993 2994
f 2995 2996 2997
f 2998 2999 3000
f 3001 3002 3003
f 3004 3005 3006
f 3007 3008 3009
f 3010 3011 3012
f 3013 3014 3015
f 3016 3017 3018
f 3019 3020 3021
f 3022 3023 3024
f 3025 3026 3027
f 3028 3029 3030
f 3031 3032 3033
f 3034 3035 3036
f 3037 3038 3039
f 3040 3041 3042
f 3043 3044 3045
f 3046 3047 3048
f 3049 3050 3051
f 3052 3053 3054
f 3055 3056 3057
f 3058 3059 3060
f 3061 3062 3063
f 3064 3065 3066
f 3067 3068 3069
f 3070 3071 3072
f 3073 3074 3075
f 3076 3077 3078
f 3079 3080 3081
f 3082 3083 3084
f 3085 3086 3087
f 3088 3089 3090
f 3091 3092 3093
f 3094 3095 3096
f 3097 3098 3099
f 3100 3101 3102
f 3103 3104 3105
f 3106 3107 3108
f 3109 3110 3111
f 3112 3113 3114
f 3115 3116 3117
f 3118 3119 3120
f 3121 3122 3123
f 3124 3125 3126
f 3127 3128 3129
f 3130 3131 3132
f 3133 3134 3135
f 3136 3137 3138
f 3139 3140 3141
f 3142 3143 3144
f 3145 3146 3147
f 3148 3149 3150
f 3151 3152 3153
f 3154 3155 3156
f 3157 3158 3159
f 3160 3161 3162
f 3163 3164 3165
f 3166 3167 3168
f 3169 3170 3171
f 3172 3173 3174
f 3175 3176 3177
f 3178 3179 3180
f 3181 3182 3183
f 3184 3185 3186
f 3187 3188 3189
f 3190 3191 3192
f 3193 3194 3195
f 3196 3197 3198
f 3199 3200 3201
f 3202 3203 3204
f 3205 3206 3207
f 3208 3209 3210
f 3211 3212 3213
f 3214 3215 3216
f 3217 3218 3219
f 3220 3221 3222
f 3223 3224 3225
f 3226 3227 3228
f 3229 3230 3231
f 3232 3233 3234
f 3235 3236 3237
f 3238 3239 3240
f 3241 3242 3243
f 3244 3245 3246
f 3247 3248 3249
f 3250 3251 3252
f 3253 3254 3255
f 3256 3257 3258
f 3259 3260 3261
f 3262 3263 3264
f 3265 3266 3267
f 3268 3269 3270
f 3271 3272 3273
f 3274 3275 3276
f 3277 3278 3279
f 3280 3281 3282
f 3283 3284 3285
f 3286 3287 3288
f 3289 3290 3291
f 3292 3293 3294
f 3295 3296 3297
f 3298 3299 3300
f 3301 3302 3303
f 3304 3305 3306
f 3307 3308 3309
f 3310 3311 3312
f 3313 3314 3315
f 3316 3317 3318
f 3319 3320 3321
f 3322 3323 3324
f 3325 3326 3327
f 3328 3329 3330
f 3331 3332 3333
f 3334 3335 3336
f 3337 3338 3339
f 3340 3341 3342
f 3343 3344 3345
f 3346 3347 3348
