# lizard mesh
v -0.061679 -0.052180 -0.012544
v -0.064700 -0.048994 -0.000077
v -0.071220 -0.037196 -0.005284
v -0.061679 -0.052180 -0.012544
v -0.071220 -0.037196 -0.005284
v -0.067160 -0.041679 -0.018408
v -0.064700 -0.048994 -0.000077
v -0.065589 -0.044707 0.013597
v -0.072696 -0.032079 0.008767
v -0.064700 -0.048994 -0.000077
v -0.072696 -0.032079 0.008767
v -0.071220 -0.037196 -0.005284
v -0.067160 -0.041679 -0.018408
v -0.071220 -0.037196 -0.005284
v -0.075390 -0.024072 -0.011297
v -0.067160 -0.041679 -0.018408
v -0.075390 -0.024072 -0.011297
v -0.070750 -0.029362 -0.024854
v -0.071220 -0.037196 -0.005284
v -0.072696 -0.032079 0.008767
v -0.077227 -0.018328 0.003052
v -0.071220 -0.037196 -0.005284
v -0.077227 -0.018328 0.003052
v -0.075390 -0.024072 -0.011297
v -0.052347 -0.060956 -0.017299
v -0.054325 -0.060800 -0.008725
v -0.061679 -0.052180 -0.012544
v -0.052347 -0.060956 -0.017299
v -0.061679 -0.052180 -0.012544
v -0.056205 -0.055209 -0.022734
v -0.054325 -0.060800 -0.008725
v -0.055848 -0.059180 0.003506
v -0.064700 -0.048994 -0.000077
v -0.054325 -0.060800 -0.008725
v -0.064700 -0.048994 -0.000077
v -0.061679 -0.052180 -0.012544
v -0.055848 -0.059180 0.003506
v -0.055995 -0.055717 0.017092
v -0.065589 -0.044707 0.013597
v -0.055848 -0.059180 0.003506
v -0.065589 -0.044707 0.013597
v -0.064700 -0.048994 -0.000077
v -0.055995 -0.055717 0.017092
v -0.054614 -0.050560 0.030865
v -0.064422 -0.039261 0.027478
v -0.055995 -0.055717 0.017092
v -0.064422 -0.039261 0.027478
v -0.065589 -0.044707 0.013597
v -0.065589 -0.044707 0.013597
v -0.064422 -0.039261 0.027478
v -0.071686 -0.026283 0.022949
v -0.065589 -0.044707 0.013597
v -0.071686 -0.026283 0.022949
v -0.072696 -0.032079 0.008767
v -0.072696 -0.032079 0.008767
v -0.071686 -0.026283 0.022949
v -0.076308 -0.012214 0.017522
v -0.072696 -0.032079 0.008767
v -0.076308 -0.012214 0.017522
v -0.077227 -0.018328 0.003052
v -0.077227 -0.018328 0.003052
v -0.076308 -0.012214 0.017522
v -0.078194 0.002358 0.011437
v -0.077227 -0.018328 0.003052
v -0.078194 0.002358 0.011437
v -0.079080 -0.003975 -0.003123
v -0.075390 -0.024072 -0.011297
v -0.077227 -0.018328 0.003052
v -0.079080 -0.003975 -0.003123
v -0.075390 -0.024072 -0.011297
v -0.079080 -0.003975 -0.003123
v -0.077117 -0.010137 -0.017509
v -0.070750 -0.029362 -0.024854
v -0.075390 -0.024072 -0.011297
v -0.077117 -0.010137 -0.017509
v -0.070750 -0.029362 -0.024854
v -0.077117 -0.010137 -0.017509
v -0.072290 -0.015873 -0.031128
v -0.063249 -0.034151 -0.036949
v -0.070750 -0.029362 -0.024854
v -0.072290 -0.015873 -0.031128
v -0.063249 -0.034151 -0.036949
v -0.072290 -0.015873 -0.031128
v -0.064583 -0.020926 -0.043393
v -0.060324 -0.045875 -0.029836
v -0.067160 -0.041679 -0.018408
v -0.070750 -0.029362 -0.024854
v -0.060324 -0.045875 -0.029836
v -0.070750 -0.029362 -0.024854
v -0.063249 -0.034151 -0.036949
v -0.056205 -0.055209 -0.022734
v -0.061679 -0.052180 -0.012544
v -0.067160 -0.041679 -0.018408
v -0.056205 -0.055209 -0.022734
v -0.067160 -0.041679 -0.018408
v -0.060324 -0.045875 -0.029836
v -0.061278 -0.032863 0.040626
v -0.056351 -0.026057 0.052269
v -0.062590 -0.013484 0.048831
v -0.061278 -0.032863 0.040626
v -0.062590 -0.013484 0.048831
v -0.068273 -0.019926 0.036503
v -0.056351 -0.026057 0.052269
v -0.049825 -0.019610 0.061784
v -0.054746 -0.007571 0.059430
v -0.056351 -0.026057 0.052269
v -0.054746 -0.007571 0.059430
v -0.062590 -0.013484 0.048831
v -0.068273 -0.019926 0.036503
v -0.062590 -0.013484 0.048831
v -0.066516 0.000308 0.044342
v -0.068273 -0.019926 0.036503
v -0.066516 0.000308 0.044342
v -0.072696 -0.005878 0.031464
v -0.062590 -0.013484 0.048831
v -0.054746 -0.007571 0.059430
v -0.057911 0.005913 0.055648
v -0.062590 -0.013484 0.048831
v -0.057911 0.005913 0.055648
v -0.066516 0.000308 0.044342
v -0.054614 -0.050560 0.030865
v -0.051737 -0.044018 0.043792
v -0.061278 -0.032863 0.040626
v -0.054614 -0.050560 0.030865
v -0.061278 -0.032863 0.040626
v -0.064422 -0.039261 0.027478
v -0.051737 -0.044018 0.043792
v -0.047639 -0.036625 0.054979
v -0.056351 -0.026057 0.052269
v -0.051737 -0.044018 0.043792
v -0.056351 -0.026057 0.052269
v -0.061278 -0.032863 0.040626
v -0.047639 -0.036625 0.054979
v -0.042789 -0.029105 0.063608
v -0.049825 -0.019610 0.061784
v -0.047639 -0.036625 0.054979
v -0.049825 -0.019610 0.061784
v -0.056351 -0.026057 0.052269
v -0.042789 -0.029105 0.063608
v -0.038629 -0.023267 0.068713
v -0.041562 -0.014977 0.069081
v -0.042789 -0.029105 0.063608
v -0.041562 -0.014977 0.069081
v -0.049825 -0.019610 0.061784
v -0.049825 -0.019610 0.061784
v -0.041562 -0.014977 0.069081
v -0.044720 -0.003002 0.068006
v -0.049825 -0.019610 0.061784
v -0.044720 -0.003002 0.068006
v -0.054746 -0.007571 0.059430
v -0.054746 -0.007571 0.059430
v -0.044720 -0.003002 0.068006
v -0.047005 0.010480 0.064905
v -0.054746 -0.007571 0.059430
v -0.047005 0.010480 0.064905
v -0.057911 0.005913 0.055648
v -0.057911 0.005913 0.055648
v -0.047005 0.010480 0.064905
v -0.048112 0.024325 0.059876
v -0.057911 0.005913 0.055648
v -0.048112 0.024325 0.059876
v -0.059291 0.019841 0.050375
v -0.066516 0.000308 0.044342
v -0.057911 0.005913 0.055648
v -0.059291 0.019841 0.050375
v -0.066516 0.000308 0.044342
v -0.059291 0.019841 0.050375
v -0.068143 0.014517 0.038756
v -0.072696 -0.005878 0.031464
v -0.066516 0.000308 0.044342
v -0.068143 0.014517 0.038756
v -0.072696 -0.005878 0.031464
v -0.068143 0.014517 0.038756
v -0.074501 0.008606 0.025588
v -0.076308 -0.012214 0.017522
v -0.072696 -0.005878 0.031464
v -0.074501 0.008606 0.025588
v -0.076308 -0.012214 0.017522
v -0.074501 0.008606 0.025588
v -0.078194 0.002358 0.011437
v -0.071686 -0.026283 0.022949
v -0.068273 -0.019926 0.036503
v -0.072696 -0.005878 0.031464
v -0.071686 -0.026283 0.022949
v -0.072696 -0.005878 0.031464
v -0.076308 -0.012214 0.017522
v -0.064422 -0.039261 0.027478
v -0.061278 -0.032863 0.040626
v -0.068273 -0.019926 0.036503
v -0.064422 -0.039261 0.027478
v -0.068273 -0.019926 0.036503
v -0.071686 -0.026283 0.022949
v -0.071658 -0.002006 -0.036696
v -0.076321 0.003999 -0.023449
v -0.073037 0.017574 -0.028993
v -0.071658 -0.002006 -0.036696
v -0.073037 0.017574 -0.028993
v -0.068918 0.011300 -0.041342
v -0.076321 0.003999 -0.023449
v -0.078181 0.010428 -0.009396
v -0.074564 0.024233 -0.015610
v -0.076321 0.003999 -0.023449
v -0.074564 0.024233 -0.015610
v -0.073037 0.017574 -0.028993
v -0.068918 0.011300 -0.041342
v -0.073037 0.017574 -0.028993
v -0.067313 0.029786 -0.034180
v -0.068918 0.011300 -0.041342
v -0.067313 0.029786 -0.034180
v -0.064174 0.023048 -0.045110
v -0.073037 0.017574 -0.028993
v -0.074564 0.024233 -0.015610
v -0.068291 0.036770 -0.021674
v -0.073037 0.017574 -0.028993
v -0.068291 0.036770 -0.021674
v -0.067313 0.029786 -0.034180
v -0.064583 -0.020926 -0.043393
v -0.072290 -0.015873 -0.031128
v -0.071658 -0.002006 -0.036696
v -0.064583 -0.020926 -0.043393
v -0.071658 -0.002006 -0.036696
v -0.064146 -0.007128 -0.048647
v -0.072290 -0.015873 -0.031128
v -0.077117 -0.010137 -0.017509
v -0.076321 0.003999 -0.023449
v -0.072290 -0.015873 -0.031128
v -0.076321 0.003999 -0.023449
v -0.071658 -0.002006 -0.036696
v -0.077117 -0.010137 -0.017509
v -0.079080 -0.003975 -0.003123
v -0.078181 0.010428 -0.009396
v -0.077117 -0.010137 -0.017509
v -0.078181 0.010428 -0.009396
v -0.076321 0.003999 -0.023449
v -0.079080 -0.003975 -0.003123
v -0.078194 0.002358 0.011437
v -0.077272 0.016845 0.004942
v -0.079080 -0.003975 -0.003123
v -0.077272 0.016845 0.004942
v -0.078181 0.010428 -0.009396
v -0.078181 0.010428 -0.009396
v -0.077272 0.016845 0.004942
v -0.073575 0.030663 -0.001702
v -0.078181 0.010428 -0.009396
v -0.073575 0.030663 -0.001702
v -0.074564 0.024233 -0.015610
v -0.074564 0.024233 -0.015610
v -0.073575 0.030663 -0.001702
v -0.067158 0.043229 -0.008232
v -0.074564 0.024233 -0.015610
v -0.067158 0.043229 -0.008232
v -0.068291 0.036770 -0.021674
v -0.068291 0.036770 -0.021674
v -0.067158 0.043229 -0.008232
v -0.058081 0.053959 -0.014381
v -0.068291 0.036770 -0.021674
v -0.058081 0.053959 -0.014381
v -0.059414 0.047370 -0.027534
v -0.067313 0.029786 -0.034180
v -0.068291 0.036770 -0.021674
v -0.059414 0.047370 -0.027534
v -0.067313 0.029786 -0.034180
v -0.059414 0.047370 -0.027534
v -0.059133 0.039845 -0.039362
v -0.064174 0.023048 -0.045110
v -0.067313 0.029786 -0.034180
v -0.059133 0.039845 -0.039362
v -0.064174 0.023048 -0.045110
v -0.059133 0.039845 -0.039362
v -0.057407 0.032127 -0.048952
v -0.058634 0.017998 -0.054426
v -0.064174 0.023048 -0.045110
v -0.057407 0.032127 -0.048952
v -0.058634 0.017998 -0.054426
v -0.057407 0.032127 -0.048952
v -0.055234 0.026097 -0.054984
v -0.062052 0.006222 -0.052388
v -0.068918 0.011300 -0.041342
v -0.064174 0.023048 -0.045110
v -0.062052 0.006222 -0.052388
v -0.064174 0.023048 -0.045110
v -0.058634 0.017998 -0.054426
v -0.064146 -0.007128 -0.048647
v -0.071658 -0.002006 -0.036696
v -0.068918 0.011300 -0.041342
v -0.064146 -0.007128 -0.048647
v -0.068918 0.011300 -0.041342
v -0.062052 0.006222 -0.052388
v -0.073649 0.022878 0.019016
v -0.067447 0.028380 0.032190
v -0.064406 0.041286 0.025122
v -0.073649 0.022878 0.019016
v -0.064406 0.041286 0.025122
v -0.070141 0.036386 0.012126
v -0.067447 0.028380 0.032190
v -0.058819 0.033269 0.043806
v -0.056503 0.045408 0.036496
v -0.067447 0.028380 0.032190
v -0.056503 0.045408 0.036496
v -0.064406 0.041286 0.025122
v -0.070141 0.036386 0.012126
v -0.064406 0.041286 0.025122
v -0.058964 0.052723 0.018165
v -0.070141 0.036386 0.012126
v -0.058964 0.052723 0.018165
v -0.063980 0.048614 0.005355
v -0.064406 0.041286 0.025122
v -0.056503 0.045408 0.036496
v -0.052320 0.055617 0.029218
v -0.064406 0.041286 0.025122
v -0.052320 0.055617 0.029218
v -0.058964 0.052723 0.018165
v -0.078194 0.002358 0.011437
v -0.074501 0.008606 0.025588
v -0.073649 0.022878 0.019016
v -0.078194 0.002358 0.011437
v -0.073649 0.022878 0.019016
v -0.077272 0.016845 0.004942
v -0.074501 0.008606 0.025588
v -0.068143 0.014517 0.038756
v -0.067447 0.028380 0.032190
v -0.074501 0.008606 0.025588
v -0.067447 0.028380 0.032190
v -0.073649 0.022878 0.019016
v -0.068143 0.014517 0.038756
v -0.059291 0.019841 0.050375
v -0.058819 0.033269 0.043806
v -0.068143 0.014517 0.038756
v -0.058819 0.033269 0.043806
v -0.067447 0.028380 0.032190
v -0.059291 0.019841 0.050375
v -0.048112 0.024325 0.059876
v -0.047901 0.037503 0.053207
v -0.059291 0.019841 0.050375
v -0.047901 0.037503 0.053207
v -0.058819 0.033269 0.043806
v -0.058819 0.033269 0.043806
v -0.047901 0.037503 0.053207
v -0.046448 0.049095 0.045453
v -0.058819 0.033269 0.043806
v -0.046448 0.049095 0.045453
v -0.056503 0.045408 0.036496
v -0.056503 0.045408 0.036496
v -0.046448 0.049095 0.045453
v -0.043990 0.058231 0.037390
v -0.056503 0.045408 0.036496
v -0.043990 0.058231 0.037390
v -0.052320 0.055617 0.029218
v -0.052320 0.055617 0.029218
v -0.043990 0.058231 0.037390
v -0.041516 0.063786 0.031028
v -0.052320 0.055617 0.029218
v -0.041516 0.063786 0.031028
v -0.045871 0.063822 0.023380
v -0.058964 0.052723 0.018165
v -0.052320 0.055617 0.029218
v -0.045871 0.063822 0.023380
v -0.058964 0.052723 0.018165
v -0.045871 0.063822 0.023380
v -0.050923 0.062400 0.012112
v -0.063980 0.048614 0.005355
v -0.058964 0.052723 0.018165
v -0.050923 0.062400 0.012112
v -0.063980 0.048614 0.005355
v -0.050923 0.062400 0.012112
v -0.055156 0.059069 -0.000834
v -0.067158 0.043229 -0.008232
v -0.063980 0.048614 0.005355
v -0.055156 0.059069 -0.000834
v -0.067158 0.043229 -0.008232
v -0.055156 0.059069 -0.000834
v -0.058081 0.053959 -0.014381
v -0.073575 0.030663 -0.001702
v -0.070141 0.036386 0.012126
v -0.063980 0.048614 0.005355
v -0.073575 0.030663 -0.001702
v -0.063980 0.048614 0.005355
v -0.067158 0.043229 -0.008232
v -0.077272 0.016845 0.004942
v -0.073649 0.022878 0.019016
v -0.070141 0.036386 0.012126
v -0.077272 0.016845 0.004942
v -0.070141 0.036386 0.012126
v -0.073575 0.030663 -0.001702
v -0.030978 -0.013504 0.074447
v -0.018218 -0.013701 0.077890
v -0.018708 0.000735 0.078315
v -0.030978 -0.013504 0.074447
v -0.018708 0.000735 0.078315
v -0.032556 -0.000381 0.074339
v -0.018218 -0.013701 0.077890
v -0.003929 -0.014280 0.079158
v -0.003762 0.000977 0.079847
v -0.018218 -0.013701 0.077890
v -0.003762 0.000977 0.079847
v -0.018708 0.000735 0.078315
v -0.032556 -0.000381 0.074339
v -0.018708 0.000735 0.078315
v -0.019455 0.015557 0.075962
v -0.032556 -0.000381 0.074339
v -0.019455 0.015557 0.075962
v -0.034003 0.013660 0.071712
v -0.018708 0.000735 0.078315
v -0.003762 0.000977 0.079847
v -0.004001 0.016381 0.077620
v -0.018708 0.000735 0.078315
v -0.004001 0.016381 0.077620
v -0.019455 0.015557 0.075962
v -0.038629 -0.023267 0.068713
v -0.030604 -0.025157 0.071794
v -0.030978 -0.013504 0.074447
v -0.038629 -0.023267 0.068713
v -0.030978 -0.013504 0.074447
v -0.041562 -0.014977 0.069081
v -0.030604 -0.025157 0.071794
v -0.018642 -0.027229 0.074462
v -0.018218 -0.013701 0.077890
v -0.030604 -0.025157 0.071794
v -0.018218 -0.013701 0.077890
v -0.030978 -0.013504 0.074447
v -0.018642 -0.027229 0.074462
v -0.004737 -0.028789 0.075371
v -0.003929 -0.014280 0.079158
v -0.018642 -0.027229 0.074462
v -0.003929 -0.014280 0.079158
v -0.018218 -0.013701 0.077890
v -0.004737 -0.028789 0.075371
v 0.009968 -0.029634 0.074257
v 0.010983 -0.014827 0.078142
v -0.004737 -0.028789 0.075371
v 0.010983 -0.014827 0.078142
v -0.003929 -0.014280 0.079158
v -0.003929 -0.014280 0.079158
v 0.010983 -0.014827 0.078142
v 0.011559 0.000691 0.078881
v -0.003929 -0.014280 0.079158
v 0.011559 0.000691 0.078881
v -0.003762 0.000977 0.079847
v -0.003762 0.000977 0.079847
v 0.011559 0.000691 0.078881
v 0.011705 0.016305 0.076657
v -0.003762 0.000977 0.079847
v 0.011705 0.016305 0.076657
v -0.004001 0.016381 0.077620
v -0.004001 0.016381 0.077620
v 0.011705 0.016305 0.076657
v 0.011428 0.031398 0.071654
v -0.004001 0.016381 0.077620
v 0.011428 0.031398 0.071654
v -0.004443 0.031307 0.072659
v -0.019455 0.015557 0.075962
v -0.004001 0.016381 0.077620
v -0.004443 0.031307 0.072659
v -0.019455 0.015557 0.075962
v -0.004443 0.031307 0.072659
v -0.020085 0.030089 0.071046
v -0.034003 0.013660 0.071712
v -0.019455 0.015557 0.075962
v -0.020085 0.030089 0.071046
v -0.034003 0.013660 0.071712
v -0.020085 0.030089 0.071046
v -0.034856 0.027758 0.066792
v -0.047005 0.010480 0.064905
v -0.034003 0.013660 0.071712
v -0.034856 0.027758 0.066792
v -0.047005 0.010480 0.064905
v -0.034856 0.027758 0.066792
v -0.048112 0.024325 0.059876
v -0.044720 -0.003002 0.068006
v -0.032556 -0.000381 0.074339
v -0.034003 0.013660 0.071712
v -0.044720 -0.003002 0.068006
v -0.034003 0.013660 0.071712
v -0.047005 0.010480 0.064905
v -0.041562 -0.014977 0.069081
v -0.030978 -0.013504 0.074447
v -0.032556 -0.000381 0.074339
v -0.041562 -0.014977 0.069081
v -0.032556 -0.000381 0.074339
v -0.044720 -0.003002 0.068006
v 0.025568 -0.015170 0.074844
v 0.038905 -0.015424 0.069534
v 0.040346 -0.001046 0.069677
v 0.025568 -0.015170 0.074844
v 0.040346 -0.001046 0.069677
v 0.026505 0.000065 0.075420
v 0.038905 -0.015424 0.069534
v 0.050134 -0.015949 0.062582
v 0.052387 -0.002942 0.061915
v 0.038905 -0.015424 0.069534
v 0.052387 -0.002942 0.061915
v 0.040346 -0.001046 0.069677
v 0.026505 0.000065 0.075420
v 0.040346 -0.001046 0.069677
v 0.041262 0.013726 0.067080
v 0.026505 0.000065 0.075420
v 0.041262 0.013726 0.067080
v 0.027005 0.015446 0.073085
v 0.040346 -0.001046 0.069677
v 0.052387 -0.002942 0.061915
v 0.053847 0.011011 0.058862
v 0.040346 -0.001046 0.069677
v 0.053847 0.011011 0.058862
v 0.041262 0.013726 0.067080
v 0.009968 -0.029634 0.074257
v 0.024400 -0.029667 0.071109
v 0.025568 -0.015170 0.074844
v 0.009968 -0.029634 0.074257
v 0.025568 -0.015170 0.074844
v 0.010983 -0.014827 0.078142
v 0.024400 -0.029667 0.071109
v 0.037530 -0.028923 0.066246
v 0.038905 -0.015424 0.069534
v 0.024400 -0.029667 0.071109
v 0.038905 -0.015424 0.069534
v 0.025568 -0.015170 0.074844
v 0.037530 -0.028923 0.066246
v 0.048330 -0.027537 0.060248
v 0.050134 -0.015949 0.062582
v 0.037530 -0.028923 0.066246
v 0.050134 -0.015949 0.062582
v 0.038905 -0.015424 0.069534
v 0.048330 -0.027537 0.060248
v 0.055234 -0.026097 0.054983
v 0.058634 -0.017998 0.054425
v 0.048330 -0.027537 0.060248
v 0.058634 -0.017998 0.054425
v 0.050134 -0.015949 0.062582
v 0.050134 -0.015949 0.062582
v 0.058634 -0.017998 0.054425
v 0.062052 -0.006222 0.052388
v 0.050134 -0.015949 0.062582
v 0.062052 -0.006222 0.052388
v 0.052387 -0.002942 0.061915
v 0.052387 -0.002942 0.061915
v 0.062052 -0.006222 0.052388
v 0.064146 0.007128 0.048647
v 0.052387 -0.002942 0.061915
v 0.064146 0.007128 0.048647
v 0.053847 0.011011 0.058862
v 0.053847 0.011011 0.058862
v 0.064146 0.007128 0.048647
v 0.064583 0.020927 0.043392
v 0.053847 0.011011 0.058862
v 0.064583 0.020927 0.043392
v 0.054086 0.025076 0.053782
v 0.041262 0.013726 0.067080
v 0.053847 0.011011 0.058862
v 0.054086 0.025076 0.053782
v 0.041262 0.013726 0.067080
v 0.054086 0.025076 0.053782
v 0.041315 0.028238 0.062064
v 0.027005 0.015446 0.073085
v 0.041262 0.013726 0.067080
v 0.041315 0.028238 0.062064
v 0.027005 0.015446 0.073085
v 0.041315 0.028238 0.062064
v 0.026888 0.030362 0.068076
v 0.011705 0.016305 0.076657
v 0.027005 0.015446 0.073085
v 0.026888 0.030362 0.068076
v 0.011705 0.016305 0.076657
v 0.026888 0.030362 0.068076
v 0.011428 0.031398 0.071654
v 0.011559 0.000691 0.078881
v 0.026505 0.000065 0.075420
v 0.027005 0.015446 0.073085
v 0.011559 0.000691 0.078881
v 0.027005 0.015446 0.073085
v 0.011705 0.016305 0.076657
v 0.010983 -0.014827 0.078142
v 0.025568 -0.015170 0.074844
v 0.026505 0.000065 0.075420
v 0.010983 -0.014827 0.078142
v 0.026505 0.000065 0.075420
v 0.011559 0.000691 0.078881
v -0.034911 0.041016 0.059869
v -0.020387 0.043629 0.063809
v -0.020525 0.055505 0.054605
v -0.034911 0.041016 0.059869
v -0.020525 0.055505 0.054605
v -0.034314 0.052598 0.051405
v -0.020387 0.043629 0.063809
v -0.004954 0.045137 0.065172
v -0.005630 0.057290 0.055470
v -0.020387 0.043629 0.063809
v -0.005630 0.057290 0.055470
v -0.020525 0.055505 0.054605
v -0.034314 0.052598 0.051405
v -0.020525 0.055505 0.054605
v -0.020832 0.065079 0.043786
v -0.034314 0.052598 0.051405
v -0.020832 0.065079 0.043786
v -0.033473 0.061724 0.041881
v -0.020525 0.055505 0.054605
v -0.005630 0.057290 0.055470
v -0.006631 0.067197 0.043887
v -0.020525 0.055505 0.054605
v -0.006631 0.067197 0.043887
v -0.020832 0.065079 0.043786
v -0.048112 0.024325 0.059876
v -0.034856 0.027758 0.066792
v -0.034911 0.041016 0.059869
v -0.048112 0.024325 0.059876
v -0.034911 0.041016 0.059869
v -0.047901 0.037503 0.053207
v -0.034856 0.027758 0.066792
v -0.020085 0.030089 0.071046
v -0.020387 0.043629 0.063809
v -0.034856 0.027758 0.066792
v -0.020387 0.043629 0.063809
v -0.034911 0.041016 0.059869
v -0.020085 0.030089 0.071046
v -0.004443 0.031307 0.072659
v -0.004954 0.045137 0.065172
v -0.020085 0.030089 0.071046
v -0.004954 0.045137 0.065172
v -0.020387 0.043629 0.063809
v -0.004443 0.031307 0.072659
v 0.011428 0.031398 0.071654
v 0.010741 0.045363 0.064078
v -0.004443 0.031307 0.072659
v 0.010741 0.045363 0.064078
v -0.004954 0.045137 0.065172
v -0.004954 0.045137 0.065172
v 0.010741 0.045363 0.064078
v 0.009670 0.057636 0.054229
v -0.004954 0.045137 0.065172
v 0.009670 0.057636 0.054229
v -0.005630 0.057290 0.055470
v -0.005630 0.057290 0.055470
v 0.009670 0.057636 0.054229
v 0.008247 0.067662 0.042433
v -0.005630 0.057290 0.055470
v 0.008247 0.067662 0.042433
v -0.006631 0.067197 0.043887
v -0.006631 0.067197 0.043887
v 0.008247 0.067662 0.042433
v 0.006502 0.074885 0.029011
v -0.006631 0.067197 0.043887
v 0.006502 0.074885 0.029011
v -0.008156 0.074298 0.030745
v -0.020832 0.065079 0.043786
v -0.006631 0.067197 0.043887
v -0.008156 0.074298 0.030745
v -0.020832 0.065079 0.043786
v -0.008156 0.074298 0.030745
v -0.021926 0.071796 0.031595
v -0.033473 0.061724 0.041881
v -0.020832 0.065079 0.043786
v -0.021926 0.071796 0.031595
v -0.033473 0.061724 0.041881
v -0.021926 0.071796 0.031595
v -0.033687 0.067770 0.031567
v -0.043990 0.058231 0.037390
v -0.033473 0.061724 0.041881
v -0.033687 0.067770 0.031567
v -0.043990 0.058231 0.037390
v -0.033687 0.067770 0.031567
v -0.041516 0.063786 0.031028
v -0.046448 0.049095 0.045453
v -0.034314 0.052598 0.051405
v -0.033473 0.061724 0.041881
v -0.046448 0.049095 0.045453
v -0.033473 0.061724 0.041881
v -0.043990 0.058231 0.037390
v -0.047901 0.037503 0.053207
v -0.034911 0.041016 0.059869
v -0.034314 0.052598 0.051405
v -0.047901 0.037503 0.053207
v -0.034314 0.052598 0.051405
v -0.046448 0.049095 0.045453
v 0.026051 0.044202 0.060636
v 0.040331 0.041798 0.054928
v 0.038530 0.053724 0.045967
v 0.026051 0.044202 0.060636
v 0.038530 0.053724 0.045967
v 0.024638 0.056377 0.051042
v 0.040331 0.041798 0.054928
v 0.052940 0.038367 0.047019
v 0.050629 0.050037 0.038980
v 0.040331 0.041798 0.054928
v 0.050629 0.050037 0.038980
v 0.038530 0.053724 0.045967
v 0.024638 0.056377 0.051042
v 0.038530 0.053724 0.045967
v 0.036292 0.063357 0.035430
v 0.024638 0.056377 0.051042
v 0.036292 0.063357 0.035430
v 0.022865 0.066307 0.039573
v 0.038530 0.053724 0.045967
v 0.050629 0.050037 0.038980
v 0.047639 0.059278 0.030016
v 0.038530 0.053724 0.045967
v 0.047639 0.059278 0.030016
v 0.036292 0.063357 0.035430
v 0.011428 0.031398 0.071654
v 0.026888 0.030362 0.068076
v 0.026051 0.044202 0.060636
v 0.011428 0.031398 0.071654
v 0.026051 0.044202 0.060636
v 0.010741 0.045363 0.064078
v 0.026888 0.030362 0.068076
v 0.041315 0.028238 0.062064
v 0.040331 0.041798 0.054928
v 0.026888 0.030362 0.068076
v 0.040331 0.041798 0.054928
v 0.026051 0.044202 0.060636
v 0.041315 0.028238 0.062064
v 0.054086 0.025076 0.053782
v 0.052940 0.038367 0.047019
v 0.041315 0.028238 0.062064
v 0.052940 0.038367 0.047019
v 0.040331 0.041798 0.054928
v 0.054086 0.025076 0.053782
v 0.064583 0.020927 0.043392
v 0.063249 0.034151 0.036948
v 0.054086 0.025076 0.053782
v 0.063249 0.034151 0.036948
v 0.052940 0.038367 0.047019
v 0.052940 0.038367 0.047019
v 0.063249 0.034151 0.036948
v 0.060324 0.045875 0.029835
v 0.052940 0.038367 0.047019
v 0.060324 0.045875 0.029835
v 0.050629 0.050037 0.038980
v 0.050629 0.050037 0.038980
v 0.060324 0.045875 0.029835
v 0.056205 0.055209 0.022734
v 0.050629 0.050037 0.038980
v 0.056205 0.055209 0.022734
v 0.047639 0.059278 0.030016
v 0.047639 0.059278 0.030016
v 0.056205 0.055209 0.022734
v 0.052347 0.060956 0.017298
v 0.047639 0.059278 0.030016
v 0.052347 0.060956 0.017298
v 0.045248 0.065389 0.020021
v 0.036292 0.063357 0.035430
v 0.047639 0.059278 0.030016
v 0.045248 0.065389 0.020021
v 0.036292 0.063357 0.035430
v 0.045248 0.065389 0.020021
v 0.034246 0.070102 0.023378
v 0.022865 0.066307 0.039573
v 0.036292 0.063357 0.035430
v 0.034246 0.070102 0.023378
v 0.022865 0.066307 0.039573
v 0.034246 0.070102 0.023378
v 0.020981 0.073420 0.026483
v 0.008247 0.067662 0.042433
v 0.022865 0.066307 0.039573
v 0.020981 0.073420 0.026483
v 0.008247 0.067662 0.042433
v 0.020981 0.073420 0.026483
v 0.006502 0.074885 0.029011
v 0.009670 0.057636 0.054229
v 0.024638 0.056377 0.051042
v 0.022865 0.066307 0.039573
v 0.009670 0.057636 0.054229
v 0.022865 0.066307 0.039573
v 0.008247 0.067662 0.042433
v 0.010741 0.045363 0.064078
v 0.026051 0.044202 0.060636
v 0.024638 0.056377 0.051042
v 0.010741 0.045363 0.064078
v 0.024638 0.056377 0.051042
v 0.009670 0.057636 0.054229
v 0.064174 -0.023048 0.045109
v 0.067313 -0.029786 0.034180
v 0.073037 -0.017573 0.028993
v 0.064174 -0.023048 0.045109
v 0.073037 -0.017573 0.028993
v 0.068918 -0.011300 0.041342
v 0.067313 -0.029786 0.034180
v 0.068291 -0.036770 0.021673
v 0.074564 -0.024233 0.015610
v 0.067313 -0.029786 0.034180
v 0.074564 -0.024233 0.015610
v 0.073037 -0.017573 0.028993
v 0.068918 -0.011300 0.041342
v 0.073037 -0.017573 0.028993
v 0.076321 -0.003999 0.023448
v 0.068918 -0.011300 0.041342
v 0.076321 -0.003999 0.023448
v 0.071658 0.002006 0.036696
v 0.073037 -0.017573 0.028993
v 0.074564 -0.024233 0.015610
v 0.078181 -0.010428 0.009395
v 0.073037 -0.017573 0.028993
v 0.078181 -0.010428 0.009395
v 0.076321 -0.003999 0.023448
v 0.055234 -0.026097 0.054983
v 0.057407 -0.032126 0.048951
v 0.064174 -0.023048 0.045109
v 0.055234 -0.026097 0.054983
v 0.064174 -0.023048 0.045109
v 0.058634 -0.017998 0.054425
v 0.057407 -0.032126 0.048951
v 0.059133 -0.039845 0.039361
v 0.067313 -0.029786 0.034180
v 0.057407 -0.032126 0.048951
v 0.067313 -0.029786 0.034180
v 0.064174 -0.023048 0.045109
v 0.059133 -0.039845 0.039361
v 0.059414 -0.047369 0.027533
v 0.068291 -0.036770 0.021673
v 0.059133 -0.039845 0.039361
v 0.068291 -0.036770 0.021673
v 0.067313 -0.029786 0.034180
v 0.059414 -0.047369 0.027533
v 0.058081 -0.053958 0.014380
v 0.067158 -0.043228 0.008231
v 0.059414 -0.047369 0.027533
v 0.067158 -0.043228 0.008231
v 0.068291 -0.036770 0.021673
v 0.068291 -0.036770 0.021673
v 0.067158 -0.043228 0.008231
v 0.073575 -0.030663 0.001701
v 0.068291 -0.036770 0.021673
v 0.073575 -0.030663 0.001701
v 0.074564 -0.024233 0.015610
v 0.074564 -0.024233 0.015610
v 0.073575 -0.030663 0.001701
v 0.077272 -0.016845 -0.004943
v 0.074564 -0.024233 0.015610
v 0.077272 -0.016845 -0.004943
v 0.078181 -0.010428 0.009395
v 0.078181 -0.010428 0.009395
v 0.077272 -0.016845 -0.004943
v 0.078194 -0.002358 -0.011438
v 0.078181 -0.010428 0.009395
v 0.078194 -0.002358 -0.011438
v 0.079080 0.003975 0.003123
v 0.076321 -0.003999 0.023448
v 0.078181 -0.010428 0.009395
v 0.079080 0.003975 0.003123
v 0.076321 -0.003999 0.023448
v 0.079080 0.003975 0.003123
v 0.077117 0.010137 0.017508
v 0.071658 0.002006 0.036696
v 0.076321 -0.003999 0.023448
v 0.077117 0.010137 0.017508
v 0.071658 0.002006 0.036696
v 0.077117 0.010137 0.017508
v 0.072290 0.015873 0.031128
v 0.064146 0.007128 0.048647
v 0.071658 0.002006 0.036696
v 0.072290 0.015873 0.031128
v 0.064146 0.007128 0.048647
v 0.072290 0.015873 0.031128
v 0.064583 0.020927 0.043392
v 0.062052 -0.006222 0.052388
v 0.068918 -0.011300 0.041342
v 0.071658 0.002006 0.036696
v 0.062052 -0.006222 0.052388
v 0.071658 0.002006 0.036696
v 0.064146 0.007128 0.048647
v 0.058634 -0.017998 0.054425
v 0.064174 -0.023048 0.045109
v 0.068918 -0.011300 0.041342
v 0.058634 -0.017998 0.054425
v 0.068918 -0.011300 0.041342
v 0.062052 -0.006222 0.052388
v 0.063980 -0.048614 -0.005356
v 0.058964 -0.052723 -0.018166
v 0.064406 -0.041286 -0.025122
v 0.063980 -0.048614 -0.005356
v 0.064406 -0.041286 -0.025122
v 0.070141 -0.036386 -0.012126
v 0.058964 -0.052723 -0.018166
v 0.052320 -0.055617 -0.029219
v 0.056503 -0.045408 -0.036497
v 0.058964 -0.052723 -0.018166
v 0.056503 -0.045408 -0.036497
v 0.064406 -0.041286 -0.025122
v 0.070141 -0.036386 -0.012126
v 0.064406 -0.041286 -0.025122
v 0.067447 -0.028379 -0.032190
v 0.070141 -0.036386 -0.012126
v 0.067447 -0.028379 -0.032190
v 0.073649 -0.022877 -0.019017
v 0.064406 -0.041286 -0.025122
v 0.056503 -0.045408 -0.036497
v 0.058819 -0.033269 -0.043807
v 0.064406 -0.041286 -0.025122
v 0.058819 -0.033269 -0.043807
v 0.067447 -0.028379 -0.032190
v 0.058081 -0.053958 0.014380
v 0.055156 -0.059069 0.000834
v 0.063980 -0.048614 -0.005356
v 0.058081 -0.053958 0.014380
v 0.063980 -0.048614 -0.005356
v 0.067158 -0.043228 0.008231
v 0.055156 -0.059069 0.000834
v 0.050923 -0.062400 -0.012112
v 0.058964 -0.052723 -0.018166
v 0.055156 -0.059069 0.000834
v 0.058964 -0.052723 -0.018166
v 0.063980 -0.048614 -0.005356
v 0.050923 -0.062400 -0.012112
v 0.045871 -0.063821 -0.023381
v 0.052320 -0.055617 -0.029219
v 0.050923 -0.062400 -0.012112
v 0.052320 -0.055617 -0.029219
v 0.058964 -0.052723 -0.018166
v 0.045871 -0.063821 -0.023381
v 0.041516 -0.063786 -0.031029
v 0.043990 -0.058230 -0.037390
v 0.045871 -0.063821 -0.023381
v 0.043990 -0.058230 -0.037390
v 0.052320 -0.055617 -0.029219
v 0.052320 -0.055617 -0.029219
v 0.043990 -0.058230 -0.037390
v 0.046448 -0.049094 -0.045454
v 0.052320 -0.055617 -0.029219
v 0.046448 -0.049094 -0.045454
v 0.056503 -0.045408 -0.036497
v 0.056503 -0.045408 -0.036497
v 0.046448 -0.049094 -0.045454
v 0.047901 -0.037503 -0.053208
v 0.056503 -0.045408 -0.036497
v 0.047901 -0.037503 -0.053208
v 0.058819 -0.033269 -0.043807
v 0.058819 -0.033269 -0.043807
v 0.047901 -0.037503 -0.053208
v 0.048112 -0.024324 -0.059877
v 0.058819 -0.033269 -0.043807
v 0.048112 -0.024324 -0.059877
v 0.059291 -0.019840 -0.050375
v 0.067447 -0.028379 -0.032190
v 0.058819 -0.033269 -0.043807
v 0.059291 -0.019840 -0.050375
v 0.067447 -0.028379 -0.032190
v 0.059291 -0.019840 -0.050375
v 0.068143 -0.014517 -0.038756
v 0.073649 -0.022877 -0.019017
v 0.067447 -0.028379 -0.032190
v 0.068143 -0.014517 -0.038756
v 0.073649 -0.022877 -0.019017
v 0.068143 -0.014517 -0.038756
v 0.074501 -0.008606 -0.025588
v 0.077272 -0.016845 -0.004943
v 0.073649 -0.022877 -0.019017
v 0.074501 -0.008606 -0.025588
v 0.077272 -0.016845 -0.004943
v 0.074501 -0.008606 -0.025588
v 0.078194 -0.002358 -0.011438
v 0.073575 -0.030663 0.001701
v 0.070141 -0.036386 -0.012126
v 0.073649 -0.022877 -0.019017
v 0.073575 -0.030663 0.001701
v 0.073649 -0.022877 -0.019017
v 0.077272 -0.016845 -0.004943
v 0.067158 -0.043228 0.008231
v 0.063980 -0.048614 -0.005356
v 0.070141 -0.036386 -0.012126
v 0.067158 -0.043228 0.008231
v 0.070141 -0.036386 -0.012126
v 0.073575 -0.030663 0.001701
v 0.070750 0.029362 0.024853
v 0.075390 0.024073 0.011296
v 0.071220 0.037197 0.005283
v 0.070750 0.029362 0.024853
v 0.071220 0.037197 0.005283
v 0.067160 0.041679 0.018407
v 0.075390 0.024073 0.011296
v 0.077227 0.018328 -0.003053
v 0.072696 0.032080 -0.008768
v 0.075390 0.024073 0.011296
v 0.072696 0.032080 -0.008768
v 0.071220 0.037197 0.005283
v 0.067160 0.041679 0.018407
v 0.071220 0.037197 0.005283
v 0.064700 0.048994 0.000076
v 0.067160 0.041679 0.018407
v 0.064700 0.048994 0.000076
v 0.061679 0.052180 0.012543
v 0.071220 0.037197 0.005283
v 0.072696 0.032080 -0.008768
v 0.065589 0.044707 -0.013597
v 0.071220 0.037197 0.005283
v 0.065589 0.044707 -0.013597
v 0.064700 0.048994 0.000076
v 0.064583 0.020927 0.043392
v 0.072290 0.015873 0.031128
v 0.070750 0.029362 0.024853
v 0.064583 0.020927 0.043392
v 0.070750 0.029362 0.024853
v 0.063249 0.034151 0.036948
v 0.072290 0.015873 0.031128
v 0.077117 0.010137 0.017508
v 0.075390 0.024073 0.011296
v 0.072290 0.015873 0.031128
v 0.075390 0.024073 0.011296
v 0.070750 0.029362 0.024853
v 0.077117 0.010137 0.017508
v 0.079080 0.003975 0.003123
v 0.077227 0.018328 -0.003053
v 0.077117 0.010137 0.017508
v 0.077227 0.018328 -0.003053
v 0.075390 0.024073 0.011296
v 0.079080 0.003975 0.003123
v 0.078194 -0.002358 -0.011438
v 0.076308 0.012214 -0.017522
v 0.079080 0.003975 0.003123
v 0.076308 0.012214 -0.017522
v 0.077227 0.018328 -0.003053
v 0.077227 0.018328 -0.003053
v 0.076308 0.012214 -0.017522
v 0.071686 0.026283 -0.022950
v 0.077227 0.018328 -0.003053
v 0.071686 0.026283 -0.022950
v 0.072696 0.032080 -0.008768
v 0.072696 0.032080 -0.008768
v 0.071686 0.026283 -0.022950
v 0.064422 0.039261 -0.027478
v 0.072696 0.032080 -0.008768
v 0.064422 0.039261 -0.027478
v 0.065589 0.044707 -0.013597
v 0.065589 0.044707 -0.013597
v 0.064422 0.039261 -0.027478
v 0.054614 0.050561 -0.030865
v 0.065589 0.044707 -0.013597
v 0.054614 0.050561 -0.030865
v 0.055995 0.055718 -0.017093
v 0.064700 0.048994 0.000076
v 0.065589 0.044707 -0.013597
v 0.055995 0.055718 -0.017093
v 0.064700 0.048994 0.000076
v 0.055995 0.055718 -0.017093
v 0.055848 0.059181 -0.003506
v 0.061679 0.052180 0.012543
v 0.064700 0.048994 0.000076
v 0.055848 0.059181 -0.003506
v 0.061679 0.052180 0.012543
v 0.055848 0.059181 -0.003506
v 0.054325 0.060800 0.008724
v 0.056205 0.055209 0.022734
v 0.061679 0.052180 0.012543
v 0.054325 0.060800 0.008724
v 0.056205 0.055209 0.022734
v 0.054325 0.060800 0.008724
v 0.052347 0.060956 0.017298
v 0.060324 0.045875 0.029835
v 0.067160 0.041679 0.018407
v 0.061679 0.052180 0.012543
v 0.060324 0.045875 0.029835
v 0.061679 0.052180 0.012543
v 0.056205 0.055209 0.022734
v 0.063249 0.034151 0.036948
v 0.070750 0.029362 0.024853
v 0.067160 0.041679 0.018407
v 0.063249 0.034151 0.036948
v 0.067160 0.041679 0.018407
v 0.060324 0.045875 0.029835
v 0.072695 0.005879 -0.031465
v 0.066516 -0.000308 -0.044343
v 0.062590 0.013484 -0.048832
v 0.072695 0.005879 -0.031465
v 0.062590 0.013484 -0.048832
v 0.068273 0.019926 -0.036504
v 0.066516 -0.000308 -0.044343
v 0.057911 -0.005913 -0.055649
v 0.054746 0.007571 -0.059431
v 0.066516 -0.000308 -0.044343
v 0.054746 0.007571 -0.059431
v 0.062590 0.013484 -0.048832
v 0.068273 0.019926 -0.036504
v 0.062590 0.013484 -0.048832
v 0.056351 0.026057 -0.052269
v 0.068273 0.019926 -0.036504
v 0.056351 0.026057 -0.052269
v 0.061278 0.032863 -0.040627
v 0.062590 0.013484 -0.048832
v 0.054746 0.007571 -0.059431
v 0.049825 0.019611 -0.061785
v 0.062590 0.013484 -0.048832
v 0.049825 0.019611 -0.061785
v 0.056351 0.026057 -0.052269
v 0.078194 -0.002358 -0.011438
v 0.074501 -0.008606 -0.025588
v 0.072695 0.005879 -0.031465
v 0.078194 -0.002358 -0.011438
v 0.072695 0.005879 -0.031465
v 0.076308 0.012214 -0.017522
v 0.074501 -0.008606 -0.025588
v 0.068143 -0.014517 -0.038756
v 0.066516 -0.000308 -0.044343
v 0.074501 -0.008606 -0.025588
v 0.066516 -0.000308 -0.044343
v 0.072695 0.005879 -0.031465
v 0.068143 -0.014517 -0.038756
v 0.059291 -0.019840 -0.050375
v 0.057911 -0.005913 -0.055649
v 0.068143 -0.014517 -0.038756
v 0.057911 -0.005913 -0.055649
v 0.066516 -0.000308 -0.044343
v 0.059291 -0.019840 -0.050375
v 0.048112 -0.024324 -0.059877
v 0.047005 -0.010480 -0.064906
v 0.059291 -0.019840 -0.050375
v 0.047005 -0.010480 -0.064906
v 0.057911 -0.005913 -0.055649
v 0.057911 -0.005913 -0.055649
v 0.047005 -0.010480 -0.064906
v 0.044720 0.003002 -0.068006
v 0.057911 -0.005913 -0.055649
v 0.044720 0.003002 -0.068006
v 0.054746 0.007571 -0.059431
v 0.054746 0.007571 -0.059431
v 0.044720 0.003002 -0.068006
v 0.041562 0.014977 -0.069082
v 0.054746 0.007571 -0.059431
v 0.041562 0.014977 -0.069082
v 0.049825 0.019611 -0.061785
v 0.049825 0.019611 -0.061785
v 0.041562 0.014977 -0.069082
v 0.038629 0.023267 -0.068714
v 0.049825 0.019611 -0.061785
v 0.038629 0.023267 -0.068714
v 0.042789 0.029105 -0.063608
v 0.056351 0.026057 -0.052269
v 0.049825 0.019611 -0.061785
v 0.042789 0.029105 -0.063608
v 0.056351 0.026057 -0.052269
v 0.042789 0.029105 -0.063608
v 0.047639 0.036626 -0.054980
v 0.061278 0.032863 -0.040627
v 0.056351 0.026057 -0.052269
v 0.047639 0.036626 -0.054980
v 0.061278 0.032863 -0.040627
v 0.047639 0.036626 -0.054980
v 0.051737 0.044018 -0.043792
v 0.064422 0.039261 -0.027478
v 0.061278 0.032863 -0.040627
v 0.051737 0.044018 -0.043792
v 0.064422 0.039261 -0.027478
v 0.051737 0.044018 -0.043792
v 0.054614 0.050561 -0.030865
v 0.071686 0.026283 -0.022950
v 0.068273 0.019926 -0.036504
v 0.061278 0.032863 -0.040627
v 0.071686 0.026283 -0.022950
v 0.061278 0.032863 -0.040627
v 0.064422 0.039261 -0.027478
v 0.076308 0.012214 -0.017522
v 0.072695 0.005879 -0.031465
v 0.068273 0.019926 -0.036504
v 0.076308 0.012214 -0.017522
v 0.068273 0.019926 -0.036504
v 0.071686 0.026283 -0.022950
v 0.033473 -0.061724 -0.041882
v 0.020832 -0.065079 -0.043786
v 0.020525 -0.055505 -0.054606
v 0.033473 -0.061724 -0.041882
v 0.020525 -0.055505 -0.054606
v 0.034314 -0.052598 -0.051406
v 0.020832 -0.065079 -0.043786
v 0.006631 -0.067196 -0.043888
v 0.005630 -0.057289 -0.055471
v 0.020832 -0.065079 -0.043786
v 0.005630 -0.057289 -0.055471
v 0.020525 -0.055505 -0.054606
v 0.034314 -0.052598 -0.051406
v 0.020525 -0.055505 -0.054606
v 0.020387 -0.043628 -0.063810
v 0.034314 -0.052598 -0.051406
v 0.020387 -0.043628 -0.063810
v 0.034911 -0.041016 -0.059870
v 0.020525 -0.055505 -0.054606
v 0.005630 -0.057289 -0.055471
v 0.004954 -0.045136 -0.065172
v 0.020525 -0.055505 -0.054606
v 0.004954 -0.045136 -0.065172
v 0.020387 -0.043628 -0.063810
v 0.041516 -0.063786 -0.031029
v 0.033687 -0.067769 -0.031567
v 0.033473 -0.061724 -0.041882
v 0.041516 -0.063786 -0.031029
v 0.033473 -0.061724 -0.041882
v 0.043990 -0.058230 -0.037390
v 0.033687 -0.067769 -0.031567
v 0.021926 -0.071796 -0.031595
v 0.020832 -0.065079 -0.043786
v 0.033687 -0.067769 -0.031567
v 0.020832 -0.065079 -0.043786
v 0.033473 -0.061724 -0.041882
v 0.021926 -0.071796 -0.031595
v 0.008156 -0.074298 -0.030745
v 0.006631 -0.067196 -0.043888
v 0.021926 -0.071796 -0.031595
v 0.006631 -0.067196 -0.043888
v 0.020832 -0.065079 -0.043786
v 0.008156 -0.074298 -0.030745
v -0.006502 -0.074885 -0.029012
v -0.008247 -0.067662 -0.042433
v 0.008156 -0.074298 -0.030745
v -0.008247 -0.067662 -0.042433
v 0.006631 -0.067196 -0.043888
v 0.006631 -0.067196 -0.043888
v -0.008247 -0.067662 -0.042433
v -0.009670 -0.057636 -0.054230
v 0.006631 -0.067196 -0.043888
v -0.009670 -0.057636 -0.054230
v 0.005630 -0.057289 -0.055471
v 0.005630 -0.057289 -0.055471
v -0.009670 -0.057636 -0.054230
v -0.010741 -0.045363 -0.064078
v 0.005630 -0.057289 -0.055471
v -0.010741 -0.045363 -0.064078
v 0.004954 -0.045136 -0.065172
v 0.004954 -0.045136 -0.065172
v -0.010741 -0.045363 -0.064078
v -0.011428 -0.031398 -0.071654
v 0.004954 -0.045136 -0.065172
v -0.011428 -0.031398 -0.071654
v 0.004443 -0.031306 -0.072659
v 0.020387 -0.043628 -0.063810
v 0.004954 -0.045136 -0.065172
v 0.004443 -0.031306 -0.072659
v 0.020387 -0.043628 -0.063810
v 0.004443 -0.031306 -0.072659
v 0.020085 -0.030089 -0.071046
v 0.034911 -0.041016 -0.059870
v 0.020387 -0.043628 -0.063810
v 0.020085 -0.030089 -0.071046
v 0.034911 -0.041016 -0.059870
v 0.020085 -0.030089 -0.071046
v 0.034856 -0.027758 -0.066793
v 0.047901 -0.037503 -0.053208
v 0.034911 -0.041016 -0.059870
v 0.034856 -0.027758 -0.066793
v 0.047901 -0.037503 -0.053208
v 0.034856 -0.027758 -0.066793
v 0.048112 -0.024324 -0.059877
v 0.046448 -0.049094 -0.045454
v 0.034314 -0.052598 -0.051406
v 0.034911 -0.041016 -0.059870
v 0.046448 -0.049094 -0.045454
v 0.034911 -0.041016 -0.059870
v 0.047901 -0.037503 -0.053208
v 0.043990 -0.058230 -0.037390
v 0.033473 -0.061724 -0.041882
v 0.034314 -0.052598 -0.051406
v 0.043990 -0.058230 -0.037390
v 0.034314 -0.052598 -0.051406
v 0.046448 -0.049094 -0.045454
v -0.022865 -0.066307 -0.039574
v -0.036292 -0.063357 -0.035431
v -0.038530 -0.053724 -0.045968
v -0.022865 -0.066307 -0.039574
v -0.038530 -0.053724 -0.045968
v -0.024638 -0.056377 -0.051043
v -0.036292 -0.063357 -0.035431
v -0.047639 -0.059278 -0.030017
v -0.050629 -0.050036 -0.038981
v -0.036292 -0.063357 -0.035431
v -0.050629 -0.050036 -0.038981
v -0.038530 -0.053724 -0.045968
v -0.024638 -0.056377 -0.051043
v -0.038530 -0.053724 -0.045968
v -0.040331 -0.041797 -0.054929
v -0.024638 -0.056377 -0.051043
v -0.040331 -0.041797 -0.054929
v -0.026051 -0.044201 -0.060637
v -0.038530 -0.053724 -0.045968
v -0.050629 -0.050036 -0.038981
v -0.052940 -0.038367 -0.047020
v -0.038530 -0.053724 -0.045968
v -0.052940 -0.038367 -0.047020
v -0.040331 -0.041797 -0.054929
v -0.006502 -0.074885 -0.029012
v -0.020981 -0.073420 -0.026484
v -0.022865 -0.066307 -0.039574
v -0.006502 -0.074885 -0.029012
v -0.022865 -0.066307 -0.039574
v -0.008247 -0.067662 -0.042433
v -0.020981 -0.073420 -0.026484
v -0.034246 -0.070102 -0.023379
v -0.036292 -0.063357 -0.035431
v -0.020981 -0.073420 -0.026484
v -0.036292 -0.063357 -0.035431
v -0.022865 -0.066307 -0.039574
v -0.034246 -0.070102 -0.023379
v -0.045248 -0.065389 -0.020021
v -0.047639 -0.059278 -0.030017
v -0.034246 -0.070102 -0.023379
v -0.047639 -0.059278 -0.030017
v -0.036292 -0.063357 -0.035431
v -0.045248 -0.065389 -0.020021
v -0.052347 -0.060956 -0.017299
v -0.056205 -0.055209 -0.022734
v -0.045248 -0.065389 -0.020021
v -0.056205 -0.055209 -0.022734
v -0.047639 -0.059278 -0.030017
v -0.047639 -0.059278 -0.030017
v -0.056205 -0.055209 -0.022734
v -0.060324 -0.045875 -0.029836
v -0.047639 -0.059278 -0.030017
v -0.060324 -0.045875 -0.029836
v -0.050629 -0.050036 -0.038981
v -0.050629 -0.050036 -0.038981
v -0.060324 -0.045875 -0.029836
v -0.063249 -0.034151 -0.036949
v -0.050629 -0.050036 -0.038981
v -0.063249 -0.034151 -0.036949
v -0.052940 -0.038367 -0.047020
v -0.052940 -0.038367 -0.047020
v -0.063249 -0.034151 -0.036949
v -0.064583 -0.020926 -0.043393
v -0.052940 -0.038367 -0.047020
v -0.064583 -0.020926 -0.043393
v -0.054086 -0.025076 -0.053783
v -0.040331 -0.041797 -0.054929
v -0.052940 -0.038367 -0.047020
v -0.054086 -0.025076 -0.053783
v -0.040331 -0.041797 -0.054929
v -0.054086 -0.025076 -0.053783
v -0.041315 -0.028238 -0.062065
v -0.026051 -0.044201 -0.060637
v -0.040331 -0.041797 -0.054929
v -0.041315 -0.028238 -0.062065
v -0.026051 -0.044201 -0.060637
v -0.041315 -0.028238 -0.062065
v -0.026888 -0.030362 -0.068076
v -0.010741 -0.045363 -0.064078
v -0.026051 -0.044201 -0.060637
v -0.026888 -0.030362 -0.068076
v -0.010741 -0.045363 -0.064078
v -0.026888 -0.030362 -0.068076
v -0.011428 -0.031398 -0.071654
v -0.009670 -0.057636 -0.054230
v -0.024638 -0.056377 -0.051043
v -0.026051 -0.044201 -0.060637
v -0.009670 -0.057636 -0.054230
v -0.026051 -0.044201 -0.060637
v -0.010741 -0.045363 -0.064078
v -0.008247 -0.067662 -0.042433
v -0.022865 -0.066307 -0.039574
v -0.024638 -0.056377 -0.051043
v -0.008247 -0.067662 -0.042433
v -0.024638 -0.056377 -0.051043
v -0.009670 -0.057636 -0.054230
v 0.034003 -0.013659 -0.071713
v 0.019455 -0.015557 -0.075962
v 0.018708 -0.000735 -0.078316
v 0.034003 -0.013659 -0.071713
v 0.018708 -0.000735 -0.078316
v 0.032556 0.000381 -0.074340
v 0.019455 -0.015557 -0.075962
v 0.004001 -0.016380 -0.077621
v 0.003762 -0.000977 -0.079848
v 0.019455 -0.015557 -0.075962
v 0.003762 -0.000977 -0.079848
v 0.018708 -0.000735 -0.078316
v 0.032556 0.000381 -0.074340
v 0.018708 -0.000735 -0.078316
v 0.018218 0.013701 -0.077890
v 0.032556 0.000381 -0.074340
v 0.018218 0.013701 -0.077890
v 0.030978 0.013504 -0.074448
v 0.018708 -0.000735 -0.078316
v 0.003762 -0.000977 -0.079848
v 0.003929 0.014280 -0.079159
v 0.018708 -0.000735 -0.078316
v 0.003929 0.014280 -0.079159
v 0.018218 0.013701 -0.077890
v 0.048112 -0.024324 -0.059877
v 0.034856 -0.027758 -0.066793
v 0.034003 -0.013659 -0.071713
v 0.048112 -0.024324 -0.059877
v 0.034003 -0.013659 -0.071713
v 0.047005 -0.010480 -0.064906
v 0.034856 -0.027758 -0.066793
v 0.020085 -0.030089 -0.071046
v 0.019455 -0.015557 -0.075962
v 0.034856 -0.027758 -0.066793
v 0.019455 -0.015557 -0.075962
v 0.034003 -0.013659 -0.071713
v 0.020085 -0.030089 -0.071046
v 0.004443 -0.031306 -0.072659
v 0.004001 -0.016380 -0.077621
v 0.020085 -0.030089 -0.071046
v 0.004001 -0.016380 -0.077621
v 0.019455 -0.015557 -0.075962
v 0.004443 -0.031306 -0.072659
v -0.011428 -0.031398 -0.071654
v -0.011705 -0.016305 -0.076658
v 0.004443 -0.031306 -0.072659
v -0.011705 -0.016305 -0.076658
v 0.004001 -0.016380 -0.077621
v 0.004001 -0.016380 -0.077621
v -0.011705 -0.016305 -0.076658
v -0.011559 -0.000691 -0.078881
v 0.004001 -0.016380 -0.077621
v -0.011559 -0.000691 -0.078881
v 0.003762 -0.000977 -0.079848
v 0.003762 -0.000977 -0.079848
v -0.011559 -0.000691 -0.078881
v -0.010983 0.014828 -0.078143
v 0.003762 -0.000977 -0.079848
v -0.010983 0.014828 -0.078143
v 0.003929 0.014280 -0.079159
v 0.003929 0.014280 -0.079159
v -0.010983 0.014828 -0.078143
v -0.009968 0.029634 -0.074258
v 0.003929 0.014280 -0.079159
v -0.009968 0.029634 -0.074258
v 0.004737 0.028789 -0.075371
v 0.018218 0.013701 -0.077890
v 0.003929 0.014280 -0.079159
v 0.004737 0.028789 -0.075371
v 0.018218 0.013701 -0.077890
v 0.004737 0.028789 -0.075371
v 0.018642 0.027230 -0.074463
v 0.030978 0.013504 -0.074448
v 0.018218 0.013701 -0.077890
v 0.018642 0.027230 -0.074463
v 0.030978 0.013504 -0.074448
v 0.018642 0.027230 -0.074463
v 0.030604 0.025157 -0.071795
v 0.041562 0.014977 -0.069082
v 0.030978 0.013504 -0.074448
v 0.030604 0.025157 -0.071795
v 0.041562 0.014977 -0.069082
v 0.030604 0.025157 -0.071795
v 0.038629 0.023267 -0.068714
v 0.044720 0.003002 -0.068006
v 0.032556 0.000381 -0.074340
v 0.030978 0.013504 -0.074448
v 0.044720 0.003002 -0.068006
v 0.030978 0.013504 -0.074448
v 0.041562 0.014977 -0.069082
v 0.047005 -0.010480 -0.064906
v 0.034003 -0.013659 -0.071713
v 0.032556 0.000381 -0.074340
v 0.047005 -0.010480 -0.064906
v 0.032556 0.000381 -0.074340
v 0.044720 0.003002 -0.068006
v -0.027005 -0.015446 -0.073085
v -0.041262 -0.013726 -0.067081
v -0.040346 0.001046 -0.069678
v -0.027005 -0.015446 -0.073085
v -0.040346 0.001046 -0.069678
v -0.026505 -0.000065 -0.075420
v -0.041262 -0.013726 -0.067081
v -0.053847 -0.011010 -0.058862
v -0.052387 0.002943 -0.061915
v -0.041262 -0.013726 -0.067081
v -0.052387 0.002943 -0.061915
v -0.040346 0.001046 -0.069678
v -0.026505 -0.000065 -0.075420
v -0.040346 0.001046 -0.069678
v -0.038905 0.015424 -0.069535
v -0.026505 -0.000065 -0.075420
v -0.038905 0.015424 -0.069535
v -0.025568 0.015170 -0.074845
v -0.040346 0.001046 -0.069678
v -0.052387 0.002943 -0.061915
v -0.050134 0.015950 -0.062583
v -0.040346 0.001046 -0.069678
v -0.050134 0.015950 -0.062583
v -0.038905 0.015424 -0.069535
v -0.011428 -0.031398 -0.071654
v -0.026888 -0.030362 -0.068076
v -0.027005 -0.015446 -0.073085
v -0.011428 -0.031398 -0.071654
v -0.027005 -0.015446 -0.073085
v -0.011705 -0.016305 -0.076658
v -0.026888 -0.030362 -0.068076
v -0.041315 -0.028238 -0.062065
v -0.041262 -0.013726 -0.067081
v -0.026888 -0.030362 -0.068076
v -0.041262 -0.013726 -0.067081
v -0.027005 -0.015446 -0.073085
v -0.041315 -0.028238 -0.062065
v -0.054086 -0.025076 -0.053783
v -0.053847 -0.011010 -0.058862
v -0.041315 -0.028238 -0.062065
v -0.053847 -0.011010 -0.058862
v -0.041262 -0.013726 -0.067081
v -0.054086 -0.025076 -0.053783
v -0.064583 -0.020926 -0.043393
v -0.064146 -0.007128 -0.048647
v -0.054086 -0.025076 -0.053783
v -0.064146 -0.007128 -0.048647
v -0.053847 -0.011010 -0.058862
v -0.053847 -0.011010 -0.058862
v -0.064146 -0.007128 -0.048647
v -0.062052 0.006222 -0.052388
v -0.053847 -0.011010 -0.058862
v -0.062052 0.006222 -0.052388
v -0.052387 0.002943 -0.061915
v -0.052387 0.002943 -0.061915
v -0.062052 0.006222 -0.052388
v -0.058634 0.017998 -0.054426
v -0.052387 0.002943 -0.061915
v -0.058634 0.017998 -0.054426
v -0.050134 0.015950 -0.062583
v -0.050134 0.015950 -0.062583
v -0.058634 0.017998 -0.054426
v -0.055234 0.026097 -0.054984
v -0.050134 0.015950 -0.062583
v -0.055234 0.026097 -0.054984
v -0.048330 0.027537 -0.060249
v -0.038905 0.015424 -0.069535
v -0.050134 0.015950 -0.062583
v -0.048330 0.027537 -0.060249
v -0.038905 0.015424 -0.069535
v -0.048330 0.027537 -0.060249
v -0.037530 0.028923 -0.066247
v -0.025568 0.015170 -0.074845
v -0.038905 0.015424 -0.069535
v -0.037530 0.028923 -0.066247
v -0.025568 0.015170 -0.074845
v -0.037530 0.028923 -0.066247
v -0.024400 0.029667 -0.071109
v -0.010983 0.014828 -0.078143
v -0.025568 0.015170 -0.074845
v -0.024400 0.029667 -0.071109
v -0.010983 0.014828 -0.078143
v -0.024400 0.029667 -0.071109
v -0.009968 0.029634 -0.074258
v -0.011559 -0.000691 -0.078881
v -0.026505 -0.000065 -0.075420
v -0.025568 0.015170 -0.074845
v -0.011559 -0.000691 -0.078881
v -0.025568 0.015170 -0.074845
v -0.010983 0.014828 -0.078143
v -0.011705 -0.016305 -0.076658
v -0.027005 -0.015446 -0.073085
v -0.026505 -0.000065 -0.075420
v -0.011705 -0.016305 -0.076658
v -0.026505 -0.000065 -0.075420
v -0.011559 -0.000691 -0.078881
v 0.036382 -0.070372 -0.020212
v 0.040199 -0.070095 -0.007561
v 0.027298 -0.075640 -0.004151
v 0.036382 -0.070372 -0.020212
v 0.027298 -0.075640 -0.004151
v 0.024257 -0.075261 -0.018273
v 0.040199 -0.070095 -0.007561
v 0.043763 -0.067331 0.006070
v 0.030344 -0.073229 0.010365
v 0.040199 -0.070095 -0.007561
v 0.030344 -0.073229 0.010365
v 0.027298 -0.075640 -0.004151
v 0.024257 -0.075261 -0.018273
v 0.027298 -0.075640 -0.004151
v 0.012894 -0.078884 -0.001360
v 0.024257 -0.075261 -0.018273
v 0.012894 -0.078884 -0.001360
v 0.010322 -0.078167 -0.016398
v 0.027298 -0.075640 -0.004151
v 0.030344 -0.073229 0.010365
v 0.015558 -0.076657 0.013814
v 0.027298 -0.075640 -0.004151
v 0.015558 -0.076657 0.013814
v 0.012894 -0.078884 -0.001360
v 0.041516 -0.063786 -0.031029
v 0.045871 -0.063821 -0.023381
v 0.036382 -0.070372 -0.020212
v 0.041516 -0.063786 -0.031029
v 0.036382 -0.070372 -0.020212
v 0.033687 -0.067769 -0.031567
v 0.045871 -0.063821 -0.023381
v 0.050923 -0.062400 -0.012112
v 0.040199 -0.070095 -0.007561
v 0.045871 -0.063821 -0.023381
v 0.040199 -0.070095 -0.007561
v 0.036382 -0.070372 -0.020212
v 0.050923 -0.062400 -0.012112
v 0.055156 -0.059069 0.000834
v 0.043763 -0.067331 0.006070
v 0.050923 -0.062400 -0.012112
v 0.043763 -0.067331 0.006070
v 0.040199 -0.070095 -0.007561
v 0.055156 -0.059069 0.000834
v 0.058081 -0.053958 0.014380
v 0.046495 -0.062358 0.019909
v 0.055156 -0.059069 0.000834
v 0.046495 -0.062358 0.019909
v 0.043763 -0.067331 0.006070
v 0.043763 -0.067331 0.006070
v 0.046495 -0.062358 0.019909
v 0.032934 -0.068286 0.024669
v 0.043763 -0.067331 0.006070
v 0.032934 -0.068286 0.024669
v 0.030344 -0.073229 0.010365
v 0.030344 -0.073229 0.010365
v 0.032934 -0.068286 0.024669
v 0.018028 -0.071692 0.028539
v 0.030344 -0.073229 0.010365
v 0.018028 -0.071692 0.028539
v 0.015558 -0.076657 0.013814
v 0.015558 -0.076657 0.013814
v 0.018028 -0.071692 0.028539
v 0.002405 -0.072521 0.031394
v 0.015558 -0.076657 0.013814
v 0.002405 -0.072521 0.031394
v 0.000073 -0.077509 0.016475
v 0.012894 -0.078884 -0.001360
v 0.015558 -0.076657 0.013814
v 0.000073 -0.077509 0.016475
v 0.012894 -0.078884 -0.001360
v 0.000073 -0.077509 0.016475
v -0.002252 -0.079688 0.001028
v 0.010322 -0.078167 -0.016398
v 0.012894 -0.078884 -0.001360
v -0.002252 -0.079688 0.001028
v 0.010322 -0.078167 -0.016398
v -0.002252 -0.079688 0.001028
v -0.004475 -0.078874 -0.014338
v 0.008156 -0.074298 -0.030745
v 0.010322 -0.078167 -0.016398
v -0.004475 -0.078874 -0.014338
v 0.008156 -0.074298 -0.030745
v -0.004475 -0.078874 -0.014338
v -0.006502 -0.074885 -0.029012
v 0.021926 -0.071796 -0.031595
v 0.024257 -0.075261 -0.018273
v 0.010322 -0.078167 -0.016398
v 0.021926 -0.071796 -0.031595
v 0.010322 -0.078167 -0.016398
v 0.008156 -0.074298 -0.030745
v 0.033687 -0.067769 -0.031567
v 0.036382 -0.070372 -0.020212
v 0.024257 -0.075261 -0.018273
v 0.033687 -0.067769 -0.031567
v 0.024257 -0.075261 -0.018273
v 0.021926 -0.071796 -0.031595
v 0.048073 -0.055487 0.033100
v 0.048548 -0.047158 0.044785
v 0.035929 -0.051928 0.049964
v 0.048073 -0.055487 0.033100
v 0.035929 -0.051928 0.049964
v 0.034767 -0.061076 0.038101
v 0.048548 -0.047158 0.044785
v 0.048237 -0.037802 0.054116
v 0.036671 -0.041153 0.059566
v 0.048548 -0.047158 0.044785
v 0.036671 -0.041153 0.059566
v 0.035929 -0.051928 0.049964
v 0.034767 -0.061076 0.038101
v 0.035929 -0.051928 0.049964
v 0.021768 -0.054503 0.054279
v 0.034767 -0.061076 0.038101
v 0.021768 -0.054503 0.054279
v 0.020089 -0.064208 0.042226
v 0.035929 -0.051928 0.049964
v 0.036671 -0.041153 0.059566
v 0.023161 -0.042892 0.064104
v 0.035929 -0.051928 0.049964
v 0.023161 -0.042892 0.064104
v 0.021768 -0.054503 0.054279
v 0.058081 -0.053958 0.014380
v 0.059414 -0.047369 0.027533
v 0.048073 -0.055487 0.033100
v 0.058081 -0.053958 0.014380
v 0.048073 -0.055487 0.033100
v 0.046495 -0.062358 0.019909
v 0.059414 -0.047369 0.027533
v 0.059133 -0.039845 0.039361
v 0.048548 -0.047158 0.044785
v 0.059414 -0.047369 0.027533
v 0.048548 -0.047158 0.044785
v 0.048073 -0.055487 0.033100
v 0.059133 -0.039845 0.039361
v 0.057407 -0.032126 0.048951
v 0.048237 -0.037802 0.054116
v 0.059133 -0.039845 0.039361
v 0.048237 -0.037802 0.054116
v 0.048548 -0.047158 0.044785
v 0.057407 -0.032126 0.048951
v 0.055234 -0.026097 0.054983
v 0.048330 -0.027537 0.060248
v 0.057407 -0.032126 0.048951
v 0.048330 -0.027537 0.060248
v 0.048237 -0.037802 0.054116
v 0.048237 -0.037802 0.054116
v 0.048330 -0.027537 0.060248
v 0.037530 -0.028923 0.066246
v 0.048237 -0.037802 0.054116
v 0.037530 -0.028923 0.066246
v 0.036671 -0.041153 0.059566
v 0.036671 -0.041153 0.059566
v 0.037530 -0.028923 0.066246
v 0.024400 -0.029667 0.071109
v 0.036671 -0.041153 0.059566
v 0.024400 -0.029667 0.071109
v 0.023161 -0.042892 0.064104
v 0.023161 -0.042892 0.064104
v 0.024400 -0.029667 0.071109
v 0.009968 -0.029634 0.074257
v 0.023161 -0.042892 0.064104
v 0.009968 -0.029634 0.074257
v 0.008523 -0.043160 0.067165
v 0.021768 -0.054503 0.054279
v 0.023161 -0.042892 0.064104
v 0.008523 -0.043160 0.067165
v 0.021768 -0.054503 0.054279
v 0.008523 -0.043160 0.067165
v 0.006721 -0.055034 0.057292
v 0.020089 -0.064208 0.042226
v 0.021768 -0.054503 0.054279
v 0.006721 -0.055034 0.057292
v 0.020089 -0.064208 0.042226
v 0.006721 -0.055034 0.057292
v 0.004652 -0.064929 0.045186
v 0.018028 -0.071692 0.028539
v 0.020089 -0.064208 0.042226
v 0.004652 -0.064929 0.045186
v 0.018028 -0.071692 0.028539
v 0.004652 -0.064929 0.045186
v 0.002405 -0.072521 0.031394
v 0.032934 -0.068286 0.024669
v 0.034767 -0.061076 0.038101
v 0.020089 -0.064208 0.042226
v 0.032934 -0.068286 0.024669
v 0.020089 -0.064208 0.042226
v 0.018028 -0.071692 0.028539
v 0.046495 -0.062358 0.019909
v 0.048073 -0.055487 0.033100
v 0.034767 -0.061076 0.038101
v 0.046495 -0.062358 0.019909
v 0.034767 -0.061076 0.038101
v 0.032934 -0.068286 0.024669
v -0.019175 -0.077277 -0.012084
v -0.017374 -0.077971 0.003068
v -0.031756 -0.073859 0.004488
v -0.019175 -0.077277 -0.012084
v -0.031756 -0.073859 0.004488
v -0.032867 -0.073538 -0.009917
v -0.017374 -0.077971 0.003068
v -0.015448 -0.075722 0.018349
v -0.030373 -0.071399 0.019246
v -0.017374 -0.077971 0.003068
v -0.030373 -0.071399 0.019246
v -0.031756 -0.073859 0.004488
v -0.032867 -0.073538 -0.009917
v -0.031756 -0.073859 0.004488
v -0.044744 -0.067534 0.004864
v -0.032867 -0.073538 -0.009917
v -0.044744 -0.067534 0.004864
v -0.044730 -0.067926 -0.008347
v -0.031756 -0.073859 0.004488
v -0.030373 -0.071399 0.019246
v -0.044088 -0.064682 0.018920
v -0.031756 -0.073859 0.004488
v -0.044088 -0.064682 0.018920
v -0.044744 -0.067534 0.004864
v -0.006502 -0.074885 -0.029012
v -0.004475 -0.078874 -0.014338
v -0.019175 -0.077277 -0.012084
v -0.006502 -0.074885 -0.029012
v -0.019175 -0.077277 -0.012084
v -0.020981 -0.073420 -0.026484
v -0.004475 -0.078874 -0.014338
v -0.002252 -0.079688 0.001028
v -0.017374 -0.077971 0.003068
v -0.004475 -0.078874 -0.014338
v -0.017374 -0.077971 0.003068
v -0.019175 -0.077277 -0.012084
v -0.002252 -0.079688 0.001028
v 0.000073 -0.077509 0.016475
v -0.015448 -0.075722 0.018349
v -0.002252 -0.079688 0.001028
v -0.015448 -0.075722 0.018349
v -0.017374 -0.077971 0.003068
v 0.000073 -0.077509 0.016475
v 0.002405 -0.072521 0.031394
v -0.013304 -0.070747 0.033122
v 0.000073 -0.077509 0.016475
v -0.013304 -0.070747 0.033122
v -0.015448 -0.075722 0.018349
v -0.015448 -0.075722 0.018349
v -0.013304 -0.070747 0.033122
v -0.028466 -0.066435 0.033650
v -0.015448 -0.075722 0.018349
v -0.028466 -0.066435 0.033650
v -0.030373 -0.071399 0.019246
v -0.030373 -0.071399 0.019246
v -0.028466 -0.066435 0.033650
v -0.042447 -0.059676 0.032919
v -0.030373 -0.071399 0.019246
v -0.042447 -0.059676 0.032919
v -0.044088 -0.064682 0.018920
v -0.044088 -0.064682 0.018920
v -0.042447 -0.059676 0.032919
v -0.054614 -0.050560 0.030865
v -0.044088 -0.064682 0.018920
v -0.054614 -0.050560 0.030865
v -0.055995 -0.055717 0.017092
v -0.044744 -0.067534 0.004864
v -0.044088 -0.064682 0.018920
v -0.055995 -0.055717 0.017092
v -0.044744 -0.067534 0.004864
v -0.055995 -0.055717 0.017092
v -0.055848 -0.059180 0.003506
v -0.044730 -0.067926 -0.008347
v -0.044744 -0.067534 0.004864
v -0.055848 -0.059180 0.003506
v -0.044730 -0.067926 -0.008347
v -0.055848 -0.059180 0.003506
v -0.054325 -0.060800 -0.008725
v -0.045248 -0.065389 -0.020021
v -0.044730 -0.067926 -0.008347
v -0.054325 -0.060800 -0.008725
v -0.045248 -0.065389 -0.020021
v -0.054325 -0.060800 -0.008725
v -0.052347 -0.060956 -0.017299
v -0.034246 -0.070102 -0.023379
v -0.032867 -0.073538 -0.009917
v -0.044730 -0.067926 -0.008347
v -0.034246 -0.070102 -0.023379
v -0.044730 -0.067926 -0.008347
v -0.045248 -0.065389 -0.020021
v -0.020981 -0.073420 -0.026484
v -0.019175 -0.077277 -0.012084
v -0.032867 -0.073538 -0.009917
v -0.020981 -0.073420 -0.026484
v -0.032867 -0.073538 -0.009917
v -0.034246 -0.070102 -0.023379
v -0.010916 -0.063273 0.046761
v -0.008500 -0.053591 0.058707
v -0.023126 -0.050147 0.058603
v -0.010916 -0.063273 0.046761
v -0.023126 -0.050147 0.058603
v -0.025950 -0.059245 0.046982
v -0.008500 -0.053591 0.058707
v -0.006336 -0.042002 0.068418
v -0.020452 -0.039431 0.067921
v -0.008500 -0.053591 0.058707
v -0.020452 -0.039431 0.067921
v -0.023126 -0.050147 0.058603
v -0.025950 -0.059245 0.046982
v -0.023126 -0.050147 0.058603
v -0.036395 -0.044597 0.057210
v -0.025950 -0.059245 0.046982
v -0.036395 -0.044597 0.057210
v -0.039777 -0.052838 0.045950
v -0.023126 -0.050147 0.058603
v -0.020452 -0.039431 0.067921
v -0.032876 -0.035356 0.065981
v -0.023126 -0.050147 0.058603
v -0.032876 -0.035356 0.065981
v -0.036395 -0.044597 0.057210
v 0.002405 -0.072521 0.031394
v 0.004652 -0.064929 0.045186
v -0.010916 -0.063273 0.046761
v 0.002405 -0.072521 0.031394
v -0.010916 -0.063273 0.046761
v -0.013304 -0.070747 0.033122
v 0.004652 -0.064929 0.045186
v 0.006721 -0.055034 0.057292
v -0.008500 -0.053591 0.058707
v 0.004652 -0.064929 0.045186
v -0.008500 -0.053591 0.058707
v -0.010916 -0.063273 0.046761
v 0.006721 -0.055034 0.057292
v 0.008523 -0.043160 0.067165
v -0.006336 -0.042002 0.068418
v 0.006721 -0.055034 0.057292
v -0.006336 -0.042002 0.068418
v -0.008500 -0.053591 0.058707
v 0.008523 -0.043160 0.067165
v 0.009968 -0.029634 0.074257
v -0.004737 -0.028789 0.075371
v 0.008523 -0.043160 0.067165
v -0.004737 -0.028789 0.075371
v -0.006336 -0.042002 0.068418
v -0.006336 -0.042002 0.068418
v -0.004737 -0.028789 0.075371
v -0.018642 -0.027229 0.074462
v -0.006336 -0.042002 0.068418
v -0.018642 -0.027229 0.074462
v -0.020452 -0.039431 0.067921
v -0.020452 -0.039431 0.067921
v -0.018642 -0.027229 0.074462
v -0.030604 -0.025157 0.071794
v -0.020452 -0.039431 0.067921
v -0.030604 -0.025157 0.071794
v -0.032876 -0.035356 0.065981
v -0.032876 -0.035356 0.065981
v -0.030604 -0.025157 0.071794
v -0.038629 -0.023267 0.068713
v -0.032876 -0.035356 0.065981
v -0.038629 -0.023267 0.068713
v -0.042789 -0.029105 0.063608
v -0.036395 -0.044597 0.057210
v -0.032876 -0.035356 0.065981
v -0.042789 -0.029105 0.063608
v -0.036395 -0.044597 0.057210
v -0.042789 -0.029105 0.063608
v -0.047639 -0.036625 0.054979
v -0.039777 -0.052838 0.045950
v -0.036395 -0.044597 0.057210
v -0.047639 -0.036625 0.054979
v -0.039777 -0.052838 0.045950
v -0.047639 -0.036625 0.054979
v -0.051737 -0.044018 0.043792
v -0.042447 -0.059676 0.032919
v -0.039777 -0.052838 0.045950
v -0.051737 -0.044018 0.043792
v -0.042447 -0.059676 0.032919
v -0.051737 -0.044018 0.043792
v -0.054614 -0.050560 0.030865
v -0.028466 -0.066435 0.033650
v -0.025950 -0.059245 0.046982
v -0.039777 -0.052838 0.045950
v -0.028466 -0.066435 0.033650
v -0.039777 -0.052838 0.045950
v -0.042447 -0.059676 0.032919
v -0.013304 -0.070747 0.033122
v -0.010916 -0.063273 0.046761
v -0.025950 -0.059245 0.046982
v -0.013304 -0.070747 0.033122
v -0.025950 -0.059245 0.046982
v -0.028466 -0.066435 0.033650
v -0.048237 0.037802 -0.054117
v -0.048548 0.047158 -0.044785
v -0.035929 0.051928 -0.049965
v -0.048237 0.037802 -0.054117
v -0.035929 0.051928 -0.049965
v -0.036671 0.041153 -0.059567
v -0.048548 0.047158 -0.044785
v -0.048073 0.055487 -0.033100
v -0.034767 0.061076 -0.038102
v -0.048548 0.047158 -0.044785
v -0.034767 0.061076 -0.038102
v -0.035929 0.051928 -0.049965
v -0.036671 0.041153 -0.059567
v -0.035929 0.051928 -0.049965
v -0.021768 0.054504 -0.054280
v -0.036671 0.041153 -0.059567
v -0.021768 0.054504 -0.054280
v -0.023161 0.042892 -0.064105
v -0.035929 0.051928 -0.049965
v -0.034767 0.061076 -0.038102
v -0.020089 0.064208 -0.042226
v -0.035929 0.051928 -0.049965
v -0.020089 0.064208 -0.042226
v -0.021768 0.054504 -0.054280
v -0.055234 0.026097 -0.054984
v -0.057407 0.032127 -0.048952
v -0.048237 0.037802 -0.054117
v -0.055234 0.026097 -0.054984
v -0.048237 0.037802 -0.054117
v -0.048330 0.027537 -0.060249
v -0.057407 0.032127 -0.048952
v -0.059133 0.039845 -0.039362
v -0.048548 0.047158 -0.044785
v -0.057407 0.032127 -0.048952
v -0.048548 0.047158 -0.044785
v -0.048237 0.037802 -0.054117
v -0.059133 0.039845 -0.039362
v -0.059414 0.047370 -0.027534
v -0.048073 0.055487 -0.033100
v -0.059133 0.039845 -0.039362
v -0.048073 0.055487 -0.033100
v -0.048548 0.047158 -0.044785
v -0.059414 0.047370 -0.027534
v -0.058081 0.053959 -0.014381
v -0.046495 0.062358 -0.019910
v -0.059414 0.047370 -0.027534
v -0.046495 0.062358 -0.019910
v -0.048073 0.055487 -0.033100
v -0.048073 0.055487 -0.033100
v -0.046495 0.062358 -0.019910
v -0.032934 0.068287 -0.024670
v -0.048073 0.055487 -0.033100
v -0.032934 0.068287 -0.024670
v -0.034767 0.061076 -0.038102
v -0.034767 0.061076 -0.038102
v -0.032934 0.068287 -0.024670
v -0.018028 0.071692 -0.028539
v -0.034767 0.061076 -0.038102
v -0.018028 0.071692 -0.028539
v -0.020089 0.064208 -0.042226
v -0.020089 0.064208 -0.042226
v -0.018028 0.071692 -0.028539
v -0.002405 0.072521 -0.031394
v -0.020089 0.064208 -0.042226
v -0.002405 0.072521 -0.031394
v -0.004652 0.064929 -0.045186
v -0.021768 0.054504 -0.054280
v -0.020089 0.064208 -0.042226
v -0.004652 0.064929 -0.045186
v -0.021768 0.054504 -0.054280
v -0.004652 0.064929 -0.045186
v -0.006721 0.055034 -0.057293
v -0.023161 0.042892 -0.064105
v -0.021768 0.054504 -0.054280
v -0.006721 0.055034 -0.057293
v -0.023161 0.042892 -0.064105
v -0.006721 0.055034 -0.057293
v -0.008523 0.043161 -0.067166
v -0.024400 0.029667 -0.071109
v -0.023161 0.042892 -0.064105
v -0.008523 0.043161 -0.067166
v -0.024400 0.029667 -0.071109
v -0.008523 0.043161 -0.067166
v -0.009968 0.029634 -0.074258
v -0.037530 0.028923 -0.066247
v -0.036671 0.041153 -0.059567
v -0.023161 0.042892 -0.064105
v -0.037530 0.028923 -0.066247
v -0.023161 0.042892 -0.064105
v -0.024400 0.029667 -0.071109
v -0.048330 0.027537 -0.060249
v -0.048237 0.037802 -0.054117
v -0.036671 0.041153 -0.059567
v -0.048330 0.027537 -0.060249
v -0.036671 0.041153 -0.059567
v -0.037530 0.028923 -0.066247
v -0.043763 0.067331 -0.006071
v -0.040199 0.070095 0.007560
v -0.027298 0.075640 0.004150
v -0.043763 0.067331 -0.006071
v -0.027298 0.075640 0.004150
v -0.030344 0.073230 -0.010365
v -0.040199 0.070095 0.007560
v -0.036382 0.070372 0.020211
v -0.024257 0.075261 0.018272
v -0.040199 0.070095 0.007560
v -0.024257 0.075261 0.018272
v -0.027298 0.075640 0.004150
v -0.030344 0.073230 -0.010365
v -0.027298 0.075640 0.004150
v -0.012894 0.078884 0.001359
v -0.030344 0.073230 -0.010365
v -0.012894 0.078884 0.001359
v -0.015558 0.076658 -0.013814
v -0.027298 0.075640 0.004150
v -0.024257 0.075261 0.018272
v -0.010322 0.078167 0.016398
v -0.027298 0.075640 0.004150
v -0.010322 0.078167 0.016398
v -0.012894 0.078884 0.001359
v -0.058081 0.053959 -0.014381
v -0.055156 0.059069 -0.000834
v -0.043763 0.067331 -0.006071
v -0.058081 0.053959 -0.014381
v -0.043763 0.067331 -0.006071
v -0.046495 0.062358 -0.019910
v -0.055156 0.059069 -0.000834
v -0.050923 0.062400 0.012112
v -0.040199 0.070095 0.007560
v -0.055156 0.059069 -0.000834
v -0.040199 0.070095 0.007560
v -0.043763 0.067331 -0.006071
v -0.050923 0.062400 0.012112
v -0.045871 0.063822 0.023380
v -0.036382 0.070372 0.020211
v -0.050923 0.062400 0.012112
v -0.036382 0.070372 0.020211
v -0.040199 0.070095 0.007560
v -0.045871 0.063822 0.023380
v -0.041516 0.063786 0.031028
v -0.033687 0.067770 0.031567
v -0.045871 0.063822 0.023380
v -0.033687 0.067770 0.031567
v -0.036382 0.070372 0.020211
v -0.036382 0.070372 0.020211
v -0.033687 0.067770 0.031567
v -0.021926 0.071796 0.031595
v -0.036382 0.070372 0.020211
v -0.021926 0.071796 0.031595
v -0.024257 0.075261 0.018272
v -0.024257 0.075261 0.018272
v -0.021926 0.071796 0.031595
v -0.008156 0.074298 0.030745
v -0.024257 0.075261 0.018272
v -0.008156 0.074298 0.030745
v -0.010322 0.078167 0.016398
v -0.010322 0.078167 0.016398
v -0.008156 0.074298 0.030745
v 0.006502 0.074885 0.029011
v -0.010322 0.078167 0.016398
v 0.006502 0.074885 0.029011
v 0.004475 0.078874 0.014337
v -0.012894 0.078884 0.001359
v -0.010322 0.078167 0.016398
v 0.004475 0.078874 0.014337
v -0.012894 0.078884 0.001359
v 0.004475 0.078874 0.014337
v 0.002252 0.079688 -0.001028
v -0.015558 0.076658 -0.013814
v -0.012894 0.078884 0.001359
v 0.002252 0.079688 -0.001028
v -0.015558 0.076658 -0.013814
v 0.002252 0.079688 -0.001028
v -0.000073 0.077510 -0.016475
v -0.018028 0.071692 -0.028539
v -0.015558 0.076658 -0.013814
v -0.000073 0.077510 -0.016475
v -0.018028 0.071692 -0.028539
v -0.000073 0.077510 -0.016475
v -0.002405 0.072521 -0.031394
v -0.032934 0.068287 -0.024670
v -0.030344 0.073230 -0.010365
v -0.015558 0.076658 -0.013814
v -0.032934 0.068287 -0.024670
v -0.015558 0.076658 -0.013814
v -0.018028 0.071692 -0.028539
v -0.046495 0.062358 -0.019910
v -0.043763 0.067331 -0.006071
v -0.030344 0.073230 -0.010365
v -0.046495 0.062358 -0.019910
v -0.030344 0.073230 -0.010365
v -0.032934 0.068287 -0.024670
v 0.006336 0.042002 -0.068419
v 0.008500 0.053591 -0.058707
v 0.023126 0.050147 -0.058603
v 0.006336 0.042002 -0.068419
v 0.023126 0.050147 -0.058603
v 0.020452 0.039431 -0.067922
v 0.008500 0.053591 -0.058707
v 0.010916 0.063273 -0.046762
v 0.025950 0.059245 -0.046983
v 0.008500 0.053591 -0.058707
v 0.025950 0.059245 -0.046983
v 0.023126 0.050147 -0.058603
v 0.020452 0.039431 -0.067922
v 0.023126 0.050147 -0.058603
v 0.036395 0.044597 -0.057210
v 0.020452 0.039431 -0.067922
v 0.036395 0.044597 -0.057210
v 0.032876 0.035357 -0.065981
v 0.023126 0.050147 -0.058603
v 0.025950 0.059245 -0.046983
v 0.039777 0.052838 -0.045950
v 0.023126 0.050147 -0.058603
v 0.039777 0.052838 -0.045950
v 0.036395 0.044597 -0.057210
v -0.009968 0.029634 -0.074258
v -0.008523 0.043161 -0.067166
v 0.006336 0.042002 -0.068419
v -0.009968 0.029634 -0.074258
v 0.006336 0.042002 -0.068419
v 0.004737 0.028789 -0.075371
v -0.008523 0.043161 -0.067166
v -0.006721 0.055034 -0.057293
v 0.008500 0.053591 -0.058707
v -0.008523 0.043161 -0.067166
v 0.008500 0.053591 -0.058707
v 0.006336 0.042002 -0.068419
v -0.006721 0.055034 -0.057293
v -0.004652 0.064929 -0.045186
v 0.010916 0.063273 -0.046762
v -0.006721 0.055034 -0.057293
v 0.010916 0.063273 -0.046762
v 0.008500 0.053591 -0.058707
v -0.004652 0.064929 -0.045186
v -0.002405 0.072521 -0.031394
v 0.013304 0.070747 -0.033122
v -0.004652 0.064929 -0.045186
v 0.013304 0.070747 -0.033122
v 0.010916 0.063273 -0.046762
v 0.010916 0.063273 -0.046762
v 0.013304 0.070747 -0.033122
v 0.028466 0.066435 -0.033651
v 0.010916 0.063273 -0.046762
v 0.028466 0.066435 -0.033651
v 0.025950 0.059245 -0.046983
v 0.025950 0.059245 -0.046983
v 0.028466 0.066435 -0.033651
v 0.042447 0.059676 -0.032919
v 0.025950 0.059245 -0.046983
v 0.042447 0.059676 -0.032919
v 0.039777 0.052838 -0.045950
v 0.039777 0.052838 -0.045950
v 0.042447 0.059676 -0.032919
v 0.054614 0.050561 -0.030865
v 0.039777 0.052838 -0.045950
v 0.054614 0.050561 -0.030865
v 0.051737 0.044018 -0.043792
v 0.036395 0.044597 -0.057210
v 0.039777 0.052838 -0.045950
v 0.051737 0.044018 -0.043792
v 0.036395 0.044597 -0.057210
v 0.051737 0.044018 -0.043792
v 0.047639 0.036626 -0.054980
v 0.032876 0.035357 -0.065981
v 0.036395 0.044597 -0.057210
v 0.047639 0.036626 -0.054980
v 0.032876 0.035357 -0.065981
v 0.047639 0.036626 -0.054980
v 0.042789 0.029105 -0.063608
v 0.030604 0.025157 -0.071795
v 0.032876 0.035357 -0.065981
v 0.042789 0.029105 -0.063608
v 0.030604 0.025157 -0.071795
v 0.042789 0.029105 -0.063608
v 0.038629 0.023267 -0.068714
v 0.018642 0.027230 -0.074463
v 0.020452 0.039431 -0.067922
v 0.032876 0.035357 -0.065981
v 0.018642 0.027230 -0.074463
v 0.032876 0.035357 -0.065981
v 0.030604 0.025157 -0.071795
v 0.004737 0.028789 -0.075371
v 0.006336 0.042002 -0.068419
v 0.020452 0.039431 -0.067922
v 0.004737 0.028789 -0.075371
v 0.020452 0.039431 -0.067922
v 0.018642 0.027230 -0.074463
v 0.015448 0.075723 -0.018350
v 0.017374 0.077971 -0.003068
v 0.031756 0.073860 -0.004488
v 0.015448 0.075723 -0.018350
v 0.031756 0.073860 -0.004488
v 0.030373 0.071399 -0.019247
v 0.017374 0.077971 -0.003068
v 0.019175 0.077277 0.012083
v 0.032867 0.073539 0.009916
v 0.017374 0.077971 -0.003068
v 0.032867 0.073539 0.009916
v 0.031756 0.073860 -0.004488
v 0.030373 0.071399 -0.019247
v 0.031756 0.073860 -0.004488
v 0.044744 0.067534 -0.004865
v 0.030373 0.071399 -0.019247
v 0.044744 0.067534 -0.004865
v 0.044088 0.064682 -0.018921
v 0.031756 0.073860 -0.004488
v 0.032867 0.073539 0.009916
v 0.044730 0.067926 0.008347
v 0.031756 0.073860 -0.004488
v 0.044730 0.067926 0.008347
v 0.044744 0.067534 -0.004865
v -0.002405 0.072521 -0.031394
v -0.000073 0.077510 -0.016475
v 0.015448 0.075723 -0.018350
v -0.002405 0.072521 -0.031394
v 0.015448 0.075723 -0.018350
v 0.013304 0.070747 -0.033122
v -0.000073 0.077510 -0.016475
v 0.002252 0.079688 -0.001028
v 0.017374 0.077971 -0.003068
v -0.000073 0.077510 -0.016475
v 0.017374 0.077971 -0.003068
v 0.015448 0.075723 -0.018350
v 0.002252 0.079688 -0.001028
v 0.004475 0.078874 0.014337
v 0.019175 0.077277 0.012083
v 0.002252 0.079688 -0.001028
v 0.019175 0.077277 0.012083
v 0.017374 0.077971 -0.003068
v 0.004475 0.078874 0.014337
v 0.006502 0.074885 0.029011
v 0.020981 0.073420 0.026483
v 0.004475 0.078874 0.014337
v 0.020981 0.073420 0.026483
v 0.019175 0.077277 0.012083
v 0.019175 0.077277 0.012083
v 0.020981 0.073420 0.026483
v 0.034246 0.070102 0.023378
v 0.019175 0.077277 0.012083
v 0.034246 0.070102 0.023378
v 0.032867 0.073539 0.009916
v 0.032867 0.073539 0.009916
v 0.034246 0.070102 0.023378
v 0.045248 0.065389 0.020021
v 0.032867 0.073539 0.009916
v 0.045248 0.065389 0.020021
v 0.044730 0.067926 0.008347
v 0.044730 0.067926 0.008347
v 0.045248 0.065389 0.020021
v 0.052347 0.060956 0.017298
v 0.044730 0.067926 0.008347
v 0.052347 0.060956 0.017298
v 0.054325 0.060800 0.008724
v 0.044744 0.067534 -0.004865
v 0.044730 0.067926 0.008347
v 0.054325 0.060800 0.008724
v 0.044744 0.067534 -0.004865
v 0.054325 0.060800 0.008724
v 0.055848 0.059181 -0.003506
v 0.044088 0.064682 -0.018921
v 0.044744 0.067534 -0.004865
v 0.055848 0.059181 -0.003506
v 0.044088 0.064682 -0.018921
v 0.055848 0.059181 -0.003506
v 0.055995 0.055718 -0.017093
v 0.042447 0.059676 -0.032919
v 0.044088 0.064682 -0.018921
v 0.055995 0.055718 -0.017093
v 0.042447 0.059676 -0.032919
v 0.055995 0.055718 -0.017093
v 0.054614 0.050561 -0.030865
v 0.028466 0.066435 -0.033651
v 0.030373 0.071399 -0.019247
v 0.044088 0.064682 -0.018921
v 0.028466 0.066435 -0.033651
v 0.044088 0.064682 -0.018921
v 0.042447 0.059676 -0.032919
v 0.013304 0.070747 -0.033122
v 0.015448 0.075723 -0.018350
v 0.030373 0.071399 -0.019247
v 0.013304 0.070747 -0.033122
v 0.030373 0.071399 -0.019247
v 0.028466 0.066435 -0.033651
v -0.148766 -0.158134 -0.241830
v -0.158874 -0.117051 -0.258219
v -0.156443 -0.124472 -0.275548
v -0.148766 -0.158134 -0.241830
v -0.156443 -0.124472 -0.275548
v -0.146781 -0.163742 -0.259882
v -0.146781 -0.163742 -0.259882
v -0.156443 -0.124472 -0.275548
v -0.147020 -0.130985 -0.291315
v -0.146781 -0.163742 -0.259882
v -0.147020 -0.130985 -0.291315
v -0.138383 -0.166088 -0.277312
v -0.138383 -0.166088 -0.277312
v -0.147020 -0.130985 -0.291315
v -0.132039 -0.135599 -0.303121
v -0.138383 -0.166088 -0.277312
v -0.132039 -0.135599 -0.303121
v -0.124850 -0.164815 -0.291466
v -0.124850 -0.164815 -0.291466
v -0.132039 -0.135599 -0.303121
v -0.113780 -0.137611 -0.309168
v -0.124850 -0.164815 -0.291466
v -0.113780 -0.137611 -0.309168
v -0.108243 -0.160117 -0.300190
v -0.122687 -0.193490 -0.230496
v -0.148766 -0.158134 -0.241830
v -0.146781 -0.163742 -0.259882
v -0.122687 -0.193490 -0.230496
v -0.146781 -0.163742 -0.259882
v -0.121854 -0.197538 -0.249049
v -0.121854 -0.197538 -0.249049
v -0.146781 -0.163742 -0.259882
v -0.138383 -0.166088 -0.277312
v -0.121854 -0.197538 -0.249049
v -0.138383 -0.166088 -0.277312
v -0.116101 -0.196297 -0.267628
v -0.116101 -0.196297 -0.267628
v -0.138383 -0.166088 -0.277312
v -0.124850 -0.164815 -0.291466
v -0.116101 -0.196297 -0.267628
v -0.124850 -0.164815 -0.291466
v -0.106305 -0.189958 -0.283406
v -0.106305 -0.189958 -0.283406
v -0.124850 -0.164815 -0.291466
v -0.108243 -0.160117 -0.300190
v -0.106305 -0.189958 -0.283406
v -0.108243 -0.160117 -0.300190
v -0.093957 -0.179485 -0.293981
v -0.084609 -0.217737 -0.225945
v -0.122687 -0.193490 -0.230496
v -0.121854 -0.197538 -0.249049
v -0.084609 -0.217737 -0.225945
v -0.121854 -0.197538 -0.249049
v -0.085456 -0.220714 -0.244698
v -0.085456 -0.220714 -0.244698
v -0.121854 -0.197538 -0.249049
v -0.116101 -0.196297 -0.267628
v -0.085456 -0.220714 -0.244698
v -0.116101 -0.196297 -0.267628
v -0.083566 -0.217014 -0.263739
v -0.083566 -0.217014 -0.263739
v -0.116101 -0.196297 -0.267628
v -0.106305 -0.189958 -0.283406
v -0.083566 -0.217014 -0.263739
v -0.106305 -0.189958 -0.283406
v -0.079226 -0.207201 -0.280170
v -0.079226 -0.207201 -0.280170
v -0.106305 -0.189958 -0.283406
v -0.093957 -0.179485 -0.293981
v -0.079226 -0.207201 -0.280170
v -0.093957 -0.179485 -0.293981
v -0.073097 -0.192768 -0.291488
v -0.040328 -0.227184 -0.228867
v -0.084609 -0.217737 -0.225945
v -0.085456 -0.220714 -0.244698
v -0.040328 -0.227184 -0.228867
v -0.085456 -0.220714 -0.244698
v -0.043129 -0.229744 -0.247492
v -0.043129 -0.229744 -0.247492
v -0.085456 -0.220714 -0.244698
v -0.083566 -0.217014 -0.263739
v -0.043129 -0.229744 -0.247492
v -0.083566 -0.217014 -0.263739
v -0.045731 -0.225086 -0.266236
v -0.045731 -0.225086 -0.266236
v -0.083566 -0.217014 -0.263739
v -0.079226 -0.207201 -0.280170
v -0.045731 -0.225086 -0.266236
v -0.079226 -0.207201 -0.280170
v -0.047736 -0.213919 -0.282248
v -0.047736 -0.213919 -0.282248
v -0.079226 -0.207201 -0.280170
v -0.073097 -0.192768 -0.291488
v -0.047736 -0.213919 -0.282248
v -0.073097 -0.192768 -0.291488
v -0.048840 -0.197942 -0.293089
v 0.003415 -0.220392 -0.238820
v -0.040328 -0.227184 -0.228867
v -0.043129 -0.229744 -0.247492
v 0.003415 -0.220392 -0.238820
v -0.043129 -0.229744 -0.247492
v -0.001317 -0.223251 -0.257005
v -0.001317 -0.223251 -0.257005
v -0.043129 -0.229744 -0.247492
v -0.045731 -0.225086 -0.266236
v -0.001317 -0.223251 -0.257005
v -0.045731 -0.225086 -0.266236
v -0.008356 -0.219282 -0.274740
v -0.008356 -0.219282 -0.274740
v -0.045731 -0.225086 -0.266236
v -0.047736 -0.213919 -0.282248
v -0.008356 -0.219282 -0.274740
v -0.047736 -0.213919 -0.282248
v -0.016629 -0.209088 -0.289326
v -0.016629 -0.209088 -0.289326
v -0.047736 -0.213919 -0.282248
v -0.048840 -0.197942 -0.293089
v -0.016629 -0.209088 -0.289326
v -0.048840 -0.197942 -0.293089
v -0.024878 -0.194222 -0.298541
v 0.039959 -0.198395 -0.254287
v 0.003415 -0.220392 -0.238820
v -0.001317 -0.223251 -0.257005
v 0.039959 -0.198395 -0.254287
v -0.001317 -0.223251 -0.257005
v 0.033614 -0.202225 -0.271789
v 0.033614 -0.202225 -0.271789
v -0.001317 -0.223251 -0.257005
v -0.008356 -0.219282 -0.274740
v 0.033614 -0.202225 -0.271789
v -0.008356 -0.219282 -0.274740
v 0.022869 -0.200487 -0.287956
v 0.022869 -0.200487 -0.287956
v -0.008356 -0.219282 -0.274740
v -0.016629 -0.209088 -0.289326
v 0.022869 -0.200487 -0.287956
v -0.016629 -0.209088 -0.289326
v 0.009359 -0.193446 -0.300325
v 0.009359 -0.193446 -0.300325
v -0.016629 -0.209088 -0.289326
v -0.024878 -0.194222 -0.298541
v 0.009359 -0.193446 -0.300325
v -0.024878 -0.194222 -0.298541
v -0.004858 -0.182172 -0.307014
v 0.063742 -0.164542 -0.272914
v 0.039959 -0.198395 -0.254287
v 0.033614 -0.202225 -0.271789
v 0.063742 -0.164542 -0.272914
v 0.033614 -0.202225 -0.271789
v 0.056347 -0.169867 -0.289594
v 0.056347 -0.169867 -0.289594
v 0.033614 -0.202225 -0.271789
v 0.022869 -0.200487 -0.287956
v 0.056347 -0.169867 -0.289594
v 0.022869 -0.200487 -0.287956
v 0.043190 -0.171563 -0.303871
v 0.043190 -0.171563 -0.303871
v 0.022869 -0.200487 -0.287956
v 0.009359 -0.193446 -0.300325
v 0.043190 -0.171563 -0.303871
v 0.009359 -0.193446 -0.300325
v 0.026272 -0.169372 -0.313571
v 0.026272 -0.169372 -0.313571
v 0.009359 -0.193446 -0.300325
v -0.004858 -0.182172 -0.307014
v 0.026272 -0.169372 -0.313571
v -0.004858 -0.182172 -0.307014
v 0.008170 -0.163627 -0.317218
v 0.071143 -0.123987 -0.291865
v 0.063742 -0.164542 -0.272914
v 0.056347 -0.169867 -0.289594
v 0.071143 -0.123987 -0.291865
v 0.056347 -0.169867 -0.289594
v 0.063421 -0.131102 -0.307709
v 0.063421 -0.131102 -0.307709
v 0.056347 -0.169867 -0.289594
v 0.043190 -0.171563 -0.303871
v 0.063421 -0.131102 -0.307709
v 0.043190 -0.171563 -0.303871
v 0.049513 -0.136911 -0.320063
v 0.049513 -0.136911 -0.320063
v 0.043190 -0.171563 -0.303871
v 0.026272 -0.169372 -0.313571
v 0.049513 -0.136911 -0.320063
v 0.026272 -0.169372 -0.313571
v 0.031535 -0.140532 -0.327048
v 0.031535 -0.140532 -0.327048
v 0.026272 -0.169372 -0.313571
v 0.008170 -0.163627 -0.317218
v 0.031535 -0.140532 -0.327048
v 0.008170 -0.163627 -0.317218
v 0.012224 -0.141411 -0.327599
v 0.061034 -0.082904 -0.308255
v 0.071143 -0.123987 -0.291865
v 0.063421 -0.131102 -0.307709
v 0.061034 -0.082904 -0.308255
v 0.063421 -0.131102 -0.307709
v 0.053759 -0.091832 -0.323375
v 0.053759 -0.091832 -0.323375
v 0.063421 -0.131102 -0.307709
v 0.049513 -0.136911 -0.320063
v 0.053759 -0.091832 -0.323375
v 0.049513 -0.136911 -0.320063
v 0.040876 -0.101809 -0.334067
v 0.040876 -0.101809 -0.334067
v 0.049513 -0.136911 -0.320063
v 0.031535 -0.140532 -0.327048
v 0.040876 -0.101809 -0.334067
v 0.031535 -0.140532 -0.327048
v 0.024346 -0.111316 -0.338703
v 0.024346 -0.111316 -0.338703
v 0.031535 -0.140532 -0.327048
v 0.012224 -0.141411 -0.327599
v 0.024346 -0.111316 -0.338703
v 0.012224 -0.141411 -0.327599
v 0.006687 -0.118905 -0.336578
v 0.034956 -0.047548 -0.319588
v 0.061034 -0.082904 -0.308255
v 0.053759 -0.091832 -0.323375
v 0.034956 -0.047548 -0.319588
v 0.053759 -0.091832 -0.323375
v 0.028832 -0.058037 -0.334208
v 0.028832 -0.058037 -0.334208
v 0.053759 -0.091832 -0.323375
v 0.040876 -0.101809 -0.334067
v 0.028832 -0.058037 -0.334208
v 0.040876 -0.101809 -0.334067
v 0.018594 -0.071600 -0.343751
v 0.018594 -0.071600 -0.343751
v 0.040876 -0.101809 -0.334067
v 0.024346 -0.111316 -0.338703
v 0.018594 -0.071600 -0.343751
v 0.024346 -0.111316 -0.338703
v 0.005801 -0.086173 -0.346763
v 0.005801 -0.086173 -0.346763
v 0.024346 -0.111316 -0.338703
v 0.006687 -0.118905 -0.336578
v 0.005801 -0.086173 -0.346763
v 0.006687 -0.118905 -0.336578
v -0.007599 -0.099537 -0.342786
v -0.003122 -0.023301 -0.324140
v 0.034956 -0.047548 -0.319588
v 0.028832 -0.058037 -0.334208
v -0.003122 -0.023301 -0.324140
v 0.028832 -0.058037 -0.334208
v -0.007566 -0.034860 -0.338559
v -0.007566 -0.034860 -0.338559
v 0.028832 -0.058037 -0.334208
v 0.018594 -0.071600 -0.343751
v -0.007566 -0.034860 -0.338559
v 0.018594 -0.071600 -0.343751
v -0.013941 -0.050882 -0.347640
v -0.013941 -0.050882 -0.347640
v 0.018594 -0.071600 -0.343751
v 0.005801 -0.086173 -0.346763
v -0.013941 -0.050882 -0.347640
v 0.005801 -0.086173 -0.346763
v -0.021278 -0.068930 -0.350000
v -0.021278 -0.068930 -0.350000
v 0.005801 -0.086173 -0.346763
v -0.007599 -0.099537 -0.342786
v -0.021278 -0.068930 -0.350000
v -0.007599 -0.099537 -0.342786
v -0.028459 -0.086254 -0.345280
v -0.047403 -0.013855 -0.321217
v -0.003122 -0.023301 -0.324140
v -0.007566 -0.034860 -0.338559
v -0.047403 -0.013855 -0.321217
v -0.007566 -0.034860 -0.338559
v -0.049893 -0.025830 -0.335765
v -0.049893 -0.025830 -0.335765
v -0.007566 -0.034860 -0.338559
v -0.013941 -0.050882 -0.347640
v -0.049893 -0.025830 -0.335765
v -0.013941 -0.050882 -0.347640
v -0.051776 -0.042811 -0.345142
v -0.051776 -0.042811 -0.345142
v -0.013941 -0.050882 -0.347640
v -0.021278 -0.068930 -0.350000
v -0.051776 -0.042811 -0.345142
v -0.021278 -0.068930 -0.350000
v -0.052768 -0.062212 -0.347921
v -0.052768 -0.062212 -0.347921
v -0.021278 -0.068930 -0.350000
v -0.028459 -0.086254 -0.345280
v -0.052768 -0.062212 -0.347921
v -0.028459 -0.086254 -0.345280
v -0.052716 -0.081080 -0.343679
v -0.091146 -0.020647 -0.311264
v -0.047403 -0.013855 -0.321217
v -0.049893 -0.025830 -0.335765
v -0.091146 -0.020647 -0.311264
v -0.049893 -0.025830 -0.335765
v -0.091704 -0.032323 -0.326251
v -0.091704 -0.032323 -0.326251
v -0.049893 -0.025830 -0.335765
v -0.051776 -0.042811 -0.345142
v -0.091704 -0.032323 -0.326251
v -0.051776 -0.042811 -0.345142
v -0.089151 -0.048615 -0.336638
v -0.089151 -0.048615 -0.336638
v -0.051776 -0.042811 -0.345142
v -0.052768 -0.062212 -0.347921
v -0.089151 -0.048615 -0.336638
v -0.052768 -0.062212 -0.347921
v -0.083875 -0.067042 -0.340843
v -0.083875 -0.067042 -0.340843
v -0.052768 -0.062212 -0.347921
v -0.052716 -0.081080 -0.343679
v -0.083875 -0.067042 -0.340843
v -0.052716 -0.081080 -0.343679
v -0.076678 -0.084801 -0.338226
v -0.127690 -0.042644 -0.295797
v -0.091146 -0.020647 -0.311264
v -0.091704 -0.032323 -0.326251
v -0.127690 -0.042644 -0.295797
v -0.091704 -0.032323 -0.326251
v -0.126636 -0.053349 -0.311467
v -0.126636 -0.053349 -0.311467
v -0.091704 -0.032323 -0.326251
v -0.089151 -0.048615 -0.336638
v -0.126636 -0.053349 -0.311467
v -0.089151 -0.048615 -0.336638
v -0.120376 -0.067409 -0.323423
v -0.120376 -0.067409 -0.323423
v -0.089151 -0.048615 -0.336638
v -0.083875 -0.067042 -0.340843
v -0.120376 -0.067409 -0.323423
v -0.083875 -0.067042 -0.340843
v -0.109863 -0.082685 -0.329844
v -0.109863 -0.082685 -0.329844
v -0.083875 -0.067042 -0.340843
v -0.076678 -0.084801 -0.338226
v -0.109863 -0.082685 -0.329844
v -0.076678 -0.084801 -0.338226
v -0.096698 -0.096851 -0.329753
v -0.151473 -0.076497 -0.277170
v -0.127690 -0.042644 -0.295797
v -0.126636 -0.053349 -0.311467
v -0.151473 -0.076497 -0.277170
v -0.126636 -0.053349 -0.311467
v -0.149369 -0.085708 -0.293663
v -0.149369 -0.085708 -0.293663
v -0.126636 -0.053349 -0.311467
v -0.120376 -0.067409 -0.323423
v -0.149369 -0.085708 -0.293663
v -0.120376 -0.067409 -0.323423
v -0.140697 -0.096334 -0.307508
v -0.140697 -0.096334 -0.307508
v -0.120376 -0.067409 -0.323423
v -0.109863 -0.082685 -0.329844
v -0.140697 -0.096334 -0.307508
v -0.109863 -0.082685 -0.329844
v -0.126776 -0.106759 -0.316598
v -0.126776 -0.106759 -0.316598
v -0.109863 -0.082685 -0.329844
v -0.096698 -0.096851 -0.329753
v -0.126776 -0.106759 -0.316598
v -0.096698 -0.096851 -0.329753
v -0.109726 -0.115395 -0.319550
v -0.158874 -0.117051 -0.258219
v -0.151473 -0.076497 -0.277170
v -0.149369 -0.085708 -0.293663
v -0.158874 -0.117051 -0.258219
v -0.149369 -0.085708 -0.293663
v -0.156443 -0.124472 -0.275548
v -0.156443 -0.124472 -0.275548
v -0.149369 -0.085708 -0.293663
v -0.140697 -0.096334 -0.307508
v -0.156443 -0.124472 -0.275548
v -0.140697 -0.096334 -0.307508
v -0.147020 -0.130985 -0.291315
v -0.147020 -0.130985 -0.291315
v -0.140697 -0.096334 -0.307508
v -0.126776 -0.106759 -0.316598
v -0.147020 -0.130985 -0.291315
v -0.126776 -0.106759 -0.316598
v -0.132039 -0.135599 -0.303121
v -0.132039 -0.135599 -0.303121
v -0.126776 -0.106759 -0.316598
v -0.109726 -0.115395 -0.319550
v -0.132039 -0.135599 -0.303121
v -0.109726 -0.115395 -0.319550
v -0.113780 -0.137611 -0.309168
v -0.143353 -0.071933 -0.155182
v -0.158874 -0.117051 -0.258219
v -0.148766 -0.158134 -0.241830
v -0.143353 -0.071933 -0.155182
v -0.148766 -0.158134 -0.241830
v -0.133167 -0.113334 -0.138666
v -0.135895 -0.031063 -0.174280
v -0.151473 -0.076497 -0.277170
v -0.158874 -0.117051 -0.258219
v -0.135895 -0.031063 -0.174280
v -0.158874 -0.117051 -0.258219
v -0.143353 -0.071933 -0.155182
v -0.108243 -0.160117 -0.300190
v -0.113780 -0.137611 -0.309168
v -0.109726 -0.115395 -0.319550
v -0.108243 -0.160117 -0.300190
v -0.109726 -0.115395 -0.319550
v -0.096698 -0.096851 -0.329753
v -0.108243 -0.160117 -0.300190
v -0.096698 -0.096851 -0.329753
v -0.076678 -0.084801 -0.338226
v -0.108243 -0.160117 -0.300190
v -0.076678 -0.084801 -0.338226
v -0.052716 -0.081080 -0.343679
v -0.108243 -0.160117 -0.300190
v -0.052716 -0.081080 -0.343679
v -0.028459 -0.086254 -0.345280
v -0.108243 -0.160117 -0.300190
v -0.028459 -0.086254 -0.345280
v -0.007599 -0.099537 -0.342786
v -0.108243 -0.160117 -0.300190
v -0.007599 -0.099537 -0.342786
v 0.006687 -0.118905 -0.336578
v -0.108243 -0.160117 -0.300190
v 0.006687 -0.118905 -0.336578
v 0.012224 -0.141411 -0.327599
v -0.108243 -0.160117 -0.300190
v 0.012224 -0.141411 -0.327599
v 0.008170 -0.163627 -0.317218
v -0.108243 -0.160117 -0.300190
v 0.008170 -0.163627 -0.317218
v -0.004858 -0.182172 -0.307014
v -0.108243 -0.160117 -0.300190
v -0.004858 -0.182172 -0.307014
v -0.024878 -0.194222 -0.298541
v -0.108243 -0.160117 -0.300190
v -0.024878 -0.194222 -0.298541
v -0.048840 -0.197942 -0.293089
v -0.108243 -0.160117 -0.300190
v -0.048840 -0.197942 -0.293089
v -0.073097 -0.192768 -0.291488
v -0.108243 -0.160117 -0.300190
v -0.073097 -0.192768 -0.291488
v -0.093957 -0.179485 -0.293981
v -0.133167 -0.113334 -0.138666
v -0.148766 -0.158134 -0.241830
v -0.122687 -0.193490 -0.230496
v -0.133167 -0.113334 -0.138666
v -0.122687 -0.193490 -0.230496
v -0.106886 -0.148964 -0.127244
v -0.106886 -0.148964 -0.127244
v -0.122687 -0.193490 -0.230496
v -0.084609 -0.217737 -0.225945
v -0.106886 -0.148964 -0.127244
v -0.084609 -0.217737 -0.225945
v -0.068512 -0.173399 -0.122657
v -0.068512 -0.173399 -0.122657
v -0.084609 -0.217737 -0.225945
v -0.040328 -0.227184 -0.228867
v -0.068512 -0.173399 -0.122657
v -0.040328 -0.227184 -0.228867
v -0.023888 -0.182919 -0.125603
v -0.023888 -0.182919 -0.125603
v -0.040328 -0.227184 -0.228867
v 0.003415 -0.220392 -0.238820
v -0.023888 -0.182919 -0.125603
v 0.003415 -0.220392 -0.238820
v 0.020194 -0.176074 -0.135633
v 0.020194 -0.176074 -0.135633
v 0.003415 -0.220392 -0.238820
v 0.039959 -0.198395 -0.254287
v 0.020194 -0.176074 -0.135633
v 0.039959 -0.198395 -0.254287
v 0.057021 -0.153906 -0.151220
v 0.057021 -0.153906 -0.151220
v 0.039959 -0.198395 -0.254287
v 0.063742 -0.164542 -0.272914
v 0.057021 -0.153906 -0.151220
v 0.063742 -0.164542 -0.272914
v 0.080989 -0.119791 -0.169991
v 0.080989 -0.119791 -0.169991
v 0.063742 -0.164542 -0.272914
v 0.071143 -0.123987 -0.291865
v 0.080989 -0.119791 -0.169991
v 0.071143 -0.123987 -0.291865
v 0.088447 -0.078922 -0.189089
v 0.088447 -0.078922 -0.189089
v 0.071143 -0.123987 -0.291865
v 0.061034 -0.082904 -0.308255
v 0.088447 -0.078922 -0.189089
v 0.061034 -0.082904 -0.308255
v 0.078260 -0.037521 -0.205606
v 0.078260 -0.037521 -0.205606
v 0.061034 -0.082904 -0.308255
v 0.034956 -0.047548 -0.319588
v 0.078260 -0.037521 -0.205606
v 0.034956 -0.047548 -0.319588
v 0.051979 -0.001890 -0.217027
v 0.051979 -0.001890 -0.217027
v 0.034956 -0.047548 -0.319588
v -0.003122 -0.023301 -0.324140
v 0.051979 -0.001890 -0.217027
v -0.003122 -0.023301 -0.324140
v 0.013606 0.022545 -0.221614
v 0.013606 0.022545 -0.221614
v -0.003122 -0.023301 -0.324140
v -0.047403 -0.013855 -0.321217
v 0.013606 0.022545 -0.221614
v -0.047403 -0.013855 -0.321217
v -0.031019 0.032064 -0.218668
v -0.031019 0.032064 -0.218668
v -0.047403 -0.013855 -0.321217
v -0.091146 -0.020647 -0.311264
v -0.031019 0.032064 -0.218668
v -0.091146 -0.020647 -0.311264
v -0.075100 0.025219 -0.208638
v -0.075100 0.025219 -0.208638
v -0.091146 -0.020647 -0.311264
v -0.127690 -0.042644 -0.295797
v -0.075100 0.025219 -0.208638
v -0.127690 -0.042644 -0.295797
v -0.111928 0.003052 -0.193051
v -0.111928 0.003052 -0.193051
v -0.127690 -0.042644 -0.295797
v -0.151473 -0.076497 -0.277170
v -0.111928 0.003052 -0.193051
v -0.151473 -0.076497 -0.277170
v -0.135895 -0.031063 -0.174280
v -0.115941 -0.067950 -0.036017
v -0.108666 -0.059022 -0.020896
v -0.118328 -0.019752 -0.036563
v -0.115941 -0.067950 -0.036017
v -0.118328 -0.019752 -0.036563
v -0.126049 -0.026867 -0.052406
v -0.108666 -0.059022 -0.020896
v -0.095783 -0.049045 -0.010204
v -0.104420 -0.013943 -0.024208
v -0.108666 -0.059022 -0.020896
v -0.104420 -0.013943 -0.024208
v -0.118328 -0.019752 -0.036563
v -0.095783 -0.049045 -0.010204
v -0.079253 -0.039538 -0.005568
v -0.086442 -0.010323 -0.017223
v -0.095783 -0.049045 -0.010204
v -0.086442 -0.010323 -0.017223
v -0.104420 -0.013943 -0.024208
v -0.079253 -0.039538 -0.005568
v -0.061593 -0.031949 -0.007694
v -0.067131 -0.009444 -0.016672
v -0.079253 -0.039538 -0.005568
v -0.067131 -0.009444 -0.016672
v -0.086442 -0.010323 -0.017223
v -0.089863 -0.103306 -0.024683
v -0.083739 -0.092818 -0.010063
v -0.108666 -0.059022 -0.020896
v -0.089863 -0.103306 -0.024683
v -0.108666 -0.059022 -0.020896
v -0.115941 -0.067950 -0.036017
v -0.083739 -0.092818 -0.010063
v -0.073501 -0.079254 -0.000521
v -0.095783 -0.049045 -0.010204
v -0.083739 -0.092818 -0.010063
v -0.095783 -0.049045 -0.010204
v -0.108666 -0.059022 -0.020896
v -0.073501 -0.079254 -0.000521
v -0.060708 -0.064681 0.002492
v -0.079253 -0.039538 -0.005568
v -0.073501 -0.079254 -0.000521
v -0.079253 -0.039538 -0.005568
v -0.095783 -0.049045 -0.010204
v -0.060708 -0.064681 0.002492
v -0.047308 -0.051317 -0.001485
v -0.061593 -0.031949 -0.007694
v -0.060708 -0.064681 0.002492
v -0.061593 -0.031949 -0.007694
v -0.079253 -0.039538 -0.005568
v -0.051784 -0.127553 -0.020132
v -0.047341 -0.115994 -0.005712
v -0.083739 -0.092818 -0.010063
v -0.051784 -0.127553 -0.020132
v -0.083739 -0.092818 -0.010063
v -0.089863 -0.103306 -0.024683
v -0.047341 -0.115994 -0.005712
v -0.040966 -0.099972 0.003369
v -0.073501 -0.079254 -0.000521
v -0.047341 -0.115994 -0.005712
v -0.073501 -0.079254 -0.000521
v -0.083739 -0.092818 -0.010063
v -0.040966 -0.099972 0.003369
v -0.033629 -0.081924 0.005729
v -0.060708 -0.064681 0.002492
v -0.040966 -0.099972 0.003369
v -0.060708 -0.064681 0.002492
v -0.073501 -0.079254 -0.000521
v -0.033629 -0.081924 0.005729
v -0.026448 -0.064600 0.001008
v -0.047308 -0.051317 -0.001485
v -0.033629 -0.081924 0.005729
v -0.047308 -0.051317 -0.001485
v -0.060708 -0.064681 0.002492
v -0.007503 -0.137000 -0.023054
v -0.005014 -0.125024 -0.008506
v -0.047341 -0.115994 -0.005712
v -0.007503 -0.137000 -0.023054
v -0.047341 -0.115994 -0.005712
v -0.051784 -0.127553 -0.020132
v -0.005014 -0.125024 -0.008506
v -0.003131 -0.108043 0.000871
v -0.040966 -0.099972 0.003369
v -0.005014 -0.125024 -0.008506
v -0.040966 -0.099972 0.003369
v -0.047341 -0.115994 -0.005712
v -0.003131 -0.108043 0.000871
v -0.002139 -0.088642 0.003650
v -0.033629 -0.081924 0.005729
v -0.003131 -0.108043 0.000871
v -0.033629 -0.081924 0.005729
v -0.040966 -0.099972 0.003369
v -0.002139 -0.088642 0.003650
v -0.002191 -0.069775 -0.000593
v -0.026448 -0.064600 0.001008
v -0.002139 -0.088642 0.003650
v -0.026448 -0.064600 0.001008
v -0.033629 -0.081924 0.005729
v 0.036239 -0.130207 -0.033007
v 0.036798 -0.118531 -0.018020
v -0.005014 -0.125024 -0.008506
v 0.036239 -0.130207 -0.033007
v -0.005014 -0.125024 -0.008506
v -0.007503 -0.137000 -0.023054
v 0.036798 -0.118531 -0.018020
v 0.034244 -0.102240 -0.007633
v -0.003131 -0.108043 0.000871
v 0.036798 -0.118531 -0.018020
v -0.003131 -0.108043 0.000871
v -0.005014 -0.125024 -0.008506
v 0.034244 -0.102240 -0.007633
v 0.028968 -0.083812 -0.003428
v -0.002139 -0.088642 0.003650
v 0.034244 -0.102240 -0.007633
v -0.002139 -0.088642 0.003650
v -0.003131 -0.108043 0.000871
v 0.028968 -0.083812 -0.003428
v 0.021772 -0.066054 -0.006045
v -0.002191 -0.069775 -0.000593
v 0.028968 -0.083812 -0.003428
v -0.002191 -0.069775 -0.000593
v -0.002139 -0.088642 0.003650
v 0.072784 -0.108210 -0.048474
v 0.071729 -0.097505 -0.032804
v 0.036798 -0.118531 -0.018020
v 0.072784 -0.108210 -0.048474
v 0.036798 -0.118531 -0.018020
v 0.036239 -0.130207 -0.033007
v 0.071729 -0.097505 -0.032804
v 0.065469 -0.083445 -0.020848
v 0.034244 -0.102240 -0.007633
v 0.071729 -0.097505 -0.032804
v 0.034244 -0.102240 -0.007633
v 0.036798 -0.118531 -0.018020
v 0.065469 -0.083445 -0.020848
v 0.054956 -0.068169 -0.014427
v 0.028968 -0.083812 -0.003428
v 0.065469 -0.083445 -0.020848
v 0.028968 -0.083812 -0.003428
v 0.034244 -0.102240 -0.007633
v 0.054956 -0.068169 -0.014427
v 0.041791 -0.054004 -0.014518
v 0.021772 -0.066054 -0.006045
v 0.054956 -0.068169 -0.014427
v 0.021772 -0.066054 -0.006045
v 0.028968 -0.083812 -0.003428
v 0.096566 -0.074358 -0.067101
v 0.094462 -0.065147 -0.050609
v 0.071729 -0.097505 -0.032804
v 0.096566 -0.074358 -0.067101
v 0.071729 -0.097505 -0.032804
v 0.072784 -0.108210 -0.048474
v 0.094462 -0.065147 -0.050609
v 0.085790 -0.054520 -0.036764
v 0.065469 -0.083445 -0.020848
v 0.094462 -0.065147 -0.050609
v 0.065469 -0.083445 -0.020848
v 0.071729 -0.097505 -0.032804
v 0.085790 -0.054520 -0.036764
v 0.071869 -0.044095 -0.027673
v 0.054956 -0.068169 -0.014427
v 0.085790 -0.054520 -0.036764
v 0.054956 -0.068169 -0.014427
v 0.065469 -0.083445 -0.020848
v 0.071869 -0.044095 -0.027673
v 0.054819 -0.035459 -0.024722
v 0.041791 -0.054004 -0.014518
v 0.071869 -0.044095 -0.027673
v 0.041791 -0.054004 -0.014518
v 0.054956 -0.068169 -0.014427
v 0.103967 -0.033803 -0.086052
v 0.101536 -0.026382 -0.068723
v 0.094462 -0.065147 -0.050609
v 0.103967 -0.033803 -0.086052
v 0.094462 -0.065147 -0.050609
v 0.096566 -0.074358 -0.067101
v 0.101536 -0.026382 -0.068723
v 0.092113 -0.019869 -0.052956
v 0.085790 -0.054520 -0.036764
v 0.101536 -0.026382 -0.068723
v 0.085790 -0.054520 -0.036764
v 0.094462 -0.065147 -0.050609
v 0.092113 -0.019869 -0.052956
v 0.077132 -0.015255 -0.041150
v 0.071869 -0.044095 -0.027673
v 0.092113 -0.019869 -0.052956
v 0.071869 -0.044095 -0.027673
v 0.085790 -0.054520 -0.036764
v 0.077132 -0.015255 -0.041150
v 0.058873 -0.013243 -0.035103
v 0.054819 -0.035459 -0.024722
v 0.077132 -0.015255 -0.041150
v 0.054819 -0.035459 -0.024722
v 0.071869 -0.044095 -0.027673
v 0.093859 0.007280 -0.102442
v 0.091874 0.012888 -0.084390
v 0.101536 -0.026382 -0.068723
v 0.093859 0.007280 -0.102442
v 0.101536 -0.026382 -0.068723
v 0.103967 -0.033803 -0.086052
v 0.091874 0.012888 -0.084390
v 0.083476 0.015233 -0.066960
v 0.092113 -0.019869 -0.052956
v 0.091874 0.012888 -0.084390
v 0.092113 -0.019869 -0.052956
v 0.101536 -0.026382 -0.068723
v 0.083476 0.015233 -0.066960
v 0.069943 0.013960 -0.052805
v 0.077132 -0.015255 -0.041150
v 0.083476 0.015233 -0.066960
v 0.077132 -0.015255 -0.041150
v 0.092113 -0.019869 -0.052956
v 0.069943 0.013960 -0.052805
v 0.053336 0.009262 -0.044081
v 0.058873 -0.013243 -0.035103
v 0.069943 0.013960 -0.052805
v 0.058873 -0.013243 -0.035103
v 0.077132 -0.015255 -0.041150
v 0.067780 0.042636 -0.113775
v 0.066947 0.046683 -0.095223
v 0.091874 0.012888 -0.084390
v 0.067780 0.042636 -0.113775
v 0.091874 0.012888 -0.084390
v 0.093859 0.007280 -0.102442
v 0.066947 0.046683 -0.095223
v 0.061194 0.045443 -0.076643
v 0.083476 0.015233 -0.066960
v 0.066947 0.046683 -0.095223
v 0.083476 0.015233 -0.066960
v 0.091874 0.012888 -0.084390
v 0.061194 0.045443 -0.076643
v 0.051398 0.039104 -0.060865
v 0.069943 0.013960 -0.052805
v 0.061194 0.045443 -0.076643
v 0.069943 0.013960 -0.052805
v 0.083476 0.015233 -0.066960
v 0.051398 0.039104 -0.060865
v 0.039050 0.028631 -0.050290
v 0.053336 0.009262 -0.044081
v 0.051398 0.039104 -0.060865
v 0.053336 0.009262 -0.044081
v 0.069943 0.013960 -0.052805
v 0.029702 0.066883 -0.118327
v 0.030549 0.069860 -0.099574
v 0.066947 0.046683 -0.095223
v 0.029702 0.066883 -0.118327
v 0.066947 0.046683 -0.095223
v 0.067780 0.042636 -0.113775
v 0.030549 0.069860 -0.099574
v 0.028659 0.066160 -0.080532
v 0.061194 0.045443 -0.076643
v 0.030549 0.069860 -0.099574
v 0.061194 0.045443 -0.076643
v 0.066947 0.046683 -0.095223
v 0.028659 0.066160 -0.080532
v 0.024319 0.056346 -0.064102
v 0.051398 0.039104 -0.060865
v 0.028659 0.066160 -0.080532
v 0.051398 0.039104 -0.060865
v 0.061194 0.045443 -0.076643
v 0.024319 0.056346 -0.064102
v 0.018191 0.041913 -0.052783
v 0.039050 0.028631 -0.050290
v 0.024319 0.056346 -0.064102
v 0.039050 0.028631 -0.050290
v 0.051398 0.039104 -0.060865
v -0.014579 0.076330 -0.115404
v -0.011778 0.078890 -0.096780
v 0.030549 0.069860 -0.099574
v -0.014579 0.076330 -0.115404
v 0.030549 0.069860 -0.099574
v 0.029702 0.066883 -0.118327
v -0.011778 0.078890 -0.096780
v -0.009176 0.074231 -0.078035
v 0.028659 0.066160 -0.080532
v -0.011778 0.078890 -0.096780
v 0.028659 0.066160 -0.080532
v 0.030549 0.069860 -0.099574
v -0.009176 0.074231 -0.078035
v -0.007171 0.063064 -0.062023
v 0.024319 0.056346 -0.064102
v -0.009176 0.074231 -0.078035
v 0.024319 0.056346 -0.064102
v 0.028659 0.066160 -0.080532
v -0.007171 0.063064 -0.062023
v -0.006067 0.047088 -0.051182
v 0.018191 0.041913 -0.052783
v -0.007171 0.063064 -0.062023
v 0.018191 0.041913 -0.052783
v 0.024319 0.056346 -0.064102
v -0.058321 0.069537 -0.105451
v -0.053590 0.072397 -0.087266
v -0.011778 0.078890 -0.096780
v -0.058321 0.069537 -0.105451
v -0.011778 0.078890 -0.096780
v -0.014579 0.076330 -0.115404
v -0.053590 0.072397 -0.087266
v -0.046551 0.068428 -0.069531
v -0.009176 0.074231 -0.078035
v -0.053590 0.072397 -0.087266
v -0.009176 0.074231 -0.078035
v -0.011778 0.078890 -0.096780
v -0.046551 0.068428 -0.069531
v -0.038278 0.058234 -0.054946
v -0.007171 0.063064 -0.062023
v -0.046551 0.068428 -0.069531
v -0.007171 0.063064 -0.062023
v -0.009176 0.074231 -0.078035
v -0.038278 0.058234 -0.054946
v -0.030029 0.043367 -0.045730
v -0.006067 0.047088 -0.051182
v -0.038278 0.058234 -0.054946
v -0.006067 0.047088 -0.051182
v -0.007171 0.063064 -0.062023
v -0.094866 0.047540 -0.089984
v -0.088521 0.051371 -0.072482
v -0.053590 0.072397 -0.087266
v -0.094866 0.047540 -0.089984
v -0.053590 0.072397 -0.087266
v -0.058321 0.069537 -0.105451
v -0.088521 0.051371 -0.072482
v -0.077776 0.049633 -0.056315
v -0.046551 0.068428 -0.069531
v -0.088521 0.051371 -0.072482
v -0.046551 0.068428 -0.069531
v -0.053590 0.072397 -0.087266
v -0.077776 0.049633 -0.056315
v -0.064266 0.042591 -0.043946
v -0.038278 0.058234 -0.054946
v -0.077776 0.049633 -0.056315
v -0.038278 0.058234 -0.054946
v -0.046551 0.068428 -0.069531
v -0.064266 0.042591 -0.043946
v -0.050048 0.031317 -0.037257
v -0.030029 0.043367 -0.045730
v -0.064266 0.042591 -0.043946
v -0.030029 0.043367 -0.045730
v -0.038278 0.058234 -0.054946
v -0.118649 0.013688 -0.071357
v -0.111254 0.019012 -0.054677
v -0.088521 0.051371 -0.072482
v -0.118649 0.013688 -0.071357
v -0.088521 0.051371 -0.072482
v -0.094866 0.047540 -0.089984
v -0.111254 0.019012 -0.054677
v -0.098097 0.020708 -0.040400
v -0.077776 0.049633 -0.056315
v -0.111254 0.019012 -0.054677
v -0.077776 0.049633 -0.056315
v -0.088521 0.051371 -0.072482
v -0.098097 0.020708 -0.040400
v -0.081179 0.018517 -0.030700
v -0.064266 0.042591 -0.043946
v -0.098097 0.020708 -0.040400
v -0.064266 0.042591 -0.043946
v -0.077776 0.049633 -0.056315
v -0.081179 0.018517 -0.030700
v -0.063077 0.012773 -0.027053
v -0.050048 0.031317 -0.037257
v -0.081179 0.018517 -0.030700
v -0.050048 0.031317 -0.037257
v -0.064266 0.042591 -0.043946
v -0.126049 -0.026867 -0.052406
v -0.118328 -0.019752 -0.036563
v -0.111254 0.019012 -0.054677
v -0.126049 -0.026867 -0.052406
v -0.111254 0.019012 -0.054677
v -0.118649 0.013688 -0.071357
v -0.118328 -0.019752 -0.036563
v -0.104420 -0.013943 -0.024208
v -0.098097 0.020708 -0.040400
v -0.118328 -0.019752 -0.036563
v -0.098097 0.020708 -0.040400
v -0.111254 0.019012 -0.054677
v -0.104420 -0.013943 -0.024208
v -0.086442 -0.010323 -0.017223
v -0.081179 0.018517 -0.030700
v -0.104420 -0.013943 -0.024208
v -0.081179 0.018517 -0.030700
v -0.098097 0.020708 -0.040400
v -0.086442 -0.010323 -0.017223
v -0.067131 -0.009444 -0.016672
v -0.063077 0.012773 -0.027053
v -0.086442 -0.010323 -0.017223
v -0.063077 0.012773 -0.027053
v -0.081179 0.018517 -0.030700
v -0.143353 -0.071933 -0.155182
v -0.133167 -0.113334 -0.138666
v -0.115941 -0.067950 -0.036017
v -0.143353 -0.071933 -0.155182
v -0.115941 -0.067950 -0.036017
v -0.126049 -0.026867 -0.052406
v -0.135895 -0.031063 -0.174280
v -0.143353 -0.071933 -0.155182
v -0.126049 -0.026867 -0.052406
v -0.135895 -0.031063 -0.174280
v -0.126049 -0.026867 -0.052406
v -0.118649 0.013688 -0.071357
v -0.061593 -0.031949 -0.007694
v -0.047308 -0.051317 -0.001485
v -0.026448 -0.064600 0.001008
v -0.061593 -0.031949 -0.007694
v -0.026448 -0.064600 0.001008
v -0.002191 -0.069775 -0.000593
v -0.061593 -0.031949 -0.007694
v -0.002191 -0.069775 -0.000593
v 0.021772 -0.066054 -0.006045
v -0.061593 -0.031949 -0.007694
v 0.021772 -0.066054 -0.006045
v 0.041791 -0.054004 -0.014518
v -0.061593 -0.031949 -0.007694
v 0.041791 -0.054004 -0.014518
v 0.054819 -0.035459 -0.024722
v -0.061593 -0.031949 -0.007694
v 0.054819 -0.035459 -0.024722
v 0.058873 -0.013243 -0.035103
v -0.061593 -0.031949 -0.007694
v 0.058873 -0.013243 -0.035103
v 0.053336 0.009262 -0.044081
v -0.061593 -0.031949 -0.007694
v 0.053336 0.009262 -0.044081
v 0.039050 0.028631 -0.050290
v -0.061593 -0.031949 -0.007694
v 0.039050 0.028631 -0.050290
v 0.018191 0.041913 -0.052783
v -0.061593 -0.031949 -0.007694
v 0.018191 0.041913 -0.052783
v -0.006067 0.047088 -0.051182
v -0.061593 -0.031949 -0.007694
v -0.006067 0.047088 -0.051182
v -0.030029 0.043367 -0.045730
v -0.061593 -0.031949 -0.007694
v -0.030029 0.043367 -0.045730
v -0.050048 0.031317 -0.037257
v -0.061593 -0.031949 -0.007694
v -0.050048 0.031317 -0.037257
v -0.063077 0.012773 -0.027053
v -0.061593 -0.031949 -0.007694
v -0.063077 0.012773 -0.027053
v -0.067131 -0.009444 -0.016672
v -0.133167 -0.113334 -0.138666
v -0.106886 -0.148964 -0.127244
v -0.089863 -0.103306 -0.024683
v -0.133167 -0.113334 -0.138666
v -0.089863 -0.103306 -0.024683
v -0.115941 -0.067950 -0.036017
v -0.106886 -0.148964 -0.127244
v -0.068512 -0.173399 -0.122657
v -0.051784 -0.127553 -0.020132
v -0.106886 -0.148964 -0.127244
v -0.051784 -0.127553 -0.020132
v -0.089863 -0.103306 -0.024683
v -0.068512 -0.173399 -0.122657
v -0.023888 -0.182919 -0.125603
v -0.007503 -0.137000 -0.023054
v -0.068512 -0.173399 -0.122657
v -0.007503 -0.137000 -0.023054
v -0.051784 -0.127553 -0.020132
v -0.023888 -0.182919 -0.125603
v 0.020194 -0.176074 -0.135633
v 0.036239 -0.130207 -0.033007
v -0.023888 -0.182919 -0.125603
v 0.036239 -0.130207 -0.033007
v -0.007503 -0.137000 -0.023054
v 0.020194 -0.176074 -0.135633
v 0.057021 -0.153906 -0.151220
v 0.072784 -0.108210 -0.048474
v 0.020194 -0.176074 -0.135633
v 0.072784 -0.108210 -0.048474
v 0.036239 -0.130207 -0.033007
v 0.057021 -0.153906 -0.151220
v 0.080989 -0.119791 -0.169991
v 0.096566 -0.074358 -0.067101
v 0.057021 -0.153906 -0.151220
v 0.096566 -0.074358 -0.067101
v 0.072784 -0.108210 -0.048474
v 0.080989 -0.119791 -0.169991
v 0.088447 -0.078922 -0.189089
v 0.103967 -0.033803 -0.086052
v 0.080989 -0.119791 -0.169991
v 0.103967 -0.033803 -0.086052
v 0.096566 -0.074358 -0.067101
v 0.088447 -0.078922 -0.189089
v 0.078260 -0.037521 -0.205606
v 0.093859 0.007280 -0.102442
v 0.088447 -0.078922 -0.189089
v 0.093859 0.007280 -0.102442
v 0.103967 -0.033803 -0.086052
v 0.078260 -0.037521 -0.205606
v 0.051979 -0.001890 -0.217027
v 0.067780 0.042636 -0.113775
v 0.078260 -0.037521 -0.205606
v 0.067780 0.042636 -0.113775
v 0.093859 0.007280 -0.102442
v 0.051979 -0.001890 -0.217027
v 0.013606 0.022545 -0.221614
v 0.029702 0.066883 -0.118327
v 0.051979 -0.001890 -0.217027
v 0.029702 0.066883 -0.118327
v 0.067780 0.042636 -0.113775
v 0.013606 0.022545 -0.221614
v -0.031019 0.032064 -0.218668
v -0.014579 0.076330 -0.115404
v 0.013606 0.022545 -0.221614
v -0.014579 0.076330 -0.115404
v 0.029702 0.066883 -0.118327
v -0.031019 0.032064 -0.218668
v -0.075100 0.025219 -0.208638
v -0.058321 0.069537 -0.105451
v -0.031019 0.032064 -0.218668
v -0.058321 0.069537 -0.105451
v -0.014579 0.076330 -0.115404
v -0.075100 0.025219 -0.208638
v -0.111928 0.003052 -0.193051
v -0.094866 0.047540 -0.089984
v -0.075100 0.025219 -0.208638
v -0.094866 0.047540 -0.089984
v -0.058321 0.069537 -0.105451
v -0.111928 0.003052 -0.193051
v -0.135895 -0.031063 -0.174280
v -0.118649 0.013688 -0.071357
v -0.111928 0.003052 -0.193051
v -0.118649 0.013688 -0.071357
v -0.094866 0.047540 -0.089984
f 1 2 3
f 4 5 6
f 7 8 9
f 10 11 12
f 13 14 15
f 16 17 18
f 19 20 21
f 22 23 24
f 25 26 27
f 28 29 30
f 31 32 33
f 34 35 36
f 37 38 39
f 40 41 42
f 43 44 45
f 46 47 48
f 49 50 51
f 52 53 54
f 55 56 57
f 58 59 60
f 61 62 63
f 64 65 66
f 67 68 69
f 70 71 72
f 73 74 75
f 76 77 78
f 79 80 81
f 82 83 84
f 85 86 87
f 88 89 90
f 91 92 93
f 94 95 96
f 97 98 99
f 100 101 102
f 103 104 105
f 106 107 108
f 109 110 111
f 112 113 114
f 115 116 117
f 118 119 120
f 121 122 123
f 124 125 126
f 127 128 129
f 130 131 132
f 133 134 135
f 136 137 138
f 139 140 141
f 142 143 144
f 145 146 147
f 148 149 150
f 151 152 153
f 154 155 156
f 157 158 159
f 160 161 162
f 163 164 165
f 166 167 168
f 169 170 171
f 172 173 174
f 175 176 177
f 178 179 180
f 181 182 183
f 184 185 186
f 187 188 189
f 190 191 192
f 193 194 195
f 196 197 198
f 199 200 201
f 202 203 204
f 205 206 207
f 208 209 210
f 211 212 213
f 214 215 216
f 217 218 219
f 220 221 222
f 223 224 225
f 226 227 228
f 229 230 231
f 232 233 234
f 235 236 237
f 238 239 240
f 241 242 243
f 244 245 246
f 247 248 249
f 250 251 252
f 253 254 255
f 256 257 258
f 259 260 261
f 262 263 264
f 265 266 267
f 268 269 270
f 271 272 273
f 274 275 276
f 277 278 279
f 280 281 282
f 283 284 285
f 286 287 288
f 289 290 291
f 292 293 294
f 295 296 297
f 298 299 300
f 301 302 303
f 304 305 306
f 307 308 309
f 310 311 312
f 313 314 315
f 316 317 318
f 319 320 321
f 322 323 324
f 325 326 327
f 328 329 330
f 331 332 333
f 334 335 336
f 337 338 339
f 340 341 342
f 343 344 345
f 346 347 348
f 349 350 351
f 352 353 354
f 355 356 357
f 358 359 360
f 361 362 363
f 364 365 366
f 367 368 369
f 370 371 372
f 373 374 375
f 376 377 378
f 379 380 381
f 382 383 384
f 385 386 387
f 388 389 390
f 391 392 393
f 394 395 396
f 397 398 399
f 400 401 402
f 403 404 405
f 406 407 408
f 409 410 411
f 412 413 414
f 415 416 417
f 418 419 420
f 421 422 423
f 424 425 426
f 427 428 429
f 430 431 432
f 433 434 435
f 436 437 438
f 439 440 441
f 442 443 444
f 445 446 447
f 448 449 450
f 451 452 453
f 454 455 456
f 457 458 459
f 460 461 462
f 463 464 465
f 466 467 468
f 469 470 471
f 472 473 474
f 475 476 477
f 478 479 480
f 481 482 483
f 484 485 486
f 487 488 489
f 490 491 492
f 493 494 495
f 496 497 498
f 499 500 501
f 502 503 504
f 505 506 507
f 508 509 510
f 511 512 513
f 514 515 516
f 517 518 519
f 520 521 522
f 523 524 525
f 526 527 528
f 529 530 531
f 532 533 534
f 535 536 537
f 538 539 540
f 541 542 543
f 544 545 546
f 547 548 549
f 550 551 552
f 553 554 555
f 556 557 558
f 559 560 561
f 562 563 564
f 565 566 567
f 568 569 570
f 571 572 573
f 574 575 576
f 577 578 579
f 580 581 582
f 583 584 585
f 586 587 588
f 589 590 591
f 592 593 594
f 595 596 597
f 598 599 600
f 601 602 603
f 604 605 606
f 607 608 609
f 610 611 612
f 613 614 615
f 616 617 618
f 619 620 621
f 622 623 624
f 625 626 627
f 628 629 630
f 631 632 633
f 634 635 636
f 637 638 639
f 640 641 642
f 643 644 645
f 646 647 648
f 649 650 651
f 652 653 654
f 655 656 657
f 658 659 660
f 661 662 663
f 664 665 666
f 667 668 669
f 670 671 672
f 673 674 675
f 676 677 678
f 679 680 681
f 682 683 684
f 685 686 687
f 688 689 690
f 691 692 693
f 694 695 696
f 697 698 699
f 700 701 702
f 703 704 705
f 706 707 708
f 709 710 711
f 712 713 714
f 715 716 717
f 718 719 720
f 721 722 723
f 724 725 726
f 727 728 729
f 730 731 732
f 733 734 735
f 736 737 738
f 739 740 741
f 742 743 744
f 745 746 747
f 748 749 750
f 751 752 753
f 754 755 756
f 757 758 759
f 760 761 762
f 763 764 765
f 766 767 768
f 769 770 771
f 772 773 774
f 775 776 777
f 778 779 780
f 781 782 783
f 784 785 786
f 787 788 789
f 790 791 792
f 793 794 795
f 796 797 798
f 799 800 801
f 802 803 804
f 805 806 807
f 808 809 810
f 811 812 813
f 814 815 816
f 817 818 819
f 820 821 822
f 823 824 825
f 826 827 828
f 829 830 831
f 832 833 834
f 835 836 837
f 838 839 840
f 841 842 843
f 844 845 846
f 847 848 849
f 850 851 852
f 853 854 855
f 856 857 858
f 859 860 861
f 862 863 864
f 865 866 867
f 868 869 870
f 871 872 873
f 874 875 876
f 877 878 879
f 880 881 882
f 883 884 885
f 886 887 888
f 889 890 891
f 892 893 894
f 895 896 897
f 898 899 900
f 901 902 903
f 904 905 906
f 907 908 909
f 910 911 912
f 913 914 915
f 916 917 918
f 919 920 921
f 922 923 924
f 925 926 927
f 928 929 930
f 931 932 933
f 934 935 936
f 937 938 939
f 940 941 942
f 943 944 945
f 946 947 948
f 949 950 951
f 952 953 954
f 955 956 957
f 958 959 960
f 961 962 963
f 964 965 966
f 967 968 969
f 970 971 972
f 973 974 975
f 976 977 978
f 979 980 981
f 982 983 984
f 985 986 987
f 988 989 990
f 991 992 993
f 994 995 996
f 997 998 999
f 1000 1001 1002
f 1003 1004 1005
f 1006 1007 1008
f 1009 1010 1011
f 1012 1013 1014
f 1015 1016 1017
f 1018 1019 1020
f 1021 1022 1023
f 1024 1025 1026
f 1027 1028 1029
f 1030 1031 1032
f 1033 1034 1035
f 1036 1037 1038
f 1039 1040 1041
f 1042 1043 1044
f 1045 1046 1047
f 1048 1049 1050
f 1051 1052 1053
f 1054 1055 1056
f 1057 1058 1059
f 1060 1061 1062
f 1063 1064 1065
f 1066 1067 1068
f 1069 1070 1071
f 1072 1073 1074
f 1075 1076 1077
f 1078 1079 1080
f 1081 1082 1083
f 1084 1085 1086
f 1087 1088 1089
f 1090 1091 1092
f 1093 1094 1095
f 1096 1097 1098
f 1099 1100 1101
f 1102 1103 1104
f 1105 1106 1107
f 1108 1109 1110
f 1111 1112 1113
f 1114 1115 1116
f 1117 1118 1119
f 1120 1121 1122
f 1123 1124 1125
f 1126 1127 1128
f 1129 1130 1131
f 1132 1133 1134
f 1135 1136 1137
f 1138 1139 1140
f 1141 1142 1143
f 1144 1145 1146
f 1147 1148 1149
f 1150 1151 1152
f 1153 1154 1155
f 1156 1157 1158
f 1159 1160 1161
f 1162 1163 1164
f 1165 1166 1167
f 1168 1169 1170
f 1171 1172 1173
f 1174 1175 1176
f 1177 1178 1179
f 1180 1181 1182
f 1183 1184 1185
f 1186 1187 1188
f 1189 1190 1191
f 1192 1193 1194
f 1195 1196 1197
f 1198 1199 1200
f 1201 1202 1203
f 1204 1205 1206
f 1207 1208 1209
f 1210 1211 1212
f 1213 1214 1215
f 1216 1217 1218
f 1219 1220 1221
f 1222 1223 1224
f 1225 1226 1227
f 1228 1229 1230
f 1231 1232 1233
f 1234 1235 1236
f 1237 1238 1239
f 1240 1241 1242
f 1243 1244 1245
f 1246 1247 1248
f 1249 1250 1251
f 1252 1253 1254
f 1255 1256 1257
f 1258 1259 1260
f 1261 1262 1263
f 1264 1265 1266
f 1267 1268 1269
f 1270 1271 1272
f 1273 1274 1275
f 1276 1277 1278
f 1279 1280 1281
f 1282 1283 1284
f 1285 1286 1287
f 1288 1289 1290
f 1291 1292 1293
f 1294 1295 1296
f 1297 1298 1299
f 1300 1301 1302
f 1303 1304 1305
f 1306 1307 1308
f 1309 1310 1311
f 1312 1313 1314
f 1315 1316 1317
f 1318 1319 1320
f 1321 1322 1323
f 1324 1325 1326
f 1327 1328 1329
f 1330 1331 1332
f 1333 1334 1335
f 1336 1337 1338
f 1339 1340 1341
f 1342 1343 1344
f 1345 1346 1347
f 1348 1349 1350
f 1351 1352 1353
f 1354 1355 1356
f 1357 1358 1359
f 1360 1361 1362
f 1363 1364 1365
f 1366 1367 1368
f 1369 1370 1371
f 1372 1373 1374
f 1375 1376 1377
f 1378 1379 1380
f 1381 1382 1383
f 1384 1385 1386
f 1387 1388 1389
f 1390 1391 1392
f 1393 1394 1395
f 1396 1397 1398
f 1399 1400 1401
f 1402 1403 1404
f 1405 1406 1407
f 1408 1409 1410
f 1411 1412 1413
f 1414 1415 1416
f 1417 1418 1419
f 1420 1421 1422
f 1423 1424 1425
f 1426 1427 1428
f 1429 1430 1431
f 1432 1433 1434
f 1435 1436 1437
f 1438 1439 1440
f 1441 1442 1443
f 1444 1445 1446
f 1447 1448 1449
f 1450 1451 1452
f 1453 1454 1455
f 1456 1457 1458
f 1459 1460 1461
f 1462 1463 1464
f 1465 1466 1467
f 1468 1469 1470
f 1471 1472 1473
f 1474 1475 1476
f 1477 1478 1479
f 1480 1481 1482
f 1483 1484 1485
f 1486 1487 1488
f 1489 1490 1491
f 1492 1493 1494
f 1495 1496 1497
f 1498 1499 1500
f 1501 1502 1503
f 1504 1505 1506
f 1507 1508 1509
f 1510 1511 1512
f 1513 1514 1515
f 1516 1517 1518
f 1519 1520 1521
f 1522 1523 1524
f 1525 1526 1527
f 1528 1529 1530
f 1531 1532 1533
f 1534 1535 1536
f 1537 1538 1539
f 1540 1541 1542
f 1543 1544 1545
f 1546 1547 1548
f 1549 1550 1551
f 1552 1553 1554
f 1555 1556 1557
f 1558 1559 1560
f 1561 1562 1563
f 1564 1565 1566
f 1567 1568 1569
f 1570 1571 1572
f 1573 1574 1575
f 1576 1577 1578
f 1579 1580 1581
f 1582 1583 1584
f 1585 1586 1587
f 1588 1589 1590
f 1591 1592 1593
f 1594 1595 1596
f 1597 1598 1599
f 1600 1601 1602
f 1603 1604 1605
f 1606 1607 1608
f 1609 1610 1611
f 1612 1613 1614
f 1615 1616 1617
f 1618 1619 1620
f 1621 1622 1623
f 1624 1625 1626
f 1627 1628 1629
f 1630 1631 1632
f 1633 1634 1635
f 1636 1637 1638
f 1639 1640 1641
f 1642 1643 1644
f 1645 1646 1647
f 1648 1649 1650
f 1651 1652 1653
f 1654 1655 1656
f 1657 1658 1659
f 1660 1661 1662
f 1663 1664 1665
f 1666 1667 1668
f 1669 1670 1671
f 1672 1673 1674
f 1675 1676 1677
f 1678 1679 1680
f 1681 1682 1683
f 1684 1685 1686
f 1687 1688 1689
f 1690 1691 1692
f 1693 1694 1695
f 1696 1697 1698
f 1699 1700 1701
f 1702 1703 1704
f 1705 1706 1707
f 1708 1709 1710
f 1711 1712 1713
f 1714 1715 1716
f 1717 1718 1719
f 1720 1721 1722
f 1723 1724 1725
f 1726 1727 1728
f 1729 1730 1731
f 1732 1733 1734
f 1735 1736 1737
f 1738 1739 1740
f 1741 1742 1743
f 1744 1745 1746
f 1747 1748 1749
f 1750 1751 1752
f 1753 1754 1755
f 1756 1757 1758
f 1759 1760 1761
f 1762 1763 1764
f 1765 1766 1767
f 1768 1769 1770
f 1771 1772 1773
f 1774 1775 1776
f 1777 1778 1779
f 1780 1781 1782
f 1783 1784 1785
f 1786 1787 1788
f 1789 1790 1791
f 1792 1793 1794
f 1795 1796 1797
f 1798 1799 1800
f 1801 1802 1803
f 1804 1805 1806
f 1807 1808 1809
f 1810 1811 1812
f 1813 1814 1815
f 1816 1817 1818
f 1819 1820 1821
f 1822 1823 1824
f 1825 1826 1827
f 1828 1829 1830
f 1831 1832 1833
f 1834 1835 1836
f 1837 1838 1839
f 1840 1841 1842
f 1843 1844 1845
f 1846 1847 1848
f 1849 1850 1851
f 1852 1853 1854
f 1855 1856 1857
f 1858 1859 1860
f 1861 1862 1863
f 1864 1865 1866
f 1867 1868 1869
f 1870 1871 1872
f 1873 1874 1875
f 1876 1877 1878
f 1879 1880 1881
f 1882 1883 1884
f 1885 1886 1887
f 1888 1889 1890
f 1891 1892 1893
f 1894 1895 1896
f 1897 1898 1899
f 1900 1901 1902
f 1903 1904 1905
f 1906 1907 1908
f 1909 1910 1911
f 1912 1913 1914
f 1915 1916 1917
f 1918 1919 1920
f 1921 1922 1923
f 1924 1925 1926
f 1927 1928 1929
f 1930 1931 1932
f 1933 1934 1935
f 1936 1937 1938
f 1939 1940 1941
f 1942 1943 1944
f 1945 1946 1947
f 1948 1949 1950
f 1951 1952 1953
f 1954 1955 1956
f 1957 1958 1959
f 1960 1961 1962
f 1963 1964 1965
f 1966 1967 1968
f 1969 1970 1971
f 1972 1973 1974
f 1975 1976 1977
f 1978 1979 1980
f 1981 1982 1983
f 1984 1985 1986
f 1987 1988 1989
f 1990 1991 1992
f 1993 1994 1995
f 1996 1997 1998
f 1999 2000 2001
f 2002 2003 2004
f 2005 2006 2007
f 2008 2009 2010
f 2011 2012 2013
f 2014 2015 2016
f 2017 2018 2019
f 2020 2021 2022
f 2023 2024 2025
f 2026 2027 2028
f 2029 2030 2031
f 2032 2033 2034
f 2035 2036 2037
f 2038 2039 2040
f 2041 2042 2043
f 2044 2045 2046
f 2047 2048 2049
f 2050 2051 2052
f 2053 2054 2055
f 2056 2057 2058
f 2059 2060 2061
f 2062 2063 2064
f 2065 2066 2067
f 2068 2069 2070
f 2071 2072 2073
f 2074 2075 2076
f 2077 2078 2079
f 2080 2081 2082
f 2083 2084 2085
f 2086 2087 2088
f 2089 2090 2091
f 2092 2093 2094
f 2095 2096 2097
f 2098 2099 2100
f 2101 2102 2103
f 2104 2105 2106
f 2107 2108 2109
f 2110 2111 2112
f 2113 2114 2115
f 2116 2117 2118
f 2119 2120 2121
f 2122 2123 2124
f 2125 2126 2127
f 2128 2129 2130
f 2131 2132 2133
f 2134 2135 2136
f 2137 2138 2139
f 2140 2141 2142
f 2143 2144 2145
f 2146 2147 2148
f 2149 2150 2151
f 2152 2153 2154
f 2155 2156 2157
f 2158 2159 2160
f 2161 2162 2163
f 2164 2165 2166
f 2167 2168 2169
f 2170 2171 2172
f 2173 2174 2175
f 2176 2177 2178
f 2179 2180 2181
f 2182 2183 2184
f 2185 2186 2187
f 2188 2189 2190
f 2191 2192 2193
f 2194 2195 2196
f 2197 2198 2199
f 2200 2201 2202
f 2203 2204 2205
f 2206 2207 2208
f 2209 2210 2211
f 2212 2213 2214
f 2215 2216 2217
f 2218 2219 2220
f 2221 2222 2223
f 2224 2225 2226
f 2227 2228 2229
f 2230 2231 2232
f 2233 2234 2235
f 2236 2237 2238
f 2239 2240 2241
f 2242 2243 2244
f 2245 2246 2247
f 2248 2249 2250
f 2251 2252 2253
f 2254 2255 2256
f 2257 2258 2259
f 2260 2261 2262
f 2263 2264 2265
f 2266 2267 2268
f 2269 2270 2271
f 2272 2273 2274
f 2275 2276 2277
f 2278 2279 2280
f 2281 2282 2283
f 2284 2285 2286
f 2287 2288 2289
f 2290 2291 2292
f 2293 2294 2295
f 2296 2297 2298
f 2299 2300 2301
f 2302 2303 2304
f 2305 2306 2307
f 2308 2309 2310
f 2311 2312 2313
f 2314 2315 2316
f 2317 2318 2319
f 2320 2321 2322
f 2323 2324 2325
f 2326 2327 2328
f 2329 2330 2331
f 2332 2333 2334
f 2335 2336 2337
f 2338 2339 2340
f 2341 2342 2343
f 2344 2345 2346
f 2347 2348 2349
f 2350 2351 2352
f 2353 2354 2355
f 2356 2357 2358
f 2359 2360 2361
f 2362 2363 2364
f 2365 2366 2367
f 2368 2369 2370
f 2371 2372 2373
f 2374 2375 2376
f 2377 2378 2379
f 2380 2381 2382
f 2383 2384 2385
f 2386 2387 2388
f 2389 2390 2391
f 2392 2393 2394
f 2395 2396 2397
f 2398 2399 2400
f 2401 2402 2403
f 2404 2405 2406
f 2407 2408 2409
f 2410 2411 2412
f 2413 2414 2415
f 2416 2417 2418
f 2419 2420 2421
f 2422 2423 2424
f 2425 2426 2427
f 2428 2429 2430
f 2431 2432 2433
f 2434 2435 2436
f 2437 2438 2439
f 2440 2441 2442
f 2443 2444 2445
f 2446 2447 2448
f 2449 2450 2451
f 2452 2453 2454
f 2455 2456 2457
f 2458 2459 2460
f 2461 2462 2463
f 2464 2465 2466
f 2467 2468 2469
f 2470 2471 2472
f 2473 2474 2475
f 2476 2477 2478
f 2479 2480 2481
f 2482 2483 2484
f 2485 2486 2487
f 2488 2489 2490
f 2491 2492 2493
f 2494 2495 2496
f 2497 2498 2499
f 2500 2501 2502
f 2503 2504 2505
f 2506 2507 2508
f 2509 2510 2511
f 2512 2513 2514
f 2515 2516 2517
f 2518 2519 2520
f 2521 2522 2523
f 2524 2525 2526
f 2527 2528 2529
f 2530 2531 2532
f 2533 2534 2535
f 2536 2537 2538
f 2539 2540 2541
f 2542 2543 2544
f 2545 2546 2547
f 2548 2549 2550
f 2551 2552 2553
f 2554 2555 2556
f 2557 2558 2559
f 2560 2561 2562
f 2563 2564 2565
f 2566 2567 2568
f 2569 2570 2571
f 2572 2573 2574
f 2575 2576 2577
f 2578 2579 2580
f 2581 2582 2583
f 2584 2585 2586
f 2587 2588 2589
f 2590 2591 2592
f 2593 2594 2595
f 2596 2597 2598
f 2599 2600 2601
f 2602 2603 2604
f 2605 2606 2607
f 2608 2609 2610
f 2611 2612 2613
f 2614 2615 2616
f 2617 2618 2619
f 2620 2621 2622
f 2623 2624 2625
f 2626 2627 2628
f 2629 2630 2631
f 2632 2633 2634
f 2635 2636 2637
f 2638 2639 2640
f 2641 2642 2643
f 2644 2645 2646
f 2647 2648 2649
f 2650 2651 2652
f 2653 2654 2655
f 2656 2657 2658
f 2659 2660 2661
f 2662 2663 2664
f 2665 2666 2667
f 2668 2669 2670
f 2671 2672 2673
f 2674 2675 2676
f 2677 2678 2679
f 2680 2681 2682
f 2683 2684 2685
f 2686 2687 2688
f 2689 2690 2691
f 2692 2693 2694
f 2695 2696 2697
f 2698 2699 2700
f 2701 2702 2703
f 2704 2705 2706
f 2707 2708 2709
f 2710 2711 2712
f 2713 2714 2715
f 2716 2717 2718
f 2719 2720 2721
f 2722 2723 2724
f 2725 2726 2727
f 2728 2729 2730
f 2731 2732 2733
f 2734 2735 2736
f 2737 2738 2739
f 2740 2741 2742
f 2743 2744 2745
f 2746 2747 2748
f 2749 2750 2751
f 2752 2753 2754
f 2755 2756 2757
f 2758 2759 2760
f 2761 2762 2763
f 2764 2765 2766
f 2767 2768 2769
f 2770 2771 2772
f 2773 2774 2775
f 2776 2777 2778
f 2779 2780 2781
f 2782 2783 2784
f 2785 2786 2787
f 2788 2789 2790
f 2791 2792 2793
f 2794 2795 2796
f 2797 2798 2799
f 2800 2801 2802
f 2803 2804 2805
f 2806 2807 2808
f 2809 2810 2811
f 2812 2813 2814
f 2815 2816 2817
f 2818 2819 2820
f 2821 2822 2823
f 2824 2825 2826
f 2827 2828 2829
f 2830 2831 2832
f 2833 2834 2835
f 2836 2837 2838
f 2839 2840 2841
f 2842 2843 2844
f 2845 2846 2847
f 2848 2849 2850
f 2851 2852 2853
f 2854 2855 2856
f 2857 2858 2859
f 2860 2861 2862
f 2863 2864 2865
f 2866 2867 2868
f 2869 2870 2871
f 2872 2873 2874
f 2875 2876 2877
f 2878 2879 2880
f 2881 2882 2883
f 2884 2885 2886
f 2887 2888 2889
f 2890 2891 2892
f 2893 2894 2895
f 2896 2897 2898
f 2899 2900 2901
f 2902 2903 2904
f 2905 2906 2907
f 2908 2909 2910
f 2911 2912 2913
f 2914 2915 2916
f 2917 2918 2919
f 2920 2921 2922
f 2923 2924 2925
f 2926 2927 2928
f 2929 2930 2931
f 2932 2933 2934
f 2935 2936 2937
f 2938 2939 2940
f 2941 2942 2943
f 2944 2945 2946
f 2947 2948 2949
f 2950 2951 2952
f 2953 2954 2955
f 2956 2957 2958
f 2959 2960 2961
f 2962 2963 2964
f 2965 2966 2967
f 2968 2969 2970
f 2971 2972 2973
f 2974 2975 2976
f 2977 2978 2979
f 2980 2981 2982
f 2983 2984 2985
f 2986 2987 2988
f 2989 2990 2991
f 2992 2993 2994
f 2995 2996 2997
f 2998 2999 3000
f 3001 3002 3003
f 3004 3005 3006
f 3007 3008 3009
f 3010 3011 3012
f 3013 3014 3015
f 3016 3017 3018
f 3019 3020 3021
f 3022 3023 3024
f 3025 3026 3027
f 3028 3029 3030
f 3031 3032 3033
f 3034 3035 3036
f 3037 3038 3039
f 3040 3041 3042
f 3043 3044 3045
f 3046 3047 3048
f 3049 3050 3051
f 3052 3053 3054
f 3055 3056 3057
f 3058 3059 3060
f 3061 3062 3063
f 3064 3065 3066
f 3067 3068 3069
f 3070 3071 3072
f 3073 3074 3075
f 3076 3077 3078
f 3079 3080 3081
f 3082 3083 3084
f 3085 3086 3087
f 3088 3089 3090
f 3091 3092 3093
f 3094 3095 3096
f 3097 3098 3099
f 3100 3101 3102
f 3103 3104 3105
f 3106 3107 3108
f 3109 3110 3111
f 3112 3113 3114
f 3115 3116 3117
f 3118 3119 3120
f 3121 3122 3123
f 3124 3125 3126
f 3127 3128 3129
f 3130 3131 3132
f 3133 3134 3135
f 3136 3137 3138
f 3139 3140 3141
f 3142 3143 3144
f 3145 3146 3147
f 3148 3149 3150
f 3151 3152 3153
f 3154 3155 3156
f 3157 3158 3159
f 3160 3161 3162
f 3163 3164 3165
f 3166 3167 3168
f 3169 3170 3171
f 3172 3173 3174
f 3175 3176 3177
f 3178 3179 3180
f 3181 3182 3183
f 3184 3185 3186
f 3187 3188 3189
f 3190 3191 3192
f 3193 3194 3195
f 3196 3197 3198
f 3199 3200 3201
f 3202 3203 3204
f 3205 3206 3207
f 3208 3209 3210
f 3211 3212 3213
f 3214 3215 3216
f 3217 3218 3219
f 3220 3221 3222
f 3223 3224 3225
f 3226 3227 3228
f 3229 3230 3231
f 3232 3233 3234
f 3235 3236 3237
f 3238 3239 3240
f 3241 3242 3243
f 3244 3245 3246
f 3247 3248 3249
f 3250 3251 3252
f 3253 3254 3255
f 3256 3257 3258
f 3259 3260 3261
f 3262 3263 3264
f 3265 3266 3267
f 3268 3269 3270
f 3271 3272 3273
f 3274 3275 3276
f 3277 3278 3279
f 3280 3281 3282
f 3283 3284 3285
f 3286 3287 3288
f 3289 3290 3291
f 3292 3293 3294
f 3295 3296 3297
f 3298 3299 3300
f 3301 3302 3303
f 3304 3305 3306
f 3307 3308 3309
f 3310 3311 3312
f 3313 3314 3315
f 3316 3317 3318
f 3319 3320 3321
f 3322 3323 3324
f 3325 3326 3327
f 3328 3329 3330
f 3331 3332 3333
f 3334 3335 3336
f 3337 3338 3339
f 3340 3341 3342
f 3343 3344 3345
f 3346 3347 3348
