# lizard mesh
v -0.068023 -0.021282 -0.099210
v -0.074018 -0.036881 -0.088686
v -0.087884 -0.023703 -0.078673
v -0.068023 -0.021282 -0.099210
v -0.087884 -0.023703 -0.078673
v -0.079862 -0.007828 -0.090912
v -0.074018 -0.036881 -0.088686
v -0.077411 -0.053212 -0.075197
v -0.092461 -0.040143 -0.064083
v -0.074018 -0.036881 -0.088686
v -0.092461 -0.040143 -0.064083
v -0.087884 -0.023703 -0.078673
v -0.079862 -0.007828 -0.090912
v -0.087884 -0.023703 -0.078673
v -0.098857 -0.008343 -0.066519
v -0.079862 -0.007828 -0.090912
v -0.098857 -0.008343 -0.066519
v -0.089669 0.007728 -0.079865
v -0.087884 -0.023703 -0.078673
v -0.092461 -0.040143 -0.064083
v -0.104210 -0.024872 -0.051058
v -0.087884 -0.023703 -0.078673
v -0.104210 -0.024872 -0.051058
v -0.098857 -0.008343 -0.066519
v -0.050978 -0.018691 -0.110147
v -0.054159 -0.030595 -0.105554
v -0.068023 -0.021282 -0.099210
v -0.050978 -0.018691 -0.110147
v -0.068023 -0.021282 -0.099210
v -0.058625 -0.008392 -0.107255
v -0.054159 -0.030595 -0.105554
v -0.057374 -0.046591 -0.096679
v -0.074018 -0.036881 -0.088686
v -0.054159 -0.030595 -0.105554
v -0.074018 -0.036881 -0.088686
v -0.068023 -0.021282 -0.099210
v -0.057374 -0.046591 -0.096679
v -0.059371 -0.063189 -0.084052
v -0.077411 -0.053212 -0.075197
v -0.057374 -0.046591 -0.096679
v -0.077411 -0.053212 -0.075197
v -0.074018 -0.036881 -0.088686
v -0.059371 -0.063189 -0.084052
v -0.059837 -0.078855 -0.068513
v -0.078303 -0.068885 -0.059292
v -0.059371 -0.063189 -0.084052
v -0.078303 -0.068885 -0.059292
v -0.077411 -0.053212 -0.075197
v -0.077411 -0.053212 -0.075197
v -0.078303 -0.068885 -0.059292
v -0.093724 -0.056043 -0.047593
v -0.077411 -0.053212 -0.075197
v -0.093724 -0.056043 -0.047593
v -0.092461 -0.040143 -0.064083
v -0.092461 -0.040143 -0.064083
v -0.093724 -0.056043 -0.047593
v -0.105740 -0.040992 -0.034012
v -0.092461 -0.040143 -0.064083
v -0.105740 -0.040992 -0.034012
v -0.104210 -0.024872 -0.051058
v -0.104210 -0.024872 -0.051058
v -0.105740 -0.040992 -0.034012
v -0.113987 -0.024394 -0.019143
v -0.104210 -0.024872 -0.051058
v -0.113987 -0.024394 -0.019143
v -0.112321 -0.008272 -0.036519
v -0.098857 -0.008343 -0.066519
v -0.104210 -0.024872 -0.051058
v -0.112321 -0.008272 -0.036519
v -0.098857 -0.008343 -0.066519
v -0.112321 -0.008272 -0.036519
v -0.106622 0.008078 -0.052505
v -0.089669 0.007728 -0.079865
v -0.098857 -0.008343 -0.066519
v -0.106622 0.008078 -0.052505
v -0.089669 0.007728 -0.079865
v -0.106622 0.008078 -0.052505
v -0.096986 0.023999 -0.066407
v -0.076599 0.022460 -0.090613
v -0.089669 0.007728 -0.079865
v -0.096986 0.023999 -0.066407
v -0.076599 0.022460 -0.090613
v -0.096986 0.023999 -0.066407
v -0.083509 0.038835 -0.077528
v -0.068003 0.006251 -0.100727
v -0.079862 -0.007828 -0.090912
v -0.089669 0.007728 -0.079865
v -0.068003 0.006251 -0.100727
v -0.089669 0.007728 -0.079865
v -0.076599 0.022460 -0.090613
v -0.058625 -0.008392 -0.107255
v -0.068023 -0.021282 -0.099210
v -0.079862 -0.007828 -0.090912
v -0.058625 -0.008392 -0.107255
v -0.079862 -0.007828 -0.090912
v -0.068003 0.006251 -0.100727
v -0.101344 0.039805 -0.051221
v -0.110838 0.024572 -0.037126
v -0.111259 0.040517 -0.021326
v -0.101344 0.039805 -0.051221
v -0.111259 0.040517 -0.021326
v -0.102472 0.054292 -0.035440
v -0.110838 0.024572 -0.037126
v -0.116482 0.008846 -0.020949
v -0.116494 0.025886 -0.005121
v -0.110838 0.024572 -0.037126
v -0.116494 0.025886 -0.005121
v -0.111259 0.040517 -0.021326
v -0.102472 0.054292 -0.035440
v -0.111259 0.040517 -0.021326
v -0.107639 0.055493 -0.006200
v -0.102472 0.054292 -0.035440
v -0.107639 0.055493 -0.006200
v -0.100128 0.066926 -0.020443
v -0.111259 0.040517 -0.021326
v -0.116494 0.025886 -0.005121
v -0.112183 0.042323 0.010113
v -0.111259 0.040517 -0.021326
v -0.112183 0.042323 0.010113
v -0.107639 0.055493 -0.006200
v -0.083509 0.038835 -0.077528
v -0.096986 0.023999 -0.066407
v -0.101344 0.039805 -0.051221
v -0.083509 0.038835 -0.077528
v -0.101344 0.039805 -0.051221
v -0.088131 0.054146 -0.062319
v -0.096986 0.023999 -0.066407
v -0.106622 0.008078 -0.052505
v -0.110838 0.024572 -0.037126
v -0.096986 0.023999 -0.066407
v -0.110838 0.024572 -0.037126
v -0.101344 0.039805 -0.051221
v -0.106622 0.008078 -0.052505
v -0.112321 -0.008272 -0.036519
v -0.116482 0.008846 -0.020949
v -0.106622 0.008078 -0.052505
v -0.116482 0.008846 -0.020949
v -0.110838 0.024572 -0.037126
v -0.112321 -0.008272 -0.036519
v -0.113987 -0.024394 -0.019143
v -0.118141 -0.006920 -0.003587
v -0.112321 -0.008272 -0.036519
v -0.118141 -0.006920 -0.003587
v -0.116482 0.008846 -0.020949
v -0.116482 0.008846 -0.020949
v -0.118141 -0.006920 -0.003587
v -0.118027 0.010727 0.012031
v -0.116482 0.008846 -0.020949
v -0.118027 0.010727 0.012031
v -0.116494 0.025886 -0.005121
v -0.116494 0.025886 -0.005121
v -0.118027 0.010727 0.012031
v -0.113507 0.027837 0.027078
v -0.116494 0.025886 -0.005121
v -0.113507 0.027837 0.027078
v -0.112183 0.042323 0.010113
v -0.112183 0.042323 0.010113
v -0.113507 0.027837 0.027078
v -0.104443 0.043698 0.040923
v -0.112183 0.042323 0.010113
v -0.104443 0.043698 0.040923
v -0.103366 0.057685 0.023885
v -0.107639 0.055493 -0.006200
v -0.112183 0.042323 0.010113
v -0.103366 0.057685 0.023885
v -0.107639 0.055493 -0.006200
v -0.103366 0.057685 0.023885
v -0.099636 0.069520 0.007005
v -0.100128 0.066926 -0.020443
v -0.107639 0.055493 -0.006200
v -0.099636 0.069520 0.007005
v -0.100128 0.066926 -0.020443
v -0.099636 0.069520 0.007005
v -0.093818 0.078365 -0.008256
v -0.089868 0.077447 -0.030604
v -0.100128 0.066926 -0.020443
v -0.093818 0.078365 -0.008256
v -0.089868 0.077447 -0.030604
v -0.093818 0.078365 -0.008256
v -0.088130 0.083382 -0.018998
v -0.090237 0.067337 -0.046179
v -0.102472 0.054292 -0.035440
v -0.100128 0.066926 -0.020443
v -0.090237 0.067337 -0.046179
v -0.100128 0.066926 -0.020443
v -0.089868 0.077447 -0.030604
v -0.088131 0.054146 -0.062319
v -0.101344 0.039805 -0.051221
v -0.102472 0.054292 -0.035440
v -0.088131 0.054146 -0.062319
v -0.102472 0.054292 -0.035440
v -0.090237 0.067337 -0.046179
v -0.076695 -0.082743 -0.041834
v -0.072630 -0.094071 -0.024076
v -0.086449 -0.082827 -0.011878
v -0.076695 -0.082743 -0.041834
v -0.086449 -0.082827 -0.011878
v -0.091726 -0.070446 -0.029848
v -0.072630 -0.094071 -0.024076
v -0.066052 -0.102489 -0.007466
v -0.077798 -0.092870 0.005165
v -0.072630 -0.094071 -0.024076
v -0.077798 -0.092870 0.005165
v -0.086449 -0.082827 -0.011878
v -0.091726 -0.070446 -0.029848
v -0.086449 -0.082827 -0.011878
v -0.097382 -0.069132 0.002157
v -0.091726 -0.070446 -0.029848
v -0.097382 -0.069132 0.002157
v -0.103456 -0.055913 -0.015988
v -0.086449 -0.082827 -0.011878
v -0.077798 -0.092870 0.005165
v -0.087534 -0.080225 0.019500
v -0.086449 -0.082827 -0.011878
v -0.087534 -0.080225 0.019500
v -0.097382 -0.069132 0.002157
v -0.059837 -0.078855 -0.068513
v -0.058663 -0.092360 -0.051096
v -0.076695 -0.082743 -0.041834
v -0.059837 -0.078855 -0.068513
v -0.076695 -0.082743 -0.041834
v -0.078303 -0.068885 -0.059292
v -0.058663 -0.092360 -0.051096
v -0.056009 -0.102829 -0.033145
v -0.072630 -0.094071 -0.024076
v -0.058663 -0.092360 -0.051096
v -0.072630 -0.094071 -0.024076
v -0.076695 -0.082743 -0.041834
v -0.056009 -0.102829 -0.033145
v -0.052241 -0.109622 -0.016274
v -0.066052 -0.102489 -0.007466
v -0.056009 -0.102829 -0.033145
v -0.066052 -0.102489 -0.007466
v -0.072630 -0.094071 -0.024076
v -0.052241 -0.109622 -0.016274
v -0.048697 -0.112664 -0.003981
v -0.056191 -0.108705 0.006074
v -0.052241 -0.109622 -0.016274
v -0.056191 -0.108705 0.006074
v -0.066052 -0.102489 -0.007466
v -0.066052 -0.102489 -0.007466
v -0.056191 -0.108705 0.006074
v -0.065409 -0.100646 0.020040
v -0.066052 -0.102489 -0.007466
v -0.065409 -0.100646 0.020040
v -0.077798 -0.092870 0.005165
v -0.077798 -0.092870 0.005165
v -0.065409 -0.100646 0.020040
v -0.073898 -0.088821 0.035107
v -0.077798 -0.092870 0.005165
v -0.073898 -0.088821 0.035107
v -0.087534 -0.080225 0.019500
v -0.087534 -0.080225 0.019500
v -0.073898 -0.088821 0.035107
v -0.080771 -0.073992 0.049938
v -0.087534 -0.080225 0.019500
v -0.080771 -0.073992 0.049938
v -0.094825 -0.065047 0.034193
v -0.097382 -0.069132 0.002157
v -0.087534 -0.080225 0.019500
v -0.094825 -0.065047 0.034193
v -0.097382 -0.069132 0.002157
v -0.094825 -0.065047 0.034193
v -0.105130 -0.053394 0.016943
v -0.103456 -0.055913 -0.015988
v -0.097382 -0.069132 0.002157
v -0.105130 -0.053394 0.016943
v -0.103456 -0.055913 -0.015988
v -0.105130 -0.053394 0.016943
v -0.111560 -0.039640 -0.001081
v -0.105740 -0.040992 -0.034012
v -0.103456 -0.055913 -0.015988
v -0.111560 -0.039640 -0.001081
v -0.105740 -0.040992 -0.034012
v -0.111560 -0.039640 -0.001081
v -0.113987 -0.024394 -0.019143
v -0.093724 -0.056043 -0.047593
v -0.091726 -0.070446 -0.029848
v -0.103456 -0.055913 -0.015988
v -0.093724 -0.056043 -0.047593
v -0.103456 -0.055913 -0.015988
v -0.105740 -0.040992 -0.034012
v -0.078303 -0.068885 -0.059292
v -0.076695 -0.082743 -0.041834
v -0.091726 -0.070446 -0.029848
v -0.078303 -0.068885 -0.059292
v -0.091726 -0.070446 -0.029848
v -0.093724 -0.056043 -0.047593
v -0.115729 -0.022196 0.014120
v -0.109362 -0.036216 0.031549
v -0.109824 -0.018607 0.045469
v -0.115729 -0.022196 0.014120
v -0.109824 -0.018607 0.045469
v -0.115758 -0.004417 0.029114
v -0.109362 -0.036216 0.031549
v -0.099209 -0.048149 0.048144
v -0.100408 -0.030751 0.060637
v -0.109362 -0.036216 0.031549
v -0.100408 -0.030751 0.060637
v -0.109824 -0.018607 0.045469
v -0.115758 -0.004417 0.029114
v -0.109824 -0.018607 0.045469
v -0.106251 -0.001698 0.058411
v -0.115758 -0.004417 0.029114
v -0.106251 -0.001698 0.058411
v -0.111467 0.012792 0.043476
v -0.109824 -0.018607 0.045469
v -0.100408 -0.030751 0.060637
v -0.098158 -0.014282 0.071301
v -0.109824 -0.018607 0.045469
v -0.098158 -0.014282 0.071301
v -0.106251 -0.001698 0.058411
v -0.113987 -0.024394 -0.019143
v -0.111560 -0.039640 -0.001081
v -0.115729 -0.022196 0.014120
v -0.113987 -0.024394 -0.019143
v -0.115729 -0.022196 0.014120
v -0.118141 -0.006920 -0.003587
v -0.111560 -0.039640 -0.001081
v -0.105130 -0.053394 0.016943
v -0.109362 -0.036216 0.031549
v -0.111560 -0.039640 -0.001081
v -0.109362 -0.036216 0.031549
v -0.115729 -0.022196 0.014120
v -0.105130 -0.053394 0.016943
v -0.094825 -0.065047 0.034193
v -0.099209 -0.048149 0.048144
v -0.105130 -0.053394 0.016943
v -0.099209 -0.048149 0.048144
v -0.109362 -0.036216 0.031549
v -0.094825 -0.065047 0.034193
v -0.080771 -0.073992 0.049938
v -0.085430 -0.057135 0.063401
v -0.094825 -0.065047 0.034193
v -0.085430 -0.057135 0.063401
v -0.099209 -0.048149 0.048144
v -0.099209 -0.048149 0.048144
v -0.085430 -0.057135 0.063401
v -0.087642 -0.039560 0.074587
v -0.099209 -0.048149 0.048144
v -0.087642 -0.039560 0.074587
v -0.100408 -0.030751 0.060637
v -0.100408 -0.030751 0.060637
v -0.087642 -0.039560 0.074587
v -0.087434 -0.022866 0.082725
v -0.100408 -0.030751 0.060637
v -0.087434 -0.022866 0.082725
v -0.098158 -0.014282 0.071301
v -0.098158 -0.014282 0.071301
v -0.087434 -0.022866 0.082725
v -0.085849 -0.010591 0.087167
v -0.098158 -0.014282 0.071301
v -0.085849 -0.010591 0.087167
v -0.091900 -0.000662 0.081025
v -0.106251 -0.001698 0.058411
v -0.098158 -0.014282 0.071301
v -0.091900 -0.000662 0.081025
v -0.106251 -0.001698 0.058411
v -0.091900 -0.000662 0.081025
v -0.098271 0.013282 0.070540
v -0.111467 0.012792 0.043476
v -0.106251 -0.001698 0.058411
v -0.098271 0.013282 0.070540
v -0.111467 0.012792 0.043476
v -0.098271 0.013282 0.070540
v -0.102658 0.028514 0.056840
v -0.113507 0.027837 0.027078
v -0.111467 0.012792 0.043476
v -0.102658 0.028514 0.056840
v -0.113507 0.027837 0.027078
v -0.102658 0.028514 0.056840
v -0.104443 0.043698 0.040923
v -0.118027 0.010727 0.012031
v -0.115758 -0.004417 0.029114
v -0.111467 0.012792 0.043476
v -0.118027 0.010727 0.012031
v -0.111467 0.012792 0.043476
v -0.113507 0.027837 0.027078
v -0.118141 -0.006920 -0.003587
v -0.115729 -0.022196 0.014120
v -0.115758 -0.004417 0.029114
v -0.118141 -0.006920 -0.003587
v -0.115758 -0.004417 0.029114
v -0.118027 0.010727 0.012031
v -0.082667 0.089937 -0.000450
v -0.087080 0.082586 0.017341
v -0.070602 0.094096 0.025226
v -0.082667 0.089937 -0.000450
v -0.070602 0.094096 0.025226
v -0.067141 0.100852 0.005013
v -0.087080 0.082586 0.017341
v -0.090032 0.071514 0.035476
v -0.072891 0.083347 0.044803
v -0.087080 0.082586 0.017341
v -0.072891 0.083347 0.044803
v -0.070602 0.094096 0.025226
v -0.067141 0.100852 0.005013
v -0.070602 0.094096 0.025226
v -0.051067 0.103339 0.031310
v -0.067141 0.100852 0.005013
v -0.051067 0.103339 0.031310
v -0.048209 0.109827 0.009618
v -0.070602 0.094096 0.025226
v -0.072891 0.083347 0.044803
v -0.052835 0.092722 0.051927
v -0.070602 0.094096 0.025226
v -0.052835 0.092722 0.051927
v -0.051067 0.103339 0.031310
v -0.088130 0.083382 -0.018998
v -0.093818 0.078365 -0.008256
v -0.082667 0.089937 -0.000450
v -0.088130 0.083382 -0.018998
v -0.082667 0.089937 -0.000450
v -0.078579 0.092325 -0.017678
v -0.093818 0.078365 -0.008256
v -0.099636 0.069520 0.007005
v -0.087080 0.082586 0.017341
v -0.093818 0.078365 -0.008256
v -0.087080 0.082586 0.017341
v -0.082667 0.089937 -0.000450
v -0.099636 0.069520 0.007005
v -0.103366 0.057685 0.023885
v -0.090032 0.071514 0.035476
v -0.099636 0.069520 0.007005
v -0.090032 0.071514 0.035476
v -0.087080 0.082586 0.017341
v -0.103366 0.057685 0.023885
v -0.104443 0.043698 0.040923
v -0.090868 0.057672 0.053000
v -0.103366 0.057685 0.023885
v -0.090868 0.057672 0.053000
v -0.090032 0.071514 0.035476
v -0.090032 0.071514 0.035476
v -0.090868 0.057672 0.053000
v -0.073500 0.069406 0.063014
v -0.090032 0.071514 0.035476
v -0.073500 0.069406 0.063014
v -0.072891 0.083347 0.044803
v -0.072891 0.083347 0.044803
v -0.073500 0.069406 0.063014
v -0.053231 0.078620 0.070734
v -0.072891 0.083347 0.044803
v -0.053231 0.078620 0.070734
v -0.052835 0.092722 0.051927
v -0.052835 0.092722 0.051927
v -0.053231 0.078620 0.070734
v -0.030950 0.085034 0.075933
v -0.052835 0.092722 0.051927
v -0.030950 0.085034 0.075933
v -0.030775 0.099192 0.056851
v -0.051067 0.103339 0.031310
v -0.052835 0.092722 0.051927
v -0.030775 0.099192 0.056851
v -0.051067 0.103339 0.031310
v -0.030775 0.099192 0.056851
v -0.029494 0.109719 0.035806
v -0.048209 0.109827 0.009618
v -0.051067 0.103339 0.031310
v -0.029494 0.109719 0.035806
v -0.048209 0.109827 0.009618
v -0.029494 0.109719 0.035806
v -0.027121 0.116068 0.013588
v -0.044585 0.111533 -0.012458
v -0.048209 0.109827 0.009618
v -0.027121 0.116068 0.013588
v -0.044585 0.111533 -0.012458
v -0.027121 0.116068 0.013588
v -0.023672 0.117690 -0.009015
v -0.063370 0.102742 -0.015417
v -0.067141 0.100852 0.005013
v -0.048209 0.109827 0.009618
v -0.063370 0.102742 -0.015417
v -0.048209 0.109827 0.009618
v -0.044585 0.111533 -0.012458
v -0.078579 0.092325 -0.017678
v -0.082667 0.089937 -0.000450
v -0.067141 0.100852 0.005013
v -0.078579 0.092325 -0.017678
v -0.067141 0.100852 0.005013
v -0.063370 0.102742 -0.015417
v -0.005211 0.119029 0.016839
v -0.006945 0.112781 0.038721
v 0.015484 0.112518 0.039684
v -0.005211 0.119029 0.016839
v 0.015484 0.112518 0.039684
v 0.016130 0.118672 0.018998
v -0.006945 0.112781 0.038721
v -0.007637 0.102394 0.059517
v 0.015619 0.102288 0.059668
v -0.006945 0.112781 0.038721
v 0.015619 0.102288 0.059668
v 0.015484 0.112518 0.039684
v 0.016130 0.118672 0.018998
v 0.015484 0.112518 0.039684
v 0.036745 0.109085 0.038136
v 0.016130 0.118672 0.018998
v 0.036745 0.109085 0.038136
v 0.035574 0.115241 0.019408
v 0.015484 0.112518 0.039684
v 0.015619 0.102288 0.059668
v 0.038031 0.098920 0.056984
v 0.015484 0.112518 0.039684
v 0.038031 0.098920 0.056984
v 0.036745 0.109085 0.038136
v -0.023672 0.117690 -0.009015
v -0.027121 0.116068 0.013588
v -0.005211 0.119029 0.016839
v -0.023672 0.117690 -0.009015
v -0.005211 0.119029 0.016839
v -0.002111 0.120622 -0.005325
v -0.027121 0.116068 0.013588
v -0.029494 0.109719 0.035806
v -0.006945 0.112781 0.038721
v -0.027121 0.116068 0.013588
v -0.006945 0.112781 0.038721
v -0.005211 0.119029 0.016839
v -0.029494 0.109719 0.035806
v -0.030775 0.099192 0.056851
v -0.007637 0.102394 0.059517
v -0.029494 0.109719 0.035806
v -0.007637 0.102394 0.059517
v -0.006945 0.112781 0.038721
v -0.030775 0.099192 0.056851
v -0.030950 0.085034 0.075933
v -0.007558 0.088395 0.078405
v -0.030775 0.099192 0.056851
v -0.007558 0.088395 0.078405
v -0.007637 0.102394 0.059517
v -0.007637 0.102394 0.059517
v -0.007558 0.088395 0.078405
v 0.016005 0.088561 0.078046
v -0.007637 0.102394 0.059517
v 0.016005 0.088561 0.078046
v 0.015619 0.102288 0.059668
v 0.015619 0.102288 0.059668
v 0.016005 0.088561 0.078046
v 0.038787 0.085419 0.074775
v 0.015619 0.102288 0.059668
v 0.038787 0.085419 0.074775
v 0.038031 0.098920 0.056984
v 0.038031 0.098920 0.056984
v 0.038787 0.085419 0.074775
v 0.059837 0.078855 0.068513
v 0.038031 0.098920 0.056984
v 0.059837 0.078855 0.068513
v 0.058663 0.092360 0.051096
v 0.036745 0.109085 0.038136
v 0.038031 0.098920 0.056984
v 0.058663 0.092360 0.051096
v 0.036745 0.109085 0.038136
v 0.058663 0.092360 0.051096
v 0.056010 0.102829 0.033145
v 0.035574 0.115241 0.019408
v 0.036745 0.109085 0.038136
v 0.056010 0.102829 0.033145
v 0.035574 0.115241 0.019408
v 0.056010 0.102829 0.033145
v 0.052242 0.109622 0.016274
v 0.036486 0.116949 0.001647
v 0.035574 0.115241 0.019408
v 0.052242 0.109622 0.016274
v 0.036486 0.116949 0.001647
v 0.052242 0.109622 0.016274
v 0.048698 0.112664 0.003981
v 0.018514 0.120266 -0.001665
v 0.016130 0.118672 0.018998
v 0.035574 0.115241 0.019408
v 0.018514 0.120266 -0.001665
v 0.035574 0.115241 0.019408
v 0.036486 0.116949 0.001647
v -0.002111 0.120622 -0.005325
v -0.005211 0.119029 0.016839
v 0.016130 0.118672 0.018998
v -0.002111 0.120622 -0.005325
v 0.016130 0.118672 0.018998
v 0.018514 0.120266 -0.001665
v -0.089316 0.041983 0.068839
v -0.085692 0.025396 0.081951
v -0.069167 0.034972 0.092021
v -0.089316 0.041983 0.068839
v -0.069167 0.034972 0.092021
v -0.072155 0.053044 0.079038
v -0.085692 0.025396 0.081951
v -0.080696 0.008730 0.091294
v -0.065077 0.015809 0.101090
v -0.085692 0.025396 0.081951
v -0.065077 0.015809 0.101090
v -0.069167 0.034972 0.092021
v -0.072155 0.053044 0.079038
v -0.069167 0.034972 0.092021
v -0.049592 0.042551 0.099986
v -0.072155 0.053044 0.079038
v -0.049592 0.042551 0.099986
v -0.052081 0.061680 0.086996
v -0.069167 0.034972 0.092021
v -0.065077 0.015809 0.101090
v -0.046074 0.021874 0.108983
v -0.069167 0.034972 0.092021
v -0.046074 0.021874 0.108983
v -0.049592 0.042551 0.099986
v -0.104443 0.043698 0.040923
v -0.102658 0.028514 0.056840
v -0.089316 0.041983 0.068839
v -0.104443 0.043698 0.040923
v -0.089316 0.041983 0.068839
v -0.090868 0.057672 0.053000
v -0.102658 0.028514 0.056840
v -0.098271 0.013282 0.070540
v -0.085692 0.025396 0.081951
v -0.102658 0.028514 0.056840
v -0.085692 0.025396 0.081951
v -0.089316 0.041983 0.068839
v -0.098271 0.013282 0.070540
v -0.091900 -0.000662 0.081025
v -0.080696 0.008730 0.091294
v -0.098271 0.013282 0.070540
v -0.080696 0.008730 0.091294
v -0.085692 0.025396 0.081951
v -0.091900 -0.000662 0.081025
v -0.085849 -0.010591 0.087167
v -0.076145 -0.007989 0.095651
v -0.091900 -0.000662 0.081025
v -0.076145 -0.007989 0.095651
v -0.080696 0.008730 0.091294
v -0.080696 0.008730 0.091294
v -0.076145 -0.007989 0.095651
v -0.060776 -0.004154 0.105350
v -0.080696 0.008730 0.091294
v -0.060776 -0.004154 0.105350
v -0.065077 0.015809 0.101090
v -0.065077 0.015809 0.101090
v -0.060776 -0.004154 0.105350
v -0.041884 0.000252 0.113262
v -0.065077 0.015809 0.101090
v -0.041884 0.000252 0.113262
v -0.046074 0.021874 0.108983
v -0.046074 0.021874 0.108983
v -0.041884 0.000252 0.113262
v -0.020934 0.004863 0.118451
v -0.046074 0.021874 0.108983
v -0.020934 0.004863 0.118451
v -0.024960 0.027022 0.114188
v -0.049592 0.042551 0.099986
v -0.046074 0.021874 0.108983
v -0.024960 0.027022 0.114188
v -0.049592 0.042551 0.099986
v -0.024960 0.027022 0.114188
v -0.028002 0.048248 0.105254
v -0.052081 0.061680 0.086996
v -0.049592 0.042551 0.099986
v -0.028002 0.048248 0.105254
v -0.052081 0.061680 0.086996
v -0.028002 0.048248 0.105254
v -0.030014 0.067823 0.092289
v -0.053231 0.078620 0.070734
v -0.052081 0.061680 0.086996
v -0.030014 0.067823 0.092289
v -0.053231 0.078620 0.070734
v -0.030014 0.067823 0.092289
v -0.030950 0.085034 0.075933
v -0.073500 0.069406 0.063014
v -0.072155 0.053044 0.079038
v -0.052081 0.061680 0.086996
v -0.073500 0.069406 0.063014
v -0.052081 0.061680 0.086996
v -0.053231 0.078620 0.070734
v -0.090868 0.057672 0.053000
v -0.089316 0.041983 0.068839
v -0.072155 0.053044 0.079038
v -0.090868 0.057672 0.053000
v -0.072155 0.053044 0.079038
v -0.073500 0.069406 0.063014
v -0.006884 0.071352 0.094587
v -0.005469 0.051993 0.107396
v 0.016919 0.053395 0.106479
v -0.006884 0.071352 0.094587
v 0.016919 0.053395 0.106479
v 0.016354 0.071985 0.093903
v -0.005469 0.051993 0.107396
v -0.003076 0.031076 0.116204
v 0.018194 0.033629 0.115075
v -0.005469 0.051993 0.107396
v 0.018194 0.033629 0.115075
v 0.016919 0.053395 0.106479
v 0.016354 0.071985 0.093903
v 0.016919 0.053395 0.106479
v 0.038133 0.051895 0.102747
v 0.016354 0.071985 0.093903
v 0.038133 0.051895 0.102747
v 0.038747 0.069389 0.090346
v 0.016919 0.053395 0.106479
v 0.018194 0.033629 0.115075
v 0.037545 0.034034 0.111152
v 0.016919 0.053395 0.106479
v 0.037545 0.034034 0.111152
v 0.038133 0.051895 0.102747
v -0.030950 0.085034 0.075933
v -0.030014 0.067823 0.092289
v -0.006884 0.071352 0.094587
v -0.030950 0.085034 0.075933
v -0.006884 0.071352 0.094587
v -0.007558 0.088395 0.078405
v -0.030014 0.067823 0.092289
v -0.028002 0.048248 0.105254
v -0.005469 0.051993 0.107396
v -0.030014 0.067823 0.092289
v -0.005469 0.051993 0.107396
v -0.006884 0.071352 0.094587
v -0.028002 0.048248 0.105254
v -0.024960 0.027022 0.114188
v -0.003076 0.031076 0.116204
v -0.028002 0.048248 0.105254
v -0.003076 0.031076 0.116204
v -0.005469 0.051993 0.107396
v -0.024960 0.027022 0.114188
v -0.020934 0.004863 0.118451
v 0.000590 0.009341 0.120395
v -0.024960 0.027022 0.114188
v 0.000590 0.009341 0.120395
v -0.003076 0.031076 0.116204
v -0.003076 0.031076 0.116204
v 0.000590 0.009341 0.120395
v 0.021109 0.013369 0.119102
v -0.003076 0.031076 0.116204
v 0.021109 0.013369 0.119102
v 0.018194 0.033629 0.115075
v 0.018194 0.033629 0.115075
v 0.021109 0.013369 0.119102
v 0.038921 0.016636 0.114976
v 0.018194 0.033629 0.115075
v 0.038921 0.016636 0.114976
v 0.037545 0.034034 0.111152
v 0.037545 0.034034 0.111152
v 0.038921 0.016636 0.114976
v 0.050978 0.018691 0.110147
v 0.037545 0.034034 0.111152
v 0.050978 0.018691 0.110147
v 0.054160 0.030596 0.105554
v 0.038133 0.051895 0.102747
v 0.037545 0.034034 0.111152
v 0.054160 0.030596 0.105554
v 0.038133 0.051895 0.102747
v 0.054160 0.030596 0.105554
v 0.057375 0.046591 0.096679
v 0.038747 0.069389 0.090346
v 0.038133 0.051895 0.102747
v 0.057375 0.046591 0.096679
v 0.038747 0.069389 0.090346
v 0.057375 0.046591 0.096679
v 0.059371 0.063189 0.084052
v 0.038787 0.085419 0.074775
v 0.038747 0.069389 0.090346
v 0.059371 0.063189 0.084052
v 0.038787 0.085419 0.074775
v 0.059371 0.063189 0.084052
v 0.059837 0.078855 0.068513
v 0.016005 0.088561 0.078046
v 0.016354 0.071985 0.093903
v 0.038747 0.069389 0.090346
v 0.016005 0.088561 0.078046
v 0.038747 0.069389 0.090346
v 0.038787 0.085419 0.074775
v -0.007558 0.088395 0.078405
v -0.006884 0.071352 0.094587
v 0.016354 0.071985 0.093903
v -0.007558 0.088395 0.078405
v 0.016354 0.071985 0.093903
v 0.016005 0.088561 0.078046
v 0.066053 0.102489 0.007466
v 0.072630 0.094071 0.024076
v 0.086450 0.082827 0.011878
v 0.066053 0.102489 0.007466
v 0.086450 0.082827 0.011878
v 0.077798 0.092871 -0.005165
v 0.072630 0.094071 0.024076
v 0.076695 0.082743 0.041834
v 0.091726 0.070446 0.029848
v 0.072630 0.094071 0.024076
v 0.091726 0.070446 0.029848
v 0.086450 0.082827 0.011878
v 0.077798 0.092871 -0.005165
v 0.086450 0.082827 0.011878
v 0.097382 0.069132 -0.002157
v 0.077798 0.092871 -0.005165
v 0.097382 0.069132 -0.002157
v 0.087534 0.080225 -0.019500
v 0.086450 0.082827 0.011878
v 0.091726 0.070446 0.029848
v 0.103456 0.055914 0.015988
v 0.086450 0.082827 0.011878
v 0.103456 0.055914 0.015988
v 0.097382 0.069132 -0.002157
v 0.048698 0.112664 0.003981
v 0.052242 0.109622 0.016274
v 0.066053 0.102489 0.007466
v 0.048698 0.112664 0.003981
v 0.066053 0.102489 0.007466
v 0.056191 0.108705 -0.006074
v 0.052242 0.109622 0.016274
v 0.056010 0.102829 0.033145
v 0.072630 0.094071 0.024076
v 0.052242 0.109622 0.016274
v 0.072630 0.094071 0.024076
v 0.066053 0.102489 0.007466
v 0.056010 0.102829 0.033145
v 0.058663 0.092360 0.051096
v 0.076695 0.082743 0.041834
v 0.056010 0.102829 0.033145
v 0.076695 0.082743 0.041834
v 0.072630 0.094071 0.024076
v 0.058663 0.092360 0.051096
v 0.059837 0.078855 0.068513
v 0.078303 0.068885 0.059292
v 0.058663 0.092360 0.051096
v 0.078303 0.068885 0.059292
v 0.076695 0.082743 0.041834
v 0.076695 0.082743 0.041834
v 0.078303 0.068885 0.059292
v 0.093725 0.056043 0.047593
v 0.076695 0.082743 0.041834
v 0.093725 0.056043 0.047593
v 0.091726 0.070446 0.029848
v 0.091726 0.070446 0.029848
v 0.093725 0.056043 0.047593
v 0.105740 0.040992 0.034012
v 0.091726 0.070446 0.029848
v 0.105740 0.040992 0.034012
v 0.103456 0.055914 0.015988
v 0.103456 0.055914 0.015988
v 0.105740 0.040992 0.034012
v 0.113987 0.024394 0.019143
v 0.103456 0.055914 0.015988
v 0.113987 0.024394 0.019143
v 0.111560 0.039640 0.001081
v 0.097382 0.069132 -0.002157
v 0.103456 0.055914 0.015988
v 0.111560 0.039640 0.001081
v 0.097382 0.069132 -0.002157
v 0.111560 0.039640 0.001081
v 0.105130 0.053394 -0.016943
v 0.087534 0.080225 -0.019500
v 0.097382 0.069132 -0.002157
v 0.105130 0.053394 -0.016943
v 0.087534 0.080225 -0.019500
v 0.105130 0.053394 -0.016943
v 0.094825 0.065047 -0.034193
v 0.073898 0.088821 -0.035107
v 0.087534 0.080225 -0.019500
v 0.094825 0.065047 -0.034193
v 0.073898 0.088821 -0.035107
v 0.094825 0.065047 -0.034193
v 0.080771 0.073992 -0.049938
v 0.065409 0.100646 -0.020040
v 0.077798 0.092871 -0.005165
v 0.087534 0.080225 -0.019500
v 0.065409 0.100646 -0.020040
v 0.087534 0.080225 -0.019500
v 0.073898 0.088821 -0.035107
v 0.056191 0.108705 -0.006074
v 0.066053 0.102489 0.007466
v 0.077798 0.092871 -0.005165
v 0.056191 0.108705 -0.006074
v 0.077798 0.092871 -0.005165
v 0.065409 0.100646 -0.020040
v 0.099209 0.048149 -0.048144
v 0.109362 0.036217 -0.031549
v 0.109824 0.018607 -0.045469
v 0.099209 0.048149 -0.048144
v 0.109824 0.018607 -0.045469
v 0.100408 0.030751 -0.060636
v 0.109362 0.036217 -0.031549
v 0.115729 0.022196 -0.014120
v 0.115759 0.004417 -0.029114
v 0.109362 0.036217 -0.031549
v 0.115759 0.004417 -0.029114
v 0.109824 0.018607 -0.045469
v 0.100408 0.030751 -0.060636
v 0.109824 0.018607 -0.045469
v 0.106252 0.001698 -0.058411
v 0.100408 0.030751 -0.060636
v 0.106252 0.001698 -0.058411
v 0.098158 0.014282 -0.071301
v 0.109824 0.018607 -0.045469
v 0.115759 0.004417 -0.029114
v 0.111467 -0.012791 -0.043476
v 0.109824 0.018607 -0.045469
v 0.111467 -0.012791 -0.043476
v 0.106252 0.001698 -0.058411
v 0.080771 0.073992 -0.049938
v 0.094825 0.065047 -0.034193
v 0.099209 0.048149 -0.048144
v 0.080771 0.073992 -0.049938
v 0.099209 0.048149 -0.048144
v 0.085431 0.057135 -0.063401
v 0.094825 0.065047 -0.034193
v 0.105130 0.053394 -0.016943
v 0.109362 0.036217 -0.031549
v 0.094825 0.065047 -0.034193
v 0.109362 0.036217 -0.031549
v 0.099209 0.048149 -0.048144
v 0.105130 0.053394 -0.016943
v 0.111560 0.039640 0.001081
v 0.115729 0.022196 -0.014120
v 0.105130 0.053394 -0.016943
v 0.115729 0.022196 -0.014120
v 0.109362 0.036217 -0.031549
v 0.111560 0.039640 0.001081
v 0.113987 0.024394 0.019143
v 0.118141 0.006920 0.003587
v 0.111560 0.039640 0.001081
v 0.118141 0.006920 0.003587
v 0.115729 0.022196 -0.014120
v 0.115729 0.022196 -0.014120
v 0.118141 0.006920 0.003587
v 0.118027 -0.010727 -0.012031
v 0.115729 0.022196 -0.014120
v 0.118027 -0.010727 -0.012031
v 0.115759 0.004417 -0.029114
v 0.115759 0.004417 -0.029114
v 0.118027 -0.010727 -0.012031
v 0.113507 -0.027837 -0.027078
v 0.115759 0.004417 -0.029114
v 0.113507 -0.027837 -0.027078
v 0.111467 -0.012791 -0.043476
v 0.111467 -0.012791 -0.043476
v 0.113507 -0.027837 -0.027078
v 0.104443 -0.043698 -0.040923
v 0.111467 -0.012791 -0.043476
v 0.104443 -0.043698 -0.040923
v 0.102658 -0.028514 -0.056840
v 0.106252 0.001698 -0.058411
v 0.111467 -0.012791 -0.043476
v 0.102658 -0.028514 -0.056840
v 0.106252 0.001698 -0.058411
v 0.102658 -0.028514 -0.056840
v 0.098271 -0.013282 -0.070540
v 0.098158 0.014282 -0.071301
v 0.106252 0.001698 -0.058411
v 0.098271 -0.013282 -0.070540
v 0.098158 0.014282 -0.071301
v 0.098271 -0.013282 -0.070540
v 0.091900 0.000662 -0.081024
v 0.087434 0.022866 -0.082725
v 0.098158 0.014282 -0.071301
v 0.091900 0.000662 -0.081024
v 0.087434 0.022866 -0.082725
v 0.091900 0.000662 -0.081024
v 0.085850 0.010591 -0.087167
v 0.087643 0.039560 -0.074587
v 0.100408 0.030751 -0.060636
v 0.098158 0.014282 -0.071301
v 0.087643 0.039560 -0.074587
v 0.098158 0.014282 -0.071301
v 0.087434 0.022866 -0.082725
v 0.085431 0.057135 -0.063401
v 0.099209 0.048149 -0.048144
v 0.100408 0.030751 -0.060636
v 0.085431 0.057135 -0.063401
v 0.100408 0.030751 -0.060636
v 0.087643 0.039560 -0.074587
v 0.077412 0.053212 0.075197
v 0.074018 0.036881 0.088686
v 0.087885 0.023704 0.078673
v 0.077412 0.053212 0.075197
v 0.087885 0.023704 0.078673
v 0.092461 0.040143 0.064083
v 0.074018 0.036881 0.088686
v 0.068023 0.021282 0.099210
v 0.079862 0.007828 0.090912
v 0.074018 0.036881 0.088686
v 0.079862 0.007828 0.090912
v 0.087885 0.023704 0.078673
v 0.092461 0.040143 0.064083
v 0.087885 0.023704 0.078673
v 0.098857 0.008344 0.066519
v 0.092461 0.040143 0.064083
v 0.098857 0.008344 0.066519
v 0.104210 0.024872 0.051058
v 0.087885 0.023704 0.078673
v 0.079862 0.007828 0.090912
v 0.089669 -0.007728 0.079865
v 0.087885 0.023704 0.078673
v 0.089669 -0.007728 0.079865
v 0.098857 0.008344 0.066519
v 0.059837 0.078855 0.068513
v 0.059371 0.063189 0.084052
v 0.077412 0.053212 0.075197
v 0.059837 0.078855 0.068513
v 0.077412 0.053212 0.075197
v 0.078303 0.068885 0.059292
v 0.059371 0.063189 0.084052
v 0.057375 0.046591 0.096679
v 0.074018 0.036881 0.088686
v 0.059371 0.063189 0.084052
v 0.074018 0.036881 0.088686
v 0.077412 0.053212 0.075197
v 0.057375 0.046591 0.096679
v 0.054160 0.030596 0.105554
v 0.068023 0.021282 0.099210
v 0.057375 0.046591 0.096679
v 0.068023 0.021282 0.099210
v 0.074018 0.036881 0.088686
v 0.054160 0.030596 0.105554
v 0.050978 0.018691 0.110147
v 0.058626 0.008392 0.107255
v 0.054160 0.030596 0.105554
v 0.058626 0.008392 0.107255
v 0.068023 0.021282 0.099210
v 0.068023 0.021282 0.099210
v 0.058626 0.008392 0.107255
v 0.068003 -0.006251 0.100727
v 0.068023 0.021282 0.099210
v 0.068003 -0.006251 0.100727
v 0.079862 0.007828 0.090912
v 0.079862 0.007828 0.090912
v 0.068003 -0.006251 0.100727
v 0.076599 -0.022460 0.090613
v 0.079862 0.007828 0.090912
v 0.076599 -0.022460 0.090613
v 0.089669 -0.007728 0.079865
v 0.089669 -0.007728 0.079865
v 0.076599 -0.022460 0.090613
v 0.083509 -0.038835 0.077528
v 0.089669 -0.007728 0.079865
v 0.083509 -0.038835 0.077528
v 0.096986 -0.023999 0.066407
v 0.098857 0.008344 0.066519
v 0.089669 -0.007728 0.079865
v 0.096986 -0.023999 0.066407
v 0.098857 0.008344 0.066519
v 0.096986 -0.023999 0.066407
v 0.106622 -0.008078 0.052505
v 0.104210 0.024872 0.051058
v 0.098857 0.008344 0.066519
v 0.106622 -0.008078 0.052505
v 0.104210 0.024872 0.051058
v 0.106622 -0.008078 0.052505
v 0.112321 0.008272 0.036519
v 0.105740 0.040992 0.034012
v 0.104210 0.024872 0.051058
v 0.112321 0.008272 0.036519
v 0.105740 0.040992 0.034012
v 0.112321 0.008272 0.036519
v 0.113987 0.024394 0.019143
v 0.093725 0.056043 0.047593
v 0.092461 0.040143 0.064083
v 0.104210 0.024872 0.051058
v 0.093725 0.056043 0.047593
v 0.104210 0.024872 0.051058
v 0.105740 0.040992 0.034012
v 0.078303 0.068885 0.059292
v 0.077412 0.053212 0.075197
v 0.092461 0.040143 0.064083
v 0.078303 0.068885 0.059292
v 0.092461 0.040143 0.064083
v 0.093725 0.056043 0.047593
v 0.116482 -0.008846 0.020949
v 0.110838 -0.024572 0.037126
v 0.111259 -0.040516 0.021326
v 0.116482 -0.008846 0.020949
v 0.111259 -0.040516 0.021326
v 0.116494 -0.025886 0.005121
v 0.110838 -0.024572 0.037126
v 0.101344 -0.039804 0.051221
v 0.102472 -0.054292 0.035441
v 0.110838 -0.024572 0.037126
v 0.102472 -0.054292 0.035441
v 0.111259 -0.040516 0.021326
v 0.116494 -0.025886 0.005121
v 0.111259 -0.040516 0.021326
v 0.107640 -0.055492 0.006200
v 0.116494 -0.025886 0.005121
v 0.107640 -0.055492 0.006200
v 0.112184 -0.042322 -0.010113
v 0.111259 -0.040516 0.021326
v 0.102472 -0.054292 0.035441
v 0.100129 -0.066926 0.020443
v 0.111259 -0.040516 0.021326
v 0.100129 -0.066926 0.020443
v 0.107640 -0.055492 0.006200
v 0.113987 0.024394 0.019143
v 0.112321 0.008272 0.036519
v 0.116482 -0.008846 0.020949
v 0.113987 0.024394 0.019143
v 0.116482 -0.008846 0.020949
v 0.118141 0.006920 0.003587
v 0.112321 0.008272 0.036519
v 0.106622 -0.008078 0.052505
v 0.110838 -0.024572 0.037126
v 0.112321 0.008272 0.036519
v 0.110838 -0.024572 0.037126
v 0.116482 -0.008846 0.020949
v 0.106622 -0.008078 0.052505
v 0.096986 -0.023999 0.066407
v 0.101344 -0.039804 0.051221
v 0.106622 -0.008078 0.052505
v 0.101344 -0.039804 0.051221
v 0.110838 -0.024572 0.037126
v 0.096986 -0.023999 0.066407
v 0.083509 -0.038835 0.077528
v 0.088131 -0.054146 0.062319
v 0.096986 -0.023999 0.066407
v 0.088131 -0.054146 0.062319
v 0.101344 -0.039804 0.051221
v 0.101344 -0.039804 0.051221
v 0.088131 -0.054146 0.062319
v 0.090237 -0.067337 0.046180
v 0.101344 -0.039804 0.051221
v 0.090237 -0.067337 0.046180
v 0.102472 -0.054292 0.035441
v 0.102472 -0.054292 0.035441
v 0.090237 -0.067337 0.046180
v 0.089869 -0.077447 0.030604
v 0.102472 -0.054292 0.035441
v 0.089869 -0.077447 0.030604
v 0.100129 -0.066926 0.020443
v 0.100129 -0.066926 0.020443
v 0.089869 -0.077447 0.030604
v 0.088130 -0.083382 0.018998
v 0.100129 -0.066926 0.020443
v 0.088130 -0.083382 0.018998
v 0.093818 -0.078365 0.008256
v 0.107640 -0.055492 0.006200
v 0.100129 -0.066926 0.020443
v 0.093818 -0.078365 0.008256
v 0.107640 -0.055492 0.006200
v 0.093818 -0.078365 0.008256
v 0.099636 -0.069520 -0.007005
v 0.112184 -0.042322 -0.010113
v 0.107640 -0.055492 0.006200
v 0.099636 -0.069520 -0.007005
v 0.112184 -0.042322 -0.010113
v 0.099636 -0.069520 -0.007005
v 0.103366 -0.057685 -0.023884
v 0.113507 -0.027837 -0.027078
v 0.112184 -0.042322 -0.010113
v 0.103366 -0.057685 -0.023884
v 0.113507 -0.027837 -0.027078
v 0.103366 -0.057685 -0.023884
v 0.104443 -0.043698 -0.040923
v 0.118027 -0.010727 -0.012031
v 0.116494 -0.025886 0.005121
v 0.112184 -0.042322 -0.010113
v 0.118027 -0.010727 -0.012031
v 0.112184 -0.042322 -0.010113
v 0.113507 -0.027837 -0.027078
v 0.118141 0.006920 0.003587
v 0.116482 -0.008846 0.020949
v 0.116494 -0.025886 0.005121
v 0.118141 0.006920 0.003587
v 0.116494 -0.025886 0.005121
v 0.118027 -0.010727 -0.012031
v 0.080696 -0.008730 -0.091294
v 0.085692 -0.025396 -0.081951
v 0.069167 -0.034972 -0.092021
v 0.080696 -0.008730 -0.091294
v 0.069167 -0.034972 -0.092021
v 0.065077 -0.015809 -0.101090
v 0.085692 -0.025396 -0.081951
v 0.089316 -0.041983 -0.068839
v 0.072156 -0.053044 -0.079038
v 0.085692 -0.025396 -0.081951
v 0.072156 -0.053044 -0.079038
v 0.069167 -0.034972 -0.092021
v 0.065077 -0.015809 -0.101090
v 0.069167 -0.034972 -0.092021
v 0.049592 -0.042550 -0.099986
v 0.065077 -0.015809 -0.101090
v 0.049592 -0.042550 -0.099986
v 0.046074 -0.021874 -0.108983
v 0.069167 -0.034972 -0.092021
v 0.072156 -0.053044 -0.079038
v 0.052082 -0.061680 -0.086996
v 0.069167 -0.034972 -0.092021
v 0.052082 -0.061680 -0.086996
v 0.049592 -0.042550 -0.099986
v 0.085850 0.010591 -0.087167
v 0.091900 0.000662 -0.081024
v 0.080696 -0.008730 -0.091294
v 0.085850 0.010591 -0.087167
v 0.080696 -0.008730 -0.091294
v 0.076145 0.007989 -0.095651
v 0.091900 0.000662 -0.081024
v 0.098271 -0.013282 -0.070540
v 0.085692 -0.025396 -0.081951
v 0.091900 0.000662 -0.081024
v 0.085692 -0.025396 -0.081951
v 0.080696 -0.008730 -0.091294
v 0.098271 -0.013282 -0.070540
v 0.102658 -0.028514 -0.056840
v 0.089316 -0.041983 -0.068839
v 0.098271 -0.013282 -0.070540
v 0.089316 -0.041983 -0.068839
v 0.085692 -0.025396 -0.081951
v 0.102658 -0.028514 -0.056840
v 0.104443 -0.043698 -0.040923
v 0.090868 -0.057672 -0.053000
v 0.102658 -0.028514 -0.056840
v 0.090868 -0.057672 -0.053000
v 0.089316 -0.041983 -0.068839
v 0.089316 -0.041983 -0.068839
v 0.090868 -0.057672 -0.053000
v 0.073501 -0.069406 -0.063014
v 0.089316 -0.041983 -0.068839
v 0.073501 -0.069406 -0.063014
v 0.072156 -0.053044 -0.079038
v 0.072156 -0.053044 -0.079038
v 0.073501 -0.069406 -0.063014
v 0.053231 -0.078620 -0.070734
v 0.072156 -0.053044 -0.079038
v 0.053231 -0.078620 -0.070734
v 0.052082 -0.061680 -0.086996
v 0.052082 -0.061680 -0.086996
v 0.053231 -0.078620 -0.070734
v 0.030950 -0.085034 -0.075933
v 0.052082 -0.061680 -0.086996
v 0.030950 -0.085034 -0.075933
v 0.030014 -0.067823 -0.092289
v 0.049592 -0.042550 -0.099986
v 0.052082 -0.061680 -0.086996
v 0.030014 -0.067823 -0.092289
v 0.049592 -0.042550 -0.099986
v 0.030014 -0.067823 -0.092289
v 0.028002 -0.048247 -0.105254
v 0.046074 -0.021874 -0.108983
v 0.049592 -0.042550 -0.099986
v 0.028002 -0.048247 -0.105254
v 0.046074 -0.021874 -0.108983
v 0.028002 -0.048247 -0.105254
v 0.024960 -0.027022 -0.114188
v 0.041884 -0.000251 -0.113262
v 0.046074 -0.021874 -0.108983
v 0.024960 -0.027022 -0.114188
v 0.041884 -0.000251 -0.113262
v 0.024960 -0.027022 -0.114188
v 0.020934 -0.004863 -0.118451
v 0.060776 0.004155 -0.105350
v 0.065077 -0.015809 -0.101090
v 0.046074 -0.021874 -0.108983
v 0.060776 0.004155 -0.105350
v 0.046074 -0.021874 -0.108983
v 0.041884 -0.000251 -0.113262
v 0.076145 0.007989 -0.095651
v 0.080696 -0.008730 -0.091294
v 0.065077 -0.015809 -0.101090
v 0.076145 0.007989 -0.095651
v 0.065077 -0.015809 -0.101090
v 0.060776 0.004155 -0.105350
v 0.003076 -0.031076 -0.116204
v 0.005470 -0.051993 -0.107396
v -0.016919 -0.053395 -0.106479
v 0.003076 -0.031076 -0.116204
v -0.016919 -0.053395 -0.106479
v -0.018193 -0.033629 -0.115075
v 0.005470 -0.051993 -0.107396
v 0.006884 -0.071352 -0.094586
v -0.016354 -0.071985 -0.093903
v 0.005470 -0.051993 -0.107396
v -0.016354 -0.071985 -0.093903
v -0.016919 -0.053395 -0.106479
v -0.018193 -0.033629 -0.115075
v -0.016919 -0.053395 -0.106479
v -0.038133 -0.051895 -0.102747
v -0.018193 -0.033629 -0.115075
v -0.038133 -0.051895 -0.102747
v -0.037545 -0.034034 -0.111152
v -0.016919 -0.053395 -0.106479
v -0.016354 -0.071985 -0.093903
v -0.038747 -0.069389 -0.090346
v -0.016919 -0.053395 -0.106479
v -0.038747 -0.069389 -0.090346
v -0.038133 -0.051895 -0.102747
v 0.020934 -0.004863 -0.118451
v 0.024960 -0.027022 -0.114188
v 0.003076 -0.031076 -0.116204
v 0.020934 -0.004863 -0.118451
v 0.003076 -0.031076 -0.116204
v -0.000590 -0.009341 -0.120395
v 0.024960 -0.027022 -0.114188
v 0.028002 -0.048247 -0.105254
v 0.005470 -0.051993 -0.107396
v 0.024960 -0.027022 -0.114188
v 0.005470 -0.051993 -0.107396
v 0.003076 -0.031076 -0.116204
v 0.028002 -0.048247 -0.105254
v 0.030014 -0.067823 -0.092289
v 0.006884 -0.071352 -0.094586
v 0.028002 -0.048247 -0.105254
v 0.006884 -0.071352 -0.094586
v 0.005470 -0.051993 -0.107396
v 0.030014 -0.067823 -0.092289
v 0.030950 -0.085034 -0.075933
v 0.007558 -0.088395 -0.078405
v 0.030014 -0.067823 -0.092289
v 0.007558 -0.088395 -0.078405
v 0.006884 -0.071352 -0.094586
v 0.006884 -0.071352 -0.094586
v 0.007558 -0.088395 -0.078405
v -0.016005 -0.088561 -0.078046
v 0.006884 -0.071352 -0.094586
v -0.016005 -0.088561 -0.078046
v -0.016354 -0.071985 -0.093903
v -0.016354 -0.071985 -0.093903
v -0.016005 -0.088561 -0.078046
v -0.038787 -0.085419 -0.074775
v -0.016354 -0.071985 -0.093903
v -0.038787 -0.085419 -0.074775
v -0.038747 -0.069389 -0.090346
v -0.038747 -0.069389 -0.090346
v -0.038787 -0.085419 -0.074775
v -0.059837 -0.078855 -0.068513
v -0.038747 -0.069389 -0.090346
v -0.059837 -0.078855 -0.068513
v -0.059371 -0.063189 -0.084052
v -0.038133 -0.051895 -0.102747
v -0.038747 -0.069389 -0.090346
v -0.059371 -0.063189 -0.084052
v -0.038133 -0.051895 -0.102747
v -0.059371 -0.063189 -0.084052
v -0.057374 -0.046591 -0.096679
v -0.037545 -0.034034 -0.111152
v -0.038133 -0.051895 -0.102747
v -0.057374 -0.046591 -0.096679
v -0.037545 -0.034034 -0.111152
v -0.057374 -0.046591 -0.096679
v -0.054159 -0.030595 -0.105554
v -0.038921 -0.016636 -0.114976
v -0.037545 -0.034034 -0.111152
v -0.054159 -0.030595 -0.105554
v -0.038921 -0.016636 -0.114976
v -0.054159 -0.030595 -0.105554
v -0.050978 -0.018691 -0.110147
v -0.021108 -0.013369 -0.119101
v -0.018193 -0.033629 -0.115075
v -0.037545 -0.034034 -0.111152
v -0.021108 -0.013369 -0.119101
v -0.037545 -0.034034 -0.111152
v -0.038921 -0.016636 -0.114976
v -0.000590 -0.009341 -0.120395
v 0.003076 -0.031076 -0.116204
v -0.018193 -0.033629 -0.115075
v -0.000590 -0.009341 -0.120395
v -0.018193 -0.033629 -0.115075
v -0.021108 -0.013369 -0.119101
v 0.090032 -0.071514 -0.035476
v 0.087080 -0.082586 -0.017341
v 0.070602 -0.094096 -0.025226
v 0.090032 -0.071514 -0.035476
v 0.070602 -0.094096 -0.025226
v 0.072891 -0.083347 -0.044803
v 0.087080 -0.082586 -0.017341
v 0.082667 -0.089937 0.000450
v 0.067141 -0.100852 -0.005013
v 0.087080 -0.082586 -0.017341
v 0.067141 -0.100852 -0.005013
v 0.070602 -0.094096 -0.025226
v 0.072891 -0.083347 -0.044803
v 0.070602 -0.094096 -0.025226
v 0.051067 -0.103339 -0.031310
v 0.072891 -0.083347 -0.044803
v 0.051067 -0.103339 -0.031310
v 0.052835 -0.092721 -0.051926
v 0.070602 -0.094096 -0.025226
v 0.067141 -0.100852 -0.005013
v 0.048209 -0.109827 -0.009618
v 0.070602 -0.094096 -0.025226
v 0.048209 -0.109827 -0.009618
v 0.051067 -0.103339 -0.031310
v 0.104443 -0.043698 -0.040923
v 0.103366 -0.057685 -0.023884
v 0.090032 -0.071514 -0.035476
v 0.104443 -0.043698 -0.040923
v 0.090032 -0.071514 -0.035476
v 0.090868 -0.057672 -0.053000
v 0.103366 -0.057685 -0.023884
v 0.099636 -0.069520 -0.007005
v 0.087080 -0.082586 -0.017341
v 0.103366 -0.057685 -0.023884
v 0.087080 -0.082586 -0.017341
v 0.090032 -0.071514 -0.035476
v 0.099636 -0.069520 -0.007005
v 0.093818 -0.078365 0.008256
v 0.082667 -0.089937 0.000450
v 0.099636 -0.069520 -0.007005
v 0.082667 -0.089937 0.000450
v 0.087080 -0.082586 -0.017341
v 0.093818 -0.078365 0.008256
v 0.088130 -0.083382 0.018998
v 0.078580 -0.092324 0.017678
v 0.093818 -0.078365 0.008256
v 0.078580 -0.092324 0.017678
v 0.082667 -0.089937 0.000450
v 0.082667 -0.089937 0.000450
v 0.078580 -0.092324 0.017678
v 0.063370 -0.102742 0.015417
v 0.082667 -0.089937 0.000450
v 0.063370 -0.102742 0.015417
v 0.067141 -0.100852 -0.005013
v 0.067141 -0.100852 -0.005013
v 0.063370 -0.102742 0.015417
v 0.044585 -0.111533 0.012458
v 0.067141 -0.100852 -0.005013
v 0.044585 -0.111533 0.012458
v 0.048209 -0.109827 -0.009618
v 0.048209 -0.109827 -0.009618
v 0.044585 -0.111533 0.012458
v 0.023672 -0.117690 0.009015
v 0.048209 -0.109827 -0.009618
v 0.023672 -0.117690 0.009015
v 0.027121 -0.116068 -0.013588
v 0.051067 -0.103339 -0.031310
v 0.048209 -0.109827 -0.009618
v 0.027121 -0.116068 -0.013588
v 0.051067 -0.103339 -0.031310
v 0.027121 -0.116068 -0.013588
v 0.029494 -0.109719 -0.035806
v 0.052835 -0.092721 -0.051926
v 0.051067 -0.103339 -0.031310
v 0.029494 -0.109719 -0.035806
v 0.052835 -0.092721 -0.051926
v 0.029494 -0.109719 -0.035806
v 0.030775 -0.099192 -0.056851
v 0.053231 -0.078620 -0.070734
v 0.052835 -0.092721 -0.051926
v 0.030775 -0.099192 -0.056851
v 0.053231 -0.078620 -0.070734
v 0.030775 -0.099192 -0.056851
v 0.030950 -0.085034 -0.075933
v 0.073501 -0.069406 -0.063014
v 0.072891 -0.083347 -0.044803
v 0.052835 -0.092721 -0.051926
v 0.073501 -0.069406 -0.063014
v 0.052835 -0.092721 -0.051926
v 0.053231 -0.078620 -0.070734
v 0.090868 -0.057672 -0.053000
v 0.090032 -0.071514 -0.035476
v 0.072891 -0.083347 -0.044803
v 0.090868 -0.057672 -0.053000
v 0.072891 -0.083347 -0.044803
v 0.073501 -0.069406 -0.063014
v 0.007637 -0.102394 -0.059517
v 0.006945 -0.112781 -0.038720
v -0.015484 -0.112518 -0.039684
v 0.007637 -0.102394 -0.059517
v -0.015484 -0.112518 -0.039684
v -0.015619 -0.102288 -0.059668
v 0.006945 -0.112781 -0.038720
v 0.005211 -0.119029 -0.016839
v -0.016129 -0.118672 -0.018998
v 0.006945 -0.112781 -0.038720
v -0.016129 -0.118672 -0.018998
v -0.015484 -0.112518 -0.039684
v -0.015619 -0.102288 -0.059668
v -0.015484 -0.112518 -0.039684
v -0.036745 -0.109085 -0.038136
v -0.015619 -0.102288 -0.059668
v -0.036745 -0.109085 -0.038136
v -0.038030 -0.098920 -0.056983
v -0.015484 -0.112518 -0.039684
v -0.016129 -0.118672 -0.018998
v -0.035574 -0.115241 -0.019408
v -0.015484 -0.112518 -0.039684
v -0.035574 -0.115241 -0.019408
v -0.036745 -0.109085 -0.038136
v 0.030950 -0.085034 -0.075933
v 0.030775 -0.099192 -0.056851
v 0.007637 -0.102394 -0.059517
v 0.030950 -0.085034 -0.075933
v 0.007637 -0.102394 -0.059517
v 0.007558 -0.088395 -0.078405
v 0.030775 -0.099192 -0.056851
v 0.029494 -0.109719 -0.035806
v 0.006945 -0.112781 -0.038720
v 0.030775 -0.099192 -0.056851
v 0.006945 -0.112781 -0.038720
v 0.007637 -0.102394 -0.059517
v 0.029494 -0.109719 -0.035806
v 0.027121 -0.116068 -0.013588
v 0.005211 -0.119029 -0.016839
v 0.029494 -0.109719 -0.035806
v 0.005211 -0.119029 -0.016839
v 0.006945 -0.112781 -0.038720
v 0.027121 -0.116068 -0.013588
v 0.023672 -0.117690 0.009015
v 0.002111 -0.120622 0.005325
v 0.027121 -0.116068 -0.013588
v 0.002111 -0.120622 0.005325
v 0.005211 -0.119029 -0.016839
v 0.005211 -0.119029 -0.016839
v 0.002111 -0.120622 0.005325
v -0.018514 -0.120266 0.001665
v 0.005211 -0.119029 -0.016839
v -0.018514 -0.120266 0.001665
v -0.016129 -0.118672 -0.018998
v -0.016129 -0.118672 -0.018998
v -0.018514 -0.120266 0.001665
v -0.036486 -0.116949 -0.001647
v -0.016129 -0.118672 -0.018998
v -0.036486 -0.116949 -0.001647
v -0.035574 -0.115241 -0.019408
v -0.035574 -0.115241 -0.019408
v -0.036486 -0.116949 -0.001647
v -0.048697 -0.112664 -0.003981
v -0.035574 -0.115241 -0.019408
v -0.048697 -0.112664 -0.003981
v -0.052241 -0.109622 -0.016274
v -0.036745 -0.109085 -0.038136
v -0.035574 -0.115241 -0.019408
v -0.052241 -0.109622 -0.016274
v -0.036745 -0.109085 -0.038136
v -0.052241 -0.109622 -0.016274
v -0.056009 -0.102829 -0.033145
v -0.038030 -0.098920 -0.056983
v -0.036745 -0.109085 -0.038136
v -0.056009 -0.102829 -0.033145
v -0.038030 -0.098920 -0.056983
v -0.056009 -0.102829 -0.033145
v -0.058663 -0.092360 -0.051096
v -0.038787 -0.085419 -0.074775
v -0.038030 -0.098920 -0.056983
v -0.058663 -0.092360 -0.051096
v -0.038787 -0.085419 -0.074775
v -0.058663 -0.092360 -0.051096
v -0.059837 -0.078855 -0.068513
v -0.016005 -0.088561 -0.078046
v -0.015619 -0.102288 -0.059668
v -0.038030 -0.098920 -0.056983
v -0.016005 -0.088561 -0.078046
v -0.038030 -0.098920 -0.056983
v -0.038787 -0.085419 -0.074775
v 0.007558 -0.088395 -0.078405
v 0.007637 -0.102394 -0.059517
v -0.015619 -0.102288 -0.059668
v 0.007558 -0.088395 -0.078405
v -0.015619 -0.102288 -0.059668
v -0.016005 -0.088561 -0.078046
v 0.073788 0.025615 -0.093925
v 0.056944 0.024628 -0.104187
v 0.053083 0.044994 -0.098146
v 0.073788 0.025615 -0.093925
v 0.053083 0.044994 -0.098146
v 0.071715 0.044094 -0.087274
v 0.056944 0.024628 -0.104187
v 0.037311 0.021694 -0.112320
v 0.032342 0.043209 -0.106555
v 0.056944 0.024628 -0.104187
v 0.032342 0.043209 -0.106555
v 0.053083 0.044994 -0.098146
v 0.071715 0.044094 -0.087274
v 0.053083 0.044994 -0.098146
v 0.048510 0.064516 -0.088044
v 0.071715 0.044094 -0.087274
v 0.048510 0.064516 -0.088044
v 0.068295 0.062525 -0.076844
v 0.053083 0.044994 -0.098146
v 0.032342 0.043209 -0.106555
v 0.026902 0.063504 -0.096585
v 0.053083 0.044994 -0.098146
v 0.026902 0.063504 -0.096585
v 0.048510 0.064516 -0.088044
v 0.085850 0.010591 -0.087167
v 0.076145 0.007989 -0.095651
v 0.073788 0.025615 -0.093925
v 0.085850 0.010591 -0.087167
v 0.073788 0.025615 -0.093925
v 0.087434 0.022866 -0.082725
v 0.076145 0.007989 -0.095651
v 0.060776 0.004155 -0.105350
v 0.056944 0.024628 -0.104187
v 0.076145 0.007989 -0.095651
v 0.056944 0.024628 -0.104187
v 0.073788 0.025615 -0.093925
v 0.060776 0.004155 -0.105350
v 0.041884 -0.000251 -0.113262
v 0.037311 0.021694 -0.112320
v 0.060776 0.004155 -0.105350
v 0.037311 0.021694 -0.112320
v 0.056944 0.024628 -0.104187
v 0.041884 -0.000251 -0.113262
v 0.020934 -0.004863 -0.118451
v 0.016004 0.017506 -0.117599
v 0.041884 -0.000251 -0.113262
v 0.016004 0.017506 -0.117599
v 0.037311 0.021694 -0.112320
v 0.037311 0.021694 -0.112320
v 0.016004 0.017506 -0.117599
v 0.010387 0.039330 -0.111962
v 0.037311 0.021694 -0.112320
v 0.010387 0.039330 -0.111962
v 0.032342 0.043209 -0.106555
v 0.032342 0.043209 -0.106555
v 0.010387 0.039330 -0.111962
v 0.004335 0.059844 -0.102068
v 0.032342 0.043209 -0.106555
v 0.004335 0.059844 -0.102068
v 0.026902 0.063504 -0.096585
v 0.026902 0.063504 -0.096585
v 0.004335 0.059844 -0.102068
v -0.001900 0.078286 -0.088443
v 0.026902 0.063504 -0.096585
v -0.001900 0.078286 -0.088443
v 0.020971 0.081768 -0.083020
v 0.048510 0.064516 -0.088044
v 0.026902 0.063504 -0.096585
v 0.020971 0.081768 -0.083020
v 0.048510 0.064516 -0.088044
v 0.020971 0.081768 -0.083020
v 0.042988 0.082293 -0.074634
v 0.068295 0.062525 -0.076844
v 0.048510 0.064516 -0.088044
v 0.042988 0.082293 -0.074634
v 0.068295 0.062525 -0.076844
v 0.042988 0.082293 -0.074634
v 0.063229 0.079741 -0.063526
v 0.085431 0.057135 -0.063401
v 0.068295 0.062525 -0.076844
v 0.063229 0.079741 -0.063526
v 0.085431 0.057135 -0.063401
v 0.063229 0.079741 -0.063526
v 0.080771 0.073992 -0.049938
v 0.087643 0.039560 -0.074587
v 0.071715 0.044094 -0.087274
v 0.068295 0.062525 -0.076844
v 0.087643 0.039560 -0.074587
v 0.068295 0.062525 -0.076844
v 0.085431 0.057135 -0.063401
v 0.087434 0.022866 -0.082725
v 0.073788 0.025615 -0.093925
v 0.071715 0.044094 -0.087274
v 0.087434 0.022866 -0.082725
v 0.071715 0.044094 -0.087274
v 0.087643 0.039560 -0.074587
v 0.056620 0.094602 -0.048201
v 0.036530 0.097431 -0.058651
v 0.029708 0.109214 -0.040800
v 0.056620 0.094602 -0.048201
v 0.029708 0.109214 -0.040800
v 0.049105 0.106214 -0.031803
v 0.036530 0.097431 -0.058651
v 0.014630 0.097222 -0.066476
v 0.008310 0.109238 -0.047594
v 0.036530 0.097431 -0.058651
v 0.008310 0.109238 -0.047594
v 0.029708 0.109214 -0.040800
v 0.049105 0.106214 -0.031803
v 0.029708 0.109214 -0.040800
v 0.023322 0.117001 -0.021701
v 0.049105 0.106214 -0.031803
v 0.023322 0.117001 -0.021701
v 0.041683 0.113822 -0.015158
v 0.029708 0.109214 -0.040800
v 0.008310 0.109238 -0.047594
v 0.002539 0.117229 -0.027011
v 0.029708 0.109214 -0.040800
v 0.002539 0.117229 -0.027011
v 0.023322 0.117001 -0.021701
v 0.080771 0.073992 -0.049938
v 0.063229 0.079741 -0.063526
v 0.056620 0.094602 -0.048201
v 0.080771 0.073992 -0.049938
v 0.056620 0.094602 -0.048201
v 0.073898 0.088821 -0.035107
v 0.063229 0.079741 -0.063526
v 0.042988 0.082293 -0.074634
v 0.036530 0.097431 -0.058651
v 0.063229 0.079741 -0.063526
v 0.036530 0.097431 -0.058651
v 0.056620 0.094602 -0.048201
v 0.042988 0.082293 -0.074634
v 0.020971 0.081768 -0.083020
v 0.014630 0.097222 -0.066476
v 0.042988 0.082293 -0.074634
v 0.014630 0.097222 -0.066476
v 0.036530 0.097431 -0.058651
v 0.020971 0.081768 -0.083020
v -0.001900 0.078286 -0.088443
v -0.008066 0.093916 -0.071643
v 0.020971 0.081768 -0.083020
v -0.008066 0.093916 -0.071643
v 0.014630 0.097222 -0.066476
v 0.014630 0.097222 -0.066476
v -0.008066 0.093916 -0.071643
v -0.013916 0.106101 -0.052338
v 0.014630 0.097222 -0.066476
v -0.013916 0.106101 -0.052338
v 0.008310 0.109238 -0.047594
v 0.008310 0.109238 -0.047594
v -0.013916 0.106101 -0.052338
v -0.019201 0.114229 -0.031229
v 0.008310 0.109238 -0.047594
v -0.019201 0.114229 -0.031229
v 0.002539 0.117229 -0.027011
v 0.002539 0.117229 -0.027011
v -0.019201 0.114229 -0.031229
v -0.023672 0.117690 -0.009015
v 0.002539 0.117229 -0.027011
v -0.023672 0.117690 -0.009015
v -0.002111 0.120622 -0.005325
v 0.023322 0.117001 -0.021701
v 0.002539 0.117229 -0.027011
v -0.002111 0.120622 -0.005325
v 0.023322 0.117001 -0.021701
v -0.002111 0.120622 -0.005325
v 0.018514 0.120266 -0.001665
v 0.041683 0.113822 -0.015158
v 0.023322 0.117001 -0.021701
v 0.018514 0.120266 -0.001665
v 0.041683 0.113822 -0.015158
v 0.018514 0.120266 -0.001665
v 0.036486 0.116949 0.001647
v 0.056191 0.108705 -0.006074
v 0.041683 0.113822 -0.015158
v 0.036486 0.116949 0.001647
v 0.056191 0.108705 -0.006074
v 0.036486 0.116949 0.001647
v 0.048698 0.112664 0.003981
v 0.065409 0.100646 -0.020040
v 0.049105 0.106214 -0.031803
v 0.041683 0.113822 -0.015158
v 0.065409 0.100646 -0.020040
v 0.041683 0.113822 -0.015158
v 0.056191 0.108705 -0.006074
v 0.073898 0.088821 -0.035107
v 0.056620 0.094602 -0.048201
v 0.049105 0.106214 -0.031803
v 0.073898 0.088821 -0.035107
v 0.049105 0.106214 -0.031803
v 0.065409 0.100646 -0.020040
v -0.005687 0.012492 -0.119542
v -0.026327 0.006807 -0.118172
v -0.033003 0.026571 -0.112604
v -0.005687 0.012492 -0.119542
v -0.033003 0.026571 -0.112604
v -0.011780 0.033767 -0.113966
v -0.026327 0.006807 -0.118172
v -0.044453 0.000310 -0.113783
v -0.052110 0.017595 -0.108070
v -0.026327 0.006807 -0.118172
v -0.052110 0.017595 -0.108070
v -0.033003 0.026571 -0.112604
v -0.011780 0.033767 -0.113966
v -0.033003 0.026571 -0.112604
v -0.040000 0.045574 -0.102908
v -0.011780 0.033767 -0.113966
v -0.040000 0.045574 -0.102908
v -0.018296 0.053832 -0.104176
v -0.033003 0.026571 -0.112604
v -0.052110 0.017595 -0.108070
v -0.059768 0.035119 -0.098352
v -0.033003 0.026571 -0.112604
v -0.059768 0.035119 -0.098352
v -0.040000 0.045574 -0.102908
v 0.020934 -0.004863 -0.118451
v -0.000590 -0.009341 -0.120395
v -0.005687 0.012492 -0.119542
v 0.020934 -0.004863 -0.118451
v -0.005687 0.012492 -0.119542
v 0.016004 0.017506 -0.117599
v -0.000590 -0.009341 -0.120395
v -0.021108 -0.013369 -0.119101
v -0.026327 0.006807 -0.118172
v -0.000590 -0.009341 -0.120395
v -0.026327 0.006807 -0.118172
v -0.005687 0.012492 -0.119542
v -0.021108 -0.013369 -0.119101
v -0.038921 -0.016636 -0.114976
v -0.044453 0.000310 -0.113783
v -0.021108 -0.013369 -0.119101
v -0.044453 0.000310 -0.113783
v -0.026327 0.006807 -0.118172
v -0.038921 -0.016636 -0.114976
v -0.050978 -0.018691 -0.110147
v -0.058625 -0.008392 -0.107255
v -0.038921 -0.016636 -0.114976
v -0.058625 -0.008392 -0.107255
v -0.044453 0.000310 -0.113783
v -0.044453 0.000310 -0.113783
v -0.058625 -0.008392 -0.107255
v -0.068003 0.006251 -0.100727
v -0.044453 0.000310 -0.113783
v -0.068003 0.006251 -0.100727
v -0.052110 0.017595 -0.108070
v -0.052110 0.017595 -0.108070
v -0.068003 0.006251 -0.100727
v -0.076599 0.022460 -0.090613
v -0.052110 0.017595 -0.108070
v -0.076599 0.022460 -0.090613
v -0.059768 0.035119 -0.098352
v -0.059768 0.035119 -0.098352
v -0.076599 0.022460 -0.090613
v -0.083509 0.038835 -0.077528
v -0.059768 0.035119 -0.098352
v -0.083509 0.038835 -0.077528
v -0.066426 0.051994 -0.085301
v -0.040000 0.045574 -0.102908
v -0.059768 0.035119 -0.098352
v -0.066426 0.051994 -0.085301
v -0.040000 0.045574 -0.102908
v -0.066426 0.051994 -0.085301
v -0.046517 0.063138 -0.089666
v -0.018296 0.053832 -0.104176
v -0.040000 0.045574 -0.102908
v -0.046517 0.063138 -0.089666
v -0.018296 0.053832 -0.104176
v -0.046517 0.063138 -0.089666
v -0.024702 0.071993 -0.090691
v 0.004335 0.059844 -0.102068
v -0.018296 0.053832 -0.104176
v -0.024702 0.071993 -0.090691
v 0.004335 0.059844 -0.102068
v -0.024702 0.071993 -0.090691
v -0.001900 0.078286 -0.088443
v 0.010387 0.039330 -0.111962
v -0.011780 0.033767 -0.113966
v -0.018296 0.053832 -0.104176
v 0.010387 0.039330 -0.111962
v -0.018296 0.053832 -0.104176
v 0.004335 0.059844 -0.102068
v 0.016004 0.017506 -0.117599
v -0.005687 0.012492 -0.119542
v -0.011780 0.033767 -0.113966
v 0.016004 0.017506 -0.117599
v -0.011780 0.033767 -0.113966
v 0.010387 0.039330 -0.111962
v -0.030568 0.087549 -0.074067
v -0.051980 0.078489 -0.073516
v -0.056378 0.090792 -0.055257
v -0.030568 0.087549 -0.074067
v -0.056378 0.090792 -0.055257
v -0.035813 0.099795 -0.055004
v -0.051980 0.078489 -0.073516
v -0.071443 0.067196 -0.069708
v -0.074720 0.079715 -0.052599
v -0.051980 0.078489 -0.073516
v -0.074720 0.079715 -0.052599
v -0.056378 0.090792 -0.055257
v -0.035813 0.099795 -0.055004
v -0.056378 0.090792 -0.055257
v -0.059948 0.099181 -0.035685
v -0.035813 0.099795 -0.055004
v -0.059948 0.099181 -0.035685
v -0.040459 0.108027 -0.034232
v -0.056378 0.090792 -0.055257
v -0.074720 0.079715 -0.052599
v -0.076558 0.088518 -0.035016
v -0.056378 0.090792 -0.055257
v -0.076558 0.088518 -0.035016
v -0.059948 0.099181 -0.035685
v -0.001900 0.078286 -0.088443
v -0.024702 0.071993 -0.090691
v -0.030568 0.087549 -0.074067
v -0.001900 0.078286 -0.088443
v -0.030568 0.087549 -0.074067
v -0.008066 0.093916 -0.071643
v -0.024702 0.071993 -0.090691
v -0.046517 0.063138 -0.089666
v -0.051980 0.078489 -0.073516
v -0.024702 0.071993 -0.090691
v -0.051980 0.078489 -0.073516
v -0.030568 0.087549 -0.074067
v -0.046517 0.063138 -0.089666
v -0.066426 0.051994 -0.085301
v -0.071443 0.067196 -0.069708
v -0.046517 0.063138 -0.089666
v -0.071443 0.067196 -0.069708
v -0.051980 0.078489 -0.073516
v -0.066426 0.051994 -0.085301
v -0.083509 0.038835 -0.077528
v -0.088131 0.054146 -0.062319
v -0.066426 0.051994 -0.085301
v -0.088131 0.054146 -0.062319
v -0.071443 0.067196 -0.069708
v -0.071443 0.067196 -0.069708
v -0.088131 0.054146 -0.062319
v -0.090237 0.067337 -0.046179
v -0.071443 0.067196 -0.069708
v -0.090237 0.067337 -0.046179
v -0.074720 0.079715 -0.052599
v -0.074720 0.079715 -0.052599
v -0.090237 0.067337 -0.046179
v -0.089868 0.077447 -0.030604
v -0.074720 0.079715 -0.052599
v -0.089868 0.077447 -0.030604
v -0.076558 0.088518 -0.035016
v -0.076558 0.088518 -0.035016
v -0.089868 0.077447 -0.030604
v -0.088130 0.083382 -0.018998
v -0.076558 0.088518 -0.035016
v -0.088130 0.083382 -0.018998
v -0.078579 0.092325 -0.017678
v -0.059948 0.099181 -0.035685
v -0.076558 0.088518 -0.035016
v -0.078579 0.092325 -0.017678
v -0.059948 0.099181 -0.035685
v -0.078579 0.092325 -0.017678
v -0.063370 0.102742 -0.015417
v -0.040459 0.108027 -0.034232
v -0.059948 0.099181 -0.035685
v -0.063370 0.102742 -0.015417
v -0.040459 0.108027 -0.034232
v -0.063370 0.102742 -0.015417
v -0.044585 0.111533 -0.012458
v -0.019201 0.114229 -0.031229
v -0.040459 0.108027 -0.034232
v -0.044585 0.111533 -0.012458
v -0.019201 0.114229 -0.031229
v -0.044585 0.111533 -0.012458
v -0.023672 0.117690 -0.009015
v -0.013916 0.106101 -0.052338
v -0.035813 0.099795 -0.055004
v -0.040459 0.108027 -0.034232
v -0.013916 0.106101 -0.052338
v -0.040459 0.108027 -0.034232
v -0.019201 0.114229 -0.031229
v -0.008066 0.093916 -0.071643
v -0.030568 0.087549 -0.074067
v -0.035813 0.099795 -0.055004
v -0.008066 0.093916 -0.071643
v -0.035813 0.099795 -0.055004
v -0.013916 0.106101 -0.052338
v -0.041683 -0.113822 0.015158
v -0.023322 -0.117001 0.021701
v -0.029708 -0.109214 0.040800
v -0.041683 -0.113822 0.015158
v -0.029708 -0.109214 0.040800
v -0.049105 -0.106214 0.031803
v -0.023322 -0.117001 0.021701
v -0.002539 -0.117229 0.027011
v -0.008309 -0.109238 0.047594
v -0.023322 -0.117001 0.021701
v -0.008309 -0.109238 0.047594
v -0.029708 -0.109214 0.040800
v -0.049105 -0.106214 0.031803
v -0.029708 -0.109214 0.040800
v -0.036529 -0.097431 0.058651
v -0.049105 -0.106214 0.031803
v -0.036529 -0.097431 0.058651
v -0.056620 -0.094602 0.048201
v -0.029708 -0.109214 0.040800
v -0.008309 -0.109238 0.047594
v -0.014630 -0.097221 0.066476
v -0.029708 -0.109214 0.040800
v -0.014630 -0.097221 0.066476
v -0.036529 -0.097431 0.058651
v -0.048697 -0.112664 -0.003981
v -0.036486 -0.116949 -0.001647
v -0.041683 -0.113822 0.015158
v -0.048697 -0.112664 -0.003981
v -0.041683 -0.113822 0.015158
v -0.056191 -0.108705 0.006074
v -0.036486 -0.116949 -0.001647
v -0.018514 -0.120266 0.001665
v -0.023322 -0.117001 0.021701
v -0.036486 -0.116949 -0.001647
v -0.023322 -0.117001 0.021701
v -0.041683 -0.113822 0.015158
v -0.018514 -0.120266 0.001665
v 0.002111 -0.120622 0.005325
v -0.002539 -0.117229 0.027011
v -0.018514 -0.120266 0.001665
v -0.002539 -0.117229 0.027011
v -0.023322 -0.117001 0.021701
v 0.002111 -0.120622 0.005325
v 0.023672 -0.117690 0.009015
v 0.019201 -0.114228 0.031229
v 0.002111 -0.120622 0.005325
v 0.019201 -0.114228 0.031229
v -0.002539 -0.117229 0.027011
v -0.002539 -0.117229 0.027011
v 0.019201 -0.114228 0.031229
v 0.013916 -0.106101 0.052338
v -0.002539 -0.117229 0.027011
v 0.013916 -0.106101 0.052338
v -0.008309 -0.109238 0.047594
v -0.008309 -0.109238 0.047594
v 0.013916 -0.106101 0.052338
v 0.008067 -0.093916 0.071643
v -0.008309 -0.109238 0.047594
v 0.008067 -0.093916 0.071643
v -0.014630 -0.097221 0.066476
v -0.014630 -0.097221 0.066476
v 0.008067 -0.093916 0.071643
v 0.001900 -0.078286 0.088443
v -0.014630 -0.097221 0.066476
v 0.001900 -0.078286 0.088443
v -0.020971 -0.081767 0.083020
v -0.036529 -0.097431 0.058651
v -0.014630 -0.097221 0.066476
v -0.020971 -0.081767 0.083020
v -0.036529 -0.097431 0.058651
v -0.020971 -0.081767 0.083020
v -0.042988 -0.082292 0.074634
v -0.056620 -0.094602 0.048201
v -0.036529 -0.097431 0.058651
v -0.042988 -0.082292 0.074634
v -0.056620 -0.094602 0.048201
v -0.042988 -0.082292 0.074634
v -0.063229 -0.079741 0.063526
v -0.073898 -0.088821 0.035107
v -0.056620 -0.094602 0.048201
v -0.063229 -0.079741 0.063526
v -0.073898 -0.088821 0.035107
v -0.063229 -0.079741 0.063526
v -0.080771 -0.073992 0.049938
v -0.065409 -0.100646 0.020040
v -0.049105 -0.106214 0.031803
v -0.056620 -0.094602 0.048201
v -0.065409 -0.100646 0.020040
v -0.056620 -0.094602 0.048201
v -0.073898 -0.088821 0.035107
v -0.056191 -0.108705 0.006074
v -0.041683 -0.113822 0.015158
v -0.049105 -0.106214 0.031803
v -0.056191 -0.108705 0.006074
v -0.049105 -0.106214 0.031803
v -0.065409 -0.100646 0.020040
v -0.068295 -0.062525 0.076844
v -0.048510 -0.064515 0.088044
v -0.053082 -0.044994 0.098146
v -0.068295 -0.062525 0.076844
v -0.053082 -0.044994 0.098146
v -0.071715 -0.044094 0.087274
v -0.048510 -0.064515 0.088044
v -0.026902 -0.063504 0.096585
v -0.032342 -0.043209 0.106555
v -0.048510 -0.064515 0.088044
v -0.032342 -0.043209 0.106555
v -0.053082 -0.044994 0.098146
v -0.071715 -0.044094 0.087274
v -0.053082 -0.044994 0.098146
v -0.056944 -0.024628 0.104187
v -0.071715 -0.044094 0.087274
v -0.056944 -0.024628 0.104187
v -0.073788 -0.025614 0.093925
v -0.053082 -0.044994 0.098146
v -0.032342 -0.043209 0.106555
v -0.037311 -0.021694 0.112320
v -0.053082 -0.044994 0.098146
v -0.037311 -0.021694 0.112320
v -0.056944 -0.024628 0.104187
v -0.080771 -0.073992 0.049938
v -0.063229 -0.079741 0.063526
v -0.068295 -0.062525 0.076844
v -0.080771 -0.073992 0.049938
v -0.068295 -0.062525 0.076844
v -0.085430 -0.057135 0.063401
v -0.063229 -0.079741 0.063526
v -0.042988 -0.082292 0.074634
v -0.048510 -0.064515 0.088044
v -0.063229 -0.079741 0.063526
v -0.048510 -0.064515 0.088044
v -0.068295 -0.062525 0.076844
v -0.042988 -0.082292 0.074634
v -0.020971 -0.081767 0.083020
v -0.026902 -0.063504 0.096585
v -0.042988 -0.082292 0.074634
v -0.026902 -0.063504 0.096585
v -0.048510 -0.064515 0.088044
v -0.020971 -0.081767 0.083020
v 0.001900 -0.078286 0.088443
v -0.004335 -0.059844 0.102068
v -0.020971 -0.081767 0.083020
v -0.004335 -0.059844 0.102068
v -0.026902 -0.063504 0.096585
v -0.026902 -0.063504 0.096585
v -0.004335 -0.059844 0.102068
v -0.010386 -0.039330 0.111962
v -0.026902 -0.063504 0.096585
v -0.010386 -0.039330 0.111962
v -0.032342 -0.043209 0.106555
v -0.032342 -0.043209 0.106555
v -0.010386 -0.039330 0.111962
v -0.016003 -0.017506 0.117599
v -0.032342 -0.043209 0.106555
v -0.016003 -0.017506 0.117599
v -0.037311 -0.021694 0.112320
v -0.037311 -0.021694 0.112320
v -0.016003 -0.017506 0.117599
v -0.020934 0.004863 0.118451
v -0.037311 -0.021694 0.112320
v -0.020934 0.004863 0.118451
v -0.041884 0.000252 0.113262
v -0.056944 -0.024628 0.104187
v -0.037311 -0.021694 0.112320
v -0.041884 0.000252 0.113262
v -0.056944 -0.024628 0.104187
v -0.041884 0.000252 0.113262
v -0.060776 -0.004154 0.105350
v -0.073788 -0.025614 0.093925
v -0.056944 -0.024628 0.104187
v -0.060776 -0.004154 0.105350
v -0.073788 -0.025614 0.093925
v -0.060776 -0.004154 0.105350
v -0.076145 -0.007989 0.095651
v -0.087434 -0.022866 0.082725
v -0.073788 -0.025614 0.093925
v -0.076145 -0.007989 0.095651
v -0.087434 -0.022866 0.082725
v -0.076145 -0.007989 0.095651
v -0.085849 -0.010591 0.087167
v -0.087642 -0.039560 0.074587
v -0.071715 -0.044094 0.087274
v -0.073788 -0.025614 0.093925
v -0.087642 -0.039560 0.074587
v -0.073788 -0.025614 0.093925
v -0.087434 -0.022866 0.082725
v -0.085430 -0.057135 0.063401
v -0.068295 -0.062525 0.076844
v -0.071715 -0.044094 0.087274
v -0.085430 -0.057135 0.063401
v -0.071715 -0.044094 0.087274
v -0.087642 -0.039560 0.074587
v 0.040459 -0.108027 0.034232
v 0.059949 -0.099181 0.035686
v 0.056378 -0.090791 0.055257
v 0.040459 -0.108027 0.034232
v 0.056378 -0.090791 0.055257
v 0.035813 -0.099795 0.055004
v 0.059949 -0.099181 0.035686
v 0.076558 -0.088518 0.035016
v 0.074720 -0.079715 0.052599
v 0.059949 -0.099181 0.035686
v 0.074720 -0.079715 0.052599
v 0.056378 -0.090791 0.055257
v 0.035813 -0.099795 0.055004
v 0.056378 -0.090791 0.055257
v 0.051981 -0.078489 0.073516
v 0.035813 -0.099795 0.055004
v 0.051981 -0.078489 0.073516
v 0.030568 -0.087549 0.074067
v 0.056378 -0.090791 0.055257
v 0.074720 -0.079715 0.052599
v 0.071443 -0.067196 0.069708
v 0.056378 -0.090791 0.055257
v 0.071443 -0.067196 0.069708
v 0.051981 -0.078489 0.073516
v 0.023672 -0.117690 0.009015
v 0.044585 -0.111533 0.012458
v 0.040459 -0.108027 0.034232
v 0.023672 -0.117690 0.009015
v 0.040459 -0.108027 0.034232
v 0.019201 -0.114228 0.031229
v 0.044585 -0.111533 0.012458
v 0.063370 -0.102742 0.015417
v 0.059949 -0.099181 0.035686
v 0.044585 -0.111533 0.012458
v 0.059949 -0.099181 0.035686
v 0.040459 -0.108027 0.034232
v 0.063370 -0.102742 0.015417
v 0.078580 -0.092324 0.017678
v 0.076558 -0.088518 0.035016
v 0.063370 -0.102742 0.015417
v 0.076558 -0.088518 0.035016
v 0.059949 -0.099181 0.035686
v 0.078580 -0.092324 0.017678
v 0.088130 -0.083382 0.018998
v 0.089869 -0.077447 0.030604
v 0.078580 -0.092324 0.017678
v 0.089869 -0.077447 0.030604
v 0.076558 -0.088518 0.035016
v 0.076558 -0.088518 0.035016
v 0.089869 -0.077447 0.030604
v 0.090237 -0.067337 0.046180
v 0.076558 -0.088518 0.035016
v 0.090237 -0.067337 0.046180
v 0.074720 -0.079715 0.052599
v 0.074720 -0.079715 0.052599
v 0.090237 -0.067337 0.046180
v 0.088131 -0.054146 0.062319
v 0.074720 -0.079715 0.052599
v 0.088131 -0.054146 0.062319
v 0.071443 -0.067196 0.069708
v 0.071443 -0.067196 0.069708
v 0.088131 -0.054146 0.062319
v 0.083509 -0.038835 0.077528
v 0.071443 -0.067196 0.069708
v 0.083509 -0.038835 0.077528
v 0.066426 -0.051994 0.085301
v 0.051981 -0.078489 0.073516
v 0.071443 -0.067196 0.069708
v 0.066426 -0.051994 0.085301
v 0.051981 -0.078489 0.073516
v 0.066426 -0.051994 0.085301
v 0.046517 -0.063138 0.089666
v 0.030568 -0.087549 0.074067
v 0.051981 -0.078489 0.073516
v 0.046517 -0.063138 0.089666
v 0.030568 -0.087549 0.074067
v 0.046517 -0.063138 0.089666
v 0.024703 -0.071993 0.090691
v 0.008067 -0.093916 0.071643
v 0.030568 -0.087549 0.074067
v 0.024703 -0.071993 0.090691
v 0.008067 -0.093916 0.071643
v 0.024703 -0.071993 0.090691
v 0.001900 -0.078286 0.088443
v 0.013916 -0.106101 0.052338
v 0.035813 -0.099795 0.055004
v 0.030568 -0.087549 0.074067
v 0.013916 -0.106101 0.052338
v 0.030568 -0.087549 0.074067
v 0.008067 -0.093916 0.071643
v 0.019201 -0.114228 0.031229
v 0.040459 -0.108027 0.034232
v 0.035813 -0.099795 0.055004
v 0.019201 -0.114228 0.031229
v 0.035813 -0.099795 0.055004
v 0.013916 -0.106101 0.052338
v 0.018296 -0.053831 0.104176
v 0.040000 -0.045574 0.102908
v 0.033004 -0.026571 0.112604
v 0.018296 -0.053831 0.104176
v 0.033004 -0.026571 0.112604
v 0.011780 -0.033767 0.113966
v 0.040000 -0.045574 0.102908
v 0.059768 -0.035119 0.098352
v 0.052110 -0.017595 0.108070
v 0.040000 -0.045574 0.102908
v 0.052110 -0.017595 0.108070
v 0.033004 -0.026571 0.112604
v 0.011780 -0.033767 0.113966
v 0.033004 -0.026571 0.112604
v 0.026327 -0.006807 0.118172
v 0.011780 -0.033767 0.113966
v 0.026327 -0.006807 0.118172
v 0.005687 -0.012492 0.119542
v 0.033004 -0.026571 0.112604
v 0.052110 -0.017595 0.108070
v 0.044453 -0.000310 0.113783
v 0.033004 -0.026571 0.112604
v 0.044453 -0.000310 0.113783
v 0.026327 -0.006807 0.118172
v 0.001900 -0.078286 0.088443
v 0.024703 -0.071993 0.090691
v 0.018296 -0.053831 0.104176
v 0.001900 -0.078286 0.088443
v 0.018296 -0.053831 0.104176
v -0.004335 -0.059844 0.102068
v 0.024703 -0.071993 0.090691
v 0.046517 -0.063138 0.089666
v 0.040000 -0.045574 0.102908
v 0.024703 -0.071993 0.090691
v 0.040000 -0.045574 0.102908
v 0.018296 -0.053831 0.104176
v 0.046517 -0.063138 0.089666
v 0.066426 -0.051994 0.085301
v 0.059768 -0.035119 0.098352
v 0.046517 -0.063138 0.089666
v 0.059768 -0.035119 0.098352
v 0.040000 -0.045574 0.102908
v 0.066426 -0.051994 0.085301
v 0.083509 -0.038835 0.077528
v 0.076599 -0.022460 0.090613
v 0.066426 -0.051994 0.085301
v 0.076599 -0.022460 0.090613
v 0.059768 -0.035119 0.098352
v 0.059768 -0.035119 0.098352
v 0.076599 -0.022460 0.090613
v 0.068003 -0.006251 0.100727
v 0.059768 -0.035119 0.098352
v 0.068003 -0.006251 0.100727
v 0.052110 -0.017595 0.108070
v 0.052110 -0.017595 0.108070
v 0.068003 -0.006251 0.100727
v 0.058626 0.008392 0.107255
v 0.052110 -0.017595 0.108070
v 0.058626 0.008392 0.107255
v 0.044453 -0.000310 0.113783
v 0.044453 -0.000310 0.113783
v 0.058626 0.008392 0.107255
v 0.050978 0.018691 0.110147
v 0.044453 -0.000310 0.113783
v 0.050978 0.018691 0.110147
v 0.038921 0.016636 0.114976
v 0.026327 -0.006807 0.118172
v 0.044453 -0.000310 0.113783
v 0.038921 0.016636 0.114976
v 0.026327 -0.006807 0.118172
v 0.038921 0.016636 0.114976
v 0.021109 0.013369 0.119102
v 0.005687 -0.012492 0.119542
v 0.026327 -0.006807 0.118172
v 0.021109 0.013369 0.119102
v 0.005687 -0.012492 0.119542
v 0.021109 0.013369 0.119102
v 0.000590 0.009341 0.120395
v -0.016003 -0.017506 0.117599
v 0.005687 -0.012492 0.119542
v 0.000590 0.009341 0.120395
v -0.016003 -0.017506 0.117599
v 0.000590 0.009341 0.120395
v -0.020934 0.004863 0.118451
v -0.010386 -0.039330 0.111962
v 0.011780 -0.033767 0.113966
v 0.005687 -0.012492 0.119542
v -0.010386 -0.039330 0.111962
v 0.005687 -0.012492 0.119542
v -0.016003 -0.017506 0.117599
v -0.004335 -0.059844 0.102068
v 0.018296 -0.053831 0.104176
v 0.011780 -0.033767 0.113966
v -0.004335 -0.059844 0.102068
v 0.011780 -0.033767 0.113966
v -0.010386 -0.039330 0.111962
v -0.118458 -0.080388 -0.068610
v -0.120849 -0.067657 -0.057291
v -0.111436 -0.029987 -0.095640
v -0.118458 -0.080388 -0.068610
v -0.111436 -0.029987 -0.095640
v -0.108900 -0.042137 -0.107550
v -0.120849 -0.067657 -0.057291
v -0.116177 -0.055432 -0.046570
v -0.107354 -0.020123 -0.082514
v -0.120849 -0.067657 -0.057291
v -0.107354 -0.020123 -0.082514
v -0.111436 -0.029987 -0.095640
v -0.116177 -0.055432 -0.046570
v -0.105153 -0.045571 -0.038079
v -0.097276 -0.014047 -0.070171
v -0.116177 -0.055432 -0.046570
v -0.097276 -0.014047 -0.070171
v -0.107354 -0.020123 -0.082514
v -0.105153 -0.045571 -0.038079
v -0.089457 -0.039578 -0.033111
v -0.082737 -0.012683 -0.060490
v -0.105153 -0.045571 -0.038079
v -0.082737 -0.012683 -0.060490
v -0.097276 -0.014047 -0.070171
v 0.010012 -0.311595 -0.336441
v 0.019569 -0.325314 -0.346123
v 0.011966 -0.355744 -0.315144
v 0.010012 -0.311595 -0.336441
v 0.011966 -0.355744 -0.315144
v 0.002058 -0.343430 -0.304032
v 0.019569 -0.325314 -0.346123
v 0.034464 -0.337420 -0.351030
v 0.027667 -0.364621 -0.323339
v 0.019569 -0.325314 -0.346123
v 0.027667 -0.364621 -0.323339
v 0.011966 -0.355744 -0.315144
v 0.034464 -0.337420 -0.351030
v 0.052428 -0.346069 -0.350415
v 0.046772 -0.368708 -0.327367
v 0.034464 -0.337420 -0.351030
v 0.046772 -0.368708 -0.327367
v 0.027667 -0.364621 -0.323339
v 0.052428 -0.346069 -0.350415
v 0.073175 -0.349317 -0.342304
v 0.069023 -0.365933 -0.325388
v 0.052428 -0.346069 -0.350415
v 0.069023 -0.365933 -0.325388
v 0.046772 -0.368708 -0.327367
v -0.108900 -0.042137 -0.107550
v -0.111436 -0.029987 -0.095640
v -0.082910 0.006345 -0.124699
v -0.108900 -0.042137 -0.107550
v -0.082910 0.006345 -0.124699
v -0.079934 -0.005245 -0.137058
v -0.111436 -0.029987 -0.095640
v -0.107354 -0.020123 -0.082514
v -0.080617 0.013931 -0.109751
v -0.111436 -0.029987 -0.095640
v -0.080617 0.013931 -0.109751
v -0.082910 0.006345 -0.124699
v -0.107354 -0.020123 -0.082514
v -0.097276 -0.014047 -0.070171
v -0.073404 0.016358 -0.094490
v -0.107354 -0.020123 -0.082514
v -0.073404 0.016358 -0.094490
v -0.080617 0.013931 -0.109751
v -0.097276 -0.014047 -0.070171
v -0.082737 -0.012683 -0.060490
v -0.062370 0.013256 -0.081238
v -0.097276 -0.014047 -0.070171
v -0.062370 0.013256 -0.081238
v -0.073404 0.016358 -0.094490
v 0.034120 -0.280890 -0.361000
v 0.042613 -0.295964 -0.369598
v 0.019569 -0.325314 -0.346123
v 0.034120 -0.280890 -0.361000
v 0.019569 -0.325314 -0.346123
v 0.010012 -0.311595 -0.336441
v 0.042613 -0.295964 -0.369598
v 0.055062 -0.311184 -0.372014
v 0.034464 -0.337420 -0.351030
v 0.042613 -0.295964 -0.369598
v 0.034464 -0.337420 -0.351030
v 0.019569 -0.325314 -0.346123
v 0.055062 -0.311184 -0.372014
v 0.069572 -0.324234 -0.367879
v 0.052428 -0.346069 -0.350415
v 0.055062 -0.311184 -0.372014
v 0.052428 -0.346069 -0.350415
v 0.034464 -0.337420 -0.351030
v 0.069572 -0.324234 -0.367879
v 0.085758 -0.333291 -0.355121
v 0.073175 -0.349317 -0.342304
v 0.069572 -0.324234 -0.367879
v 0.073175 -0.349317 -0.342304
v 0.052428 -0.346069 -0.350415
v -0.079934 -0.005245 -0.137058
v -0.082910 0.006345 -0.124699
v -0.039612 0.035808 -0.140046
v -0.079934 -0.005245 -0.137058
v -0.039612 0.035808 -0.140046
v -0.035969 0.024673 -0.152641
v -0.082910 0.006345 -0.124699
v -0.080617 0.013931 -0.109751
v -0.040034 0.041546 -0.124136
v -0.082910 0.006345 -0.124699
v -0.040034 0.041546 -0.124136
v -0.039612 0.035808 -0.140046
v -0.080617 0.013931 -0.109751
v -0.073404 0.016358 -0.094490
v -0.037171 0.041014 -0.107332
v -0.080617 0.013931 -0.109751
v -0.037171 0.041014 -0.107332
v -0.040034 0.041546 -0.124136
v -0.073404 0.016358 -0.094490
v -0.062370 0.013256 -0.081238
v -0.031458 0.034292 -0.092195
v -0.073404 0.016358 -0.094490
v -0.031458 0.034292 -0.092195
v -0.037171 0.041014 -0.107332
v 0.070711 -0.255990 -0.373969
v 0.077589 -0.272163 -0.381995
v 0.042613 -0.295964 -0.369598
v 0.070711 -0.255990 -0.373969
v 0.042613 -0.295964 -0.369598
v 0.034120 -0.280890 -0.361000
v 0.077589 -0.272163 -0.381995
v 0.086327 -0.289909 -0.383095
v 0.055062 -0.311184 -0.372014
v 0.077589 -0.272163 -0.381995
v 0.055062 -0.311184 -0.372014
v 0.042613 -0.295964 -0.369598
v 0.086327 -0.289909 -0.383095
v 0.095594 -0.306527 -0.377103
v 0.069572 -0.324234 -0.367879
v 0.086327 -0.289909 -0.383095
v 0.069572 -0.324234 -0.367879
v 0.055062 -0.311184 -0.372014
v 0.095594 -0.306527 -0.377103
v 0.104856 -0.320296 -0.361891
v 0.085758 -0.333291 -0.355121
v 0.095594 -0.306527 -0.377103
v 0.085758 -0.333291 -0.355121
v 0.069572 -0.324234 -0.367879
v -0.035969 0.024673 -0.152641
v -0.039612 0.035808 -0.140046
v 0.011864 0.053917 -0.139343
v -0.035969 0.024673 -0.152641
v 0.011864 0.053917 -0.139343
v 0.016301 0.043060 -0.151928
v -0.039612 0.035808 -0.140046
v -0.040034 0.041546 -0.124136
v 0.008214 0.058519 -0.123477
v -0.039612 0.035808 -0.140046
v 0.008214 0.058519 -0.123477
v 0.011864 0.053917 -0.139343
v -0.040034 0.041546 -0.124136
v -0.037171 0.041014 -0.107332
v 0.005907 0.056168 -0.106744
v -0.040034 0.041546 -0.124136
v 0.005907 0.056168 -0.106744
v 0.008214 0.058519 -0.123477
v -0.037171 0.041014 -0.107332
v -0.031458 0.034292 -0.092195
v 0.005294 0.047221 -0.091693
v -0.037171 0.041014 -0.107332
v 0.005294 0.047221 -0.091693
v 0.005907 0.056168 -0.106744
v 0.114215 -0.240687 -0.373375
v 0.119173 -0.257535 -0.381427
v 0.077589 -0.272163 -0.381995
v 0.114215 -0.240687 -0.373375
v 0.077589 -0.272163 -0.381995
v 0.070711 -0.255990 -0.373969
v 0.119173 -0.257535 -0.381427
v 0.123497 -0.276833 -0.382588
v 0.086327 -0.289909 -0.383095
v 0.119173 -0.257535 -0.381427
v 0.086327 -0.289909 -0.383095
v 0.077589 -0.272163 -0.381995
v 0.123497 -0.276833 -0.382588
v 0.126531 -0.295644 -0.376680
v 0.095594 -0.306527 -0.377103
v 0.123497 -0.276833 -0.382588
v 0.095594 -0.306527 -0.377103
v 0.086327 -0.289909 -0.383095
v 0.126531 -0.295644 -0.376680
v 0.127561 -0.312308 -0.361581
v 0.104856 -0.320296 -0.361891
v 0.126531 -0.295644 -0.376680
v 0.104856 -0.320296 -0.361891
v 0.095594 -0.306527 -0.377103
v 0.016301 0.043060 -0.151928
v 0.011864 0.053917 -0.139343
v 0.063683 0.057914 -0.122698
v 0.016301 0.043060 -0.151928
v 0.063683 0.057914 -0.122698
v 0.068919 0.047119 -0.135026
v 0.011864 0.053917 -0.139343
v 0.008214 0.058519 -0.123477
v 0.056784 0.062266 -0.107875
v 0.011864 0.053917 -0.139343
v 0.056784 0.062266 -0.107875
v 0.063683 0.057914 -0.122698
v 0.008214 0.058519 -0.123477
v 0.005907 0.056168 -0.106744
v 0.049272 0.059513 -0.092815
v 0.008214 0.058519 -0.123477
v 0.049272 0.059513 -0.092815
v 0.056784 0.062266 -0.107875
v 0.005907 0.056168 -0.106744
v 0.005294 0.047221 -0.091693
v 0.042291 0.050074 -0.079809
v 0.005907 0.056168 -0.106744
v 0.042291 0.050074 -0.079809
v 0.049272 0.059513 -0.092815
v 0.158008 -0.237309 -0.359308
v 0.161033 -0.254306 -0.367981
v 0.119173 -0.257535 -0.381427
v 0.158008 -0.237309 -0.359308
v 0.119173 -0.257535 -0.381427
v 0.114215 -0.240687 -0.373375
v 0.161033 -0.254306 -0.367981
v 0.160915 -0.273947 -0.370569
v 0.123497 -0.276833 -0.382588
v 0.161033 -0.254306 -0.367981
v 0.123497 -0.276833 -0.382588
v 0.119173 -0.257535 -0.381427
v 0.160915 -0.273947 -0.370569
v 0.157674 -0.293241 -0.366677
v 0.126531 -0.295644 -0.376680
v 0.160915 -0.273947 -0.370569
v 0.126531 -0.295644 -0.376680
v 0.123497 -0.276833 -0.382588
v 0.157674 -0.293241 -0.366677
v 0.150418 -0.310545 -0.354239
v 0.127561 -0.312308 -0.361581
v 0.157674 -0.293241 -0.366677
v 0.127561 -0.312308 -0.361581
v 0.126531 -0.295644 -0.376680
v 0.068919 0.047119 -0.135026
v 0.063683 0.057914 -0.122698
v 0.107955 0.047191 -0.092645
v 0.068919 0.047119 -0.135026
v 0.107955 0.047191 -0.092645
v 0.113874 0.036231 -0.104509
v 0.063683 0.057914 -0.122698
v 0.056784 0.062266 -0.107875
v 0.098281 0.052215 -0.079706
v 0.063683 0.057914 -0.122698
v 0.098281 0.052215 -0.079706
v 0.107955 0.047191 -0.092645
v 0.056784 0.062266 -0.107875
v 0.049272 0.059513 -0.092815
v 0.086322 0.050540 -0.067665
v 0.056784 0.062266 -0.107875
v 0.086322 0.050540 -0.067665
v 0.098281 0.052215 -0.079706
v 0.049272 0.059513 -0.092815
v 0.042291 0.050074 -0.079809
v 0.073900 0.042419 -0.058352
v 0.049272 0.059513 -0.092815
v 0.073900 0.042419 -0.058352
v 0.086322 0.050540 -0.067665
v 0.195423 -0.246371 -0.333910
v 0.196797 -0.262968 -0.343704
v 0.161033 -0.254306 -0.367981
v 0.195423 -0.246371 -0.333910
v 0.161033 -0.254306 -0.367981
v 0.158008 -0.237309 -0.359308
v 0.196797 -0.262968 -0.343704
v 0.192884 -0.281690 -0.348867
v 0.160915 -0.273947 -0.370569
v 0.196797 -0.262968 -0.343704
v 0.160915 -0.273947 -0.370569
v 0.161033 -0.254306 -0.367981
v 0.192884 -0.281690 -0.348867
v 0.184281 -0.299686 -0.348615
v 0.157674 -0.293241 -0.366677
v 0.192884 -0.281690 -0.348867
v 0.157674 -0.293241 -0.366677
v 0.160915 -0.273947 -0.370569
v 0.184281 -0.299686 -0.348615
v 0.169946 -0.315275 -0.340982
v 0.150418 -0.310545 -0.354239
v 0.184281 -0.299686 -0.348615
v 0.150418 -0.310545 -0.354239
v 0.157674 -0.293241 -0.366677
v 0.113874 0.036231 -0.104509
v 0.107955 0.047191 -0.092645
v 0.137941 0.023381 -0.053758
v 0.113874 0.036231 -0.104509
v 0.137941 0.023381 -0.053758
v 0.144322 0.012054 -0.065023
v 0.107955 0.047191 -0.092645
v 0.098281 0.052215 -0.079706
v 0.126386 0.029898 -0.043258
v 0.107955 0.047191 -0.092645
v 0.126386 0.029898 -0.043258
v 0.137941 0.023381 -0.053758
v 0.098281 0.052215 -0.079706
v 0.086322 0.050540 -0.067665
v 0.111416 0.030614 -0.035122
v 0.098281 0.052215 -0.079706
v 0.111416 0.030614 -0.035122
v 0.126386 0.029898 -0.043258
v 0.086322 0.050540 -0.067665
v 0.073900 0.042419 -0.058352
v 0.095308 0.025419 -0.030589
v 0.086322 0.050540 -0.067665
v 0.095308 0.025419 -0.030589
v 0.111416 0.030614 -0.035122
v 0.220764 -0.266493 -0.301046
v 0.221020 -0.282202 -0.312291
v 0.196797 -0.262968 -0.343704
v 0.220764 -0.266493 -0.301046
v 0.196797 -0.262968 -0.343704
v 0.195423 -0.246371 -0.333910
v 0.221020 -0.282202 -0.312291
v 0.214537 -0.298883 -0.320788
v 0.192884 -0.281690 -0.348867
v 0.221020 -0.282202 -0.312291
v 0.192884 -0.281690 -0.348867
v 0.196797 -0.262968 -0.343704
v 0.214537 -0.298883 -0.320788
v 0.202302 -0.313995 -0.325244
v 0.184281 -0.299686 -0.348615
v 0.214537 -0.298883 -0.320788
v 0.184281 -0.299686 -0.348615
v 0.192884 -0.281690 -0.348867
v 0.202302 -0.313995 -0.325244
v 0.183172 -0.325777 -0.323830
v 0.169946 -0.315275 -0.340982
v 0.202302 -0.313995 -0.325244
v 0.169946 -0.315275 -0.340982
v 0.184281 -0.299686 -0.348615
v 0.144322 0.012054 -0.065023
v 0.137941 0.023381 -0.053758
v 0.149076 -0.009892 -0.011959
v 0.144322 0.012054 -0.065023
v 0.149076 -0.009892 -0.011959
v 0.155628 -0.021732 -0.022580
v 0.137941 0.023381 -0.053758
v 0.126386 0.029898 -0.043258
v 0.136822 -0.001289 -0.004080
v 0.137941 0.023381 -0.053758
v 0.136822 -0.001289 -0.004080
v 0.149076 -0.009892 -0.011959
v 0.126386 0.029898 -0.043258
v 0.111416 0.030614 -0.035122
v 0.120733 0.002769 -0.000142
v 0.126386 0.029898 -0.043258
v 0.120733 0.002769 -0.000142
v 0.136822 -0.001289 -0.004080
v 0.111416 0.030614 -0.035122
v 0.095308 0.025419 -0.030589
v 0.103258 0.001664 -0.000746
v 0.111416 0.030614 -0.035122
v 0.103258 0.001664 -0.000746
v 0.120733 0.002769 -0.000142
v 0.230174 -0.294612 -0.265721
v 0.230014 -0.309081 -0.278524
v 0.221020 -0.282202 -0.312291
v 0.230174 -0.294612 -0.265721
v 0.221020 -0.282202 -0.312291
v 0.220764 -0.266493 -0.301046
v 0.230014 -0.309081 -0.278524
v 0.222577 -0.322909 -0.290605
v 0.214537 -0.298883 -0.320788
v 0.230014 -0.309081 -0.278524
v 0.214537 -0.298883 -0.320788
v 0.221020 -0.282202 -0.312291
v 0.222577 -0.322909 -0.290605
v 0.208994 -0.333992 -0.300123
v 0.202302 -0.313995 -0.325244
v 0.222577 -0.322909 -0.290605
v 0.202302 -0.313995 -0.325244
v 0.214537 -0.298883 -0.320788
v 0.208994 -0.333992 -0.300123
v 0.188083 -0.340453 -0.305393
v 0.183172 -0.325777 -0.323830
v 0.208994 -0.333992 -0.300123
v 0.183172 -0.325777 -0.323830
v 0.202302 -0.313995 -0.325244
v 0.155628 -0.021732 -0.022580
v 0.149076 -0.009892 -0.011959
v 0.139663 -0.047562 0.026390
v 0.155628 -0.021732 -0.022580
v 0.139663 -0.047562 0.026390
v 0.146070 -0.059983 0.016360
v 0.149076 -0.009892 -0.011959
v 0.136822 -0.001289 -0.004080
v 0.128000 -0.036597 0.031864
v 0.149076 -0.009892 -0.011959
v 0.128000 -0.036597 0.031864
v 0.139663 -0.047562 0.026390
v 0.136822 -0.001289 -0.004080
v 0.120733 0.002769 -0.000142
v 0.112856 -0.028755 0.031950
v 0.136822 -0.001289 -0.004080
v 0.112856 -0.028755 0.031950
v 0.128000 -0.036597 0.031864
v 0.120733 0.002769 -0.000142
v 0.103258 0.001664 -0.000746
v 0.096538 -0.025231 0.026633
v 0.120733 0.002769 -0.000142
v 0.096538 -0.025231 0.026633
v 0.112856 -0.028755 0.031950
v 0.222220 -0.326448 -0.233312
v 0.222411 -0.339511 -0.247546
v 0.230014 -0.309081 -0.278524
v 0.222220 -0.326448 -0.233312
v 0.230014 -0.309081 -0.278524
v 0.230174 -0.294612 -0.265721
v 0.222411 -0.339511 -0.247546
v 0.215780 -0.350110 -0.262914
v 0.222577 -0.322909 -0.290605
v 0.222411 -0.339511 -0.247546
v 0.222577 -0.322909 -0.290605
v 0.230014 -0.309081 -0.278524
v 0.215780 -0.350110 -0.262914
v 0.203337 -0.356632 -0.277076
v 0.208994 -0.333992 -0.300123
v 0.215780 -0.350110 -0.262914
v 0.208994 -0.333992 -0.300123
v 0.222577 -0.322909 -0.290605
v 0.203337 -0.356632 -0.277076
v 0.183932 -0.357069 -0.288478
v 0.188083 -0.340453 -0.305393
v 0.203337 -0.356632 -0.277076
v 0.188083 -0.340453 -0.305393
v 0.208994 -0.333992 -0.300123
v 0.146070 -0.059983 0.016360
v 0.139663 -0.047562 0.026390
v 0.111137 -0.083895 0.055449
v 0.146070 -0.059983 0.016360
v 0.111137 -0.083895 0.055449
v 0.117104 -0.096875 0.045868
v 0.139663 -0.047562 0.026390
v 0.128000 -0.036597 0.031864
v 0.101263 -0.070651 0.059102
v 0.139663 -0.047562 0.026390
v 0.101263 -0.070651 0.059102
v 0.111137 -0.083895 0.055449
v 0.128000 -0.036597 0.031864
v 0.112856 -0.028755 0.031950
v 0.088984 -0.059160 0.056268
v 0.128000 -0.036597 0.031864
v 0.088984 -0.059160 0.056268
v 0.101263 -0.070651 0.059102
v 0.112856 -0.028755 0.031950
v 0.096538 -0.025231 0.026633
v 0.076171 -0.051171 0.047381
v 0.112856 -0.028755 0.031950
v 0.076171 -0.051171 0.047381
v 0.088984 -0.059160 0.056268
v 0.198112 -0.357153 -0.208753
v 0.199367 -0.368861 -0.224071
v 0.222411 -0.339511 -0.247546
v 0.198112 -0.357153 -0.208753
v 0.222411 -0.339511 -0.247546
v 0.222220 -0.326448 -0.233312
v 0.199367 -0.368861 -0.224071
v 0.195181 -0.376345 -0.241930
v 0.215780 -0.350110 -0.262914
v 0.199367 -0.368861 -0.224071
v 0.215780 -0.350110 -0.262914
v 0.222411 -0.339511 -0.247546
v 0.195181 -0.376345 -0.241930
v 0.186193 -0.378467 -0.259611
v 0.203337 -0.356632 -0.277076
v 0.195181 -0.376345 -0.241930
v 0.203337 -0.356632 -0.277076
v 0.215780 -0.350110 -0.262914
v 0.186193 -0.378467 -0.259611
v 0.171349 -0.373095 -0.275660
v 0.183932 -0.357069 -0.288478
v 0.186193 -0.378467 -0.259611
v 0.183932 -0.357069 -0.288478
v 0.203337 -0.356632 -0.277076
v 0.117104 -0.096875 0.045868
v 0.111137 -0.083895 0.055449
v 0.067840 -0.113358 0.070796
v 0.117104 -0.096875 0.045868
v 0.067840 -0.113358 0.070796
v 0.073139 -0.126792 0.061451
v 0.111137 -0.083895 0.055449
v 0.101263 -0.070651 0.059102
v 0.060680 -0.098266 0.073486
v 0.111137 -0.083895 0.055449
v 0.060680 -0.098266 0.073486
v 0.067840 -0.113358 0.070796
v 0.101263 -0.070651 0.059102
v 0.088984 -0.059160 0.056268
v 0.052751 -0.083816 0.069111
v 0.101263 -0.070651 0.059102
v 0.052751 -0.083816 0.069111
v 0.060680 -0.098266 0.073486
v 0.088984 -0.059160 0.056268
v 0.076171 -0.051171 0.047381
v 0.045259 -0.072206 0.058338
v 0.088984 -0.059160 0.056268
v 0.045259 -0.072206 0.058338
v 0.052751 -0.083816 0.069111
v 0.161521 -0.382052 -0.195784
v 0.164391 -0.392662 -0.211674
v 0.199367 -0.368861 -0.224071
v 0.161521 -0.382052 -0.195784
v 0.199367 -0.368861 -0.224071
v 0.198112 -0.357153 -0.208753
v 0.164391 -0.392662 -0.211674
v 0.163917 -0.397620 -0.230848
v 0.195181 -0.376345 -0.241930
v 0.164391 -0.392662 -0.211674
v 0.195181 -0.376345 -0.241930
v 0.199367 -0.368861 -0.224071
v 0.163917 -0.397620 -0.230848
v 0.160172 -0.396174 -0.250388
v 0.186193 -0.378467 -0.259611
v 0.163917 -0.397620 -0.230848
v 0.186193 -0.378467 -0.259611
v 0.195181 -0.376345 -0.241930
v 0.160172 -0.396174 -0.250388
v 0.152251 -0.386091 -0.268891
v 0.171349 -0.373095 -0.275660
v 0.160172 -0.396174 -0.250388
v 0.171349 -0.373095 -0.275660
v 0.186193 -0.378467 -0.259611
v 0.073139 -0.126792 0.061451
v 0.067840 -0.113358 0.070796
v 0.016363 -0.131466 0.070093
v 0.073139 -0.126792 0.061451
v 0.016363 -0.131466 0.070093
v 0.020869 -0.145180 0.060738
v 0.067840 -0.113358 0.070796
v 0.060680 -0.098266 0.073486
v 0.012431 -0.115239 0.072827
v 0.067840 -0.113358 0.070796
v 0.012431 -0.115239 0.072827
v 0.016363 -0.131466 0.070093
v 0.060680 -0.098266 0.073486
v 0.052751 -0.083816 0.069111
v 0.009673 -0.098970 0.068523
v 0.060680 -0.098266 0.073486
v 0.009673 -0.098970 0.068523
v 0.012431 -0.115239 0.072827
v 0.052751 -0.083816 0.069111
v 0.045259 -0.072206 0.058338
v 0.008507 -0.085135 0.057836
v 0.052751 -0.083816 0.069111
v 0.008507 -0.085135 0.057836
v 0.009673 -0.098970 0.068523
v 0.118017 -0.397356 -0.196378
v 0.122807 -0.407290 -0.212242
v 0.164391 -0.392662 -0.211674
v 0.118017 -0.397356 -0.196378
v 0.164391 -0.392662 -0.211674
v 0.161521 -0.382052 -0.195784
v 0.122807 -0.407290 -0.212242
v 0.126746 -0.410697 -0.231356
v 0.163917 -0.397620 -0.230848
v 0.122807 -0.407290 -0.212242
v 0.163917 -0.397620 -0.230848
v 0.164391 -0.392662 -0.211674
v 0.126746 -0.410697 -0.231356
v 0.129235 -0.407057 -0.250810
v 0.160172 -0.396174 -0.250388
v 0.126746 -0.410697 -0.231356
v 0.160172 -0.396174 -0.250388
v 0.163917 -0.397620 -0.230848
v 0.129235 -0.407057 -0.250810
v 0.129546 -0.394078 -0.269201
v 0.152251 -0.386091 -0.268891
v 0.129235 -0.407057 -0.250810
v 0.152251 -0.386091 -0.268891
v 0.160172 -0.396174 -0.250388
v 0.020869 -0.145180 0.060738
v 0.016363 -0.131466 0.070093
v -0.035456 -0.135463 0.053448
v 0.020869 -0.145180 0.060738
v -0.035456 -0.135463 0.053448
v -0.031749 -0.149239 0.043836
v 0.016363 -0.131466 0.070093
v 0.012431 -0.115239 0.072827
v -0.036138 -0.118986 0.057226
v 0.016363 -0.131466 0.070093
v -0.036138 -0.118986 0.057226
v -0.035456 -0.135463 0.053448
v 0.012431 -0.115239 0.072827
v 0.009673 -0.098970 0.068523
v -0.033692 -0.102315 0.054594
v 0.012431 -0.115239 0.072827
v -0.033692 -0.102315 0.054594
v -0.036138 -0.118986 0.057226
v 0.009673 -0.098970 0.068523
v 0.008507 -0.085135 0.057836
v -0.028490 -0.087989 0.045952
v 0.009673 -0.098970 0.068523
v -0.028490 -0.087989 0.045952
v -0.033692 -0.102315 0.054594
v 0.074224 -0.400734 -0.210445
v 0.080947 -0.410519 -0.225688
v 0.122807 -0.407290 -0.212242
v 0.074224 -0.400734 -0.210445
v 0.122807 -0.407290 -0.212242
v 0.118017 -0.397356 -0.196378
v 0.080947 -0.410519 -0.225688
v 0.089328 -0.413583 -0.243375
v 0.126746 -0.410697 -0.231356
v 0.080947 -0.410519 -0.225688
v 0.126746 -0.410697 -0.231356
v 0.122807 -0.407290 -0.212242
v 0.089328 -0.413583 -0.243375
v 0.098092 -0.409459 -0.260814
v 0.129235 -0.407057 -0.250810
v 0.089328 -0.413583 -0.243375
v 0.129235 -0.407057 -0.250810
v 0.126746 -0.410697 -0.231356
v 0.098092 -0.409459 -0.260814
v 0.106689 -0.395841 -0.276543
v 0.129546 -0.394078 -0.269201
v 0.098092 -0.409459 -0.260814
v 0.129546 -0.394078 -0.269201
v 0.129235 -0.407057 -0.250810
v -0.031749 -0.149239 0.043836
v -0.035456 -0.135463 0.053448
v -0.079728 -0.124741 0.023395
v -0.031749 -0.149239 0.043836
v -0.079728 -0.124741 0.023395
v -0.076703 -0.138351 0.013319
v -0.035456 -0.135463 0.053448
v -0.036138 -0.118986 0.057226
v -0.077635 -0.108935 0.029057
v -0.035456 -0.135463 0.053448
v -0.077635 -0.108935 0.029057
v -0.079728 -0.124741 0.023395
v -0.036138 -0.118986 0.057226
v -0.033692 -0.102315 0.054594
v -0.070742 -0.093342 0.029443
v -0.036138 -0.118986 0.057226
v -0.070742 -0.093342 0.029443
v -0.077635 -0.108935 0.029057
v -0.033692 -0.102315 0.054594
v -0.028490 -0.087989 0.045952
v -0.060099 -0.080333 0.024495
v -0.033692 -0.102315 0.054594
v -0.060099 -0.080333 0.024495
v -0.070742 -0.093342 0.029443
v 0.036809 -0.391672 -0.235843
v 0.045183 -0.401857 -0.249965
v 0.080947 -0.410519 -0.225688
v 0.036809 -0.391672 -0.235843
v 0.080947 -0.410519 -0.225688
v 0.074224 -0.400734 -0.210445
v 0.045183 -0.401857 -0.249965
v 0.057360 -0.405840 -0.265076
v 0.089328 -0.413583 -0.243375
v 0.045183 -0.401857 -0.249965
v 0.089328 -0.413583 -0.243375
v 0.080947 -0.410519 -0.225688
v 0.057360 -0.405840 -0.265076
v 0.071484 -0.403015 -0.278876
v 0.098092 -0.409459 -0.260814
v 0.057360 -0.405840 -0.265076
v 0.098092 -0.409459 -0.260814
v 0.089328 -0.413583 -0.243375
v 0.071484 -0.403015 -0.278876
v 0.087161 -0.391111 -0.289799
v 0.106689 -0.395841 -0.276543
v 0.071484 -0.403015 -0.278876
v 0.106689 -0.395841 -0.276543
v 0.098092 -0.409459 -0.260814
v -0.076703 -0.138351 0.013319
v -0.079728 -0.124741 0.023395
v -0.109714 -0.100930 -0.015492
v -0.076703 -0.138351 0.013319
v -0.109714 -0.100930 -0.015492
v -0.107152 -0.114173 -0.026167
v -0.079728 -0.124741 0.023395
v -0.077635 -0.108935 0.029057
v -0.105741 -0.086618 -0.007391
v -0.079728 -0.124741 0.023395
v -0.105741 -0.086618 -0.007391
v -0.109714 -0.100930 -0.015492
v -0.077635 -0.108935 0.029057
v -0.070742 -0.093342 0.029443
v -0.095836 -0.073416 -0.003099
v -0.077635 -0.108935 0.029057
v -0.095836 -0.073416 -0.003099
v -0.105741 -0.086618 -0.007391
v -0.070742 -0.093342 0.029443
v -0.060099 -0.080333 0.024495
v -0.081507 -0.063334 -0.003268
v -0.070742 -0.093342 0.029443
v -0.081507 -0.063334 -0.003268
v -0.095836 -0.073416 -0.003099
v 0.011467 -0.371550 -0.268707
v 0.020960 -0.382623 -0.281378
v 0.045183 -0.401857 -0.249965
v 0.011467 -0.371550 -0.268707
v 0.045183 -0.401857 -0.249965
v 0.036809 -0.391672 -0.235843
v 0.020960 -0.382623 -0.281378
v 0.035707 -0.388647 -0.293156
v 0.057360 -0.405840 -0.265076
v 0.020960 -0.382623 -0.281378
v 0.057360 -0.405840 -0.265076
v 0.045183 -0.401857 -0.249965
v 0.035707 -0.388647 -0.293156
v 0.053463 -0.388705 -0.302246
v 0.071484 -0.403015 -0.278876
v 0.035707 -0.388647 -0.293156
v 0.071484 -0.403015 -0.278876
v 0.057360 -0.405840 -0.265076
v 0.053463 -0.388705 -0.302246
v 0.073935 -0.380609 -0.306951
v 0.087161 -0.391111 -0.289799
v 0.053463 -0.388705 -0.302246
v 0.087161 -0.391111 -0.289799
v 0.071484 -0.403015 -0.278876
v -0.107152 -0.114173 -0.026167
v -0.109714 -0.100930 -0.015492
v -0.120849 -0.067657 -0.057291
v -0.107152 -0.114173 -0.026167
v -0.120849 -0.067657 -0.057291
v -0.118458 -0.080388 -0.068610
v -0.109714 -0.100930 -0.015492
v -0.105741 -0.086618 -0.007391
v -0.116177 -0.055432 -0.046570
v -0.109714 -0.100930 -0.015492
v -0.116177 -0.055432 -0.046570
v -0.120849 -0.067657 -0.057291
v -0.105741 -0.086618 -0.007391
v -0.095836 -0.073416 -0.003099
v -0.105153 -0.045571 -0.038079
v -0.105741 -0.086618 -0.007391
v -0.105153 -0.045571 -0.038079
v -0.116177 -0.055432 -0.046570
v -0.095836 -0.073416 -0.003099
v -0.081507 -0.063334 -0.003268
v -0.089457 -0.039578 -0.033111
v -0.095836 -0.073416 -0.003099
v -0.089457 -0.039578 -0.033111
v -0.105153 -0.045571 -0.038079
v 0.002058 -0.343430 -0.304032
v 0.011966 -0.355744 -0.315144
v 0.020960 -0.382623 -0.281378
v 0.002058 -0.343430 -0.304032
v 0.020960 -0.382623 -0.281378
v 0.011467 -0.371550 -0.268707
v 0.011966 -0.355744 -0.315144
v 0.027667 -0.364621 -0.323339
v 0.035707 -0.388647 -0.293156
v 0.011966 -0.355744 -0.315144
v 0.035707 -0.388647 -0.293156
v 0.020960 -0.382623 -0.281378
v 0.027667 -0.364621 -0.323339
v 0.046772 -0.368708 -0.327367
v 0.053463 -0.388705 -0.302246
v 0.027667 -0.364621 -0.323339
v 0.053463 -0.388705 -0.302246
v 0.035707 -0.388647 -0.293156
v 0.046772 -0.368708 -0.327367
v 0.069023 -0.365933 -0.325388
v 0.073935 -0.380609 -0.306951
v 0.046772 -0.368708 -0.327367
v 0.073935 -0.380609 -0.306951
v 0.053463 -0.388705 -0.302246
v -0.089457 -0.039578 -0.033111
v -0.081507 -0.063334 -0.003268
v -0.060099 -0.080333 0.024495
v -0.089457 -0.039578 -0.033111
v -0.060099 -0.080333 0.024495
v -0.028490 -0.087989 0.045952
v -0.089457 -0.039578 -0.033111
v -0.028490 -0.087989 0.045952
v 0.008507 -0.085135 0.057836
v -0.089457 -0.039578 -0.033111
v 0.008507 -0.085135 0.057836
v 0.045259 -0.072206 0.058338
v -0.089457 -0.039578 -0.033111
v 0.045259 -0.072206 0.058338
v 0.076171 -0.051171 0.047381
v -0.089457 -0.039578 -0.033111
v 0.076171 -0.051171 0.047381
v 0.096538 -0.025231 0.026633
v -0.089457 -0.039578 -0.033111
v 0.096538 -0.025231 0.026633
v 0.103258 0.001664 -0.000746
v -0.089457 -0.039578 -0.033111
v 0.103258 0.001664 -0.000746
v 0.095308 0.025419 -0.030589
v -0.089457 -0.039578 -0.033111
v 0.095308 0.025419 -0.030589
v 0.073900 0.042419 -0.058352
v -0.089457 -0.039578 -0.033111
v 0.073900 0.042419 -0.058352
v 0.042291 0.050074 -0.079809
v -0.089457 -0.039578 -0.033111
v 0.042291 0.050074 -0.079809
v 0.005294 0.047221 -0.091693
v -0.089457 -0.039578 -0.033111
v 0.005294 0.047221 -0.091693
v -0.031458 0.034292 -0.092195
v -0.089457 -0.039578 -0.033111
v -0.031458 0.034292 -0.092195
v -0.062370 0.013256 -0.081238
v -0.089457 -0.039578 -0.033111
v -0.062370 0.013256 -0.081238
v -0.082737 -0.012683 -0.060490
v -0.118458 -0.080388 -0.068610
v -0.108900 -0.042137 -0.107550
v 0.010012 -0.311595 -0.336441
v -0.118458 -0.080388 -0.068610
v 0.010012 -0.311595 -0.336441
v 0.002058 -0.343430 -0.304032
v -0.107152 -0.114173 -0.026167
v -0.118458 -0.080388 -0.068610
v 0.002058 -0.343430 -0.304032
v -0.107152 -0.114173 -0.026167
v 0.002058 -0.343430 -0.304032
v 0.011467 -0.371550 -0.268707
v 0.073175 -0.349317 -0.342304
v 0.085758 -0.333291 -0.355121
v 0.104856 -0.320296 -0.361891
v 0.073175 -0.349317 -0.342304
v 0.104856 -0.320296 -0.361891
v 0.127561 -0.312308 -0.361581
v 0.073175 -0.349317 -0.342304
v 0.127561 -0.312308 -0.361581
v 0.150418 -0.310545 -0.354239
v 0.073175 -0.349317 -0.342304
v 0.150418 -0.310545 -0.354239
v 0.169946 -0.315275 -0.340982
v 0.073175 -0.349317 -0.342304
v 0.169946 -0.315275 -0.340982
v 0.183172 -0.325777 -0.323830
v 0.073175 -0.349317 -0.342304
v 0.183172 -0.325777 -0.323830
v 0.188083 -0.340453 -0.305393
v 0.073175 -0.349317 -0.342304
v 0.188083 -0.340453 -0.305393
v 0.183932 -0.357069 -0.288478
v 0.073175 -0.349317 -0.342304
v 0.183932 -0.357069 -0.288478
v 0.171349 -0.373095 -0.275660
v 0.073175 -0.349317 -0.342304
v 0.171349 -0.373095 -0.275660
v 0.152251 -0.386091 -0.268891
v 0.073175 -0.349317 -0.342304
v 0.152251 -0.386091 -0.268891
v 0.129546 -0.394078 -0.269201
v 0.073175 -0.349317 -0.342304
v 0.129546 -0.394078 -0.269201
v 0.106689 -0.395841 -0.276543
v 0.073175 -0.349317 -0.342304
v 0.106689 -0.395841 -0.276543
v 0.087161 -0.391111 -0.289799
v 0.073175 -0.349317 -0.342304
v 0.087161 -0.391111 -0.289799
v 0.073935 -0.380609 -0.306951
v 0.073175 -0.349317 -0.342304
v 0.073935 -0.380609 -0.306951
v 0.069023 -0.365933 -0.325388
v -0.108900 -0.042137 -0.107550
v -0.079934 -0.005245 -0.137058
v 0.034120 -0.280890 -0.361000
v -0.108900 -0.042137 -0.107550
v 0.034120 -0.280890 -0.361000
v 0.010012 -0.311595 -0.336441
v -0.079934 -0.005245 -0.137058
v -0.035969 0.024673 -0.152641
v 0.070711 -0.255990 -0.373969
v -0.079934 -0.005245 -0.137058
v 0.070711 -0.255990 -0.373969
v 0.034120 -0.280890 -0.361000
v -0.035969 0.024673 -0.152641
v 0.016301 0.043060 -0.151928
v 0.114215 -0.240687 -0.373375
v -0.035969 0.024673 -0.152641
v 0.114215 -0.240687 -0.373375
v 0.070711 -0.255990 -0.373969
v 0.016301 0.043060 -0.151928
v 0.068919 0.047119 -0.135026
v 0.158008 -0.237309 -0.359308
v 0.016301 0.043060 -0.151928
v 0.158008 -0.237309 -0.359308
v 0.114215 -0.240687 -0.373375
v 0.068919 0.047119 -0.135026
v 0.113874 0.036231 -0.104509
v 0.195423 -0.246371 -0.333910
v 0.068919 0.047119 -0.135026
v 0.195423 -0.246371 -0.333910
v 0.158008 -0.237309 -0.359308
v 0.113874 0.036231 -0.104509
v 0.144322 0.012054 -0.065023
v 0.220764 -0.266493 -0.301046
v 0.113874 0.036231 -0.104509
v 0.220764 -0.266493 -0.301046
v 0.195423 -0.246371 -0.333910
v 0.144322 0.012054 -0.065023
v 0.155628 -0.021732 -0.022580
v 0.230174 -0.294612 -0.265721
v 0.144322 0.012054 -0.065023
v 0.230174 -0.294612 -0.265721
v 0.220764 -0.266493 -0.301046
v 0.155628 -0.021732 -0.022580
v 0.146070 -0.059983 0.016360
v 0.222220 -0.326448 -0.233312
v 0.155628 -0.021732 -0.022580
v 0.222220 -0.326448 -0.233312
v 0.230174 -0.294612 -0.265721
v 0.146070 -0.059983 0.016360
v 0.117104 -0.096875 0.045868
v 0.198112 -0.357153 -0.208753
v 0.146070 -0.059983 0.016360
v 0.198112 -0.357153 -0.208753
v 0.222220 -0.326448 -0.233312
v 0.117104 -0.096875 0.045868
v 0.073139 -0.126792 0.061451
v 0.161521 -0.382052 -0.195784
v 0.117104 -0.096875 0.045868
v 0.161521 -0.382052 -0.195784
v 0.198112 -0.357153 -0.208753
v 0.073139 -0.126792 0.061451
v 0.020869 -0.145180 0.060738
v 0.118017 -0.397356 -0.196378
v 0.073139 -0.126792 0.061451
v 0.118017 -0.397356 -0.196378
v 0.161521 -0.382052 -0.195784
v 0.020869 -0.145180 0.060738
v -0.031749 -0.149239 0.043836
v 0.074224 -0.400734 -0.210445
v 0.020869 -0.145180 0.060738
v 0.074224 -0.400734 -0.210445
v 0.118017 -0.397356 -0.196378
v -0.031749 -0.149239 0.043836
v -0.076703 -0.138351 0.013319
v 0.036809 -0.391672 -0.235843
v -0.031749 -0.149239 0.043836
v 0.036809 -0.391672 -0.235843
v 0.074224 -0.400734 -0.210445
v -0.076703 -0.138351 0.013319
v -0.107152 -0.114173 -0.026167
v 0.011467 -0.371550 -0.268707
v -0.076703 -0.138351 0.013319
v 0.011467 -0.371550 -0.268707
v 0.036809 -0.391672 -0.235843
f 1 2 3
f 4 5 6
f 7 8 9
f 10 11 12
f 13 14 15
f 16 17 18
f 19 20 21
f 22 23 24
f 25 26 27
f 28 29 30
f 31 32 33
f 34 35 36
f 37 38 39
f 40 41 42
f 43 44 45
f 46 47 48
f 49 50 51
f 52 53 54
f 55 56 57
f 58 59 60
f 61 62 63
f 64 65 66
f 67 68 69
f 70 71 72
f 73 74 75
f 76 77 78
f 79 80 81
f 82 83 84
f 85 86 87
f 88 89 90
f 91 92 93
f 94 95 96
f 97 98 99
f 100 101 102
f 103 104 105
f 106 107 108
f 109 110 111
f 112 113 114
f 115 116 117
f 118 119 120
f 121 122 123
f 124 125 126
f 127 128 129
f 130 131 132
f 133 134 135
f 136 137 138
f 139 140 141
f 142 143 144
f 145 146 147
f 148 149 150
f 151 152 153
f 154 155 156
f 157 158 159
f 160 161 162
f 163 164 165
f 166 167 168
f 169 170 171
f 172 173 174
f 175 176 177
f 178 179 180
f 181 182 183
f 184 185 186
f 187 188 189
f 190 191 192
f 193 194 195
f 196 197 198
f 199 200 201
f 202 203 204
f 205 206 207
f 208 209 210
f 211 212 213
f 214 215 216
f 217 218 219
f 220 221 222
f 223 224 225
f 226 227 228
f 229 230 231
f 232 233 234
f 235 236 237
f 238 239 240
f 241 242 243
f 244 245 246
f 247 248 249
f 250 251 252
f 253 254 255
f 256 257 258
f 259 260 261
f 262 263 264
f 265 266 267
f 268 269 270
f 271 272 273
f 274 275 276
f 277 278 279
f 280 281 282
f 283 284 285
f 286 287 288
f 289 290 291
f 292 293 294
f 295 296 297
f 298 299 300
f 301 302 303
f 304 305 306
f 307 308 309
f 310 311 312
f 313 314 315
f 316 317 318
f 319 320 321
f 322 323 324
f 325 326 327
f 328 329 330
f 331 332 333
f 334 335 336
f 337 338 339
f 340 341 342
f 343 344 345
f 346 347 348
f 349 350 351
f 352 353 354
f 355 356 357
f 358 359 360
f 361 362 363
f 364 365 366
f 367 368 369
f 370 371 372
f 373 374 375
f 376 377 378
f 379 380 381
f 382 383 384
f 385 386 387
f 388 389 390
f 391 392 393
f 394 395 396
f 397 398 399
f 400 401 402
f 403 404 405
f 406 407 408
f 409 410 411
f 412 413 414
f 415 416 417
f 418 419 420
f 421 422 423
f 424 425 426
f 427 428 429
f 430 431 432
f 433 434 435
f 436 437 438
f 439 440 441
f 442 443 444
f 445 446 447
f 448 449 450
f 451 452 453
f 454 455 456
f 457 458 459
f 460 461 462
f 463 464 465
f 466 467 468
f 469 470 471
f 472 473 474
f 475 476 477
f 478 479 480
f 481 482 483
f 484 485 486
f 487 488 489
f 490 491 492
f 493 494 495
f 496 497 498
f 499 500 501
f 502 503 504
f 505 506 507
f 508 509 510
f 511 512 513
f 514 515 516
f 517 518 519
f 520 521 522
f 523 524 525
f 526 527 528
f 529 530 531
f 532 533 534
f 535 536 537
f 538 539 540
f 541 542 543
f 544 545 546
f 547 548 549
f 550 551 552
f 553 554 555
f 556 557 558
f 559 560 561
f 562 563 564
f 565 566 567
f 568 569 570
f 571 572 573
f 574 575 576
f 577 578 579
f 580 581 582
f 583 584 585
f 586 587 588
f 589 590 591
f 592 593 594
f 595 596 597
f 598 599 600
f 601 602 603
f 604 605 606
f 607 608 609
f 610 611 612
f 613 614 615
f 616 617 618
f 619 620 621
f 622 623 624
f 625 626 627
f 628 629 630
f 631 632 633
f 634 635 636
f 637 638 639
f 640 641 642
f 643 644 645
f 646 647 648
f 649 650 651
f 652 653 654
f 655 656 657
f 658 659 660
f 661 662 663
f 664 665 666
f 667 668 669
f 670 671 672
f 673 674 675
f 676 677 678
f 679 680 681
f 682 683 684
f 685 686 687
f 688 689 690
f 691 692 693
f 694 695 696
f 697 698 699
f 700 701 702
f 703 704 705
f 706 707 708
f 709 710 711
f 712 713 714
f 715 716 717
f 718 719 720
f 721 722 723
f 724 725 726
f 727 728 729
f 730 731 732
f 733 734 735
f 736 737 738
f 739 740 741
f 742 743 744
f 745 746 747
f 748 749 750
f 751 752 753
f 754 755 756
f 757 758 759
f 760 761 762
f 763 764 765
f 766 767 768
f 769 770 771
f 772 773 774
f 775 776 777
f 778 779 780
f 781 782 783
f 784 785 786
f 787 788 789
f 790 791 792
f 793 794 795
f 796 797 798
f 799 800 801
f 802 803 804
f 805 806 807
f 808 809 810
f 811 812 813
f 814 815 816
f 817 818 819
f 820 821 822
f 823 824 825
f 826 827 828
f 829 830 831
f 832 833 834
f 835 836 837
f 838 839 840
f 841 842 843
f 844 845 846
f 847 848 849
f 850 851 852
f 853 854 855
f 856 857 858
f 859 860 861
f 862 863 864
f 865 866 867
f 868 869 870
f 871 872 873
f 874 875 876
f 877 878 879
f 880 881 882
f 883 884 885
f 886 887 888
f 889 890 891
f 892 893 894
f 895 896 897
f 898 899 900
f 901 902 903
f 904 905 906
f 907 908 909
f 910 911 912
f 913 914 915
f 916 917 918
f 919 920 921
f 922 923 924
f 925 926 927
f 928 929 930
f 931 932 933
f 934 935 936
f 937 938 939
f 940 941 942
f 943 944 945
f 946 947 948
f 949 950 951
f 952 953 954
f 955 956 957
f 958 959 960
f 961 962 963
f 964 965 966
f 967 968 969
f 970 971 972
f 973 974 975
f 976 977 978
f 979 980 981
f 982 983 984
f 985 986 987
f 988 989 990
f 991 992 993
f 994 995 996
f 997 998 999
f 1000 1001 1002
f 1003 1004 1005
f 1006 1007 1008
f 1009 1010 1011
f 1012 1013 1014
f 1015 1016 1017
f 1018 1019 1020
f 1021 1022 1023
f 1024 1025 1026
f 1027 1028 1029
f 1030 1031 1032
f 1033 1034 1035
f 1036 1037 1038
f 1039 1040 1041
f 1042 1043 1044
f 1045 1046 1047
f 1048 1049 1050
f 1051 1052 1053
f 1054 1055 1056
f 1057 1058 1059
f 1060 1061 1062
f 1063 1064 1065
f 1066 1067 1068
f 1069 1070 1071
f 1072 1073 1074
f 1075 1076 1077
f 1078 1079 1080
f 1081 1082 1083
f 1084 1085 1086
f 1087 1088 1089
f 1090 1091 1092
f 1093 1094 1095
f 1096 1097 1098
f 1099 1100 1101
f 1102 1103 1104
f 1105 1106 1107
f 1108 1109 1110
f 1111 1112 1113
f 1114 1115 1116
f 1117 1118 1119
f 1120 1121 1122
f 1123 1124 1125
f 1126 1127 1128
f 1129 1130 1131
f 1132 1133 1134
f 1135 1136 1137
f 1138 1139 1140
f 1141 1142 1143
f 1144 1145 1146
f 1147 1148 1149
f 1150 1151 1152
f 1153 1154 1155
f 1156 1157 1158
f 1159 1160 1161
f 1162 1163 1164
f 1165 1166 1167
f 1168 1169 1170
f 1171 1172 1173
f 1174 1175 1176
f 1177 1178 1179
f 1180 1181 1182
f 1183 1184 1185
f 1186 1187 1188
f 1189 1190 1191
f 1192 1193 1194
f 1195 1196 1197
f 1198 1199 1200
f 1201 1202 1203
f 1204 1205 1206
f 1207 1208 1209
f 1210 1211 1212
f 1213 1214 1215
f 1216 1217 1218
f 1219 1220 1221
f 1222 1223 1224
f 1225 1226 1227
f 1228 1229 1230
f 1231 1232 1233
f 1234 1235 1236
f 1237 1238 1239
f 1240 1241 1242
f 1243 1244 1245
f 1246 1247 1248
f 1249 1250 1251
f 1252 1253 1254
f 1255 1256 1257
f 1258 1259 1260
f 1261 1262 1263
f 1264 1265 1266
f 1267 1268 1269
f 1270 1271 1272
f 1273 1274 1275
f 1276 1277 1278
f 1279 1280 1281
f 1282 1283 1284
f 1285 1286 1287
f 1288 1289 1290
f 1291 1292 1293
f 1294 1295 1296
f 1297 1298 1299
f 1300 1301 1302
f 1303 1304 1305
f 1306 1307 1308
f 1309 1310 1311
f 1312 1313 1314
f 1315 1316 1317
f 1318 1319 1320
f 1321 1322 1323
f 1324 1325 1326
f 1327 1328 1329
f 1330 1331 1332
f 1333 1334 1335
f 1336 1337 1338
f 1339 1340 1341
f 1342 1343 1344
f 1345 1346 1347
f 1348 1349 1350
f 1351 1352 1353
f 1354 1355 1356
f 1357 1358 1359
f 1360 1361 1362
f 1363 1364 1365
f 1366 1367 1368
f 1369 1370 1371
f 1372 1373 1374
f 1375 1376 1377
f 1378 1379 1380
f 1381 1382 1383
f 1384 1385 1386
f 1387 1388 1389
f 1390 1391 1392
f 1393 1394 1395
f 1396 1397 1398
f 1399 1400 1401
f 1402 1403 1404
f 1405 1406 1407
f 1408 1409 1410
f 1411 1412 1413
f 1414 1415 1416
f 1417 1418 1419
f 1420 1421 1422
f 1423 1424 1425
f 1426 1427 1428
f 1429 1430 1431
f 1432 1433 1434
f 1435 1436 1437
f 1438 1439 1440
f 1441 1442 1443
f 1444 1445 1446
f 1447 1448 1449
f 1450 1451 1452
f 1453 1454 1455
f 1456 1457 1458
f 1459 1460 1461
f 1462 1463 1464
f 1465 1466 1467
f 1468 1469 1470
f 1471 1472 1473
f 1474 1475 1476
f 1477 1478 1479
f 1480 1481 1482
f 1483 1484 1485
f 1486 1487 1488
f 1489 1490 1491
f 1492 1493 1494
f 1495 1496 1497
f 1498 1499 1500
f 1501 1502 1503
f 1504 1505 1506
f 1507 1508 1509
f 1510 1511 1512
f 1513 1514 1515
f 1516 1517 1518
f 1519 1520 1521
f 1522 1523 1524
f 1525 1526 1527
f 1528 1529 1530
f 1531 1532 1533
f 1534 1535 1536
f 1537 1538 1539
f 1540 1541 1542
f 1543 1544 1545
f 1546 1547 1548
f 1549 1550 1551
f 1552 1553 1554
f 1555 1556 1557
f 1558 1559 1560
f 1561 1562 1563
f 1564 1565 1566
f 1567 1568 1569
f 1570 1571 1572
f 1573 1574 1575
f 1576 1577 1578
f 1579 1580 1581
f 1582 1583 1584
f 1585 1586 1587
f 1588 1589 1590
f 1591 1592 1593
f 1594 1595 1596
f 1597 1598 1599
f 1600 1601 1602
f 1603 1604 1605
f 1606 1607 1608
f 1609 1610 1611
f 1612 1613 1614
f 1615 1616 1617
f 1618 1619 1620
f 1621 1622 1623
f 1624 1625 1626
f 1627 1628 1629
f 1630 1631 1632
f 1633 1634 1635
f 1636 1637 1638
f 1639 1640 1641
f 1642 1643 1644
f 1645 1646 1647
f 1648 1649 1650
f 1651 1652 1653
f 1654 1655 1656
f 1657 1658 1659
f 1660 1661 1662
f 1663 1664 1665
f 1666 1667 1668
f 1669 1670 1671
f 1672 1673 1674
f 1675 1676 1677
f 1678 1679 1680
f 1681 1682 1683
f 1684 1685 1686
f 1687 1688 1689
f 1690 1691 1692
f 1693 1694 1695
f 1696 1697 1698
f 1699 1700 1701
f 1702 1703 1704
f 1705 1706 1707
f 1708 1709 1710
f 1711 1712 1713
f 1714 1715 1716
f 1717 1718 1719
f 1720 1721 1722
f 1723 1724 1725
f 1726 1727 1728
f 1729 1730 1731
f 1732 1733 1734
f 1735 1736 1737
f 1738 1739 1740
f 1741 1742 1743
f 1744 1745 1746
f 1747 1748 1749
f 1750 1751 1752
f 1753 1754 1755
f 1756 1757 1758
f 1759 1760 1761
f 1762 1763 1764
f 1765 1766 1767
f 1768 1769 1770
f 1771 1772 1773
f 1774 1775 1776
f 1777 1778 1779
f 1780 1781 1782
f 1783 1784 1785
f 1786 1787 1788
f 1789 1790 1791
f 1792 1793 1794
f 1795 1796 1797
f 1798 1799 1800
f 1801 1802 1803
f 1804 1805 1806
f 1807 1808 1809
f 1810 1811 1812
f 1813 1814 1815
f 1816 1817 1818
f 1819 1820 1821
f 1822 1823 1824
f 1825 1826 1827
f 1828 1829 1830
f 1831 1832 1833
f 1834 1835 1836
f 1837 1838 1839
f 1840 1841 1842
f 1843 1844 1845
f 1846 1847 1848
f 1849 1850 1851
f 1852 1853 1854
f 1855 1856 1857
f 1858 1859 1860
f 1861 1862 1863
f 1864 1865 1866
f 1867 1868 1869
f 1870 1871 1872
f 1873 1874 1875
f 1876 1877 1878
f 1879 1880 1881
f 1882 1883 1884
f 1885 1886 1887
f 1888 1889 1890
f 1891 1892 1893
f 1894 1895 1896
f 1897 1898 1899
f 1900 1901 1902
f 1903 1904 1905
f 1906 1907 1908
f 1909 1910 1911
f 1912 1913 1914
f 1915 1916 1917
f 1918 1919 1920
f 1921 1922 1923
f 1924 1925 1926
f 1927 1928 1929
f 1930 1931 1932
f 1933 1934 1935
f 1936 1937 1938
f 1939 1940 1941
f 1942 1943 1944
f 1945 1946 1947
f 1948 1949 1950
f 1951 1952 1953
f 1954 1955 1956
f 1957 1958 1959
f 1960 1961 1962
f 1963 1964 1965
f 1966 1967 1968
f 1969 1970 1971
f 1972 1973 1974
f 1975 1976 1977
f 1978 1979 1980
f 1981 1982 1983
f 1984 1985 1986
f 1987 1988 1989
f 1990 1991 1992
f 1993 1994 1995
f 1996 1997 1998
f 1999 2000 2001
f 2002 2003 2004
f 2005 2006 2007
f 2008 2009 2010
f 2011 2012 2013
f 2014 2015 2016
f 2017 2018 2019
f 2020 2021 2022
f 2023 2024 2025
f 2026 2027 2028
f 2029 2030 2031
f 2032 2033 2034
f 2035 2036 2037
f 2038 2039 2040
f 2041 2042 2043
f 2044 2045 2046
f 2047 2048 2049
f 2050 2051 2052
f 2053 2054 2055
f 2056 2057 2058
f 2059 2060 2061
f 2062 2063 2064
f 2065 2066 2067
f 2068 2069 2070
f 2071 2072 2073
f 2074 2075 2076
f 2077 2078 2079
f 2080 2081 2082
f 2083 2084 2085
f 2086 2087 2088
f 2089 2090 2091
f 2092 2093 2094
f 2095 2096 2097
f 2098 2099 2100
f 2101 2102 2103
f 2104 2105 2106
f 2107 2108 2109
f 2110 2111 2112
f 2113 2114 2115
f 2116 2117 2118
f 2119 2120 2121
f 2122 2123 2124
f 2125 2126 2127
f 2128 2129 2130
f 2131 2132 2133
f 2134 2135 2136
f 2137 2138 2139
f 2140 2141 2142
f 2143 2144 2145
f 2146 2147 2148
f 2149 2150 2151
f 2152 2153 2154
f 2155 2156 2157
f 2158 2159 2160
f 2161 2162 2163
f 2164 2165 2166
f 2167 2168 2169
f 2170 2171 2172
f 2173 2174 2175
f 2176 2177 2178
f 2179 2180 2181
f 2182 2183 2184
f 2185 2186 2187
f 2188 2189 2190
f 2191 2192 2193
f 2194 2195 2196
f 2197 2198 2199
f 2200 2201 2202
f 2203 2204 2205
f 2206 2207 2208
f 2209 2210 2211
f 2212 2213 2214
f 2215 2216 2217
f 2218 2219 2220
f 2221 2222 2223
f 2224 2225 2226
f 2227 2228 2229
f 2230 2231 2232
f 2233 2234 2235
f 2236 2237 2238
f 2239 2240 2241
f 2242 2243 2244
f 2245 2246 2247
f 2248 2249 2250
f 2251 2252 2253
f 2254 2255 2256
f 2257 2258 2259
f 2260 2261 2262
f 2263 2264 2265
f 2266 2267 2268
f 2269 2270 2271
f 2272 2273 2274
f 2275 2276 2277
f 2278 2279 2280
f 2281 2282 2283
f 2284 2285 2286
f 2287 2288 2289
f 2290 2291 2292
f 2293 2294 2295
f 2296 2297 2298
f 2299 2300 2301
f 2302 2303 2304
f 2305 2306 2307
f 2308 2309 2310
f 2311 2312 2313
f 2314 2315 2316
f 2317 2318 2319
f 2320 2321 2322
f 2323 2324 2325
f 2326 2327 2328
f 2329 2330 2331
f 2332 2333 2334
f 2335 2336 2337
f 2338 2339 2340
f 2341 2342 2343
f 2344 2345 2346
f 2347 2348 2349
f 2350 2351 2352
f 2353 2354 2355
f 2356 2357 2358
f 2359 2360 2361
f 2362 2363 2364
f 2365 2366 2367
f 2368 2369 2370
f 2371 2372 2373
f 2374 2375 2376
f 2377 2378 2379
f 2380 2381 2382
f 2383 2384 2385
f 2386 2387 2388
f 2389 2390 2391
f 2392 2393 2394
f 2395 2396 2397
f 2398 2399 2400
f 2401 2402 2403
f 2404 2405 2406
f 2407 2408 2409
f 2410 2411 2412
f 2413 2414 2415
f 2416 2417 2418
f 2419 2420 2421
f 2422 2423 2424
f 2425 2426 2427
f 2428 2429 2430
f 2431 2432 2433
f 2434 2435 2436
f 2437 2438 2439
f 2440 2441 2442
f 2443 2444 2445
f 2446 2447 2448
f 2449 2450 2451
f 2452 2453 2454
f 2455 2456 2457
f 2458 2459 2460
f 2461 2462 2463
f 2464 2465 2466
f 2467 2468 2469
f 2470 2471 2472
f 2473 2474 2475
f 2476 2477 2478
f 2479 2480 2481
f 2482 2483 2484
f 2485 2486 2487
f 2488 2489 2490
f 2491 2492 2493
f 2494 2495 2496
f 2497 2498 2499
f 2500 2501 2502
f 2503 2504 2505
f 2506 2507 2508
f 2509 2510 2511
f 2512 2513 2514
f 2515 2516 2517
f 2518 2519 2520
f 2521 2522 2523
f 2524 2525 2526
f 2527 2528 2529
f 2530 2531 2532
f 2533 2534 2535
f 2536 2537 2538
f 2539 2540 2541
f 2542 2543 2544
f 2545 2546 2547
f 2548 2549 2550
f 2551 2552 2553
f 2554 2555 2556
f 2557 2558 2559
f 2560 2561 2562
f 2563 2564 2565
f 2566 2567 2568
f 2569 2570 2571
f 2572 2573 2574
f 2575 2576 2577
f 2578 2579 2580
f 2581 2582 2583
f 2584 2585 2586
f 2587 2588 2589
f 2590 2591 2592
f 2593 2594 2595
f 2596 2597 2598
f 2599 2600 2601
f 2602 2603 2604
f 2605 2606 2607
f 2608 2609 2610
f 2611 2612 2613
f 2614 2615 2616
f 2617 2618 2619
f 2620 2621 2622
f 2623 2624 2625
f 2626 2627 2628
f 2629 2630 2631
f 2632 2633 2634
f 2635 2636 2637
f 2638 2639 2640
f 2641 2642 2643
f 2644 2645 2646
f 2647 2648 2649
f 2650 2651 2652
f 2653 2654 2655
f 2656 2657 2658
f 2659 2660 2661
f 2662 2663 2664
f 2665 2666 2667
f 2668 2669 2670
f 2671 2672 2673
f 2674 2675 2676
f 2677 2678 2679
f 2680 2681 2682
f 2683 2684 2685
f 2686 2687 2688
f 2689 2690 2691
f 2692 2693 2694
f 2695 2696 2697
f 2698 2699 2700
f 2701 2702 2703
f 2704 2705 2706
f 2707 2708 2709
f 2710 2711 2712
f 2713 2714 2715
f 2716 2717 2718
f 2719 2720 2721
f 2722 2723 2724
f 2725 2726 2727
f 2728 2729 2730
f 2731 2732 2733
f 2734 2735 2736
f 2737 2738 2739
f 2740 2741 2742
f 2743 2744 2745
f 2746 2747 2748
f 2749 2750 2751
f 2752 2753 2754
f 2755 2756 2757
f 2758 2759 2760
f 2761 2762 2763
f 2764 2765 2766
f 2767 2768 2769
f 2770 2771 2772
f 2773 2774 2775
f 2776 2777 2778
f 2779 2780 2781
f 2782 2783 2784
f 2785 2786 2787
f 2788 2789 2790
f 2791 2792 2793
f 2794 2795 2796
f 2797 2798 2799
f 2800 2801 2802
f 2803 2804 2805
f 2806 2807 2808
f 2809 2810 2811
f 2812 2813 2814
f 2815 2816 2817
f 2818 2819 2820
f 2821 2822 2823
f 2824 2825 2826
f 2827 2828 2829
f 2830 2831 2832
f 2833 2834 2835
f 2836 2837 2838
f 2839 2840 2841
f 2842 2843 2844
f 2845 2846 2847
f 2848 2849 2850
f 2851 2852 2853
f 2854 2855 2856
f 2857 2858 2859
f 2860 2861 2862
f 2863 2864 2865
f 2866 2867 2868
f 2869 2870 2871
f 2872 2873 2874
f 2875 2876 2877
f 2878 2879 2880
f 2881 2882 2883
f 2884 2885 2886
f 2887 2888 2889
f 2890 2891 2892
f 2893 2894 2895
f 2896 2897 2898
f 2899 2900 2901
f 2902 2903 2904
f 2905 2906 2907
f 2908 2909 2910
f 2911 2912 2913
f 2914 2915 2916
f 2917 2918 2919
f 2920 2921 2922
f 2923 2924 2925
f 2926 2927 2928
f 2929 2930 2931
f 2932 2933 2934
f 2935 2936 2937
f 2938 2939 2940
f 2941 2942 2943
f 2944 2945 2946
f 2947 2948 2949
f 2950 2951 2952
f 2953 2954 2955
f 2956 2957 2958
f 2959 2960 2961
f 2962 2963 2964
f 2965 2966 2967
f 2968 2969 2970
f 2971 2972 2973
f 2974 2975 2976
f 2977 2978 2979
f 2980 2981 2982
f 2983 2984 2985
f 2986 2987 2988
f 2989 2990 2991
f 2992 2993 2994
f 2995 2996 2997
f 2998 2999 3000
f 3001 3002 3003
f 3004 3005 3006
f 3007 3008 3009
f 3010 3011 3012
f 3013 3014 3015
f 3016 3017 3018
f 3019 3020 3021
f 3022 3023 3024
f 3025 3026 3027
f 3028 3029 3030
f 3031 3032 3033
f 3034 3035 3036
f 3037 3038 3039
f 3040 3041 3042
f 3043 3044 3045
f 3046 3047 3048
f 3049 3050 3051
f 3052 3053 3054
f 3055 3056 3057
f 3058 3059 3060
f 3061 3062 3063
f 3064 3065 3066
f 3067 3068 3069
f 3070 3071 3072
f 3073 3074 3075
f 3076 3077 3078
f 3079 3080 3081
f 3082 3083 3084
f 3085 3086 3087
f 3088 3089 3090
f 3091 3092 3093
f 3094 3095 3096
f 3097 3098 3099
f 3100 3101 3102
f 3103 3104 3105
f 3106 3107 3108
f 3109 3110 3111
f 3112 3113 3114
f 3115 3116 3117
f 3118 3119 3120
f 3121 3122 3123
f 3124 3125 3126
f 3127 3128 3129
f 3130 3131 3132
f 3133 3134 3135
f 3136 3137 3138
f 3139 3140 3141
f 3142 3143 3144
f 3145 3146 3147
f 3148 3149 3150
f 3151 3152 3153
f 3154 3155 3156
f 3157 3158 3159
f 3160 3161 3162
f 3163 3164 3165
f 3166 3167 3168
f 3169 3170 3171
f 3172 3173 3174
f 3175 3176 3177
f 3178 3179 3180
f 3181 3182 3183
f 3184 3185 3186
f 3187 3188 3189
f 3190 3191 3192
f 3193 3194 3195
f 3196 3197 3198
f 3199 3200 3201
f 3202 3203 3204
f 3205 3206 3207
f 3208 3209 3210
f 3211 3212 3213
f 3214 3215 3216
f 3217 3218 3219
f 3220 3221 3222
f 3223 3224 3225
f 3226 3227 3228
f 3229 3230 3231
f 3232 3233 3234
f 3235 3236 3237
f 3238 3239 3240
f 3241 3242 3243
f 3244 3245 3246
f 3247 3248 3249
f 3250 3251 3252
