# lizard mesh
v -0.063344 0.050097 0.071725
v -0.069673 0.035269 0.070557
v -0.073753 0.036429 0.087713
v -0.063344 0.050097 0.071725
v -0.073753 0.036429 0.087713
v -0.066263 0.052434 0.087451
v -0.069673 0.035269 0.070557
v -0.073611 0.018192 0.069484
v -0.078330 0.018633 0.087552
v -0.069673 0.035269 0.070557
v -0.078330 0.018633 0.087552
v -0.073753 0.036429 0.087713
v -0.066263 0.052434 0.087451
v -0.073753 0.036429 0.087713
v -0.074598 0.037420 0.106043
v -0.066263 0.052434 0.087451
v -0.074598 0.037420 0.106043
v -0.066460 0.054196 0.104920
v -0.073753 0.036429 0.087713
v -0.078330 0.018633 0.087552
v -0.079564 0.019051 0.106543
v -0.073753 0.036429 0.087713
v -0.079564 0.019051 0.106543
v -0.074598 0.037420 0.106043
v -0.052700 0.057998 0.061549
v -0.057315 0.048776 0.058468
v -0.063344 0.050097 0.071725
v -0.052700 0.057998 0.061549
v -0.063344 0.050097 0.071725
v -0.054710 0.061894 0.071379
v -0.057315 0.048776 0.058468
v -0.062108 0.034710 0.055260
v -0.069673 0.035269 0.070557
v -0.057315 0.048776 0.058468
v -0.069673 0.035269 0.070557
v -0.063344 0.050097 0.071725
v -0.062108 0.034710 0.055260
v -0.065302 0.018001 0.053108
v -0.073611 0.018192 0.069484
v -0.062108 0.034710 0.055260
v -0.073611 0.018192 0.069484
v -0.069673 0.035269 0.070557
v -0.065302 0.018001 0.053108
v -0.066430 -0.000011 0.052325
v -0.074967 -0.000043 0.069032
v -0.065302 0.018001 0.053108
v -0.074967 -0.000043 0.069032
v -0.073611 0.018192 0.069484
v -0.073611 0.018192 0.069484
v -0.074967 -0.000043 0.069032
v -0.079885 -0.000080 0.087397
v -0.073611 0.018192 0.069484
v -0.079885 -0.000080 0.087397
v -0.078330 0.018633 0.087552
v -0.078330 0.018633 0.087552
v -0.079885 -0.000080 0.087397
v -0.081247 -0.000118 0.106637
v -0.078330 0.018633 0.087552
v -0.081247 -0.000118 0.106637
v -0.079564 0.019051 0.106543
v -0.079564 0.019051 0.106543
v -0.081247 -0.000118 0.106637
v -0.079112 -0.000158 0.125968
v -0.079564 0.019051 0.106543
v -0.079112 -0.000158 0.125968
v -0.077407 0.019213 0.125664
v -0.074598 0.037420 0.106043
v -0.079564 0.019051 0.106543
v -0.077407 0.019213 0.125664
v -0.074598 0.037420 0.106043
v -0.077407 0.019213 0.125664
v -0.072361 0.037804 0.124683
v -0.066460 0.054196 0.104920
v -0.074598 0.037420 0.106043
v -0.072361 0.037804 0.124683
v -0.066460 0.054196 0.104920
v -0.072361 0.037804 0.124683
v -0.064068 0.054834 0.123042
v -0.055251 0.068604 0.102912
v -0.066460 0.054196 0.104920
v -0.064068 0.054834 0.123042
v -0.055251 0.068604 0.102912
v -0.064068 0.054834 0.123042
v -0.052620 0.069522 0.120760
v -0.055908 0.065930 0.085987
v -0.066263 0.052434 0.087451
v -0.066460 0.054196 0.104920
v -0.055908 0.065930 0.085987
v -0.066460 0.054196 0.104920
v -0.055251 0.068604 0.102912
v -0.054710 0.061894 0.071379
v -0.063344 0.050097 0.071725
v -0.066263 0.052434 0.087451
v -0.054710 0.061894 0.071379
v -0.066263 0.052434 0.087451
v -0.055908 0.065930 0.085987
v -0.073618 -0.018281 0.069410
v -0.069687 -0.035364 0.070414
v -0.073767 -0.036592 0.087565
v -0.073618 -0.018281 0.069410
v -0.073767 -0.036592 0.087565
v -0.078337 -0.018793 0.087476
v -0.069687 -0.035364 0.070414
v -0.063364 -0.050199 0.071523
v -0.066285 -0.052598 0.087239
v -0.069687 -0.035364 0.070414
v -0.066285 -0.052598 0.087239
v -0.073767 -0.036592 0.087565
v -0.078337 -0.018793 0.087476
v -0.073767 -0.036592 0.087565
v -0.074613 -0.037657 0.105891
v -0.078337 -0.018793 0.087476
v -0.074613 -0.037657 0.105891
v -0.079572 -0.019287 0.106465
v -0.073767 -0.036592 0.087565
v -0.066285 -0.052598 0.087239
v -0.066482 -0.054431 0.104700
v -0.073767 -0.036592 0.087565
v -0.066482 -0.054431 0.104700
v -0.074613 -0.037657 0.105891
v -0.066430 -0.000011 0.052325
v -0.065309 -0.018027 0.053035
v -0.073618 -0.018281 0.069410
v -0.066430 -0.000011 0.052325
v -0.073618 -0.018281 0.069410
v -0.074967 -0.000043 0.069032
v -0.065309 -0.018027 0.053035
v -0.062122 -0.034747 0.055119
v -0.069687 -0.035364 0.070414
v -0.065309 -0.018027 0.053035
v -0.069687 -0.035364 0.070414
v -0.073618 -0.018281 0.069410
v -0.062122 -0.034747 0.055119
v -0.057335 -0.048827 0.058271
v -0.063364 -0.050199 0.071523
v -0.062122 -0.034747 0.055119
v -0.063364 -0.050199 0.071523
v -0.069687 -0.035364 0.070414
v -0.057335 -0.048827 0.058271
v -0.052724 -0.058063 0.061315
v -0.054735 -0.061998 0.071129
v -0.057335 -0.048827 0.058271
v -0.054735 -0.061998 0.071129
v -0.063364 -0.050199 0.071523
v -0.063364 -0.050199 0.071523
v -0.054735 -0.061998 0.071129
v -0.055934 -0.066093 0.085720
v -0.063364 -0.050199 0.071523
v -0.055934 -0.066093 0.085720
v -0.066285 -0.052598 0.087239
v -0.066285 -0.052598 0.087239
v -0.055934 -0.066093 0.085720
v -0.055279 -0.068835 0.102634
v -0.066285 -0.052598 0.087239
v -0.055279 -0.068835 0.102634
v -0.066482 -0.054431 0.104700
v -0.066482 -0.054431 0.104700
v -0.055279 -0.068835 0.102634
v -0.052648 -0.069826 0.120479
v -0.066482 -0.054431 0.104700
v -0.052648 -0.069826 0.120479
v -0.064090 -0.055143 0.122820
v -0.074613 -0.037657 0.105891
v -0.066482 -0.054431 0.104700
v -0.064090 -0.055143 0.122820
v -0.074613 -0.037657 0.105891
v -0.064090 -0.055143 0.122820
v -0.072376 -0.038117 0.124529
v -0.079572 -0.019287 0.106465
v -0.074613 -0.037657 0.105891
v -0.072376 -0.038117 0.124529
v -0.079572 -0.019287 0.106465
v -0.072376 -0.038117 0.124529
v -0.077415 -0.019528 0.125585
v -0.081247 -0.000118 0.106637
v -0.079572 -0.019287 0.106465
v -0.077415 -0.019528 0.125585
v -0.081247 -0.000118 0.106637
v -0.077415 -0.019528 0.125585
v -0.079112 -0.000158 0.125968
v -0.079885 -0.000080 0.087397
v -0.078337 -0.018793 0.087476
v -0.079572 -0.019287 0.106465
v -0.079885 -0.000080 0.087397
v -0.079572 -0.019287 0.106465
v -0.081247 -0.000118 0.106637
v -0.074967 -0.000043 0.069032
v -0.073618 -0.018281 0.069410
v -0.078337 -0.018793 0.087476
v -0.074967 -0.000043 0.069032
v -0.078337 -0.018793 0.087476
v -0.079885 -0.000080 0.087397
v -0.059238 0.054122 0.140670
v -0.067187 0.037345 0.142728
v -0.059294 0.036282 0.159288
v -0.059238 0.054122 0.140670
v -0.059294 0.036282 0.159288
v -0.052277 0.052291 0.156685
v -0.067187 0.037345 0.142728
v -0.071973 0.018973 0.144122
v -0.063464 0.018481 0.161142
v -0.067187 0.037345 0.142728
v -0.063464 0.018481 0.161142
v -0.059294 0.036282 0.159288
v -0.052277 0.052291 0.156685
v -0.059294 0.036282 0.159288
v -0.048875 0.035057 0.173510
v -0.052277 0.052291 0.156685
v -0.048875 0.035057 0.173510
v -0.043484 0.049894 0.170035
v -0.059294 0.036282 0.159288
v -0.063464 0.018481 0.161142
v -0.052102 0.017972 0.175960
v -0.059294 0.036282 0.159288
v -0.052102 0.017972 0.175960
v -0.048875 0.035057 0.173510
v -0.052620 0.069522 0.120760
v -0.064068 0.054834 0.123042
v -0.059238 0.054122 0.140670
v -0.052620 0.069522 0.120760
v -0.059238 0.054122 0.140670
v -0.048117 0.068531 0.138226
v -0.064068 0.054834 0.123042
v -0.072361 0.037804 0.124683
v -0.067187 0.037345 0.142728
v -0.064068 0.054834 0.123042
v -0.067187 0.037345 0.142728
v -0.059238 0.054122 0.140670
v -0.072361 0.037804 0.124683
v -0.077407 0.019213 0.125664
v -0.071973 0.018973 0.144122
v -0.072361 0.037804 0.124683
v -0.071973 0.018973 0.144122
v -0.067187 0.037345 0.142728
v -0.077407 0.019213 0.125664
v -0.079112 -0.000158 0.125968
v -0.073575 -0.000196 0.144612
v -0.077407 0.019213 0.125664
v -0.073575 -0.000196 0.144612
v -0.071973 0.018973 0.144122
v -0.071973 0.018973 0.144122
v -0.073575 -0.000196 0.144612
v -0.064852 -0.000233 0.161815
v -0.071973 0.018973 0.144122
v -0.064852 -0.000233 0.161815
v -0.063464 0.018481 0.161142
v -0.063464 0.018481 0.161142
v -0.064852 -0.000233 0.161815
v -0.053190 -0.000266 0.176831
v -0.063464 0.018481 0.161142
v -0.053190 -0.000266 0.176831
v -0.052102 0.017972 0.175960
v -0.052102 0.017972 0.175960
v -0.053190 -0.000266 0.176831
v -0.038838 -0.000293 0.188913
v -0.052102 0.017972 0.175960
v -0.038838 -0.000293 0.188913
v -0.038087 0.017723 0.187825
v -0.048875 0.035057 0.173510
v -0.052102 0.017972 0.175960
v -0.038087 0.017723 0.187825
v -0.048875 0.035057 0.173510
v -0.038087 0.017723 0.187825
v -0.035966 0.034444 0.184669
v -0.043484 0.049894 0.170035
v -0.048875 0.035057 0.173510
v -0.035966 0.034444 0.184669
v -0.043484 0.049894 0.170035
v -0.035966 0.034444 0.184669
v -0.032783 0.048525 0.179907
v -0.035384 0.061697 0.167049
v -0.043484 0.049894 0.170035
v -0.032783 0.048525 0.179907
v -0.035384 0.061697 0.167049
v -0.032783 0.048525 0.179907
v -0.029719 0.057764 0.175313
v -0.042154 0.065790 0.154068
v -0.052277 0.052291 0.156685
v -0.043484 0.049894 0.170035
v -0.042154 0.065790 0.154068
v -0.043484 0.049894 0.170035
v -0.035384 0.061697 0.167049
v -0.048117 0.068531 0.138226
v -0.059238 0.054122 0.140670
v -0.052277 0.052291 0.156685
v -0.048117 0.068531 0.138226
v -0.052277 0.052291 0.156685
v -0.042154 0.065790 0.154068
v -0.071980 -0.019365 0.144044
v -0.067203 -0.037732 0.142576
v -0.059309 -0.036739 0.159140
v -0.071980 -0.019365 0.144044
v -0.059309 -0.036739 0.159140
v -0.063471 -0.018945 0.161067
v -0.067203 -0.037732 0.142576
v -0.059260 -0.054505 0.140450
v -0.052299 -0.052741 0.156473
v -0.067203 -0.037732 0.142576
v -0.052299 -0.052741 0.156473
v -0.059309 -0.036739 0.159140
v -0.063471 -0.018945 0.161067
v -0.059309 -0.036739 0.159140
v -0.048889 -0.035576 0.173367
v -0.063471 -0.018945 0.161067
v -0.048889 -0.035576 0.173367
v -0.052109 -0.018500 0.175886
v -0.059309 -0.036739 0.159140
v -0.052299 -0.052741 0.156473
v -0.043504 -0.050401 0.169832
v -0.059309 -0.036739 0.159140
v -0.043504 -0.050401 0.169832
v -0.048889 -0.035576 0.173367
v -0.079112 -0.000158 0.125968
v -0.077415 -0.019528 0.125585
v -0.071980 -0.019365 0.144044
v -0.079112 -0.000158 0.125968
v -0.071980 -0.019365 0.144044
v -0.073575 -0.000196 0.144612
v -0.077415 -0.019528 0.125585
v -0.072376 -0.038117 0.124529
v -0.067203 -0.037732 0.142576
v -0.077415 -0.019528 0.125585
v -0.067203 -0.037732 0.142576
v -0.071980 -0.019365 0.144044
v -0.072376 -0.038117 0.124529
v -0.064090 -0.055143 0.122820
v -0.059260 -0.054505 0.140450
v -0.072376 -0.038117 0.124529
v -0.059260 -0.054505 0.140450
v -0.067203 -0.037732 0.142576
v -0.064090 -0.055143 0.122820
v -0.052648 -0.069826 0.120479
v -0.048145 -0.068907 0.137949
v -0.064090 -0.055143 0.122820
v -0.048145 -0.068907 0.137949
v -0.059260 -0.054505 0.140450
v -0.059260 -0.054505 0.140450
v -0.048145 -0.068907 0.137949
v -0.042181 -0.066233 0.153802
v -0.059260 -0.054505 0.140450
v -0.042181 -0.066233 0.153802
v -0.052299 -0.052741 0.156473
v -0.052299 -0.052741 0.156473
v -0.042181 -0.066233 0.153802
v -0.035409 -0.062195 0.166799
v -0.052299 -0.052741 0.156473
v -0.035409 -0.062195 0.166799
v -0.043504 -0.050401 0.169832
v -0.043504 -0.050401 0.169832
v -0.035409 -0.062195 0.166799
v -0.029742 -0.058298 0.175078
v -0.043504 -0.050401 0.169832
v -0.029742 -0.058298 0.175078
v -0.032803 -0.049077 0.179710
v -0.048889 -0.035576 0.173367
v -0.043504 -0.050401 0.169832
v -0.032803 -0.049077 0.179710
v -0.048889 -0.035576 0.173367
v -0.032803 -0.049077 0.179710
v -0.035980 -0.035013 0.184529
v -0.052109 -0.018500 0.175886
v -0.048889 -0.035576 0.173367
v -0.035980 -0.035013 0.184529
v -0.052109 -0.018500 0.175886
v -0.035980 -0.035013 0.184529
v -0.038095 -0.018305 0.187752
v -0.053190 -0.000266 0.176831
v -0.052109 -0.018500 0.175886
v -0.038095 -0.018305 0.187752
v -0.053190 -0.000266 0.176831
v -0.038095 -0.018305 0.187752
v -0.038838 -0.000293 0.188913
v -0.064852 -0.000233 0.161815
v -0.063471 -0.018945 0.161067
v -0.052109 -0.018500 0.175886
v -0.064852 -0.000233 0.161815
v -0.052109 -0.018500 0.175886
v -0.053190 -0.000266 0.176831
v -0.073575 -0.000196 0.144612
v -0.071980 -0.019365 0.144044
v -0.063471 -0.018945 0.161067
v -0.073575 -0.000196 0.144612
v -0.063471 -0.018945 0.161067
v -0.064852 -0.000233 0.161815
v -0.043438 -0.070527 0.067456
v -0.029371 -0.076494 0.062186
v -0.027373 -0.083923 0.078096
v -0.043438 -0.070527 0.067456
v -0.027373 -0.083923 0.078096
v -0.042824 -0.076532 0.082450
v -0.029371 -0.076494 0.062186
v -0.012985 -0.080138 0.057034
v -0.010133 -0.088375 0.073555
v -0.029371 -0.076494 0.062186
v -0.010133 -0.088375 0.073555
v -0.027373 -0.083923 0.078096
v -0.042824 -0.076532 0.082450
v -0.027373 -0.083923 0.078096
v -0.024858 -0.088417 0.095735
v -0.042824 -0.076532 0.082450
v -0.024858 -0.088417 0.095735
v -0.041205 -0.080218 0.099541
v -0.027373 -0.083923 0.078096
v -0.010133 -0.088375 0.073555
v -0.006944 -0.093382 0.091641
v -0.027373 -0.083923 0.078096
v -0.006944 -0.093382 0.091641
v -0.024858 -0.088417 0.095735
v -0.052724 -0.058063 0.061315
v -0.044453 -0.061969 0.055642
v -0.043438 -0.070527 0.067456
v -0.052724 -0.058063 0.061315
v -0.043438 -0.070527 0.067456
v -0.054735 -0.061998 0.071129
v -0.044453 -0.061969 0.055642
v -0.031465 -0.066023 0.048862
v -0.029371 -0.076494 0.062186
v -0.044453 -0.061969 0.055642
v -0.029371 -0.076494 0.062186
v -0.043438 -0.070527 0.067456
v -0.031465 -0.066023 0.048862
v -0.015618 -0.068722 0.042893
v -0.012985 -0.080138 0.057034
v -0.031465 -0.066023 0.048862
v -0.012985 -0.080138 0.057034
v -0.029371 -0.076494 0.062186
v -0.015618 -0.068722 0.042893
v 0.001850 -0.069671 0.038388
v 0.004756 -0.081377 0.052759
v -0.015618 -0.068722 0.042893
v 0.004756 -0.081377 0.052759
v -0.012985 -0.080138 0.057034
v -0.012985 -0.080138 0.057034
v 0.004756 -0.081377 0.052759
v 0.008126 -0.089869 0.069433
v -0.012985 -0.080138 0.057034
v 0.008126 -0.089869 0.069433
v -0.010133 -0.088375 0.073555
v -0.010133 -0.088375 0.073555
v 0.008126 -0.089869 0.069433
v 0.011806 -0.095050 0.087644
v -0.010133 -0.088375 0.073555
v 0.011806 -0.095050 0.087644
v -0.006944 -0.093382 0.091641
v -0.006944 -0.093382 0.091641
v 0.011806 -0.095050 0.087644
v 0.015641 -0.096825 0.106628
v -0.006944 -0.093382 0.091641
v 0.015641 -0.096825 0.106628
v -0.003346 -0.095093 0.110467
v -0.024858 -0.088417 0.095735
v -0.006944 -0.093382 0.091641
v -0.003346 -0.095093 0.110467
v -0.024858 -0.088417 0.095735
v -0.003346 -0.095093 0.110467
v -0.021567 -0.089953 0.114158
v -0.041205 -0.080218 0.099541
v -0.024858 -0.088417 0.095735
v -0.021567 -0.089953 0.114158
v -0.041205 -0.080218 0.099541
v -0.021567 -0.089953 0.114158
v -0.038256 -0.081499 0.117547
v -0.055279 -0.068835 0.102634
v -0.041205 -0.080218 0.099541
v -0.038256 -0.081499 0.117547
v -0.055279 -0.068835 0.102634
v -0.038256 -0.081499 0.117547
v -0.052648 -0.069826 0.120479
v -0.055934 -0.066093 0.085720
v -0.042824 -0.076532 0.082450
v -0.041205 -0.080218 0.099541
v -0.055934 -0.066093 0.085720
v -0.041205 -0.080218 0.099541
v -0.055279 -0.068835 0.102634
v -0.054735 -0.061998 0.071129
v -0.043438 -0.070527 0.067456
v -0.042824 -0.076532 0.082450
v -0.054735 -0.061998 0.071129
v -0.042824 -0.076532 0.082450
v -0.055934 -0.066093 0.085720
v 0.022765 -0.080131 0.049812
v 0.039864 -0.076480 0.048200
v 0.044202 -0.083908 0.063637
v 0.022765 -0.080131 0.049812
v 0.044202 -0.083908 0.063637
v 0.026552 -0.088368 0.066144
v 0.039864 -0.076480 0.048200
v 0.054871 -0.070507 0.047596
v 0.060128 -0.076511 0.061653
v 0.039864 -0.076480 0.048200
v 0.060128 -0.076511 0.061653
v 0.044202 -0.083908 0.063637
v 0.026552 -0.088368 0.066144
v 0.044202 -0.083908 0.063637
v 0.048733 -0.088402 0.080869
v 0.026552 -0.088368 0.066144
v 0.048733 -0.088402 0.080869
v 0.030636 -0.093375 0.084050
v 0.044202 -0.083908 0.063637
v 0.060128 -0.076511 0.061653
v 0.065272 -0.080196 0.078032
v 0.044202 -0.083908 0.063637
v 0.065272 -0.080196 0.078032
v 0.048733 -0.088402 0.080869
v 0.001850 -0.069671 0.038388
v 0.019697 -0.068715 0.035759
v 0.022765 -0.080131 0.049812
v 0.001850 -0.069671 0.038388
v 0.022765 -0.080131 0.049812
v 0.004756 -0.081377 0.052759
v 0.019697 -0.068715 0.035759
v 0.036617 -0.066009 0.035109
v 0.039864 -0.076480 0.048200
v 0.019697 -0.068715 0.035759
v 0.039864 -0.076480 0.048200
v 0.022765 -0.080131 0.049812
v 0.036617 -0.066009 0.035109
v 0.051217 -0.061949 0.036315
v 0.054871 -0.070507 0.047596
v 0.036617 -0.066009 0.035109
v 0.054871 -0.070507 0.047596
v 0.039864 -0.076480 0.048200
v 0.051217 -0.061949 0.036315
v 0.061040 -0.058040 0.038334
v 0.066705 -0.061973 0.046597
v 0.051217 -0.061949 0.036315
v 0.066705 -0.061973 0.046597
v 0.054871 -0.070507 0.047596
v 0.054871 -0.070507 0.047596
v 0.066705 -0.061973 0.046597
v 0.073475 -0.066066 0.059578
v 0.054871 -0.070507 0.047596
v 0.073475 -0.066066 0.059578
v 0.060128 -0.076511 0.061653
v 0.060128 -0.076511 0.061653
v 0.073475 -0.066066 0.059578
v 0.079438 -0.068807 0.075420
v 0.060128 -0.076511 0.061653
v 0.079438 -0.068807 0.075420
v 0.065272 -0.080196 0.078032
v 0.065272 -0.080196 0.078032
v 0.079438 -0.068807 0.075420
v 0.083941 -0.069798 0.092886
v 0.065272 -0.080196 0.078032
v 0.083941 -0.069798 0.092886
v 0.069544 -0.081477 0.095771
v 0.048733 -0.088402 0.080869
v 0.065272 -0.080196 0.078032
v 0.069544 -0.081477 0.095771
v 0.048733 -0.088402 0.080869
v 0.069544 -0.081477 0.095771
v 0.052851 -0.089938 0.099125
v 0.030636 -0.093375 0.084050
v 0.048733 -0.088402 0.080869
v 0.052851 -0.089938 0.099125
v 0.030636 -0.093375 0.084050
v 0.052851 -0.089938 0.099125
v 0.034629 -0.095085 0.102796
v 0.011806 -0.095050 0.087644
v 0.030636 -0.093375 0.084050
v 0.034629 -0.095085 0.102796
v 0.011806 -0.095050 0.087644
v 0.034629 -0.095085 0.102796
v 0.015641 -0.096825 0.106628
v 0.008126 -0.089869 0.069433
v 0.026552 -0.088368 0.066144
v 0.030636 -0.093375 0.084050
v 0.008126 -0.089869 0.069433
v 0.030636 -0.093375 0.084050
v 0.011806 -0.095050 0.087644
v 0.004756 -0.081377 0.052759
v 0.022765 -0.080131 0.049812
v 0.026552 -0.088368 0.066144
v 0.004756 -0.081377 0.052759
v 0.026552 -0.088368 0.066144
v 0.008126 -0.089869 0.069433
v -0.033983 -0.080292 0.135291
v -0.017447 -0.088493 0.132420
v -0.012915 -0.084070 0.149671
v -0.033983 -0.080292 0.135291
v -0.012915 -0.084070 0.149671
v -0.028838 -0.076675 0.151685
v -0.017447 -0.088493 0.132420
v 0.000648 -0.093460 0.129220
v 0.004733 -0.088527 0.147145
v -0.017447 -0.088493 0.132420
v 0.004733 -0.088527 0.147145
v -0.012915 -0.084070 0.149671
v -0.028838 -0.076675 0.151685
v -0.012915 -0.084070 0.149671
v -0.008573 -0.076706 0.165138
v -0.028838 -0.076675 0.151685
v -0.008573 -0.076706 0.165138
v -0.023579 -0.070729 0.165765
v -0.012915 -0.084070 0.149671
v 0.004733 -0.088527 0.147145
v 0.008524 -0.080358 0.163510
v -0.012915 -0.084070 0.149671
v 0.008524 -0.080358 0.163510
v -0.008573 -0.076706 0.165138
v -0.052648 -0.069826 0.120479
v -0.038256 -0.081499 0.117547
v -0.033983 -0.080292 0.135291
v -0.052648 -0.069826 0.120479
v -0.033983 -0.080292 0.135291
v -0.048145 -0.068907 0.137949
v -0.038256 -0.081499 0.117547
v -0.021567 -0.089953 0.114158
v -0.017447 -0.088493 0.132420
v -0.038256 -0.081499 0.117547
v -0.017447 -0.088493 0.132420
v -0.033983 -0.080292 0.135291
v -0.021567 -0.089953 0.114158
v -0.003346 -0.095093 0.110467
v 0.000648 -0.093460 0.129220
v -0.021567 -0.089953 0.114158
v 0.000648 -0.093460 0.129220
v -0.017447 -0.088493 0.132420
v -0.003346 -0.095093 0.110467
v 0.015641 -0.096825 0.106628
v 0.019477 -0.095129 0.125619
v -0.003346 -0.095093 0.110467
v 0.019477 -0.095129 0.125619
v 0.000648 -0.093460 0.129220
v 0.000648 -0.093460 0.129220
v 0.019477 -0.095129 0.125619
v 0.023159 -0.090022 0.143851
v 0.000648 -0.093460 0.129220
v 0.023159 -0.090022 0.143851
v 0.004733 -0.088527 0.147145
v 0.004733 -0.088527 0.147145
v 0.023159 -0.090022 0.143851
v 0.026532 -0.081599 0.160559
v 0.004733 -0.088527 0.147145
v 0.026532 -0.081599 0.160559
v 0.008524 -0.080358 0.163510
v 0.008524 -0.080358 0.163510
v 0.026532 -0.081599 0.160559
v 0.029443 -0.069953 0.174977
v 0.008524 -0.080358 0.163510
v 0.029443 -0.069953 0.174977
v 0.011597 -0.069000 0.177610
v -0.008573 -0.076706 0.165138
v 0.008524 -0.080358 0.163510
v 0.011597 -0.069000 0.177610
v -0.008573 -0.076706 0.165138
v 0.011597 -0.069000 0.177610
v -0.005323 -0.066290 0.178271
v -0.023579 -0.070729 0.165765
v -0.008573 -0.076706 0.165138
v -0.005323 -0.066290 0.178271
v -0.023579 -0.070729 0.165765
v -0.005323 -0.066290 0.178271
v -0.019921 -0.062219 0.177081
v -0.035409 -0.062195 0.166799
v -0.023579 -0.070729 0.165765
v -0.019921 -0.062219 0.177081
v -0.035409 -0.062195 0.166799
v -0.019921 -0.062219 0.177081
v -0.029742 -0.058298 0.175078
v -0.042181 -0.066233 0.153802
v -0.028838 -0.076675 0.151685
v -0.023579 -0.070729 0.165765
v -0.042181 -0.066233 0.153802
v -0.023579 -0.070729 0.165765
v -0.035409 -0.062195 0.166799
v -0.048145 -0.068907 0.137949
v -0.033983 -0.080292 0.135291
v -0.028838 -0.076675 0.151685
v -0.048145 -0.068907 0.137949
v -0.028838 -0.076675 0.151685
v -0.042181 -0.066233 0.153802
v 0.038227 -0.093452 0.121629
v 0.056143 -0.088477 0.117554
v 0.058661 -0.084056 0.135212
v 0.038227 -0.093452 0.121629
v 0.058661 -0.084056 0.135212
v 0.041418 -0.088519 0.139735
v 0.056143 -0.088477 0.117554
v 0.072493 -0.080270 0.113782
v 0.074114 -0.076654 0.130887
v 0.056143 -0.088477 0.117554
v 0.074114 -0.076654 0.130887
v 0.058661 -0.084056 0.135212
v 0.041418 -0.088519 0.139735
v 0.058661 -0.084056 0.135212
v 0.060661 -0.076692 0.151152
v 0.041418 -0.088519 0.139735
v 0.060661 -0.076692 0.151152
v 0.044274 -0.080350 0.156289
v 0.058661 -0.084056 0.135212
v 0.074114 -0.076654 0.130887
v 0.074731 -0.070709 0.145906
v 0.058661 -0.084056 0.135212
v 0.074731 -0.070709 0.145906
v 0.060661 -0.076692 0.151152
v 0.015641 -0.096825 0.106628
v 0.034629 -0.095085 0.102796
v 0.038227 -0.093452 0.121629
v 0.015641 -0.096825 0.106628
v 0.038227 -0.093452 0.121629
v 0.019477 -0.095129 0.125619
v 0.034629 -0.095085 0.102796
v 0.052851 -0.089938 0.099125
v 0.056143 -0.088477 0.117554
v 0.034629 -0.095085 0.102796
v 0.056143 -0.088477 0.117554
v 0.038227 -0.093452 0.121629
v 0.052851 -0.089938 0.099125
v 0.069544 -0.081477 0.095771
v 0.072493 -0.080270 0.113782
v 0.052851 -0.089938 0.099125
v 0.072493 -0.080270 0.113782
v 0.056143 -0.088477 0.117554
v 0.069544 -0.081477 0.095771
v 0.083941 -0.069798 0.092886
v 0.086572 -0.068880 0.110734
v 0.069544 -0.081477 0.095771
v 0.086572 -0.068880 0.110734
v 0.072493 -0.080270 0.113782
v 0.072493 -0.080270 0.113782
v 0.086572 -0.068880 0.110734
v 0.087229 -0.066207 0.127660
v 0.072493 -0.080270 0.113782
v 0.087229 -0.066207 0.127660
v 0.074114 -0.076654 0.130887
v 0.074114 -0.076654 0.130887
v 0.087229 -0.066207 0.127660
v 0.086031 -0.062170 0.142267
v 0.074114 -0.076654 0.130887
v 0.086031 -0.062170 0.142267
v 0.074731 -0.070709 0.145906
v 0.074731 -0.070709 0.145906
v 0.086031 -0.062170 0.142267
v 0.084021 -0.058274 0.152097
v 0.074731 -0.070709 0.145906
v 0.084021 -0.058274 0.152097
v 0.075749 -0.062199 0.157755
v 0.060661 -0.076692 0.151152
v 0.074731 -0.070709 0.145906
v 0.075749 -0.062199 0.157755
v 0.060661 -0.076692 0.151152
v 0.075749 -0.062199 0.157755
v 0.062759 -0.066276 0.164518
v 0.044274 -0.080350 0.156289
v 0.060661 -0.076692 0.151152
v 0.062759 -0.066276 0.164518
v 0.044274 -0.080350 0.156289
v 0.062759 -0.066276 0.164518
v 0.046911 -0.068992 0.170476
v 0.026532 -0.081599 0.160559
v 0.044274 -0.080350 0.156289
v 0.046911 -0.068992 0.170476
v 0.026532 -0.081599 0.160559
v 0.046911 -0.068992 0.170476
v 0.029443 -0.069953 0.174977
v 0.023159 -0.090022 0.143851
v 0.041418 -0.088519 0.139735
v 0.044274 -0.080350 0.156289
v 0.023159 -0.090022 0.143851
v 0.044274 -0.080350 0.156289
v 0.026532 -0.081599 0.160559
v 0.019477 -0.095129 0.125619
v 0.038227 -0.093452 0.121629
v 0.041418 -0.088519 0.139735
v 0.019477 -0.095129 0.125619
v 0.041418 -0.088519 0.139735
v 0.023159 -0.090022 0.143851
v 0.074805 -0.050170 0.043611
v 0.080196 -0.035333 0.040137
v 0.090615 -0.036558 0.054359
v 0.074805 -0.050170 0.043611
v 0.090615 -0.036558 0.054359
v 0.083598 -0.052567 0.056961
v 0.080196 -0.035333 0.040137
v 0.083423 -0.018248 0.037686
v 0.094785 -0.018757 0.052504
v 0.080196 -0.035333 0.040137
v 0.094785 -0.018757 0.052504
v 0.090615 -0.036558 0.054359
v 0.083598 -0.052567 0.056961
v 0.090615 -0.036558 0.054359
v 0.098508 -0.037621 0.070919
v 0.083598 -0.052567 0.056961
v 0.098508 -0.037621 0.070919
v 0.090559 -0.054399 0.072977
v 0.090615 -0.036558 0.054359
v 0.094785 -0.018757 0.052504
v 0.103294 -0.019250 0.069525
v 0.090615 -0.036558 0.054359
v 0.103294 -0.019250 0.069525
v 0.098508 -0.037621 0.070919
v 0.061040 -0.058040 0.038334
v 0.064104 -0.048802 0.033739
v 0.074805 -0.050170 0.043611
v 0.061040 -0.058040 0.038334
v 0.074805 -0.050170 0.043611
v 0.066705 -0.061973 0.046597
v 0.064104 -0.048802 0.033739
v 0.067287 -0.034720 0.028977
v 0.080196 -0.035333 0.040137
v 0.064104 -0.048802 0.033739
v 0.080196 -0.035333 0.040137
v 0.074805 -0.050170 0.043611
v 0.067287 -0.034720 0.028977
v 0.069408 -0.017999 0.025821
v 0.083423 -0.018248 0.037686
v 0.067287 -0.034720 0.028977
v 0.083423 -0.018248 0.037686
v 0.080196 -0.035333 0.040137
v 0.069408 -0.017999 0.025821
v 0.070159 0.000017 0.024733
v 0.084512 -0.000011 0.036815
v 0.069408 -0.017999 0.025821
v 0.084512 -0.000011 0.036815
v 0.083423 -0.018248 0.037686
v 0.083423 -0.018248 0.037686
v 0.084512 -0.000011 0.036815
v 0.096173 -0.000043 0.051832
v 0.083423 -0.018248 0.037686
v 0.096173 -0.000043 0.051832
v 0.094785 -0.018757 0.052504
v 0.094785 -0.018757 0.052504
v 0.096173 -0.000043 0.051832
v 0.104896 -0.000080 0.069035
v 0.094785 -0.018757 0.052504
v 0.104896 -0.000080 0.069035
v 0.103294 -0.019250 0.069525
v 0.103294 -0.019250 0.069525
v 0.104896 -0.000080 0.069035
v 0.110433 -0.000119 0.087678
v 0.103294 -0.019250 0.069525
v 0.110433 -0.000119 0.087678
v 0.108728 -0.019490 0.087983
v 0.098508 -0.037621 0.070919
v 0.103294 -0.019250 0.069525
v 0.108728 -0.019490 0.087983
v 0.098508 -0.037621 0.070919
v 0.108728 -0.019490 0.087983
v 0.103682 -0.038080 0.088964
v 0.090559 -0.054399 0.072977
v 0.098508 -0.037621 0.070919
v 0.103682 -0.038080 0.088964
v 0.090559 -0.054399 0.072977
v 0.103682 -0.038080 0.088964
v 0.095389 -0.055110 0.090604
v 0.079438 -0.068807 0.075420
v 0.090559 -0.054399 0.072977
v 0.095389 -0.055110 0.090604
v 0.079438 -0.068807 0.075420
v 0.095389 -0.055110 0.090604
v 0.083941 -0.069798 0.092886
v 0.073475 -0.066066 0.059578
v 0.083598 -0.052567 0.056961
v 0.090559 -0.054399 0.072977
v 0.073475 -0.066066 0.059578
v 0.090559 -0.054399 0.072977
v 0.079438 -0.068807 0.075420
v 0.066705 -0.061973 0.046597
v 0.074805 -0.050170 0.043611
v 0.083598 -0.052567 0.056961
v 0.066705 -0.061973 0.046597
v 0.083598 -0.052567 0.056961
v 0.073475 -0.066066 0.059578
v 0.083430 0.018224 0.037760
v 0.080210 0.035300 0.040279
v 0.090630 0.036463 0.054506
v 0.083430 0.018224 0.037760
v 0.090630 0.036463 0.054506
v 0.094792 0.018669 0.052580
v 0.080210 0.035300 0.040279
v 0.074826 0.050125 0.043814
v 0.083620 0.052465 0.057173
v 0.080210 0.035300 0.040279
v 0.083620 0.052465 0.057173
v 0.090630 0.036463 0.054506
v 0.094792 0.018669 0.052580
v 0.090630 0.036463 0.054506
v 0.098524 0.037456 0.071070
v 0.094792 0.018669 0.052580
v 0.098524 0.037456 0.071070
v 0.103301 0.019088 0.069602
v 0.090630 0.036463 0.054506
v 0.083620 0.052465 0.057173
v 0.090581 0.054228 0.073196
v 0.090630 0.036463 0.054506
v 0.090581 0.054228 0.073196
v 0.098524 0.037456 0.071070
v 0.070159 0.000017 0.024733
v 0.069416 0.018028 0.025894
v 0.083430 0.018224 0.037760
v 0.070159 0.000017 0.024733
v 0.083430 0.018224 0.037760
v 0.084512 -0.000011 0.036815
v 0.069416 0.018028 0.025894
v 0.067301 0.034737 0.029118
v 0.080210 0.035300 0.040279
v 0.069416 0.018028 0.025894
v 0.080210 0.035300 0.040279
v 0.083430 0.018224 0.037760
v 0.067301 0.034737 0.029118
v 0.064124 0.048801 0.033936
v 0.074826 0.050125 0.043814
v 0.067301 0.034737 0.029118
v 0.074826 0.050125 0.043814
v 0.080210 0.035300 0.040279
v 0.064124 0.048801 0.033936
v 0.061063 0.058022 0.038568
v 0.066730 0.061919 0.046847
v 0.064124 0.048801 0.033936
v 0.066730 0.061919 0.046847
v 0.074826 0.050125 0.043814
v 0.074826 0.050125 0.043814
v 0.066730 0.061919 0.046847
v 0.073502 0.065957 0.059845
v 0.074826 0.050125 0.043814
v 0.073502 0.065957 0.059845
v 0.083620 0.052465 0.057173
v 0.083620 0.052465 0.057173
v 0.073502 0.065957 0.059845
v 0.079466 0.068631 0.075698
v 0.083620 0.052465 0.057173
v 0.079466 0.068631 0.075698
v 0.090581 0.054228 0.073196
v 0.090581 0.054228 0.073196
v 0.079466 0.068631 0.075698
v 0.083969 0.069550 0.093168
v 0.090581 0.054228 0.073196
v 0.083969 0.069550 0.093168
v 0.095411 0.054867 0.090826
v 0.098524 0.037456 0.071070
v 0.090581 0.054228 0.073196
v 0.095411 0.054867 0.090826
v 0.098524 0.037456 0.071070
v 0.095411 0.054867 0.090826
v 0.103697 0.037841 0.089117
v 0.103301 0.019088 0.069602
v 0.098524 0.037456 0.071070
v 0.103697 0.037841 0.089117
v 0.103301 0.019088 0.069602
v 0.103697 0.037841 0.089117
v 0.108736 0.019252 0.088061
v 0.104896 -0.000080 0.069035
v 0.103301 0.019088 0.069602
v 0.108736 0.019252 0.088061
v 0.104896 -0.000080 0.069035
v 0.108736 0.019252 0.088061
v 0.110433 -0.000119 0.087678
v 0.096173 -0.000043 0.051832
v 0.094792 0.018669 0.052580
v 0.103301 0.019088 0.069602
v 0.096173 -0.000043 0.051832
v 0.103301 0.019088 0.069602
v 0.104896 -0.000080 0.069035
v 0.084512 -0.000011 0.036815
v 0.083430 0.018224 0.037760
v 0.094792 0.018669 0.052580
v 0.084512 -0.000011 0.036815
v 0.094792 0.018669 0.052580
v 0.096173 -0.000043 0.051832
v 0.097781 -0.054472 0.108727
v 0.105919 -0.037697 0.107604
v 0.105074 -0.036705 0.125934
v 0.097781 -0.054472 0.108727
v 0.105074 -0.036705 0.125934
v 0.097584 -0.052710 0.126195
v 0.105919 -0.037697 0.107604
v 0.110885 -0.019327 0.107104
v 0.109651 -0.018909 0.126094
v 0.105919 -0.037697 0.107604
v 0.109651 -0.018909 0.126094
v 0.105074 -0.036705 0.125934
v 0.097584 -0.052710 0.126195
v 0.105074 -0.036705 0.125934
v 0.100994 -0.035545 0.143089
v 0.097584 -0.052710 0.126195
v 0.100994 -0.035545 0.143089
v 0.094665 -0.050373 0.141921
v 0.105074 -0.036705 0.125934
v 0.109651 -0.018909 0.126094
v 0.104932 -0.018468 0.144163
v 0.105074 -0.036705 0.125934
v 0.104932 -0.018468 0.144163
v 0.100994 -0.035545 0.143089
v 0.083941 -0.069798 0.092886
v 0.095389 -0.055110 0.090604
v 0.097781 -0.054472 0.108727
v 0.083941 -0.069798 0.092886
v 0.097781 -0.054472 0.108727
v 0.086572 -0.068880 0.110734
v 0.095389 -0.055110 0.090604
v 0.103682 -0.038080 0.088964
v 0.105919 -0.037697 0.107604
v 0.095389 -0.055110 0.090604
v 0.105919 -0.037697 0.107604
v 0.097781 -0.054472 0.108727
v 0.103682 -0.038080 0.088964
v 0.108728 -0.019490 0.087983
v 0.110885 -0.019327 0.107104
v 0.103682 -0.038080 0.088964
v 0.110885 -0.019327 0.107104
v 0.105919 -0.037697 0.107604
v 0.108728 -0.019490 0.087983
v 0.110433 -0.000119 0.087678
v 0.112568 -0.000158 0.107009
v 0.108728 -0.019490 0.087983
v 0.112568 -0.000158 0.107009
v 0.110885 -0.019327 0.107104
v 0.110885 -0.019327 0.107104
v 0.112568 -0.000158 0.107009
v 0.111206 -0.000197 0.126249
v 0.110885 -0.019327 0.107104
v 0.111206 -0.000197 0.126249
v 0.109651 -0.018909 0.126094
v 0.109651 -0.018909 0.126094
v 0.111206 -0.000197 0.126249
v 0.106288 -0.000233 0.144615
v 0.109651 -0.018909 0.126094
v 0.106288 -0.000233 0.144615
v 0.104932 -0.018468 0.144163
v 0.104932 -0.018468 0.144163
v 0.106288 -0.000233 0.144615
v 0.097751 -0.000265 0.161321
v 0.104932 -0.018468 0.144163
v 0.097751 -0.000265 0.161321
v 0.096623 -0.018277 0.160538
v 0.100994 -0.035545 0.143089
v 0.104932 -0.018468 0.144163
v 0.096623 -0.018277 0.160538
v 0.100994 -0.035545 0.143089
v 0.096623 -0.018277 0.160538
v 0.093429 -0.034987 0.158387
v 0.094665 -0.050373 0.141921
v 0.100994 -0.035545 0.143089
v 0.093429 -0.034987 0.158387
v 0.094665 -0.050373 0.141921
v 0.093429 -0.034987 0.158387
v 0.088636 -0.049052 0.155178
v 0.086031 -0.062170 0.142267
v 0.094665 -0.050373 0.141921
v 0.088636 -0.049052 0.155178
v 0.086031 -0.062170 0.142267
v 0.088636 -0.049052 0.155178
v 0.084021 -0.058274 0.152097
v 0.087229 -0.066207 0.127660
v 0.097584 -0.052710 0.126195
v 0.094665 -0.050373 0.141921
v 0.087229 -0.066207 0.127660
v 0.094665 -0.050373 0.141921
v 0.086031 -0.062170 0.142267
v 0.086572 -0.068880 0.110734
v 0.097781 -0.054472 0.108727
v 0.097584 -0.052710 0.126195
v 0.086572 -0.068880 0.110734
v 0.097584 -0.052710 0.126195
v 0.087229 -0.066207 0.127660
v 0.110893 0.019011 0.107181
v 0.105934 0.037380 0.107755
v 0.105089 0.036315 0.126081
v 0.110893 0.019011 0.107181
v 0.105089 0.036315 0.126081
v 0.109658 0.018517 0.126170
v 0.105934 0.037380 0.107755
v 0.097803 0.054155 0.108946
v 0.097606 0.052322 0.126408
v 0.105934 0.037380 0.107755
v 0.097606 0.052322 0.126408
v 0.105089 0.036315 0.126081
v 0.109658 0.018517 0.126170
v 0.105089 0.036315 0.126081
v 0.101008 0.035088 0.143232
v 0.109658 0.018517 0.126170
v 0.101008 0.035088 0.143232
v 0.104939 0.018005 0.144236
v 0.105089 0.036315 0.126081
v 0.097606 0.052322 0.126408
v 0.094685 0.049923 0.142124
v 0.105089 0.036315 0.126081
v 0.094685 0.049923 0.142124
v 0.101008 0.035088 0.143232
v 0.110433 -0.000119 0.087678
v 0.108736 0.019252 0.088061
v 0.110893 0.019011 0.107181
v 0.110433 -0.000119 0.087678
v 0.110893 0.019011 0.107181
v 0.112568 -0.000158 0.107009
v 0.108736 0.019252 0.088061
v 0.103697 0.037841 0.089117
v 0.105934 0.037380 0.107755
v 0.108736 0.019252 0.088061
v 0.105934 0.037380 0.107755
v 0.110893 0.019011 0.107181
v 0.103697 0.037841 0.089117
v 0.095411 0.054867 0.090826
v 0.097803 0.054155 0.108946
v 0.103697 0.037841 0.089117
v 0.097803 0.054155 0.108946
v 0.105934 0.037380 0.107755
v 0.095411 0.054867 0.090826
v 0.083969 0.069550 0.093168
v 0.086600 0.068558 0.111012
v 0.095411 0.054867 0.090826
v 0.086600 0.068558 0.111012
v 0.097803 0.054155 0.108946
v 0.097803 0.054155 0.108946
v 0.086600 0.068558 0.111012
v 0.087255 0.065817 0.127926
v 0.097803 0.054155 0.108946
v 0.087255 0.065817 0.127926
v 0.097606 0.052322 0.126408
v 0.097606 0.052322 0.126408
v 0.087255 0.065817 0.127926
v 0.086056 0.061722 0.142517
v 0.097606 0.052322 0.126408
v 0.086056 0.061722 0.142517
v 0.094685 0.049923 0.142124
v 0.094685 0.049923 0.142124
v 0.086056 0.061722 0.142517
v 0.084045 0.057787 0.152331
v 0.094685 0.049923 0.142124
v 0.084045 0.057787 0.152331
v 0.088656 0.048550 0.155375
v 0.101008 0.035088 0.143232
v 0.094685 0.049923 0.142124
v 0.088656 0.048550 0.155375
v 0.101008 0.035088 0.143232
v 0.088656 0.048550 0.155375
v 0.093443 0.034470 0.158527
v 0.104939 0.018005 0.144236
v 0.101008 0.035088 0.143232
v 0.093443 0.034470 0.158527
v 0.104939 0.018005 0.144236
v 0.093443 0.034470 0.158527
v 0.096630 0.017751 0.160611
v 0.106288 -0.000233 0.144615
v 0.104939 0.018005 0.144236
v 0.096630 0.017751 0.160611
v 0.106288 -0.000233 0.144615
v 0.096630 0.017751 0.160611
v 0.097751 -0.000265 0.161321
v 0.111206 -0.000197 0.126249
v 0.109658 0.018517 0.126170
v 0.104939 0.018005 0.144236
v 0.111206 -0.000197 0.126249
v 0.104939 0.018005 0.144236
v 0.106288 -0.000233 0.144615
v 0.112568 -0.000158 0.107009
v 0.110893 0.019011 0.107181
v 0.109658 0.018517 0.126170
v 0.112568 -0.000158 0.107009
v 0.109658 0.018517 0.126170
v 0.111206 -0.000197 0.126249
v 0.054900 0.070453 0.047881
v 0.039894 0.076430 0.048508
v 0.044236 0.083794 0.063976
v 0.054900 0.070453 0.047881
v 0.044236 0.083794 0.063976
v 0.060159 0.076399 0.061962
v 0.039894 0.076430 0.048508
v 0.022797 0.080081 0.050136
v 0.026588 0.088251 0.066501
v 0.039894 0.076430 0.048508
v 0.026588 0.088251 0.066501
v 0.044236 0.083794 0.063976
v 0.060159 0.076399 0.061962
v 0.044236 0.083794 0.063976
v 0.048768 0.088216 0.081226
v 0.060159 0.076399 0.061962
v 0.048768 0.088216 0.081226
v 0.065304 0.080016 0.078355
v 0.044236 0.083794 0.063976
v 0.026588 0.088251 0.066501
v 0.030673 0.093184 0.084426
v 0.044236 0.083794 0.063976
v 0.030673 0.093184 0.084426
v 0.048768 0.088216 0.081226
v 0.061063 0.058022 0.038568
v 0.051242 0.061943 0.036566
v 0.054900 0.070453 0.047881
v 0.061063 0.058022 0.038568
v 0.054900 0.070453 0.047881
v 0.066730 0.061919 0.046847
v 0.051242 0.061943 0.036566
v 0.036644 0.066014 0.035375
v 0.039894 0.076430 0.048508
v 0.051242 0.061943 0.036566
v 0.039894 0.076430 0.048508
v 0.054900 0.070453 0.047881
v 0.036644 0.066014 0.035375
v 0.019724 0.068723 0.036037
v 0.022797 0.080081 0.050136
v 0.036644 0.066014 0.035375
v 0.022797 0.080081 0.050136
v 0.039894 0.076430 0.048508
v 0.019724 0.068723 0.036037
v 0.001879 0.069676 0.038670
v 0.004789 0.081323 0.053088
v 0.019724 0.068723 0.036037
v 0.004789 0.081323 0.053088
v 0.022797 0.080081 0.050136
v 0.022797 0.080081 0.050136
v 0.004789 0.081323 0.053088
v 0.008162 0.089746 0.069796
v 0.022797 0.080081 0.050136
v 0.008162 0.089746 0.069796
v 0.026588 0.088251 0.066501
v 0.026588 0.088251 0.066501
v 0.008162 0.089746 0.069796
v 0.011844 0.094852 0.088028
v 0.026588 0.088251 0.066501
v 0.011844 0.094852 0.088028
v 0.030673 0.093184 0.084426
v 0.030673 0.093184 0.084426
v 0.011844 0.094852 0.088028
v 0.015680 0.096549 0.107018
v 0.030673 0.093184 0.084426
v 0.015680 0.096549 0.107018
v 0.034667 0.094817 0.103179
v 0.048768 0.088216 0.081226
v 0.030673 0.093184 0.084426
v 0.034667 0.094817 0.103179
v 0.048768 0.088216 0.081226
v 0.034667 0.094817 0.103179
v 0.052888 0.089677 0.099488
v 0.065304 0.080016 0.078355
v 0.048768 0.088216 0.081226
v 0.052888 0.089677 0.099488
v 0.065304 0.080016 0.078355
v 0.052888 0.089677 0.099488
v 0.069577 0.081223 0.096099
v 0.079466 0.068631 0.075698
v 0.065304 0.080016 0.078355
v 0.069577 0.081223 0.096099
v 0.079466 0.068631 0.075698
v 0.069577 0.081223 0.096099
v 0.083969 0.069550 0.093168
v 0.073502 0.065957 0.059845
v 0.060159 0.076399 0.061962
v 0.065304 0.080016 0.078355
v 0.073502 0.065957 0.059845
v 0.065304 0.080016 0.078355
v 0.079466 0.068631 0.075698
v 0.066730 0.061919 0.046847
v 0.054900 0.070453 0.047881
v 0.060159 0.076399 0.061962
v 0.066730 0.061919 0.046847
v 0.060159 0.076399 0.061962
v 0.073502 0.065957 0.059845
v -0.012953 0.080074 0.057358
v -0.029340 0.076416 0.062494
v -0.027340 0.083780 0.078435
v -0.012953 0.080074 0.057358
v -0.027340 0.083780 0.078435
v -0.010097 0.088243 0.073912
v -0.029340 0.076416 0.062494
v -0.043410 0.070433 0.067740
v -0.042793 0.076378 0.082759
v -0.029340 0.076416 0.062494
v -0.042793 0.076378 0.082759
v -0.027340 0.083780 0.078435
v -0.010097 0.088243 0.073912
v -0.027340 0.083780 0.078435
v -0.024822 0.088201 0.096092
v -0.010097 0.088243 0.073912
v -0.024822 0.088201 0.096092
v -0.006906 0.093176 0.092018
v -0.027340 0.083780 0.078435
v -0.042793 0.076378 0.082759
v -0.041172 0.079994 0.099865
v -0.027340 0.083780 0.078435
v -0.041172 0.079994 0.099865
v -0.024822 0.088201 0.096092
v 0.001879 0.069676 0.038670
v -0.015590 0.068716 0.043170
v -0.012953 0.080074 0.057358
v 0.001879 0.069676 0.038670
v -0.012953 0.080074 0.057358
v 0.004789 0.081323 0.053088
v -0.015590 0.068716 0.043170
v -0.031438 0.066000 0.049128
v -0.029340 0.076416 0.062494
v -0.015590 0.068716 0.043170
v -0.029340 0.076416 0.062494
v -0.012953 0.080074 0.057358
v -0.031438 0.066000 0.049128
v -0.044428 0.061923 0.055892
v -0.043410 0.070433 0.067740
v -0.031438 0.066000 0.049128
v -0.043410 0.070433 0.067740
v -0.029340 0.076416 0.062494
v -0.044428 0.061923 0.055892
v -0.052700 0.057998 0.061549
v -0.054710 0.061894 0.071379
v -0.044428 0.061923 0.055892
v -0.054710 0.061894 0.071379
v -0.043410 0.070433 0.067740
v -0.043410 0.070433 0.067740
v -0.054710 0.061894 0.071379
v -0.055908 0.065930 0.085987
v -0.043410 0.070433 0.067740
v -0.055908 0.065930 0.085987
v -0.042793 0.076378 0.082759
v -0.042793 0.076378 0.082759
v -0.055908 0.065930 0.085987
v -0.055251 0.068604 0.102912
v -0.042793 0.076378 0.082759
v -0.055251 0.068604 0.102912
v -0.041172 0.079994 0.099865
v -0.041172 0.079994 0.099865
v -0.055251 0.068604 0.102912
v -0.052620 0.069522 0.120760
v -0.041172 0.079994 0.099865
v -0.052620 0.069522 0.120760
v -0.038223 0.081201 0.117876
v -0.024822 0.088201 0.096092
v -0.041172 0.079994 0.099865
v -0.038223 0.081201 0.117876
v -0.024822 0.088201 0.096092
v -0.038223 0.081201 0.117876
v -0.021530 0.089661 0.114521
v -0.006906 0.093176 0.092018
v -0.024822 0.088201 0.096092
v -0.021530 0.089661 0.114521
v -0.006906 0.093176 0.092018
v -0.021530 0.089661 0.114521
v -0.003307 0.094809 0.110851
v 0.011844 0.094852 0.088028
v -0.006906 0.093176 0.092018
v -0.003307 0.094809 0.110851
v 0.011844 0.094852 0.088028
v -0.003307 0.094809 0.110851
v 0.015680 0.096549 0.107018
v 0.008162 0.089746 0.069796
v -0.010097 0.088243 0.073912
v -0.006906 0.093176 0.092018
v 0.008162 0.089746 0.069796
v -0.006906 0.093176 0.092018
v 0.011844 0.094852 0.088028
v 0.004789 0.081323 0.053088
v -0.012953 0.080074 0.057358
v -0.010097 0.088243 0.073912
v 0.004789 0.081323 0.053088
v -0.010097 0.088243 0.073912
v 0.008162 0.089746 0.069796
v 0.072526 0.079942 0.114105
v 0.056179 0.088141 0.117911
v 0.058694 0.083647 0.135551
v 0.072526 0.079942 0.114105
v 0.058694 0.083647 0.135551
v 0.074145 0.076256 0.131196
v 0.056179 0.088141 0.117911
v 0.038265 0.093106 0.122005
v 0.041454 0.088099 0.140091
v 0.056179 0.088141 0.117911
v 0.041454 0.088099 0.140091
v 0.058694 0.083647 0.135551
v 0.074145 0.076256 0.131196
v 0.058694 0.083647 0.135551
v 0.060692 0.076218 0.151461
v 0.074145 0.076256 0.131196
v 0.060692 0.076218 0.151461
v 0.074759 0.070251 0.146191
v 0.058694 0.083647 0.135551
v 0.041454 0.088099 0.140091
v 0.044306 0.079862 0.156612
v 0.058694 0.083647 0.135551
v 0.044306 0.079862 0.156612
v 0.060692 0.076218 0.151461
v 0.083969 0.069550 0.093168
v 0.069577 0.081223 0.096099
v 0.072526 0.079942 0.114105
v 0.083969 0.069550 0.093168
v 0.072526 0.079942 0.114105
v 0.086600 0.068558 0.111012
v 0.069577 0.081223 0.096099
v 0.052888 0.089677 0.099488
v 0.056179 0.088141 0.117911
v 0.069577 0.081223 0.096099
v 0.056179 0.088141 0.117911
v 0.072526 0.079942 0.114105
v 0.052888 0.089677 0.099488
v 0.034667 0.094817 0.103179
v 0.038265 0.093106 0.122005
v 0.052888 0.089677 0.099488
v 0.038265 0.093106 0.122005
v 0.056179 0.088141 0.117911
v 0.034667 0.094817 0.103179
v 0.015680 0.096549 0.107018
v 0.019515 0.094774 0.126002
v 0.034667 0.094817 0.103179
v 0.019515 0.094774 0.126002
v 0.038265 0.093106 0.122005
v 0.038265 0.093106 0.122005
v 0.019515 0.094774 0.126002
v 0.023195 0.089592 0.144213
v 0.038265 0.093106 0.122005
v 0.023195 0.089592 0.144213
v 0.041454 0.088099 0.140091
v 0.041454 0.088099 0.140091
v 0.023195 0.089592 0.144213
v 0.026565 0.081101 0.160887
v 0.041454 0.088099 0.140091
v 0.026565 0.081101 0.160887
v 0.044306 0.079862 0.156612
v 0.044306 0.079862 0.156612
v 0.026565 0.081101 0.160887
v 0.029471 0.069395 0.175258
v 0.044306 0.079862 0.156612
v 0.029471 0.069395 0.175258
v 0.046939 0.068446 0.170754
v 0.060692 0.076218 0.151461
v 0.044306 0.079862 0.156612
v 0.046939 0.068446 0.170754
v 0.060692 0.076218 0.151461
v 0.046939 0.068446 0.170754
v 0.062786 0.065747 0.164785
v 0.074759 0.070251 0.146191
v 0.060692 0.076218 0.151461
v 0.062786 0.065747 0.164785
v 0.074759 0.070251 0.146191
v 0.062786 0.065747 0.164785
v 0.075774 0.061693 0.158005
v 0.086056 0.061722 0.142517
v 0.074759 0.070251 0.146191
v 0.075774 0.061693 0.158005
v 0.086056 0.061722 0.142517
v 0.075774 0.061693 0.158005
v 0.084045 0.057787 0.152331
v 0.087255 0.065817 0.127926
v 0.074145 0.076256 0.131196
v 0.074759 0.070251 0.146191
v 0.087255 0.065817 0.127926
v 0.074759 0.070251 0.146191
v 0.086056 0.061722 0.142517
v 0.086600 0.068558 0.111012
v 0.072526 0.079942 0.114105
v 0.074145 0.076256 0.131196
v 0.086600 0.068558 0.111012
v 0.074145 0.076256 0.131196
v 0.087255 0.065817 0.127926
v 0.000685 0.093099 0.129597
v -0.017412 0.088126 0.132777
v -0.012881 0.083632 0.150009
v 0.000685 0.093099 0.129597
v -0.012881 0.083632 0.150009
v 0.004769 0.088091 0.147502
v -0.017412 0.088126 0.132777
v -0.033951 0.079920 0.135615
v -0.028807 0.076235 0.151993
v -0.017412 0.088126 0.132777
v -0.028807 0.076235 0.151993
v -0.012881 0.083632 0.150009
v 0.004769 0.088091 0.147502
v -0.012881 0.083632 0.150009
v -0.008543 0.076204 0.165447
v 0.004769 0.088091 0.147502
v -0.008543 0.076204 0.165447
v 0.008556 0.079855 0.163834
v -0.012881 0.083632 0.150009
v -0.028807 0.076235 0.151993
v -0.023550 0.070230 0.166050
v -0.012881 0.083632 0.150009
v -0.023550 0.070230 0.166050
v -0.008543 0.076204 0.165447
v 0.015680 0.096549 0.107018
v -0.003307 0.094809 0.110851
v 0.000685 0.093099 0.129597
v 0.015680 0.096549 0.107018
v 0.000685 0.093099 0.129597
v 0.019515 0.094774 0.126002
v -0.003307 0.094809 0.110851
v -0.021530 0.089661 0.114521
v -0.017412 0.088126 0.132777
v -0.003307 0.094809 0.110851
v -0.017412 0.088126 0.132777
v 0.000685 0.093099 0.129597
v -0.021530 0.089661 0.114521
v -0.038223 0.081201 0.117876
v -0.033951 0.079920 0.135615
v -0.021530 0.089661 0.114521
v -0.033951 0.079920 0.135615
v -0.017412 0.088126 0.132777
v -0.038223 0.081201 0.117876
v -0.052620 0.069522 0.120760
v -0.048117 0.068531 0.138226
v -0.038223 0.081201 0.117876
v -0.048117 0.068531 0.138226
v -0.033951 0.079920 0.135615
v -0.033951 0.079920 0.135615
v -0.048117 0.068531 0.138226
v -0.042154 0.065790 0.154068
v -0.033951 0.079920 0.135615
v -0.042154 0.065790 0.154068
v -0.028807 0.076235 0.151993
v -0.028807 0.076235 0.151993
v -0.042154 0.065790 0.154068
v -0.035384 0.061697 0.167049
v -0.028807 0.076235 0.151993
v -0.035384 0.061697 0.167049
v -0.023550 0.070230 0.166050
v -0.023550 0.070230 0.166050
v -0.035384 0.061697 0.167049
v -0.029719 0.057764 0.175313
v -0.023550 0.070230 0.166050
v -0.029719 0.057764 0.175313
v -0.019896 0.061673 0.177331
v -0.008543 0.076204 0.165447
v -0.023550 0.070230 0.166050
v -0.019896 0.061673 0.177331
v -0.008543 0.076204 0.165447
v -0.019896 0.061673 0.177331
v -0.005296 0.065733 0.178538
v 0.008556 0.079855 0.163834
v -0.008543 0.076204 0.165447
v -0.005296 0.065733 0.178538
v 0.008556 0.079855 0.163834
v -0.005296 0.065733 0.178538
v 0.011624 0.068439 0.177887
v 0.026565 0.081101 0.160887
v 0.008556 0.079855 0.163834
v 0.011624 0.068439 0.177887
v 0.026565 0.081101 0.160887
v 0.011624 0.068439 0.177887
v 0.029471 0.069395 0.175258
v 0.023195 0.089592 0.144213
v 0.004769 0.088091 0.147502
v 0.008556 0.079855 0.163834
v 0.023195 0.089592 0.144213
v 0.008556 0.079855 0.163834
v 0.026565 0.081101 0.160887
v 0.019515 0.094774 0.126002
v 0.000685 0.093099 0.129597
v 0.004769 0.088091 0.147502
v 0.019515 0.094774 0.126002
v 0.004769 0.088091 0.147502
v 0.023195 0.089592 0.144213
v 0.050870 0.050162 0.027910
v 0.052005 0.035343 0.021555
v 0.034852 0.036549 0.017477
v 0.050870 0.050162 0.027910
v 0.034852 0.036549 0.017477
v 0.035149 0.052540 0.024995
v 0.052005 0.035343 0.021555
v 0.053041 0.018271 0.017585
v 0.034973 0.018761 0.012867
v 0.052005 0.035343 0.021555
v 0.034973 0.018761 0.012867
v 0.034852 0.036549 0.017477
v 0.035149 0.052540 0.024995
v 0.034852 0.036549 0.017477
v 0.016525 0.037582 0.016633
v 0.035149 0.052540 0.024995
v 0.016525 0.037582 0.016633
v 0.017685 0.054341 0.024802
v 0.034852 0.036549 0.017477
v 0.034973 0.018761 0.012867
v 0.015984 0.019223 0.011634
v 0.034852 0.036549 0.017477
v 0.015984 0.019223 0.011634
v 0.016525 0.037582 0.016633
v 0.061063 0.058022 0.038568
v 0.064124 0.048801 0.033936
v 0.050870 0.050162 0.027910
v 0.061063 0.058022 0.038568
v 0.050870 0.050162 0.027910
v 0.051242 0.061943 0.036566
v 0.064124 0.048801 0.033936
v 0.067301 0.034737 0.029118
v 0.052005 0.035343 0.021555
v 0.064124 0.048801 0.033936
v 0.052005 0.035343 0.021555
v 0.050870 0.050162 0.027910
v 0.067301 0.034737 0.029118
v 0.069416 0.018028 0.025894
v 0.053041 0.018271 0.017585
v 0.067301 0.034737 0.029118
v 0.053041 0.018271 0.017585
v 0.052005 0.035343 0.021555
v 0.069416 0.018028 0.025894
v 0.070159 0.000017 0.024733
v 0.053452 0.000037 0.016196
v 0.069416 0.018028 0.025894
v 0.053452 0.000037 0.016196
v 0.053041 0.018271 0.017585
v 0.053041 0.018271 0.017585
v 0.053452 0.000037 0.016196
v 0.035087 0.000051 0.011278
v 0.053041 0.018271 0.017585
v 0.035087 0.000051 0.011278
v 0.034973 0.018761 0.012867
v 0.034973 0.018761 0.012867
v 0.035087 0.000051 0.011278
v 0.015846 0.000058 0.009916
v 0.034973 0.018761 0.012867
v 0.015846 0.000058 0.009916
v 0.015984 0.019223 0.011634
v 0.015984 0.019223 0.011634
v 0.015846 0.000058 0.009916
v -0.003484 0.000057 0.012051
v 0.015984 0.019223 0.011634
v -0.003484 0.000057 0.012051
v -0.003137 0.019424 0.013791
v 0.016525 0.037582 0.016633
v 0.015984 0.019223 0.011634
v -0.003137 0.019424 0.013791
v 0.016525 0.037582 0.016633
v -0.003137 0.019424 0.013791
v -0.002115 0.038004 0.018871
v 0.017685 0.054341 0.024802
v 0.016525 0.037582 0.016633
v -0.002115 0.038004 0.018871
v 0.017685 0.054341 0.024802
v -0.002115 0.038004 0.018871
v -0.000436 0.055015 0.027195
v 0.019724 0.068723 0.036037
v 0.017685 0.054341 0.024802
v -0.000436 0.055015 0.027195
v 0.019724 0.068723 0.036037
v -0.000436 0.055015 0.027195
v 0.001879 0.069676 0.038670
v 0.036644 0.066014 0.035375
v 0.035149 0.052540 0.024995
v 0.017685 0.054341 0.024802
v 0.036644 0.066014 0.035375
v 0.017685 0.054341 0.024802
v 0.019724 0.068723 0.036037
v 0.051242 0.061943 0.036566
v 0.050870 0.050162 0.027910
v 0.035149 0.052540 0.024995
v 0.051242 0.061943 0.036566
v 0.035149 0.052540 0.024995
v 0.036644 0.066014 0.035375
v 0.053033 -0.018202 0.017512
v 0.051991 -0.035289 0.021412
v 0.034837 -0.036472 0.017329
v 0.053033 -0.018202 0.017512
v 0.034837 -0.036472 0.017329
v 0.034966 -0.018665 0.012792
v 0.051991 -0.035289 0.021412
v 0.050850 -0.050133 0.027708
v 0.035128 -0.052493 0.024783
v 0.051991 -0.035289 0.021412
v 0.035128 -0.052493 0.024783
v 0.034837 -0.036472 0.017329
v 0.034966 -0.018665 0.012792
v 0.034837 -0.036472 0.017329
v 0.016509 -0.037494 0.016481
v 0.034966 -0.018665 0.012792
v 0.016509 -0.037494 0.016481
v 0.015976 -0.019115 0.011557
v 0.034837 -0.036472 0.017329
v 0.035128 -0.052493 0.024783
v 0.017663 -0.054286 0.024582
v 0.034837 -0.036472 0.017329
v 0.017663 -0.054286 0.024582
v 0.016509 -0.037494 0.016481
v 0.070159 0.000017 0.024733
v 0.069408 -0.017999 0.025821
v 0.053033 -0.018202 0.017512
v 0.070159 0.000017 0.024733
v 0.053033 -0.018202 0.017512
v 0.053452 0.000037 0.016196
v 0.069408 -0.017999 0.025821
v 0.067287 -0.034720 0.028977
v 0.051991 -0.035289 0.021412
v 0.069408 -0.017999 0.025821
v 0.051991 -0.035289 0.021412
v 0.053033 -0.018202 0.017512
v 0.067287 -0.034720 0.028977
v 0.064104 -0.048802 0.033739
v 0.050850 -0.050133 0.027708
v 0.067287 -0.034720 0.028977
v 0.050850 -0.050133 0.027708
v 0.051991 -0.035289 0.021412
v 0.064104 -0.048802 0.033739
v 0.061040 -0.058040 0.038334
v 0.051217 -0.061949 0.036315
v 0.064104 -0.048802 0.033739
v 0.051217 -0.061949 0.036315
v 0.050850 -0.050133 0.027708
v 0.050850 -0.050133 0.027708
v 0.051217 -0.061949 0.036315
v 0.036617 -0.066009 0.035109
v 0.050850 -0.050133 0.027708
v 0.036617 -0.066009 0.035109
v 0.035128 -0.052493 0.024783
v 0.035128 -0.052493 0.024783
v 0.036617 -0.066009 0.035109
v 0.019697 -0.068715 0.035759
v 0.035128 -0.052493 0.024783
v 0.019697 -0.068715 0.035759
v 0.017663 -0.054286 0.024582
v 0.017663 -0.054286 0.024582
v 0.019697 -0.068715 0.035759
v 0.001850 -0.069671 0.038388
v 0.017663 -0.054286 0.024582
v 0.001850 -0.069671 0.038388
v -0.000459 -0.054962 0.026973
v 0.016509 -0.037494 0.016481
v 0.017663 -0.054286 0.024582
v -0.000459 -0.054962 0.026973
v 0.016509 -0.037494 0.016481
v -0.000459 -0.054962 0.026973
v -0.002130 -0.037917 0.018717
v 0.015976 -0.019115 0.011557
v 0.016509 -0.037494 0.016481
v -0.002130 -0.037917 0.018717
v 0.015976 -0.019115 0.011557
v -0.002130 -0.037917 0.018717
v -0.003145 -0.019317 0.013713
v 0.015846 0.000058 0.009916
v 0.015976 -0.019115 0.011557
v -0.003145 -0.019317 0.013713
v 0.015846 0.000058 0.009916
v -0.003145 -0.019317 0.013713
v -0.003484 0.000057 0.012051
v 0.035087 0.000051 0.011278
v 0.034966 -0.018665 0.012792
v 0.015976 -0.019115 0.011557
v 0.035087 0.000051 0.011278
v 0.015976 -0.019115 0.011557
v 0.015846 0.000058 0.009916
v 0.053452 0.000037 0.016196
v 0.053033 -0.018202 0.017512
v 0.034966 -0.018665 0.012792
v 0.053452 0.000037 0.016196
v 0.034966 -0.018665 0.012792
v 0.035087 0.000051 0.011278
v -0.018065 0.054333 0.032024
v -0.020160 0.037575 0.024044
v -0.036723 0.036534 0.031935
v -0.018065 0.054333 0.032024
v -0.036723 0.036534 0.031935
v -0.034085 0.052525 0.038981
v -0.020160 0.037575 0.024044
v -0.021595 0.019215 0.019225
v -0.038617 0.018746 0.027733
v -0.020160 0.037575 0.024044
v -0.038617 0.018746 0.027733
v -0.036723 0.036534 0.031935
v -0.034085 0.052525 0.038981
v -0.036723 0.036534 0.031935
v -0.050948 0.035322 0.042352
v -0.034085 0.052525 0.038981
v -0.050948 0.035322 0.042352
v -0.047440 0.050142 0.047770
v -0.036723 0.036534 0.031935
v -0.038617 0.018746 0.027733
v -0.053436 0.018249 0.039095
v -0.036723 0.036534 0.031935
v -0.053436 0.018249 0.039095
v -0.050948 0.035322 0.042352
v 0.001879 0.069676 0.038670
v -0.000436 0.055015 0.027195
v -0.018065 0.054333 0.032024
v 0.001879 0.069676 0.038670
v -0.018065 0.054333 0.032024
v -0.015590 0.068716 0.043170
v -0.000436 0.055015 0.027195
v -0.002115 0.038004 0.018871
v -0.020160 0.037575 0.024044
v -0.000436 0.055015 0.027195
v -0.020160 0.037575 0.024044
v -0.018065 0.054333 0.032024
v -0.002115 0.038004 0.018871
v -0.003137 0.019424 0.013791
v -0.021595 0.019215 0.019225
v -0.002115 0.038004 0.018871
v -0.021595 0.019215 0.019225
v -0.020160 0.037575 0.024044
v -0.003137 0.019424 0.013791
v -0.003484 0.000057 0.012051
v -0.022128 0.000050 0.017588
v -0.003137 0.019424 0.013791
v -0.022128 0.000050 0.017588
v -0.021595 0.019215 0.019225
v -0.021595 0.019215 0.019225
v -0.022128 0.000050 0.017588
v -0.039331 0.000036 0.026311
v -0.021595 0.019215 0.019225
v -0.039331 0.000036 0.026311
v -0.038617 0.018746 0.027733
v -0.038617 0.018746 0.027733
v -0.039331 0.000036 0.026311
v -0.054347 0.000015 0.037972
v -0.038617 0.018746 0.027733
v -0.054347 0.000015 0.037972
v -0.053436 0.018249 0.039095
v -0.053436 0.018249 0.039095
v -0.054347 0.000015 0.037972
v -0.066430 -0.000011 0.052325
v -0.053436 0.018249 0.039095
v -0.066430 -0.000011 0.052325
v -0.065302 0.018001 0.053108
v -0.050948 0.035322 0.042352
v -0.053436 0.018249 0.039095
v -0.065302 0.018001 0.053108
v -0.050948 0.035322 0.042352
v -0.065302 0.018001 0.053108
v -0.062108 0.034710 0.055260
v -0.047440 0.050142 0.047770
v -0.050948 0.035322 0.042352
v -0.062108 0.034710 0.055260
v -0.047440 0.050142 0.047770
v -0.062108 0.034710 0.055260
v -0.057315 0.048776 0.058468
v -0.044428 0.061923 0.055892
v -0.047440 0.050142 0.047770
v -0.057315 0.048776 0.058468
v -0.044428 0.061923 0.055892
v -0.057315 0.048776 0.058468
v -0.052700 0.057998 0.061549
v -0.031438 0.066000 0.049128
v -0.034085 0.052525 0.038981
v -0.047440 0.050142 0.047770
v -0.031438 0.066000 0.049128
v -0.047440 0.050142 0.047770
v -0.044428 0.061923 0.055892
v -0.015590 0.068716 0.043170
v -0.018065 0.054333 0.032024
v -0.034085 0.052525 0.038981
v -0.015590 0.068716 0.043170
v -0.034085 0.052525 0.038981
v -0.031438 0.066000 0.049128
v -0.021603 -0.019123 0.019148
v -0.020176 -0.037502 0.023892
v -0.036738 -0.036486 0.031788
v -0.021603 -0.019123 0.019148
v -0.036738 -0.036486 0.031788
v -0.038625 -0.018680 0.027658
v -0.020176 -0.037502 0.023892
v -0.018087 -0.054293 0.031804
v -0.034106 -0.052507 0.038769
v -0.020176 -0.037502 0.023892
v -0.034106 -0.052507 0.038769
v -0.036738 -0.036486 0.031788
v -0.038625 -0.018680 0.027658
v -0.036738 -0.036486 0.031788
v -0.050962 -0.035311 0.042209
v -0.038625 -0.018680 0.027658
v -0.050962 -0.035311 0.042209
v -0.053443 -0.018223 0.039021
v -0.036738 -0.036486 0.031788
v -0.034106 -0.052507 0.038769
v -0.047460 -0.050154 0.047567
v -0.036738 -0.036486 0.031788
v -0.047460 -0.050154 0.047567
v -0.050962 -0.035311 0.042209
v -0.003484 0.000057 0.012051
v -0.003145 -0.019317 0.013713
v -0.021603 -0.019123 0.019148
v -0.003484 0.000057 0.012051
v -0.021603 -0.019123 0.019148
v -0.022128 0.000050 0.017588
v -0.003145 -0.019317 0.013713
v -0.002130 -0.037917 0.018717
v -0.020176 -0.037502 0.023892
v -0.003145 -0.019317 0.013713
v -0.020176 -0.037502 0.023892
v -0.021603 -0.019123 0.019148
v -0.002130 -0.037917 0.018717
v -0.000459 -0.054962 0.026973
v -0.018087 -0.054293 0.031804
v -0.002130 -0.037917 0.018717
v -0.018087 -0.054293 0.031804
v -0.020176 -0.037502 0.023892
v -0.000459 -0.054962 0.026973
v 0.001850 -0.069671 0.038388
v -0.015618 -0.068722 0.042893
v -0.000459 -0.054962 0.026973
v -0.015618 -0.068722 0.042893
v -0.018087 -0.054293 0.031804
v -0.018087 -0.054293 0.031804
v -0.015618 -0.068722 0.042893
v -0.031465 -0.066023 0.048862
v -0.018087 -0.054293 0.031804
v -0.031465 -0.066023 0.048862
v -0.034106 -0.052507 0.038769
v -0.034106 -0.052507 0.038769
v -0.031465 -0.066023 0.048862
v -0.044453 -0.061969 0.055642
v -0.034106 -0.052507 0.038769
v -0.044453 -0.061969 0.055642
v -0.047460 -0.050154 0.047567
v -0.047460 -0.050154 0.047567
v -0.044453 -0.061969 0.055642
v -0.052724 -0.058063 0.061315
v -0.047460 -0.050154 0.047567
v -0.052724 -0.058063 0.061315
v -0.057335 -0.048827 0.058271
v -0.050962 -0.035311 0.042209
v -0.047460 -0.050154 0.047567
v -0.057335 -0.048827 0.058271
v -0.050962 -0.035311 0.042209
v -0.057335 -0.048827 0.058271
v -0.062122 -0.034747 0.055119
v -0.053443 -0.018223 0.039021
v -0.050962 -0.035311 0.042209
v -0.062122 -0.034747 0.055119
v -0.053443 -0.018223 0.039021
v -0.062122 -0.034747 0.055119
v -0.065309 -0.018027 0.053035
v -0.054347 0.000015 0.037972
v -0.053443 -0.018223 0.039021
v -0.065309 -0.018027 0.053035
v -0.054347 0.000015 0.037972
v -0.065309 -0.018027 0.053035
v -0.066430 -0.000011 0.052325
v -0.039331 0.000036 0.026311
v -0.038625 -0.018680 0.027658
v -0.053443 -0.018223 0.039021
v -0.039331 0.000036 0.026311
v -0.053443 -0.018223 0.039021
v -0.054347 0.000015 0.037972
v -0.022128 0.000050 0.017588
v -0.021603 -0.019123 0.019148
v -0.038625 -0.018680 0.027658
v -0.022128 0.000050 0.017588
v -0.038625 -0.018680 0.027658
v -0.039331 0.000036 0.026311
v -0.019529 0.049857 0.185939
v -0.020670 0.035013 0.192235
v -0.003516 0.036196 0.196317
v -0.019529 0.049857 0.185939
v -0.003516 0.036196 0.196317
v -0.003807 0.052216 0.188864
v -0.020670 0.035013 0.192235
v -0.021712 0.017925 0.196135
v -0.003645 0.018389 0.200855
v -0.020670 0.035013 0.192235
v -0.003645 0.018389 0.200855
v -0.003516 0.036196 0.196317
v -0.003807 0.052216 0.188864
v -0.003516 0.036196 0.196317
v 0.014812 0.037218 0.197165
v -0.003807 0.052216 0.188864
v 0.014812 0.037218 0.197165
v 0.013658 0.054010 0.189064
v -0.003516 0.036196 0.196317
v -0.003645 0.018389 0.200855
v 0.015345 0.018839 0.202090
v -0.003516 0.036196 0.196317
v 0.015345 0.018839 0.202090
v 0.014812 0.037218 0.197165
v -0.029719 0.057764 0.175313
v -0.032783 0.048525 0.179907
v -0.019529 0.049857 0.185939
v -0.029719 0.057764 0.175313
v -0.019529 0.049857 0.185939
v -0.019896 0.061673 0.177331
v -0.032783 0.048525 0.179907
v -0.035966 0.034444 0.184669
v -0.020670 0.035013 0.192235
v -0.032783 0.048525 0.179907
v -0.020670 0.035013 0.192235
v -0.019529 0.049857 0.185939
v -0.035966 0.034444 0.184669
v -0.038087 0.017723 0.187825
v -0.021712 0.017925 0.196135
v -0.035966 0.034444 0.184669
v -0.021712 0.017925 0.196135
v -0.020670 0.035013 0.192235
v -0.038087 0.017723 0.187825
v -0.038838 -0.000293 0.188913
v -0.022131 -0.000314 0.197450
v -0.038087 0.017723 0.187825
v -0.022131 -0.000314 0.197450
v -0.021712 0.017925 0.196135
v -0.021712 0.017925 0.196135
v -0.022131 -0.000314 0.197450
v -0.003766 -0.000327 0.202369
v -0.021712 0.017925 0.196135
v -0.003766 -0.000327 0.202369
v -0.003645 0.018389 0.200855
v -0.003645 0.018389 0.200855
v -0.003766 -0.000327 0.202369
v 0.015475 -0.000334 0.203730
v -0.003645 0.018389 0.200855
v 0.015475 -0.000334 0.203730
v 0.015345 0.018839 0.202090
v 0.015345 0.018839 0.202090
v 0.015475 -0.000334 0.203730
v 0.034806 -0.000333 0.201596
v 0.015345 0.018839 0.202090
v 0.034806 -0.000333 0.201596
v 0.034466 0.019041 0.199934
v 0.014812 0.037218 0.197165
v 0.015345 0.018839 0.202090
v 0.034466 0.019041 0.199934
v 0.014812 0.037218 0.197165
v 0.034466 0.019041 0.199934
v 0.033451 0.037641 0.194929
v 0.013658 0.054010 0.189064
v 0.014812 0.037218 0.197165
v 0.033451 0.037641 0.194929
v 0.013658 0.054010 0.189064
v 0.033451 0.037641 0.194929
v 0.031780 0.054686 0.186673
v 0.011624 0.068439 0.177887
v 0.013658 0.054010 0.189064
v 0.031780 0.054686 0.186673
v 0.011624 0.068439 0.177887
v 0.031780 0.054686 0.186673
v 0.029471 0.069395 0.175258
v -0.005296 0.065733 0.178538
v -0.003807 0.052216 0.188864
v 0.013658 0.054010 0.189064
v -0.005296 0.065733 0.178538
v 0.013658 0.054010 0.189064
v 0.011624 0.068439 0.177887
v -0.019896 0.061673 0.177331
v -0.019529 0.049857 0.185939
v -0.003807 0.052216 0.188864
v -0.019896 0.061673 0.177331
v -0.003807 0.052216 0.188864
v -0.005296 0.065733 0.178538
v -0.021720 -0.018547 0.196061
v -0.020684 -0.035620 0.192092
v -0.003531 -0.036825 0.196170
v -0.021720 -0.018547 0.196061
v -0.003531 -0.036825 0.196170
v -0.003652 -0.019037 0.200779
v -0.020684 -0.035620 0.192092
v -0.019549 -0.050438 0.185736
v -0.003828 -0.052816 0.188651
v -0.020684 -0.035620 0.192092
v -0.003828 -0.052816 0.188651
v -0.003531 -0.036825 0.196170
v -0.003652 -0.019037 0.200779
v -0.003531 -0.036825 0.196170
v 0.014797 -0.037859 0.197013
v -0.003652 -0.019037 0.200779
v 0.014797 -0.037859 0.197013
v 0.015337 -0.019499 0.202012
v -0.003531 -0.036825 0.196170
v -0.003828 -0.052816 0.188651
v 0.013636 -0.054617 0.188845
v -0.003531 -0.036825 0.196170
v 0.013636 -0.054617 0.188845
v 0.014797 -0.037859 0.197013
v -0.038838 -0.000293 0.188913
v -0.038095 -0.018305 0.187752
v -0.021720 -0.018547 0.196061
v -0.038838 -0.000293 0.188913
v -0.021720 -0.018547 0.196061
v -0.022131 -0.000314 0.197450
v -0.038095 -0.018305 0.187752
v -0.035980 -0.035013 0.184529
v -0.020684 -0.035620 0.192092
v -0.038095 -0.018305 0.187752
v -0.020684 -0.035620 0.192092
v -0.021720 -0.018547 0.196061
v -0.035980 -0.035013 0.184529
v -0.032803 -0.049077 0.179710
v -0.019549 -0.050438 0.185736
v -0.035980 -0.035013 0.184529
v -0.019549 -0.050438 0.185736
v -0.020684 -0.035620 0.192092
v -0.032803 -0.049077 0.179710
v -0.029742 -0.058298 0.175078
v -0.019921 -0.062219 0.177081
v -0.032803 -0.049077 0.179710
v -0.019921 -0.062219 0.177081
v -0.019549 -0.050438 0.185736
v -0.019549 -0.050438 0.185736
v -0.019921 -0.062219 0.177081
v -0.005323 -0.066290 0.178271
v -0.019549 -0.050438 0.185736
v -0.005323 -0.066290 0.178271
v -0.003828 -0.052816 0.188651
v -0.003828 -0.052816 0.188651
v -0.005323 -0.066290 0.178271
v 0.011597 -0.069000 0.177610
v -0.003828 -0.052816 0.188651
v 0.011597 -0.069000 0.177610
v 0.013636 -0.054617 0.188845
v 0.013636 -0.054617 0.188845
v 0.011597 -0.069000 0.177610
v 0.029443 -0.069953 0.174977
v 0.013636 -0.054617 0.188845
v 0.029443 -0.069953 0.174977
v 0.031757 -0.055291 0.186451
v 0.014797 -0.037859 0.197013
v 0.013636 -0.054617 0.188845
v 0.031757 -0.055291 0.186451
v 0.014797 -0.037859 0.197013
v 0.031757 -0.055291 0.186451
v 0.033436 -0.038280 0.194776
v 0.015337 -0.019499 0.202012
v 0.014797 -0.037859 0.197013
v 0.033436 -0.038280 0.194776
v 0.015337 -0.019499 0.202012
v 0.033436 -0.038280 0.194776
v 0.034458 -0.019701 0.199855
v 0.015475 -0.000334 0.203730
v 0.015337 -0.019499 0.202012
v 0.034458 -0.019701 0.199855
v 0.015475 -0.000334 0.203730
v 0.034458 -0.019701 0.199855
v 0.034806 -0.000333 0.201596
v -0.003766 -0.000327 0.202369
v -0.003652 -0.019037 0.200779
v 0.015337 -0.019499 0.202012
v -0.003766 -0.000327 0.202369
v 0.015337 -0.019499 0.202012
v 0.015475 -0.000334 0.203730
v -0.022131 -0.000314 0.197450
v -0.021720 -0.018547 0.196061
v -0.003652 -0.019037 0.200779
v -0.022131 -0.000314 0.197450
v -0.003652 -0.019037 0.200779
v -0.003766 -0.000327 0.202369
v 0.049408 0.054017 0.181842
v 0.051497 0.037226 0.189754
v 0.068059 0.036210 0.181859
v 0.049408 0.054017 0.181842
v 0.068059 0.036210 0.181859
v 0.065427 0.052231 0.174878
v 0.051497 0.037226 0.189754
v 0.052924 0.018846 0.194499
v 0.069946 0.018404 0.185989
v 0.051497 0.037226 0.189754
v 0.069946 0.018404 0.185989
v 0.068059 0.036210 0.181859
v 0.065427 0.052231 0.174878
v 0.068059 0.036210 0.181859
v 0.082283 0.035034 0.171437
v 0.065427 0.052231 0.174878
v 0.082283 0.035034 0.171437
v 0.078781 0.049877 0.166079
v 0.068059 0.036210 0.181859
v 0.069946 0.018404 0.185989
v 0.084764 0.017947 0.174626
v 0.068059 0.036210 0.181859
v 0.084764 0.017947 0.174626
v 0.082283 0.035034 0.171437
v 0.029471 0.069395 0.175258
v 0.031780 0.054686 0.186673
v 0.049408 0.054017 0.181842
v 0.029471 0.069395 0.175258
v 0.049408 0.054017 0.181842
v 0.046939 0.068446 0.170754
v 0.031780 0.054686 0.186673
v 0.033451 0.037641 0.194929
v 0.051497 0.037226 0.189754
v 0.031780 0.054686 0.186673
v 0.051497 0.037226 0.189754
v 0.049408 0.054017 0.181842
v 0.033451 0.037641 0.194929
v 0.034466 0.019041 0.199934
v 0.052924 0.018846 0.194499
v 0.033451 0.037641 0.194929
v 0.052924 0.018846 0.194499
v 0.051497 0.037226 0.189754
v 0.034466 0.019041 0.199934
v 0.034806 -0.000333 0.201596
v 0.053449 -0.000326 0.196059
v 0.034466 0.019041 0.199934
v 0.053449 -0.000326 0.196059
v 0.052924 0.018846 0.194499
v 0.052924 0.018846 0.194499
v 0.053449 -0.000326 0.196059
v 0.070652 -0.000312 0.187336
v 0.052924 0.018846 0.194499
v 0.070652 -0.000312 0.187336
v 0.069946 0.018404 0.185989
v 0.069946 0.018404 0.185989
v 0.070652 -0.000312 0.187336
v 0.085668 -0.000291 0.175674
v 0.069946 0.018404 0.185989
v 0.085668 -0.000291 0.175674
v 0.084764 0.017947 0.174626
v 0.084764 0.017947 0.174626
v 0.085668 -0.000291 0.175674
v 0.097751 -0.000265 0.161321
v 0.084764 0.017947 0.174626
v 0.097751 -0.000265 0.161321
v 0.096630 0.017751 0.160611
v 0.082283 0.035034 0.171437
v 0.084764 0.017947 0.174626
v 0.096630 0.017751 0.160611
v 0.082283 0.035034 0.171437
v 0.096630 0.017751 0.160611
v 0.093443 0.034470 0.158527
v 0.078781 0.049877 0.166079
v 0.082283 0.035034 0.171437
v 0.093443 0.034470 0.158527
v 0.078781 0.049877 0.166079
v 0.093443 0.034470 0.158527
v 0.088656 0.048550 0.155375
v 0.075774 0.061693 0.158005
v 0.078781 0.049877 0.166079
v 0.088656 0.048550 0.155375
v 0.075774 0.061693 0.158005
v 0.088656 0.048550 0.155375
v 0.084045 0.057787 0.152331
v 0.062786 0.065747 0.164785
v 0.065427 0.052231 0.174878
v 0.078781 0.049877 0.166079
v 0.062786 0.065747 0.164785
v 0.078781 0.049877 0.166079
v 0.075774 0.061693 0.158005
v 0.046939 0.068446 0.170754
v 0.049408 0.054017 0.181842
v 0.065427 0.052231 0.174878
v 0.046939 0.068446 0.170754
v 0.065427 0.052231 0.174878
v 0.062786 0.065747 0.164785
v 0.052916 -0.019492 0.194421
v 0.051482 -0.037851 0.189603
v 0.068044 -0.036810 0.181711
v 0.052916 -0.019492 0.194421
v 0.068044 -0.036810 0.181711
v 0.069938 -0.019022 0.185913
v 0.051482 -0.037851 0.189603
v 0.049386 -0.054610 0.181623
v 0.065406 -0.052801 0.174665
v 0.051482 -0.037851 0.189603
v 0.065406 -0.052801 0.174665
v 0.068044 -0.036810 0.181711
v 0.069938 -0.019022 0.185913
v 0.068044 -0.036810 0.181711
v 0.082269 -0.035598 0.171294
v 0.069938 -0.019022 0.185913
v 0.082269 -0.035598 0.171294
v 0.084757 -0.018525 0.174552
v 0.068044 -0.036810 0.181711
v 0.065406 -0.052801 0.174665
v 0.078761 -0.050418 0.165877
v 0.068044 -0.036810 0.181711
v 0.078761 -0.050418 0.165877
v 0.082269 -0.035598 0.171294
v 0.034806 -0.000333 0.201596
v 0.034458 -0.019701 0.199855
v 0.052916 -0.019492 0.194421
v 0.034806 -0.000333 0.201596
v 0.052916 -0.019492 0.194421
v 0.053449 -0.000326 0.196059
v 0.034458 -0.019701 0.199855
v 0.033436 -0.038280 0.194776
v 0.051482 -0.037851 0.189603
v 0.034458 -0.019701 0.199855
v 0.051482 -0.037851 0.189603
v 0.052916 -0.019492 0.194421
v 0.033436 -0.038280 0.194776
v 0.031757 -0.055291 0.186451
v 0.049386 -0.054610 0.181623
v 0.033436 -0.038280 0.194776
v 0.049386 -0.054610 0.181623
v 0.051482 -0.037851 0.189603
v 0.031757 -0.055291 0.186451
v 0.029443 -0.069953 0.174977
v 0.046911 -0.068992 0.170476
v 0.031757 -0.055291 0.186451
v 0.046911 -0.068992 0.170476
v 0.049386 -0.054610 0.181623
v 0.049386 -0.054610 0.181623
v 0.046911 -0.068992 0.170476
v 0.062759 -0.066276 0.164518
v 0.049386 -0.054610 0.181623
v 0.062759 -0.066276 0.164518
v 0.065406 -0.052801 0.174665
v 0.065406 -0.052801 0.174665
v 0.062759 -0.066276 0.164518
v 0.075749 -0.062199 0.157755
v 0.065406 -0.052801 0.174665
v 0.075749 -0.062199 0.157755
v 0.078761 -0.050418 0.165877
v 0.078761 -0.050418 0.165877
v 0.075749 -0.062199 0.157755
v 0.084021 -0.058274 0.152097
v 0.078761 -0.050418 0.165877
v 0.084021 -0.058274 0.152097
v 0.088636 -0.049052 0.155178
v 0.082269 -0.035598 0.171294
v 0.078761 -0.050418 0.165877
v 0.088636 -0.049052 0.155178
v 0.082269 -0.035598 0.171294
v 0.088636 -0.049052 0.155178
v 0.093429 -0.034987 0.158387
v 0.084757 -0.018525 0.174552
v 0.082269 -0.035598 0.171294
v 0.093429 -0.034987 0.158387
v 0.084757 -0.018525 0.174552
v 0.093429 -0.034987 0.158387
v 0.096623 -0.018277 0.160538
v 0.085668 -0.000291 0.175674
v 0.084757 -0.018525 0.174552
v 0.096623 -0.018277 0.160538
v 0.085668 -0.000291 0.175674
v 0.096623 -0.018277 0.160538
v 0.097751 -0.000265 0.161321
v 0.070652 -0.000312 0.187336
v 0.069938 -0.019022 0.185913
v 0.084757 -0.018525 0.174552
v 0.070652 -0.000312 0.187336
v 0.084757 -0.018525 0.174552
v 0.085668 -0.000291 0.175674
v 0.053449 -0.000326 0.196059
v 0.052916 -0.019492 0.194421
v 0.069938 -0.019022 0.185913
v 0.053449 -0.000326 0.196059
v 0.069938 -0.019022 0.185913
v 0.070652 -0.000312 0.187336
v -0.067023 -0.051398 -0.003423
v -0.061256 -0.095116 0.025084
v -0.387754 -0.081252 0.105311
v -0.067023 -0.051398 -0.003423
v -0.387754 -0.081252 0.105311
v -0.392676 -0.043947 0.080987
v -0.380383 -0.106219 0.141777
v -0.371683 -0.115049 0.184834
v -0.387392 -0.102866 0.188032
v -0.380383 -0.106219 0.141777
v -0.387392 -0.102866 0.188032
v -0.395168 -0.094974 0.149545
v -0.395168 -0.094974 0.149545
v -0.387392 -0.102866 0.188032
v -0.397886 -0.085654 0.190187
v -0.395168 -0.094974 0.149545
v -0.397886 -0.085654 0.190187
v -0.404358 -0.079085 0.158155
v -0.404358 -0.079085 0.158155
v -0.397886 -0.085654 0.190187
v -0.401568 -0.066033 0.190972
v -0.404358 -0.079085 0.158155
v -0.401568 -0.066033 0.190972
v -0.406554 -0.060973 0.166296
v -0.069041 0.000122 -0.013360
v -0.067023 -0.051398 -0.003423
v -0.392676 -0.043947 0.080987
v -0.069041 0.000122 -0.013360
v -0.392676 -0.043947 0.080987
v -0.394398 0.000014 0.072508
v -0.387754 -0.081252 0.105311
v -0.380383 -0.106219 0.141777
v -0.395168 -0.094974 0.149545
v -0.387754 -0.081252 0.105311
v -0.395168 -0.094974 0.149545
v -0.401757 -0.072656 0.116948
v -0.401757 -0.072656 0.116948
v -0.395168 -0.094974 0.149545
v -0.404358 -0.079085 0.158155
v -0.401757 -0.072656 0.116948
v -0.404358 -0.079085 0.158155
v -0.409842 -0.060510 0.131025
v -0.409842 -0.060510 0.131025
v -0.404358 -0.079085 0.158155
v -0.406554 -0.060973 0.166296
v -0.409842 -0.060510 0.131025
v -0.406554 -0.060973 0.166296
v -0.410779 -0.046664 0.145397
v -0.067003 0.051601 -0.003215
v -0.069041 0.000122 -0.013360
v -0.394398 0.000014 0.072508
v -0.067003 0.051601 -0.003215
v -0.394398 0.000014 0.072508
v -0.392658 0.043941 0.081164
v -0.392676 -0.043947 0.080987
v -0.387754 -0.081252 0.105311
v -0.401757 -0.072656 0.116948
v -0.392676 -0.043947 0.080987
v -0.401757 -0.072656 0.116948
v -0.406157 -0.039310 0.095205
v -0.406157 -0.039310 0.095205
v -0.401757 -0.072656 0.116948
v -0.409842 -0.060510 0.131025
v -0.406157 -0.039310 0.095205
v -0.409842 -0.060510 0.131025
v -0.413504 -0.032757 0.112928
v -0.413504 -0.032757 0.112928
v -0.409842 -0.060510 0.131025
v -0.410779 -0.046664 0.145397
v -0.413504 -0.032757 0.112928
v -0.410779 -0.046664 0.145397
v -0.413599 -0.025285 0.131457
v -0.061217 0.095202 0.025468
v -0.067003 0.051601 -0.003215
v -0.392658 0.043941 0.081164
v -0.061217 0.095202 0.025468
v -0.392658 0.043941 0.081164
v -0.387721 0.081145 0.105639
v -0.394398 0.000014 0.072508
v -0.392676 -0.043947 0.080987
v -0.406157 -0.039310 0.095205
v -0.394398 0.000014 0.072508
v -0.406157 -0.039310 0.095205
v -0.407696 -0.000013 0.087626
v -0.407696 -0.000013 0.087626
v -0.406157 -0.039310 0.095205
v -0.413504 -0.032757 0.112928
v -0.407696 -0.000013 0.087626
v -0.413504 -0.032757 0.112928
v -0.414785 -0.000050 0.106620
v -0.414785 -0.000050 0.106620
v -0.413504 -0.032757 0.112928
v -0.413599 -0.025285 0.131457
v -0.414785 -0.000050 0.106620
v -0.413599 -0.025285 0.131457
v -0.414586 -0.000091 0.126598
v -0.052567 0.124286 0.068322
v -0.061217 0.095202 0.025468
v -0.387721 0.081145 0.105639
v -0.052567 0.124286 0.068322
v -0.387721 0.081145 0.105639
v -0.380340 0.105962 0.142206
v -0.392658 0.043941 0.081164
v -0.394398 0.000014 0.072508
v -0.407696 -0.000013 0.087626
v -0.392658 0.043941 0.081164
v -0.407696 -0.000013 0.087626
v -0.406141 0.039252 0.095364
v -0.406141 0.039252 0.095364
v -0.407696 -0.000013 0.087626
v -0.414785 -0.000050 0.106620
v -0.406141 0.039252 0.095364
v -0.414785 -0.000050 0.106620
v -0.413491 0.032630 0.113060
v -0.413491 0.032630 0.113060
v -0.414785 -0.000050 0.106620
v -0.414586 -0.000091 0.126598
v -0.413491 0.032630 0.113060
v -0.414586 -0.000091 0.126598
v -0.413589 0.025083 0.131559
v -0.042367 0.134426 0.118823
v -0.052567 0.124286 0.068322
v -0.380340 0.105962 0.142206
v -0.042367 0.134426 0.118823
v -0.380340 0.105962 0.142206
v -0.371637 0.114614 0.185297
v -0.387721 0.081145 0.105639
v -0.392658 0.043941 0.081164
v -0.406141 0.039252 0.095364
v -0.387721 0.081145 0.105639
v -0.406141 0.039252 0.095364
v -0.401728 0.072507 0.117241
v -0.401728 0.072507 0.117241
v -0.406141 0.039252 0.095364
v -0.413491 0.032630 0.113060
v -0.401728 0.072507 0.117241
v -0.413491 0.032630 0.113060
v -0.409818 0.060308 0.131269
v -0.409818 0.060308 0.131269
v -0.413491 0.032630 0.113060
v -0.413589 0.025083 0.131559
v -0.409818 0.060308 0.131269
v -0.413589 0.025083 0.131559
v -0.410760 0.046405 0.145585
v -0.032172 0.124078 0.169282
v -0.042367 0.134426 0.118823
v -0.371637 0.114614 0.185297
v -0.032172 0.124078 0.169282
v -0.371637 0.114614 0.185297
v -0.362937 0.105784 0.228354
v -0.380340 0.105962 0.142206
v -0.387721 0.081145 0.105639
v -0.401728 0.072507 0.117241
v -0.380340 0.105962 0.142206
v -0.401728 0.072507 0.117241
v -0.395130 0.094691 0.149928
v -0.395130 0.094691 0.149928
v -0.401728 0.072507 0.117241
v -0.409818 0.060308 0.131269
v -0.395130 0.094691 0.149928
v -0.409818 0.060308 0.131269
v -0.404326 0.078772 0.158473
v -0.404326 0.078772 0.158473
v -0.409818 0.060308 0.131269
v -0.410760 0.046405 0.145585
v -0.404326 0.078772 0.158473
v -0.410760 0.046405 0.145585
v -0.406529 0.060628 0.166542
v -0.023533 0.094817 0.212018
v -0.032172 0.124078 0.169282
v -0.362937 0.105784 0.228354
v -0.023533 0.094817 0.212018
v -0.362937 0.105784 0.228354
v -0.355565 0.080817 0.264820
v -0.371637 0.114614 0.185297
v -0.380340 0.105962 0.142206
v -0.395130 0.094691 0.149928
v -0.371637 0.114614 0.185297
v -0.395130 0.094691 0.149928
v -0.387350 0.102425 0.188447
v -0.387350 0.102425 0.188447
v -0.395130 0.094691 0.149928
v -0.404326 0.078772 0.158473
v -0.387350 0.102425 0.188447
v -0.404326 0.078772 0.158473
v -0.397851 0.085209 0.190532
v -0.397851 0.085209 0.190532
v -0.404326 0.078772 0.158473
v -0.406529 0.060628 0.166542
v -0.397851 0.085209 0.190532
v -0.406529 0.060628 0.166542
v -0.401542 0.065586 0.191237
v -0.017765 0.051099 0.240524
v -0.023533 0.094817 0.212018
v -0.355565 0.080817 0.264820
v -0.017765 0.051099 0.240524
v -0.355565 0.080817 0.264820
v -0.350644 0.043512 0.289144
v -0.362937 0.105784 0.228354
v -0.371637 0.114614 0.185297
v -0.387350 0.102425 0.188447
v -0.362937 0.105784 0.228354
v -0.387350 0.102425 0.188447
v -0.379574 0.094532 0.226934
v -0.379574 0.094532 0.226934
v -0.387350 0.102425 0.188447
v -0.397851 0.085209 0.190532
v -0.379574 0.094532 0.226934
v -0.397851 0.085209 0.190532
v -0.391379 0.078640 0.222565
v -0.391379 0.078640 0.222565
v -0.397851 0.085209 0.190532
v -0.401542 0.065586 0.191237
v -0.391379 0.078640 0.222565
v -0.401542 0.065586 0.191237
v -0.396556 0.060526 0.215913
v -0.015747 -0.000422 0.250461
v -0.017765 0.051099 0.240524
v -0.350644 0.043512 0.289144
v -0.015747 -0.000422 0.250461
v -0.350644 0.043512 0.289144
v -0.348922 -0.000449 0.297623
v -0.355565 0.080817 0.264820
v -0.362937 0.105784 0.228354
v -0.379574 0.094532 0.226934
v -0.355565 0.080817 0.264820
v -0.379574 0.094532 0.226934
v -0.372984 0.072214 0.259530
v -0.372984 0.072214 0.259530
v -0.379574 0.094532 0.226934
v -0.391379 0.078640 0.222565
v -0.372984 0.072214 0.259530
v -0.391379 0.078640 0.222565
v -0.385895 0.060064 0.249695
v -0.385895 0.060064 0.249695
v -0.391379 0.078640 0.222565
v -0.396556 0.060526 0.215913
v -0.385895 0.060064 0.249695
v -0.396556 0.060526 0.215913
v -0.392331 0.046217 0.236812
v -0.017786 -0.051900 0.240316
v -0.015747 -0.000422 0.250461
v -0.348922 -0.000449 0.297623
v -0.017786 -0.051900 0.240316
v -0.348922 -0.000449 0.297623
v -0.350662 -0.044376 0.288967
v -0.350644 0.043512 0.289144
v -0.355565 0.080817 0.264820
v -0.372984 0.072214 0.259530
v -0.350644 0.043512 0.289144
v -0.372984 0.072214 0.259530
v -0.368585 0.038869 0.281273
v -0.368585 0.038869 0.281273
v -0.372984 0.072214 0.259530
v -0.385895 0.060064 0.249695
v -0.368585 0.038869 0.281273
v -0.385895 0.060064 0.249695
v -0.382233 0.032311 0.267792
v -0.382233 0.032311 0.267792
v -0.385895 0.060064 0.249695
v -0.392331 0.046217 0.236812
v -0.382233 0.032311 0.267792
v -0.392331 0.046217 0.236812
v -0.389511 0.024838 0.250752
v -0.023571 -0.095501 0.211634
v -0.017786 -0.051900 0.240316
v -0.350662 -0.044376 0.288967
v -0.023571 -0.095501 0.211634
v -0.350662 -0.044376 0.288967
v -0.355598 -0.081580 0.264492
v -0.348922 -0.000449 0.297623
v -0.350644 0.043512 0.289144
v -0.368585 0.038869 0.281273
v -0.348922 -0.000449 0.297623
v -0.368585 0.038869 0.281273
v -0.367046 -0.000428 0.288853
v -0.367046 -0.000428 0.288853
v -0.368585 0.038869 0.281273
v -0.382233 0.032311 0.267792
v -0.367046 -0.000428 0.288853
v -0.382233 0.032311 0.267792
v -0.380952 -0.000395 0.274100
v -0.380952 -0.000395 0.274100
v -0.382233 0.032311 0.267792
v -0.389511 0.024838 0.250752
v -0.380952 -0.000395 0.274100
v -0.389511 0.024838 0.250752
v -0.388524 -0.000357 0.255611
v -0.032222 -0.124585 0.168780
v -0.023571 -0.095501 0.211634
v -0.355598 -0.081580 0.264492
v -0.032222 -0.124585 0.168780
v -0.355598 -0.081580 0.264492
v -0.362980 -0.106397 0.227925
v -0.350662 -0.044376 0.288967
v -0.348922 -0.000449 0.297623
v -0.367046 -0.000428 0.288853
v -0.350662 -0.044376 0.288967
v -0.367046 -0.000428 0.288853
v -0.368601 -0.039693 0.281115
v -0.368601 -0.039693 0.281115
v -0.367046 -0.000428 0.288853
v -0.380952 -0.000395 0.274100
v -0.368601 -0.039693 0.281115
v -0.380952 -0.000395 0.274100
v -0.382246 -0.033076 0.267660
v -0.382246 -0.033076 0.267660
v -0.380952 -0.000395 0.274100
v -0.388524 -0.000357 0.255611
v -0.382246 -0.033076 0.267660
v -0.388524 -0.000357 0.255611
v -0.389521 -0.025531 0.250650
v -0.042421 -0.134725 0.118279
v -0.032222 -0.124585 0.168780
v -0.362980 -0.106397 0.227925
v -0.042421 -0.134725 0.118279
v -0.362980 -0.106397 0.227925
v -0.371683 -0.115049 0.184834
v -0.355598 -0.081580 0.264492
v -0.350662 -0.044376 0.288967
v -0.368601 -0.039693 0.281115
v -0.355598 -0.081580 0.264492
v -0.368601 -0.039693 0.281115
v -0.373014 -0.072949 0.259237
v -0.373014 -0.072949 0.259237
v -0.368601 -0.039693 0.281115
v -0.382246 -0.033076 0.267660
v -0.373014 -0.072949 0.259237
v -0.382246 -0.033076 0.267660
v -0.385919 -0.060754 0.249451
v -0.385919 -0.060754 0.249451
v -0.382246 -0.033076 0.267660
v -0.389521 -0.025531 0.250650
v -0.385919 -0.060754 0.249451
v -0.389521 -0.025531 0.250650
v -0.392350 -0.046852 0.236624
v -0.362980 -0.106397 0.227925
v -0.355598 -0.081580 0.264492
v -0.373014 -0.072949 0.259237
v -0.362980 -0.106397 0.227925
v -0.373014 -0.072949 0.259237
v -0.379612 -0.095132 0.226551
v -0.379612 -0.095132 0.226551
v -0.373014 -0.072949 0.259237
v -0.385919 -0.060754 0.249451
v -0.379612 -0.095132 0.226551
v -0.385919 -0.060754 0.249451
v -0.391411 -0.079217 0.222246
v -0.391411 -0.079217 0.222246
v -0.385919 -0.060754 0.249451
v -0.392350 -0.046852 0.236624
v -0.391411 -0.079217 0.222246
v -0.392350 -0.046852 0.236624
v -0.396581 -0.061075 0.215667
v -0.371683 -0.115049 0.184834
v -0.362980 -0.106397 0.227925
v -0.379612 -0.095132 0.226551
v -0.371683 -0.115049 0.184834
v -0.379612 -0.095132 0.226551
v -0.387392 -0.102866 0.188032
v -0.387392 -0.102866 0.188032
v -0.379612 -0.095132 0.226551
v -0.391411 -0.079217 0.222246
v -0.387392 -0.102866 0.188032
v -0.391411 -0.079217 0.222246
v -0.397886 -0.085654 0.190187
v -0.397886 -0.085654 0.190187
v -0.391411 -0.079217 0.222246
v -0.396581 -0.061075 0.215667
v -0.397886 -0.085654 0.190187
v -0.396581 -0.061075 0.215667
v -0.401568 -0.066033 0.190972
v -0.061256 -0.095116 0.025084
v -0.052617 -0.124377 0.067820
v -0.380383 -0.106219 0.141777
v -0.061256 -0.095116 0.025084
v -0.380383 -0.106219 0.141777
v -0.387754 -0.081252 0.105311
v -0.406554 -0.060973 0.166296
v -0.401568 -0.066033 0.190972
v -0.396581 -0.061075 0.215667
v -0.406554 -0.060973 0.166296
v -0.396581 -0.061075 0.215667
v -0.392350 -0.046852 0.236624
v -0.406554 -0.060973 0.166296
v -0.392350 -0.046852 0.236624
v -0.389521 -0.025531 0.250650
v -0.406554 -0.060973 0.166296
v -0.389521 -0.025531 0.250650
v -0.388524 -0.000357 0.255611
v -0.406554 -0.060973 0.166296
v -0.388524 -0.000357 0.255611
v -0.389511 0.024838 0.250752
v -0.406554 -0.060973 0.166296
v -0.389511 0.024838 0.250752
v -0.392331 0.046217 0.236812
v -0.406554 -0.060973 0.166296
v -0.392331 0.046217 0.236812
v -0.396556 0.060526 0.215913
v -0.406554 -0.060973 0.166296
v -0.396556 0.060526 0.215913
v -0.401542 0.065586 0.191237
v -0.406554 -0.060973 0.166296
v -0.401542 0.065586 0.191237
v -0.406529 0.060628 0.166542
v -0.406554 -0.060973 0.166296
v -0.406529 0.060628 0.166542
v -0.410760 0.046405 0.145585
v -0.406554 -0.060973 0.166296
v -0.410760 0.046405 0.145585
v -0.413589 0.025083 0.131559
v -0.406554 -0.060973 0.166296
v -0.413589 0.025083 0.131559
v -0.414586 -0.000091 0.126598
v -0.406554 -0.060973 0.166296
v -0.414586 -0.000091 0.126598
v -0.413599 -0.025285 0.131457
v -0.406554 -0.060973 0.166296
v -0.413599 -0.025285 0.131457
v -0.410779 -0.046664 0.145397
v -0.052617 -0.124377 0.067820
v -0.034413 -0.118838 0.066495
v -0.024672 -0.128725 0.114706
v -0.052617 -0.124377 0.067820
v -0.024672 -0.128725 0.114706
v -0.042421 -0.134725 0.118279
v -0.034413 -0.118838 0.066495
v -0.019626 -0.098930 0.071967
v -0.011518 -0.107159 0.112093
v -0.034413 -0.118838 0.066495
v -0.011518 -0.107159 0.112093
v -0.024672 -0.128725 0.114706
v -0.019626 -0.098930 0.071967
v -0.013141 -0.076240 0.080300
v -0.006895 -0.082579 0.111210
v -0.019626 -0.098930 0.071967
v -0.006895 -0.082579 0.111210
v -0.011518 -0.107159 0.112093
v -0.061256 -0.095116 0.025084
v -0.042667 -0.090882 0.025663
v -0.034413 -0.118838 0.066495
v -0.061256 -0.095116 0.025084
v -0.034413 -0.118838 0.066495
v -0.052617 -0.124377 0.067820
v -0.042667 -0.090882 0.025663
v -0.026495 -0.075662 0.037983
v -0.019626 -0.098930 0.071967
v -0.042667 -0.090882 0.025663
v -0.019626 -0.098930 0.071967
v -0.034413 -0.118838 0.066495
v -0.026495 -0.075662 0.037983
v -0.018433 -0.058316 0.054121
v -0.013141 -0.076240 0.080300
v -0.026495 -0.075662 0.037983
v -0.013141 -0.076240 0.080300
v -0.019626 -0.098930 0.071967
v -0.067023 -0.051398 -0.003423
v -0.048178 -0.049111 -0.001574
v -0.042667 -0.090882 0.025663
v -0.067023 -0.051398 -0.003423
v -0.042667 -0.090882 0.025663
v -0.061256 -0.095116 0.025084
v -0.048178 -0.049111 -0.001574
v -0.031082 -0.040897 0.015314
v -0.026495 -0.075662 0.037983
v -0.048178 -0.049111 -0.001574
v -0.026495 -0.075662 0.037983
v -0.042667 -0.090882 0.025663
v -0.031082 -0.040897 0.015314
v -0.021966 -0.031536 0.036659
v -0.018433 -0.058316 0.054121
v -0.031082 -0.040897 0.015314
v -0.018433 -0.058316 0.054121
v -0.026495 -0.075662 0.037983
v -0.069041 0.000122 -0.013360
v -0.050106 0.000114 -0.011068
v -0.048178 -0.049111 -0.001574
v -0.069041 0.000122 -0.013360
v -0.048178 -0.049111 -0.001574
v -0.067023 -0.051398 -0.003423
v -0.050106 0.000114 -0.011068
v -0.032686 0.000073 0.007412
v -0.031082 -0.040897 0.015314
v -0.050106 0.000114 -0.011068
v -0.031082 -0.040897 0.015314
v -0.048178 -0.049111 -0.001574
v -0.032686 0.000073 0.007412
v -0.023202 0.000024 0.030572
v -0.021966 -0.031536 0.036659
v -0.032686 0.000073 0.007412
v -0.021966 -0.031536 0.036659
v -0.031082 -0.040897 0.015314
v -0.067003 0.051601 -0.003215
v -0.048158 0.049299 -0.001375
v -0.050106 0.000114 -0.011068
v -0.067003 0.051601 -0.003215
v -0.050106 0.000114 -0.011068
v -0.069041 0.000122 -0.013360
v -0.048158 0.049299 -0.001375
v -0.031065 0.041010 0.015480
v -0.032686 0.000073 0.007412
v -0.048158 0.049299 -0.001375
v -0.032686 0.000073 0.007412
v -0.050106 0.000114 -0.011068
v -0.031065 0.041010 0.015480
v -0.021953 0.031559 0.036786
v -0.023202 0.000024 0.030572
v -0.031065 0.041010 0.015480
v -0.023202 0.000024 0.030572
v -0.032686 0.000073 0.007412
v -0.061217 0.095202 0.025468
v -0.042631 0.090957 0.026030
v -0.048158 0.049299 -0.001375
v -0.061217 0.095202 0.025468
v -0.048158 0.049299 -0.001375
v -0.067003 0.051601 -0.003215
v -0.042631 0.090957 0.026030
v -0.026465 0.075681 0.038289
v -0.031065 0.041010 0.015480
v -0.042631 0.090957 0.026030
v -0.031065 0.041010 0.015480
v -0.048158 0.049299 -0.001375
v -0.026465 0.075681 0.038289
v -0.018409 0.058267 0.054357
v -0.021953 0.031559 0.036786
v -0.026465 0.075681 0.038289
v -0.021953 0.031559 0.036786
v -0.031065 0.041010 0.015480
v -0.052567 0.124286 0.068322
v -0.034365 0.118745 0.066975
v -0.042631 0.090957 0.026030
v -0.052567 0.124286 0.068322
v -0.042631 0.090957 0.026030
v -0.061217 0.095202 0.025468
v -0.034365 0.118745 0.066975
v -0.019585 0.098809 0.072366
v -0.026465 0.075681 0.038289
v -0.034365 0.118745 0.066975
v -0.026465 0.075681 0.038289
v -0.042631 0.090957 0.026030
v -0.019585 0.098809 0.072366
v -0.013110 0.076083 0.080608
v -0.018409 0.058267 0.054357
v -0.019585 0.098809 0.072366
v -0.018409 0.058267 0.054357
v -0.026465 0.075681 0.038289
v -0.042367 0.134426 0.118823
v -0.024620 0.128433 0.115225
v -0.034365 0.118745 0.066975
v -0.042367 0.134426 0.118823
v -0.034365 0.118745 0.066975
v -0.052567 0.124286 0.068322
v -0.024620 0.128433 0.115225
v -0.011475 0.106873 0.112525
v -0.019585 0.098809 0.072366
v -0.024620 0.128433 0.115225
v -0.019585 0.098809 0.072366
v -0.034365 0.118745 0.066975
v -0.011475 0.106873 0.112525
v -0.006862 0.082294 0.111543
v -0.013110 0.076083 0.080608
v -0.011475 0.106873 0.112525
v -0.013110 0.076083 0.080608
v -0.019585 0.098809 0.072366
v -0.032172 0.124078 0.169282
v -0.014879 0.118546 0.163436
v -0.024620 0.128433 0.115225
v -0.032172 0.124078 0.169282
v -0.024620 0.128433 0.115225
v -0.042367 0.134426 0.118823
v -0.014879 0.118546 0.163436
v -0.003367 0.098644 0.152651
v -0.011475 0.106873 0.112525
v -0.014879 0.118546 0.163436
v -0.011475 0.106873 0.112525
v -0.024620 0.128433 0.115225
v -0.003367 0.098644 0.152651
v -0.000617 0.075955 0.142453
v -0.006862 0.082294 0.111543
v -0.003367 0.098644 0.152651
v -0.006862 0.082294 0.111543
v -0.011475 0.106873 0.112525
v -0.023533 0.094817 0.212018
v -0.006625 0.090590 0.204268
v -0.014879 0.118546 0.163436
v -0.023533 0.094817 0.212018
v -0.014879 0.118546 0.163436
v -0.032172 0.124078 0.169282
v -0.006625 0.090590 0.204268
v 0.003503 0.075376 0.186635
v -0.003367 0.098644 0.152651
v -0.006625 0.090590 0.204268
v -0.003367 0.098644 0.152651
v -0.014879 0.118546 0.163436
v 0.003503 0.075376 0.186635
v 0.004675 0.058031 0.168631
v -0.000617 0.075955 0.142453
v 0.003503 0.075376 0.186635
v -0.000617 0.075955 0.142453
v -0.003367 0.098644 0.152651
v -0.017765 0.051099 0.240524
v -0.001114 0.048819 0.231505
v -0.006625 0.090590 0.204268
v -0.017765 0.051099 0.240524
v -0.006625 0.090590 0.204268
v -0.023533 0.094817 0.212018
v -0.001114 0.048819 0.231505
v 0.008089 0.040610 0.209304
v 0.003503 0.075376 0.186635
v -0.001114 0.048819 0.231505
v 0.003503 0.075376 0.186635
v -0.006625 0.090590 0.204268
v 0.008089 0.040610 0.209304
v 0.008208 0.031251 0.186094
v 0.004675 0.058031 0.168631
v 0.008089 0.040610 0.209304
v 0.004675 0.058031 0.168631
v 0.003503 0.075376 0.186635
v -0.015747 -0.000422 0.250461
v 0.000814 -0.000406 0.240999
v -0.001114 0.048819 0.231505
v -0.015747 -0.000422 0.250461
v -0.001114 0.048819 0.231505
v -0.017765 0.051099 0.240524
v 0.000814 -0.000406 0.240999
v 0.009694 -0.000359 0.217206
v 0.008089 0.040610 0.209304
v 0.000814 -0.000406 0.240999
v 0.008089 0.040610 0.209304
v -0.001114 0.048819 0.231505
v 0.009694 -0.000359 0.217206
v 0.009445 -0.000309 0.192181
v 0.008208 0.031251 0.186094
v 0.009694 -0.000359 0.217206
v 0.008208 0.031251 0.186094
v 0.008089 0.040610 0.209304
v -0.017786 -0.051900 0.240316
v -0.001134 -0.049591 0.231306
v 0.000814 -0.000406 0.240999
v -0.017786 -0.051900 0.240316
v 0.000814 -0.000406 0.240999
v -0.015747 -0.000422 0.250461
v -0.001134 -0.049591 0.231306
v 0.008073 -0.041296 0.209139
v 0.009694 -0.000359 0.217206
v -0.001134 -0.049591 0.231306
v 0.009694 -0.000359 0.217206
v 0.000814 -0.000406 0.240999
v 0.008073 -0.041296 0.209139
v 0.008196 -0.031843 0.185966
v 0.009445 -0.000309 0.192181
v 0.008073 -0.041296 0.209139
v 0.009445 -0.000309 0.192181
v 0.009694 -0.000359 0.217206
v -0.023571 -0.095501 0.211634
v -0.006662 -0.091249 0.203901
v -0.001134 -0.049591 0.231306
v -0.023571 -0.095501 0.211634
v -0.001134 -0.049591 0.231306
v -0.017786 -0.051900 0.240316
v -0.006662 -0.091249 0.203901
v 0.003472 -0.075968 0.186330
v 0.008073 -0.041296 0.209139
v -0.006662 -0.091249 0.203901
v 0.008073 -0.041296 0.209139
v -0.001134 -0.049591 0.231306
v 0.003472 -0.075968 0.186330
v 0.004652 -0.058552 0.168396
v 0.008196 -0.031843 0.185966
v 0.003472 -0.075968 0.186330
v 0.008196 -0.031843 0.185966
v 0.008073 -0.041296 0.209139
v -0.032222 -0.124585 0.168780
v -0.014927 -0.119037 0.162956
v -0.006662 -0.091249 0.203901
v -0.032222 -0.124585 0.168780
v -0.006662 -0.091249 0.203901
v -0.023571 -0.095501 0.211634
v -0.014927 -0.119037 0.162956
v -0.003407 -0.099096 0.152252
v 0.003472 -0.075968 0.186330
v -0.014927 -0.119037 0.162956
v 0.003472 -0.075968 0.186330
v -0.006662 -0.091249 0.203901
v -0.003407 -0.099096 0.152252
v -0.000647 -0.076368 0.142145
v 0.004652 -0.058552 0.168396
v -0.003407 -0.099096 0.152252
v 0.004652 -0.058552 0.168396
v 0.003472 -0.075968 0.186330
v -0.042421 -0.134725 0.118279
v -0.024672 -0.128725 0.114706
v -0.014927 -0.119037 0.162956
v -0.042421 -0.134725 0.118279
v -0.014927 -0.119037 0.162956
v -0.032222 -0.124585 0.168780
v -0.024672 -0.128725 0.114706
v -0.011518 -0.107159 0.112093
v -0.003407 -0.099096 0.152252
v -0.024672 -0.128725 0.114706
v -0.003407 -0.099096 0.152252
v -0.014927 -0.119037 0.162956
v -0.011518 -0.107159 0.112093
v -0.006895 -0.082579 0.111210
v -0.000647 -0.076368 0.142145
v -0.011518 -0.107159 0.112093
v -0.000647 -0.076368 0.142145
v -0.003407 -0.099096 0.152252
v -0.013141 -0.076240 0.080300
v -0.018433 -0.058316 0.054121
v -0.021966 -0.031536 0.036659
v -0.013141 -0.076240 0.080300
v -0.021966 -0.031536 0.036659
v -0.023202 0.000024 0.030572
v -0.013141 -0.076240 0.080300
v -0.023202 0.000024 0.030572
v -0.021953 0.031559 0.036786
v -0.013141 -0.076240 0.080300
v -0.021953 0.031559 0.036786
v -0.018409 0.058267 0.054357
v -0.013141 -0.076240 0.080300
v -0.018409 0.058267 0.054357
v -0.013110 0.076083 0.080608
v -0.013141 -0.076240 0.080300
v -0.013110 0.076083 0.080608
v -0.006862 0.082294 0.111543
v -0.013141 -0.076240 0.080300
v -0.006862 0.082294 0.111543
v -0.000617 0.075955 0.142453
v -0.013141 -0.076240 0.080300
v -0.000617 0.075955 0.142453
v 0.004675 0.058031 0.168631
v -0.013141 -0.076240 0.080300
v 0.004675 0.058031 0.168631
v 0.008208 0.031251 0.186094
v -0.013141 -0.076240 0.080300
v 0.008208 0.031251 0.186094
v 0.009445 -0.000309 0.192181
v -0.013141 -0.076240 0.080300
v 0.009445 -0.000309 0.192181
v 0.008196 -0.031843 0.185966
v -0.013141 -0.076240 0.080300
v 0.008196 -0.031843 0.185966
v 0.004652 -0.058552 0.168396
v -0.013141 -0.076240 0.080300
v 0.004652 -0.058552 0.168396
v -0.000647 -0.076368 0.142145
v -0.013141 -0.076240 0.080300
v -0.000647 -0.076368 0.142145
v -0.006895 -0.082579 0.111210
v -0.052617 -0.124377 0.067820
v -0.042421 -0.134725 0.118279
v -0.371683 -0.115049 0.184834
v -0.052617 -0.124377 0.067820
v -0.371683 -0.115049 0.184834
v -0.380383 -0.106219 0.141777
f 1 2 3
f 4 5 6
f 7 8 9
f 10 11 12
f 13 14 15
f 16 17 18
f 19 20 21
f 22 23 24
f 25 26 27
f 28 29 30
f 31 32 33
f 34 35 36
f 37 38 39
f 40 41 42
f 43 44 45
f 46 47 48
f 49 50 51
f 52 53 54
f 55 56 57
f 58 59 60
f 61 62 63
f 64 65 66
f 67 68 69
f 70 71 72
f 73 74 75
f 76 77 78
f 79 80 81
f 82 83 84
f 85 86 87
f 88 89 90
f 91 92 93
f 94 95 96
f 97 98 99
f 100 101 102
f 103 104 105
f 106 107 108
f 109 110 111
f 112 113 114
f 115 116 117
f 118 119 120
f 121 122 123
f 124 125 126
f 127 128 129
f 130 131 132
f 133 134 135
f 136 137 138
f 139 140 141
f 142 143 144
f 145 146 147
f 148 149 150
f 151 152 153
f 154 155 156
f 157 158 159
f 160 161 162
f 163 164 165
f 166 167 168
f 169 170 171
f 172 173 174
f 175 176 177
f 178 179 180
f 181 182 183
f 184 185 186
f 187 188 189
f 190 191 192
f 193 194 195
f 196 197 198
f 199 200 201
f 202 203 204
f 205 206 207
f 208 209 210
f 211 212 213
f 214 215 216
f 217 218 219
f 220 221 222
f 223 224 225
f 226 227 228
f 229 230 231
f 232 233 234
f 235 236 237
f 238 239 240
f 241 242 243
f 244 245 246
f 247 248 249
f 250 251 252
f 253 254 255
f 256 257 258
f 259 260 261
f 262 263 264
f 265 266 267
f 268 269 270
f 271 272 273
f 274 275 276
f 277 278 279
f 280 281 282
f 283 284 285
f 286 287 288
f 289 290 291
f 292 293 294
f 295 296 297
f 298 299 300
f 301 302 303
f 304 305 306
f 307 308 309
f 310 311 312
f 313 314 315
f 316 317 318
f 319 320 321
f 322 323 324
f 325 326 327
f 328 329 330
f 331 332 333
f 334 335 336
f 337 338 339
f 340 341 342
f 343 344 345
f 346 347 348
f 349 350 351
f 352 353 354
f 355 356 357
f 358 359 360
f 361 362 363
f 364 365 366
f 367 368 369
f 370 371 372
f 373 374 375
f 376 377 378
f 379 380 381
f 382 383 384
f 385 386 387
f 388 389 390
f 391 392 393
f 394 395 396
f 397 398 399
f 400 401 402
f 403 404 405
f 406 407 408
f 409 410 411
f 412 413 414
f 415 416 417
f 418 419 420
f 421 422 423
f 424 425 426
f 427 428 429
f 430 431 432
f 433 434 435
f 436 437 438
f 439 440 441
f 442 443 444
f 445 446 447
f 448 449 450
f 451 452 453
f 454 455 456
f 457 458 459
f 460 461 462
f 463 464 465
f 466 467 468
f 469 470 471
f 472 473 474
f 475 476 477
f 478 479 480
f 481 482 483
f 484 485 486
f 487 488 489
f 490 491 492
f 493 494 495
f 496 497 498
f 499 500 501
f 502 503 504
f 505 506 507
f 508 509 510
f 511 512 513
f 514 515 516
f 517 518 519
f 520 521 522
f 523 524 525
f 526 527 528
f 529 530 531
f 532 533 534
f 535 536 537
f 538 539 540
f 541 542 543
f 544 545 546
f 547 548 549
f 550 551 552
f 553 554 555
f 556 557 558
f 559 560 561
f 562 563 564
f 565 566 567
f 568 569 570
f 571 572 573
f 574 575 576
f 577 578 579
f 580 581 582
f 583 584 585
f 586 587 588
f 589 590 591
f 592 593 594
f 595 596 597
f 598 599 600
f 601 602 603
f 604 605 606
f 607 608 609
f 610 611 612
f 613 614 615
f 616 617 618
f 619 620 621
f 622 623 624
f 625 626 627
f 628 629 630
f 631 632 633
f 634 635 636
f 637 638 639
f 640 641 642
f 643 644 645
f 646 647 648
f 649 650 651
f 652 653 654
f 655 656 657
f 658 659 660
f 661 662 663
f 664 665 666
f 667 668 669
f 670 671 672
f 673 674 675
f 676 677 678
f 679 680 681
f 682 683 684
f 685 686 687
f 688 689 690
f 691 692 693
f 694 695 696
f 697 698 699
f 700 701 702
f 703 704 705
f 706 707 708
f 709 710 711
f 712 713 714
f 715 716 717
f 718 719 720
f 721 722 723
f 724 725 726
f 727 728 729
f 730 731 732
f 733 734 735
f 736 737 738
f 739 740 741
f 742 743 744
f 745 746 747
f 748 749 750
f 751 752 753
f 754 755 756
f 757 758 759
f 760 761 762
f 763 764 765
f 766 767 768
f 769 770 771
f 772 773 774
f 775 776 777
f 778 779 780
f 781 782 783
f 784 785 786
f 787 788 789
f 790 791 792
f 793 794 795
f 796 797 798
f 799 800 801
f 802 803 804
f 805 806 807
f 808 809 810
f 811 812 813
f 814 815 816
f 817 818 819
f 820 821 822
f 823 824 825
f 826 827 828
f 829 830 831
f 832 833 834
f 835 836 837
f 838 839 840
f 841 842 843
f 844 845 846
f 847 848 849
f 850 851 852
f 853 854 855
f 856 857 858
f 859 860 861
f 862 863 864
f 865 866 867
f 868 869 870
f 871 872 873
f 874 875 876
f 877 878 879
f 880 881 882
f 883 884 885
f 886 887 888
f 889 890 891
f 892 893 894
f 895 896 897
f 898 899 900
f 901 902 903
f 904 905 906
f 907 908 909
f 910 911 912
f 913 914 915
f 916 917 918
f 919 920 921
f 922 923 924
f 925 926 927
f 928 929 930
f 931 932 933
f 934 935 936
f 937 938 939
f 940 941 942
f 943 944 945
f 946 947 948
f 949 950 951
f 952 953 954
f 955 956 957
f 958 959 960
f 961 962 963
f 964 965 966
f 967 968 969
f 970 971 972
f 973 974 975
f 976 977 978
f 979 980 981
f 982 983 984
f 985 986 987
f 988 989 990
f 991 992 993
f 994 995 996
f 997 998 999
f 1000 1001 1002
f 1003 1004 1005
f 1006 1007 1008
f 1009 1010 1011
f 1012 1013 1014
f 1015 1016 1017
f 1018 1019 1020
f 1021 1022 1023
f 1024 1025 1026
f 1027 1028 1029
f 1030 1031 1032
f 1033 1034 1035
f 1036 1037 1038
f 1039 1040 1041
f 1042 1043 1044
f 1045 1046 1047
f 1048 1049 1050
f 1051 1052 1053
f 1054 1055 1056
f 1057 1058 1059
f 1060 1061 1062
f 1063 1064 1065
f 1066 1067 1068
f 1069 1070 1071
f 1072 1073 1074
f 1075 1076 1077
f 1078 1079 1080
f 1081 1082 1083
f 1084 1085 1086
f 1087 1088 1089
f 1090 1091 1092
f 1093 1094 1095
f 1096 1097 1098
f 1099 1100 1101
f 1102 1103 1104
f 1105 1106 1107
f 1108 1109 1110
f 1111 1112 1113
f 1114 1115 1116
f 1117 1118 1119
f 1120 1121 1122
f 1123 1124 1125
f 1126 1127 1128
f 1129 1130 1131
f 1132 1133 1134
f 1135 1136 1137
f 1138 1139 1140
f 1141 1142 1143
f 1144 1145 1146
f 1147 1148 1149
f 1150 1151 1152
f 1153 1154 1155
f 1156 1157 1158
f 1159 1160 1161
f 1162 1163 1164
f 1165 1166 1167
f 1168 1169 1170
f 1171 1172 1173
f 1174 1175 1176
f 1177 1178 1179
f 1180 1181 1182
f 1183 1184 1185
f 1186 1187 1188
f 1189 1190 1191
f 1192 1193 1194
f 1195 1196 1197
f 1198 1199 1200
f 1201 1202 1203
f 1204 1205 1206
f 1207 1208 1209
f 1210 1211 1212
f 1213 1214 1215
f 1216 1217 1218
f 1219 1220 1221
f 1222 1223 1224
f 1225 1226 1227
f 1228 1229 1230
f 1231 1232 1233
f 1234 1235 1236
f 1237 1238 1239
f 1240 1241 1242
f 1243 1244 1245
f 1246 1247 1248
f 1249 1250 1251
f 1252 1253 1254
f 1255 1256 1257
f 1258 1259 1260
f 1261 1262 1263
f 1264 1265 1266
f 1267 1268 1269
f 1270 1271 1272
f 1273 1274 1275
f 1276 1277 1278
f 1279 1280 1281
f 1282 1283 1284
f 1285 1286 1287
f 1288 1289 1290
f 1291 1292 1293
f 1294 1295 1296
f 1297 1298 1299
f 1300 1301 1302
f 1303 1304 1305
f 1306 1307 1308
f 1309 1310 1311
f 1312 1313 1314
f 1315 1316 1317
f 1318 1319 1320
f 1321 1322 1323
f 1324 1325 1326
f 1327 1328 1329
f 1330 1331 1332
f 1333 1334 1335
f 1336 1337 1338
f 1339 1340 1341
f 1342 1343 1344
f 1345 1346 1347
f 1348 1349 1350
f 1351 1352 1353
f 1354 1355 1356
f 1357 1358 1359
f 1360 1361 1362
f 1363 1364 1365
f 1366 1367 1368
f 1369 1370 1371
f 1372 1373 1374
f 1375 1376 1377
f 1378 1379 1380
f 1381 1382 1383
f 1384 1385 1386
f 1387 1388 1389
f 1390 1391 1392
f 1393 1394 1395
f 1396 1397 1398
f 1399 1400 1401
f 1402 1403 1404
f 1405 1406 1407
f 1408 1409 1410
f 1411 1412 1413
f 1414 1415 1416
f 1417 1418 1419
f 1420 1421 1422
f 1423 1424 1425
f 1426 1427 1428
f 1429 1430 1431
f 1432 1433 1434
f 1435 1436 1437
f 1438 1439 1440
f 1441 1442 1443
f 1444 1445 1446
f 1447 1448 1449
f 1450 1451 1452
f 1453 1454 1455
f 1456 1457 1458
f 1459 1460 1461
f 1462 1463 1464
f 1465 1466 1467
f 1468 1469 1470
f 1471 1472 1473
f 1474 1475 1476
f 1477 1478 1479
f 1480 1481 1482
f 1483 1484 1485
f 1486 1487 1488
f 1489 1490 1491
f 1492 1493 1494
f 1495 1496 1497
f 1498 1499 1500
f 1501 1502 1503
f 1504 1505 1506
f 1507 1508 1509
f 1510 1511 1512
f 1513 1514 1515
f 1516 1517 1518
f 1519 1520 1521
f 1522 1523 1524
f 1525 1526 1527
f 1528 1529 1530
f 1531 1532 1533
f 1534 1535 1536
f 1537 1538 1539
f 1540 1541 1542
f 1543 1544 1545
f 1546 1547 1548
f 1549 1550 1551
f 1552 1553 1554
f 1555 1556 1557
f 1558 1559 1560
f 1561 1562 1563
f 1564 1565 1566
f 1567 1568 1569
f 1570 1571 1572
f 1573 1574 1575
f 1576 1577 1578
f 1579 1580 1581
f 1582 1583 1584
f 1585 1586 1587
f 1588 1589 1590
f 1591 1592 1593
f 1594 1595 1596
f 1597 1598 1599
f 1600 1601 1602
f 1603 1604 1605
f 1606 1607 1608
f 1609 1610 1611
f 1612 1613 1614
f 1615 1616 1617
f 1618 1619 1620
f 1621 1622 1623
f 1624 1625 1626
f 1627 1628 1629
f 1630 1631 1632
f 1633 1634 1635
f 1636 1637 1638
f 1639 1640 1641
f 1642 1643 1644
f 1645 1646 1647
f 1648 1649 1650
f 1651 1652 1653
f 1654 1655 1656
f 1657 1658 1659
f 1660 1661 1662
f 1663 1664 1665
f 1666 1667 1668
f 1669 1670 1671
f 1672 1673 1674
f 1675 1676 1677
f 1678 1679 1680
f 1681 1682 1683
f 1684 1685 1686
f 1687 1688 1689
f 1690 1691 1692
f 1693 1694 1695
f 1696 1697 1698
f 1699 1700 1701
f 1702 1703 1704
f 1705 1706 1707
f 1708 1709 1710
f 1711 1712 1713
f 1714 1715 1716
f 1717 1718 1719
f 1720 1721 1722
f 1723 1724 1725
f 1726 1727 1728
f 1729 1730 1731
f 1732 1733 1734
f 1735 1736 1737
f 1738 1739 1740
f 1741 1742 1743
f 1744 1745 1746
f 1747 1748 1749
f 1750 1751 1752
f 1753 1754 1755
f 1756 1757 1758
f 1759 1760 1761
f 1762 1763 1764
f 1765 1766 1767
f 1768 1769 1770
f 1771 1772 1773
f 1774 1775 1776
f 1777 1778 1779
f 1780 1781 1782
f 1783 1784 1785
f 1786 1787 1788
f 1789 1790 1791
f 1792 1793 1794
f 1795 1796 1797
f 1798 1799 1800
f 1801 1802 1803
f 1804 1805 1806
f 1807 1808 1809
f 1810 1811 1812
f 1813 1814 1815
f 1816 1817 1818
f 1819 1820 1821
f 1822 1823 1824
f 1825 1826 1827
f 1828 1829 1830
f 1831 1832 1833
f 1834 1835 1836
f 1837 1838 1839
f 1840 1841 1842
f 1843 1844 1845
f 1846 1847 1848
f 1849 1850 1851
f 1852 1853 1854
f 1855 1856 1857
f 1858 1859 1860
f 1861 1862 1863
f 1864 1865 1866
f 1867 1868 1869
f 1870 1871 1872
f 1873 1874 1875
f 1876 1877 1878
f 1879 1880 1881
f 1882 1883 1884
f 1885 1886 1887
f 1888 1889 1890
f 1891 1892 1893
f 1894 1895 1896
f 1897 1898 1899
f 1900 1901 1902
f 1903 1904 1905
f 1906 1907 1908
f 1909 1910 1911
f 1912 1913 1914
f 1915 1916 1917
f 1918 1919 1920
f 1921 1922 1923
f 1924 1925 1926
f 1927 1928 1929
f 1930 1931 1932
f 1933 1934 1935
f 1936 1937 1938
f 1939 1940 1941
f 1942 1943 1944
f 1945 1946 1947
f 1948 1949 1950
f 1951 1952 1953
f 1954 1955 1956
f 1957 1958 1959
f 1960 1961 1962
f 1963 1964 1965
f 1966 1967 1968
f 1969 1970 1971
f 1972 1973 1974
f 1975 1976 1977
f 1978 1979 1980
f 1981 1982 1983
f 1984 1985 1986
f 1987 1988 1989
f 1990 1991 1992
f 1993 1994 1995
f 1996 1997 1998
f 1999 2000 2001
f 2002 2003 2004
f 2005 2006 2007
f 2008 2009 2010
f 2011 2012 2013
f 2014 2015 2016
f 2017 2018 2019
f 2020 2021 2022
f 2023 2024 2025
f 2026 2027 2028
f 2029 2030 2031
f 2032 2033 2034
f 2035 2036 2037
f 2038 2039 2040
f 2041 2042 2043
f 2044 2045 2046
f 2047 2048 2049
f 2050 2051 2052
f 2053 2054 2055
f 2056 2057 2058
f 2059 2060 2061
f 2062 2063 2064
f 2065 2066 2067
f 2068 2069 2070
f 2071 2072 2073
f 2074 2075 2076
f 2077 2078 2079
f 2080 2081 2082
f 2083 2084 2085
f 2086 2087 2088
f 2089 2090 2091
f 2092 2093 2094
f 2095 2096 2097
f 2098 2099 2100
f 2101 2102 2103
f 2104 2105 2106
f 2107 2108 2109
f 2110 2111 2112
f 2113 2114 2115
f 2116 2117 2118
f 2119 2120 2121
f 2122 2123 2124
f 2125 2126 2127
f 2128 2129 2130
f 2131 2132 2133
f 2134 2135 2136
f 2137 2138 2139
f 2140 2141 2142
f 2143 2144 2145
f 2146 2147 2148
f 2149 2150 2151
f 2152 2153 2154
f 2155 2156 2157
f 2158 2159 2160
f 2161 2162 2163
f 2164 2165 2166
f 2167 2168 2169
f 2170 2171 2172
f 2173 2174 2175
f 2176 2177 2178
f 2179 2180 2181
f 2182 2183 2184
f 2185 2186 2187
f 2188 2189 2190
f 2191 2192 2193
f 2194 2195 2196
f 2197 2198 2199
f 2200 2201 2202
f 2203 2204 2205
f 2206 2207 2208
f 2209 2210 2211
f 2212 2213 2214
f 2215 2216 2217
f 2218 2219 2220
f 2221 2222 2223
f 2224 2225 2226
f 2227 2228 2229
f 2230 2231 2232
f 2233 2234 2235
f 2236 2237 2238
f 2239 2240 2241
f 2242 2243 2244
f 2245 2246 2247
f 2248 2249 2250
f 2251 2252 2253
f 2254 2255 2256
f 2257 2258 2259
f 2260 2261 2262
f 2263 2264 2265
f 2266 2267 2268
f 2269 2270 2271
f 2272 2273 2274
f 2275 2276 2277
f 2278 2279 2280
f 2281 2282 2283
f 2284 2285 2286
f 2287 2288 2289
f 2290 2291 2292
f 2293 2294 2295
f 2296 2297 2298
f 2299 2300 2301
f 2302 2303 2304
f 2305 2306 2307
f 2308 2309 2310
f 2311 2312 2313
f 2314 2315 2316
f 2317 2318 2319
f 2320 2321 2322
f 2323 2324 2325
f 2326 2327 2328
f 2329 2330 2331
f 2332 2333 2334
f 2335 2336 2337
f 2338 2339 2340
f 2341 2342 2343
f 2344 2345 2346
f 2347 2348 2349
f 2350 2351 2352
f 2353 2354 2355
f 2356 2357 2358
f 2359 2360 2361
f 2362 2363 2364
f 2365 2366 2367
f 2368 2369 2370
f 2371 2372 2373
f 2374 2375 2376
f 2377 2378 2379
f 2380 2381 2382
f 2383 2384 2385
f 2386 2387 2388
f 2389 2390 2391
f 2392 2393 2394
f 2395 2396 2397
f 2398 2399 2400
f 2401 2402 2403
f 2404 2405 2406
f 2407 2408 2409
f 2410 2411 2412
f 2413 2414 2415
f 2416 2417 2418
f 2419 2420 2421
f 2422 2423 2424
f 2425 2426 2427
f 2428 2429 2430
f 2431 2432 2433
f 2434 2435 2436
f 2437 2438 2439
f 2440 2441 2442
f 2443 2444 2445
f 2446 2447 2448
f 2449 2450 2451
f 2452 2453 2454
f 2455 2456 2457
f 2458 2459 2460
f 2461 2462 2463
f 2464 2465 2466
f 2467 2468 2469
f 2470 2471 2472
f 2473 2474 2475
f 2476 2477 2478
f 2479 2480 2481
f 2482 2483 2484
f 2485 2486 2487
f 2488 2489 2490
f 2491 2492 2493
f 2494 2495 2496
f 2497 2498 2499
f 2500 2501 2502
f 2503 2504 2505
f 2506 2507 2508
f 2509 2510 2511
f 2512 2513 2514
f 2515 2516 2517
f 2518 2519 2520
f 2521 2522 2523
f 2524 2525 2526
f 2527 2528 2529
f 2530 2531 2532
f 2533 2534 2535
f 2536 2537 2538
f 2539 2540 2541
f 2542 2543 2544
f 2545 2546 2547
f 2548 2549 2550
f 2551 2552 2553
f 2554 2555 2556
f 2557 2558 2559
f 2560 2561 2562
f 2563 2564 2565
f 2566 2567 2568
f 2569 2570 2571
f 2572 2573 2574
f 2575 2576 2577
f 2578 2579 2580
f 2581 2582 2583
f 2584 2585 2586
f 2587 2588 2589
f 2590 2591 2592
f 2593 2594 2595
f 2596 2597 2598
f 2599 2600 2601
f 2602 2603 2604
f 2605 2606 2607
f 2608 2609 2610
f 2611 2612 2613
f 2614 2615 2616
f 2617 2618 2619
f 2620 2621 2622
f 2623 2624 2625
f 2626 2627 2628
f 2629 2630 2631
f 2632 2633 2634
f 2635 2636 2637
f 2638 2639 2640
f 2641 2642 2643
f 2644 2645 2646
f 2647 2648 2649
f 2650 2651 2652
f 2653 2654 2655
f 2656 2657 2658
f 2659 2660 2661
f 2662 2663 2664
f 2665 2666 2667
f 2668 2669 2670
f 2671 2672 2673
f 2674 2675 2676
f 2677 2678 2679
f 2680 2681 2682
f 2683 2684 2685
f 2686 2687 2688
f 2689 2690 2691
f 2692 2693 2694
f 2695 2696 2697
f 2698 2699 2700
f 2701 2702 2703
f 2704 2705 2706
f 2707 2708 2709
f 2710 2711 2712
f 2713 2714 2715
f 2716 2717 2718
f 2719 2720 2721
f 2722 2723 2724
f 2725 2726 2727
f 2728 2729 2730
f 2731 2732 2733
f 2734 2735 2736
f 2737 2738 2739
f 2740 2741 2742
f 2743 2744 2745
f 2746 2747 2748
f 2749 2750 2751
f 2752 2753 2754
f 2755 2756 2757
f 2758 2759 2760
f 2761 2762 2763
f 2764 2765 2766
f 2767 2768 2769
f 2770 2771 2772
f 2773 2774 2775
f 2776 2777 2778
f 2779 2780 2781
f 2782 2783 2784
f 2785 2786 2787
f 2788 2789 2790
f 2791 2792 2793
f 2794 2795 2796
f 2797 2798 2799
f 2800 2801 2802
f 2803 2804 2805
f 2806 2807 2808
f 2809 2810 2811
f 2812 2813 2814
f 2815 2816 2817
f 2818 2819 2820
f 2821 2822 2823
f 2824 2825 2826
f 2827 2828 2829
f 2830 2831 2832
f 2833 2834 2835
f 2836 2837 2838
f 2839 2840 2841
f 2842 2843 2844
f 2845 2846 2847
f 2848 2849 2850
f 2851 2852 2853
f 2854 2855 2856
f 2857 2858 2859
f 2860 2861 2862
f 2863 2864 2865
f 2866 2867 2868
f 2869 2870 2871
f 2872 2873 2874
f 2875 2876 2877
f 2878 2879 2880
f 2881 2882 2883
f 2884 2885 2886
f 2887 2888 2889
f 2890 2891 2892
f 2893 2894 2895
f 2896 2897 2898
f 2899 2900 2901
f 2902 2903 2904
f 2905 2906 2907
f 2908 2909 2910
f 2911 2912 2913
f 2914 2915 2916
f 2917 2918 2919
f 2920 2921 2922
f 2923 2924 2925
f 2926 2927 2928
f 2929 2930 2931
f 2932 2933 2934
f 2935 2936 2937
f 2938 2939 2940
f 2941 2942 2943
f 2944 2945 2946
f 2947 2948 2949
f 2950 2951 2952
f 2953 2954 2955
f 2956 2957 2958
f 2959 2960 2961
f 2962 2963 2964
f 2965 2966 2967
f 2968 2969 2970
f 2971 2972 2973
f 2974 2975 2976
f 2977 2978 2979
f 2980 2981 2982
f 2983 2984 2985
f 2986 2987 2988
f 2989 2990 2991
f 2992 2993 2994
f 2995 2996 2997
f 2998 2999 3000
f 3001 3002 3003
f 3004 3005 3006
f 3007 3008 3009
f 3010 3011 3012
f 3013 3014 3015
f 3016 3017 3018
f 3019 3020 3021
f 3022 3023 3024
f 3025 3026 3027
f 3028 3029 3030
f 3031 3032 3033
f 3034 3035 3036
f 3037 3038 3039
f 3040 3041 3042
f 3043 3044 3045
f 3046 3047 3048
f 3049 3050 3051
f 3052 3053 3054
f 3055 3056 3057
f 3058 3059 3060
