# lizard mesh
v -0.034973 0.037478 0.166585
v -0.039723 0.026349 0.165708
v -0.042786 0.027220 0.178584
v -0.034973 0.037478 0.166585
v -0.042786 0.027220 0.178584
v -0.037164 0.039232 0.178388
v -0.039723 0.026349 0.165708
v -0.042679 0.013531 0.164902
v -0.046221 0.013863 0.178463
v -0.039723 0.026349 0.165708
v -0.046221 0.013863 0.178463
v -0.042786 0.027220 0.178584
v -0.037164 0.039232 0.178388
v -0.042786 0.027220 0.178584
v -0.043420 0.027963 0.192342
v -0.037164 0.039232 0.178388
v -0.043420 0.027963 0.192342
v -0.037312 0.040554 0.191499
v -0.042786 0.027220 0.178584
v -0.046221 0.013863 0.178463
v -0.047147 0.014176 0.192717
v -0.042786 0.027220 0.178584
v -0.047147 0.014176 0.192717
v -0.043420 0.027963 0.192342
v -0.026985 0.043408 0.158947
v -0.030449 0.036486 0.156635
v -0.034973 0.037478 0.166585
v -0.026985 0.043408 0.158947
v -0.034973 0.037478 0.166585
v -0.028493 0.046332 0.166325
v -0.030449 0.036486 0.156635
v -0.034046 0.025929 0.154226
v -0.039723 0.026349 0.165708
v -0.030449 0.036486 0.156635
v -0.039723 0.026349 0.165708
v -0.034973 0.037478 0.166585
v -0.034046 0.025929 0.154226
v -0.036443 0.013388 0.152612
v -0.042679 0.013531 0.164902
v -0.034046 0.025929 0.154226
v -0.042679 0.013531 0.164902
v -0.039723 0.026349 0.165708
v -0.036443 0.013388 0.152612
v -0.037290 -0.000131 0.152024
v -0.043697 -0.000155 0.164563
v -0.036443 0.013388 0.152612
v -0.043697 -0.000155 0.164563
v -0.042679 0.013531 0.164902
v -0.042679 0.013531 0.164902
v -0.043697 -0.000155 0.164563
v -0.047388 -0.000182 0.178347
v -0.042679 0.013531 0.164902
v -0.047388 -0.000182 0.178347
v -0.046221 0.013863 0.178463
v -0.046221 0.013863 0.178463
v -0.047388 -0.000182 0.178347
v -0.048410 -0.000211 0.192788
v -0.046221 0.013863 0.178463
v -0.048410 -0.000211 0.192788
v -0.047147 0.014176 0.192717
v -0.047147 0.014176 0.192717
v -0.048410 -0.000211 0.192788
v -0.046808 -0.000241 0.207297
v -0.047147 0.014176 0.192717
v -0.046808 -0.000241 0.207297
v -0.045528 0.014298 0.207068
v -0.043420 0.027963 0.192342
v -0.047147 0.014176 0.192717
v -0.045528 0.014298 0.207068
v -0.043420 0.027963 0.192342
v -0.045528 0.014298 0.207068
v -0.041741 0.028252 0.206332
v -0.037312 0.040554 0.191499
v -0.043420 0.027963 0.192342
v -0.041741 0.028252 0.206332
v -0.037312 0.040554 0.191499
v -0.041741 0.028252 0.206332
v -0.035516 0.041033 0.205101
v -0.028899 0.051368 0.189992
v -0.037312 0.040554 0.191499
v -0.035516 0.041033 0.205101
v -0.028899 0.051368 0.189992
v -0.035516 0.041033 0.205101
v -0.026924 0.052057 0.203388
v -0.029392 0.049362 0.177289
v -0.037164 0.039232 0.178388
v -0.037312 0.040554 0.191499
v -0.029392 0.049362 0.177289
v -0.037312 0.040554 0.191499
v -0.028899 0.051368 0.189992
v -0.028493 0.046332 0.166325
v -0.034973 0.037478 0.166585
v -0.037164 0.039232 0.178388
v -0.028493 0.046332 0.166325
v -0.037164 0.039232 0.178388
v -0.029392 0.049362 0.177289
v -0.042685 -0.013843 0.164847
v -0.039734 -0.026664 0.165601
v -0.042797 -0.027586 0.178473
v -0.042685 -0.013843 0.164847
v -0.042797 -0.027586 0.178473
v -0.046226 -0.014227 0.178407
v -0.039734 -0.026664 0.165601
v -0.034988 -0.037799 0.166433
v -0.037180 -0.039600 0.178228
v -0.039734 -0.026664 0.165601
v -0.037180 -0.039600 0.178228
v -0.042797 -0.027586 0.178473
v -0.046226 -0.014227 0.178407
v -0.042797 -0.027586 0.178473
v -0.043432 -0.028385 0.192228
v -0.046226 -0.014227 0.178407
v -0.043432 -0.028385 0.192228
v -0.047153 -0.014598 0.192659
v -0.042797 -0.027586 0.178473
v -0.037180 -0.039600 0.178228
v -0.037328 -0.040975 0.191334
v -0.042797 -0.027586 0.178473
v -0.037328 -0.040975 0.191334
v -0.043432 -0.028385 0.192228
v -0.037290 -0.000131 0.152024
v -0.036448 -0.013652 0.152557
v -0.042685 -0.013843 0.164847
v -0.037290 -0.000131 0.152024
v -0.042685 -0.013843 0.164847
v -0.043697 -0.000155 0.164563
v -0.036448 -0.013652 0.152557
v -0.034056 -0.026201 0.154121
v -0.039734 -0.026664 0.165601
v -0.036448 -0.013652 0.152557
v -0.039734 -0.026664 0.165601
v -0.042685 -0.013843 0.164847
v -0.034056 -0.026201 0.154121
v -0.030463 -0.036769 0.156487
v -0.034988 -0.037799 0.166433
v -0.034056 -0.026201 0.154121
v -0.034988 -0.037799 0.166433
v -0.039734 -0.026664 0.165601
v -0.030463 -0.036769 0.156487
v -0.027002 -0.043701 0.158771
v -0.028512 -0.046655 0.166137
v -0.030463 -0.036769 0.156487
v -0.028512 -0.046655 0.166137
v -0.034988 -0.037799 0.166433
v -0.034988 -0.037799 0.166433
v -0.028512 -0.046655 0.166137
v -0.029412 -0.049728 0.177088
v -0.034988 -0.037799 0.166433
v -0.029412 -0.049728 0.177088
v -0.037180 -0.039600 0.178228
v -0.037180 -0.039600 0.178228
v -0.029412 -0.049728 0.177088
v -0.028920 -0.051786 0.189783
v -0.037180 -0.039600 0.178228
v -0.028920 -0.051786 0.189783
v -0.037328 -0.040975 0.191334
v -0.037328 -0.040975 0.191334
v -0.028920 -0.051786 0.189783
v -0.026945 -0.052530 0.203176
v -0.037328 -0.040975 0.191334
v -0.026945 -0.052530 0.203176
v -0.035533 -0.041510 0.204934
v -0.043432 -0.028385 0.192228
v -0.037328 -0.040975 0.191334
v -0.035533 -0.041510 0.204934
v -0.043432 -0.028385 0.192228
v -0.035533 -0.041510 0.204934
v -0.041753 -0.028731 0.206217
v -0.047153 -0.014598 0.192659
v -0.043432 -0.028385 0.192228
v -0.041753 -0.028731 0.206217
v -0.047153 -0.014598 0.192659
v -0.041753 -0.028731 0.206217
v -0.045534 -0.014779 0.207009
v -0.048410 -0.000211 0.192788
v -0.047153 -0.014598 0.192659
v -0.045534 -0.014779 0.207009
v -0.048410 -0.000211 0.192788
v -0.045534 -0.014779 0.207009
v -0.046808 -0.000241 0.207297
v -0.047388 -0.000182 0.178347
v -0.046226 -0.014227 0.178407
v -0.047153 -0.014598 0.192659
v -0.047388 -0.000182 0.178347
v -0.047153 -0.014598 0.192659
v -0.048410 -0.000211 0.192788
v -0.043697 -0.000155 0.164563
v -0.042685 -0.013843 0.164847
v -0.046226 -0.014227 0.178407
v -0.043697 -0.000155 0.164563
v -0.046226 -0.014227 0.178407
v -0.047388 -0.000182 0.178347
v -0.031892 0.040499 0.218331
v -0.037858 0.027907 0.219875
v -0.031934 0.027109 0.232304
v -0.031892 0.040499 0.218331
v -0.031934 0.027109 0.232304
v -0.026667 0.039125 0.230351
v -0.037858 0.027907 0.219875
v -0.041449 0.014118 0.220922
v -0.035063 0.013749 0.233696
v -0.037858 0.027907 0.219875
v -0.035063 0.013749 0.233696
v -0.031934 0.027109 0.232304
v -0.026667 0.039125 0.230351
v -0.031934 0.027109 0.232304
v -0.024114 0.026190 0.242979
v -0.026667 0.039125 0.230351
v -0.024114 0.026190 0.242979
v -0.020068 0.037326 0.240371
v -0.031934 0.027109 0.232304
v -0.035063 0.013749 0.233696
v -0.026535 0.013367 0.244818
v -0.031934 0.027109 0.232304
v -0.026535 0.013367 0.244818
v -0.024114 0.026190 0.242979
v -0.026924 0.052057 0.203388
v -0.035516 0.041033 0.205101
v -0.031892 0.040499 0.218331
v -0.026924 0.052057 0.203388
v -0.031892 0.040499 0.218331
v -0.023545 0.051313 0.216497
v -0.035516 0.041033 0.205101
v -0.041741 0.028252 0.206332
v -0.037858 0.027907 0.219875
v -0.035516 0.041033 0.205101
v -0.037858 0.027907 0.219875
v -0.031892 0.040499 0.218331
v -0.041741 0.028252 0.206332
v -0.045528 0.014298 0.207068
v -0.041449 0.014118 0.220922
v -0.041741 0.028252 0.206332
v -0.041449 0.014118 0.220922
v -0.037858 0.027907 0.219875
v -0.045528 0.014298 0.207068
v -0.046808 -0.000241 0.207297
v -0.042653 -0.000270 0.221289
v -0.045528 0.014298 0.207068
v -0.042653 -0.000270 0.221289
v -0.041449 0.014118 0.220922
v -0.041449 0.014118 0.220922
v -0.042653 -0.000270 0.221289
v -0.036105 -0.000297 0.234201
v -0.041449 0.014118 0.220922
v -0.036105 -0.000297 0.234201
v -0.035063 0.013749 0.233696
v -0.035063 0.013749 0.233696
v -0.036105 -0.000297 0.234201
v -0.027353 -0.000322 0.245471
v -0.035063 0.013749 0.233696
v -0.027353 -0.000322 0.245471
v -0.026535 0.013367 0.244818
v -0.026535 0.013367 0.244818
v -0.027353 -0.000322 0.245471
v -0.016580 -0.000342 0.254540
v -0.026535 0.013367 0.244818
v -0.016580 -0.000342 0.254540
v -0.016017 0.013180 0.253723
v -0.024114 0.026190 0.242979
v -0.026535 0.013367 0.244818
v -0.016017 0.013180 0.253723
v -0.024114 0.026190 0.242979
v -0.016017 0.013180 0.253723
v -0.014425 0.025729 0.251354
v -0.020068 0.037326 0.240371
v -0.024114 0.026190 0.242979
v -0.014425 0.025729 0.251354
v -0.020068 0.037326 0.240371
v -0.014425 0.025729 0.251354
v -0.012036 0.036298 0.247780
v -0.013988 0.046184 0.238130
v -0.020068 0.037326 0.240371
v -0.012036 0.036298 0.247780
v -0.013988 0.046184 0.238130
v -0.012036 0.036298 0.247780
v -0.009736 0.043232 0.244332
v -0.019070 0.049256 0.228387
v -0.026667 0.039125 0.230351
v -0.020068 0.037326 0.240371
v -0.019070 0.049256 0.228387
v -0.020068 0.037326 0.240371
v -0.013988 0.046184 0.238130
v -0.023545 0.051313 0.216497
v -0.031892 0.040499 0.218331
v -0.026667 0.039125 0.230351
v -0.023545 0.051313 0.216497
v -0.026667 0.039125 0.230351
v -0.019070 0.049256 0.228387
v -0.041455 -0.014656 0.220863
v -0.037869 -0.028442 0.219761
v -0.031945 -0.027697 0.232194
v -0.041455 -0.014656 0.220863
v -0.031945 -0.027697 0.232194
v -0.035069 -0.014341 0.233640
v -0.037869 -0.028442 0.219761
v -0.031908 -0.041030 0.218166
v -0.026683 -0.039707 0.230192
v -0.037869 -0.028442 0.219761
v -0.026683 -0.039707 0.230192
v -0.031945 -0.027697 0.232194
v -0.035069 -0.014341 0.233640
v -0.031945 -0.027697 0.232194
v -0.024125 -0.026824 0.242872
v -0.035069 -0.014341 0.233640
v -0.024125 -0.026824 0.242872
v -0.026541 -0.014007 0.244762
v -0.031945 -0.027697 0.232194
v -0.026683 -0.039707 0.230192
v -0.020083 -0.037951 0.240219
v -0.031945 -0.027697 0.232194
v -0.020083 -0.037951 0.240219
v -0.024125 -0.026824 0.242872
v -0.046808 -0.000241 0.207297
v -0.045534 -0.014779 0.207009
v -0.041455 -0.014656 0.220863
v -0.046808 -0.000241 0.207297
v -0.041455 -0.014656 0.220863
v -0.042653 -0.000270 0.221289
v -0.045534 -0.014779 0.207009
v -0.041753 -0.028731 0.206217
v -0.037869 -0.028442 0.219761
v -0.045534 -0.014779 0.207009
v -0.037869 -0.028442 0.219761
v -0.041455 -0.014656 0.220863
v -0.041753 -0.028731 0.206217
v -0.035533 -0.041510 0.204934
v -0.031908 -0.041030 0.218166
v -0.041753 -0.028731 0.206217
v -0.031908 -0.041030 0.218166
v -0.037869 -0.028442 0.219761
v -0.035533 -0.041510 0.204934
v -0.026945 -0.052530 0.203176
v -0.023566 -0.051841 0.216288
v -0.035533 -0.041510 0.204934
v -0.023566 -0.051841 0.216288
v -0.031908 -0.041030 0.218166
v -0.031908 -0.041030 0.218166
v -0.023566 -0.051841 0.216288
v -0.019090 -0.049833 0.228187
v -0.031908 -0.041030 0.218166
v -0.019090 -0.049833 0.228187
v -0.026683 -0.039707 0.230192
v -0.026683 -0.039707 0.230192
v -0.019090 -0.049833 0.228187
v -0.014007 -0.046803 0.237942
v -0.026683 -0.039707 0.230192
v -0.014007 -0.046803 0.237942
v -0.020083 -0.037951 0.240219
v -0.020083 -0.037951 0.240219
v -0.014007 -0.046803 0.237942
v -0.009754 -0.043877 0.244156
v -0.020083 -0.037951 0.240219
v -0.009754 -0.043877 0.244156
v -0.012051 -0.036957 0.247632
v -0.024125 -0.026824 0.242872
v -0.020083 -0.037951 0.240219
v -0.012051 -0.036957 0.247632
v -0.024125 -0.026824 0.242872
v -0.012051 -0.036957 0.247632
v -0.014436 -0.026401 0.251249
v -0.026541 -0.014007 0.244762
v -0.024125 -0.026824 0.242872
v -0.014436 -0.026401 0.251249
v -0.026541 -0.014007 0.244762
v -0.014436 -0.026401 0.251249
v -0.016023 -0.013861 0.253668
v -0.027353 -0.000322 0.245471
v -0.026541 -0.014007 0.244762
v -0.016023 -0.013861 0.253668
v -0.027353 -0.000322 0.245471
v -0.016023 -0.013861 0.253668
v -0.016580 -0.000342 0.254540
v -0.036105 -0.000297 0.234201
v -0.035069 -0.014341 0.233640
v -0.026541 -0.014007 0.244762
v -0.036105 -0.000297 0.234201
v -0.026541 -0.014007 0.244762
v -0.027353 -0.000322 0.245471
v -0.042653 -0.000270 0.221289
v -0.041455 -0.014656 0.220863
v -0.035069 -0.014341 0.233640
v -0.042653 -0.000270 0.221289
v -0.035069 -0.014341 0.233640
v -0.036105 -0.000297 0.234201
v -0.020033 -0.053056 0.163380
v -0.009475 -0.057535 0.159425
v -0.007976 -0.063110 0.171366
v -0.020033 -0.053056 0.163380
v -0.007976 -0.063110 0.171366
v -0.019572 -0.057563 0.174634
v -0.009475 -0.057535 0.159425
v 0.002823 -0.060270 0.155558
v 0.004964 -0.066452 0.167958
v -0.009475 -0.057535 0.159425
v 0.004964 -0.066452 0.167958
v -0.007976 -0.063110 0.171366
v -0.019572 -0.057563 0.174634
v -0.007976 -0.063110 0.171366
v -0.006088 -0.066483 0.184605
v -0.019572 -0.057563 0.174634
v -0.006088 -0.066483 0.184605
v -0.018357 -0.060330 0.187462
v -0.007976 -0.063110 0.171366
v 0.004964 -0.066452 0.167958
v 0.007358 -0.070210 0.181532
v -0.007976 -0.063110 0.171366
v 0.007358 -0.070210 0.181532
v -0.006088 -0.066483 0.184605
v -0.027002 -0.043701 0.158771
v -0.020795 -0.046633 0.154513
v -0.020033 -0.053056 0.163380
v -0.027002 -0.043701 0.158771
v -0.020033 -0.053056 0.163380
v -0.028512 -0.046655 0.166137
v -0.020795 -0.046633 0.154513
v -0.011046 -0.049676 0.149425
v -0.009475 -0.057535 0.159425
v -0.020795 -0.046633 0.154513
v -0.009475 -0.057535 0.159425
v -0.020033 -0.053056 0.163380
v -0.011046 -0.049676 0.149425
v 0.000848 -0.051701 0.144945
v 0.002823 -0.060270 0.155558
v -0.011046 -0.049676 0.149425
v 0.002823 -0.060270 0.155558
v -0.009475 -0.057535 0.159425
v 0.000848 -0.051701 0.144945
v 0.013958 -0.052414 0.141564
v 0.016139 -0.061199 0.152350
v 0.000848 -0.051701 0.144945
v 0.016139 -0.061199 0.152350
v 0.002823 -0.060270 0.155558
v 0.002823 -0.060270 0.155558
v 0.016139 -0.061199 0.152350
v 0.018668 -0.067573 0.164864
v 0.002823 -0.060270 0.155558
v 0.018668 -0.067573 0.164864
v 0.004964 -0.066452 0.167958
v 0.004964 -0.066452 0.167958
v 0.018668 -0.067573 0.164864
v 0.021430 -0.071462 0.178533
v 0.004964 -0.066452 0.167958
v 0.021430 -0.071462 0.178533
v 0.007358 -0.070210 0.181532
v 0.007358 -0.070210 0.181532
v 0.021430 -0.071462 0.178533
v 0.024309 -0.072794 0.192781
v 0.007358 -0.070210 0.181532
v 0.024309 -0.072794 0.192781
v 0.010058 -0.071494 0.195662
v -0.006088 -0.066483 0.184605
v 0.007358 -0.070210 0.181532
v 0.010058 -0.071494 0.195662
v -0.006088 -0.066483 0.184605
v 0.010058 -0.071494 0.195662
v -0.003617 -0.067636 0.198433
v -0.018357 -0.060330 0.187462
v -0.006088 -0.066483 0.184605
v -0.003617 -0.067636 0.198433
v -0.018357 -0.060330 0.187462
v -0.003617 -0.067636 0.198433
v -0.016143 -0.061291 0.200976
v -0.028920 -0.051786 0.189783
v -0.018357 -0.060330 0.187462
v -0.016143 -0.061291 0.200976
v -0.028920 -0.051786 0.189783
v -0.016143 -0.061291 0.200976
v -0.026945 -0.052530 0.203176
v -0.029412 -0.049728 0.177088
v -0.019572 -0.057563 0.174634
v -0.018357 -0.060330 0.187462
v -0.029412 -0.049728 0.177088
v -0.018357 -0.060330 0.187462
v -0.028920 -0.051786 0.189783
v -0.028512 -0.046655 0.166137
v -0.020033 -0.053056 0.163380
v -0.019572 -0.057563 0.174634
v -0.028512 -0.046655 0.166137
v -0.019572 -0.057563 0.174634
v -0.029412 -0.049728 0.177088
v 0.029655 -0.060264 0.150138
v 0.042489 -0.057524 0.148928
v 0.045745 -0.063099 0.160514
v 0.029655 -0.060264 0.150138
v 0.045745 -0.063099 0.160514
v 0.032498 -0.066446 0.162396
v 0.042489 -0.057524 0.148928
v 0.053753 -0.053041 0.148475
v 0.057699 -0.057548 0.159025
v 0.042489 -0.057524 0.148928
v 0.057699 -0.057548 0.159025
v 0.045745 -0.063099 0.160514
v 0.032498 -0.066446 0.162396
v 0.045745 -0.063099 0.160514
v 0.049145 -0.066472 0.173448
v 0.032498 -0.066446 0.162396
v 0.049145 -0.066472 0.173448
v 0.035563 -0.070204 0.175835
v 0.045745 -0.063099 0.160514
v 0.057699 -0.057548 0.159025
v 0.061559 -0.060313 0.171318
v 0.045745 -0.063099 0.160514
v 0.061559 -0.060313 0.171318
v 0.049145 -0.066472 0.173448
v 0.013958 -0.052414 0.141564
v 0.027353 -0.051696 0.139590
v 0.029655 -0.060264 0.150138
v 0.013958 -0.052414 0.141564
v 0.029655 -0.060264 0.150138
v 0.016139 -0.061199 0.152350
v 0.027353 -0.051696 0.139590
v 0.040052 -0.049665 0.139102
v 0.042489 -0.057524 0.148928
v 0.027353 -0.051696 0.139590
v 0.042489 -0.057524 0.148928
v 0.029655 -0.060264 0.150138
v 0.040052 -0.049665 0.139102
v 0.051010 -0.046618 0.140008
v 0.053753 -0.053041 0.148475
v 0.040052 -0.049665 0.139102
v 0.053753 -0.053041 0.148475
v 0.042489 -0.057524 0.148928
v 0.051010 -0.046618 0.140008
v 0.058383 -0.043684 0.141523
v 0.062634 -0.046636 0.147725
v 0.051010 -0.046618 0.140008
v 0.062634 -0.046636 0.147725
v 0.053753 -0.053041 0.148475
v 0.053753 -0.053041 0.148475
v 0.062634 -0.046636 0.147725
v 0.067716 -0.049708 0.157468
v 0.053753 -0.053041 0.148475
v 0.067716 -0.049708 0.157468
v 0.057699 -0.057548 0.159025
v 0.057699 -0.057548 0.159025
v 0.067716 -0.049708 0.157468
v 0.072191 -0.051765 0.169358
v 0.057699 -0.057548 0.159025
v 0.072191 -0.051765 0.169358
v 0.061559 -0.060313 0.171318
v 0.061559 -0.060313 0.171318
v 0.072191 -0.051765 0.169358
v 0.075571 -0.052509 0.182467
v 0.061559 -0.060313 0.171318
v 0.075571 -0.052509 0.182467
v 0.064765 -0.061274 0.184632
v 0.049145 -0.066472 0.173448
v 0.061559 -0.060313 0.171318
v 0.064765 -0.061274 0.184632
v 0.049145 -0.066472 0.173448
v 0.064765 -0.061274 0.184632
v 0.052237 -0.067625 0.187150
v 0.035563 -0.070204 0.175835
v 0.049145 -0.066472 0.173448
v 0.052237 -0.067625 0.187150
v 0.035563 -0.070204 0.175835
v 0.052237 -0.067625 0.187150
v 0.038560 -0.071488 0.189905
v 0.021430 -0.071462 0.178533
v 0.035563 -0.070204 0.175835
v 0.038560 -0.071488 0.189905
v 0.021430 -0.071462 0.178533
v 0.038560 -0.071488 0.189905
v 0.024309 -0.072794 0.192781
v 0.018668 -0.067573 0.164864
v 0.032498 -0.066446 0.162396
v 0.035563 -0.070204 0.175835
v 0.018668 -0.067573 0.164864
v 0.035563 -0.070204 0.175835
v 0.021430 -0.071462 0.178533
v 0.016139 -0.061199 0.152350
v 0.029655 -0.060264 0.150138
v 0.032498 -0.066446 0.162396
v 0.016139 -0.061199 0.152350
v 0.032498 -0.066446 0.162396
v 0.018668 -0.067573 0.164864
v -0.012937 -0.060385 0.214294
v -0.000526 -0.066540 0.212139
v 0.002876 -0.063221 0.225086
v -0.012937 -0.060385 0.214294
v 0.002876 -0.063221 0.225086
v -0.009075 -0.057671 0.226598
v -0.000526 -0.066540 0.212139
v 0.013055 -0.070268 0.209737
v 0.016122 -0.066566 0.223191
v -0.000526 -0.066540 0.212139
v 0.016122 -0.066566 0.223191
v 0.002876 -0.063221 0.225086
v -0.009075 -0.057671 0.226598
v 0.002876 -0.063221 0.225086
v 0.006135 -0.057694 0.236695
v -0.009075 -0.057671 0.226598
v 0.006135 -0.057694 0.236695
v -0.005128 -0.053208 0.237166
v 0.002876 -0.063221 0.225086
v 0.016122 -0.066566 0.223191
v 0.018967 -0.060434 0.235474
v 0.002876 -0.063221 0.225086
v 0.018967 -0.060434 0.235474
v 0.006135 -0.057694 0.236695
v -0.026945 -0.052530 0.203176
v -0.016143 -0.061291 0.200976
v -0.012937 -0.060385 0.214294
v -0.026945 -0.052530 0.203176
v -0.012937 -0.060385 0.214294
v -0.023566 -0.051841 0.216288
v -0.016143 -0.061291 0.200976
v -0.003617 -0.067636 0.198433
v -0.000526 -0.066540 0.212139
v -0.016143 -0.061291 0.200976
v -0.000526 -0.066540 0.212139
v -0.012937 -0.060385 0.214294
v -0.003617 -0.067636 0.198433
v 0.010058 -0.071494 0.195662
v 0.013055 -0.070268 0.209737
v -0.003617 -0.067636 0.198433
v 0.013055 -0.070268 0.209737
v -0.000526 -0.066540 0.212139
v 0.010058 -0.071494 0.195662
v 0.024309 -0.072794 0.192781
v 0.027188 -0.071521 0.207034
v 0.010058 -0.071494 0.195662
v 0.027188 -0.071521 0.207034
v 0.013055 -0.070268 0.209737
v 0.013055 -0.070268 0.209737
v 0.027188 -0.071521 0.207034
v 0.029951 -0.067688 0.220718
v 0.013055 -0.070268 0.209737
v 0.029951 -0.067688 0.220718
v 0.016122 -0.066566 0.223191
v 0.016122 -0.066566 0.223191
v 0.029951 -0.067688 0.220718
v 0.032483 -0.061366 0.233258
v 0.016122 -0.066566 0.223191
v 0.032483 -0.061366 0.233258
v 0.018967 -0.060434 0.235474
v 0.018967 -0.060434 0.235474
v 0.032483 -0.061366 0.233258
v 0.034667 -0.052625 0.244080
v 0.018967 -0.060434 0.235474
v 0.034667 -0.052625 0.244080
v 0.021273 -0.051910 0.246056
v 0.006135 -0.057694 0.236695
v 0.018967 -0.060434 0.235474
v 0.021273 -0.051910 0.246056
v 0.006135 -0.057694 0.236695
v 0.021273 -0.051910 0.246056
v 0.008574 -0.049876 0.246552
v -0.005128 -0.053208 0.237166
v 0.006135 -0.057694 0.236695
v 0.008574 -0.049876 0.246552
v -0.005128 -0.053208 0.237166
v 0.008574 -0.049876 0.246552
v -0.002382 -0.046821 0.245659
v -0.014007 -0.046803 0.237942
v -0.005128 -0.053208 0.237166
v -0.002382 -0.046821 0.245659
v -0.014007 -0.046803 0.237942
v -0.002382 -0.046821 0.245659
v -0.009754 -0.043877 0.244156
v -0.019090 -0.049833 0.228187
v -0.009075 -0.057671 0.226598
v -0.005128 -0.053208 0.237166
v -0.019090 -0.049833 0.228187
v -0.005128 -0.053208 0.237166
v -0.014007 -0.046803 0.237942
v -0.023566 -0.051841 0.216288
v -0.012937 -0.060385 0.214294
v -0.009075 -0.057671 0.226598
v -0.023566 -0.051841 0.216288
v -0.009075 -0.057671 0.226598
v -0.019090 -0.049833 0.228187
v 0.041260 -0.070262 0.204039
v 0.054707 -0.066529 0.200982
v 0.056597 -0.063210 0.214234
v 0.041260 -0.070262 0.204039
v 0.056597 -0.063210 0.214234
v 0.043656 -0.066560 0.217629
v 0.054707 -0.066529 0.200982
v 0.066979 -0.060369 0.198150
v 0.068196 -0.057655 0.210988
v 0.054707 -0.066529 0.200982
v 0.068196 -0.057655 0.210988
v 0.056597 -0.063210 0.214234
v 0.043656 -0.066560 0.217629
v 0.056597 -0.063210 0.214234
v 0.058098 -0.057683 0.226198
v 0.043656 -0.066560 0.217629
v 0.058098 -0.057683 0.226198
v 0.045799 -0.060429 0.230053
v 0.056597 -0.063210 0.214234
v 0.068196 -0.057655 0.210988
v 0.068658 -0.053193 0.222261
v 0.056597 -0.063210 0.214234
v 0.068658 -0.053193 0.222261
v 0.058098 -0.057683 0.226198
v 0.024309 -0.072794 0.192781
v 0.038560 -0.071488 0.189905
v 0.041260 -0.070262 0.204039
v 0.024309 -0.072794 0.192781
v 0.041260 -0.070262 0.204039
v 0.027188 -0.071521 0.207034
v 0.038560 -0.071488 0.189905
v 0.052237 -0.067625 0.187150
v 0.054707 -0.066529 0.200982
v 0.038560 -0.071488 0.189905
v 0.054707 -0.066529 0.200982
v 0.041260 -0.070262 0.204039
v 0.052237 -0.067625 0.187150
v 0.064765 -0.061274 0.184632
v 0.066979 -0.060369 0.198150
v 0.052237 -0.067625 0.187150
v 0.066979 -0.060369 0.198150
v 0.054707 -0.066529 0.200982
v 0.064765 -0.061274 0.184632
v 0.075571 -0.052509 0.182467
v 0.077546 -0.051820 0.195863
v 0.064765 -0.061274 0.184632
v 0.077546 -0.051820 0.195863
v 0.066979 -0.060369 0.198150
v 0.066979 -0.060369 0.198150
v 0.077546 -0.051820 0.195863
v 0.078038 -0.049813 0.208566
v 0.066979 -0.060369 0.198150
v 0.078038 -0.049813 0.208566
v 0.068196 -0.057655 0.210988
v 0.068196 -0.057655 0.210988
v 0.078038 -0.049813 0.208566
v 0.077139 -0.046784 0.219530
v 0.068196 -0.057655 0.210988
v 0.077139 -0.046784 0.219530
v 0.068658 -0.053193 0.222261
v 0.068658 -0.053193 0.222261
v 0.077139 -0.046784 0.219530
v 0.075631 -0.043860 0.226907
v 0.068658 -0.053193 0.222261
v 0.075631 -0.043860 0.226907
v 0.069422 -0.046806 0.231154
v 0.058098 -0.057683 0.226198
v 0.068658 -0.053193 0.222261
v 0.069422 -0.046806 0.231154
v 0.058098 -0.057683 0.226198
v 0.069422 -0.046806 0.231154
v 0.059673 -0.049866 0.236230
v 0.045799 -0.060429 0.230053
v 0.058098 -0.057683 0.226198
v 0.059673 -0.049866 0.236230
v 0.045799 -0.060429 0.230053
v 0.059673 -0.049866 0.236230
v 0.047778 -0.051904 0.240702
v 0.032483 -0.061366 0.233258
v 0.045799 -0.060429 0.230053
v 0.047778 -0.051904 0.240702
v 0.032483 -0.061366 0.233258
v 0.047778 -0.051904 0.240702
v 0.034667 -0.052625 0.244080
v 0.029951 -0.067688 0.220718
v 0.043656 -0.066560 0.217629
v 0.045799 -0.060429 0.230053
v 0.029951 -0.067688 0.220718
v 0.045799 -0.060429 0.230053
v 0.032483 -0.061366 0.233258
v 0.027188 -0.071521 0.207034
v 0.041260 -0.070262 0.204039
v 0.043656 -0.066560 0.217629
v 0.027188 -0.071521 0.207034
v 0.043656 -0.066560 0.217629
v 0.029951 -0.067688 0.220718
v 0.068714 -0.037777 0.145484
v 0.072760 -0.026641 0.142876
v 0.080580 -0.027561 0.153550
v 0.068714 -0.037777 0.145484
v 0.080580 -0.027561 0.153550
v 0.075314 -0.039577 0.155504
v 0.072760 -0.026641 0.142876
v 0.075182 -0.013819 0.141037
v 0.083710 -0.014201 0.152158
v 0.072760 -0.026641 0.142876
v 0.083710 -0.014201 0.152158
v 0.080580 -0.027561 0.153550
v 0.075314 -0.039577 0.155504
v 0.080580 -0.027561 0.153550
v 0.086505 -0.028358 0.165979
v 0.075314 -0.039577 0.155504
v 0.086505 -0.028358 0.165979
v 0.080538 -0.040951 0.167524
v 0.080580 -0.027561 0.153550
v 0.083710 -0.014201 0.152158
v 0.090096 -0.014570 0.164933
v 0.080580 -0.027561 0.153550
v 0.090096 -0.014570 0.164933
v 0.086505 -0.028358 0.165979
v 0.058383 -0.043684 0.141523
v 0.060683 -0.036750 0.138074
v 0.068714 -0.037777 0.145484
v 0.058383 -0.043684 0.141523
v 0.068714 -0.037777 0.145484
v 0.062634 -0.046636 0.147725
v 0.060683 -0.036750 0.138074
v 0.063072 -0.026181 0.134500
v 0.072760 -0.026641 0.142876
v 0.060683 -0.036750 0.138074
v 0.072760 -0.026641 0.142876
v 0.068714 -0.037777 0.145484
v 0.063072 -0.026181 0.134500
v 0.064664 -0.013631 0.132132
v 0.075182 -0.013819 0.141037
v 0.063072 -0.026181 0.134500
v 0.075182 -0.013819 0.141037
v 0.072760 -0.026641 0.142876
v 0.064664 -0.013631 0.132132
v 0.065227 -0.000110 0.131315
v 0.075999 -0.000130 0.140383
v 0.064664 -0.013631 0.132132
v 0.075999 -0.000130 0.140383
v 0.075182 -0.013819 0.141037
v 0.075182 -0.013819 0.141037
v 0.075999 -0.000130 0.140383
v 0.084752 -0.000155 0.151654
v 0.075182 -0.013819 0.141037
v 0.084752 -0.000155 0.151654
v 0.083710 -0.014201 0.152158
v 0.083710 -0.014201 0.152158
v 0.084752 -0.000155 0.151654
v 0.091299 -0.000182 0.164565
v 0.083710 -0.014201 0.152158
v 0.091299 -0.000182 0.164565
v 0.090096 -0.014570 0.164933
v 0.090096 -0.014570 0.164933
v 0.091299 -0.000182 0.164565
v 0.095455 -0.000211 0.178558
v 0.090096 -0.014570 0.164933
v 0.095455 -0.000211 0.178558
v 0.094175 -0.014750 0.178787
v 0.086505 -0.028358 0.165979
v 0.090096 -0.014570 0.164933
v 0.094175 -0.014750 0.178787
v 0.086505 -0.028358 0.165979
v 0.094175 -0.014750 0.178787
v 0.090388 -0.028703 0.179523
v 0.080538 -0.040951 0.167524
v 0.086505 -0.028358 0.165979
v 0.090388 -0.028703 0.179523
v 0.080538 -0.040951 0.167524
v 0.090388 -0.028703 0.179523
v 0.084163 -0.041485 0.180754
v 0.072191 -0.051765 0.169358
v 0.080538 -0.040951 0.167524
v 0.084163 -0.041485 0.180754
v 0.072191 -0.051765 0.169358
v 0.084163 -0.041485 0.180754
v 0.075571 -0.052509 0.182467
v 0.067716 -0.049708 0.157468
v 0.075314 -0.039577 0.155504
v 0.080538 -0.040951 0.167524
v 0.067716 -0.049708 0.157468
v 0.080538 -0.040951 0.167524
v 0.072191 -0.051765 0.169358
v 0.062634 -0.046636 0.147725
v 0.068714 -0.037777 0.145484
v 0.075314 -0.039577 0.155504
v 0.062634 -0.046636 0.147725
v 0.075314 -0.039577 0.155504
v 0.067716 -0.049708 0.157468
v 0.075187 0.013556 0.141092
v 0.072771 0.026372 0.142983
v 0.080591 0.027245 0.153661
v 0.075187 0.013556 0.141092
v 0.080591 0.027245 0.153661
v 0.083715 0.013889 0.152215
v 0.072771 0.026372 0.142983
v 0.068729 0.037499 0.145636
v 0.075330 0.039255 0.155663
v 0.072771 0.026372 0.142983
v 0.075330 0.039255 0.155663
v 0.080591 0.027245 0.153661
v 0.083715 0.013889 0.152215
v 0.080591 0.027245 0.153661
v 0.086516 0.027990 0.166093
v 0.083715 0.013889 0.152215
v 0.086516 0.027990 0.166093
v 0.090102 0.014205 0.164991
v 0.080591 0.027245 0.153661
v 0.075330 0.039255 0.155663
v 0.080554 0.040579 0.167689
v 0.080591 0.027245 0.153661
v 0.080554 0.040579 0.167689
v 0.086516 0.027990 0.166093
v 0.065227 -0.000110 0.131315
v 0.064669 0.013409 0.132186
v 0.075187 0.013556 0.141092
v 0.065227 -0.000110 0.131315
v 0.075187 0.013556 0.141092
v 0.075999 -0.000130 0.140383
v 0.064669 0.013409 0.132186
v 0.063082 0.025949 0.134606
v 0.072771 0.026372 0.142983
v 0.064669 0.013409 0.132186
v 0.072771 0.026372 0.142983
v 0.075187 0.013556 0.141092
v 0.063082 0.025949 0.134606
v 0.060697 0.036505 0.138222
v 0.068729 0.037499 0.145636
v 0.063082 0.025949 0.134606
v 0.068729 0.037499 0.145636
v 0.072771 0.026372 0.142983
v 0.060697 0.036505 0.138222
v 0.058400 0.043426 0.141699
v 0.062653 0.046351 0.147913
v 0.060697 0.036505 0.138222
v 0.062653 0.046351 0.147913
v 0.068729 0.037499 0.145636
v 0.068729 0.037499 0.145636
v 0.062653 0.046351 0.147913
v 0.067736 0.049382 0.157668
v 0.068729 0.037499 0.145636
v 0.067736 0.049382 0.157668
v 0.075330 0.039255 0.155663
v 0.075330 0.039255 0.155663
v 0.067736 0.049382 0.157668
v 0.072212 0.051389 0.169566
v 0.075330 0.039255 0.155663
v 0.072212 0.051389 0.169566
v 0.080554 0.040579 0.167689
v 0.080554 0.040579 0.167689
v 0.072212 0.051389 0.169566
v 0.075592 0.052078 0.182678
v 0.080554 0.040579 0.167689
v 0.075592 0.052078 0.182678
v 0.084180 0.041058 0.180921
v 0.086516 0.027990 0.166093
v 0.080554 0.040579 0.167689
v 0.084180 0.041058 0.180921
v 0.086516 0.027990 0.166093
v 0.084180 0.041058 0.180921
v 0.090399 0.028279 0.179638
v 0.090102 0.014205 0.164991
v 0.086516 0.027990 0.166093
v 0.090399 0.028279 0.179638
v 0.090102 0.014205 0.164991
v 0.090399 0.028279 0.179638
v 0.094181 0.014327 0.178845
v 0.091299 -0.000182 0.164565
v 0.090102 0.014205 0.164991
v 0.094181 0.014327 0.178845
v 0.091299 -0.000182 0.164565
v 0.094181 0.014327 0.178845
v 0.095455 -0.000211 0.178558
v 0.084752 -0.000155 0.151654
v 0.083715 0.013889 0.152215
v 0.090102 0.014205 0.164991
v 0.084752 -0.000155 0.151654
v 0.090102 0.014205 0.164991
v 0.091299 -0.000182 0.164565
v 0.075999 -0.000130 0.140383
v 0.075187 0.013556 0.141092
v 0.083715 0.013889 0.152215
v 0.075999 -0.000130 0.140383
v 0.083715 0.013889 0.152215
v 0.084752 -0.000155 0.151654
v 0.085958 -0.041006 0.194356
v 0.092067 -0.028415 0.193513
v 0.091432 -0.027671 0.207271
v 0.085958 -0.041006 0.194356
v 0.091432 -0.027671 0.207271
v 0.085811 -0.039684 0.207467
v 0.092067 -0.028415 0.193513
v 0.095794 -0.014628 0.193138
v 0.094867 -0.014314 0.207391
v 0.092067 -0.028415 0.193513
v 0.094867 -0.014314 0.207391
v 0.091432 -0.027671 0.207271
v 0.085811 -0.039684 0.207467
v 0.091432 -0.027671 0.207271
v 0.088370 -0.026801 0.220147
v 0.085811 -0.039684 0.207467
v 0.088370 -0.026801 0.220147
v 0.083620 -0.037929 0.219270
v 0.091432 -0.027671 0.207271
v 0.094867 -0.014314 0.207391
v 0.091325 -0.013983 0.220952
v 0.091432 -0.027671 0.207271
v 0.091325 -0.013983 0.220952
v 0.088370 -0.026801 0.220147
v 0.075571 -0.052509 0.182467
v 0.084163 -0.041485 0.180754
v 0.085958 -0.041006 0.194356
v 0.075571 -0.052509 0.182467
v 0.085958 -0.041006 0.194356
v 0.077546 -0.051820 0.195863
v 0.084163 -0.041485 0.180754
v 0.090388 -0.028703 0.179523
v 0.092067 -0.028415 0.193513
v 0.084163 -0.041485 0.180754
v 0.092067 -0.028415 0.193513
v 0.085958 -0.041006 0.194356
v 0.090388 -0.028703 0.179523
v 0.094175 -0.014750 0.178787
v 0.095794 -0.014628 0.193138
v 0.090388 -0.028703 0.179523
v 0.095794 -0.014628 0.193138
v 0.092067 -0.028415 0.193513
v 0.094175 -0.014750 0.178787
v 0.095455 -0.000211 0.178558
v 0.097057 -0.000241 0.193067
v 0.094175 -0.014750 0.178787
v 0.097057 -0.000241 0.193067
v 0.095794 -0.014628 0.193138
v 0.095794 -0.014628 0.193138
v 0.097057 -0.000241 0.193067
v 0.096035 -0.000270 0.207508
v 0.095794 -0.014628 0.193138
v 0.096035 -0.000270 0.207508
v 0.094867 -0.014314 0.207391
v 0.094867 -0.014314 0.207391
v 0.096035 -0.000270 0.207508
v 0.092343 -0.000297 0.221292
v 0.094867 -0.014314 0.207391
v 0.092343 -0.000297 0.221292
v 0.091325 -0.013983 0.220952
v 0.091325 -0.013983 0.220952
v 0.092343 -0.000297 0.221292
v 0.085936 -0.000321 0.233831
v 0.091325 -0.013983 0.220952
v 0.085936 -0.000321 0.233831
v 0.085089 -0.013840 0.233243
v 0.088370 -0.026801 0.220147
v 0.091325 -0.013983 0.220952
v 0.085089 -0.013840 0.233243
v 0.088370 -0.026801 0.220147
v 0.085089 -0.013840 0.233243
v 0.082692 -0.026381 0.231628
v 0.083620 -0.037929 0.219270
v 0.088370 -0.026801 0.220147
v 0.082692 -0.026381 0.231628
v 0.083620 -0.037929 0.219270
v 0.082692 -0.026381 0.231628
v 0.079095 -0.036938 0.229220
v 0.077139 -0.046784 0.219530
v 0.083620 -0.037929 0.219270
v 0.079095 -0.036938 0.229220
v 0.077139 -0.046784 0.219530
v 0.079095 -0.036938 0.229220
v 0.075631 -0.043860 0.226907
v 0.078038 -0.049813 0.208566
v 0.085811 -0.039684 0.207467
v 0.083620 -0.037929 0.219270
v 0.078038 -0.049813 0.208566
v 0.083620 -0.037929 0.219270
v 0.077139 -0.046784 0.219530
v 0.077546 -0.051820 0.195863
v 0.085958 -0.041006 0.194356
v 0.085811 -0.039684 0.207467
v 0.077546 -0.051820 0.195863
v 0.085811 -0.039684 0.207467
v 0.078038 -0.049813 0.208566
v 0.095799 0.014146 0.193196
v 0.092078 0.027933 0.193627
v 0.091443 0.027134 0.207381
v 0.095799 0.014146 0.193196
v 0.091443 0.027134 0.207381
v 0.094873 0.013776 0.207448
v 0.092078 0.027933 0.193627
v 0.085975 0.040523 0.194521
v 0.085827 0.039148 0.207626
v 0.092078 0.027933 0.193627
v 0.085827 0.039148 0.207626
v 0.091443 0.027134 0.207381
v 0.094873 0.013776 0.207448
v 0.091443 0.027134 0.207381
v 0.088380 0.026213 0.220254
v 0.094873 0.013776 0.207448
v 0.088380 0.026213 0.220254
v 0.091331 0.013391 0.221008
v 0.091443 0.027134 0.207381
v 0.085827 0.039148 0.207626
v 0.083635 0.037347 0.219422
v 0.091443 0.027134 0.207381
v 0.083635 0.037347 0.219422
v 0.088380 0.026213 0.220254
v 0.095455 -0.000211 0.178558
v 0.094181 0.014327 0.178845
v 0.095799 0.014146 0.193196
v 0.095455 -0.000211 0.178558
v 0.095799 0.014146 0.193196
v 0.097057 -0.000241 0.193067
v 0.094181 0.014327 0.178845
v 0.090399 0.028279 0.179638
v 0.092078 0.027933 0.193627
v 0.094181 0.014327 0.178845
v 0.092078 0.027933 0.193627
v 0.095799 0.014146 0.193196
v 0.090399 0.028279 0.179638
v 0.084180 0.041058 0.180921
v 0.085975 0.040523 0.194521
v 0.090399 0.028279 0.179638
v 0.085975 0.040523 0.194521
v 0.092078 0.027933 0.193627
v 0.084180 0.041058 0.180921
v 0.075592 0.052078 0.182678
v 0.077567 0.051334 0.196071
v 0.084180 0.041058 0.180921
v 0.077567 0.051334 0.196071
v 0.085975 0.040523 0.194521
v 0.085975 0.040523 0.194521
v 0.077567 0.051334 0.196071
v 0.078058 0.049276 0.208766
v 0.085975 0.040523 0.194521
v 0.078058 0.049276 0.208766
v 0.085827 0.039148 0.207626
v 0.085827 0.039148 0.207626
v 0.078058 0.049276 0.208766
v 0.077158 0.046203 0.219717
v 0.085827 0.039148 0.207626
v 0.077158 0.046203 0.219717
v 0.083635 0.037347 0.219422
v 0.083635 0.037347 0.219422
v 0.077158 0.046203 0.219717
v 0.075649 0.043250 0.227083
v 0.083635 0.037347 0.219422
v 0.075649 0.043250 0.227083
v 0.079110 0.036317 0.229368
v 0.088380 0.026213 0.220254
v 0.083635 0.037347 0.219422
v 0.079110 0.036317 0.229368
v 0.088380 0.026213 0.220254
v 0.079110 0.036317 0.229368
v 0.082703 0.025749 0.231733
v 0.091331 0.013391 0.221008
v 0.088380 0.026213 0.220254
v 0.082703 0.025749 0.231733
v 0.091331 0.013391 0.221008
v 0.082703 0.025749 0.231733
v 0.085095 0.013201 0.233298
v 0.092343 -0.000297 0.221292
v 0.091331 0.013391 0.221008
v 0.085095 0.013201 0.233298
v 0.092343 -0.000297 0.221292
v 0.085095 0.013201 0.233298
v 0.085936 -0.000321 0.233831
v 0.096035 -0.000270 0.207508
v 0.094873 0.013776 0.207448
v 0.091331 0.013391 0.221008
v 0.096035 -0.000270 0.207508
v 0.091331 0.013391 0.221008
v 0.092343 -0.000297 0.221292
v 0.097057 -0.000241 0.193067
v 0.095799 0.014146 0.193196
v 0.094873 0.013776 0.207448
v 0.097057 -0.000241 0.193067
v 0.094873 0.013776 0.207448
v 0.096035 -0.000270 0.207508
v 0.053774 0.052756 0.148688
v 0.042512 0.057242 0.149159
v 0.045770 0.062769 0.160768
v 0.053774 0.052756 0.148688
v 0.045770 0.062769 0.160768
v 0.057722 0.057219 0.159257
v 0.042512 0.057242 0.149159
v 0.029680 0.059983 0.150381
v 0.032525 0.066114 0.162664
v 0.042512 0.057242 0.149159
v 0.032525 0.066114 0.162664
v 0.045770 0.062769 0.160768
v 0.057722 0.057219 0.159257
v 0.045770 0.062769 0.160768
v 0.049172 0.066088 0.173716
v 0.057722 0.057219 0.159257
v 0.049172 0.066088 0.173716
v 0.061583 0.059933 0.171561
v 0.045770 0.062769 0.160768
v 0.032525 0.066114 0.162664
v 0.035591 0.069817 0.176118
v 0.045770 0.062769 0.160768
v 0.035591 0.069817 0.176118
v 0.049172 0.066088 0.173716
v 0.058400 0.043426 0.141699
v 0.051029 0.046369 0.140196
v 0.053774 0.052756 0.148688
v 0.058400 0.043426 0.141699
v 0.053774 0.052756 0.148688
v 0.062653 0.046351 0.147913
v 0.051029 0.046369 0.140196
v 0.040072 0.049424 0.139302
v 0.042512 0.057242 0.149159
v 0.051029 0.046369 0.140196
v 0.042512 0.057242 0.149159
v 0.053774 0.052756 0.148688
v 0.040072 0.049424 0.139302
v 0.027373 0.051458 0.139799
v 0.029680 0.059983 0.150381
v 0.040072 0.049424 0.139302
v 0.029680 0.059983 0.150381
v 0.042512 0.057242 0.149159
v 0.027373 0.051458 0.139799
v 0.013979 0.052173 0.141775
v 0.016163 0.060914 0.152596
v 0.027373 0.051458 0.139799
v 0.016163 0.060914 0.152596
v 0.029680 0.059983 0.150381
v 0.029680 0.059983 0.150381
v 0.016163 0.060914 0.152596
v 0.018695 0.067236 0.165136
v 0.029680 0.059983 0.150381
v 0.018695 0.067236 0.165136
v 0.032525 0.066114 0.162664
v 0.032525 0.066114 0.162664
v 0.018695 0.067236 0.165136
v 0.021459 0.071069 0.178821
v 0.032525 0.066114 0.162664
v 0.021459 0.071069 0.178821
v 0.035591 0.069817 0.176118
v 0.035591 0.069817 0.176118
v 0.021459 0.071069 0.178821
v 0.024338 0.072342 0.193074
v 0.035591 0.069817 0.176118
v 0.024338 0.072342 0.193074
v 0.038588 0.071042 0.190192
v 0.049172 0.066088 0.173716
v 0.035591 0.069817 0.176118
v 0.038588 0.071042 0.190192
v 0.049172 0.066088 0.173716
v 0.038588 0.071042 0.190192
v 0.052264 0.067184 0.187422
v 0.061583 0.059933 0.171561
v 0.049172 0.066088 0.173716
v 0.052264 0.067184 0.187422
v 0.061583 0.059933 0.171561
v 0.052264 0.067184 0.187422
v 0.064790 0.060839 0.184878
v 0.072212 0.051389 0.169566
v 0.061583 0.059933 0.171561
v 0.064790 0.060839 0.184878
v 0.072212 0.051389 0.169566
v 0.064790 0.060839 0.184878
v 0.075592 0.052078 0.182678
v 0.067736 0.049382 0.157668
v 0.057722 0.057219 0.159257
v 0.061583 0.059933 0.171561
v 0.067736 0.049382 0.157668
v 0.061583 0.059933 0.171561
v 0.072212 0.051389 0.169566
v 0.062653 0.046351 0.147913
v 0.053774 0.052756 0.148688
v 0.057722 0.057219 0.159257
v 0.062653 0.046351 0.147913
v 0.057722 0.057219 0.159257
v 0.067736 0.049382 0.157668
v 0.002847 0.059977 0.155801
v -0.009452 0.057232 0.159656
v -0.007950 0.062758 0.171620
v 0.002847 0.059977 0.155801
v -0.007950 0.062758 0.171620
v 0.004991 0.066108 0.168226
v -0.009452 0.057232 0.159656
v -0.020012 0.052741 0.163594
v -0.019549 0.057203 0.174866
v -0.009452 0.057232 0.159656
v -0.019549 0.057203 0.174866
v -0.007950 0.062758 0.171620
v 0.004991 0.066108 0.168226
v -0.007950 0.062758 0.171620
v -0.006061 0.066077 0.184873
v 0.004991 0.066108 0.168226
v -0.006061 0.066077 0.184873
v 0.007386 0.069811 0.181815
v -0.007950 0.062758 0.171620
v -0.019549 0.057203 0.174866
v -0.018333 0.059917 0.187705
v -0.007950 0.062758 0.171620
v -0.018333 0.059917 0.187705
v -0.006061 0.066077 0.184873
v 0.013979 0.052173 0.141775
v 0.000868 0.051452 0.145153
v 0.002847 0.059977 0.155801
v 0.013979 0.052173 0.141775
v 0.002847 0.059977 0.155801
v 0.016163 0.060914 0.152596
v 0.000868 0.051452 0.145153
v -0.011026 0.049414 0.149625
v -0.009452 0.057232 0.159656
v 0.000868 0.051452 0.145153
v -0.009452 0.057232 0.159656
v 0.002847 0.059977 0.155801
v -0.011026 0.049414 0.149625
v -0.020776 0.046354 0.154701
v -0.020012 0.052741 0.163594
v -0.011026 0.049414 0.149625
v -0.020012 0.052741 0.163594
v -0.009452 0.057232 0.159656
v -0.020776 0.046354 0.154701
v -0.026985 0.043408 0.158947
v -0.028493 0.046332 0.166325
v -0.020776 0.046354 0.154701
v -0.028493 0.046332 0.166325
v -0.020012 0.052741 0.163594
v -0.020012 0.052741 0.163594
v -0.028493 0.046332 0.166325
v -0.029392 0.049362 0.177289
v -0.020012 0.052741 0.163594
v -0.029392 0.049362 0.177289
v -0.019549 0.057203 0.174866
v -0.019549 0.057203 0.174866
v -0.029392 0.049362 0.177289
v -0.028899 0.051368 0.189992
v -0.019549 0.057203 0.174866
v -0.028899 0.051368 0.189992
v -0.018333 0.059917 0.187705
v -0.018333 0.059917 0.187705
v -0.028899 0.051368 0.189992
v -0.026924 0.052057 0.203388
v -0.018333 0.059917 0.187705
v -0.026924 0.052057 0.203388
v -0.016119 0.060823 0.201223
v -0.006061 0.066077 0.184873
v -0.018333 0.059917 0.187705
v -0.016119 0.060823 0.201223
v -0.006061 0.066077 0.184873
v -0.016119 0.060823 0.201223
v -0.003590 0.067173 0.198705
v 0.007386 0.069811 0.181815
v -0.006061 0.066077 0.184873
v -0.003590 0.067173 0.198705
v 0.007386 0.069811 0.181815
v -0.003590 0.067173 0.198705
v 0.010087 0.071037 0.195950
v 0.021459 0.071069 0.178821
v 0.007386 0.069811 0.181815
v 0.010087 0.071037 0.195950
v 0.021459 0.071069 0.178821
v 0.010087 0.071037 0.195950
v 0.024338 0.072342 0.193074
v 0.018695 0.067236 0.165136
v 0.004991 0.066108 0.168226
v 0.007386 0.069811 0.181815
v 0.018695 0.067236 0.165136
v 0.007386 0.069811 0.181815
v 0.021459 0.071069 0.178821
v 0.016163 0.060914 0.152596
v 0.002847 0.059977 0.155801
v 0.004991 0.066108 0.168226
v 0.016163 0.060914 0.152596
v 0.004991 0.066108 0.168226
v 0.018695 0.067236 0.165136
v 0.067003 0.059878 0.198393
v 0.054734 0.066032 0.201249
v 0.056622 0.062659 0.214489
v 0.067003 0.059878 0.198393
v 0.056622 0.062659 0.214489
v 0.068219 0.057112 0.211220
v 0.054734 0.066032 0.201249
v 0.041289 0.069758 0.204322
v 0.043682 0.066000 0.217897
v 0.054734 0.066032 0.201249
v 0.043682 0.066000 0.217897
v 0.056622 0.062659 0.214489
v 0.068219 0.057112 0.211220
v 0.056622 0.062659 0.214489
v 0.058121 0.057083 0.226430
v 0.068219 0.057112 0.211220
v 0.058121 0.057083 0.226430
v 0.068680 0.052604 0.222474
v 0.056622 0.062659 0.214489
v 0.043682 0.066000 0.217897
v 0.045823 0.059818 0.230296
v 0.056622 0.062659 0.214489
v 0.045823 0.059818 0.230296
v 0.058121 0.057083 0.226430
v 0.075592 0.052078 0.182678
v 0.064790 0.060839 0.184878
v 0.067003 0.059878 0.198393
v 0.075592 0.052078 0.182678
v 0.067003 0.059878 0.198393
v 0.077567 0.051334 0.196071
v 0.064790 0.060839 0.184878
v 0.052264 0.067184 0.187422
v 0.054734 0.066032 0.201249
v 0.064790 0.060839 0.184878
v 0.054734 0.066032 0.201249
v 0.067003 0.059878 0.198393
v 0.052264 0.067184 0.187422
v 0.038588 0.071042 0.190192
v 0.041289 0.069758 0.204322
v 0.052264 0.067184 0.187422
v 0.041289 0.069758 0.204322
v 0.054734 0.066032 0.201249
v 0.038588 0.071042 0.190192
v 0.024338 0.072342 0.193074
v 0.027216 0.071010 0.207322
v 0.038588 0.071042 0.190192
v 0.027216 0.071010 0.207322
v 0.041289 0.069758 0.204322
v 0.041289 0.069758 0.204322
v 0.027216 0.071010 0.207322
v 0.029978 0.067121 0.220990
v 0.041289 0.069758 0.204322
v 0.029978 0.067121 0.220990
v 0.043682 0.066000 0.217897
v 0.043682 0.066000 0.217897
v 0.029978 0.067121 0.220990
v 0.032508 0.060748 0.233505
v 0.043682 0.066000 0.217897
v 0.032508 0.060748 0.233505
v 0.045823 0.059818 0.230296
v 0.045823 0.059818 0.230296
v 0.032508 0.060748 0.233505
v 0.034688 0.051962 0.244291
v 0.045823 0.059818 0.230296
v 0.034688 0.051962 0.244291
v 0.047799 0.051250 0.240910
v 0.058121 0.057083 0.226430
v 0.045823 0.059818 0.230296
v 0.047799 0.051250 0.240910
v 0.058121 0.057083 0.226430
v 0.047799 0.051250 0.240910
v 0.059693 0.049224 0.236430
v 0.068680 0.052604 0.222474
v 0.058121 0.057083 0.226430
v 0.059693 0.049224 0.236430
v 0.068680 0.052604 0.222474
v 0.059693 0.049224 0.236430
v 0.069441 0.046181 0.231341
v 0.077158 0.046203 0.219717
v 0.068680 0.052604 0.222474
v 0.069441 0.046181 0.231341
v 0.077158 0.046203 0.219717
v 0.069441 0.046181 0.231341
v 0.075649 0.043250 0.227083
v 0.078058 0.049276 0.208766
v 0.068219 0.057112 0.211220
v 0.068680 0.052604 0.222474
v 0.078058 0.049276 0.208766
v 0.068680 0.052604 0.222474
v 0.077158 0.046203 0.219717
v 0.077567 0.051334 0.196071
v 0.067003 0.059878 0.198393
v 0.068219 0.057112 0.211220
v 0.077567 0.051334 0.196071
v 0.068219 0.057112 0.211220
v 0.078058 0.049276 0.208766
v 0.013084 0.069753 0.210020
v -0.000499 0.066020 0.212407
v 0.002902 0.062648 0.225341
v 0.013084 0.069753 0.210020
v 0.002902 0.062648 0.225341
v 0.016149 0.065995 0.223459
v -0.000499 0.066020 0.212407
v -0.012912 0.059862 0.214537
v -0.009052 0.057096 0.226830
v -0.000499 0.066020 0.212407
v -0.009052 0.057096 0.226830
v 0.002902 0.062648 0.225341
v 0.016149 0.065995 0.223459
v 0.002902 0.062648 0.225341
v 0.006158 0.057072 0.236927
v 0.016149 0.065995 0.223459
v 0.006158 0.057072 0.236927
v 0.018991 0.059812 0.235717
v 0.002902 0.062648 0.225341
v -0.009052 0.057096 0.226830
v -0.005106 0.052589 0.237380
v 0.002902 0.062648 0.225341
v -0.005106 0.052589 0.237380
v 0.006158 0.057072 0.236927
v 0.024338 0.072342 0.193074
v 0.010087 0.071037 0.195950
v 0.013084 0.069753 0.210020
v 0.024338 0.072342 0.193074
v 0.013084 0.069753 0.210020
v 0.027216 0.071010 0.207322
v 0.010087 0.071037 0.195950
v -0.003590 0.067173 0.198705
v -0.000499 0.066020 0.212407
v 0.010087 0.071037 0.195950
v -0.000499 0.066020 0.212407
v 0.013084 0.069753 0.210020
v -0.003590 0.067173 0.198705
v -0.016119 0.060823 0.201223
v -0.012912 0.059862 0.214537
v -0.003590 0.067173 0.198705
v -0.012912 0.059862 0.214537
v -0.000499 0.066020 0.212407
v -0.016119 0.060823 0.201223
v -0.026924 0.052057 0.203388
v -0.023545 0.051313 0.216497
v -0.016119 0.060823 0.201223
v -0.023545 0.051313 0.216497
v -0.012912 0.059862 0.214537
v -0.012912 0.059862 0.214537
v -0.023545 0.051313 0.216497
v -0.019070 0.049256 0.228387
v -0.012912 0.059862 0.214537
v -0.019070 0.049256 0.228387
v -0.009052 0.057096 0.226830
v -0.009052 0.057096 0.226830
v -0.019070 0.049256 0.228387
v -0.013988 0.046184 0.238130
v -0.009052 0.057096 0.226830
v -0.013988 0.046184 0.238130
v -0.005106 0.052589 0.237380
v -0.005106 0.052589 0.237380
v -0.013988 0.046184 0.238130
v -0.009736 0.043232 0.244332
v -0.005106 0.052589 0.237380
v -0.009736 0.043232 0.244332
v -0.002364 0.046166 0.245847
v 0.006158 0.057072 0.236927
v -0.005106 0.052589 0.237380
v -0.002364 0.046166 0.245847
v 0.006158 0.057072 0.236927
v -0.002364 0.046166 0.245847
v 0.008594 0.049214 0.246752
v 0.018991 0.059812 0.235717
v 0.006158 0.057072 0.236927
v 0.008594 0.049214 0.246752
v 0.018991 0.059812 0.235717
v 0.008594 0.049214 0.246752
v 0.021294 0.051244 0.246264
v 0.032508 0.060748 0.233505
v 0.018991 0.059812 0.235717
v 0.021294 0.051244 0.246264
v 0.032508 0.060748 0.233505
v 0.021294 0.051244 0.246264
v 0.034688 0.051962 0.244291
v 0.029978 0.067121 0.220990
v 0.016149 0.065995 0.223459
v 0.018991 0.059812 0.235717
v 0.029978 0.067121 0.220990
v 0.018991 0.059812 0.235717
v 0.032508 0.060748 0.233505
v 0.027216 0.071010 0.207322
v 0.013084 0.069753 0.210020
v 0.016149 0.065995 0.223459
v 0.027216 0.071010 0.207322
v 0.016149 0.065995 0.223459
v 0.029978 0.067121 0.220990
v 0.050750 0.037527 0.133700
v 0.051602 0.026405 0.128929
v 0.038727 0.027310 0.125868
v 0.050750 0.037527 0.133700
v 0.038727 0.027310 0.125868
v 0.038951 0.039311 0.131511
v 0.051602 0.026405 0.128929
v 0.052379 0.013591 0.125950
v 0.038819 0.013959 0.122409
v 0.051602 0.026405 0.128929
v 0.038819 0.013959 0.122409
v 0.038727 0.027310 0.125868
v 0.038951 0.039311 0.131511
v 0.038727 0.027310 0.125868
v 0.024972 0.028085 0.125235
v 0.038951 0.039311 0.131511
v 0.024972 0.028085 0.125235
v 0.025843 0.040663 0.131366
v 0.038727 0.027310 0.125868
v 0.038819 0.013959 0.122409
v 0.024566 0.014306 0.121483
v 0.038727 0.027310 0.125868
v 0.024566 0.014306 0.121483
v 0.024972 0.028085 0.125235
v 0.058400 0.043426 0.141699
v 0.060697 0.036505 0.138222
v 0.050750 0.037527 0.133700
v 0.058400 0.043426 0.141699
v 0.050750 0.037527 0.133700
v 0.051029 0.046369 0.140196
v 0.060697 0.036505 0.138222
v 0.063082 0.025949 0.134606
v 0.051602 0.026405 0.128929
v 0.060697 0.036505 0.138222
v 0.051602 0.026405 0.128929
v 0.050750 0.037527 0.133700
v 0.063082 0.025949 0.134606
v 0.064669 0.013409 0.132186
v 0.052379 0.013591 0.125950
v 0.063082 0.025949 0.134606
v 0.052379 0.013591 0.125950
v 0.051602 0.026405 0.128929
v 0.064669 0.013409 0.132186
v 0.065227 -0.000110 0.131315
v 0.052688 -0.000094 0.124907
v 0.064669 0.013409 0.132186
v 0.052688 -0.000094 0.124907
v 0.052379 0.013591 0.125950
v 0.052379 0.013591 0.125950
v 0.052688 -0.000094 0.124907
v 0.038904 -0.000084 0.121216
v 0.052379 0.013591 0.125950
v 0.038904 -0.000084 0.121216
v 0.038819 0.013959 0.122409
v 0.038819 0.013959 0.122409
v 0.038904 -0.000084 0.121216
v 0.024463 -0.000079 0.120194
v 0.038819 0.013959 0.122409
v 0.024463 -0.000079 0.120194
v 0.024566 0.014306 0.121483
v 0.024566 0.014306 0.121483
v 0.024463 -0.000079 0.120194
v 0.009954 -0.000079 0.121796
v 0.024566 0.014306 0.121483
v 0.009954 -0.000079 0.121796
v 0.010215 0.014457 0.123102
v 0.024972 0.028085 0.125235
v 0.024566 0.014306 0.121483
v 0.010215 0.014457 0.123102
v 0.024972 0.028085 0.125235
v 0.010215 0.014457 0.123102
v 0.010982 0.028401 0.126915
v 0.025843 0.040663 0.131366
v 0.024972 0.028085 0.125235
v 0.010982 0.028401 0.126915
v 0.025843 0.040663 0.131366
v 0.010982 0.028401 0.126915
v 0.012242 0.041169 0.133163
v 0.027373 0.051458 0.139799
v 0.025843 0.040663 0.131366
v 0.012242 0.041169 0.133163
v 0.027373 0.051458 0.139799
v 0.012242 0.041169 0.133163
v 0.013979 0.052173 0.141775
v 0.040072 0.049424 0.139302
v 0.038951 0.039311 0.131511
v 0.025843 0.040663 0.131366
v 0.040072 0.049424 0.139302
v 0.025843 0.040663 0.131366
v 0.027373 0.051458 0.139799
v 0.051029 0.046369 0.140196
v 0.050750 0.037527 0.133700
v 0.038951 0.039311 0.131511
v 0.051029 0.046369 0.140196
v 0.038951 0.039311 0.131511
v 0.040072 0.049424 0.139302
v 0.052373 -0.013783 0.125895
v 0.051591 -0.026609 0.128822
v 0.038716 -0.027496 0.125758
v 0.052373 -0.013783 0.125895
v 0.038716 -0.027496 0.125758
v 0.038813 -0.014131 0.122352
v 0.051591 -0.026609 0.128822
v 0.050734 -0.037750 0.133547
v 0.038935 -0.039520 0.131352
v 0.051591 -0.026609 0.128822
v 0.038935 -0.039520 0.131352
v 0.038716 -0.027496 0.125758
v 0.038813 -0.014131 0.122352
v 0.038716 -0.027496 0.125758
v 0.024960 -0.028264 0.125122
v 0.038813 -0.014131 0.122352
v 0.024960 -0.028264 0.125122
v 0.024560 -0.014469 0.121425
v 0.038716 -0.027496 0.125758
v 0.038935 -0.039520 0.131352
v 0.025826 -0.040866 0.131202
v 0.038716 -0.027496 0.125758
v 0.025826 -0.040866 0.131202
v 0.024960 -0.028264 0.125122
v 0.065227 -0.000110 0.131315
v 0.064664 -0.013631 0.132132
v 0.052373 -0.013783 0.125895
v 0.065227 -0.000110 0.131315
v 0.052373 -0.013783 0.125895
v 0.052688 -0.000094 0.124907
v 0.064664 -0.013631 0.132132
v 0.063072 -0.026181 0.134500
v 0.051591 -0.026609 0.128822
v 0.064664 -0.013631 0.132132
v 0.051591 -0.026609 0.128822
v 0.052373 -0.013783 0.125895
v 0.063072 -0.026181 0.134500
v 0.060683 -0.036750 0.138074
v 0.050734 -0.037750 0.133547
v 0.063072 -0.026181 0.134500
v 0.050734 -0.037750 0.133547
v 0.051591 -0.026609 0.128822
v 0.060683 -0.036750 0.138074
v 0.058383 -0.043684 0.141523
v 0.051010 -0.046618 0.140008
v 0.060683 -0.036750 0.138074
v 0.051010 -0.046618 0.140008
v 0.050734 -0.037750 0.133547
v 0.050734 -0.037750 0.133547
v 0.051010 -0.046618 0.140008
v 0.040052 -0.049665 0.139102
v 0.050734 -0.037750 0.133547
v 0.040052 -0.049665 0.139102
v 0.038935 -0.039520 0.131352
v 0.038935 -0.039520 0.131352
v 0.040052 -0.049665 0.139102
v 0.027353 -0.051696 0.139590
v 0.038935 -0.039520 0.131352
v 0.027353 -0.051696 0.139590
v 0.025826 -0.040866 0.131202
v 0.025826 -0.040866 0.131202
v 0.027353 -0.051696 0.139590
v 0.013958 -0.052414 0.141564
v 0.025826 -0.040866 0.131202
v 0.013958 -0.052414 0.141564
v 0.012225 -0.041374 0.132996
v 0.024960 -0.028264 0.125122
v 0.025826 -0.040866 0.131202
v 0.012225 -0.041374 0.132996
v 0.024960 -0.028264 0.125122
v 0.012225 -0.041374 0.132996
v 0.010971 -0.028581 0.126800
v 0.024560 -0.014469 0.121425
v 0.024960 -0.028264 0.125122
v 0.010971 -0.028581 0.126800
v 0.024560 -0.014469 0.121425
v 0.010971 -0.028581 0.126800
v 0.010209 -0.014621 0.123044
v 0.024463 -0.000079 0.120194
v 0.024560 -0.014469 0.121425
v 0.010209 -0.014621 0.123044
v 0.024463 -0.000079 0.120194
v 0.010209 -0.014621 0.123044
v 0.009954 -0.000079 0.121796
v 0.038904 -0.000084 0.121216
v 0.038813 -0.014131 0.122352
v 0.024560 -0.014469 0.121425
v 0.038904 -0.000084 0.121216
v 0.024560 -0.014469 0.121425
v 0.024463 -0.000079 0.120194
v 0.052688 -0.000094 0.124907
v 0.052373 -0.013783 0.125895
v 0.038813 -0.014131 0.122352
v 0.052688 -0.000094 0.124907
v 0.038813 -0.014131 0.122352
v 0.038904 -0.000084 0.121216
v -0.000990 0.040658 0.136787
v -0.002562 0.028080 0.130797
v -0.014993 0.027298 0.136721
v -0.000990 0.040658 0.136787
v -0.014993 0.027298 0.136721
v -0.013013 0.039300 0.142009
v -0.002562 0.028080 0.130797
v -0.003639 0.014300 0.127181
v -0.016415 0.013947 0.133567
v -0.002562 0.028080 0.130797
v -0.016415 0.013947 0.133567
v -0.014993 0.027298 0.136721
v -0.013013 0.039300 0.142009
v -0.014993 0.027298 0.136721
v -0.025669 0.026389 0.144539
v -0.013013 0.039300 0.142009
v -0.025669 0.026389 0.144539
v -0.023037 0.037512 0.148605
v -0.014993 0.027298 0.136721
v -0.016415 0.013947 0.133567
v -0.027537 0.013574 0.142094
v -0.014993 0.027298 0.136721
v -0.027537 0.013574 0.142094
v -0.025669 0.026389 0.144539
v 0.013979 0.052173 0.141775
v 0.012242 0.041169 0.133163
v -0.000990 0.040658 0.136787
v 0.013979 0.052173 0.141775
v -0.000990 0.040658 0.136787
v 0.000868 0.051452 0.145153
v 0.012242 0.041169 0.133163
v 0.010982 0.028401 0.126915
v -0.002562 0.028080 0.130797
v 0.012242 0.041169 0.133163
v -0.002562 0.028080 0.130797
v -0.000990 0.040658 0.136787
v 0.010982 0.028401 0.126915
v 0.010215 0.014457 0.123102
v -0.003639 0.014300 0.127181
v 0.010982 0.028401 0.126915
v -0.003639 0.014300 0.127181
v -0.002562 0.028080 0.130797
v 0.010215 0.014457 0.123102
v 0.009954 -0.000079 0.121796
v -0.004039 -0.000085 0.125952
v 0.010215 0.014457 0.123102
v -0.004039 -0.000085 0.125952
v -0.003639 0.014300 0.127181
v -0.003639 0.014300 0.127181
v -0.004039 -0.000085 0.125952
v -0.016951 -0.000095 0.132499
v -0.003639 0.014300 0.127181
v -0.016951 -0.000095 0.132499
v -0.016415 0.013947 0.133567
v -0.016415 0.013947 0.133567
v -0.016951 -0.000095 0.132499
v -0.028221 -0.000111 0.141252
v -0.016415 0.013947 0.133567
v -0.028221 -0.000111 0.141252
v -0.027537 0.013574 0.142094
v -0.027537 0.013574 0.142094
v -0.028221 -0.000111 0.141252
v -0.037290 -0.000131 0.152024
v -0.027537 0.013574 0.142094
v -0.037290 -0.000131 0.152024
v -0.036443 0.013388 0.152612
v -0.025669 0.026389 0.144539
v -0.027537 0.013574 0.142094
v -0.036443 0.013388 0.152612
v -0.025669 0.026389 0.144539
v -0.036443 0.013388 0.152612
v -0.034046 0.025929 0.154226
v -0.023037 0.037512 0.148605
v -0.025669 0.026389 0.144539
v -0.034046 0.025929 0.154226
v -0.023037 0.037512 0.148605
v -0.034046 0.025929 0.154226
v -0.030449 0.036486 0.156635
v -0.020776 0.046354 0.154701
v -0.023037 0.037512 0.148605
v -0.030449 0.036486 0.156635
v -0.020776 0.046354 0.154701
v -0.030449 0.036486 0.156635
v -0.026985 0.043408 0.158947
v -0.011026 0.049414 0.149625
v -0.013013 0.039300 0.142009
v -0.023037 0.037512 0.148605
v -0.011026 0.049414 0.149625
v -0.023037 0.037512 0.148605
v -0.020776 0.046354 0.154701
v 0.000868 0.051452 0.145153
v -0.000990 0.040658 0.136787
v -0.013013 0.039300 0.142009
v 0.000868 0.051452 0.145153
v -0.013013 0.039300 0.142009
v -0.011026 0.049414 0.149625
v -0.003645 -0.014475 0.127123
v -0.002574 -0.028269 0.130684
v -0.015004 -0.027507 0.136610
v -0.003645 -0.014475 0.127123
v -0.015004 -0.027507 0.136610
v -0.016420 -0.014143 0.133510
v -0.002574 -0.028269 0.130684
v -0.001006 -0.040872 0.136622
v -0.013029 -0.039531 0.141849
v -0.002574 -0.028269 0.130684
v -0.013029 -0.039531 0.141849
v -0.015004 -0.027507 0.136610
v -0.016420 -0.014143 0.133510
v -0.015004 -0.027507 0.136610
v -0.025680 -0.026625 0.144432
v -0.016420 -0.014143 0.133510
v -0.025680 -0.026625 0.144432
v -0.027542 -0.013800 0.142039
v -0.015004 -0.027507 0.136610
v -0.013029 -0.039531 0.141849
v -0.023052 -0.037765 0.148453
v -0.015004 -0.027507 0.136610
v -0.023052 -0.037765 0.148453
v -0.025680 -0.026625 0.144432
v 0.009954 -0.000079 0.121796
v 0.010209 -0.014621 0.123044
v -0.003645 -0.014475 0.127123
v 0.009954 -0.000079 0.121796
v -0.003645 -0.014475 0.127123
v -0.004039 -0.000085 0.125952
v 0.010209 -0.014621 0.123044
v 0.010971 -0.028581 0.126800
v -0.002574 -0.028269 0.130684
v 0.010209 -0.014621 0.123044
v -0.002574 -0.028269 0.130684
v -0.003645 -0.014475 0.127123
v 0.010971 -0.028581 0.126800
v 0.012225 -0.041374 0.132996
v -0.001006 -0.040872 0.136622
v 0.010971 -0.028581 0.126800
v -0.001006 -0.040872 0.136622
v -0.002574 -0.028269 0.130684
v 0.012225 -0.041374 0.132996
v 0.013958 -0.052414 0.141564
v 0.000848 -0.051701 0.144945
v 0.012225 -0.041374 0.132996
v 0.000848 -0.051701 0.144945
v -0.001006 -0.040872 0.136622
v -0.001006 -0.040872 0.136622
v 0.000848 -0.051701 0.144945
v -0.011046 -0.049676 0.149425
v -0.001006 -0.040872 0.136622
v -0.011046 -0.049676 0.149425
v -0.013029 -0.039531 0.141849
v -0.013029 -0.039531 0.141849
v -0.011046 -0.049676 0.149425
v -0.020795 -0.046633 0.154513
v -0.013029 -0.039531 0.141849
v -0.020795 -0.046633 0.154513
v -0.023052 -0.037765 0.148453
v -0.023052 -0.037765 0.148453
v -0.020795 -0.046633 0.154513
v -0.027002 -0.043701 0.158771
v -0.023052 -0.037765 0.148453
v -0.027002 -0.043701 0.158771
v -0.030463 -0.036769 0.156487
v -0.025680 -0.026625 0.144432
v -0.023052 -0.037765 0.148453
v -0.030463 -0.036769 0.156487
v -0.025680 -0.026625 0.144432
v -0.030463 -0.036769 0.156487
v -0.034056 -0.026201 0.154121
v -0.027542 -0.013800 0.142039
v -0.025680 -0.026625 0.144432
v -0.034056 -0.026201 0.154121
v -0.027542 -0.013800 0.142039
v -0.034056 -0.026201 0.154121
v -0.036448 -0.013652 0.152557
v -0.028221 -0.000111 0.141252
v -0.027542 -0.013800 0.142039
v -0.036448 -0.013652 0.152557
v -0.028221 -0.000111 0.141252
v -0.036448 -0.013652 0.152557
v -0.037290 -0.000131 0.152024
v -0.016951 -0.000095 0.132499
v -0.016420 -0.014143 0.133510
v -0.027542 -0.013800 0.142039
v -0.016951 -0.000095 0.132499
v -0.027542 -0.013800 0.142039
v -0.028221 -0.000111 0.141252
v -0.004039 -0.000085 0.125952
v -0.003645 -0.014475 0.127123
v -0.016420 -0.014143 0.133510
v -0.004039 -0.000085 0.125952
v -0.016420 -0.014143 0.133510
v -0.016951 -0.000095 0.132499
v -0.002088 0.037298 0.252307
v -0.002944 0.026157 0.257033
v 0.009930 0.027044 0.260097
v -0.002088 0.037298 0.252307
v 0.009930 0.027044 0.260097
v 0.009712 0.039069 0.254502
v -0.002944 0.026157 0.257033
v -0.003727 0.013332 0.259960
v 0.009834 0.013680 0.263502
v -0.002944 0.026157 0.257033
v 0.009834 0.013680 0.263502
v 0.009930 0.027044 0.260097
v 0.009712 0.039069 0.254502
v 0.009930 0.027044 0.260097
v 0.023686 0.027812 0.260733
v 0.009712 0.039069 0.254502
v 0.023686 0.027812 0.260733
v 0.022820 0.040415 0.254653
v 0.009930 0.027044 0.260097
v 0.009834 0.013680 0.263502
v 0.024086 0.014017 0.264429
v 0.009930 0.027044 0.260097
v 0.024086 0.014017 0.264429
v 0.023686 0.027812 0.260733
v -0.009736 0.043232 0.244332
v -0.012036 0.036298 0.247780
v -0.002088 0.037298 0.252307
v -0.009736 0.043232 0.244332
v -0.002088 0.037298 0.252307
v -0.002364 0.046166 0.245847
v -0.012036 0.036298 0.247780
v -0.014425 0.025729 0.251354
v -0.002944 0.026157 0.257033
v -0.012036 0.036298 0.247780
v -0.002944 0.026157 0.257033
v -0.002088 0.037298 0.252307
v -0.014425 0.025729 0.251354
v -0.016017 0.013180 0.253723
v -0.003727 0.013332 0.259960
v -0.014425 0.025729 0.251354
v -0.003727 0.013332 0.259960
v -0.002944 0.026157 0.257033
v -0.016017 0.013180 0.253723
v -0.016580 -0.000342 0.254540
v -0.004041 -0.000358 0.260947
v -0.016017 0.013180 0.253723
v -0.004041 -0.000358 0.260947
v -0.003727 0.013332 0.259960
v -0.003727 0.013332 0.259960
v -0.004041 -0.000358 0.260947
v 0.009743 -0.000368 0.264639
v -0.003727 0.013332 0.259960
v 0.009743 -0.000368 0.264639
v 0.009834 0.013680 0.263502
v 0.009834 0.013680 0.263502
v 0.009743 -0.000368 0.264639
v 0.024184 -0.000373 0.265660
v 0.009834 0.013680 0.263502
v 0.024184 -0.000373 0.265660
v 0.024086 0.014017 0.264429
v 0.024086 0.014017 0.264429
v 0.024184 -0.000373 0.265660
v 0.038692 -0.000372 0.264059
v 0.024086 0.014017 0.264429
v 0.038692 -0.000372 0.264059
v 0.038437 0.014169 0.262811
v 0.023686 0.027812 0.260733
v 0.024086 0.014017 0.264429
v 0.038437 0.014169 0.262811
v 0.023686 0.027812 0.260733
v 0.038437 0.014169 0.262811
v 0.037676 0.028129 0.259055
v 0.022820 0.040415 0.254653
v 0.023686 0.027812 0.260733
v 0.037676 0.028129 0.259055
v 0.022820 0.040415 0.254653
v 0.037676 0.028129 0.259055
v 0.036421 0.040922 0.252859
v 0.021294 0.051244 0.246264
v 0.022820 0.040415 0.254653
v 0.036421 0.040922 0.252859
v 0.021294 0.051244 0.246264
v 0.036421 0.040922 0.252859
v 0.034688 0.051962 0.244291
v 0.008594 0.049214 0.246752
v 0.009712 0.039069 0.254502
v 0.022820 0.040415 0.254653
v 0.008594 0.049214 0.246752
v 0.022820 0.040415 0.254653
v 0.021294 0.051244 0.246264
v -0.002364 0.046166 0.245847
v -0.002088 0.037298 0.252307
v 0.009712 0.039069 0.254502
v -0.002364 0.046166 0.245847
v 0.009712 0.039069 0.254502
v 0.008594 0.049214 0.246752
v -0.003732 -0.014043 0.259905
v -0.002955 -0.026856 0.256925
v 0.009919 -0.027761 0.259986
v -0.003732 -0.014043 0.259905
v 0.009919 -0.027761 0.259986
v 0.009828 -0.014410 0.263446
v -0.002955 -0.026856 0.256925
v -0.002103 -0.037979 0.252155
v 0.009696 -0.039763 0.254343
v -0.002955 -0.026856 0.256925
v 0.009696 -0.039763 0.254343
v 0.009919 -0.027761 0.259986
v 0.009828 -0.014410 0.263446
v 0.009919 -0.027761 0.259986
v 0.023675 -0.028537 0.260619
v 0.009828 -0.014410 0.263446
v 0.023675 -0.028537 0.260619
v 0.024081 -0.014757 0.264371
v 0.009919 -0.027761 0.259986
v 0.009696 -0.039763 0.254343
v 0.022804 -0.041115 0.254488
v 0.009919 -0.027761 0.259986
v 0.022804 -0.041115 0.254488
v 0.023675 -0.028537 0.260619
v -0.016580 -0.000342 0.254540
v -0.016023 -0.013861 0.253668
v -0.003732 -0.014043 0.259905
v -0.016580 -0.000342 0.254540
v -0.003732 -0.014043 0.259905
v -0.004041 -0.000358 0.260947
v -0.016023 -0.013861 0.253668
v -0.014436 -0.026401 0.251249
v -0.002955 -0.026856 0.256925
v -0.016023 -0.013861 0.253668
v -0.002955 -0.026856 0.256925
v -0.003732 -0.014043 0.259905
v -0.014436 -0.026401 0.251249
v -0.012051 -0.036957 0.247632
v -0.002103 -0.037979 0.252155
v -0.014436 -0.026401 0.251249
v -0.002103 -0.037979 0.252155
v -0.002955 -0.026856 0.256925
v -0.012051 -0.036957 0.247632
v -0.009754 -0.043877 0.244156
v -0.002382 -0.046821 0.245659
v -0.012051 -0.036957 0.247632
v -0.002382 -0.046821 0.245659
v -0.002103 -0.037979 0.252155
v -0.002103 -0.037979 0.252155
v -0.002382 -0.046821 0.245659
v 0.008574 -0.049876 0.246552
v -0.002103 -0.037979 0.252155
v 0.008574 -0.049876 0.246552
v 0.009696 -0.039763 0.254343
v 0.009696 -0.039763 0.254343
v 0.008574 -0.049876 0.246552
v 0.021273 -0.051910 0.246056
v 0.009696 -0.039763 0.254343
v 0.021273 -0.051910 0.246056
v 0.022804 -0.041115 0.254488
v 0.022804 -0.041115 0.254488
v 0.021273 -0.051910 0.246056
v 0.034667 -0.052625 0.244080
v 0.022804 -0.041115 0.254488
v 0.034667 -0.052625 0.244080
v 0.036405 -0.041621 0.252692
v 0.023675 -0.028537 0.260619
v 0.022804 -0.041115 0.254488
v 0.036405 -0.041621 0.252692
v 0.023675 -0.028537 0.260619
v 0.036405 -0.041621 0.252692
v 0.037664 -0.028853 0.258940
v 0.024081 -0.014757 0.264371
v 0.023675 -0.028537 0.260619
v 0.037664 -0.028853 0.258940
v 0.024081 -0.014757 0.264371
v 0.037664 -0.028853 0.258940
v 0.038432 -0.014908 0.262752
v 0.024184 -0.000373 0.265660
v 0.024081 -0.014757 0.264371
v 0.038432 -0.014908 0.262752
v 0.024184 -0.000373 0.265660
v 0.038432 -0.014908 0.262752
v 0.038692 -0.000372 0.264059
v 0.009743 -0.000368 0.264639
v 0.009828 -0.014410 0.263446
v 0.024081 -0.014757 0.264371
v 0.009743 -0.000368 0.264639
v 0.024081 -0.014757 0.264371
v 0.024184 -0.000373 0.265660
v -0.004041 -0.000358 0.260947
v -0.003732 -0.014043 0.259905
v 0.009828 -0.014410 0.263446
v -0.004041 -0.000358 0.260947
v 0.009828 -0.014410 0.263446
v 0.009743 -0.000368 0.264639
v 0.049653 0.040420 0.249233
v 0.051220 0.027817 0.255171
v 0.063651 0.027055 0.249245
v 0.049653 0.040420 0.249233
v 0.063651 0.027055 0.249245
v 0.061675 0.039079 0.244005
v 0.051220 0.027817 0.255171
v 0.052291 0.014023 0.258732
v 0.065067 0.013691 0.252345
v 0.051220 0.027817 0.255171
v 0.065067 0.013691 0.252345
v 0.063651 0.027055 0.249245
v 0.061675 0.039079 0.244005
v 0.063651 0.027055 0.249245
v 0.074326 0.026173 0.241423
v 0.061675 0.039079 0.244005
v 0.074326 0.026173 0.241423
v 0.071698 0.037313 0.237402
v 0.063651 0.027055 0.249245
v 0.065067 0.013691 0.252345
v 0.076189 0.013348 0.243816
v 0.063651 0.027055 0.249245
v 0.076189 0.013348 0.243816
v 0.074326 0.026173 0.241423
v 0.034688 0.051962 0.244291
v 0.036421 0.040922 0.252859
v 0.049653 0.040420 0.249233
v 0.034688 0.051962 0.244291
v 0.049653 0.040420 0.249233
v 0.047799 0.051250 0.240910
v 0.036421 0.040922 0.252859
v 0.037676 0.028129 0.259055
v 0.051220 0.027817 0.255171
v 0.036421 0.040922 0.252859
v 0.051220 0.027817 0.255171
v 0.049653 0.040420 0.249233
v 0.037676 0.028129 0.259055
v 0.038437 0.014169 0.262811
v 0.052291 0.014023 0.258732
v 0.037676 0.028129 0.259055
v 0.052291 0.014023 0.258732
v 0.051220 0.027817 0.255171
v 0.038437 0.014169 0.262811
v 0.038692 -0.000372 0.264059
v 0.052685 -0.000367 0.259903
v 0.038437 0.014169 0.262811
v 0.052685 -0.000367 0.259903
v 0.052291 0.014023 0.258732
v 0.052291 0.014023 0.258732
v 0.052685 -0.000367 0.259903
v 0.065597 -0.000356 0.253356
v 0.052291 0.014023 0.258732
v 0.065597 -0.000356 0.253356
v 0.065067 0.013691 0.252345
v 0.065067 0.013691 0.252345
v 0.065597 -0.000356 0.253356
v 0.076867 -0.000341 0.244603
v 0.065067 0.013691 0.252345
v 0.076867 -0.000341 0.244603
v 0.076189 0.013348 0.243816
v 0.076189 0.013348 0.243816
v 0.076867 -0.000341 0.244603
v 0.085936 -0.000321 0.233831
v 0.076189 0.013348 0.243816
v 0.085936 -0.000321 0.233831
v 0.085095 0.013201 0.233298
v 0.074326 0.026173 0.241423
v 0.076189 0.013348 0.243816
v 0.085095 0.013201 0.233298
v 0.074326 0.026173 0.241423
v 0.085095 0.013201 0.233298
v 0.082703 0.025749 0.231733
v 0.071698 0.037313 0.237402
v 0.074326 0.026173 0.241423
v 0.082703 0.025749 0.231733
v 0.071698 0.037313 0.237402
v 0.082703 0.025749 0.231733
v 0.079110 0.036317 0.229368
v 0.069441 0.046181 0.231341
v 0.071698 0.037313 0.237402
v 0.079110 0.036317 0.229368
v 0.069441 0.046181 0.231341
v 0.079110 0.036317 0.229368
v 0.075649 0.043250 0.227083
v 0.059693 0.049224 0.236430
v 0.061675 0.039079 0.244005
v 0.071698 0.037313 0.237402
v 0.059693 0.049224 0.236430
v 0.071698 0.037313 0.237402
v 0.069441 0.046181 0.231341
v 0.047799 0.051250 0.240910
v 0.049653 0.040420 0.249233
v 0.061675 0.039079 0.244005
v 0.047799 0.051250 0.240910
v 0.061675 0.039079 0.244005
v 0.059693 0.049224 0.236430
v 0.052286 -0.014752 0.258674
v 0.051209 -0.028531 0.255057
v 0.063640 -0.027750 0.249134
v 0.052286 -0.014752 0.258674
v 0.063640 -0.027750 0.249134
v 0.065061 -0.014399 0.252288
v 0.051209 -0.028531 0.255057
v 0.049636 -0.041109 0.249068
v 0.061660 -0.039752 0.243846
v 0.051209 -0.028531 0.255057
v 0.061660 -0.039752 0.243846
v 0.063640 -0.027750 0.249134
v 0.065061 -0.014399 0.252288
v 0.063640 -0.027750 0.249134
v 0.074316 -0.026840 0.241316
v 0.065061 -0.014399 0.252288
v 0.074316 -0.026840 0.241316
v 0.076183 -0.014026 0.243761
v 0.063640 -0.027750 0.249134
v 0.061660 -0.039752 0.243846
v 0.071683 -0.037963 0.237250
v 0.063640 -0.027750 0.249134
v 0.071683 -0.037963 0.237250
v 0.074316 -0.026840 0.241316
v 0.038692 -0.000372 0.264059
v 0.038432 -0.014908 0.262752
v 0.052286 -0.014752 0.258674
v 0.038692 -0.000372 0.264059
v 0.052286 -0.014752 0.258674
v 0.052685 -0.000367 0.259903
v 0.038432 -0.014908 0.262752
v 0.037664 -0.028853 0.258940
v 0.051209 -0.028531 0.255057
v 0.038432 -0.014908 0.262752
v 0.051209 -0.028531 0.255057
v 0.052286 -0.014752 0.258674
v 0.037664 -0.028853 0.258940
v 0.036405 -0.041621 0.252692
v 0.049636 -0.041109 0.249068
v 0.037664 -0.028853 0.258940
v 0.049636 -0.041109 0.249068
v 0.051209 -0.028531 0.255057
v 0.036405 -0.041621 0.252692
v 0.034667 -0.052625 0.244080
v 0.047778 -0.051904 0.240702
v 0.036405 -0.041621 0.252692
v 0.047778 -0.051904 0.240702
v 0.049636 -0.041109 0.249068
v 0.049636 -0.041109 0.249068
v 0.047778 -0.051904 0.240702
v 0.059673 -0.049866 0.236230
v 0.049636 -0.041109 0.249068
v 0.059673 -0.049866 0.236230
v 0.061660 -0.039752 0.243846
v 0.061660 -0.039752 0.243846
v 0.059673 -0.049866 0.236230
v 0.069422 -0.046806 0.231154
v 0.061660 -0.039752 0.243846
v 0.069422 -0.046806 0.231154
v 0.071683 -0.037963 0.237250
v 0.071683 -0.037963 0.237250
v 0.069422 -0.046806 0.231154
v 0.075631 -0.043860 0.226907
v 0.071683 -0.037963 0.237250
v 0.075631 -0.043860 0.226907
v 0.079095 -0.036938 0.229220
v 0.074316 -0.026840 0.241316
v 0.071683 -0.037963 0.237250
v 0.079095 -0.036938 0.229220
v 0.074316 -0.026840 0.241316
v 0.079095 -0.036938 0.229220
v 0.082692 -0.026381 0.231628
v 0.076183 -0.014026 0.243761
v 0.074316 -0.026840 0.241316
v 0.082692 -0.026381 0.231628
v 0.076183 -0.014026 0.243761
v 0.082692 -0.026381 0.231628
v 0.085089 -0.013840 0.233243
v 0.076867 -0.000341 0.244603
v 0.076183 -0.014026 0.243761
v 0.085089 -0.013840 0.233243
v 0.076867 -0.000341 0.244603
v 0.085089 -0.013840 0.233243
v 0.085936 -0.000321 0.233831
v 0.065597 -0.000356 0.253356
v 0.065061 -0.014399 0.252288
v 0.076183 -0.014026 0.243761
v 0.065597 -0.000356 0.253356
v 0.076183 -0.014026 0.243761
v 0.076867 -0.000341 0.244603
v 0.052685 -0.000367 0.259903
v 0.052286 -0.014752 0.258674
v 0.065061 -0.014399 0.252288
v 0.052685 -0.000367 0.259903
v 0.065061 -0.014399 0.252288
v 0.065597 -0.000356 0.253356
v -0.461764 -0.017703 0.248072
v -0.459809 -0.032528 0.257739
v -0.527224 -0.026364 0.277686
v -0.461764 -0.017703 0.248072
v -0.527224 -0.026364 0.277686
v -0.528805 -0.014383 0.269873
v -0.524856 -0.034383 0.289398
v -0.522062 -0.037219 0.303226
v -0.539231 -0.032737 0.306704
v -0.524856 -0.034383 0.289398
v -0.539231 -0.032737 0.306704
v -0.541685 -0.030246 0.294557
v -0.541685 -0.030246 0.294557
v -0.539231 -0.032737 0.306704
v -0.545531 -0.028012 0.307986
v -0.541685 -0.030246 0.294557
v -0.545531 -0.028012 0.307986
v -0.547627 -0.025884 0.297612
v -0.547627 -0.025884 0.297612
v -0.545531 -0.028012 0.307986
v -0.549247 -0.020151 0.308753
v -0.547627 -0.025884 0.297612
v -0.549247 -0.020151 0.308753
v -0.550747 -0.018628 0.301326
v -0.462449 -0.000232 0.244703
v -0.461764 -0.017703 0.248072
v -0.528805 -0.014383 0.269873
v -0.462449 -0.000232 0.244703
v -0.528805 -0.014383 0.269873
v -0.529358 -0.000264 0.267150
v -0.527224 -0.026364 0.277686
v -0.524856 -0.034383 0.289398
v -0.541685 -0.030246 0.294557
v -0.527224 -0.026364 0.277686
v -0.541685 -0.030246 0.294557
v -0.543765 -0.023203 0.284269
v -0.543765 -0.023203 0.284269
v -0.541685 -0.030246 0.294557
v -0.547627 -0.025884 0.297612
v -0.543765 -0.023203 0.284269
v -0.547627 -0.025884 0.297612
v -0.549403 -0.019868 0.288825
v -0.549403 -0.019868 0.288825
v -0.547627 -0.025884 0.297612
v -0.550747 -0.018628 0.301326
v -0.549403 -0.019868 0.288825
v -0.550747 -0.018628 0.301326
v -0.552019 -0.014321 0.295036
v -0.461757 0.017225 0.248143
v -0.462449 -0.000232 0.244703
v -0.529358 -0.000264 0.267150
v -0.461757 0.017225 0.248143
v -0.529358 -0.000264 0.267150
v -0.528799 0.013844 0.269930
v -0.528805 -0.014383 0.269873
v -0.527224 -0.026364 0.277686
v -0.543765 -0.023203 0.284269
v -0.528805 -0.014383 0.269873
v -0.543765 -0.023203 0.284269
v -0.545153 -0.012678 0.277407
v -0.545153 -0.012678 0.277407
v -0.543765 -0.023203 0.284269
v -0.549403 -0.019868 0.288825
v -0.545153 -0.012678 0.277407
v -0.549403 -0.019868 0.288825
v -0.550589 -0.010880 0.282964
v -0.550589 -0.010880 0.282964
v -0.549403 -0.019868 0.288825
v -0.552019 -0.014321 0.295036
v -0.550589 -0.010880 0.282964
v -0.552019 -0.014321 0.295036
v -0.552868 -0.007887 0.290841
v -0.459795 0.032010 0.257869
v -0.461757 0.017225 0.248143
v -0.528799 0.013844 0.269930
v -0.459795 0.032010 0.257869
v -0.528799 0.013844 0.269930
v -0.527213 0.025793 0.277791
v -0.529358 -0.000264 0.267150
v -0.528805 -0.014383 0.269873
v -0.545153 -0.012678 0.277407
v -0.529358 -0.000264 0.267150
v -0.545153 -0.012678 0.277407
v -0.545639 -0.000276 0.275015
v -0.545639 -0.000276 0.275015
v -0.545153 -0.012678 0.277407
v -0.550589 -0.010880 0.282964
v -0.545639 -0.000276 0.275015
v -0.550589 -0.010880 0.282964
v -0.551004 -0.000287 0.280921
v -0.551004 -0.000287 0.280921
v -0.550589 -0.010880 0.282964
v -0.552868 -0.007887 0.290841
v -0.551004 -0.000287 0.280921
v -0.552868 -0.007887 0.290841
v -0.553165 -0.000304 0.289378
v -0.456862 0.041873 0.272401
v -0.459795 0.032010 0.257869
v -0.527213 0.025793 0.277791
v -0.456862 0.041873 0.272401
v -0.527213 0.025793 0.277791
v -0.524843 0.033764 0.289535
v -0.528799 0.013844 0.269930
v -0.529358 -0.000264 0.267150
v -0.545639 -0.000276 0.275015
v -0.528799 0.013844 0.269930
v -0.545639 -0.000276 0.275015
v -0.545148 0.012116 0.277457
v -0.545148 0.012116 0.277457
v -0.545639 -0.000276 0.275015
v -0.551004 -0.000287 0.280921
v -0.545148 0.012116 0.277457
v -0.551004 -0.000287 0.280921
v -0.550585 0.010297 0.283007
v -0.550585 0.010297 0.283007
v -0.551004 -0.000287 0.280921
v -0.553165 -0.000304 0.289378
v -0.550585 0.010297 0.283007
v -0.553165 -0.000304 0.289378
v -0.552864 0.007273 0.290871
v -0.453403 0.045311 0.289526
v -0.456862 0.041873 0.272401
v -0.524843 0.033764 0.289535
v -0.453403 0.045311 0.289526
v -0.524843 0.033764 0.289535
v -0.522047 0.036543 0.303375
v -0.527213 0.025793 0.277791
v -0.528799 0.013844 0.269930
v -0.545148 0.012116 0.277457
v -0.527213 0.025793 0.277791
v -0.545148 0.012116 0.277457
v -0.543755 0.022612 0.284362
v -0.543755 0.022612 0.284362
v -0.545148 0.012116 0.277457
v -0.550585 0.010297 0.283007
v -0.543755 0.022612 0.284362
v -0.550585 0.010297 0.283007
v -0.549396 0.019261 0.288904
v -0.549396 0.019261 0.288904
v -0.550585 0.010297 0.283007
v -0.552864 0.007273 0.290871
v -0.549396 0.019261 0.288904
v -0.552864 0.007273 0.290871
v -0.552013 0.013690 0.295093
v -0.449946 0.041802 0.306637
v -0.453403 0.045311 0.289526
v -0.522047 0.036543 0.303375
v -0.449946 0.041802 0.306637
v -0.522047 0.036543 0.303375
v -0.519253 0.033707 0.317204
v -0.524843 0.033764 0.289535
v -0.527213 0.025793 0.277791
v -0.543755 0.022612 0.284362
v -0.524843 0.033764 0.289535
v -0.543755 0.022612 0.284362
v -0.541673 0.029613 0.294678
v -0.541673 0.029613 0.294678
v -0.543755 0.022612 0.284362
v -0.549396 0.019261 0.288904
v -0.541673 0.029613 0.294678
v -0.549396 0.019261 0.288904
v -0.547617 0.025241 0.297715
v -0.547617 0.025241 0.297715
v -0.549396 0.019261 0.288904
v -0.552013 0.013690 0.295093
v -0.547617 0.025241 0.297715
v -0.552013 0.013690 0.295093
v -0.550740 0.017971 0.301400
v -0.447016 0.031880 0.321129
v -0.449946 0.041802 0.306637
v -0.519253 0.033707 0.317204
v -0.447016 0.031880 0.321129
v -0.519253 0.033707 0.317204
v -0.516886 0.025688 0.328916
v -0.522047 0.036543 0.303375
v -0.524843 0.033764 0.289535
v -0.541673 0.029613 0.294678
v -0.522047 0.036543 0.303375
v -0.541673 0.029613 0.294678
v -0.539218 0.032054 0.306834
v -0.539218 0.032054 0.306834
v -0.541673 0.029613 0.294678
v -0.547617 0.025241 0.297715
v -0.539218 0.032054 0.306834
v -0.547617 0.025241 0.297715
v -0.545520 0.027326 0.308098
v -0.545520 0.027326 0.308098
v -0.547617 0.025241 0.297715
v -0.550740 0.017971 0.301400
v -0.545520 0.027326 0.308098
v -0.550740 0.017971 0.301400
v -0.549239 0.019463 0.308833
v -0.445061 0.017055 0.330796
v -0.447016 0.031880 0.321129
v -0.516886 0.025688 0.328916
v -0.445061 0.017055 0.330796
v -0.516886 0.025688 0.328916
v -0.515305 0.013707 0.336728
v -0.519253 0.033707 0.317204
v -0.522047 0.036543 0.303375
v -0.539218 0.032054 0.306834
v -0.519253 0.033707 0.317204
v -0.539218 0.032054 0.306834
v -0.536763 0.029563 0.318981
v -0.536763 0.029563 0.318981
v -0.539218 0.032054 0.306834
v -0.545520 0.027326 0.308098
v -0.536763 0.029563 0.318981
v -0.545520 0.027326 0.308098
v -0.543424 0.025198 0.318472
v -0.543424 0.025198 0.318472
v -0.545520 0.027326 0.308098
v -0.549239 0.019463 0.308833
v -0.543424 0.025198 0.318472
v -0.549239 0.019463 0.308833
v -0.547738 0.017940 0.316260
v -0.444376 -0.000416 0.334166
v -0.445061 0.017055 0.330796
v -0.515305 0.013707 0.336728
v -0.444376 -0.000416 0.334166
v -0.515305 0.013707 0.336728
v -0.514752 -0.000413 0.339451
v -0.516886 0.025688 0.328916
v -0.519253 0.033707 0.317204
v -0.536763 0.029563 0.318981
v -0.516886 0.025688 0.328916
v -0.536763 0.029563 0.318981
v -0.534684 0.022519 0.329269
v -0.534684 0.022519 0.329269
v -0.536763 0.029563 0.318981
v -0.543424 0.025198 0.318472
v -0.534684 0.022519 0.329269
v -0.543424 0.025198 0.318472
v -0.541648 0.019182 0.327259
v -0.541648 0.019182 0.327259
v -0.543424 0.025198 0.318472
v -0.547738 0.017940 0.316260
v -0.541648 0.019182 0.327259
v -0.547738 0.017940 0.316260
v -0.546466 0.013634 0.322549
v -0.445068 -0.017873 0.330726
v -0.444376 -0.000416 0.334166
v -0.514752 -0.000413 0.339451
v -0.445068 -0.017873 0.330726
v -0.514752 -0.000413 0.339451
v -0.515311 -0.014521 0.336671
v -0.515305 0.013707 0.336728
v -0.516886 0.025688 0.328916
v -0.534684 0.022519 0.329269
v -0.515305 0.013707 0.336728
v -0.534684 0.022519 0.329269
v -0.533295 0.011995 0.336131
v -0.533295 0.011995 0.336131
v -0.534684 0.022519 0.329269
v -0.541648 0.019182 0.327259
v -0.533295 0.011995 0.336131
v -0.541648 0.019182 0.327259
v -0.540462 0.010194 0.333120
v -0.540462 0.010194 0.333120
v -0.541648 0.019182 0.327259
v -0.546466 0.013634 0.322549
v -0.540462 0.010194 0.333120
v -0.546466 0.013634 0.322549
v -0.545618 0.007199 0.326745
v -0.447029 -0.032658 0.320999
v -0.445068 -0.017873 0.330726
v -0.515311 -0.014521 0.336671
v -0.447029 -0.032658 0.320999
v -0.515311 -0.014521 0.336671
v -0.516896 -0.026470 0.328810
v -0.514752 -0.000413 0.339451
v -0.515305 0.013707 0.336728
v -0.533295 0.011995 0.336131
v -0.514752 -0.000413 0.339451
v -0.533295 0.011995 0.336131
v -0.532810 -0.000407 0.338523
v -0.532810 -0.000407 0.338523
v -0.533295 0.011995 0.336131
v -0.540462 0.010194 0.333120
v -0.532810 -0.000407 0.338523
v -0.540462 0.010194 0.333120
v -0.540047 -0.000399 0.335163
v -0.540047 -0.000399 0.335163
v -0.540462 0.010194 0.333120
v -0.545618 0.007199 0.326745
v -0.540047 -0.000399 0.335163
v -0.545618 0.007199 0.326745
v -0.545321 -0.000384 0.328208
v -0.449963 -0.042521 0.306467
v -0.447029 -0.032658 0.320999
v -0.516896 -0.026470 0.328810
v -0.449963 -0.042521 0.306467
v -0.516896 -0.026470 0.328810
v -0.519267 -0.034440 0.317066
v -0.515311 -0.014521 0.336671
v -0.514752 -0.000413 0.339451
v -0.532810 -0.000407 0.338523
v -0.515311 -0.014521 0.336671
v -0.532810 -0.000407 0.338523
v -0.533300 -0.012799 0.336081
v -0.533300 -0.012799 0.336081
v -0.532810 -0.000407 0.338523
v -0.540047 -0.000399 0.335163
v -0.533300 -0.012799 0.336081
v -0.540047 -0.000399 0.335163
v -0.540466 -0.010983 0.333077
v -0.540466 -0.010983 0.333077
v -0.540047 -0.000399 0.335163
v -0.545321 -0.000384 0.328208
v -0.540466 -0.010983 0.333077
v -0.545321 -0.000384 0.328208
v -0.545621 -0.007960 0.326714
v -0.453422 -0.045959 0.289342
v -0.449963 -0.042521 0.306467
v -0.519267 -0.034440 0.317066
v -0.453422 -0.045959 0.289342
v -0.519267 -0.034440 0.317066
v -0.522062 -0.037219 0.303226
v -0.516896 -0.026470 0.328810
v -0.515311 -0.014521 0.336671
v -0.533300 -0.012799 0.336081
v -0.516896 -0.026470 0.328810
v -0.533300 -0.012799 0.336081
v -0.534693 -0.023295 0.329176
v -0.534693 -0.023295 0.329176
v -0.533300 -0.012799 0.336081
v -0.540466 -0.010983 0.333077
v -0.534693 -0.023295 0.329176
v -0.540466 -0.010983 0.333077
v -0.541655 -0.019947 0.327180
v -0.541655 -0.019947 0.327180
v -0.540466 -0.010983 0.333077
v -0.545621 -0.007960 0.326714
v -0.541655 -0.019947 0.327180
v -0.545621 -0.007960 0.326714
v -0.546472 -0.014378 0.322493
v -0.519267 -0.034440 0.317066
v -0.516896 -0.026470 0.328810
v -0.534693 -0.023295 0.329176
v -0.519267 -0.034440 0.317066
v -0.534693 -0.023295 0.329176
v -0.536775 -0.030296 0.318860
v -0.536775 -0.030296 0.318860
v -0.534693 -0.023295 0.329176
v -0.541655 -0.019947 0.327180
v -0.536775 -0.030296 0.318860
v -0.541655 -0.019947 0.327180
v -0.543434 -0.025927 0.318369
v -0.543434 -0.025927 0.318369
v -0.541655 -0.019947 0.327180
v -0.546472 -0.014378 0.322493
v -0.543434 -0.025927 0.318369
v -0.546472 -0.014378 0.322493
v -0.547745 -0.018658 0.316186
v -0.522062 -0.037219 0.303226
v -0.519267 -0.034440 0.317066
v -0.536775 -0.030296 0.318860
v -0.522062 -0.037219 0.303226
v -0.536775 -0.030296 0.318860
v -0.539231 -0.032737 0.306704
v -0.539231 -0.032737 0.306704
v -0.536775 -0.030296 0.318860
v -0.543434 -0.025927 0.318369
v -0.539231 -0.032737 0.306704
v -0.543434 -0.025927 0.318369
v -0.545531 -0.028012 0.307986
v -0.545531 -0.028012 0.307986
v -0.543434 -0.025927 0.318369
v -0.547745 -0.018658 0.316186
v -0.545531 -0.028012 0.307986
v -0.547745 -0.018658 0.316186
v -0.549247 -0.020151 0.308753
v -0.459809 -0.032528 0.257739
v -0.456879 -0.042450 0.272231
v -0.524856 -0.034383 0.289398
v -0.459809 -0.032528 0.257739
v -0.524856 -0.034383 0.289398
v -0.527224 -0.026364 0.277686
v -0.550747 -0.018628 0.301326
v -0.549247 -0.020151 0.308753
v -0.547745 -0.018658 0.316186
v -0.550747 -0.018628 0.301326
v -0.547745 -0.018658 0.316186
v -0.546472 -0.014378 0.322493
v -0.550747 -0.018628 0.301326
v -0.546472 -0.014378 0.322493
v -0.545621 -0.007960 0.326714
v -0.550747 -0.018628 0.301326
v -0.545621 -0.007960 0.326714
v -0.545321 -0.000384 0.328208
v -0.550747 -0.018628 0.301326
v -0.545321 -0.000384 0.328208
v -0.545618 0.007199 0.326745
v -0.550747 -0.018628 0.301326
v -0.545618 0.007199 0.326745
v -0.546466 0.013634 0.322549
v -0.550747 -0.018628 0.301326
v -0.546466 0.013634 0.322549
v -0.547738 0.017940 0.316260
v -0.550747 -0.018628 0.301326
v -0.547738 0.017940 0.316260
v -0.549239 0.019463 0.308833
v -0.550747 -0.018628 0.301326
v -0.549239 0.019463 0.308833
v -0.550740 0.017971 0.301400
v -0.550747 -0.018628 0.301326
v -0.550740 0.017971 0.301400
v -0.552013 0.013690 0.295093
v -0.550747 -0.018628 0.301326
v -0.552013 0.013690 0.295093
v -0.552864 0.007273 0.290871
v -0.550747 -0.018628 0.301326
v -0.552864 0.007273 0.290871
v -0.553165 -0.000304 0.289378
v -0.550747 -0.018628 0.301326
v -0.553165 -0.000304 0.289378
v -0.552868 -0.007887 0.290841
v -0.550747 -0.018628 0.301326
v -0.552868 -0.007887 0.290841
v -0.552019 -0.014321 0.295036
v -0.026922 -0.093473 0.163653
v -0.013260 -0.089316 0.162659
v -0.005949 -0.096737 0.198844
v -0.026922 -0.093473 0.163653
v -0.005949 -0.096737 0.198844
v -0.019270 -0.101240 0.201525
v -0.013260 -0.089316 0.162659
v -0.002161 -0.074374 0.166766
v 0.003924 -0.080550 0.196883
v -0.013260 -0.089316 0.162659
v 0.003924 -0.080550 0.196883
v -0.005949 -0.096737 0.198844
v -0.002161 -0.074374 0.166766
v 0.002706 -0.057344 0.173020
v 0.007394 -0.062102 0.196220
v -0.002161 -0.074374 0.166766
v 0.007394 -0.062102 0.196220
v 0.003924 -0.080550 0.196883
v -0.033406 -0.071512 0.131578
v -0.019455 -0.068333 0.132013
v -0.013260 -0.089316 0.162659
v -0.033406 -0.071512 0.131578
v -0.013260 -0.089316 0.162659
v -0.026922 -0.093473 0.163653
v -0.019455 -0.068333 0.132013
v -0.007317 -0.056910 0.141259
v -0.002161 -0.074374 0.166766
v -0.019455 -0.068333 0.132013
v -0.002161 -0.074374 0.166766
v -0.013260 -0.089316 0.162659
v -0.007317 -0.056910 0.141259
v -0.001266 -0.043891 0.153372
v 0.002706 -0.057344 0.173020
v -0.007317 -0.056910 0.141259
v 0.002706 -0.057344 0.173020
v -0.002161 -0.074374 0.166766
v -0.037735 -0.038699 0.110183
v -0.023591 -0.036982 0.111570
v -0.019455 -0.068333 0.132013
v -0.037735 -0.038699 0.110183
v -0.019455 -0.068333 0.132013
v -0.033406 -0.071512 0.131578
v -0.023591 -0.036982 0.111570
v -0.010759 -0.030817 0.124245
v -0.007317 -0.056910 0.141259
v -0.023591 -0.036982 0.111570
v -0.007317 -0.056910 0.141259
v -0.019455 -0.068333 0.132013
v -0.010759 -0.030817 0.124245
v -0.003917 -0.023791 0.140266
v -0.001266 -0.043891 0.153372
v -0.010759 -0.030817 0.124245
v -0.001266 -0.043891 0.153372
v -0.007317 -0.056910 0.141259
v -0.039250 -0.000031 0.102724
v -0.025038 -0.000037 0.104445
v -0.023591 -0.036982 0.111570
v -0.039250 -0.000031 0.102724
v -0.023591 -0.036982 0.111570
v -0.037735 -0.038699 0.110183
v -0.025038 -0.000037 0.104445
v -0.011964 -0.000068 0.118315
v -0.010759 -0.030817 0.124245
v -0.025038 -0.000037 0.104445
v -0.010759 -0.030817 0.124245
v -0.023591 -0.036982 0.111570
v -0.011964 -0.000068 0.118315
v -0.004845 -0.000104 0.135697
v -0.003917 -0.023791 0.140266
v -0.011964 -0.000068 0.118315
v -0.003917 -0.023791 0.140266
v -0.010759 -0.030817 0.124245
v -0.037720 0.038607 0.110339
v -0.023576 0.036879 0.111720
v -0.025038 -0.000037 0.104445
v -0.037720 0.038607 0.110339
v -0.025038 -0.000037 0.104445
v -0.039250 -0.000031 0.102724
v -0.023576 0.036879 0.111720
v -0.010747 0.030657 0.124370
v -0.011964 -0.000068 0.118315
v -0.023576 0.036879 0.111720
v -0.011964 -0.000068 0.118315
v -0.025038 -0.000037 0.104445
v -0.010747 0.030657 0.124370
v -0.003908 0.023564 0.140361
v -0.004845 -0.000104 0.135697
v -0.010747 0.030657 0.124370
v -0.004845 -0.000104 0.135697
v -0.011964 -0.000068 0.118315
v -0.033378 0.071331 0.131866
v -0.019427 0.068145 0.132288
v -0.023576 0.036879 0.111720
v -0.033378 0.071331 0.131866
v -0.023576 0.036879 0.111720
v -0.037720 0.038607 0.110339
v -0.019427 0.068145 0.132288
v -0.007294 0.056680 0.141489
v -0.010747 0.030657 0.124370
v -0.019427 0.068145 0.132288
v -0.010747 0.030657 0.124370
v -0.023576 0.036879 0.111720
v -0.007294 0.056680 0.141489
v -0.001248 0.043610 0.153549
v -0.003908 0.023564 0.140361
v -0.007294 0.056680 0.141489
v -0.003908 0.023564 0.140361
v -0.010747 0.030657 0.124370
v -0.026885 0.093160 0.164030
v -0.013224 0.089002 0.163019
v -0.019427 0.068145 0.132288
v -0.026885 0.093160 0.164030
v -0.019427 0.068145 0.132288
v -0.033378 0.071331 0.131866
v -0.013224 0.089002 0.163019
v -0.002131 0.074039 0.167066
v -0.007294 0.056680 0.141489
v -0.013224 0.089002 0.163019
v -0.007294 0.056680 0.141489
v -0.019427 0.068145 0.132288
v -0.002131 0.074039 0.167066
v 0.002729 0.056982 0.173251
v -0.001248 0.043610 0.153549
v -0.002131 0.074039 0.167066
v -0.001248 0.043610 0.153549
v -0.007294 0.056680 0.141489
v -0.019229 0.100770 0.201933
v -0.005910 0.096273 0.199233
v -0.013224 0.089002 0.163019
v -0.019229 0.100770 0.201933
v -0.013224 0.089002 0.163019
v -0.026885 0.093160 0.164030
v -0.005910 0.096273 0.199233
v 0.003957 0.080091 0.197207
v -0.002131 0.074039 0.167066
v -0.005910 0.096273 0.199233
v -0.002131 0.074039 0.167066
v -0.013224 0.089002 0.163019
v 0.003957 0.080091 0.197207
v 0.007419 0.061644 0.196470
v 0.002729 0.056982 0.173251
v 0.003957 0.080091 0.197207
v 0.002729 0.056982 0.173251
v -0.002131 0.074039 0.167066
v -0.011577 0.093004 0.239805
v 0.001402 0.088852 0.235418
v -0.005910 0.096273 0.199233
v -0.011577 0.093004 0.239805
v -0.005910 0.096273 0.199233
v -0.019229 0.100770 0.201933
v 0.001402 0.088852 0.235418
v 0.010042 0.073915 0.227323
v 0.003957 0.080091 0.197207
v 0.001402 0.088852 0.235418
v 0.003957 0.080091 0.197207
v -0.005910 0.096273 0.199233
v 0.010042 0.073915 0.227323
v 0.012106 0.056886 0.219669
v 0.007419 0.061644 0.196470
v 0.010042 0.073915 0.227323
v 0.007419 0.061644 0.196470
v 0.003957 0.080091 0.197207
v -0.005093 0.071042 0.271881
v 0.007597 0.067870 0.266064
v 0.001402 0.088852 0.235418
v -0.005093 0.071042 0.271881
v 0.001402 0.088852 0.235418
v -0.011577 0.093004 0.239805
v 0.007597 0.067870 0.266064
v 0.015198 0.056451 0.252830
v 0.010042 0.073915 0.227323
v 0.007597 0.067870 0.266064
v 0.010042 0.073915 0.227323
v 0.001402 0.088852 0.235418
v 0.015198 0.056451 0.252830
v 0.016078 0.043433 0.239317
v 0.012106 0.056886 0.219669
v 0.015198 0.056451 0.252830
v 0.012106 0.056886 0.219669
v 0.010042 0.073915 0.227323
v -0.000764 0.038230 0.293276
v 0.011733 0.036519 0.286506
v 0.007597 0.067870 0.266064
v -0.000764 0.038230 0.293276
v 0.007597 0.067870 0.266064
v -0.005093 0.071042 0.271881
v 0.011733 0.036519 0.286506
v 0.018640 0.030358 0.269844
v 0.015198 0.056451 0.252830
v 0.011733 0.036519 0.286506
v 0.015198 0.056451 0.252830
v 0.007597 0.067870 0.266064
v 0.018640 0.030358 0.269844
v 0.018730 0.023333 0.252423
v 0.016078 0.043433 0.239317
v 0.018640 0.030358 0.269844
v 0.016078 0.043433 0.239317
v 0.015198 0.056451 0.252830
v 0.000750 -0.000439 0.300734
v 0.013180 -0.000427 0.293632
v 0.011733 0.036519 0.286506
v 0.000750 -0.000439 0.300734
v 0.011733 0.036519 0.286506
v -0.000764 0.038230 0.293276
v 0.013180 -0.000427 0.293632
v 0.019845 -0.000392 0.275775
v 0.018640 0.030358 0.269844
v 0.013180 -0.000427 0.293632
v 0.018640 0.030358 0.269844
v 0.011733 0.036519 0.286506
v 0.019845 -0.000392 0.275775
v 0.019658 -0.000354 0.256992
v 0.018730 0.023333 0.252423
v 0.019845 -0.000392 0.275775
v 0.018730 0.023333 0.252423
v 0.018640 0.030358 0.269844
v -0.000780 -0.039076 0.293120
v 0.011718 -0.037343 0.286357
v 0.013180 -0.000427 0.293632
v -0.000780 -0.039076 0.293120
v 0.013180 -0.000427 0.293632
v 0.000750 -0.000439 0.300734
v 0.011718 -0.037343 0.286357
v 0.018628 -0.031117 0.269720
v 0.019845 -0.000392 0.275775
v 0.011718 -0.037343 0.286357
v 0.019845 -0.000392 0.275775
v 0.013180 -0.000427 0.293632
v 0.018628 -0.031117 0.269720
v 0.018720 -0.024022 0.252328
v 0.019658 -0.000354 0.256992
v 0.018628 -0.031117 0.269720
v 0.019658 -0.000354 0.256992
v 0.019845 -0.000392 0.275775
v -0.005122 -0.071800 0.271592
v 0.007569 -0.068609 0.265789
v 0.011718 -0.037343 0.286357
v -0.005122 -0.071800 0.271592
v 0.011718 -0.037343 0.286357
v -0.000780 -0.039076 0.293120
v 0.007569 -0.068609 0.265789
v 0.015175 -0.057140 0.252601
v 0.018628 -0.031117 0.269720
v 0.007569 -0.068609 0.265789
v 0.018628 -0.031117 0.269720
v 0.011718 -0.037343 0.286357
v 0.015175 -0.057140 0.252601
v 0.016060 -0.044068 0.239141
v 0.018720 -0.024022 0.252328
v 0.015175 -0.057140 0.252601
v 0.018720 -0.024022 0.252328
v 0.018628 -0.031117 0.269720
v -0.011615 -0.093629 0.239429
v 0.001366 -0.089465 0.235058
v 0.007569 -0.068609 0.265789
v -0.011615 -0.093629 0.239429
v 0.007569 -0.068609 0.265789
v -0.005122 -0.071800 0.271592
v 0.001366 -0.089465 0.235058
v 0.010012 -0.074498 0.227024
v 0.015175 -0.057140 0.252601
v 0.001366 -0.089465 0.235058
v 0.015175 -0.057140 0.252601
v 0.007569 -0.068609 0.265789
v 0.010012 -0.074498 0.227024
v 0.012083 -0.057440 0.219438
v 0.016060 -0.044068 0.239141
v 0.010012 -0.074498 0.227024
v 0.016060 -0.044068 0.239141
v 0.015175 -0.057140 0.252601
v -0.019270 -0.101240 0.201525
v -0.005949 -0.096737 0.198844
v 0.001366 -0.089465 0.235058
v -0.019270 -0.101240 0.201525
v 0.001366 -0.089465 0.235058
v -0.011615 -0.093629 0.239429
v -0.005949 -0.096737 0.198844
v 0.003924 -0.080550 0.196883
v 0.010012 -0.074498 0.227024
v -0.005949 -0.096737 0.198844
v 0.010012 -0.074498 0.227024
v 0.001366 -0.089465 0.235058
v 0.003924 -0.080550 0.196883
v 0.007394 -0.062102 0.196220
v 0.012083 -0.057440 0.219438
v 0.003924 -0.080550 0.196883
v 0.012083 -0.057440 0.219438
v 0.010012 -0.074498 0.227024
v 0.002706 -0.057344 0.173020
v -0.001266 -0.043891 0.153372
v -0.003917 -0.023791 0.140266
v 0.002706 -0.057344 0.173020
v -0.003917 -0.023791 0.140266
v -0.004845 -0.000104 0.135697
v 0.002706 -0.057344 0.173020
v -0.004845 -0.000104 0.135697
v -0.003908 0.023564 0.140361
v 0.002706 -0.057344 0.173020
v -0.003908 0.023564 0.140361
v -0.001248 0.043610 0.153549
v 0.002706 -0.057344 0.173020
v -0.001248 0.043610 0.153549
v 0.002729 0.056982 0.173251
v 0.002706 -0.057344 0.173020
v 0.002729 0.056982 0.173251
v 0.007419 0.061644 0.196470
v 0.002706 -0.057344 0.173020
v 0.007419 0.061644 0.196470
v 0.012106 0.056886 0.219669
v 0.002706 -0.057344 0.173020
v 0.012106 0.056886 0.219669
v 0.016078 0.043433 0.239317
v 0.002706 -0.057344 0.173020
v 0.016078 0.043433 0.239317
v 0.018730 0.023333 0.252423
v 0.002706 -0.057344 0.173020
v 0.018730 0.023333 0.252423
v 0.019658 -0.000354 0.256992
v 0.002706 -0.057344 0.173020
v 0.019658 -0.000354 0.256992
v 0.018720 -0.024022 0.252328
v 0.002706 -0.057344 0.173020
v 0.018720 -0.024022 0.252328
v 0.016060 -0.044068 0.239141
v 0.002706 -0.057344 0.173020
v 0.016060 -0.044068 0.239141
v 0.012083 -0.057440 0.219438
v 0.002706 -0.057344 0.173020
v 0.012083 -0.057440 0.219438
v 0.007394 -0.062102 0.196220
v -0.456879 -0.042450 0.272231
v -0.453422 -0.045959 0.289342
v -0.522062 -0.037219 0.303226
v -0.456879 -0.042450 0.272231
v -0.522062 -0.037219 0.303226
v -0.524856 -0.034383 0.289398
v -0.026922 -0.093473 0.163653
v -0.019270 -0.101240 0.201525
v -0.106101 -0.090183 0.219089
v -0.026922 -0.093473 0.163653
v -0.106101 -0.090183 0.219089
v -0.112914 -0.083268 0.185369
v -0.112914 -0.083268 0.185369
v -0.106101 -0.090183 0.219089
v -0.192931 -0.079127 0.236652
v -0.112914 -0.083268 0.185369
v -0.192931 -0.079127 0.236652
v -0.198905 -0.073064 0.207084
v -0.198905 -0.073064 0.207084
v -0.192931 -0.079127 0.236652
v -0.279761 -0.068071 0.254215
v -0.198905 -0.073064 0.207084
v -0.279761 -0.068071 0.254215
v -0.284896 -0.062859 0.228800
v -0.284896 -0.062859 0.228800
v -0.279761 -0.068071 0.254215
v -0.366591 -0.057015 0.271779
v -0.284896 -0.062859 0.228800
v -0.366591 -0.057015 0.271779
v -0.370888 -0.052655 0.250516
v -0.370888 -0.052655 0.250516
v -0.366591 -0.057015 0.271779
v -0.453422 -0.045959 0.289342
v -0.370888 -0.052655 0.250516
v -0.453422 -0.045959 0.289342
v -0.456879 -0.042450 0.272231
v -0.033406 -0.071512 0.131578
v -0.026922 -0.093473 0.163653
v -0.112914 -0.083268 0.185369
v -0.033406 -0.071512 0.131578
v -0.112914 -0.083268 0.185369
v -0.118687 -0.063715 0.156810
v -0.118687 -0.063715 0.156810
v -0.112914 -0.083268 0.185369
v -0.198905 -0.073064 0.207084
v -0.118687 -0.063715 0.156810
v -0.198905 -0.073064 0.207084
v -0.203967 -0.055918 0.182042
v -0.203967 -0.055918 0.182042
v -0.198905 -0.073064 0.207084
v -0.284896 -0.062859 0.228800
v -0.203967 -0.055918 0.182042
v -0.284896 -0.062859 0.228800
v -0.289248 -0.048121 0.207275
v -0.289248 -0.048121 0.207275
v -0.284896 -0.062859 0.228800
v -0.370888 -0.052655 0.250516
v -0.289248 -0.048121 0.207275
v -0.370888 -0.052655 0.250516
v -0.374528 -0.040324 0.232507
v -0.374528 -0.040324 0.232507
v -0.370888 -0.052655 0.250516
v -0.456879 -0.042450 0.272231
v -0.374528 -0.040324 0.232507
v -0.456879 -0.042450 0.272231
v -0.459809 -0.032528 0.257739
v -0.019270 -0.101240 0.201525
v -0.011615 -0.093629 0.239429
v -0.099285 -0.083407 0.252836
v -0.019270 -0.101240 0.201525
v -0.099285 -0.083407 0.252836
v -0.106101 -0.090183 0.219089
v -0.106101 -0.090183 0.219089
v -0.099285 -0.083407 0.252836
v -0.186954 -0.073186 0.266244
v -0.106101 -0.090183 0.219089
v -0.186954 -0.073186 0.266244
v -0.192931 -0.079127 0.236652
v -0.192931 -0.079127 0.236652
v -0.186954 -0.073186 0.266244
v -0.274624 -0.062964 0.279652
v -0.192931 -0.079127 0.236652
v -0.274624 -0.062964 0.279652
v -0.279761 -0.068071 0.254215
v -0.279761 -0.068071 0.254215
v -0.274624 -0.062964 0.279652
v -0.362293 -0.052742 0.293059
v -0.279761 -0.068071 0.254215
v -0.362293 -0.052742 0.293059
v -0.366591 -0.057015 0.271779
v -0.366591 -0.057015 0.271779
v -0.362293 -0.052742 0.293059
v -0.449963 -0.042521 0.306467
v -0.366591 -0.057015 0.271779
v -0.449963 -0.042521 0.306467
v -0.453422 -0.045959 0.289342
v -0.011615 -0.093629 0.239429
v -0.005122 -0.071800 0.271592
v -0.093504 -0.063972 0.281474
v -0.011615 -0.093629 0.239429
v -0.093504 -0.063972 0.281474
v -0.099285 -0.083407 0.252836
v -0.099285 -0.083407 0.252836
v -0.093504 -0.063972 0.281474
v -0.181885 -0.056143 0.291355
v -0.099285 -0.083407 0.252836
v -0.181885 -0.056143 0.291355
v -0.186954 -0.073186 0.266244
v -0.186954 -0.073186 0.266244
v -0.181885 -0.056143 0.291355
v -0.270267 -0.048315 0.301236
v -0.186954 -0.073186 0.266244
v -0.270267 -0.048315 0.301236
v -0.274624 -0.062964 0.279652
v -0.274624 -0.062964 0.279652
v -0.270267 -0.048315 0.301236
v -0.358648 -0.040486 0.311118
v -0.274624 -0.062964 0.279652
v -0.358648 -0.040486 0.311118
v -0.362293 -0.052742 0.293059
v -0.362293 -0.052742 0.293059
v -0.358648 -0.040486 0.311118
v -0.447029 -0.032658 0.320999
v -0.362293 -0.052742 0.293059
v -0.447029 -0.032658 0.320999
v -0.449963 -0.042521 0.306467
v -0.005122 -0.071800 0.271592
v -0.000780 -0.039076 0.293120
v -0.089638 -0.034835 0.300641
v -0.005122 -0.071800 0.271592
v -0.089638 -0.034835 0.300641
v -0.093504 -0.063972 0.281474
v -0.093504 -0.063972 0.281474
v -0.089638 -0.034835 0.300641
v -0.178495 -0.030595 0.308162
v -0.093504 -0.063972 0.281474
v -0.178495 -0.030595 0.308162
v -0.181885 -0.056143 0.291355
v -0.181885 -0.056143 0.291355
v -0.178495 -0.030595 0.308162
v -0.267353 -0.026354 0.315683
v -0.181885 -0.056143 0.291355
v -0.267353 -0.026354 0.315683
v -0.270267 -0.048315 0.301236
v -0.270267 -0.048315 0.301236
v -0.267353 -0.026354 0.315683
v -0.356210 -0.022114 0.323204
v -0.270267 -0.048315 0.301236
v -0.356210 -0.022114 0.323204
v -0.358648 -0.040486 0.311118
v -0.358648 -0.040486 0.311118
v -0.356210 -0.022114 0.323204
v -0.445068 -0.017873 0.330726
v -0.358648 -0.040486 0.311118
v -0.445068 -0.017873 0.330726
v -0.447029 -0.032658 0.320999
v -0.000780 -0.039076 0.293120
v 0.000750 -0.000439 0.300734
v -0.088275 -0.000434 0.307421
v -0.000780 -0.039076 0.293120
v -0.088275 -0.000434 0.307421
v -0.089638 -0.034835 0.300641
v -0.089638 -0.034835 0.300641
v -0.088275 -0.000434 0.307421
v -0.177300 -0.000430 0.314107
v -0.089638 -0.034835 0.300641
v -0.177300 -0.000430 0.314107
v -0.178495 -0.030595 0.308162
v -0.178495 -0.030595 0.308162
v -0.177300 -0.000430 0.314107
v -0.266326 -0.000425 0.320793
v -0.178495 -0.030595 0.308162
v -0.266326 -0.000425 0.320793
v -0.267353 -0.026354 0.315683
v -0.267353 -0.026354 0.315683
v -0.266326 -0.000425 0.320793
v -0.355351 -0.000421 0.327480
v -0.267353 -0.026354 0.315683
v -0.355351 -0.000421 0.327480
v -0.356210 -0.022114 0.323204
v -0.356210 -0.022114 0.323204
v -0.355351 -0.000421 0.327480
v -0.444376 -0.000416 0.334166
v -0.356210 -0.022114 0.323204
v -0.444376 -0.000416 0.334166
v -0.445068 -0.017873 0.330726
v 0.000750 -0.000439 0.300734
v -0.000764 0.038230 0.293276
v -0.089624 0.033995 0.300780
v 0.000750 -0.000439 0.300734
v -0.089624 0.033995 0.300780
v -0.088275 -0.000434 0.307421
v -0.088275 -0.000434 0.307421
v -0.089624 0.033995 0.300780
v -0.178483 0.029760 0.308284
v -0.088275 -0.000434 0.307421
v -0.178483 0.029760 0.308284
v -0.177300 -0.000430 0.314107
v -0.177300 -0.000430 0.314107
v -0.178483 0.029760 0.308284
v -0.267342 0.025525 0.315788
v -0.177300 -0.000430 0.314107
v -0.267342 0.025525 0.315788
v -0.266326 -0.000425 0.320793
v -0.266326 -0.000425 0.320793
v -0.267342 0.025525 0.315788
v -0.356201 0.021290 0.323292
v -0.266326 -0.000425 0.320793
v -0.356201 0.021290 0.323292
v -0.355351 -0.000421 0.327480
v -0.355351 -0.000421 0.327480
v -0.356201 0.021290 0.323292
v -0.445061 0.017055 0.330796
v -0.355351 -0.000421 0.327480
v -0.445061 0.017055 0.330796
v -0.444376 -0.000416 0.334166
v -0.000764 0.038230 0.293276
v -0.005093 0.071042 0.271881
v -0.093478 0.063210 0.281731
v -0.000764 0.038230 0.293276
v -0.093478 0.063210 0.281731
v -0.089624 0.033995 0.300780
v -0.089624 0.033995 0.300780
v -0.093478 0.063210 0.281731
v -0.181863 0.055377 0.291580
v -0.089624 0.033995 0.300780
v -0.181863 0.055377 0.291580
v -0.178483 0.029760 0.308284
v -0.178483 0.029760 0.308284
v -0.181863 0.055377 0.291580
v -0.270247 0.047545 0.301430
v -0.178483 0.029760 0.308284
v -0.270247 0.047545 0.301430
v -0.267342 0.025525 0.315788
v -0.267342 0.025525 0.315788
v -0.270247 0.047545 0.301430
v -0.358632 0.039712 0.311280
v -0.267342 0.025525 0.315788
v -0.358632 0.039712 0.311280
v -0.356201 0.021290 0.323292
v -0.356201 0.021290 0.323292
v -0.358632 0.039712 0.311280
v -0.447016 0.031880 0.321129
v -0.356201 0.021290 0.323292
v -0.447016 0.031880 0.321129
v -0.445061 0.017055 0.330796
v -0.005093 0.071042 0.271881
v -0.011577 0.093004 0.239805
v -0.099251 0.082763 0.253172
v -0.005093 0.071042 0.271881
v -0.099251 0.082763 0.253172
v -0.093478 0.063210 0.281731
v -0.093478 0.063210 0.281731
v -0.099251 0.082763 0.253172
v -0.186925 0.072523 0.266538
v -0.093478 0.063210 0.281731
v -0.186925 0.072523 0.266538
v -0.181863 0.055377 0.291580
v -0.181863 0.055377 0.291580
v -0.186925 0.072523 0.266538
v -0.274599 0.062283 0.279905
v -0.181863 0.055377 0.291580
v -0.274599 0.062283 0.279905
v -0.270247 0.047545 0.301430
v -0.270247 0.047545 0.301430
v -0.274599 0.062283 0.279905
v -0.362272 0.052042 0.293271
v -0.270247 0.047545 0.301430
v -0.362272 0.052042 0.293271
v -0.358632 0.039712 0.311280
v -0.358632 0.039712 0.311280
v -0.362272 0.052042 0.293271
v -0.449946 0.041802 0.306637
v -0.358632 0.039712 0.311280
v -0.449946 0.041802 0.306637
v -0.447016 0.031880 0.321129
v -0.011577 0.093004 0.239805
v -0.019229 0.100770 0.201933
v -0.106064 0.089679 0.219452
v -0.011577 0.093004 0.239805
v -0.106064 0.089679 0.219452
v -0.099251 0.082763 0.253172
v -0.099251 0.082763 0.253172
v -0.106064 0.089679 0.219452
v -0.192899 0.078587 0.236971
v -0.099251 0.082763 0.253172
v -0.192899 0.078587 0.236971
v -0.186925 0.072523 0.266538
v -0.186925 0.072523 0.266538
v -0.192899 0.078587 0.236971
v -0.279734 0.067495 0.254489
v -0.186925 0.072523 0.266538
v -0.279734 0.067495 0.254489
v -0.274599 0.062283 0.279905
v -0.274599 0.062283 0.279905
v -0.279734 0.067495 0.254489
v -0.366569 0.056403 0.272008
v -0.274599 0.062283 0.279905
v -0.366569 0.056403 0.272008
v -0.362272 0.052042 0.293271
v -0.362272 0.052042 0.293271
v -0.366569 0.056403 0.272008
v -0.453403 0.045311 0.289526
v -0.362272 0.052042 0.293271
v -0.453403 0.045311 0.289526
v -0.449946 0.041802 0.306637
v -0.019229 0.100770 0.201933
v -0.026885 0.093160 0.164030
v -0.112880 0.082902 0.185704
v -0.019229 0.100770 0.201933
v -0.112880 0.082902 0.185704
v -0.106064 0.089679 0.219452
v -0.106064 0.089679 0.219452
v -0.112880 0.082902 0.185704
v -0.198876 0.072645 0.207379
v -0.106064 0.089679 0.219452
v -0.198876 0.072645 0.207379
v -0.192899 0.078587 0.236971
v -0.192899 0.078587 0.236971
v -0.198876 0.072645 0.207379
v -0.284871 0.062388 0.229053
v -0.192899 0.078587 0.236971
v -0.284871 0.062388 0.229053
v -0.279734 0.067495 0.254489
v -0.279734 0.067495 0.254489
v -0.284871 0.062388 0.229053
v -0.370867 0.052130 0.250727
v -0.279734 0.067495 0.254489
v -0.370867 0.052130 0.250727
v -0.366569 0.056403 0.272008
v -0.366569 0.056403 0.272008
v -0.370867 0.052130 0.250727
v -0.456862 0.041873 0.272401
v -0.366569 0.056403 0.272008
v -0.456862 0.041873 0.272401
v -0.453403 0.045311 0.289526
v -0.026885 0.093160 0.164030
v -0.033378 0.071331 0.131866
v -0.118661 0.063467 0.157067
v -0.026885 0.093160 0.164030
v -0.118661 0.063467 0.157067
v -0.112880 0.082902 0.185704
v -0.112880 0.082902 0.185704
v -0.118661 0.063467 0.157067
v -0.203945 0.055603 0.182268
v -0.112880 0.082902 0.185704
v -0.203945 0.055603 0.182268
v -0.198876 0.072645 0.207379
v -0.198876 0.072645 0.207379
v -0.203945 0.055603 0.182268
v -0.289228 0.047738 0.207468
v -0.198876 0.072645 0.207379
v -0.289228 0.047738 0.207468
v -0.284871 0.062388 0.229053
v -0.284871 0.062388 0.229053
v -0.289228 0.047738 0.207468
v -0.374512 0.039874 0.232669
v -0.284871 0.062388 0.229053
v -0.374512 0.039874 0.232669
v -0.370867 0.052130 0.250727
v -0.370867 0.052130 0.250727
v -0.374512 0.039874 0.232669
v -0.459795 0.032010 0.257869
v -0.370867 0.052130 0.250727
v -0.459795 0.032010 0.257869
v -0.456862 0.041873 0.272401
v -0.033378 0.071331 0.131866
v -0.037720 0.038607 0.110339
v -0.122527 0.034330 0.137900
v -0.033378 0.071331 0.131866
v -0.122527 0.034330 0.137900
v -0.118661 0.063467 0.157067
v -0.118661 0.063467 0.157067
v -0.122527 0.034330 0.137900
v -0.207335 0.030054 0.165460
v -0.118661 0.063467 0.157067
v -0.207335 0.030054 0.165460
v -0.203945 0.055603 0.182268
v -0.203945 0.055603 0.182268
v -0.207335 0.030054 0.165460
v -0.292142 0.025778 0.193021
v -0.203945 0.055603 0.182268
v -0.292142 0.025778 0.193021
v -0.289228 0.047738 0.207468
v -0.289228 0.047738 0.207468
v -0.292142 0.025778 0.193021
v -0.376950 0.021501 0.220582
v -0.289228 0.047738 0.207468
v -0.376950 0.021501 0.220582
v -0.374512 0.039874 0.232669
v -0.374512 0.039874 0.232669
v -0.376950 0.021501 0.220582
v -0.461757 0.017225 0.248143
v -0.374512 0.039874 0.232669
v -0.461757 0.017225 0.248143
v -0.459795 0.032010 0.257869
v -0.037720 0.038607 0.110339
v -0.039250 -0.000031 0.102724
v -0.123890 -0.000071 0.131120
v -0.037720 0.038607 0.110339
v -0.123890 -0.000071 0.131120
v -0.122527 0.034330 0.137900
v -0.122527 0.034330 0.137900
v -0.123890 -0.000071 0.131120
v -0.208529 -0.000111 0.159516
v -0.122527 0.034330 0.137900
v -0.208529 -0.000111 0.159516
v -0.207335 0.030054 0.165460
v -0.207335 0.030054 0.165460
v -0.208529 -0.000111 0.159516
v -0.293169 -0.000151 0.187911
v -0.207335 0.030054 0.165460
v -0.293169 -0.000151 0.187911
v -0.292142 0.025778 0.193021
v -0.292142 0.025778 0.193021
v -0.293169 -0.000151 0.187911
v -0.377809 -0.000192 0.216307
v -0.292142 0.025778 0.193021
v -0.377809 -0.000192 0.216307
v -0.376950 0.021501 0.220582
v -0.376950 0.021501 0.220582
v -0.377809 -0.000192 0.216307
v -0.462449 -0.000232 0.244703
v -0.376950 0.021501 0.220582
v -0.462449 -0.000232 0.244703
v -0.461757 0.017225 0.248143
v -0.039250 -0.000031 0.102724
v -0.037735 -0.038699 0.110183
v -0.122541 -0.034500 0.137761
v -0.039250 -0.000031 0.102724
v -0.122541 -0.034500 0.137761
v -0.123890 -0.000071 0.131120
v -0.123890 -0.000071 0.131120
v -0.122541 -0.034500 0.137761
v -0.207347 -0.030300 0.165339
v -0.123890 -0.000071 0.131120
v -0.207347 -0.030300 0.165339
v -0.208529 -0.000111 0.159516
v -0.208529 -0.000111 0.159516
v -0.207347 -0.030300 0.165339
v -0.292153 -0.026101 0.192916
v -0.208529 -0.000111 0.159516
v -0.292153 -0.026101 0.192916
v -0.293169 -0.000151 0.187911
v -0.293169 -0.000151 0.187911
v -0.292153 -0.026101 0.192916
v -0.376959 -0.021902 0.220494
v -0.293169 -0.000151 0.187911
v -0.376959 -0.021902 0.220494
v -0.377809 -0.000192 0.216307
v -0.377809 -0.000192 0.216307
v -0.376959 -0.021902 0.220494
v -0.461764 -0.017703 0.248072
v -0.377809 -0.000192 0.216307
v -0.461764 -0.017703 0.248072
v -0.462449 -0.000232 0.244703
v -0.037735 -0.038699 0.110183
v -0.033406 -0.071512 0.131578
v -0.118687 -0.063715 0.156810
v -0.037735 -0.038699 0.110183
v -0.118687 -0.063715 0.156810
v -0.122541 -0.034500 0.137761
v -0.122541 -0.034500 0.137761
v -0.118687 -0.063715 0.156810
v -0.203967 -0.055918 0.182042
v -0.122541 -0.034500 0.137761
v -0.203967 -0.055918 0.182042
v -0.207347 -0.030300 0.165339
v -0.207347 -0.030300 0.165339
v -0.203967 -0.055918 0.182042
v -0.289248 -0.048121 0.207275
v -0.207347 -0.030300 0.165339
v -0.289248 -0.048121 0.207275
v -0.292153 -0.026101 0.192916
v -0.292153 -0.026101 0.192916
v -0.289248 -0.048121 0.207275
v -0.374528 -0.040324 0.232507
v -0.292153 -0.026101 0.192916
v -0.374528 -0.040324 0.232507
v -0.376959 -0.021902 0.220494
v -0.376959 -0.021902 0.220494
v -0.374528 -0.040324 0.232507
v -0.459809 -0.032528 0.257739
v -0.376959 -0.021902 0.220494
v -0.459809 -0.032528 0.257739
v -0.461764 -0.017703 0.248072
f 1 2 3
f 4 5 6
f 7 8 9
f 10 11 12
f 13 14 15
f 16 17 18
f 19 20 21
f 22 23 24
f 25 26 27
f 28 29 30
f 31 32 33
f 34 35 36
f 37 38 39
f 40 41 42
f 43 44 45
f 46 47 48
f 49 50 51
f 52 53 54
f 55 56 57
f 58 59 60
f 61 62 63
f 64 65 66
f 67 68 69
f 70 71 72
f 73 74 75
f 76 77 78
f 79 80 81
f 82 83 84
f 85 86 87
f 88 89 90
f 91 92 93
f 94 95 96
f 97 98 99
f 100 101 102
f 103 104 105
f 106 107 108
f 109 110 111
f 112 113 114
f 115 116 117
f 118 119 120
f 121 122 123
f 124 125 126
f 127 128 129
f 130 131 132
f 133 134 135
f 136 137 138
f 139 140 141
f 142 143 144
f 145 146 147
f 148 149 150
f 151 152 153
f 154 155 156
f 157 158 159
f 160 161 162
f 163 164 165
f 166 167 168
f 169 170 171
f 172 173 174
f 175 176 177
f 178 179 180
f 181 182 183
f 184 185 186
f 187 188 189
f 190 191 192
f 193 194 195
f 196 197 198
f 199 200 201
f 202 203 204
f 205 206 207
f 208 209 210
f 211 212 213
f 214 215 216
f 217 218 219
f 220 221 222
f 223 224 225
f 226 227 228
f 229 230 231
f 232 233 234
f 235 236 237
f 238 239 240
f 241 242 243
f 244 245 246
f 247 248 249
f 250 251 252
f 253 254 255
f 256 257 258
f 259 260 261
f 262 263 264
f 265 266 267
f 268 269 270
f 271 272 273
f 274 275 276
f 277 278 279
f 280 281 282
f 283 284 285
f 286 287 288
f 289 290 291
f 292 293 294
f 295 296 297
f 298 299 300
f 301 302 303
f 304 305 306
f 307 308 309
f 310 311 312
f 313 314 315
f 316 317 318
f 319 320 321
f 322 323 324
f 325 326 327
f 328 329 330
f 331 332 333
f 334 335 336
f 337 338 339
f 340 341 342
f 343 344 345
f 346 347 348
f 349 350 351
f 352 353 354
f 355 356 357
f 358 359 360
f 361 362 363
f 364 365 366
f 367 368 369
f 370 371 372
f 373 374 375
f 376 377 378
f 379 380 381
f 382 383 384
f 385 386 387
f 388 389 390
f 391 392 393
f 394 395 396
f 397 398 399
f 400 401 402
f 403 404 405
f 406 407 408
f 409 410 411
f 412 413 414
f 415 416 417
f 418 419 420
f 421 422 423
f 424 425 426
f 427 428 429
f 430 431 432
f 433 434 435
f 436 437 438
f 439 440 441
f 442 443 444
f 445 446 447
f 448 449 450
f 451 452 453
f 454 455 456
f 457 458 459
f 460 461 462
f 463 464 465
f 466 467 468
f 469 470 471
f 472 473 474
f 475 476 477
f 478 479 480
f 481 482 483
f 484 485 486
f 487 488 489
f 490 491 492
f 493 494 495
f 496 497 498
f 499 500 501
f 502 503 504
f 505 506 507
f 508 509 510
f 511 512 513
f 514 515 516
f 517 518 519
f 520 521 522
f 523 524 525
f 526 527 528
f 529 530 531
f 532 533 534
f 535 536 537
f 538 539 540
f 541 542 543
f 544 545 546
f 547 548 549
f 550 551 552
f 553 554 555
f 556 557 558
f 559 560 561
f 562 563 564
f 565 566 567
f 568 569 570
f 571 572 573
f 574 575 576
f 577 578 579
f 580 581 582
f 583 584 585
f 586 587 588
f 589 590 591
f 592 593 594
f 595 596 597
f 598 599 600
f 601 602 603
f 604 605 606
f 607 608 609
f 610 611 612
f 613 614 615
f 616 617 618
f 619 620 621
f 622 623 624
f 625 626 627
f 628 629 630
f 631 632 633
f 634 635 636
f 637 638 639
f 640 641 642
f 643 644 645
f 646 647 648
f 649 650 651
f 652 653 654
f 655 656 657
f 658 659 660
f 661 662 663
f 664 665 666
f 667 668 669
f 670 671 672
f 673 674 675
f 676 677 678
f 679 680 681
f 682 683 684
f 685 686 687
f 688 689 690
f 691 692 693
f 694 695 696
f 697 698 699
f 700 701 702
f 703 704 705
f 706 707 708
f 709 710 711
f 712 713 714
f 715 716 717
f 718 719 720
f 721 722 723
f 724 725 726
f 727 728 729
f 730 731 732
f 733 734 735
f 736 737 738
f 739 740 741
f 742 743 744
f 745 746 747
f 748 749 750
f 751 752 753
f 754 755 756
f 757 758 759
f 760 761 762
f 763 764 765
f 766 767 768
f 769 770 771
f 772 773 774
f 775 776 777
f 778 779 780
f 781 782 783
f 784 785 786
f 787 788 789
f 790 791 792
f 793 794 795
f 796 797 798
f 799 800 801
f 802 803 804
f 805 806 807
f 808 809 810
f 811 812 813
f 814 815 816
f 817 818 819
f 820 821 822
f 823 824 825
f 826 827 828
f 829 830 831
f 832 833 834
f 835 836 837
f 838 839 840
f 841 842 843
f 844 845 846
f 847 848 849
f 850 851 852
f 853 854 855
f 856 857 858
f 859 860 861
f 862 863 864
f 865 866 867
f 868 869 870
f 871 872 873
f 874 875 876
f 877 878 879
f 880 881 882
f 883 884 885
f 886 887 888
f 889 890 891
f 892 893 894
f 895 896 897
f 898 899 900
f 901 902 903
f 904 905 906
f 907 908 909
f 910 911 912
f 913 914 915
f 916 917 918
f 919 920 921
f 922 923 924
f 925 926 927
f 928 929 930
f 931 932 933
f 934 935 936
f 937 938 939
f 940 941 942
f 943 944 945
f 946 947 948
f 949 950 951
f 952 953 954
f 955 956 957
f 958 959 960
f 961 962 963
f 964 965 966
f 967 968 969
f 970 971 972
f 973 974 975
f 976 977 978
f 979 980 981
f 982 983 984
f 985 986 987
f 988 989 990
f 991 992 993
f 994 995 996
f 997 998 999
f 1000 1001 1002
f 1003 1004 1005
f 1006 1007 1008
f 1009 1010 1011
f 1012 1013 1014
f 1015 1016 1017
f 1018 1019 1020
f 1021 1022 1023
f 1024 1025 1026
f 1027 1028 1029
f 1030 1031 1032
f 1033 1034 1035
f 1036 1037 1038
f 1039 1040 1041
f 1042 1043 1044
f 1045 1046 1047
f 1048 1049 1050
f 1051 1052 1053
f 1054 1055 1056
f 1057 1058 1059
f 1060 1061 1062
f 1063 1064 1065
f 1066 1067 1068
f 1069 1070 1071
f 1072 1073 1074
f 1075 1076 1077
f 1078 1079 1080
f 1081 1082 1083
f 1084 1085 1086
f 1087 1088 1089
f 1090 1091 1092
f 1093 1094 1095
f 1096 1097 1098
f 1099 1100 1101
f 1102 1103 1104
f 1105 1106 1107
f 1108 1109 1110
f 1111 1112 1113
f 1114 1115 1116
f 1117 1118 1119
f 1120 1121 1122
f 1123 1124 1125
f 1126 1127 1128
f 1129 1130 1131
f 1132 1133 1134
f 1135 1136 1137
f 1138 1139 1140
f 1141 1142 1143
f 1144 1145 1146
f 1147 1148 1149
f 1150 1151 1152
f 1153 1154 1155
f 1156 1157 1158
f 1159 1160 1161
f 1162 1163 1164
f 1165 1166 1167
f 1168 1169 1170
f 1171 1172 1173
f 1174 1175 1176
f 1177 1178 1179
f 1180 1181 1182
f 1183 1184 1185
f 1186 1187 1188
f 1189 1190 1191
f 1192 1193 1194
f 1195 1196 1197
f 1198 1199 1200
f 1201 1202 1203
f 1204 1205 1206
f 1207 1208 1209
f 1210 1211 1212
f 1213 1214 1215
f 1216 1217 1218
f 1219 1220 1221
f 1222 1223 1224
f 1225 1226 1227
f 1228 1229 1230
f 1231 1232 1233
f 1234 1235 1236
f 1237 1238 1239
f 1240 1241 1242
f 1243 1244 1245
f 1246 1247 1248
f 1249 1250 1251
f 1252 1253 1254
f 1255 1256 1257
f 1258 1259 1260
f 1261 1262 1263
f 1264 1265 1266
f 1267 1268 1269
f 1270 1271 1272
f 1273 1274 1275
f 1276 1277 1278
f 1279 1280 1281
f 1282 1283 1284
f 1285 1286 1287
f 1288 1289 1290
f 1291 1292 1293
f 1294 1295 1296
f 1297 1298 1299
f 1300 1301 1302
f 1303 1304 1305
f 1306 1307 1308
f 1309 1310 1311
f 1312 1313 1314
f 1315 1316 1317
f 1318 1319 1320
f 1321 1322 1323
f 1324 1325 1326
f 1327 1328 1329
f 1330 1331 1332
f 1333 1334 1335
f 1336 1337 1338
f 1339 1340 1341
f 1342 1343 1344
f 1345 1346 1347
f 1348 1349 1350
f 1351 1352 1353
f 1354 1355 1356
f 1357 1358 1359
f 1360 1361 1362
f 1363 1364 1365
f 1366 1367 1368
f 1369 1370 1371
f 1372 1373 1374
f 1375 1376 1377
f 1378 1379 1380
f 1381 1382 1383
f 1384 1385 1386
f 1387 1388 1389
f 1390 1391 1392
f 1393 1394 1395
f 1396 1397 1398
f 1399 1400 1401
f 1402 1403 1404
f 1405 1406 1407
f 1408 1409 1410
f 1411 1412 1413
f 1414 1415 1416
f 1417 1418 1419
f 1420 1421 1422
f 1423 1424 1425
f 1426 1427 1428
f 1429 1430 1431
f 1432 1433 1434
f 1435 1436 1437
f 1438 1439 1440
f 1441 1442 1443
f 1444 1445 1446
f 1447 1448 1449
f 1450 1451 1452
f 1453 1454 1455
f 1456 1457 1458
f 1459 1460 1461
f 1462 1463 1464
f 1465 1466 1467
f 1468 1469 1470
f 1471 1472 1473
f 1474 1475 1476
f 1477 1478 1479
f 1480 1481 1482
f 1483 1484 1485
f 1486 1487 1488
f 1489 1490 1491
f 1492 1493 1494
f 1495 1496 1497
f 1498 1499 1500
f 1501 1502 1503
f 1504 1505 1506
f 1507 1508 1509
f 1510 1511 1512
f 1513 1514 1515
f 1516 1517 1518
f 1519 1520 1521
f 1522 1523 1524
f 1525 1526 1527
f 1528 1529 1530
f 1531 1532 1533
f 1534 1535 1536
f 1537 1538 1539
f 1540 1541 1542
f 1543 1544 1545
f 1546 1547 1548
f 1549 1550 1551
f 1552 1553 1554
f 1555 1556 1557
f 1558 1559 1560
f 1561 1562 1563
f 1564 1565 1566
f 1567 1568 1569
f 1570 1571 1572
f 1573 1574 1575
f 1576 1577 1578
f 1579 1580 1581
f 1582 1583 1584
f 1585 1586 1587
f 1588 1589 1590
f 1591 1592 1593
f 1594 1595 1596
f 1597 1598 1599
f 1600 1601 1602
f 1603 1604 1605
f 1606 1607 1608
f 1609 1610 1611
f 1612 1613 1614
f 1615 1616 1617
f 1618 1619 1620
f 1621 1622 1623
f 1624 1625 1626
f 1627 1628 1629
f 1630 1631 1632
f 1633 1634 1635
f 1636 1637 1638
f 1639 1640 1641
f 1642 1643 1644
f 1645 1646 1647
f 1648 1649 1650
f 1651 1652 1653
f 1654 1655 1656
f 1657 1658 1659
f 1660 1661 1662
f 1663 1664 1665
f 1666 1667 1668
f 1669 1670 1671
f 1672 1673 1674
f 1675 1676 1677
f 1678 1679 1680
f 1681 1682 1683
f 1684 1685 1686
f 1687 1688 1689
f 1690 1691 1692
f 1693 1694 1695
f 1696 1697 1698
f 1699 1700 1701
f 1702 1703 1704
f 1705 1706 1707
f 1708 1709 1710
f 1711 1712 1713
f 1714 1715 1716
f 1717 1718 1719
f 1720 1721 1722
f 1723 1724 1725
f 1726 1727 1728
f 1729 1730 1731
f 1732 1733 1734
f 1735 1736 1737
f 1738 1739 1740
f 1741 1742 1743
f 1744 1745 1746
f 1747 1748 1749
f 1750 1751 1752
f 1753 1754 1755
f 1756 1757 1758
f 1759 1760 1761
f 1762 1763 1764
f 1765 1766 1767
f 1768 1769 1770
f 1771 1772 1773
f 1774 1775 1776
f 1777 1778 1779
f 1780 1781 1782
f 1783 1784 1785
f 1786 1787 1788
f 1789 1790 1791
f 1792 1793 1794
f 1795 1796 1797
f 1798 1799 1800
f 1801 1802 1803
f 1804 1805 1806
f 1807 1808 1809
f 1810 1811 1812
f 1813 1814 1815
f 1816 1817 1818
f 1819 1820 1821
f 1822 1823 1824
f 1825 1826 1827
f 1828 1829 1830
f 1831 1832 1833
f 1834 1835 1836
f 1837 1838 1839
f 1840 1841 1842
f 1843 1844 1845
f 1846 1847 1848
f 1849 1850 1851
f 1852 1853 1854
f 1855 1856 1857
f 1858 1859 1860
f 1861 1862 1863
f 1864 1865 1866
f 1867 1868 1869
f 1870 1871 1872
f 1873 1874 1875
f 1876 1877 1878
f 1879 1880 1881
f 1882 1883 1884
f 1885 1886 1887
f 1888 1889 1890
f 1891 1892 1893
f 1894 1895 1896
f 1897 1898 1899
f 1900 1901 1902
f 1903 1904 1905
f 1906 1907 1908
f 1909 1910 1911
f 1912 1913 1914
f 1915 1916 1917
f 1918 1919 1920
f 1921 1922 1923
f 1924 1925 1926
f 1927 1928 1929
f 1930 1931 1932
f 1933 1934 1935
f 1936 1937 1938
f 1939 1940 1941
f 1942 1943 1944
f 1945 1946 1947
f 1948 1949 1950
f 1951 1952 1953
f 1954 1955 1956
f 1957 1958 1959
f 1960 1961 1962
f 1963 1964 1965
f 1966 1967 1968
f 1969 1970 1971
f 1972 1973 1974
f 1975 1976 1977
f 1978 1979 1980
f 1981 1982 1983
f 1984 1985 1986
f 1987 1988 1989
f 1990 1991 1992
f 1993 1994 1995
f 1996 1997 1998
f 1999 2000 2001
f 2002 2003 2004
f 2005 2006 2007
f 2008 2009 2010
f 2011 2012 2013
f 2014 2015 2016
f 2017 2018 2019
f 2020 2021 2022
f 2023 2024 2025
f 2026 2027 2028
f 2029 2030 2031
f 2032 2033 2034
f 2035 2036 2037
f 2038 2039 2040
f 2041 2042 2043
f 2044 2045 2046
f 2047 2048 2049
f 2050 2051 2052
f 2053 2054 2055
f 2056 2057 2058
f 2059 2060 2061
f 2062 2063 2064
f 2065 2066 2067
f 2068 2069 2070
f 2071 2072 2073
f 2074 2075 2076
f 2077 2078 2079
f 2080 2081 2082
f 2083 2084 2085
f 2086 2087 2088
f 2089 2090 2091
f 2092 2093 2094
f 2095 2096 2097
f 2098 2099 2100
f 2101 2102 2103
f 2104 2105 2106
f 2107 2108 2109
f 2110 2111 2112
f 2113 2114 2115
f 2116 2117 2118
f 2119 2120 2121
f 2122 2123 2124
f 2125 2126 2127
f 2128 2129 2130
f 2131 2132 2133
f 2134 2135 2136
f 2137 2138 2139
f 2140 2141 2142
f 2143 2144 2145
f 2146 2147 2148
f 2149 2150 2151
f 2152 2153 2154
f 2155 2156 2157
f 2158 2159 2160
f 2161 2162 2163
f 2164 2165 2166
f 2167 2168 2169
f 2170 2171 2172
f 2173 2174 2175
f 2176 2177 2178
f 2179 2180 2181
f 2182 2183 2184
f 2185 2186 2187
f 2188 2189 2190
f 2191 2192 2193
f 2194 2195 2196
f 2197 2198 2199
f 2200 2201 2202
f 2203 2204 2205
f 2206 2207 2208
f 2209 2210 2211
f 2212 2213 2214
f 2215 2216 2217
f 2218 2219 2220
f 2221 2222 2223
f 2224 2225 2226
f 2227 2228 2229
f 2230 2231 2232
f 2233 2234 2235
f 2236 2237 2238
f 2239 2240 2241
f 2242 2243 2244
f 2245 2246 2247
f 2248 2249 2250
f 2251 2252 2253
f 2254 2255 2256
f 2257 2258 2259
f 2260 2261 2262
f 2263 2264 2265
f 2266 2267 2268
f 2269 2270 2271
f 2272 2273 2274
f 2275 2276 2277
f 2278 2279 2280
f 2281 2282 2283
f 2284 2285 2286
f 2287 2288 2289
f 2290 2291 2292
f 2293 2294 2295
f 2296 2297 2298
f 2299 2300 2301
f 2302 2303 2304
f 2305 2306 2307
f 2308 2309 2310
f 2311 2312 2313
f 2314 2315 2316
f 2317 2318 2319
f 2320 2321 2322
f 2323 2324 2325
f 2326 2327 2328
f 2329 2330 2331
f 2332 2333 2334
f 2335 2336 2337
f 2338 2339 2340
f 2341 2342 2343
f 2344 2345 2346
f 2347 2348 2349
f 2350 2351 2352
f 2353 2354 2355
f 2356 2357 2358
f 2359 2360 2361
f 2362 2363 2364
f 2365 2366 2367
f 2368 2369 2370
f 2371 2372 2373
f 2374 2375 2376
f 2377 2378 2379
f 2380 2381 2382
f 2383 2384 2385
f 2386 2387 2388
f 2389 2390 2391
f 2392 2393 2394
f 2395 2396 2397
f 2398 2399 2400
f 2401 2402 2403
f 2404 2405 2406
f 2407 2408 2409
f 2410 2411 2412
f 2413 2414 2415
f 2416 2417 2418
f 2419 2420 2421
f 2422 2423 2424
f 2425 2426 2427
f 2428 2429 2430
f 2431 2432 2433
f 2434 2435 2436
f 2437 2438 2439
f 2440 2441 2442
f 2443 2444 2445
f 2446 2447 2448
f 2449 2450 2451
f 2452 2453 2454
f 2455 2456 2457
f 2458 2459 2460
f 2461 2462 2463
f 2464 2465 2466
f 2467 2468 2469
f 2470 2471 2472
f 2473 2474 2475
f 2476 2477 2478
f 2479 2480 2481
f 2482 2483 2484
f 2485 2486 2487
f 2488 2489 2490
f 2491 2492 2493
f 2494 2495 2496
f 2497 2498 2499
f 2500 2501 2502
f 2503 2504 2505
f 2506 2507 2508
f 2509 2510 2511
f 2512 2513 2514
f 2515 2516 2517
f 2518 2519 2520
f 2521 2522 2523
f 2524 2525 2526
f 2527 2528 2529
f 2530 2531 2532
f 2533 2534 2535
f 2536 2537 2538
f 2539 2540 2541
f 2542 2543 2544
f 2545 2546 2547
f 2548 2549 2550
f 2551 2552 2553
f 2554 2555 2556
f 2557 2558 2559
f 2560 2561 2562
f 2563 2564 2565
f 2566 2567 2568
f 2569 2570 2571
f 2572 2573 2574
f 2575 2576 2577
f 2578 2579 2580
f 2581 2582 2583
f 2584 2585 2586
f 2587 2588 2589
f 2590 2591 2592
f 2593 2594 2595
f 2596 2597 2598
f 2599 2600 2601
f 2602 2603 2604
f 2605 2606 2607
f 2608 2609 2610
f 2611 2612 2613
f 2614 2615 2616
f 2617 2618 2619
f 2620 2621 2622
f 2623 2624 2625
f 2626 2627 2628
f 2629 2630 2631
f 2632 2633 2634
f 2635 2636 2637
f 2638 2639 2640
f 2641 2642 2643
f 2644 2645 2646
f 2647 2648 2649
f 2650 2651 2652
f 2653 2654 2655
f 2656 2657 2658
f 2659 2660 2661
f 2662 2663 2664
f 2665 2666 2667
f 2668 2669 2670
f 2671 2672 2673
f 2674 2675 2676
f 2677 2678 2679
f 2680 2681 2682
f 2683 2684 2685
f 2686 2687 2688
f 2689 2690 2691
f 2692 2693 2694
f 2695 2696 2697
f 2698 2699 2700
f 2701 2702 2703
f 2704 2705 2706
f 2707 2708 2709
f 2710 2711 2712
f 2713 2714 2715
f 2716 2717 2718
f 2719 2720 2721
f 2722 2723 2724
f 2725 2726 2727
f 2728 2729 2730
f 2731 2732 2733
f 2734 2735 2736
f 2737 2738 2739
f 2740 2741 2742
f 2743 2744 2745
f 2746 2747 2748
f 2749 2750 2751
f 2752 2753 2754
f 2755 2756 2757
f 2758 2759 2760
f 2761 2762 2763
f 2764 2765 2766
f 2767 2768 2769
f 2770 2771 2772
f 2773 2774 2775
f 2776 2777 2778
f 2779 2780 2781
f 2782 2783 2784
f 2785 2786 2787
f 2788 2789 2790
f 2791 2792 2793
f 2794 2795 2796
f 2797 2798 2799
f 2800 2801 2802
f 2803 2804 2805
f 2806 2807 2808
f 2809 2810 2811
f 2812 2813 2814
f 2815 2816 2817
f 2818 2819 2820
f 2821 2822 2823
f 2824 2825 2826
f 2827 2828 2829
f 2830 2831 2832
f 2833 2834 2835
f 2836 2837 2838
f 2839 2840 2841
f 2842 2843 2844
f 2845 2846 2847
f 2848 2849 2850
f 2851 2852 2853
f 2854 2855 2856
f 2857 2858 2859
f 2860 2861 2862
f 2863 2864 2865
f 2866 2867 2868
f 2869 2870 2871
f 2872 2873 2874
f 2875 2876 2877
f 2878 2879 2880
f 2881 2882 2883
f 2884 2885 2886
f 2887 2888 2889
f 2890 2891 2892
f 2893 2894 2895
f 2896 2897 2898
f 2899 2900 2901
f 2902 2903 2904
f 2905 2906 2907
f 2908 2909 2910
f 2911 2912 2913
f 2914 2915 2916
f 2917 2918 2919
f 2920 2921 2922
f 2923 2924 2925
f 2926 2927 2928
f 2929 2930 2931
f 2932 2933 2934
f 2935 2936 2937
f 2938 2939 2940
f 2941 2942 2943
f 2944 2945 2946
f 2947 2948 2949
f 2950 2951 2952
f 2953 2954 2955
f 2956 2957 2958
f 2959 2960 2961
f 2962 2963 2964
f 2965 2966 2967
f 2968 2969 2970
f 2971 2972 2973
f 2974 2975 2976
f 2977 2978 2979
f 2980 2981 2982
f 2983 2984 2985
f 2986 2987 2988
f 2989 2990 2991
f 2992 2993 2994
f 2995 2996 2997
f 2998 2999 3000
f 3001 3002 3003
f 3004 3005 3006
f 3007 3008 3009
f 3010 3011 3012
f 3013 3014 3015
f 3016 3017 3018
f 3019 3020 3021
f 3022 3023 3024
f 3025 3026 3027
f 3028 3029 3030
f 3031 3032 3033
f 3034 3035 3036
f 3037 3038 3039
f 3040 3041 3042
f 3043 3044 3045
f 3046 3047 3048
f 3049 3050 3051
f 3052 3053 3054
f 3055 3056 3057
f 3058 3059 3060
f 3061 3062 3063
f 3064 3065 3066
f 3067 3068 3069
f 3070 3071 3072
f 3073 3074 3075
f 3076 3077 3078
f 3079 3080 3081
f 3082 3083 3084
f 3085 3086 3087
f 3088 3089 3090
f 3091 3092 3093
f 3094 3095 3096
f 3097 3098 3099
f 3100 3101 3102
f 3103 3104 3105
f 3106 3107 3108
f 3109 3110 3111
f 3112 3113 3114
f 3115 3116 3117
f 3118 3119 3120
f 3121 3122 3123
f 3124 3125 3126
f 3127 3128 3129
f 3130 3131 3132
f 3133 3134 3135
f 3136 3137 3138
f 3139 3140 3141
f 3142 3143 3144
f 3145 3146 3147
f 3148 3149 3150
f 3151 3152 3153
f 3154 3155 3156
f 3157 3158 3159
f 3160 3161 3162
f 3163 3164 3165
f 3166 3167 3168
f 3169 3170 3171
f 3172 3173 3174
f 3175 3176 3177
f 3178 3179 3180
f 3181 3182 3183
f 3184 3185 3186
f 3187 3188 3189
f 3190 3191 3192
f 3193 3194 3195
f 3196 3197 3198
f 3199 3200 3201
f 3202 3203 3204
f 3205 3206 3207
f 3208 3209 3210
f 3211 3212 3213
f 3214 3215 3216
f 3217 3218 3219
f 3220 3221 3222
f 3223 3224 3225
f 3226 3227 3228
f 3229 3230 3231
f 3232 3233 3234
f 3235 3236 3237
f 3238 3239 3240
f 3241 3242 3243
f 3244 3245 3246
f 3247 3248 3249
f 3250 3251 3252
f 3253 3254 3255
f 3256 3257 3258
f 3259 3260 3261
f 3262 3263 3264
f 3265 3266 3267
f 3268 3269 3270
f 3271 3272 3273
f 3274 3275 3276
f 3277 3278 3279
f 3280 3281 3282
f 3283 3284 3285
f 3286 3287 3288
f 3289 3290 3291
f 3292 3293 3294
f 3295 3296 3297
f 3298 3299 3300
f 3301 3302 3303
f 3304 3305 3306
f 3307 3308 3309
f 3310 3311 3312
f 3313 3314 3315
f 3316 3317 3318
f 3319 3320 3321
f 3322 3323 3324
f 3325 3326 3327
f 3328 3329 3330
f 3331 3332 3333
f 3334 3335 3336
f 3337 3338 3339
f 3340 3341 3342
f 3343 3344 3345
f 3346 3347 3348
f 3349 3350 3351
f 3352 3353 3354
f 3355 3356 3357
f 3358 3359 3360
f 3361 3362 3363
f 3364 3365 3366
f 3367 3368 3369
f 3370 3371 3372
f 3373 3374 3375
f 3376 3377 3378
f 3379 3380 3381
f 3382 3383 3384
f 3385 3386 3387
f 3388 3389 3390
f 3391 3392 3393
f 3394 3395 3396
f 3397 3398 3399
f 3400 3401 3402
f 3403 3404 3405
f 3406 3407 3408
f 3409 3410 3411
f 3412 3413 3414
f 3415 3416 3417
f 3418 3419 3420
f 3421 3422 3423
f 3424 3425 3426
f 3427 3428 3429
f 3430 3431 3432
f 3433 3434 3435
f 3436 3437 3438
f 3439 3440 3441
f 3442 3443 3444
f 3445 3446 3447
f 3448 3449 3450
f 3451 3452 3453
f 3454 3455 3456
f 3457 3458 3459
f 3460 3461 3462
f 3463 3464 3465
f 3466 3467 3468
f 3469 3470 3471
f 3472 3473 3474
f 3475 3476 3477
f 3478 3479 3480
f 3481 3482 3483
f 3484 3485 3486
f 3487 3488 3489
f 3490 3491 3492
f 3493 3494 3495
f 3496 3497 3498
f 3499 3500 3501
f 3502 3503 3504
f 3505 3506 3507
f 3508 3509 3510
f 3511 3512 3513
f 3514 3515 3516
f 3517 3518 3519
f 3520 3521 3522
f 3523 3524 3525
f 3526 3527 3528
f 3529 3530 3531
f 3532 3533 3534
f 3535 3536 3537
f 3538 3539 3540
