# lizard mesh
v -0.116066 0.076893 -0.054663
v -0.125753 0.054197 -0.056451
v -0.131999 0.055973 -0.030191
v -0.116066 0.076893 -0.054663
v -0.131999 0.055973 -0.030191
v -0.120535 0.080471 -0.030592
v -0.125753 0.054197 -0.056451
v -0.131781 0.028057 -0.058094
v -0.139004 0.028733 -0.030438
v -0.125753 0.054197 -0.056451
v -0.139004 0.028733 -0.030438
v -0.131999 0.055973 -0.030191
v -0.120535 0.080471 -0.030592
v -0.131999 0.055973 -0.030191
v -0.133293 0.057490 -0.002135
v -0.120535 0.080471 -0.030592
v -0.133293 0.057490 -0.002135
v -0.120836 0.083168 -0.003854
v -0.131999 0.055973 -0.030191
v -0.139004 0.028733 -0.030438
v -0.140894 0.029373 -0.001369
v -0.131999 0.055973 -0.030191
v -0.140894 0.029373 -0.001369
v -0.133293 0.057490 -0.002135
v -0.099775 0.088988 -0.070239
v -0.106839 0.074871 -0.074955
v -0.116066 0.076893 -0.054663
v -0.099775 0.088988 -0.070239
v -0.116066 0.076893 -0.054663
v -0.102851 0.094951 -0.055192
v -0.106839 0.074871 -0.074955
v -0.114175 0.053342 -0.079866
v -0.125753 0.054197 -0.056451
v -0.106839 0.074871 -0.074955
v -0.125753 0.054197 -0.056451
v -0.116066 0.076893 -0.054663
v -0.114175 0.053342 -0.079866
v -0.119063 0.027765 -0.083159
v -0.131781 0.028057 -0.058094
v -0.114175 0.053342 -0.079866
v -0.131781 0.028057 -0.058094
v -0.125753 0.054197 -0.056451
v -0.119063 0.027765 -0.083159
v -0.120790 0.000195 -0.084358
v -0.133857 0.000146 -0.058786
v -0.119063 0.027765 -0.083159
v -0.133857 0.000146 -0.058786
v -0.131781 0.028057 -0.058094
v -0.131781 0.028057 -0.058094
v -0.133857 0.000146 -0.058786
v -0.141386 0.000091 -0.030675
v -0.131781 0.028057 -0.058094
v -0.141386 0.000091 -0.030675
v -0.139004 0.028733 -0.030438
v -0.139004 0.028733 -0.030438
v -0.141386 0.000091 -0.030675
v -0.143469 0.000031 -0.001225
v -0.139004 0.028733 -0.030438
v -0.143469 0.000031 -0.001225
v -0.140894 0.029373 -0.001369
v -0.140894 0.029373 -0.001369
v -0.143469 0.000031 -0.001225
v -0.140203 -0.000029 0.028364
v -0.140894 0.029373 -0.001369
v -0.140203 -0.000029 0.028364
v -0.137592 0.029621 0.027898
v -0.133293 0.057490 -0.002135
v -0.140894 0.029373 -0.001369
v -0.137592 0.029621 0.027898
v -0.133293 0.057490 -0.002135
v -0.137592 0.029621 0.027898
v -0.129869 0.058078 0.026397
v -0.120836 0.083168 -0.003854
v -0.133293 0.057490 -0.002135
v -0.129869 0.058078 0.026397
v -0.120836 0.083168 -0.003854
v -0.129869 0.058078 0.026397
v -0.117174 0.084144 0.023886
v -0.103679 0.105221 -0.006927
v -0.120836 0.083168 -0.003854
v -0.117174 0.084144 0.023886
v -0.103679 0.105221 -0.006927
v -0.117174 0.084144 0.023886
v -0.099651 0.106626 0.020392
v -0.104684 0.101129 -0.032834
v -0.120535 0.080471 -0.030592
v -0.120836 0.083168 -0.003854
v -0.104684 0.101129 -0.032834
v -0.120836 0.083168 -0.003854
v -0.103679 0.105221 -0.006927
v -0.102851 0.094951 -0.055192
v -0.116066 0.076893 -0.054663
v -0.120535 0.080471 -0.030592
v -0.102851 0.094951 -0.055192
v -0.120535 0.080471 -0.030592
v -0.104684 0.101129 -0.032834
v -0.131793 -0.027769 -0.058207
v -0.125775 -0.053918 -0.056669
v -0.132021 -0.055797 -0.030417
v -0.131793 -0.027769 -0.058207
v -0.132021 -0.055797 -0.030417
v -0.139016 -0.028553 -0.030554
v -0.125775 -0.053918 -0.056669
v -0.116097 -0.076625 -0.054973
v -0.120568 -0.080298 -0.030917
v -0.125775 -0.053918 -0.056669
v -0.120568 -0.080298 -0.030917
v -0.132021 -0.055797 -0.030417
v -0.139016 -0.028553 -0.030554
v -0.132021 -0.055797 -0.030417
v -0.133316 -0.057427 -0.002367
v -0.139016 -0.028553 -0.030554
v -0.133316 -0.057427 -0.002367
v -0.140905 -0.029310 -0.001488
v -0.132021 -0.055797 -0.030417
v -0.120568 -0.080298 -0.030917
v -0.120869 -0.083103 -0.004190
v -0.132021 -0.055797 -0.030417
v -0.120869 -0.083103 -0.004190
v -0.133316 -0.057427 -0.002367
v -0.120790 0.000195 -0.084358
v -0.119074 -0.027381 -0.083271
v -0.131793 -0.027769 -0.058207
v -0.120790 0.000195 -0.084358
v -0.131793 -0.027769 -0.058207
v -0.133857 0.000146 -0.058786
v -0.119074 -0.027381 -0.083271
v -0.114197 -0.052973 -0.080081
v -0.125775 -0.053918 -0.056669
v -0.119074 -0.027381 -0.083271
v -0.125775 -0.053918 -0.056669
v -0.131793 -0.027769 -0.058207
v -0.114197 -0.052973 -0.080081
v -0.106869 -0.074525 -0.075257
v -0.116097 -0.076625 -0.054973
v -0.114197 -0.052973 -0.080081
v -0.116097 -0.076625 -0.054973
v -0.125775 -0.053918 -0.056669
v -0.106869 -0.074525 -0.075257
v -0.099810 -0.088663 -0.070598
v -0.102889 -0.094686 -0.055575
v -0.106869 -0.074525 -0.075257
v -0.102889 -0.094686 -0.055575
v -0.116097 -0.076625 -0.054973
v -0.116097 -0.076625 -0.054973
v -0.102889 -0.094686 -0.055575
v -0.104725 -0.100953 -0.033242
v -0.116097 -0.076625 -0.054973
v -0.104725 -0.100953 -0.033242
v -0.120568 -0.080298 -0.030917
v -0.120568 -0.080298 -0.030917
v -0.104725 -0.100953 -0.033242
v -0.103722 -0.105150 -0.007352
v -0.120568 -0.080298 -0.030917
v -0.103722 -0.105150 -0.007352
v -0.120869 -0.083103 -0.004190
v -0.120869 -0.083103 -0.004190
v -0.103722 -0.105150 -0.007352
v -0.099695 -0.106667 0.019962
v -0.120869 -0.083103 -0.004190
v -0.099695 -0.106667 0.019962
v -0.117208 -0.084193 0.023546
v -0.133316 -0.057427 -0.002367
v -0.120869 -0.083103 -0.004190
v -0.117208 -0.084193 0.023546
v -0.133316 -0.057427 -0.002367
v -0.117208 -0.084193 0.023546
v -0.129892 -0.058131 0.026162
v -0.140905 -0.029310 -0.001488
v -0.133316 -0.057427 -0.002367
v -0.129892 -0.058131 0.026162
v -0.140905 -0.029310 -0.001488
v -0.129892 -0.058131 0.026162
v -0.137604 -0.029678 0.027778
v -0.143469 0.000031 -0.001225
v -0.140905 -0.029310 -0.001488
v -0.137604 -0.029678 0.027778
v -0.143469 0.000031 -0.001225
v -0.137604 -0.029678 0.027778
v -0.140203 -0.000029 0.028364
v -0.141386 0.000091 -0.030675
v -0.139016 -0.028553 -0.030554
v -0.140905 -0.029310 -0.001488
v -0.141386 0.000091 -0.030675
v -0.140905 -0.029310 -0.001488
v -0.143469 0.000031 -0.001225
v -0.133857 0.000146 -0.058786
v -0.131793 -0.027769 -0.058207
v -0.139016 -0.028553 -0.030554
v -0.133857 0.000146 -0.058786
v -0.139016 -0.028553 -0.030554
v -0.141386 0.000091 -0.030675
v -0.109781 0.083055 0.050868
v -0.121949 0.057374 0.054017
v -0.109867 0.055747 0.079365
v -0.109781 0.083055 0.050868
v -0.109867 0.055747 0.079365
v -0.099127 0.080252 0.075382
v -0.121949 0.057374 0.054017
v -0.129274 0.029254 0.056151
v -0.116250 0.028501 0.082204
v -0.121949 0.057374 0.054017
v -0.116250 0.028501 0.082204
v -0.109867 0.055747 0.079365
v -0.099127 0.080252 0.075382
v -0.109867 0.055747 0.079365
v -0.093920 0.053872 0.101134
v -0.099127 0.080252 0.075382
v -0.093920 0.053872 0.101134
v -0.085668 0.076583 0.095816
v -0.109867 0.055747 0.079365
v -0.116250 0.028501 0.082204
v -0.098858 0.027722 0.104885
v -0.109867 0.055747 0.079365
v -0.098858 0.027722 0.104885
v -0.093920 0.053872 0.101134
v -0.099651 0.106626 0.020392
v -0.117174 0.084144 0.023886
v -0.109781 0.083055 0.050868
v -0.099651 0.106626 0.020392
v -0.109781 0.083055 0.050868
v -0.092760 0.105109 0.047127
v -0.117174 0.084144 0.023886
v -0.129869 0.058078 0.026397
v -0.121949 0.057374 0.054017
v -0.117174 0.084144 0.023886
v -0.121949 0.057374 0.054017
v -0.109781 0.083055 0.050868
v -0.129869 0.058078 0.026397
v -0.137592 0.029621 0.027898
v -0.129274 0.029254 0.056151
v -0.129869 0.058078 0.026397
v -0.129274 0.029254 0.056151
v -0.121949 0.057374 0.054017
v -0.137592 0.029621 0.027898
v -0.140203 -0.000029 0.028364
v -0.131727 -0.000088 0.056901
v -0.137592 0.029621 0.027898
v -0.131727 -0.000088 0.056901
v -0.129274 0.029254 0.056151
v -0.129274 0.029254 0.056151
v -0.131727 -0.000088 0.056901
v -0.118375 -0.000144 0.083233
v -0.129274 0.029254 0.056151
v -0.118375 -0.000144 0.083233
v -0.116250 0.028501 0.082204
v -0.116250 0.028501 0.082204
v -0.118375 -0.000144 0.083233
v -0.100525 -0.000194 0.106218
v -0.116250 0.028501 0.082204
v -0.100525 -0.000194 0.106218
v -0.098858 0.027722 0.104885
v -0.098858 0.027722 0.104885
v -0.100525 -0.000194 0.106218
v -0.078556 -0.000236 0.124712
v -0.098858 0.027722 0.104885
v -0.078556 -0.000236 0.124712
v -0.077407 0.027340 0.123046
v -0.093920 0.053872 0.101134
v -0.098858 0.027722 0.104885
v -0.077407 0.027340 0.123046
v -0.093920 0.053872 0.101134
v -0.077407 0.027340 0.123046
v -0.074161 0.052934 0.118215
v -0.085668 0.076583 0.095816
v -0.093920 0.053872 0.101134
v -0.074161 0.052934 0.118215
v -0.085668 0.076583 0.095816
v -0.074161 0.052934 0.118215
v -0.069289 0.074488 0.110927
v -0.073269 0.094649 0.091245
v -0.085668 0.076583 0.095816
v -0.069289 0.074488 0.110927
v -0.073269 0.094649 0.091245
v -0.069289 0.074488 0.110927
v -0.064598 0.088629 0.103894
v -0.083633 0.100915 0.071376
v -0.099127 0.080252 0.075382
v -0.085668 0.076583 0.095816
v -0.083633 0.100915 0.071376
v -0.085668 0.076583 0.095816
v -0.073269 0.094649 0.091245
v -0.092760 0.105109 0.047127
v -0.109781 0.083055 0.050868
v -0.099127 0.080252 0.075382
v -0.092760 0.105109 0.047127
v -0.099127 0.080252 0.075382
v -0.083633 0.100915 0.071376
v -0.129286 -0.029428 0.056033
v -0.121973 -0.057543 0.053785
v -0.109890 -0.056023 0.079140
v -0.129286 -0.029428 0.056033
v -0.109890 -0.056023 0.079140
v -0.116261 -0.028786 0.082088
v -0.121973 -0.057543 0.053785
v -0.109815 -0.083216 0.050532
v -0.099160 -0.080516 0.075057
v -0.121973 -0.057543 0.053785
v -0.099160 -0.080516 0.075057
v -0.109890 -0.056023 0.079140
v -0.116261 -0.028786 0.082088
v -0.109890 -0.056023 0.079140
v -0.093941 -0.054242 0.100916
v -0.116261 -0.028786 0.082088
v -0.093941 -0.054242 0.100916
v -0.098869 -0.028105 0.104772
v -0.109890 -0.056023 0.079140
v -0.099160 -0.080516 0.075057
v -0.085699 -0.076935 0.095506
v -0.109890 -0.056023 0.079140
v -0.085699 -0.076935 0.095506
v -0.093941 -0.054242 0.100916
v -0.140203 -0.000029 0.028364
v -0.137604 -0.029678 0.027778
v -0.129286 -0.029428 0.056033
v -0.140203 -0.000029 0.028364
v -0.129286 -0.029428 0.056033
v -0.131727 -0.000088 0.056901
v -0.137604 -0.029678 0.027778
v -0.129892 -0.058131 0.026162
v -0.121973 -0.057543 0.053785
v -0.137604 -0.029678 0.027778
v -0.121973 -0.057543 0.053785
v -0.129286 -0.029428 0.056033
v -0.129892 -0.058131 0.026162
v -0.117208 -0.084193 0.023546
v -0.109815 -0.083216 0.050532
v -0.129892 -0.058131 0.026162
v -0.109815 -0.083216 0.050532
v -0.121973 -0.057543 0.053785
v -0.117208 -0.084193 0.023546
v -0.099695 -0.106667 0.019962
v -0.092802 -0.105261 0.046702
v -0.117208 -0.084193 0.023546
v -0.092802 -0.105261 0.046702
v -0.109815 -0.083216 0.050532
v -0.109815 -0.083216 0.050532
v -0.092802 -0.105261 0.046702
v -0.083673 -0.101168 0.070968
v -0.109815 -0.083216 0.050532
v -0.083673 -0.101168 0.070968
v -0.099160 -0.080516 0.075057
v -0.099160 -0.080516 0.075057
v -0.083673 -0.101168 0.070968
v -0.073307 -0.094987 0.090862
v -0.099160 -0.080516 0.075057
v -0.073307 -0.094987 0.090862
v -0.085699 -0.076935 0.095506
v -0.085699 -0.076935 0.095506
v -0.073307 -0.094987 0.090862
v -0.064634 -0.089022 0.103535
v -0.085699 -0.076935 0.095506
v -0.064634 -0.089022 0.103535
v -0.069319 -0.074908 0.110625
v -0.093941 -0.054242 0.100916
v -0.085699 -0.076935 0.095506
v -0.069319 -0.074908 0.110625
v -0.093941 -0.054242 0.100916
v -0.069319 -0.074908 0.110625
v -0.074182 -0.053381 0.118001
v -0.098869 -0.028105 0.104772
v -0.093941 -0.054242 0.100916
v -0.074182 -0.053381 0.118001
v -0.098869 -0.028105 0.104772
v -0.074182 -0.053381 0.118001
v -0.077418 -0.027806 0.122935
v -0.100525 -0.000194 0.106218
v -0.098869 -0.028105 0.104772
v -0.077418 -0.027806 0.122935
v -0.100525 -0.000194 0.106218
v -0.077418 -0.027806 0.122935
v -0.078556 -0.000236 0.124712
v -0.118375 -0.000144 0.083233
v -0.116261 -0.028786 0.082088
v -0.098869 -0.028105 0.104772
v -0.118375 -0.000144 0.083233
v -0.098869 -0.028105 0.104772
v -0.100525 -0.000194 0.106218
v -0.131727 -0.000088 0.056901
v -0.129286 -0.029428 0.056033
v -0.116261 -0.028786 0.082088
v -0.131727 -0.000088 0.056901
v -0.116261 -0.028786 0.082088
v -0.118375 -0.000144 0.083233
v -0.085598 -0.107740 -0.061198
v -0.064065 -0.116874 -0.069265
v -0.061008 -0.128245 -0.044912
v -0.085598 -0.107740 -0.061198
v -0.061008 -0.128245 -0.044912
v -0.084658 -0.116933 -0.038247
v -0.064065 -0.116874 -0.069265
v -0.038985 -0.122452 -0.077150
v -0.034618 -0.135060 -0.051862
v -0.064065 -0.116874 -0.069265
v -0.034618 -0.135060 -0.051862
v -0.061008 -0.128245 -0.044912
v -0.084658 -0.116933 -0.038247
v -0.061008 -0.128245 -0.044912
v -0.057158 -0.135124 -0.017912
v -0.084658 -0.116933 -0.038247
v -0.057158 -0.135124 -0.017912
v -0.082179 -0.122575 -0.012087
v -0.061008 -0.128245 -0.044912
v -0.034618 -0.135060 -0.051862
v -0.029737 -0.142724 -0.024179
v -0.061008 -0.128245 -0.044912
v -0.029737 -0.142724 -0.024179
v -0.057158 -0.135124 -0.017912
v -0.099810 -0.088663 -0.070598
v -0.087151 -0.094641 -0.079282
v -0.085598 -0.107740 -0.061198
v -0.099810 -0.088663 -0.070598
v -0.085598 -0.107740 -0.061198
v -0.102889 -0.094686 -0.055575
v -0.087151 -0.094641 -0.079282
v -0.067270 -0.100847 -0.089659
v -0.064065 -0.116874 -0.069265
v -0.087151 -0.094641 -0.079282
v -0.064065 -0.116874 -0.069265
v -0.085598 -0.107740 -0.061198
v -0.067270 -0.100847 -0.089659
v -0.043014 -0.104978 -0.098796
v -0.038985 -0.122452 -0.077150
v -0.067270 -0.100847 -0.089659
v -0.038985 -0.122452 -0.077150
v -0.064065 -0.116874 -0.069265
v -0.043014 -0.104978 -0.098796
v -0.016276 -0.106430 -0.105691
v -0.011829 -0.124348 -0.083694
v -0.043014 -0.104978 -0.098796
v -0.011829 -0.124348 -0.083694
v -0.038985 -0.122452 -0.077150
v -0.038985 -0.122452 -0.077150
v -0.011829 -0.124348 -0.083694
v -0.006671 -0.137346 -0.058172
v -0.038985 -0.122452 -0.077150
v -0.006671 -0.137346 -0.058172
v -0.034618 -0.135060 -0.051862
v -0.034618 -0.135060 -0.051862
v -0.006671 -0.137346 -0.058172
v -0.001038 -0.145277 -0.030296
v -0.034618 -0.135060 -0.051862
v -0.001038 -0.145277 -0.030296
v -0.029737 -0.142724 -0.024179
v -0.029737 -0.142724 -0.024179
v -0.001038 -0.145277 -0.030296
v 0.004832 -0.147994 -0.001239
v -0.029737 -0.142724 -0.024179
v 0.004832 -0.147994 -0.001239
v -0.024230 -0.145343 0.004637
v -0.057158 -0.135124 -0.017912
v -0.029737 -0.142724 -0.024179
v -0.024230 -0.145343 0.004637
v -0.057158 -0.135124 -0.017912
v -0.024230 -0.145343 0.004637
v -0.052120 -0.137475 0.010288
v -0.082179 -0.122575 -0.012087
v -0.057158 -0.135124 -0.017912
v -0.052120 -0.137475 0.010288
v -0.082179 -0.122575 -0.012087
v -0.052120 -0.137475 0.010288
v -0.077665 -0.124535 0.015475
v -0.103722 -0.105150 -0.007352
v -0.082179 -0.122575 -0.012087
v -0.077665 -0.124535 0.015475
v -0.103722 -0.105150 -0.007352
v -0.077665 -0.124535 0.015475
v -0.099695 -0.106667 0.019962
v -0.104725 -0.100953 -0.033242
v -0.084658 -0.116933 -0.038247
v -0.082179 -0.122575 -0.012087
v -0.104725 -0.100953 -0.033242
v -0.082179 -0.122575 -0.012087
v -0.103722 -0.105150 -0.007352
v -0.102889 -0.094686 -0.055575
v -0.085598 -0.107740 -0.061198
v -0.084658 -0.116933 -0.038247
v -0.102889 -0.094686 -0.055575
v -0.084658 -0.116933 -0.038247
v -0.104725 -0.100953 -0.033242
v 0.015737 -0.122441 -0.088204
v 0.041909 -0.116852 -0.090673
v 0.048549 -0.128223 -0.067043
v 0.015737 -0.122441 -0.088204
v 0.048549 -0.128223 -0.067043
v 0.021534 -0.135048 -0.063206
v 0.041909 -0.116852 -0.090673
v 0.064881 -0.107709 -0.091596
v 0.072928 -0.116900 -0.070080
v 0.041909 -0.116852 -0.090673
v 0.072928 -0.116900 -0.070080
v 0.048549 -0.128223 -0.067043
v 0.021534 -0.135048 -0.063206
v 0.048549 -0.128223 -0.067043
v 0.055484 -0.135101 -0.040666
v 0.021534 -0.135048 -0.063206
v 0.055484 -0.135101 -0.040666
v 0.027784 -0.142713 -0.035799
v 0.048549 -0.128223 -0.067043
v 0.072928 -0.116900 -0.070080
v 0.080800 -0.122541 -0.045010
v 0.048549 -0.128223 -0.067043
v 0.080800 -0.122541 -0.045010
v 0.055484 -0.135101 -0.040666
v -0.016276 -0.106430 -0.105691
v 0.011040 -0.104967 -0.109715
v 0.015737 -0.122441 -0.088204
v -0.016276 -0.106430 -0.105691
v 0.015737 -0.122441 -0.088204
v -0.011829 -0.124348 -0.083694
v 0.011040 -0.104967 -0.109715
v 0.036940 -0.100826 -0.110711
v 0.041909 -0.116852 -0.090673
v 0.011040 -0.104967 -0.109715
v 0.041909 -0.116852 -0.090673
v 0.015737 -0.122441 -0.088204
v 0.036940 -0.100826 -0.110711
v 0.059287 -0.094611 -0.108863
v 0.064881 -0.107709 -0.091596
v 0.036940 -0.100826 -0.110711
v 0.064881 -0.107709 -0.091596
v 0.041909 -0.116852 -0.090673
v 0.059287 -0.094611 -0.108863
v 0.074323 -0.088627 -0.105774
v 0.082993 -0.094647 -0.093125
v 0.059287 -0.094611 -0.108863
v 0.082993 -0.094647 -0.093125
v 0.064881 -0.107709 -0.091596
v 0.064881 -0.107709 -0.091596
v 0.082993 -0.094647 -0.093125
v 0.093357 -0.100913 -0.073256
v 0.064881 -0.107709 -0.091596
v 0.093357 -0.100913 -0.073256
v 0.072928 -0.116900 -0.070080
v 0.072928 -0.116900 -0.070080
v 0.093357 -0.100913 -0.073256
v 0.102484 -0.105108 -0.049007
v 0.072928 -0.116900 -0.070080
v 0.102484 -0.105108 -0.049007
v 0.080800 -0.122541 -0.045010
v 0.080800 -0.122541 -0.045010
v 0.102484 -0.105108 -0.049007
v 0.109376 -0.106624 -0.022273
v 0.080800 -0.122541 -0.045010
v 0.109376 -0.106624 -0.022273
v 0.087339 -0.124501 -0.017858
v 0.055484 -0.135101 -0.040666
v 0.080800 -0.122541 -0.045010
v 0.087339 -0.124501 -0.017858
v 0.055484 -0.135101 -0.040666
v 0.087339 -0.124501 -0.017858
v 0.061789 -0.137452 -0.012723
v 0.027784 -0.142713 -0.035799
v 0.055484 -0.135101 -0.040666
v 0.061789 -0.137452 -0.012723
v 0.027784 -0.142713 -0.035799
v 0.061789 -0.137452 -0.012723
v 0.033896 -0.145331 -0.007105
v -0.001038 -0.145277 -0.030296
v 0.027784 -0.142713 -0.035799
v 0.033896 -0.145331 -0.007105
v -0.001038 -0.145277 -0.030296
v 0.033896 -0.145331 -0.007105
v 0.004832 -0.147994 -0.001239
v -0.006671 -0.137346 -0.058172
v 0.021534 -0.135048 -0.063206
v 0.027784 -0.142713 -0.035799
v -0.006671 -0.137346 -0.058172
v 0.027784 -0.142713 -0.035799
v -0.001038 -0.145277 -0.030296
v -0.011829 -0.124348 -0.083694
v 0.015737 -0.122441 -0.088204
v 0.021534 -0.135048 -0.063206
v -0.011829 -0.124348 -0.083694
v 0.021534 -0.135048 -0.063206
v -0.006671 -0.137346 -0.058172
v -0.071125 -0.122687 0.042635
v -0.045814 -0.135240 0.038240
v -0.038876 -0.128471 0.064645
v -0.071125 -0.122687 0.042635
v -0.038876 -0.128471 0.064645
v -0.063250 -0.117151 0.067727
v -0.045814 -0.135240 0.038240
v -0.018117 -0.142843 0.033342
v -0.011864 -0.135292 0.060779
v -0.045814 -0.135240 0.038240
v -0.011864 -0.135292 0.060779
v -0.038876 -0.128471 0.064645
v -0.063250 -0.117151 0.067727
v -0.038876 -0.128471 0.064645
v -0.032232 -0.117199 0.088320
v -0.063250 -0.117151 0.067727
v -0.032232 -0.117199 0.088320
v -0.055200 -0.108050 0.089280
v -0.038876 -0.128471 0.064645
v -0.011864 -0.135292 0.060779
v -0.006062 -0.122788 0.085829
v -0.038876 -0.128471 0.064645
v -0.006062 -0.122788 0.085829
v -0.032232 -0.117199 0.088320
v -0.099695 -0.106667 0.019962
v -0.077665 -0.124535 0.015475
v -0.071125 -0.122687 0.042635
v -0.099695 -0.106667 0.019962
v -0.071125 -0.122687 0.042635
v -0.092802 -0.105261 0.046702
v -0.077665 -0.124535 0.015475
v -0.052120 -0.137475 0.010288
v -0.045814 -0.135240 0.038240
v -0.077665 -0.124535 0.015475
v -0.045814 -0.135240 0.038240
v -0.071125 -0.122687 0.042635
v -0.052120 -0.137475 0.010288
v -0.024230 -0.145343 0.004637
v -0.018117 -0.142843 0.033342
v -0.052120 -0.137475 0.010288
v -0.018117 -0.142843 0.033342
v -0.045814 -0.135240 0.038240
v -0.024230 -0.145343 0.004637
v 0.004832 -0.147994 -0.001239
v 0.010704 -0.145397 0.027829
v -0.024230 -0.145343 0.004637
v 0.010704 -0.145397 0.027829
v -0.018117 -0.142843 0.033342
v -0.018117 -0.142843 0.033342
v 0.010704 -0.145397 0.027829
v 0.016340 -0.137581 0.055736
v -0.018117 -0.142843 0.033342
v 0.016340 -0.137581 0.055736
v -0.011864 -0.135292 0.060779
v -0.011864 -0.135292 0.060779
v 0.016340 -0.137581 0.055736
v 0.021503 -0.124688 0.081310
v -0.011864 -0.135292 0.060779
v 0.021503 -0.124688 0.081310
v -0.006062 -0.122788 0.085829
v -0.006062 -0.122788 0.085829
v 0.021503 -0.124688 0.081310
v 0.025958 -0.106861 0.103380
v -0.006062 -0.122788 0.085829
v 0.025958 -0.106861 0.103380
v -0.001358 -0.105403 0.107410
v -0.032232 -0.117199 0.088320
v -0.006062 -0.122788 0.085829
v -0.001358 -0.105403 0.107410
v -0.032232 -0.117199 0.088320
v -0.001358 -0.105403 0.107410
v -0.027256 -0.101255 0.108422
v -0.055200 -0.108050 0.089280
v -0.032232 -0.117199 0.088320
v -0.027256 -0.101255 0.108422
v -0.055200 -0.108050 0.089280
v -0.027256 -0.101255 0.108422
v -0.049601 -0.095024 0.106600
v -0.073307 -0.094987 0.090862
v -0.055200 -0.108050 0.089280
v -0.049601 -0.095024 0.106600
v -0.073307 -0.094987 0.090862
v -0.049601 -0.095024 0.106600
v -0.064634 -0.089022 0.103535
v -0.083673 -0.101168 0.070968
v -0.063250 -0.117151 0.067727
v -0.055200 -0.108050 0.089280
v -0.083673 -0.101168 0.070968
v -0.055200 -0.108050 0.089280
v -0.073307 -0.094987 0.090862
v -0.092802 -0.105261 0.046702
v -0.071125 -0.122687 0.042635
v -0.063250 -0.117151 0.067727
v -0.092802 -0.105261 0.046702
v -0.063250 -0.117151 0.067727
v -0.083673 -0.101168 0.070968
v 0.039404 -0.142831 0.021722
v 0.066828 -0.135217 0.015486
v 0.070681 -0.128448 0.042513
v 0.039404 -0.142831 0.021722
v 0.070681 -0.128448 0.042513
v 0.044288 -0.135281 0.049436
v 0.066828 -0.135217 0.015486
v 0.091854 -0.122654 0.009711
v 0.094335 -0.117119 0.035894
v 0.066828 -0.135217 0.015486
v 0.094335 -0.117119 0.035894
v 0.070681 -0.128448 0.042513
v 0.044288 -0.135281 0.049436
v 0.070681 -0.128448 0.042513
v 0.073743 -0.117177 0.066912
v 0.044288 -0.135281 0.049436
v 0.073743 -0.117177 0.066912
v 0.048660 -0.122777 0.074774
v 0.070681 -0.128448 0.042513
v 0.094335 -0.117119 0.035894
v 0.095279 -0.108019 0.058882
v 0.070681 -0.128448 0.042513
v 0.095279 -0.108019 0.058882
v 0.073743 -0.117177 0.066912
v 0.004832 -0.147994 -0.001239
v 0.033896 -0.145331 -0.007105
v 0.039404 -0.142831 0.021722
v 0.004832 -0.147994 -0.001239
v 0.039404 -0.142831 0.021722
v 0.010704 -0.145397 0.027829
v 0.033896 -0.145331 -0.007105
v 0.061789 -0.137452 -0.012723
v 0.066828 -0.135217 0.015486
v 0.033896 -0.145331 -0.007105
v 0.066828 -0.135217 0.015486
v 0.039404 -0.142831 0.021722
v 0.061789 -0.137452 -0.012723
v 0.087339 -0.124501 -0.017858
v 0.091854 -0.122654 0.009711
v 0.061789 -0.137452 -0.012723
v 0.091854 -0.122654 0.009711
v 0.066828 -0.135217 0.015486
v 0.087339 -0.124501 -0.017858
v 0.109376 -0.106624 -0.022273
v 0.113404 -0.105219 0.005047
v 0.087339 -0.124501 -0.017858
v 0.113404 -0.105219 0.005047
v 0.091854 -0.122654 0.009711
v 0.091854 -0.122654 0.009711
v 0.113404 -0.105219 0.005047
v 0.114409 -0.101127 0.030954
v 0.091854 -0.122654 0.009711
v 0.114409 -0.101127 0.030954
v 0.094335 -0.117119 0.035894
v 0.094335 -0.117119 0.035894
v 0.114409 -0.101127 0.030954
v 0.112575 -0.094949 0.053312
v 0.094335 -0.117119 0.035894
v 0.112575 -0.094949 0.053312
v 0.095279 -0.108019 0.058882
v 0.095279 -0.108019 0.058882
v 0.112575 -0.094949 0.053312
v 0.109499 -0.088986 0.068359
v 0.095279 -0.108019 0.058882
v 0.109499 -0.088986 0.068359
v 0.096837 -0.094994 0.077018
v 0.073743 -0.117177 0.066912
v 0.095279 -0.108019 0.058882
v 0.096837 -0.094994 0.077018
v 0.073743 -0.117177 0.066912
v 0.096837 -0.094994 0.077018
v 0.076954 -0.101234 0.087371
v 0.048660 -0.122777 0.074774
v 0.073743 -0.117177 0.066912
v 0.076954 -0.101234 0.087371
v 0.048660 -0.122777 0.074774
v 0.076954 -0.101234 0.087371
v 0.052696 -0.105391 0.096491
v 0.021503 -0.124688 0.081310
v 0.048660 -0.122777 0.074774
v 0.052696 -0.105391 0.096491
v 0.021503 -0.124688 0.081310
v 0.052696 -0.105391 0.096491
v 0.025958 -0.106861 0.103380
v 0.016340 -0.137581 0.055736
v 0.044288 -0.135281 0.049436
v 0.048660 -0.122777 0.074774
v 0.016340 -0.137581 0.055736
v 0.048660 -0.122777 0.074774
v 0.021503 -0.124688 0.081310
v 0.010704 -0.145397 0.027829
v 0.039404 -0.142831 0.021722
v 0.044288 -0.135281 0.049436
v 0.010704 -0.145397 0.027829
v 0.044288 -0.135281 0.049436
v 0.016340 -0.137581 0.055736
v 0.095393 -0.076581 -0.097696
v 0.103644 -0.053870 -0.103014
v 0.119592 -0.055745 -0.081245
v 0.095393 -0.076581 -0.097696
v 0.119592 -0.055745 -0.081245
v 0.108852 -0.080250 -0.077262
v 0.103644 -0.053870 -0.103014
v 0.108583 -0.027720 -0.106765
v 0.125974 -0.028499 -0.084084
v 0.103644 -0.053870 -0.103014
v 0.125974 -0.028499 -0.084084
v 0.119592 -0.055745 -0.081245
v 0.108852 -0.080250 -0.077262
v 0.119592 -0.055745 -0.081245
v 0.131674 -0.057372 -0.055897
v 0.108852 -0.080250 -0.077262
v 0.131674 -0.057372 -0.055897
v 0.119506 -0.083053 -0.052748
v 0.119592 -0.055745 -0.081245
v 0.125974 -0.028499 -0.084084
v 0.138998 -0.029252 -0.058031
v 0.119592 -0.055745 -0.081245
v 0.138998 -0.029252 -0.058031
v 0.131674 -0.057372 -0.055897
v 0.074323 -0.088627 -0.105774
v 0.079013 -0.074486 -0.112807
v 0.095393 -0.076581 -0.097696
v 0.074323 -0.088627 -0.105774
v 0.095393 -0.076581 -0.097696
v 0.082993 -0.094647 -0.093125
v 0.079013 -0.074486 -0.112807
v 0.083885 -0.052932 -0.120095
v 0.103644 -0.053870 -0.103014
v 0.079013 -0.074486 -0.112807
v 0.103644 -0.053870 -0.103014
v 0.095393 -0.076581 -0.097696
v 0.083885 -0.052932 -0.120095
v 0.087132 -0.027338 -0.124926
v 0.108583 -0.027720 -0.106765
v 0.083885 -0.052932 -0.120095
v 0.108583 -0.027720 -0.106765
v 0.103644 -0.053870 -0.103014
v 0.087132 -0.027338 -0.124926
v 0.088280 0.000238 -0.126592
v 0.110250 0.000196 -0.108098
v 0.087132 -0.027338 -0.124926
v 0.110250 0.000196 -0.108098
v 0.108583 -0.027720 -0.106765
v 0.108583 -0.027720 -0.106765
v 0.110250 0.000196 -0.108098
v 0.128100 0.000146 -0.085113
v 0.108583 -0.027720 -0.106765
v 0.128100 0.000146 -0.085113
v 0.125974 -0.028499 -0.084084
v 0.125974 -0.028499 -0.084084
v 0.128100 0.000146 -0.085113
v 0.141452 0.000090 -0.058781
v 0.125974 -0.028499 -0.084084
v 0.141452 0.000090 -0.058781
v 0.138998 -0.029252 -0.058031
v 0.138998 -0.029252 -0.058031
v 0.141452 0.000090 -0.058781
v 0.149927 0.000031 -0.030244
v 0.138998 -0.029252 -0.058031
v 0.149927 0.000031 -0.030244
v 0.147317 -0.029620 -0.029778
v 0.131674 -0.057372 -0.055897
v 0.138998 -0.029252 -0.058031
v 0.147317 -0.029620 -0.029778
v 0.131674 -0.057372 -0.055897
v 0.147317 -0.029620 -0.029778
v 0.139593 -0.058076 -0.028277
v 0.119506 -0.083053 -0.052748
v 0.131674 -0.057372 -0.055897
v 0.139593 -0.058076 -0.028277
v 0.119506 -0.083053 -0.052748
v 0.139593 -0.058076 -0.028277
v 0.126899 -0.084142 -0.025766
v 0.102484 -0.105108 -0.049007
v 0.119506 -0.083053 -0.052748
v 0.126899 -0.084142 -0.025766
v 0.102484 -0.105108 -0.049007
v 0.126899 -0.084142 -0.025766
v 0.109376 -0.106624 -0.022273
v 0.093357 -0.100913 -0.073256
v 0.108852 -0.080250 -0.077262
v 0.119506 -0.083053 -0.052748
v 0.093357 -0.100913 -0.073256
v 0.119506 -0.083053 -0.052748
v 0.102484 -0.105108 -0.049007
v 0.082993 -0.094647 -0.093125
v 0.095393 -0.076581 -0.097696
v 0.108852 -0.080250 -0.077262
v 0.082993 -0.094647 -0.093125
v 0.108852 -0.080250 -0.077262
v 0.093357 -0.100913 -0.073256
v 0.108594 0.028107 -0.106652
v 0.103666 0.054244 -0.102796
v 0.119614 0.056025 -0.081020
v 0.108594 0.028107 -0.106652
v 0.119614 0.056025 -0.081020
v 0.125986 0.028787 -0.083968
v 0.103666 0.054244 -0.102796
v 0.095424 0.076937 -0.097386
v 0.108884 0.080518 -0.076937
v 0.103666 0.054244 -0.102796
v 0.108884 0.080518 -0.076937
v 0.119614 0.056025 -0.081020
v 0.125986 0.028787 -0.083968
v 0.119614 0.056025 -0.081020
v 0.131697 0.057545 -0.055665
v 0.125986 0.028787 -0.083968
v 0.131697 0.057545 -0.055665
v 0.139010 0.029430 -0.057913
v 0.119614 0.056025 -0.081020
v 0.108884 0.080518 -0.076937
v 0.119540 0.083217 -0.052412
v 0.119614 0.056025 -0.081020
v 0.119540 0.083217 -0.052412
v 0.131697 0.057545 -0.055665
v 0.088280 0.000238 -0.126592
v 0.087143 0.027808 -0.124815
v 0.108594 0.028107 -0.106652
v 0.088280 0.000238 -0.126592
v 0.108594 0.028107 -0.106652
v 0.110250 0.000196 -0.108098
v 0.087143 0.027808 -0.124815
v 0.083907 0.053383 -0.119881
v 0.103666 0.054244 -0.102796
v 0.087143 0.027808 -0.124815
v 0.103666 0.054244 -0.102796
v 0.108594 0.028107 -0.106652
v 0.083907 0.053383 -0.119881
v 0.079044 0.074909 -0.112505
v 0.095424 0.076937 -0.097386
v 0.083907 0.053383 -0.119881
v 0.095424 0.076937 -0.097386
v 0.103666 0.054244 -0.102796
v 0.079044 0.074909 -0.112505
v 0.074359 0.089023 -0.105415
v 0.083032 0.094989 -0.092742
v 0.079044 0.074909 -0.112505
v 0.083032 0.094989 -0.092742
v 0.095424 0.076937 -0.097386
v 0.095424 0.076937 -0.097386
v 0.083032 0.094989 -0.092742
v 0.093398 0.101170 -0.072848
v 0.095424 0.076937 -0.097386
v 0.093398 0.101170 -0.072848
v 0.108884 0.080518 -0.076937
v 0.108884 0.080518 -0.076937
v 0.093398 0.101170 -0.072848
v 0.102527 0.105263 -0.048582
v 0.108884 0.080518 -0.076937
v 0.102527 0.105263 -0.048582
v 0.119540 0.083217 -0.052412
v 0.119540 0.083217 -0.052412
v 0.102527 0.105263 -0.048582
v 0.109419 0.106669 -0.021842
v 0.119540 0.083217 -0.052412
v 0.109419 0.106669 -0.021842
v 0.126933 0.084195 -0.025426
v 0.131697 0.057545 -0.055665
v 0.119540 0.083217 -0.052412
v 0.126933 0.084195 -0.025426
v 0.131697 0.057545 -0.055665
v 0.126933 0.084195 -0.025426
v 0.139617 0.058133 -0.028042
v 0.139010 0.029430 -0.057913
v 0.131697 0.057545 -0.055665
v 0.139617 0.058133 -0.028042
v 0.139010 0.029430 -0.057913
v 0.139617 0.058133 -0.028042
v 0.147329 0.029680 -0.029659
v 0.141452 0.000090 -0.058781
v 0.139010 0.029430 -0.057913
v 0.147329 0.029680 -0.029659
v 0.141452 0.000090 -0.058781
v 0.147329 0.029680 -0.029659
v 0.149927 0.000031 -0.030244
v 0.128100 0.000146 -0.085113
v 0.125986 0.028787 -0.083968
v 0.139010 0.029430 -0.057913
v 0.128100 0.000146 -0.085113
v 0.139010 0.029430 -0.057913
v 0.141452 0.000090 -0.058781
v 0.110250 0.000196 -0.108098
v 0.108594 0.028107 -0.106652
v 0.125986 0.028787 -0.083968
v 0.110250 0.000196 -0.108098
v 0.125986 0.028787 -0.083968
v 0.128100 0.000146 -0.085113
v 0.130560 -0.083166 0.001974
v 0.143017 -0.057488 0.000255
v 0.141723 -0.055971 0.028311
v 0.130560 -0.083166 0.001974
v 0.141723 -0.055971 0.028311
v 0.130260 -0.080469 0.028712
v 0.143017 -0.057488 0.000255
v 0.150618 -0.029371 -0.000511
v 0.148729 -0.028731 0.028558
v 0.143017 -0.057488 0.000255
v 0.148729 -0.028731 0.028558
v 0.141723 -0.055971 0.028311
v 0.130260 -0.080469 0.028712
v 0.141723 -0.055971 0.028311
v 0.135478 -0.054195 0.054571
v 0.130260 -0.080469 0.028712
v 0.135478 -0.054195 0.054571
v 0.125791 -0.076891 0.052783
v 0.141723 -0.055971 0.028311
v 0.148729 -0.028731 0.028558
v 0.141506 -0.028056 0.056214
v 0.141723 -0.055971 0.028311
v 0.141506 -0.028056 0.056214
v 0.135478 -0.054195 0.054571
v 0.109376 -0.106624 -0.022273
v 0.126899 -0.084142 -0.025766
v 0.130560 -0.083166 0.001974
v 0.109376 -0.106624 -0.022273
v 0.130560 -0.083166 0.001974
v 0.113404 -0.105219 0.005047
v 0.126899 -0.084142 -0.025766
v 0.139593 -0.058076 -0.028277
v 0.143017 -0.057488 0.000255
v 0.126899 -0.084142 -0.025766
v 0.143017 -0.057488 0.000255
v 0.130560 -0.083166 0.001974
v 0.139593 -0.058076 -0.028277
v 0.147317 -0.029620 -0.029778
v 0.150618 -0.029371 -0.000511
v 0.139593 -0.058076 -0.028277
v 0.150618 -0.029371 -0.000511
v 0.143017 -0.057488 0.000255
v 0.147317 -0.029620 -0.029778
v 0.149927 0.000031 -0.030244
v 0.153194 -0.000030 -0.000656
v 0.147317 -0.029620 -0.029778
v 0.153194 -0.000030 -0.000656
v 0.150618 -0.029371 -0.000511
v 0.150618 -0.029371 -0.000511
v 0.153194 -0.000030 -0.000656
v 0.151110 -0.000089 0.028795
v 0.150618 -0.029371 -0.000511
v 0.151110 -0.000089 0.028795
v 0.148729 -0.028731 0.028558
v 0.148729 -0.028731 0.028558
v 0.151110 -0.000089 0.028795
v 0.143582 -0.000144 0.056906
v 0.148729 -0.028731 0.028558
v 0.143582 -0.000144 0.056906
v 0.141506 -0.028056 0.056214
v 0.141506 -0.028056 0.056214
v 0.143582 -0.000144 0.056906
v 0.130515 -0.000193 0.082478
v 0.141506 -0.028056 0.056214
v 0.130515 -0.000193 0.082478
v 0.128787 -0.027763 0.081279
v 0.135478 -0.054195 0.054571
v 0.141506 -0.028056 0.056214
v 0.128787 -0.027763 0.081279
v 0.135478 -0.054195 0.054571
v 0.128787 -0.027763 0.081279
v 0.123900 -0.053340 0.077986
v 0.125791 -0.076891 0.052783
v 0.135478 -0.054195 0.054571
v 0.123900 -0.053340 0.077986
v 0.125791 -0.076891 0.052783
v 0.123900 -0.053340 0.077986
v 0.116563 -0.074869 0.073075
v 0.112575 -0.094949 0.053312
v 0.125791 -0.076891 0.052783
v 0.116563 -0.074869 0.073075
v 0.112575 -0.094949 0.053312
v 0.116563 -0.074869 0.073075
v 0.109499 -0.088986 0.068359
v 0.114409 -0.101127 0.030954
v 0.130260 -0.080469 0.028712
v 0.125791 -0.076891 0.052783
v 0.114409 -0.101127 0.030954
v 0.125791 -0.076891 0.052783
v 0.112575 -0.094949 0.053312
v 0.113404 -0.105219 0.005047
v 0.130560 -0.083166 0.001974
v 0.130260 -0.080469 0.028712
v 0.113404 -0.105219 0.005047
v 0.130260 -0.080469 0.028712
v 0.114409 -0.101127 0.030954
v 0.150630 0.029312 -0.000392
v 0.143041 0.057429 0.000487
v 0.141746 0.055799 0.028537
v 0.150630 0.029312 -0.000392
v 0.141746 0.055799 0.028537
v 0.148740 0.028555 0.028673
v 0.143041 0.057429 0.000487
v 0.130594 0.083105 0.002310
v 0.130292 0.080300 0.029037
v 0.143041 0.057429 0.000487
v 0.130292 0.080300 0.029037
v 0.141746 0.055799 0.028537
v 0.148740 0.028555 0.028673
v 0.141746 0.055799 0.028537
v 0.135500 0.053920 0.054789
v 0.148740 0.028555 0.028673
v 0.135500 0.053920 0.054789
v 0.141517 0.027771 0.056327
v 0.141746 0.055799 0.028537
v 0.130292 0.080300 0.029037
v 0.125822 0.076627 0.053093
v 0.141746 0.055799 0.028537
v 0.125822 0.076627 0.053093
v 0.135500 0.053920 0.054789
v 0.149927 0.000031 -0.030244
v 0.147329 0.029680 -0.029659
v 0.150630 0.029312 -0.000392
v 0.149927 0.000031 -0.030244
v 0.150630 0.029312 -0.000392
v 0.153194 -0.000030 -0.000656
v 0.147329 0.029680 -0.029659
v 0.139617 0.058133 -0.028042
v 0.143041 0.057429 0.000487
v 0.147329 0.029680 -0.029659
v 0.143041 0.057429 0.000487
v 0.150630 0.029312 -0.000392
v 0.139617 0.058133 -0.028042
v 0.126933 0.084195 -0.025426
v 0.130594 0.083105 0.002310
v 0.139617 0.058133 -0.028042
v 0.130594 0.083105 0.002310
v 0.143041 0.057429 0.000487
v 0.126933 0.084195 -0.025426
v 0.109419 0.106669 -0.021842
v 0.113446 0.105152 0.005472
v 0.126933 0.084195 -0.025426
v 0.113446 0.105152 0.005472
v 0.130594 0.083105 0.002310
v 0.130594 0.083105 0.002310
v 0.113446 0.105152 0.005472
v 0.114449 0.100955 0.031362
v 0.130594 0.083105 0.002310
v 0.114449 0.100955 0.031362
v 0.130292 0.080300 0.029037
v 0.130292 0.080300 0.029037
v 0.114449 0.100955 0.031362
v 0.112613 0.094687 0.053695
v 0.130292 0.080300 0.029037
v 0.112613 0.094687 0.053695
v 0.125822 0.076627 0.053093
v 0.125822 0.076627 0.053093
v 0.112613 0.094687 0.053695
v 0.109535 0.088665 0.068718
v 0.125822 0.076627 0.053093
v 0.109535 0.088665 0.068718
v 0.116593 0.074526 0.073377
v 0.135500 0.053920 0.054789
v 0.125822 0.076627 0.053093
v 0.116593 0.074526 0.073377
v 0.135500 0.053920 0.054789
v 0.116593 0.074526 0.073377
v 0.123921 0.052975 0.078201
v 0.141517 0.027771 0.056327
v 0.135500 0.053920 0.054789
v 0.123921 0.052975 0.078201
v 0.141517 0.027771 0.056327
v 0.123921 0.052975 0.078201
v 0.128799 0.027383 0.081391
v 0.143582 -0.000144 0.056906
v 0.141517 0.027771 0.056327
v 0.128799 0.027383 0.081391
v 0.143582 -0.000144 0.056906
v 0.128799 0.027383 0.081391
v 0.130515 -0.000193 0.082478
v 0.151110 -0.000089 0.028795
v 0.148740 0.028555 0.028673
v 0.141517 0.027771 0.056327
v 0.151110 -0.000089 0.028795
v 0.141517 0.027771 0.056327
v 0.143582 -0.000144 0.056906
v 0.153194 -0.000030 -0.000656
v 0.150630 0.029312 -0.000392
v 0.148740 0.028555 0.028673
v 0.153194 -0.000030 -0.000656
v 0.148740 0.028555 0.028673
v 0.151110 -0.000089 0.028795
v 0.064924 0.108052 -0.091160
v 0.041956 0.117201 -0.090200
v 0.048601 0.128473 -0.066525
v 0.064924 0.108052 -0.091160
v 0.048601 0.128473 -0.066525
v 0.072975 0.117153 -0.069608
v 0.041956 0.117201 -0.090200
v 0.015786 0.122790 -0.087709
v 0.021588 0.135294 -0.062660
v 0.041956 0.117201 -0.090200
v 0.021588 0.135294 -0.062660
v 0.048601 0.128473 -0.066525
v 0.072975 0.117153 -0.069608
v 0.048601 0.128473 -0.066525
v 0.055539 0.135242 -0.040120
v 0.072975 0.117153 -0.069608
v 0.055539 0.135242 -0.040120
v 0.080849 0.122689 -0.044515
v 0.048601 0.128473 -0.066525
v 0.021588 0.135294 -0.062660
v 0.027842 0.142845 -0.035222
v 0.048601 0.128473 -0.066525
v 0.027842 0.142845 -0.035222
v 0.055539 0.135242 -0.040120
v 0.074359 0.089023 -0.105415
v 0.059326 0.095026 -0.108480
v 0.064924 0.108052 -0.091160
v 0.074359 0.089023 -0.105415
v 0.064924 0.108052 -0.091160
v 0.083032 0.094989 -0.092742
v 0.059326 0.095026 -0.108480
v 0.036980 0.101257 -0.110302
v 0.041956 0.117201 -0.090200
v 0.059326 0.095026 -0.108480
v 0.041956 0.117201 -0.090200
v 0.064924 0.108052 -0.091160
v 0.036980 0.101257 -0.110302
v 0.011083 0.105404 -0.109290
v 0.015786 0.122790 -0.087709
v 0.036980 0.101257 -0.110302
v 0.015786 0.122790 -0.087709
v 0.041956 0.117201 -0.090200
v 0.011083 0.105404 -0.109290
v -0.016233 0.106863 -0.105260
v -0.011779 0.124690 -0.083191
v 0.011083 0.105404 -0.109290
v -0.011779 0.124690 -0.083191
v 0.015786 0.122790 -0.087709
v 0.015786 0.122790 -0.087709
v -0.011779 0.124690 -0.083191
v -0.006615 0.137582 -0.057616
v 0.015786 0.122790 -0.087709
v -0.006615 0.137582 -0.057616
v 0.021588 0.135294 -0.062660
v 0.021588 0.135294 -0.062660
v -0.006615 0.137582 -0.057616
v -0.000979 0.145399 -0.029709
v 0.021588 0.135294 -0.062660
v -0.000979 0.145399 -0.029709
v 0.027842 0.142845 -0.035222
v 0.027842 0.142845 -0.035222
v -0.000979 0.145399 -0.029709
v 0.004892 0.147996 -0.000641
v 0.027842 0.142845 -0.035222
v 0.004892 0.147996 -0.000641
v 0.033955 0.145345 -0.006517
v 0.055539 0.135242 -0.040120
v 0.027842 0.142845 -0.035222
v 0.033955 0.145345 -0.006517
v 0.055539 0.135242 -0.040120
v 0.033955 0.145345 -0.006517
v 0.061844 0.137477 -0.012168
v 0.080849 0.122689 -0.044515
v 0.055539 0.135242 -0.040120
v 0.061844 0.137477 -0.012168
v 0.080849 0.122689 -0.044515
v 0.061844 0.137477 -0.012168
v 0.087390 0.124537 -0.017355
v 0.102527 0.105263 -0.048582
v 0.080849 0.122689 -0.044515
v 0.087390 0.124537 -0.017355
v 0.102527 0.105263 -0.048582
v 0.087390 0.124537 -0.017355
v 0.109419 0.106669 -0.021842
v 0.093398 0.101170 -0.072848
v 0.072975 0.117153 -0.069608
v 0.080849 0.122689 -0.044515
v 0.093398 0.101170 -0.072848
v 0.080849 0.122689 -0.044515
v 0.102527 0.105263 -0.048582
v 0.083032 0.094989 -0.092742
v 0.064924 0.108052 -0.091160
v 0.072975 0.117153 -0.069608
v 0.083032 0.094989 -0.092742
v 0.072975 0.117153 -0.069608
v 0.093398 0.101170 -0.072848
v -0.038935 0.122778 -0.076655
v -0.064018 0.117179 -0.068792
v -0.060956 0.128450 -0.044393
v -0.038935 0.122778 -0.076655
v -0.060956 0.128450 -0.044393
v -0.034564 0.135282 -0.051316
v -0.064018 0.117179 -0.068792
v -0.085554 0.108021 -0.060762
v -0.084611 0.117121 -0.037774
v -0.064018 0.117179 -0.068792
v -0.084611 0.117121 -0.037774
v -0.060956 0.128450 -0.044393
v -0.034564 0.135282 -0.051316
v -0.060956 0.128450 -0.044393
v -0.057103 0.135218 -0.017366
v -0.034564 0.135282 -0.051316
v -0.057103 0.135218 -0.017366
v -0.029679 0.142833 -0.023602
v -0.060956 0.128450 -0.044393
v -0.084611 0.117121 -0.037774
v -0.082129 0.122656 -0.011591
v -0.060956 0.128450 -0.044393
v -0.082129 0.122656 -0.011591
v -0.057103 0.135218 -0.017366
v -0.016233 0.106863 -0.105260
v -0.042971 0.105393 -0.098371
v -0.038935 0.122778 -0.076655
v -0.016233 0.106863 -0.105260
v -0.038935 0.122778 -0.076655
v -0.011779 0.124690 -0.083191
v -0.042971 0.105393 -0.098371
v -0.067229 0.101236 -0.089251
v -0.064018 0.117179 -0.068792
v -0.042971 0.105393 -0.098371
v -0.064018 0.117179 -0.068792
v -0.038935 0.122778 -0.076655
v -0.067229 0.101236 -0.089251
v -0.087113 0.094996 -0.078899
v -0.085554 0.108021 -0.060762
v -0.067229 0.101236 -0.089251
v -0.085554 0.108021 -0.060762
v -0.064018 0.117179 -0.068792
v -0.087113 0.094996 -0.078899
v -0.099775 0.088988 -0.070239
v -0.102851 0.094951 -0.055192
v -0.087113 0.094996 -0.078899
v -0.102851 0.094951 -0.055192
v -0.085554 0.108021 -0.060762
v -0.085554 0.108021 -0.060762
v -0.102851 0.094951 -0.055192
v -0.104684 0.101129 -0.032834
v -0.085554 0.108021 -0.060762
v -0.104684 0.101129 -0.032834
v -0.084611 0.117121 -0.037774
v -0.084611 0.117121 -0.037774
v -0.104684 0.101129 -0.032834
v -0.103679 0.105221 -0.006927
v -0.084611 0.117121 -0.037774
v -0.103679 0.105221 -0.006927
v -0.082129 0.122656 -0.011591
v -0.082129 0.122656 -0.011591
v -0.103679 0.105221 -0.006927
v -0.099651 0.106626 0.020392
v -0.082129 0.122656 -0.011591
v -0.099651 0.106626 0.020392
v -0.077615 0.124503 0.015978
v -0.057103 0.135218 -0.017366
v -0.082129 0.122656 -0.011591
v -0.077615 0.124503 0.015978
v -0.057103 0.135218 -0.017366
v -0.077615 0.124503 0.015978
v -0.052064 0.137453 0.010843
v -0.029679 0.142833 -0.023602
v -0.057103 0.135218 -0.017366
v -0.052064 0.137453 0.010843
v -0.029679 0.142833 -0.023602
v -0.052064 0.137453 0.010843
v -0.024171 0.145333 0.005224
v -0.000979 0.145399 -0.029709
v -0.029679 0.142833 -0.023602
v -0.024171 0.145333 0.005224
v -0.000979 0.145399 -0.029709
v -0.024171 0.145333 0.005224
v 0.004892 0.147996 -0.000641
v -0.006615 0.137582 -0.057616
v -0.034564 0.135282 -0.051316
v -0.029679 0.142833 -0.023602
v -0.006615 0.137582 -0.057616
v -0.029679 0.142833 -0.023602
v -0.000979 0.145399 -0.029709
v -0.011779 0.124690 -0.083191
v -0.038935 0.122778 -0.076655
v -0.034564 0.135282 -0.051316
v -0.011779 0.124690 -0.083191
v -0.034564 0.135282 -0.051316
v -0.006615 0.137582 -0.057616
v 0.091904 0.122577 0.010207
v 0.066882 0.135126 0.016032
v 0.070733 0.128247 0.043032
v 0.091904 0.122577 0.010207
v 0.070733 0.128247 0.043032
v 0.094383 0.116935 0.036366
v 0.066882 0.135126 0.016032
v 0.039461 0.142726 0.022299
v 0.044343 0.135062 0.049982
v 0.066882 0.135126 0.016032
v 0.044343 0.135062 0.049982
v 0.070733 0.128247 0.043032
v 0.094383 0.116935 0.036366
v 0.070733 0.128247 0.043032
v 0.073790 0.116876 0.067385
v 0.094383 0.116935 0.036366
v 0.073790 0.116876 0.067385
v 0.095323 0.107742 0.059318
v 0.070733 0.128247 0.043032
v 0.044343 0.135062 0.049982
v 0.048709 0.122454 0.075270
v 0.070733 0.128247 0.043032
v 0.048709 0.122454 0.075270
v 0.073790 0.116876 0.067385
v 0.109419 0.106669 -0.021842
v 0.087390 0.124537 -0.017355
v 0.091904 0.122577 0.010207
v 0.109419 0.106669 -0.021842
v 0.091904 0.122577 0.010207
v 0.113446 0.105152 0.005472
v 0.087390 0.124537 -0.017355
v 0.061844 0.137477 -0.012168
v 0.066882 0.135126 0.016032
v 0.087390 0.124537 -0.017355
v 0.066882 0.135126 0.016032
v 0.091904 0.122577 0.010207
v 0.061844 0.137477 -0.012168
v 0.033955 0.145345 -0.006517
v 0.039461 0.142726 0.022299
v 0.061844 0.137477 -0.012168
v 0.039461 0.142726 0.022299
v 0.066882 0.135126 0.016032
v 0.033955 0.145345 -0.006517
v 0.004892 0.147996 -0.000641
v 0.010763 0.145279 0.028416
v 0.033955 0.145345 -0.006517
v 0.010763 0.145279 0.028416
v 0.039461 0.142726 0.022299
v 0.039461 0.142726 0.022299
v 0.010763 0.145279 0.028416
v 0.016395 0.137348 0.056292
v 0.039461 0.142726 0.022299
v 0.016395 0.137348 0.056292
v 0.044343 0.135062 0.049982
v 0.044343 0.135062 0.049982
v 0.016395 0.137348 0.056292
v 0.021554 0.124350 0.081813
v 0.044343 0.135062 0.049982
v 0.021554 0.124350 0.081813
v 0.048709 0.122454 0.075270
v 0.048709 0.122454 0.075270
v 0.021554 0.124350 0.081813
v 0.026001 0.106432 0.103810
v 0.048709 0.122454 0.075270
v 0.026001 0.106432 0.103810
v 0.052738 0.104980 0.096916
v 0.073790 0.116876 0.067385
v 0.048709 0.122454 0.075270
v 0.052738 0.104980 0.096916
v 0.073790 0.116876 0.067385
v 0.052738 0.104980 0.096916
v 0.076995 0.100849 0.087779
v 0.095323 0.107742 0.059318
v 0.073790 0.116876 0.067385
v 0.076995 0.100849 0.087779
v 0.095323 0.107742 0.059318
v 0.076995 0.100849 0.087779
v 0.096875 0.094643 0.077401
v 0.112613 0.094687 0.053695
v 0.095323 0.107742 0.059318
v 0.096875 0.094643 0.077401
v 0.112613 0.094687 0.053695
v 0.096875 0.094643 0.077401
v 0.109535 0.088665 0.068718
v 0.114449 0.100955 0.031362
v 0.094383 0.116935 0.036366
v 0.095323 0.107742 0.059318
v 0.114449 0.100955 0.031362
v 0.095323 0.107742 0.059318
v 0.112613 0.094687 0.053695
v 0.113446 0.105152 0.005472
v 0.091904 0.122577 0.010207
v 0.094383 0.116935 0.036366
v 0.113446 0.105152 0.005472
v 0.094383 0.116935 0.036366
v 0.114449 0.100955 0.031362
v -0.018059 0.142714 0.033919
v -0.045760 0.135103 0.038786
v -0.038825 0.128224 0.065163
v -0.018059 0.142714 0.033919
v -0.038825 0.128224 0.065163
v -0.011809 0.135050 0.061325
v -0.045760 0.135103 0.038786
v -0.071075 0.122543 0.043130
v -0.063203 0.116902 0.068200
v -0.045760 0.135103 0.038786
v -0.063203 0.116902 0.068200
v -0.038825 0.128224 0.065163
v -0.011809 0.135050 0.061325
v -0.038825 0.128224 0.065163
v -0.032184 0.116854 0.088793
v -0.011809 0.135050 0.061325
v -0.032184 0.116854 0.088793
v -0.006012 0.122443 0.086324
v -0.038825 0.128224 0.065163
v -0.063203 0.116902 0.068200
v -0.055156 0.107711 0.089716
v -0.038825 0.128224 0.065163
v -0.055156 0.107711 0.089716
v -0.032184 0.116854 0.088793
v 0.004892 0.147996 -0.000641
v -0.024171 0.145333 0.005224
v -0.018059 0.142714 0.033919
v 0.004892 0.147996 -0.000641
v -0.018059 0.142714 0.033919
v 0.010763 0.145279 0.028416
v -0.024171 0.145333 0.005224
v -0.052064 0.137453 0.010843
v -0.045760 0.135103 0.038786
v -0.024171 0.145333 0.005224
v -0.045760 0.135103 0.038786
v -0.018059 0.142714 0.033919
v -0.052064 0.137453 0.010843
v -0.077615 0.124503 0.015978
v -0.071075 0.122543 0.043130
v -0.052064 0.137453 0.010843
v -0.071075 0.122543 0.043130
v -0.045760 0.135103 0.038786
v -0.077615 0.124503 0.015978
v -0.099651 0.106626 0.020392
v -0.092760 0.105109 0.047127
v -0.077615 0.124503 0.015978
v -0.092760 0.105109 0.047127
v -0.071075 0.122543 0.043130
v -0.071075 0.122543 0.043130
v -0.092760 0.105109 0.047127
v -0.083633 0.100915 0.071376
v -0.071075 0.122543 0.043130
v -0.083633 0.100915 0.071376
v -0.063203 0.116902 0.068200
v -0.063203 0.116902 0.068200
v -0.083633 0.100915 0.071376
v -0.073269 0.094649 0.091245
v -0.063203 0.116902 0.068200
v -0.073269 0.094649 0.091245
v -0.055156 0.107711 0.089716
v -0.055156 0.107711 0.089716
v -0.073269 0.094649 0.091245
v -0.064598 0.088629 0.103894
v -0.055156 0.107711 0.089716
v -0.064598 0.088629 0.103894
v -0.049563 0.094613 0.106983
v -0.032184 0.116854 0.088793
v -0.055156 0.107711 0.089716
v -0.049563 0.094613 0.106983
v -0.032184 0.116854 0.088793
v -0.049563 0.094613 0.106983
v -0.027215 0.100827 0.108830
v -0.006012 0.122443 0.086324
v -0.032184 0.116854 0.088793
v -0.027215 0.100827 0.108830
v -0.006012 0.122443 0.086324
v -0.027215 0.100827 0.108830
v -0.001316 0.104968 0.107835
v 0.021554 0.124350 0.081813
v -0.006012 0.122443 0.086324
v -0.001316 0.104968 0.107835
v 0.021554 0.124350 0.081813
v -0.001316 0.104968 0.107835
v 0.026001 0.106432 0.103810
v 0.016395 0.137348 0.056292
v -0.011809 0.135050 0.061325
v -0.006012 0.122443 0.086324
v 0.016395 0.137348 0.056292
v -0.006012 0.122443 0.086324
v 0.021554 0.124350 0.081813
v 0.010763 0.145279 0.028416
v -0.018059 0.142714 0.033919
v -0.011809 0.135050 0.061325
v 0.010763 0.145279 0.028416
v -0.011809 0.135050 0.061325
v 0.016395 0.137348 0.056292
v 0.058756 0.076993 -0.121729
v 0.060494 0.054311 -0.131457
v 0.034238 0.056156 -0.137699
v 0.058756 0.076993 -0.121729
v 0.034238 0.056156 -0.137699
v 0.034693 0.080632 -0.126191
v 0.060494 0.054311 -0.131457
v 0.062078 0.028179 -0.137533
v 0.034424 0.028929 -0.144754
v 0.060494 0.054311 -0.131457
v 0.034424 0.028929 -0.144754
v 0.034238 0.056156 -0.137699
v 0.034693 0.080632 -0.126191
v 0.034238 0.056156 -0.137699
v 0.006185 0.057738 -0.138990
v 0.034693 0.080632 -0.126191
v 0.006185 0.057738 -0.138990
v 0.007961 0.083390 -0.126487
v 0.034238 0.056156 -0.137699
v 0.034424 0.028929 -0.144754
v 0.005357 0.029636 -0.146642
v 0.034238 0.056156 -0.137699
v 0.005357 0.029636 -0.146642
v 0.006185 0.057738 -0.138990
v 0.074359 0.089023 -0.105415
v 0.079044 0.074909 -0.112505
v 0.058756 0.076993 -0.121729
v 0.074359 0.089023 -0.105415
v 0.058756 0.076993 -0.121729
v 0.059326 0.095026 -0.108480
v 0.079044 0.074909 -0.112505
v 0.083907 0.053383 -0.119881
v 0.060494 0.054311 -0.131457
v 0.079044 0.074909 -0.112505
v 0.060494 0.054311 -0.131457
v 0.058756 0.076993 -0.121729
v 0.083907 0.053383 -0.119881
v 0.087143 0.027808 -0.124815
v 0.062078 0.028179 -0.137533
v 0.083907 0.053383 -0.119881
v 0.062078 0.028179 -0.137533
v 0.060494 0.054311 -0.131457
v 0.087143 0.027808 -0.124815
v 0.088280 0.000238 -0.126592
v 0.062709 0.000269 -0.139659
v 0.087143 0.027808 -0.124815
v 0.062709 0.000269 -0.139659
v 0.062078 0.028179 -0.137533
v 0.062078 0.028179 -0.137533
v 0.062709 0.000269 -0.139659
v 0.034597 0.000290 -0.147188
v 0.062078 0.028179 -0.137533
v 0.034597 0.000290 -0.147188
v 0.034424 0.028929 -0.144754
v 0.034424 0.028929 -0.144754
v 0.034597 0.000290 -0.147188
v 0.005147 0.000300 -0.149271
v 0.034424 0.028929 -0.144754
v 0.005147 0.000300 -0.149271
v 0.005357 0.029636 -0.146642
v 0.005357 0.029636 -0.146642
v 0.005147 0.000300 -0.149271
v -0.024442 0.000300 -0.146005
v 0.005357 0.029636 -0.146642
v -0.024442 0.000300 -0.146005
v -0.023910 0.029944 -0.143340
v 0.006185 0.057738 -0.138990
v 0.005357 0.029636 -0.146642
v -0.023910 0.029944 -0.143340
v 0.006185 0.057738 -0.138990
v -0.023910 0.029944 -0.143340
v -0.022345 0.058383 -0.135565
v 0.007961 0.083390 -0.126487
v 0.006185 0.057738 -0.138990
v -0.022345 0.058383 -0.135565
v 0.007961 0.083390 -0.126487
v -0.022345 0.058383 -0.135565
v -0.019777 0.084421 -0.122823
v 0.011083 0.105404 -0.109290
v 0.007961 0.083390 -0.126487
v -0.019777 0.084421 -0.122823
v 0.011083 0.105404 -0.109290
v -0.019777 0.084421 -0.122823
v -0.016233 0.106863 -0.105260
v 0.036980 0.101257 -0.110302
v 0.034693 0.080632 -0.126191
v 0.007961 0.083390 -0.126487
v 0.036980 0.101257 -0.110302
v 0.007961 0.083390 -0.126487
v 0.011083 0.105404 -0.109290
v 0.059326 0.095026 -0.108480
v 0.058756 0.076993 -0.121729
v 0.034693 0.080632 -0.126191
v 0.059326 0.095026 -0.108480
v 0.034693 0.080632 -0.126191
v 0.036980 0.101257 -0.110302
v 0.062067 -0.027648 -0.137645
v 0.060472 -0.053804 -0.131676
v 0.034215 -0.055613 -0.137925
v 0.062067 -0.027648 -0.137645
v 0.034215 -0.055613 -0.137925
v 0.034412 -0.028358 -0.144870
v 0.060472 -0.053804 -0.131676
v 0.058725 -0.076525 -0.122039
v 0.034661 -0.080136 -0.126516
v 0.060472 -0.053804 -0.131676
v 0.034661 -0.080136 -0.126516
v 0.034215 -0.055613 -0.137925
v 0.034412 -0.028358 -0.144870
v 0.034215 -0.055613 -0.137925
v 0.006162 -0.057179 -0.139223
v 0.034412 -0.028358 -0.144870
v 0.006162 -0.057179 -0.139223
v 0.005345 -0.029046 -0.146761
v 0.034215 -0.055613 -0.137925
v 0.034661 -0.080136 -0.126516
v 0.007927 -0.082881 -0.126823
v 0.034215 -0.055613 -0.137925
v 0.007927 -0.082881 -0.126823
v 0.006162 -0.057179 -0.139223
v 0.088280 0.000238 -0.126592
v 0.087132 -0.027338 -0.124926
v 0.062067 -0.027648 -0.137645
v 0.088280 0.000238 -0.126592
v 0.062067 -0.027648 -0.137645
v 0.062709 0.000269 -0.139659
v 0.087132 -0.027338 -0.124926
v 0.083885 -0.052932 -0.120095
v 0.060472 -0.053804 -0.131676
v 0.087132 -0.027338 -0.124926
v 0.060472 -0.053804 -0.131676
v 0.062067 -0.027648 -0.137645
v 0.083885 -0.052932 -0.120095
v 0.079013 -0.074486 -0.112807
v 0.058725 -0.076525 -0.122039
v 0.083885 -0.052932 -0.120095
v 0.058725 -0.076525 -0.122039
v 0.060472 -0.053804 -0.131676
v 0.079013 -0.074486 -0.112807
v 0.074323 -0.088627 -0.105774
v 0.059287 -0.094611 -0.108863
v 0.079013 -0.074486 -0.112807
v 0.059287 -0.094611 -0.108863
v 0.058725 -0.076525 -0.122039
v 0.058725 -0.076525 -0.122039
v 0.059287 -0.094611 -0.108863
v 0.036940 -0.100826 -0.110711
v 0.058725 -0.076525 -0.122039
v 0.036940 -0.100826 -0.110711
v 0.034661 -0.080136 -0.126516
v 0.034661 -0.080136 -0.126516
v 0.036940 -0.100826 -0.110711
v 0.011040 -0.104967 -0.109715
v 0.034661 -0.080136 -0.126516
v 0.011040 -0.104967 -0.109715
v 0.007927 -0.082881 -0.126823
v 0.007927 -0.082881 -0.126823
v 0.011040 -0.104967 -0.109715
v -0.016276 -0.106430 -0.105691
v 0.007927 -0.082881 -0.126823
v -0.016276 -0.106430 -0.105691
v -0.019811 -0.083916 -0.123163
v 0.006162 -0.057179 -0.139223
v 0.007927 -0.082881 -0.126823
v -0.019811 -0.083916 -0.123163
v 0.006162 -0.057179 -0.139223
v -0.019811 -0.083916 -0.123163
v -0.022369 -0.057826 -0.135800
v 0.005345 -0.029046 -0.146761
v 0.006162 -0.057179 -0.139223
v -0.022369 -0.057826 -0.135800
v 0.005345 -0.029046 -0.146761
v -0.022369 -0.057826 -0.135800
v -0.023922 -0.029355 -0.143460
v 0.005147 0.000300 -0.149271
v 0.005345 -0.029046 -0.146761
v -0.023922 -0.029355 -0.143460
v 0.005147 0.000300 -0.149271
v -0.023922 -0.029355 -0.143460
v -0.024442 0.000300 -0.146005
v 0.034597 0.000290 -0.147188
v 0.034412 -0.028358 -0.144870
v 0.005345 -0.029046 -0.146761
v 0.034597 0.000290 -0.147188
v 0.005345 -0.029046 -0.146761
v 0.005147 0.000300 -0.149271
v 0.062709 0.000269 -0.139659
v 0.062067 -0.027648 -0.137645
v 0.034412 -0.028358 -0.144870
v 0.062709 0.000269 -0.139659
v 0.034412 -0.028358 -0.144870
v 0.034597 0.000290 -0.147188
v -0.046761 0.083378 -0.115432
v -0.049967 0.057727 -0.127647
v -0.075319 0.056134 -0.115568
v -0.046761 0.083378 -0.115432
v -0.075319 0.056134 -0.115568
v -0.071281 0.080611 -0.104783
v -0.049967 0.057727 -0.127647
v -0.052164 0.029625 -0.135023
v -0.078218 0.028906 -0.122000
v -0.049967 0.057727 -0.127647
v -0.078218 0.028906 -0.122000
v -0.075319 0.056134 -0.115568
v -0.071281 0.080611 -0.104783
v -0.075319 0.056134 -0.115568
v -0.097092 0.054278 -0.099624
v -0.071281 0.080611 -0.104783
v -0.097092 0.054278 -0.099624
v -0.091723 0.076962 -0.091331
v -0.075319 0.056134 -0.115568
v -0.078218 0.028906 -0.122000
v -0.100901 0.028145 -0.104609
v -0.075319 0.056134 -0.115568
v -0.100901 0.028145 -0.104609
v -0.097092 0.054278 -0.099624
v -0.016233 0.106863 -0.105260
v -0.019777 0.084421 -0.122823
v -0.046761 0.083378 -0.115432
v -0.016233 0.106863 -0.105260
v -0.046761 0.083378 -0.115432
v -0.042971 0.105393 -0.098371
v -0.019777 0.084421 -0.122823
v -0.022345 0.058383 -0.135565
v -0.049967 0.057727 -0.127647
v -0.019777 0.084421 -0.122823
v -0.049967 0.057727 -0.127647
v -0.046761 0.083378 -0.115432
v -0.022345 0.058383 -0.135565
v -0.023910 0.029944 -0.143340
v -0.052164 0.029625 -0.135023
v -0.022345 0.058383 -0.135565
v -0.052164 0.029625 -0.135023
v -0.049967 0.057727 -0.127647
v -0.023910 0.029944 -0.143340
v -0.024442 0.000300 -0.146005
v -0.052979 0.000288 -0.137529
v -0.023910 0.029944 -0.143340
v -0.052979 0.000288 -0.137529
v -0.052164 0.029625 -0.135023
v -0.052164 0.029625 -0.135023
v -0.052979 0.000288 -0.137529
v -0.079311 0.000267 -0.124177
v -0.052164 0.029625 -0.135023
v -0.079311 0.000267 -0.124177
v -0.078218 0.028906 -0.122000
v -0.078218 0.028906 -0.122000
v -0.079311 0.000267 -0.124177
v -0.102296 0.000235 -0.106327
v -0.078218 0.028906 -0.122000
v -0.102296 0.000235 -0.106327
v -0.100901 0.028145 -0.104609
v -0.100901 0.028145 -0.104609
v -0.102296 0.000235 -0.106327
v -0.120790 0.000195 -0.084358
v -0.100901 0.028145 -0.104609
v -0.120790 0.000195 -0.084358
v -0.119063 0.027765 -0.083159
v -0.097092 0.054278 -0.099624
v -0.100901 0.028145 -0.104609
v -0.119063 0.027765 -0.083159
v -0.097092 0.054278 -0.099624
v -0.119063 0.027765 -0.083159
v -0.114175 0.053342 -0.079866
v -0.091723 0.076962 -0.091331
v -0.097092 0.054278 -0.099624
v -0.114175 0.053342 -0.079866
v -0.091723 0.076962 -0.091331
v -0.114175 0.053342 -0.079866
v -0.106839 0.074871 -0.074955
v -0.087113 0.094996 -0.078899
v -0.091723 0.076962 -0.091331
v -0.106839 0.074871 -0.074955
v -0.087113 0.094996 -0.078899
v -0.106839 0.074871 -0.074955
v -0.099775 0.088988 -0.070239
v -0.067229 0.101236 -0.089251
v -0.071281 0.080611 -0.104783
v -0.091723 0.076962 -0.091331
v -0.067229 0.101236 -0.089251
v -0.091723 0.076962 -0.091331
v -0.087113 0.094996 -0.078899
v -0.042971 0.105393 -0.098371
v -0.046761 0.083378 -0.115432
v -0.071281 0.080611 -0.104783
v -0.042971 0.105393 -0.098371
v -0.071281 0.080611 -0.104783
v -0.067229 0.101236 -0.089251
v -0.052176 -0.029058 -0.135141
v -0.049991 -0.057190 -0.127879
v -0.075342 -0.055636 -0.115793
v -0.052176 -0.029058 -0.135141
v -0.075342 -0.055636 -0.115793
v -0.078230 -0.028381 -0.122115
v -0.049991 -0.057190 -0.127879
v -0.046794 -0.082892 -0.115768
v -0.071313 -0.080158 -0.105108
v -0.049991 -0.057190 -0.127879
v -0.071313 -0.080158 -0.105108
v -0.075342 -0.055636 -0.115793
v -0.078230 -0.028381 -0.122115
v -0.075342 -0.055636 -0.115793
v -0.097114 -0.053836 -0.099842
v -0.078230 -0.028381 -0.122115
v -0.097114 -0.053836 -0.099842
v -0.100912 -0.027682 -0.104722
v -0.075342 -0.055636 -0.115793
v -0.071313 -0.080158 -0.105108
v -0.091754 -0.076556 -0.091641
v -0.075342 -0.055636 -0.115793
v -0.091754 -0.076556 -0.091641
v -0.097114 -0.053836 -0.099842
v -0.024442 0.000300 -0.146005
v -0.023922 -0.029355 -0.143460
v -0.052176 -0.029058 -0.135141
v -0.024442 0.000300 -0.146005
v -0.052176 -0.029058 -0.135141
v -0.052979 0.000288 -0.137529
v -0.023922 -0.029355 -0.143460
v -0.022369 -0.057826 -0.135800
v -0.049991 -0.057190 -0.127879
v -0.023922 -0.029355 -0.143460
v -0.049991 -0.057190 -0.127879
v -0.052176 -0.029058 -0.135141
v -0.022369 -0.057826 -0.135800
v -0.019811 -0.083916 -0.123163
v -0.046794 -0.082892 -0.115768
v -0.022369 -0.057826 -0.135800
v -0.046794 -0.082892 -0.115768
v -0.049991 -0.057190 -0.127879
v -0.019811 -0.083916 -0.123163
v -0.016276 -0.106430 -0.105691
v -0.043014 -0.104978 -0.098796
v -0.019811 -0.083916 -0.123163
v -0.043014 -0.104978 -0.098796
v -0.046794 -0.082892 -0.115768
v -0.046794 -0.082892 -0.115768
v -0.043014 -0.104978 -0.098796
v -0.067270 -0.100847 -0.089659
v -0.046794 -0.082892 -0.115768
v -0.067270 -0.100847 -0.089659
v -0.071313 -0.080158 -0.105108
v -0.071313 -0.080158 -0.105108
v -0.067270 -0.100847 -0.089659
v -0.087151 -0.094641 -0.079282
v -0.071313 -0.080158 -0.105108
v -0.087151 -0.094641 -0.079282
v -0.091754 -0.076556 -0.091641
v -0.091754 -0.076556 -0.091641
v -0.087151 -0.094641 -0.079282
v -0.099810 -0.088663 -0.070598
v -0.091754 -0.076556 -0.091641
v -0.099810 -0.088663 -0.070598
v -0.106869 -0.074525 -0.075257
v -0.097114 -0.053836 -0.099842
v -0.091754 -0.076556 -0.091641
v -0.106869 -0.074525 -0.075257
v -0.097114 -0.053836 -0.099842
v -0.106869 -0.074525 -0.075257
v -0.114197 -0.052973 -0.080081
v -0.100912 -0.027682 -0.104722
v -0.097114 -0.053836 -0.099842
v -0.114197 -0.052973 -0.080081
v -0.100912 -0.027682 -0.104722
v -0.114197 -0.052973 -0.080081
v -0.119074 -0.027381 -0.083271
v -0.102296 0.000235 -0.106327
v -0.100912 -0.027682 -0.104722
v -0.119074 -0.027381 -0.083271
v -0.102296 0.000235 -0.106327
v -0.119074 -0.027381 -0.083271
v -0.120790 0.000195 -0.084358
v -0.079311 0.000267 -0.124177
v -0.078230 -0.028381 -0.122115
v -0.100912 -0.027682 -0.104722
v -0.079311 0.000267 -0.124177
v -0.100912 -0.027682 -0.104722
v -0.102296 0.000235 -0.106327
v -0.052979 0.000288 -0.137529
v -0.052176 -0.029058 -0.135141
v -0.078230 -0.028381 -0.122115
v -0.052979 0.000288 -0.137529
v -0.078230 -0.028381 -0.122115
v -0.079311 0.000267 -0.124177
v -0.049000 0.076527 0.120159
v -0.050747 0.053806 0.129796
v -0.024491 0.055615 0.136045
v -0.049000 0.076527 0.120159
v -0.024491 0.055615 0.136045
v -0.024936 0.080138 0.124636
v -0.050747 0.053806 0.129796
v -0.052342 0.027650 0.135765
v -0.024688 0.028359 0.142990
v -0.050747 0.053806 0.129796
v -0.024688 0.028359 0.142990
v -0.024491 0.055615 0.136045
v -0.024936 0.080138 0.124636
v -0.024491 0.055615 0.136045
v 0.003563 0.057181 0.137342
v -0.024936 0.080138 0.124636
v 0.003563 0.057181 0.137342
v 0.001797 0.082883 0.124942
v -0.024491 0.055615 0.136045
v -0.024688 0.028359 0.142990
v 0.004379 0.029048 0.144881
v -0.024491 0.055615 0.136045
v 0.004379 0.029048 0.144881
v 0.003563 0.057181 0.137342
v -0.064598 0.088629 0.103894
v -0.069289 0.074488 0.110927
v -0.049000 0.076527 0.120159
v -0.064598 0.088629 0.103894
v -0.049000 0.076527 0.120159
v -0.049563 0.094613 0.106983
v -0.069289 0.074488 0.110927
v -0.074161 0.052934 0.118215
v -0.050747 0.053806 0.129796
v -0.069289 0.074488 0.110927
v -0.050747 0.053806 0.129796
v -0.049000 0.076527 0.120159
v -0.074161 0.052934 0.118215
v -0.077407 0.027340 0.123046
v -0.052342 0.027650 0.135765
v -0.074161 0.052934 0.118215
v -0.052342 0.027650 0.135765
v -0.050747 0.053806 0.129796
v -0.077407 0.027340 0.123046
v -0.078556 -0.000236 0.124712
v -0.052984 -0.000268 0.137779
v -0.077407 0.027340 0.123046
v -0.052984 -0.000268 0.137779
v -0.052342 0.027650 0.135765
v -0.052342 0.027650 0.135765
v -0.052984 -0.000268 0.137779
v -0.024873 -0.000288 0.145308
v -0.052342 0.027650 0.135765
v -0.024873 -0.000288 0.145308
v -0.024688 0.028359 0.142990
v -0.024688 0.028359 0.142990
v -0.024873 -0.000288 0.145308
v 0.004578 -0.000299 0.147391
v -0.024688 0.028359 0.142990
v 0.004578 -0.000299 0.147391
v 0.004379 0.029048 0.144881
v 0.004379 0.029048 0.144881
v 0.004578 -0.000299 0.147391
v 0.034167 -0.000298 0.144125
v 0.004379 0.029048 0.144881
v 0.034167 -0.000298 0.144125
v 0.033647 0.029357 0.141580
v 0.003563 0.057181 0.137342
v 0.004379 0.029048 0.144881
v 0.033647 0.029357 0.141580
v 0.003563 0.057181 0.137342
v 0.033647 0.029357 0.141580
v 0.032093 0.057828 0.133920
v 0.001797 0.082883 0.124942
v 0.003563 0.057181 0.137342
v 0.032093 0.057828 0.133920
v 0.001797 0.082883 0.124942
v 0.032093 0.057828 0.133920
v 0.029535 0.083918 0.121283
v -0.001316 0.104968 0.107835
v 0.001797 0.082883 0.124942
v 0.029535 0.083918 0.121283
v -0.001316 0.104968 0.107835
v 0.029535 0.083918 0.121283
v 0.026001 0.106432 0.103810
v -0.027215 0.100827 0.108830
v -0.024936 0.080138 0.124636
v 0.001797 0.082883 0.124942
v -0.027215 0.100827 0.108830
v 0.001797 0.082883 0.124942
v -0.001316 0.104968 0.107835
v -0.049563 0.094613 0.106983
v -0.049000 0.076527 0.120159
v -0.024936 0.080138 0.124636
v -0.049563 0.094613 0.106983
v -0.024936 0.080138 0.124636
v -0.027215 0.100827 0.108830
v -0.052354 -0.028177 0.135653
v -0.050769 -0.054309 0.129577
v -0.024513 -0.056155 0.135819
v -0.052354 -0.028177 0.135653
v -0.024513 -0.056155 0.135819
v -0.024699 -0.028927 0.142874
v -0.050769 -0.054309 0.129577
v -0.049031 -0.076992 0.119849
v -0.024969 -0.080631 0.124311
v -0.050769 -0.054309 0.129577
v -0.024969 -0.080631 0.124311
v -0.024513 -0.056155 0.135819
v -0.024699 -0.028927 0.142874
v -0.024513 -0.056155 0.135819
v 0.003540 -0.057736 0.137110
v -0.024699 -0.028927 0.142874
v 0.003540 -0.057736 0.137110
v 0.004368 -0.029635 0.144762
v -0.024513 -0.056155 0.135819
v -0.024969 -0.080631 0.124311
v 0.001764 -0.083388 0.124607
v -0.024513 -0.056155 0.135819
v 0.001764 -0.083388 0.124607
v 0.003540 -0.057736 0.137110
v -0.078556 -0.000236 0.124712
v -0.077418 -0.027806 0.122935
v -0.052354 -0.028177 0.135653
v -0.078556 -0.000236 0.124712
v -0.052354 -0.028177 0.135653
v -0.052984 -0.000268 0.137779
v -0.077418 -0.027806 0.122935
v -0.074182 -0.053381 0.118001
v -0.050769 -0.054309 0.129577
v -0.077418 -0.027806 0.122935
v -0.050769 -0.054309 0.129577
v -0.052354 -0.028177 0.135653
v -0.074182 -0.053381 0.118001
v -0.069319 -0.074908 0.110625
v -0.049031 -0.076992 0.119849
v -0.074182 -0.053381 0.118001
v -0.049031 -0.076992 0.119849
v -0.050769 -0.054309 0.129577
v -0.069319 -0.074908 0.110625
v -0.064634 -0.089022 0.103535
v -0.049601 -0.095024 0.106600
v -0.069319 -0.074908 0.110625
v -0.049601 -0.095024 0.106600
v -0.049031 -0.076992 0.119849
v -0.049031 -0.076992 0.119849
v -0.049601 -0.095024 0.106600
v -0.027256 -0.101255 0.108422
v -0.049031 -0.076992 0.119849
v -0.027256 -0.101255 0.108422
v -0.024969 -0.080631 0.124311
v -0.024969 -0.080631 0.124311
v -0.027256 -0.101255 0.108422
v -0.001358 -0.105403 0.107410
v -0.024969 -0.080631 0.124311
v -0.001358 -0.105403 0.107410
v 0.001764 -0.083388 0.124607
v 0.001764 -0.083388 0.124607
v -0.001358 -0.105403 0.107410
v 0.025958 -0.106861 0.103380
v 0.001764 -0.083388 0.124607
v 0.025958 -0.106861 0.103380
v 0.029501 -0.084419 0.120943
v 0.003540 -0.057736 0.137110
v 0.001764 -0.083388 0.124607
v 0.029501 -0.084419 0.120943
v 0.003540 -0.057736 0.137110
v 0.029501 -0.084419 0.120943
v 0.032070 -0.058381 0.133685
v 0.004368 -0.029635 0.144762
v 0.003540 -0.057736 0.137110
v 0.032070 -0.058381 0.133685
v 0.004368 -0.029635 0.144762
v 0.032070 -0.058381 0.133685
v 0.033635 -0.029943 0.141460
v 0.004578 -0.000299 0.147391
v 0.004368 -0.029635 0.144762
v 0.033635 -0.029943 0.141460
v 0.004578 -0.000299 0.147391
v 0.033635 -0.029943 0.141460
v 0.034167 -0.000298 0.144125
v -0.024873 -0.000288 0.145308
v -0.024699 -0.028927 0.142874
v 0.004368 -0.029635 0.144762
v -0.024873 -0.000288 0.145308
v 0.004368 -0.029635 0.144762
v 0.004578 -0.000299 0.147391
v -0.052984 -0.000268 0.137779
v -0.052354 -0.028177 0.135653
v -0.024699 -0.028927 0.142874
v -0.052984 -0.000268 0.137779
v -0.024699 -0.028927 0.142874
v -0.024873 -0.000288 0.145308
v 0.056519 0.082894 0.113888
v 0.059715 0.057192 0.125999
v 0.085066 0.055638 0.113913
v 0.056519 0.082894 0.113888
v 0.085066 0.055638 0.113913
v 0.081038 0.080160 0.103228
v 0.059715 0.057192 0.125999
v 0.061900 0.029060 0.133261
v 0.087954 0.028383 0.120235
v 0.059715 0.057192 0.125999
v 0.087954 0.028383 0.120235
v 0.085066 0.055638 0.113913
v 0.081038 0.080160 0.103228
v 0.085066 0.055638 0.113913
v 0.106838 0.053838 0.097962
v 0.081038 0.080160 0.103228
v 0.106838 0.053838 0.097962
v 0.101479 0.076558 0.089761
v 0.085066 0.055638 0.113913
v 0.087954 0.028383 0.120235
v 0.110636 0.027683 0.102842
v 0.085066 0.055638 0.113913
v 0.110636 0.027683 0.102842
v 0.106838 0.053838 0.097962
v 0.026001 0.106432 0.103810
v 0.029535 0.083918 0.121283
v 0.056519 0.082894 0.113888
v 0.026001 0.106432 0.103810
v 0.056519 0.082894 0.113888
v 0.052738 0.104980 0.096916
v 0.029535 0.083918 0.121283
v 0.032093 0.057828 0.133920
v 0.059715 0.057192 0.125999
v 0.029535 0.083918 0.121283
v 0.059715 0.057192 0.125999
v 0.056519 0.082894 0.113888
v 0.032093 0.057828 0.133920
v 0.033647 0.029357 0.141580
v 0.061900 0.029060 0.133261
v 0.032093 0.057828 0.133920
v 0.061900 0.029060 0.133261
v 0.059715 0.057192 0.125999
v 0.033647 0.029357 0.141580
v 0.034167 -0.000298 0.144125
v 0.062704 -0.000287 0.135649
v 0.033647 0.029357 0.141580
v 0.062704 -0.000287 0.135649
v 0.061900 0.029060 0.133261
v 0.061900 0.029060 0.133261
v 0.062704 -0.000287 0.135649
v 0.089036 -0.000265 0.122297
v 0.061900 0.029060 0.133261
v 0.089036 -0.000265 0.122297
v 0.087954 0.028383 0.120235
v 0.087954 0.028383 0.120235
v 0.089036 -0.000265 0.122297
v 0.112020 -0.000234 0.104447
v 0.087954 0.028383 0.120235
v 0.112020 -0.000234 0.104447
v 0.110636 0.027683 0.102842
v 0.110636 0.027683 0.102842
v 0.112020 -0.000234 0.104447
v 0.130515 -0.000193 0.082478
v 0.110636 0.027683 0.102842
v 0.130515 -0.000193 0.082478
v 0.128799 0.027383 0.081391
v 0.106838 0.053838 0.097962
v 0.110636 0.027683 0.102842
v 0.128799 0.027383 0.081391
v 0.106838 0.053838 0.097962
v 0.128799 0.027383 0.081391
v 0.123921 0.052975 0.078201
v 0.101479 0.076558 0.089761
v 0.106838 0.053838 0.097962
v 0.123921 0.052975 0.078201
v 0.101479 0.076558 0.089761
v 0.123921 0.052975 0.078201
v 0.116593 0.074526 0.073377
v 0.096875 0.094643 0.077401
v 0.101479 0.076558 0.089761
v 0.116593 0.074526 0.073377
v 0.096875 0.094643 0.077401
v 0.116593 0.074526 0.073377
v 0.109535 0.088665 0.068718
v 0.076995 0.100849 0.087779
v 0.081038 0.080160 0.103228
v 0.101479 0.076558 0.089761
v 0.076995 0.100849 0.087779
v 0.101479 0.076558 0.089761
v 0.096875 0.094643 0.077401
v 0.052738 0.104980 0.096916
v 0.056519 0.082894 0.113888
v 0.081038 0.080160 0.103228
v 0.052738 0.104980 0.096916
v 0.081038 0.080160 0.103228
v 0.076995 0.100849 0.087779
v 0.061888 -0.029623 0.133142
v 0.059692 -0.057725 0.125767
v 0.085044 -0.056132 0.113688
v 0.061888 -0.029623 0.133142
v 0.085044 -0.056132 0.113688
v 0.087943 -0.028904 0.120120
v 0.059692 -0.057725 0.125767
v 0.056485 -0.083376 0.113552
v 0.081006 -0.080609 0.102903
v 0.059692 -0.057725 0.125767
v 0.081006 -0.080609 0.102903
v 0.085044 -0.056132 0.113688
v 0.087943 -0.028904 0.120120
v 0.085044 -0.056132 0.113688
v 0.106817 -0.054277 0.097743
v 0.087943 -0.028904 0.120120
v 0.106817 -0.054277 0.097743
v 0.110625 -0.028143 0.102729
v 0.085044 -0.056132 0.113688
v 0.081006 -0.080609 0.102903
v 0.101448 -0.076961 0.089451
v 0.085044 -0.056132 0.113688
v 0.101448 -0.076961 0.089451
v 0.106817 -0.054277 0.097743
v 0.034167 -0.000298 0.144125
v 0.033635 -0.029943 0.141460
v 0.061888 -0.029623 0.133142
v 0.034167 -0.000298 0.144125
v 0.061888 -0.029623 0.133142
v 0.062704 -0.000287 0.135649
v 0.033635 -0.029943 0.141460
v 0.032070 -0.058381 0.133685
v 0.059692 -0.057725 0.125767
v 0.033635 -0.029943 0.141460
v 0.059692 -0.057725 0.125767
v 0.061888 -0.029623 0.133142
v 0.032070 -0.058381 0.133685
v 0.029501 -0.084419 0.120943
v 0.056485 -0.083376 0.113552
v 0.032070 -0.058381 0.133685
v 0.056485 -0.083376 0.113552
v 0.059692 -0.057725 0.125767
v 0.029501 -0.084419 0.120943
v 0.025958 -0.106861 0.103380
v 0.052696 -0.105391 0.096491
v 0.029501 -0.084419 0.120943
v 0.052696 -0.105391 0.096491
v 0.056485 -0.083376 0.113552
v 0.056485 -0.083376 0.113552
v 0.052696 -0.105391 0.096491
v 0.076954 -0.101234 0.087371
v 0.056485 -0.083376 0.113552
v 0.076954 -0.101234 0.087371
v 0.081006 -0.080609 0.102903
v 0.081006 -0.080609 0.102903
v 0.076954 -0.101234 0.087371
v 0.096837 -0.094994 0.077018
v 0.081006 -0.080609 0.102903
v 0.096837 -0.094994 0.077018
v 0.101448 -0.076961 0.089451
v 0.101448 -0.076961 0.089451
v 0.096837 -0.094994 0.077018
v 0.109499 -0.088986 0.068359
v 0.101448 -0.076961 0.089451
v 0.109499 -0.088986 0.068359
v 0.116563 -0.074869 0.073075
v 0.106817 -0.054277 0.097743
v 0.101448 -0.076961 0.089451
v 0.116563 -0.074869 0.073075
v 0.106817 -0.054277 0.097743
v 0.116563 -0.074869 0.073075
v 0.123900 -0.053340 0.077986
v 0.110625 -0.028143 0.102729
v 0.106817 -0.054277 0.097743
v 0.123900 -0.053340 0.077986
v 0.110625 -0.028143 0.102729
v 0.123900 -0.053340 0.077986
v 0.128787 -0.027763 0.081279
v 0.112020 -0.000234 0.104447
v 0.110625 -0.028143 0.102729
v 0.128787 -0.027763 0.081279
v 0.112020 -0.000234 0.104447
v 0.128787 -0.027763 0.081279
v 0.130515 -0.000193 0.082478
v 0.089036 -0.000265 0.122297
v 0.087943 -0.028904 0.120120
v 0.110625 -0.028143 0.102729
v 0.089036 -0.000265 0.122297
v 0.110625 -0.028143 0.102729
v 0.112020 -0.000234 0.104447
v 0.062704 -0.000287 0.135649
v 0.061888 -0.029623 0.133142
v 0.087943 -0.028904 0.120120
v 0.062704 -0.000287 0.135649
v 0.087943 -0.028904 0.120120
v 0.089036 -0.000265 0.122297
v -0.109444 -0.062425 -0.132443
v -0.102421 -0.115663 -0.097729
v -0.500020 -0.098779 -0.000031
v -0.109444 -0.062425 -0.132443
v -0.500020 -0.098779 -0.000031
v -0.506013 -0.053351 -0.029652
v -0.491043 -0.129184 0.044377
v -0.480449 -0.139937 0.096809
v -0.499578 -0.125101 0.100704
v -0.491043 -0.129184 0.044377
v -0.499578 -0.125101 0.100704
v -0.509048 -0.115490 0.053835
v -0.509048 -0.115490 0.053835
v -0.499578 -0.125101 0.100704
v -0.512357 -0.104141 0.103329
v -0.509048 -0.115490 0.053835
v -0.512357 -0.104141 0.103329
v -0.520239 -0.096141 0.064320
v -0.520239 -0.096141 0.064320
v -0.512357 -0.104141 0.103329
v -0.516842 -0.080247 0.104284
v -0.520239 -0.096141 0.064320
v -0.516842 -0.080247 0.104284
v -0.522913 -0.074085 0.074235
v -0.111902 0.000315 -0.144544
v -0.109444 -0.062425 -0.132443
v -0.506013 -0.053351 -0.029652
v -0.111902 0.000315 -0.144544
v -0.506013 -0.053351 -0.029652
v -0.508110 0.000184 -0.039978
v -0.500020 -0.098779 -0.000031
v -0.491043 -0.129184 0.044377
v -0.509048 -0.115490 0.053835
v -0.500020 -0.098779 -0.000031
v -0.509048 -0.115490 0.053835
v -0.517072 -0.088311 0.014141
v -0.517072 -0.088311 0.014141
v -0.509048 -0.115490 0.053835
v -0.520239 -0.096141 0.064320
v -0.517072 -0.088311 0.014141
v -0.520239 -0.096141 0.064320
v -0.526918 -0.073521 0.031282
v -0.526918 -0.073521 0.031282
v -0.520239 -0.096141 0.064320
v -0.522913 -0.074085 0.074235
v -0.526918 -0.073521 0.031282
v -0.522913 -0.074085 0.074235
v -0.528058 -0.056660 0.048785
v -0.109419 0.063005 -0.132190
v -0.111902 0.000315 -0.144544
v -0.508110 0.000184 -0.039978
v -0.109419 0.063005 -0.132190
v -0.508110 0.000184 -0.039978
v -0.505991 0.053676 -0.029436
v -0.506013 -0.053351 -0.029652
v -0.500020 -0.098779 -0.000031
v -0.517072 -0.088311 0.014141
v -0.506013 -0.053351 -0.029652
v -0.517072 -0.088311 0.014141
v -0.522429 -0.047704 -0.012337
v -0.522429 -0.047704 -0.012337
v -0.517072 -0.088311 0.014141
v -0.526918 -0.073521 0.031282
v -0.522429 -0.047704 -0.012337
v -0.526918 -0.073521 0.031282
v -0.531377 -0.039724 0.009245
v -0.531377 -0.039724 0.009245
v -0.526918 -0.073521 0.031282
v -0.528058 -0.056660 0.048785
v -0.531377 -0.039724 0.009245
v -0.528058 -0.056660 0.048785
v -0.531492 -0.030625 0.031809
v -0.102374 0.116100 -0.097261
v -0.109419 0.063005 -0.132190
v -0.505991 0.053676 -0.029436
v -0.102374 0.116100 -0.097261
v -0.505991 0.053676 -0.029436
v -0.499980 0.098981 0.000369
v -0.508110 0.000184 -0.039978
v -0.506013 -0.053351 -0.029652
v -0.522429 -0.047704 -0.012337
v -0.508110 0.000184 -0.039978
v -0.522429 -0.047704 -0.012337
v -0.524304 0.000150 -0.021567
v -0.524304 0.000150 -0.021567
v -0.522429 -0.047704 -0.012337
v -0.531377 -0.039724 0.009245
v -0.524304 0.000150 -0.021567
v -0.531377 -0.039724 0.009245
v -0.532937 0.000105 0.001563
v -0.532937 0.000105 0.001563
v -0.531377 -0.039724 0.009245
v -0.531492 -0.030625 0.031809
v -0.532937 0.000105 0.001563
v -0.531492 -0.030625 0.031809
v -0.532694 0.000056 0.025891
v -0.091839 0.151517 -0.045075
v -0.102374 0.116100 -0.097261
v -0.499980 0.098981 0.000369
v -0.091839 0.151517 -0.045075
v -0.499980 0.098981 0.000369
v -0.490991 0.129203 0.044898
v -0.505991 0.053676 -0.029436
v -0.508110 0.000184 -0.039978
v -0.524304 0.000150 -0.021567
v -0.505991 0.053676 -0.029436
v -0.524304 0.000150 -0.021567
v -0.522410 0.047966 -0.012144
v -0.522410 0.047966 -0.012144
v -0.524304 0.000150 -0.021567
v -0.532937 0.000105 0.001563
v -0.522410 0.047966 -0.012144
v -0.532937 0.000105 0.001563
v -0.531361 0.039902 0.009406
v -0.531361 0.039902 0.009406
v -0.532937 0.000105 0.001563
v -0.532694 0.000056 0.025891
v -0.531361 0.039902 0.009406
v -0.532694 0.000056 0.025891
v -0.531480 0.030712 0.031933
v -0.079419 0.163865 0.016423
v -0.091839 0.151517 -0.045075
v -0.490991 0.129203 0.044898
v -0.079419 0.163865 0.016423
v -0.490991 0.129203 0.044898
v -0.480392 0.139739 0.097374
v -0.499980 0.098981 0.000369
v -0.505991 0.053676 -0.029436
v -0.522410 0.047966 -0.012144
v -0.499980 0.098981 0.000369
v -0.522410 0.047966 -0.012144
v -0.517036 0.088463 0.014498
v -0.517036 0.088463 0.014498
v -0.522410 0.047966 -0.012144
v -0.531361 0.039902 0.009406
v -0.517036 0.088463 0.014498
v -0.531361 0.039902 0.009406
v -0.526888 0.073608 0.031580
v -0.526888 0.073608 0.031580
v -0.531361 0.039902 0.009406
v -0.531480 0.030712 0.031933
v -0.526888 0.073608 0.031580
v -0.531480 0.030712 0.031933
v -0.528035 0.056677 0.049014
v -0.067003 0.151264 0.077871
v -0.079419 0.163865 0.016423
v -0.480392 0.139739 0.097374
v -0.067003 0.151264 0.077871
v -0.480392 0.139739 0.097374
v -0.469798 0.128987 0.149807
v -0.490991 0.129203 0.044898
v -0.499980 0.098981 0.000369
v -0.517036 0.088463 0.014498
v -0.490991 0.129203 0.044898
v -0.517036 0.088463 0.014498
v -0.509001 0.115478 0.054302
v -0.509001 0.115478 0.054302
v -0.517036 0.088463 0.014498
v -0.526888 0.073608 0.031580
v -0.509001 0.115478 0.054302
v -0.526888 0.073608 0.031580
v -0.520201 0.096092 0.064709
v -0.520201 0.096092 0.064709
v -0.526888 0.073608 0.031580
v -0.528035 0.056677 0.049014
v -0.520201 0.096092 0.064709
v -0.528035 0.056677 0.049014
v -0.522883 0.073996 0.074534
v -0.056483 0.115632 0.129913
v -0.067003 0.151264 0.077871
v -0.469798 0.128987 0.149807
v -0.056483 0.115632 0.129913
v -0.469798 0.128987 0.149807
v -0.460821 0.098582 0.194214
v -0.480392 0.139739 0.097374
v -0.490991 0.129203 0.044898
v -0.509001 0.115478 0.054302
v -0.480392 0.139739 0.097374
v -0.509001 0.115478 0.054302
v -0.499527 0.124896 0.101209
v -0.499527 0.124896 0.101209
v -0.509001 0.115478 0.054302
v -0.520201 0.096092 0.064709
v -0.499527 0.124896 0.101209
v -0.520201 0.096092 0.064709
v -0.512316 0.103931 0.103749
v -0.512316 0.103931 0.103749
v -0.520201 0.096092 0.064709
v -0.522883 0.073996 0.074534
v -0.512316 0.103931 0.103749
v -0.522883 0.073996 0.074534
v -0.516809 0.080035 0.104608
v -0.049459 0.062393 0.164628
v -0.056483 0.115632 0.129913
v -0.460821 0.098582 0.194214
v -0.049459 0.062393 0.164628
v -0.460821 0.098582 0.194214
v -0.454828 0.053154 0.223835
v -0.469798 0.128987 0.149807
v -0.480392 0.139739 0.097374
v -0.499527 0.124896 0.101209
v -0.469798 0.128987 0.149807
v -0.499527 0.124896 0.101209
v -0.490058 0.115285 0.148077
v -0.490058 0.115285 0.148077
v -0.499527 0.124896 0.101209
v -0.512316 0.103931 0.103749
v -0.490058 0.115285 0.148077
v -0.512316 0.103931 0.103749
v -0.504434 0.095931 0.142757
v -0.504434 0.095931 0.142757
v -0.512316 0.103931 0.103749
v -0.516809 0.080035 0.104608
v -0.504434 0.095931 0.142757
v -0.516809 0.080035 0.104608
v -0.510738 0.073873 0.134657
v -0.047002 -0.000347 0.176729
v -0.049459 0.062393 0.164628
v -0.454828 0.053154 0.223835
v -0.047002 -0.000347 0.176729
v -0.454828 0.053154 0.223835
v -0.452731 -0.000381 0.234161
v -0.460821 0.098582 0.194214
v -0.469798 0.128987 0.149807
v -0.490058 0.115285 0.148077
v -0.460821 0.098582 0.194214
v -0.490058 0.115285 0.148077
v -0.482033 0.088106 0.187772
v -0.482033 0.088106 0.187772
v -0.490058 0.115285 0.148077
v -0.504434 0.095931 0.142757
v -0.482033 0.088106 0.187772
v -0.504434 0.095931 0.142757
v -0.497755 0.073311 0.175795
v -0.497755 0.073311 0.175795
v -0.504434 0.095931 0.142757
v -0.510738 0.073873 0.134657
v -0.497755 0.073311 0.175795
v -0.510738 0.073873 0.134657
v -0.505593 0.056448 0.160106
v -0.049485 -0.063036 0.164374
v -0.047002 -0.000347 0.176729
v -0.452731 -0.000381 0.234161
v -0.049485 -0.063036 0.164374
v -0.452731 -0.000381 0.234161
v -0.454850 -0.053873 0.223619
v -0.454828 0.053154 0.223835
v -0.460821 0.098582 0.194214
v -0.482033 0.088106 0.187772
v -0.454828 0.053154 0.223835
v -0.482033 0.088106 0.187772
v -0.476676 0.047499 0.214250
v -0.476676 0.047499 0.214250
v -0.482033 0.088106 0.187772
v -0.497755 0.073311 0.175795
v -0.476676 0.047499 0.214250
v -0.497755 0.073311 0.175795
v -0.493296 0.039514 0.197833
v -0.493296 0.039514 0.197833
v -0.497755 0.073311 0.175795
v -0.505593 0.056448 0.160106
v -0.493296 0.039514 0.197833
v -0.505593 0.056448 0.160106
v -0.502159 0.030413 0.177082
v -0.056530 -0.116132 0.129445
v -0.049485 -0.063036 0.164374
v -0.454850 -0.053873 0.223619
v -0.056530 -0.116132 0.129445
v -0.454850 -0.053873 0.223619
v -0.460861 -0.099179 0.193814
v -0.452731 -0.000381 0.234161
v -0.454828 0.053154 0.223835
v -0.476676 0.047499 0.214250
v -0.452731 -0.000381 0.234161
v -0.476676 0.047499 0.214250
v -0.474802 -0.000355 0.223480
v -0.474802 -0.000355 0.223480
v -0.476676 0.047499 0.214250
v -0.493296 0.039514 0.197833
v -0.474802 -0.000355 0.223480
v -0.493296 0.039514 0.197833
v -0.491736 -0.000315 0.205515
v -0.491736 -0.000315 0.205515
v -0.493296 0.039514 0.197833
v -0.502159 0.030413 0.177082
v -0.491736 -0.000315 0.205515
v -0.502159 0.030413 0.177082
v -0.500957 -0.000268 0.183000
v -0.067064 -0.151549 0.077259
v -0.056530 -0.116132 0.129445
v -0.460861 -0.099179 0.193814
v -0.067064 -0.151549 0.077259
v -0.460861 -0.099179 0.193814
v -0.469850 -0.129400 0.149285
v -0.454850 -0.053873 0.223619
v -0.452731 -0.000381 0.234161
v -0.474802 -0.000355 0.223480
v -0.454850 -0.053873 0.223619
v -0.474802 -0.000355 0.223480
v -0.476695 -0.048171 0.214057
v -0.476695 -0.048171 0.214057
v -0.474802 -0.000355 0.223480
v -0.491736 -0.000315 0.205515
v -0.476695 -0.048171 0.214057
v -0.491736 -0.000315 0.205515
v -0.493312 -0.040112 0.197672
v -0.493312 -0.040112 0.197672
v -0.491736 -0.000315 0.205515
v -0.500957 -0.000268 0.183000
v -0.493312 -0.040112 0.197672
v -0.500957 -0.000268 0.183000
v -0.502171 -0.030924 0.176958
v -0.079485 -0.163897 0.015761
v -0.067064 -0.151549 0.077259
v -0.469850 -0.129400 0.149285
v -0.079485 -0.163897 0.015761
v -0.469850 -0.129400 0.149285
v -0.480449 -0.139937 0.096809
v -0.460861 -0.099179 0.193814
v -0.454850 -0.053873 0.223619
v -0.476695 -0.048171 0.214057
v -0.460861 -0.099179 0.193814
v -0.476695 -0.048171 0.214057
v -0.482069 -0.088668 0.187415
v -0.482069 -0.088668 0.187415
v -0.476695 -0.048171 0.214057
v -0.493312 -0.040112 0.197672
v -0.482069 -0.088668 0.187415
v -0.493312 -0.040112 0.197672
v -0.497785 -0.073818 0.175498
v -0.497785 -0.073818 0.175498
v -0.493312 -0.040112 0.197672
v -0.502171 -0.030924 0.176958
v -0.497785 -0.073818 0.175498
v -0.502171 -0.030924 0.176958
v -0.505616 -0.056889 0.159877
v -0.469850 -0.129400 0.149285
v -0.460861 -0.099179 0.193814
v -0.482069 -0.088668 0.187415
v -0.469850 -0.129400 0.149285
v -0.482069 -0.088668 0.187415
v -0.490104 -0.115683 0.147611
v -0.490104 -0.115683 0.147611
v -0.482069 -0.088668 0.187415
v -0.497785 -0.073818 0.175498
v -0.490104 -0.115683 0.147611
v -0.497785 -0.073818 0.175498
v -0.504472 -0.096302 0.142369
v -0.504472 -0.096302 0.142369
v -0.497785 -0.073818 0.175498
v -0.505616 -0.056889 0.159877
v -0.504472 -0.096302 0.142369
v -0.505616 -0.056889 0.159877
v -0.510768 -0.074209 0.134358
v -0.480449 -0.139937 0.096809
v -0.469850 -0.129400 0.149285
v -0.490104 -0.115683 0.147611
v -0.480449 -0.139937 0.096809
v -0.490104 -0.115683 0.147611
v -0.499578 -0.125101 0.100704
v -0.499578 -0.125101 0.100704
v -0.490104 -0.115683 0.147611
v -0.504472 -0.096302 0.142369
v -0.499578 -0.125101 0.100704
v -0.504472 -0.096302 0.142369
v -0.512357 -0.104141 0.103329
v -0.512357 -0.104141 0.103329
v -0.504472 -0.096302 0.142369
v -0.510768 -0.074209 0.134358
v -0.512357 -0.104141 0.103329
v -0.510768 -0.074209 0.134358
v -0.516842 -0.080247 0.104284
v -0.102421 -0.115663 -0.097729
v -0.091901 -0.151296 -0.045687
v -0.491043 -0.129184 0.044377
v -0.102421 -0.115663 -0.097729
v -0.491043 -0.129184 0.044377
v -0.500020 -0.098779 -0.000031
v -0.522913 -0.074085 0.074235
v -0.516842 -0.080247 0.104284
v -0.510768 -0.074209 0.134358
v -0.522913 -0.074085 0.074235
v -0.510768 -0.074209 0.134358
v -0.505616 -0.056889 0.159877
v -0.522913 -0.074085 0.074235
v -0.505616 -0.056889 0.159877
v -0.502171 -0.030924 0.176958
v -0.522913 -0.074085 0.074235
v -0.502171 -0.030924 0.176958
v -0.500957 -0.000268 0.183000
v -0.522913 -0.074085 0.074235
v -0.500957 -0.000268 0.183000
v -0.502159 0.030413 0.177082
v -0.522913 -0.074085 0.074235
v -0.502159 0.030413 0.177082
v -0.505593 0.056448 0.160106
v -0.522913 -0.074085 0.074235
v -0.505593 0.056448 0.160106
v -0.510738 0.073873 0.134657
v -0.522913 -0.074085 0.074235
v -0.510738 0.073873 0.134657
v -0.516809 0.080035 0.104608
v -0.522913 -0.074085 0.074235
v -0.516809 0.080035 0.104608
v -0.522883 0.073996 0.074534
v -0.522913 -0.074085 0.074235
v -0.522883 0.073996 0.074534
v -0.528035 0.056677 0.049014
v -0.522913 -0.074085 0.074235
v -0.528035 0.056677 0.049014
v -0.531480 0.030712 0.031933
v -0.522913 -0.074085 0.074235
v -0.531480 0.030712 0.031933
v -0.532694 0.000056 0.025891
v -0.522913 -0.074085 0.074235
v -0.532694 0.000056 0.025891
v -0.531492 -0.030625 0.031809
v -0.522913 -0.074085 0.074235
v -0.531492 -0.030625 0.031809
v -0.528058 -0.056660 0.048785
v -0.091901 -0.151296 -0.045687
v -0.069733 -0.144551 -0.047300
v -0.057870 -0.156591 0.011410
v -0.091901 -0.151296 -0.045687
v -0.057870 -0.156591 0.011410
v -0.079485 -0.163897 0.015761
v -0.069733 -0.144551 -0.047300
v -0.051724 -0.120308 -0.040636
v -0.041851 -0.130329 0.008228
v -0.069733 -0.144551 -0.047300
v -0.041851 -0.130329 0.008228
v -0.057870 -0.156591 0.011410
v -0.051724 -0.120308 -0.040636
v -0.043828 -0.092676 -0.030489
v -0.036222 -0.100396 0.007152
v -0.051724 -0.120308 -0.040636
v -0.036222 -0.100396 0.007152
v -0.041851 -0.130329 0.008228
v -0.102421 -0.115663 -0.097729
v -0.079784 -0.110506 -0.097024
v -0.069733 -0.144551 -0.047300
v -0.102421 -0.115663 -0.097729
v -0.069733 -0.144551 -0.047300
v -0.091901 -0.151296 -0.045687
v -0.079784 -0.110506 -0.097024
v -0.060090 -0.091973 -0.082021
v -0.051724 -0.120308 -0.040636
v -0.079784 -0.110506 -0.097024
v -0.051724 -0.120308 -0.040636
v -0.069733 -0.144551 -0.047300
v -0.060090 -0.091973 -0.082021
v -0.050272 -0.070849 -0.062368
v -0.043828 -0.092676 -0.030489
v -0.060090 -0.091973 -0.082021
v -0.043828 -0.092676 -0.030489
v -0.051724 -0.120308 -0.040636
v -0.109444 -0.062425 -0.132443
v -0.086495 -0.059640 -0.130191
v -0.079784 -0.110506 -0.097024
v -0.109444 -0.062425 -0.132443
v -0.079784 -0.110506 -0.097024
v -0.102421 -0.115663 -0.097729
v -0.086495 -0.059640 -0.130191
v -0.065676 -0.049637 -0.109626
v -0.060090 -0.091973 -0.082021
v -0.086495 -0.059640 -0.130191
v -0.060090 -0.091973 -0.082021
v -0.079784 -0.110506 -0.097024
v -0.065676 -0.049637 -0.109626
v -0.054574 -0.038237 -0.083633
v -0.050272 -0.070849 -0.062368
v -0.065676 -0.049637 -0.109626
v -0.050272 -0.070849 -0.062368
v -0.060090 -0.091973 -0.082021
v -0.111902 0.000315 -0.144544
v -0.088843 0.000305 -0.141753
v -0.086495 -0.059640 -0.130191
v -0.111902 0.000315 -0.144544
v -0.086495 -0.059640 -0.130191
v -0.109444 -0.062425 -0.132443
v -0.088843 0.000305 -0.141753
v -0.067630 0.000255 -0.119249
v -0.065676 -0.049637 -0.109626
v -0.088843 0.000305 -0.141753
v -0.065676 -0.049637 -0.109626
v -0.086495 -0.059640 -0.130191
v -0.067630 0.000255 -0.119249
v -0.056080 0.000196 -0.091046
v -0.054574 -0.038237 -0.083633
v -0.067630 0.000255 -0.119249
v -0.054574 -0.038237 -0.083633
v -0.065676 -0.049637 -0.109626
v -0.109419 0.063005 -0.132190
v -0.086471 0.060201 -0.129949
v -0.088843 0.000305 -0.141753
v -0.109419 0.063005 -0.132190
v -0.088843 0.000305 -0.141753
v -0.111902 0.000315 -0.144544
v -0.086471 0.060201 -0.129949
v -0.065656 0.050106 -0.109425
v -0.067630 0.000255 -0.119249
v -0.086471 0.060201 -0.129949
v -0.067630 0.000255 -0.119249
v -0.088843 0.000305 -0.141753
v -0.065656 0.050106 -0.109425
v -0.054559 0.038597 -0.083478
v -0.056080 0.000196 -0.091046
v -0.065656 0.050106 -0.109425
v -0.056080 0.000196 -0.091046
v -0.067630 0.000255 -0.119249
v -0.102374 0.116100 -0.097261
v -0.079740 0.110931 -0.096577
v -0.086471 0.060201 -0.129949
v -0.102374 0.116100 -0.097261
v -0.086471 0.060201 -0.129949
v -0.109419 0.063005 -0.132190
v -0.079740 0.110931 -0.096577
v -0.060053 0.092328 -0.081649
v -0.065656 0.050106 -0.109425
v -0.079740 0.110931 -0.096577
v -0.065656 0.050106 -0.109425
v -0.086471 0.060201 -0.129949
v -0.060053 0.092328 -0.081649
v -0.050243 0.071122 -0.062081
v -0.054559 0.038597 -0.083478
v -0.060053 0.092328 -0.081649
v -0.054559 0.038597 -0.083478
v -0.065656 0.050106 -0.109425
v -0.091839 0.151517 -0.045075
v -0.069674 0.144770 -0.046716
v -0.079740 0.110931 -0.096577
v -0.091839 0.151517 -0.045075
v -0.079740 0.110931 -0.096577
v -0.102374 0.116100 -0.097261
v -0.069674 0.144770 -0.046716
v -0.051676 0.120493 -0.040150
v -0.060053 0.092328 -0.081649
v -0.069674 0.144770 -0.046716
v -0.060053 0.092328 -0.081649
v -0.079740 0.110931 -0.096577
v -0.051676 0.120493 -0.040150
v -0.043790 0.092818 -0.030114
v -0.050243 0.071122 -0.062081
v -0.051676 0.120493 -0.040150
v -0.050243 0.071122 -0.062081
v -0.060053 0.092328 -0.081649
v -0.079419 0.163865 0.016423
v -0.057807 0.156568 0.012042
v -0.069674 0.144770 -0.046716
v -0.079419 0.163865 0.016423
v -0.069674 0.144770 -0.046716
v -0.091839 0.151517 -0.045075
v -0.057807 0.156568 0.012042
v -0.041799 0.130312 0.008754
v -0.051676 0.120493 -0.040150
v -0.057807 0.156568 0.012042
v -0.051676 0.120493 -0.040150
v -0.069674 0.144770 -0.046716
v -0.041799 0.130312 0.008754
v -0.036182 0.100382 0.007558
v -0.043790 0.092818 -0.030114
v -0.041799 0.130312 0.008754
v -0.043790 0.092818 -0.030114
v -0.051676 0.120493 -0.040150
v -0.067003 0.151264 0.077871
v -0.045944 0.144528 0.070752
v -0.057807 0.156568 0.012042
v -0.067003 0.151264 0.077871
v -0.057807 0.156568 0.012042
v -0.079419 0.163865 0.016423
v -0.045944 0.144528 0.070752
v -0.031926 0.120292 0.057618
v -0.041799 0.130312 0.008754
v -0.045944 0.144528 0.070752
v -0.041799 0.130312 0.008754
v -0.057807 0.156568 0.012042
v -0.031926 0.120292 0.057618
v -0.028576 0.092662 0.045199
v -0.036182 0.100382 0.007558
v -0.031926 0.120292 0.057618
v -0.036182 0.100382 0.007558
v -0.041799 0.130312 0.008754
v -0.056483 0.115632 0.129913
v -0.035893 0.110483 0.120476
v -0.045944 0.144528 0.070752
v -0.056483 0.115632 0.129913
v -0.045944 0.144528 0.070752
v -0.067003 0.151264 0.077871
v -0.035893 0.110483 0.120476
v -0.023560 0.091956 0.099003
v -0.031926 0.120292 0.057618
v -0.035893 0.110483 0.120476
v -0.031926 0.120292 0.057618
v -0.045944 0.144528 0.070752
v -0.023560 0.091956 0.099003
v -0.022132 0.070835 0.077079
v -0.028576 0.092662 0.045199
v -0.023560 0.091956 0.099003
v -0.028576 0.092662 0.045199
v -0.031926 0.120292 0.057618
v -0.049459 0.062393 0.164628
v -0.029182 0.059617 0.153643
v -0.035893 0.110483 0.120476
v -0.049459 0.062393 0.164628
v -0.035893 0.110483 0.120476
v -0.056483 0.115632 0.129913
v -0.029182 0.059617 0.153643
v -0.017975 0.049620 0.126608
v -0.023560 0.091956 0.099003
v -0.029182 0.059617 0.153643
v -0.023560 0.091956 0.099003
v -0.035893 0.110483 0.120476
v -0.017975 0.049620 0.126608
v -0.017829 0.038223 0.098344
v -0.022132 0.070835 0.077079
v -0.017975 0.049620 0.126608
v -0.022132 0.070835 0.077079
v -0.023560 0.091956 0.099003
v -0.047002 -0.000347 0.176729
v -0.026834 -0.000328 0.165205
v -0.029182 0.059617 0.153643
v -0.047002 -0.000347 0.176729
v -0.029182 0.059617 0.153643
v -0.049459 0.062393 0.164628
v -0.026834 -0.000328 0.165205
v -0.016020 -0.000271 0.136231
v -0.017975 0.049620 0.126608
v -0.026834 -0.000328 0.165205
v -0.017975 0.049620 0.126608
v -0.029182 0.059617 0.153643
v -0.016020 -0.000271 0.136231
v -0.016324 -0.000210 0.105756
v -0.017829 0.038223 0.098344
v -0.016020 -0.000271 0.136231
v -0.017829 0.038223 0.098344
v -0.017975 0.049620 0.126608
v -0.049485 -0.063036 0.164374
v -0.029206 -0.060224 0.153401
v -0.026834 -0.000328 0.165205
v -0.049485 -0.063036 0.164374
v -0.026834 -0.000328 0.165205
v -0.047002 -0.000347 0.176729
v -0.029206 -0.060224 0.153401
v -0.017995 -0.050123 0.126407
v -0.016020 -0.000271 0.136231
v -0.029206 -0.060224 0.153401
v -0.016020 -0.000271 0.136231
v -0.026834 -0.000328 0.165205
v -0.017995 -0.050123 0.126407
v -0.017845 -0.038611 0.098188
v -0.016324 -0.000210 0.105756
v -0.017995 -0.050123 0.126407
v -0.016324 -0.000210 0.105756
v -0.016020 -0.000271 0.136231
v -0.056530 -0.116132 0.129445
v -0.035938 -0.110954 0.120029
v -0.029206 -0.060224 0.153401
v -0.056530 -0.116132 0.129445
v -0.029206 -0.060224 0.153401
v -0.049485 -0.063036 0.164374
v -0.035938 -0.110954 0.120029
v -0.023597 -0.092345 0.098631
v -0.017995 -0.050123 0.126407
v -0.035938 -0.110954 0.120029
v -0.017995 -0.050123 0.126407
v -0.029206 -0.060224 0.153401
v -0.023597 -0.092345 0.098631
v -0.022160 -0.071136 0.076792
v -0.017845 -0.038611 0.098188
v -0.023597 -0.092345 0.098631
v -0.017845 -0.038611 0.098188
v -0.017995 -0.050123 0.126407
v -0.067064 -0.151549 0.077259
v -0.046003 -0.144793 0.070168
v -0.035938 -0.110954 0.120029
v -0.067064 -0.151549 0.077259
v -0.035938 -0.110954 0.120029
v -0.056530 -0.116132 0.129445
v -0.046003 -0.144793 0.070168
v -0.031974 -0.120509 0.057132
v -0.023597 -0.092345 0.098631
v -0.046003 -0.144793 0.070168
v -0.023597 -0.092345 0.098631
v -0.035938 -0.110954 0.120029
v -0.031974 -0.120509 0.057132
v -0.028614 -0.092832 0.044824
v -0.022160 -0.071136 0.076792
v -0.031974 -0.120509 0.057132
v -0.022160 -0.071136 0.076792
v -0.023597 -0.092345 0.098631
v -0.079485 -0.163897 0.015761
v -0.057870 -0.156591 0.011410
v -0.046003 -0.144793 0.070168
v -0.079485 -0.163897 0.015761
v -0.046003 -0.144793 0.070168
v -0.067064 -0.151549 0.077259
v -0.057870 -0.156591 0.011410
v -0.041851 -0.130329 0.008228
v -0.031974 -0.120509 0.057132
v -0.057870 -0.156591 0.011410
v -0.031974 -0.120509 0.057132
v -0.046003 -0.144793 0.070168
v -0.041851 -0.130329 0.008228
v -0.036222 -0.100396 0.007152
v -0.028614 -0.092832 0.044824
v -0.041851 -0.130329 0.008228
v -0.028614 -0.092832 0.044824
v -0.031974 -0.120509 0.057132
v -0.043828 -0.092676 -0.030489
v -0.050272 -0.070849 -0.062368
v -0.054574 -0.038237 -0.083633
v -0.043828 -0.092676 -0.030489
v -0.054574 -0.038237 -0.083633
v -0.056080 0.000196 -0.091046
v -0.043828 -0.092676 -0.030489
v -0.056080 0.000196 -0.091046
v -0.054559 0.038597 -0.083478
v -0.043828 -0.092676 -0.030489
v -0.054559 0.038597 -0.083478
v -0.050243 0.071122 -0.062081
v -0.043828 -0.092676 -0.030489
v -0.050243 0.071122 -0.062081
v -0.043790 0.092818 -0.030114
v -0.043828 -0.092676 -0.030489
v -0.043790 0.092818 -0.030114
v -0.036182 0.100382 0.007558
v -0.043828 -0.092676 -0.030489
v -0.036182 0.100382 0.007558
v -0.028576 0.092662 0.045199
v -0.043828 -0.092676 -0.030489
v -0.028576 0.092662 0.045199
v -0.022132 0.070835 0.077079
v -0.043828 -0.092676 -0.030489
v -0.022132 0.070835 0.077079
v -0.017829 0.038223 0.098344
v -0.043828 -0.092676 -0.030489
v -0.017829 0.038223 0.098344
v -0.016324 -0.000210 0.105756
v -0.043828 -0.092676 -0.030489
v -0.016324 -0.000210 0.105756
v -0.017845 -0.038611 0.098188
v -0.043828 -0.092676 -0.030489
v -0.017845 -0.038611 0.098188
v -0.022160 -0.071136 0.076792
v -0.043828 -0.092676 -0.030489
v -0.022160 -0.071136 0.076792
v -0.028614 -0.092832 0.044824
v -0.043828 -0.092676 -0.030489
v -0.028614 -0.092832 0.044824
v -0.036222 -0.100396 0.007152
v -0.091901 -0.151296 -0.045687
v -0.079485 -0.163897 0.015761
v -0.480449 -0.139937 0.096809
v -0.091901 -0.151296 -0.045687
v -0.480449 -0.139937 0.096809
v -0.491043 -0.129184 0.044377
f 1 2 3
f 4 5 6
f 7 8 9
f 10 11 12
f 13 14 15
f 16 17 18
f 19 20 21
f 22 23 24
f 25 26 27
f 28 29 30
f 31 32 33
f 34 35 36
f 37 38 39
f 40 41 42
f 43 44 45
f 46 47 48
f 49 50 51
f 52 53 54
f 55 56 57
f 58 59 60
f 61 62 63
f 64 65 66
f 67 68 69
f 70 71 72
f 73 74 75
f 76 77 78
f 79 80 81
f 82 83 84
f 85 86 87
f 88 89 90
f 91 92 93
f 94 95 96
f 97 98 99
f 100 101 102
f 103 104 105
f 106 107 108
f 109 110 111
f 112 113 114
f 115 116 117
f 118 119 120
f 121 122 123
f 124 125 126
f 127 128 129
f 130 131 132
f 133 134 135
f 136 137 138
f 139 140 141
f 142 143 144
f 145 146 147
f 148 149 150
f 151 152 153
f 154 155 156
f 157 158 159
f 160 161 162
f 163 164 165
f 166 167 168
f 169 170 171
f 172 173 174
f 175 176 177
f 178 179 180
f 181 182 183
f 184 185 186
f 187 188 189
f 190 191 192
f 193 194 195
f 196 197 198
f 199 200 201
f 202 203 204
f 205 206 207
f 208 209 210
f 211 212 213
f 214 215 216
f 217 218 219
f 220 221 222
f 223 224 225
f 226 227 228
f 229 230 231
f 232 233 234
f 235 236 237
f 238 239 240
f 241 242 243
f 244 245 246
f 247 248 249
f 250 251 252
f 253 254 255
f 256 257 258
f 259 260 261
f 262 263 264
f 265 266 267
f 268 269 270
f 271 272 273
f 274 275 276
f 277 278 279
f 280 281 282
f 283 284 285
f 286 287 288
f 289 290 291
f 292 293 294
f 295 296 297
f 298 299 300
f 301 302 303
f 304 305 306
f 307 308 309
f 310 311 312
f 313 314 315
f 316 317 318
f 319 320 321
f 322 323 324
f 325 326 327
f 328 329 330
f 331 332 333
f 334 335 336
f 337 338 339
f 340 341 342
f 343 344 345
f 346 347 348
f 349 350 351
f 352 353 354
f 355 356 357
f 358 359 360
f 361 362 363
f 364 365 366
f 367 368 369
f 370 371 372
f 373 374 375
f 376 377 378
f 379 380 381
f 382 383 384
f 385 386 387
f 388 389 390
f 391 392 393
f 394 395 396
f 397 398 399
f 400 401 402
f 403 404 405
f 406 407 408
f 409 410 411
f 412 413 414
f 415 416 417
f 418 419 420
f 421 422 423
f 424 425 426
f 427 428 429
f 430 431 432
f 433 434 435
f 436 437 438
f 439 440 441
f 442 443 444
f 445 446 447
f 448 449 450
f 451 452 453
f 454 455 456
f 457 458 459
f 460 461 462
f 463 464 465
f 466 467 468
f 469 470 471
f 472 473 474
f 475 476 477
f 478 479 480
f 481 482 483
f 484 485 486
f 487 488 489
f 490 491 492
f 493 494 495
f 496 497 498
f 499 500 501
f 502 503 504
f 505 506 507
f 508 509 510
f 511 512 513
f 514 515 516
f 517 518 519
f 520 521 522
f 523 524 525
f 526 527 528
f 529 530 531
f 532 533 534
f 535 536 537
f 538 539 540
f 541 542 543
f 544 545 546
f 547 548 549
f 550 551 552
f 553 554 555
f 556 557 558
f 559 560 561
f 562 563 564
f 565 566 567
f 568 569 570
f 571 572 573
f 574 575 576
f 577 578 579
f 580 581 582
f 583 584 585
f 586 587 588
f 589 590 591
f 592 593 594
f 595 596 597
f 598 599 600
f 601 602 603
f 604 605 606
f 607 608 609
f 610 611 612
f 613 614 615
f 616 617 618
f 619 620 621
f 622 623 624
f 625 626 627
f 628 629 630
f 631 632 633
f 634 635 636
f 637 638 639
f 640 641 642
f 643 644 645
f 646 647 648
f 649 650 651
f 652 653 654
f 655 656 657
f 658 659 660
f 661 662 663
f 664 665 666
f 667 668 669
f 670 671 672
f 673 674 675
f 676 677 678
f 679 680 681
f 682 683 684
f 685 686 687
f 688 689 690
f 691 692 693
f 694 695 696
f 697 698 699
f 700 701 702
f 703 704 705
f 706 707 708
f 709 710 711
f 712 713 714
f 715 716 717
f 718 719 720
f 721 722 723
f 724 725 726
f 727 728 729
f 730 731 732
f 733 734 735
f 736 737 738
f 739 740 741
f 742 743 744
f 745 746 747
f 748 749 750
f 751 752 753
f 754 755 756
f 757 758 759
f 760 761 762
f 763 764 765
f 766 767 768
f 769 770 771
f 772 773 774
f 775 776 777
f 778 779 780
f 781 782 783
f 784 785 786
f 787 788 789
f 790 791 792
f 793 794 795
f 796 797 798
f 799 800 801
f 802 803 804
f 805 806 807
f 808 809 810
f 811 812 813
f 814 815 816
f 817 818 819
f 820 821 822
f 823 824 825
f 826 827 828
f 829 830 831
f 832 833 834
f 835 836 837
f 838 839 840
f 841 842 843
f 844 845 846
f 847 848 849
f 850 851 852
f 853 854 855
f 856 857 858
f 859 860 861
f 862 863 864
f 865 866 867
f 868 869 870
f 871 872 873
f 874 875 876
f 877 878 879
f 880 881 882
f 883 884 885
f 886 887 888
f 889 890 891
f 892 893 894
f 895 896 897
f 898 899 900
f 901 902 903
f 904 905 906
f 907 908 909
f 910 911 912
f 913 914 915
f 916 917 918
f 919 920 921
f 922 923 924
f 925 926 927
f 928 929 930
f 931 932 933
f 934 935 936
f 937 938 939
f 940 941 942
f 943 944 945
f 946 947 948
f 949 950 951
f 952 953 954
f 955 956 957
f 958 959 960
f 961 962 963
f 964 965 966
f 967 968 969
f 970 971 972
f 973 974 975
f 976 977 978
f 979 980 981
f 982 983 984
f 985 986 987
f 988 989 990
f 991 992 993
f 994 995 996
f 997 998 999
f 1000 1001 1002
f 1003 1004 1005
f 1006 1007 1008
f 1009 1010 1011
f 1012 1013 1014
f 1015 1016 1017
f 1018 1019 1020
f 1021 1022 1023
f 1024 1025 1026
f 1027 1028 1029
f 1030 1031 1032
f 1033 1034 1035
f 1036 1037 1038
f 1039 1040 1041
f 1042 1043 1044
f 1045 1046 1047
f 1048 1049 1050
f 1051 1052 1053
f 1054 1055 1056
f 1057 1058 1059
f 1060 1061 1062
f 1063 1064 1065
f 1066 1067 1068
f 1069 1070 1071
f 1072 1073 1074
f 1075 1076 1077
f 1078 1079 1080
f 1081 1082 1083
f 1084 1085 1086
f 1087 1088 1089
f 1090 1091 1092
f 1093 1094 1095
f 1096 1097 1098
f 1099 1100 1101
f 1102 1103 1104
f 1105 1106 1107
f 1108 1109 1110
f 1111 1112 1113
f 1114 1115 1116
f 1117 1118 1119
f 1120 1121 1122
f 1123 1124 1125
f 1126 1127 1128
f 1129 1130 1131
f 1132 1133 1134
f 1135 1136 1137
f 1138 1139 1140
f 1141 1142 1143
f 1144 1145 1146
f 1147 1148 1149
f 1150 1151 1152
f 1153 1154 1155
f 1156 1157 1158
f 1159 1160 1161
f 1162 1163 1164
f 1165 1166 1167
f 1168 1169 1170
f 1171 1172 1173
f 1174 1175 1176
f 1177 1178 1179
f 1180 1181 1182
f 1183 1184 1185
f 1186 1187 1188
f 1189 1190 1191
f 1192 1193 1194
f 1195 1196 1197
f 1198 1199 1200
f 1201 1202 1203
f 1204 1205 1206
f 1207 1208 1209
f 1210 1211 1212
f 1213 1214 1215
f 1216 1217 1218
f 1219 1220 1221
f 1222 1223 1224
f 1225 1226 1227
f 1228 1229 1230
f 1231 1232 1233
f 1234 1235 1236
f 1237 1238 1239
f 1240 1241 1242
f 1243 1244 1245
f 1246 1247 1248
f 1249 1250 1251
f 1252 1253 1254
f 1255 1256 1257
f 1258 1259 1260
f 1261 1262 1263
f 1264 1265 1266
f 1267 1268 1269
f 1270 1271 1272
f 1273 1274 1275
f 1276 1277 1278
f 1279 1280 1281
f 1282 1283 1284
f 1285 1286 1287
f 1288 1289 1290
f 1291 1292 1293
f 1294 1295 1296
f 1297 1298 1299
f 1300 1301 1302
f 1303 1304 1305
f 1306 1307 1308
f 1309 1310 1311
f 1312 1313 1314
f 1315 1316 1317
f 1318 1319 1320
f 1321 1322 1323
f 1324 1325 1326
f 1327 1328 1329
f 1330 1331 1332
f 1333 1334 1335
f 1336 1337 1338
f 1339 1340 1341
f 1342 1343 1344
f 1345 1346 1347
f 1348 1349 1350
f 1351 1352 1353
f 1354 1355 1356
f 1357 1358 1359
f 1360 1361 1362
f 1363 1364 1365
f 1366 1367 1368
f 1369 1370 1371
f 1372 1373 1374
f 1375 1376 1377
f 1378 1379 1380
f 1381 1382 1383
f 1384 1385 1386
f 1387 1388 1389
f 1390 1391 1392
f 1393 1394 1395
f 1396 1397 1398
f 1399 1400 1401
f 1402 1403 1404
f 1405 1406 1407
f 1408 1409 1410
f 1411 1412 1413
f 1414 1415 1416
f 1417 1418 1419
f 1420 1421 1422
f 1423 1424 1425
f 1426 1427 1428
f 1429 1430 1431
f 1432 1433 1434
f 1435 1436 1437
f 1438 1439 1440
f 1441 1442 1443
f 1444 1445 1446
f 1447 1448 1449
f 1450 1451 1452
f 1453 1454 1455
f 1456 1457 1458
f 1459 1460 1461
f 1462 1463 1464
f 1465 1466 1467
f 1468 1469 1470
f 1471 1472 1473
f 1474 1475 1476
f 1477 1478 1479
f 1480 1481 1482
f 1483 1484 1485
f 1486 1487 1488
f 1489 1490 1491
f 1492 1493 1494
f 1495 1496 1497
f 1498 1499 1500
f 1501 1502 1503
f 1504 1505 1506
f 1507 1508 1509
f 1510 1511 1512
f 1513 1514 1515
f 1516 1517 1518
f 1519 1520 1521
f 1522 1523 1524
f 1525 1526 1527
f 1528 1529 1530
f 1531 1532 1533
f 1534 1535 1536
f 1537 1538 1539
f 1540 1541 1542
f 1543 1544 1545
f 1546 1547 1548
f 1549 1550 1551
f 1552 1553 1554
f 1555 1556 1557
f 1558 1559 1560
f 1561 1562 1563
f 1564 1565 1566
f 1567 1568 1569
f 1570 1571 1572
f 1573 1574 1575
f 1576 1577 1578
f 1579 1580 1581
f 1582 1583 1584
f 1585 1586 1587
f 1588 1589 1590
f 1591 1592 1593
f 1594 1595 1596
f 1597 1598 1599
f 1600 1601 1602
f 1603 1604 1605
f 1606 1607 1608
f 1609 1610 1611
f 1612 1613 1614
f 1615 1616 1617
f 1618 1619 1620
f 1621 1622 1623
f 1624 1625 1626
f 1627 1628 1629
f 1630 1631 1632
f 1633 1634 1635
f 1636 1637 1638
f 1639 1640 1641
f 1642 1643 1644
f 1645 1646 1647
f 1648 1649 1650
f 1651 1652 1653
f 1654 1655 1656
f 1657 1658 1659
f 1660 1661 1662
f 1663 1664 1665
f 1666 1667 1668
f 1669 1670 1671
f 1672 1673 1674
f 1675 1676 1677
f 1678 1679 1680
f 1681 1682 1683
f 1684 1685 1686
f 1687 1688 1689
f 1690 1691 1692
f 1693 1694 1695
f 1696 1697 1698
f 1699 1700 1701
f 1702 1703 1704
f 1705 1706 1707
f 1708 1709 1710
f 1711 1712 1713
f 1714 1715 1716
f 1717 1718 1719
f 1720 1721 1722
f 1723 1724 1725
f 1726 1727 1728
f 1729 1730 1731
f 1732 1733 1734
f 1735 1736 1737
f 1738 1739 1740
f 1741 1742 1743
f 1744 1745 1746
f 1747 1748 1749
f 1750 1751 1752
f 1753 1754 1755
f 1756 1757 1758
f 1759 1760 1761
f 1762 1763 1764
f 1765 1766 1767
f 1768 1769 1770
f 1771 1772 1773
f 1774 1775 1776
f 1777 1778 1779
f 1780 1781 1782
f 1783 1784 1785
f 1786 1787 1788
f 1789 1790 1791
f 1792 1793 1794
f 1795 1796 1797
f 1798 1799 1800
f 1801 1802 1803
f 1804 1805 1806
f 1807 1808 1809
f 1810 1811 1812
f 1813 1814 1815
f 1816 1817 1818
f 1819 1820 1821
f 1822 1823 1824
f 1825 1826 1827
f 1828 1829 1830
f 1831 1832 1833
f 1834 1835 1836
f 1837 1838 1839
f 1840 1841 1842
f 1843 1844 1845
f 1846 1847 1848
f 1849 1850 1851
f 1852 1853 1854
f 1855 1856 1857
f 1858 1859 1860
f 1861 1862 1863
f 1864 1865 1866
f 1867 1868 1869
f 1870 1871 1872
f 1873 1874 1875
f 1876 1877 1878
f 1879 1880 1881
f 1882 1883 1884
f 1885 1886 1887
f 1888 1889 1890
f 1891 1892 1893
f 1894 1895 1896
f 1897 1898 1899
f 1900 1901 1902
f 1903 1904 1905
f 1906 1907 1908
f 1909 1910 1911
f 1912 1913 1914
f 1915 1916 1917
f 1918 1919 1920
f 1921 1922 1923
f 1924 1925 1926
f 1927 1928 1929
f 1930 1931 1932
f 1933 1934 1935
f 1936 1937 1938
f 1939 1940 1941
f 1942 1943 1944
f 1945 1946 1947
f 1948 1949 1950
f 1951 1952 1953
f 1954 1955 1956
f 1957 1958 1959
f 1960 1961 1962
f 1963 1964 1965
f 1966 1967 1968
f 1969 1970 1971
f 1972 1973 1974
f 1975 1976 1977
f 1978 1979 1980
f 1981 1982 1983
f 1984 1985 1986
f 1987 1988 1989
f 1990 1991 1992
f 1993 1994 1995
f 1996 1997 1998
f 1999 2000 2001
f 2002 2003 2004
f 2005 2006 2007
f 2008 2009 2010
f 2011 2012 2013
f 2014 2015 2016
f 2017 2018 2019
f 2020 2021 2022
f 2023 2024 2025
f 2026 2027 2028
f 2029 2030 2031
f 2032 2033 2034
f 2035 2036 2037
f 2038 2039 2040
f 2041 2042 2043
f 2044 2045 2046
f 2047 2048 2049
f 2050 2051 2052
f 2053 2054 2055
f 2056 2057 2058
f 2059 2060 2061
f 2062 2063 2064
f 2065 2066 2067
f 2068 2069 2070
f 2071 2072 2073
f 2074 2075 2076
f 2077 2078 2079
f 2080 2081 2082
f 2083 2084 2085
f 2086 2087 2088
f 2089 2090 2091
f 2092 2093 2094
f 2095 2096 2097
f 2098 2099 2100
f 2101 2102 2103
f 2104 2105 2106
f 2107 2108 2109
f 2110 2111 2112
f 2113 2114 2115
f 2116 2117 2118
f 2119 2120 2121
f 2122 2123 2124
f 2125 2126 2127
f 2128 2129 2130
f 2131 2132 2133
f 2134 2135 2136
f 2137 2138 2139
f 2140 2141 2142
f 2143 2144 2145
f 2146 2147 2148
f 2149 2150 2151
f 2152 2153 2154
f 2155 2156 2157
f 2158 2159 2160
f 2161 2162 2163
f 2164 2165 2166
f 2167 2168 2169
f 2170 2171 2172
f 2173 2174 2175
f 2176 2177 2178
f 2179 2180 2181
f 2182 2183 2184
f 2185 2186 2187
f 2188 2189 2190
f 2191 2192 2193
f 2194 2195 2196
f 2197 2198 2199
f 2200 2201 2202
f 2203 2204 2205
f 2206 2207 2208
f 2209 2210 2211
f 2212 2213 2214
f 2215 2216 2217
f 2218 2219 2220
f 2221 2222 2223
f 2224 2225 2226
f 2227 2228 2229
f 2230 2231 2232
f 2233 2234 2235
f 2236 2237 2238
f 2239 2240 2241
f 2242 2243 2244
f 2245 2246 2247
f 2248 2249 2250
f 2251 2252 2253
f 2254 2255 2256
f 2257 2258 2259
f 2260 2261 2262
f 2263 2264 2265
f 2266 2267 2268
f 2269 2270 2271
f 2272 2273 2274
f 2275 2276 2277
f 2278 2279 2280
f 2281 2282 2283
f 2284 2285 2286
f 2287 2288 2289
f 2290 2291 2292
f 2293 2294 2295
f 2296 2297 2298
f 2299 2300 2301
f 2302 2303 2304
f 2305 2306 2307
f 2308 2309 2310
f 2311 2312 2313
f 2314 2315 2316
f 2317 2318 2319
f 2320 2321 2322
f 2323 2324 2325
f 2326 2327 2328
f 2329 2330 2331
f 2332 2333 2334
f 2335 2336 2337
f 2338 2339 2340
f 2341 2342 2343
f 2344 2345 2346
f 2347 2348 2349
f 2350 2351 2352
f 2353 2354 2355
f 2356 2357 2358
f 2359 2360 2361
f 2362 2363 2364
f 2365 2366 2367
f 2368 2369 2370
f 2371 2372 2373
f 2374 2375 2376
f 2377 2378 2379
f 2380 2381 2382
f 2383 2384 2385
f 2386 2387 2388
f 2389 2390 2391
f 2392 2393 2394
f 2395 2396 2397
f 2398 2399 2400
f 2401 2402 2403
f 2404 2405 2406
f 2407 2408 2409
f 2410 2411 2412
f 2413 2414 2415
f 2416 2417 2418
f 2419 2420 2421
f 2422 2423 2424
f 2425 2426 2427
f 2428 2429 2430
f 2431 2432 2433
f 2434 2435 2436
f 2437 2438 2439
f 2440 2441 2442
f 2443 2444 2445
f 2446 2447 2448
f 2449 2450 2451
f 2452 2453 2454
f 2455 2456 2457
f 2458 2459 2460
f 2461 2462 2463
f 2464 2465 2466
f 2467 2468 2469
f 2470 2471 2472
f 2473 2474 2475
f 2476 2477 2478
f 2479 2480 2481
f 2482 2483 2484
f 2485 2486 2487
f 2488 2489 2490
f 2491 2492 2493
f 2494 2495 2496
f 2497 2498 2499
f 2500 2501 2502
f 2503 2504 2505
f 2506 2507 2508
f 2509 2510 2511
f 2512 2513 2514
f 2515 2516 2517
f 2518 2519 2520
f 2521 2522 2523
f 2524 2525 2526
f 2527 2528 2529
f 2530 2531 2532
f 2533 2534 2535
f 2536 2537 2538
f 2539 2540 2541
f 2542 2543 2544
f 2545 2546 2547
f 2548 2549 2550
f 2551 2552 2553
f 2554 2555 2556
f 2557 2558 2559
f 2560 2561 2562
f 2563 2564 2565
f 2566 2567 2568
f 2569 2570 2571
f 2572 2573 2574
f 2575 2576 2577
f 2578 2579 2580
f 2581 2582 2583
f 2584 2585 2586
f 2587 2588 2589
f 2590 2591 2592
f 2593 2594 2595
f 2596 2597 2598
f 2599 2600 2601
f 2602 2603 2604
f 2605 2606 2607
f 2608 2609 2610
f 2611 2612 2613
f 2614 2615 2616
f 2617 2618 2619
f 2620 2621 2622
f 2623 2624 2625
f 2626 2627 2628
f 2629 2630 2631
f 2632 2633 2634
f 2635 2636 2637
f 2638 2639 2640
f 2641 2642 2643
f 2644 2645 2646
f 2647 2648 2649
f 2650 2651 2652
f 2653 2654 2655
f 2656 2657 2658
f 2659 2660 2661
f 2662 2663 2664
f 2665 2666 2667
f 2668 2669 2670
f 2671 2672 2673
f 2674 2675 2676
f 2677 2678 2679
f 2680 2681 2682
f 2683 2684 2685
f 2686 2687 2688
f 2689 2690 2691
f 2692 2693 2694
f 2695 2696 2697
f 2698 2699 2700
f 2701 2702 2703
f 2704 2705 2706
f 2707 2708 2709
f 2710 2711 2712
f 2713 2714 2715
f 2716 2717 2718
f 2719 2720 2721
f 2722 2723 2724
f 2725 2726 2727
f 2728 2729 2730
f 2731 2732 2733
f 2734 2735 2736
f 2737 2738 2739
f 2740 2741 2742
f 2743 2744 2745
f 2746 2747 2748
f 2749 2750 2751
f 2752 2753 2754
f 2755 2756 2757
f 2758 2759 2760
f 2761 2762 2763
f 2764 2765 2766
f 2767 2768 2769
f 2770 2771 2772
f 2773 2774 2775
f 2776 2777 2778
f 2779 2780 2781
f 2782 2783 2784
f 2785 2786 2787
f 2788 2789 2790
f 2791 2792 2793
f 2794 2795 2796
f 2797 2798 2799
f 2800 2801 2802
f 2803 2804 2805
f 2806 2807 2808
f 2809 2810 2811
f 2812 2813 2814
f 2815 2816 2817
f 2818 2819 2820
f 2821 2822 2823
f 2824 2825 2826
f 2827 2828 2829
f 2830 2831 2832
f 2833 2834 2835
f 2836 2837 2838
f 2839 2840 2841
f 2842 2843 2844
f 2845 2846 2847
f 2848 2849 2850
f 2851 2852 2853
f 2854 2855 2856
f 2857 2858 2859
f 2860 2861 2862
f 2863 2864 2865
f 2866 2867 2868
f 2869 2870 2871
f 2872 2873 2874
f 2875 2876 2877
f 2878 2879 2880
f 2881 2882 2883
f 2884 2885 2886
f 2887 2888 2889
f 2890 2891 2892
f 2893 2894 2895
f 2896 2897 2898
f 2899 2900 2901
f 2902 2903 2904
f 2905 2906 2907
f 2908 2909 2910
f 2911 2912 2913
f 2914 2915 2916
f 2917 2918 2919
f 2920 2921 2922
f 2923 2924 2925
f 2926 2927 2928
f 2929 2930 2931
f 2932 2933 2934
f 2935 2936 2937
f 2938 2939 2940
f 2941 2942 2943
f 2944 2945 2946
f 2947 2948 2949
f 2950 2951 2952
f 2953 2954 2955
f 2956 2957 2958
f 2959 2960 2961
f 2962 2963 2964
f 2965 2966 2967
f 2968 2969 2970
f 2971 2972 2973
f 2974 2975 2976
f 2977 2978 2979
f 2980 2981 2982
f 2983 2984 2985
f 2986 2987 2988
f 2989 2990 2991
f 2992 2993 2994
f 2995 2996 2997
f 2998 2999 3000
f 3001 3002 3003
f 3004 3005 3006
f 3007 3008 3009
f 3010 3011 3012
f 3013 3014 3015
f 3016 3017 3018
f 3019 3020 3021
f 3022 3023 3024
f 3025 3026 3027
f 3028 3029 3030
f 3031 3032 3033
f 3034 3035 3036
f 3037 3038 3039
f 3040 3041 3042
f 3043 3044 3045
f 3046 3047 3048
f 3049 3050 3051
f 3052 3053 3054
f 3055 3056 3057
f 3058 3059 3060
