iteration,tag,value
0,Episode_Reward/action_rate_l2,-0.007445335388183594
0,Episode_Reward/belly_contact_force,0.0
0,Episode_Reward/dof_torques_l2,-0.03149355575442314
0,Episode_Reward/lin_vel_z_l2,-0.0221286378800869
0,Episode_Reward/track_ang_vel_z_exp,0.0018647585529834032
0,Episode_Reward/track_lin_vel_xy_miki,0.0031257797963917255
0,Episode_Reward/undesired_contacts,0.0
0,Episode_Termination/base_contact,0.0
0,Episode_Termination/head_contact,0.0
0,Episode_Termination/time_out,0.011149088852107525
0,Loss/entropy,42.57442092895508
0,Loss/learning_rate,0.0002962962898891419
0,Loss/surrogate,-0.006651814561337233
0,Loss/value,0.502594530582428
0,Metrics/base_velocity/error_vel_xy,1.4725031852722168
0,Metrics/base_velocity/error_vel_yaw,0.8567132353782654
0,Metrics/success_rate,0.0416666679084301
0,Perf/collection_time,4.296480178833008
0,Perf/learning_time,0.39131879806518555
0,Perf/total_fps,20970.0
0,Policy/mean_std,1.0003825426101685
0,Train/mean_episode_length,12.95604419708252
0,Train/mean_reward,-1.180706262588501
4,Train/mean_episode_length/time,12.95604419708252
4,Train/mean_reward/time,-1.180706262588501
94,Episode_Reward/action_rate_l2,-0.004224679432809353
94,Episode_Reward/belly_contact_force,0.0
94,Episode_Reward/dof_torques_l2,-0.023237159475684166
94,Episode_Reward/lin_vel_z_l2,-0.001979965018108487
94,Episode_Reward/track_ang_vel_z_exp,0.007245558779686689
94,Episode_Reward/track_lin_vel_xy_miki,0.00766965514048934
94,Episode_Reward/undesired_contacts,0.0
94,Episode_Termination/base_contact,0.0
94,Episode_Termination/head_contact,1.0
94,Episode_Termination/time_out,0.0
94,Loss/entropy,21.99375343322754
94,Loss/learning_rate,0.00038443360244855285
94,Loss/surrogate,-0.009893729351460934
94,Loss/value,0.0016661182744428515
94,Metrics/base_velocity/error_vel_xy,1.0892424583435059
94,Metrics/base_velocity/error_vel_yaw,0.31352734565734863
94,Metrics/success_rate,0.2888492941856384
94,Perf/collection_time,1.5997729301452637
94,Perf/learning_time,0.17464065551757812
94,Perf/total_fps,55400.0
94,Policy/mean_std,0.5540024042129517
94,Train/mean_episode_length,21.799999237060547
94,Train/mean_reward,-0.2802290618419647
185,Train/mean_episode_length/time,21.799999237060547
185,Train/mean_reward/time,-0.2802290618419647
188,Episode_Reward/action_rate_l2,-0.0017314916476607323
188,Episode_Reward/belly_contact_force,0.0
188,Episode_Reward/dof_torques_l2,-0.010085598565638065
188,Episode_Reward/lin_vel_z_l2,-0.0007416002335958183
188,Episode_Reward/track_ang_vel_z_exp,0.01072048768401146
188,Episode_Reward/track_lin_vel_xy_miki,0.01207816880196333
188,Episode_Reward/undesired_contacts,0.0
188,Episode_Termination/base_contact,0.0
188,Episode_Termination/head_contact,1.0
188,Episode_Termination/time_out,0.0
188,Loss/entropy,0.10882030427455902
188,Loss/learning_rate,0.00017085937724914402
188,Loss/surrogate,-0.00803825818002224
188,Loss/value,0.0003891664382535964
188,Metrics/base_velocity/error_vel_xy,0.8674919009208679
188,Metrics/base_velocity/error_vel_yaw,0.14117896556854248
188,Metrics/success_rate,0.40935033559799194
188,Perf/collection_time,1.5425310134887695
188,Perf/learning_time,0.17123055458068848
188,Perf/total_fps,57361.0
188,Policy/mean_std,0.3096298575401306
188,Train/mean_episode_length,24.1200008392334
188,Train/mean_reward,0.1849871128797531
282,Episode_Reward/action_rate_l2,-0.0011585855390876532
282,Episode_Reward/belly_contact_force,0.0
282,Episode_Reward/dof_torques_l2,-0.008806283585727215
282,Episode_Reward/lin_vel_z_l2,-0.0013660326367244124
282,Episode_Reward/track_ang_vel_z_exp,0.012385565787553787
282,Episode_Reward/track_lin_vel_xy_miki,0.01770644262433052
282,Episode_Reward/undesired_contacts,0.0
282,Episode_Termination/base_contact,0.0
282,Episode_Termination/head_contact,1.0
282,Episode_Termination/time_out,0.0
282,Loss/entropy,-11.751879692077637
282,Loss/learning_rate,0.00011390625149942935
282,Loss/surrogate,-0.0040159705094993114
282,Loss/value,0.00031185642001219094
282,Metrics/base_velocity/error_vel_xy,0.7415916323661804
282,Metrics/base_velocity/error_vel_yaw,0.10834439843893051
282,Metrics/success_rate,0.5197708010673523
282,Perf/collection_time,1.5295984745025635
282,Perf/learning_time,0.1765584945678711
282,Perf/total_fps,57617.0
282,Policy/mean_std,0.22263103723526
282,Train/mean_episode_length,26.68000030517578
282,Train/mean_reward,0.34734776616096497
351,Train/mean_episode_length/time,24.1200008392334
351,Train/mean_reward/time,0.1849871128797531
376,Episode_Reward/action_rate_l2,-0.003726417198777199
376,Episode_Reward/belly_contact_force,0.0
376,Episode_Reward/dof_torques_l2,-0.052046507596969604
376,Episode_Reward/lin_vel_z_l2,-0.003445148002356291
376,Episode_Reward/track_ang_vel_z_exp,0.05559784173965454
376,Episode_Reward/track_lin_vel_xy_miki,0.11385893821716309
376,Episode_Reward/undesired_contacts,-3.681077714645653e-06
376,Episode_Termination/base_contact,0.0
376,Episode_Termination/head_contact,0.9981282949447632
376,Episode_Termination/time_out,0.0018717448692768812
376,Loss/entropy,-12.961610794067383
376,Loss/learning_rate,5.062499985797331e-05
376,Loss/surrogate,-0.003475991077721119
376,Loss/value,0.02234750986099243
376,Metrics/base_velocity/error_vel_xy,0.7273545265197754
376,Metrics/base_velocity/error_vel_yaw,0.11360228061676025
376,Metrics/success_rate,0.5127437710762024
376,Perf/collection_time,1.6193838119506836
376,Perf/learning_time,0.1767733097076416
376,Perf/total_fps,54730.0
376,Policy/mean_std,0.20348548889160156
376,Train/mean_episode_length,110.26000213623047
376,Train/mean_reward,1.8315386772155762
470,Episode_Reward/action_rate_l2,-0.0077628567814826965
470,Episode_Reward/belly_contact_force,0.0
470,Episode_Reward/dof_torques_l2,-0.07895336300134659
470,Episode_Reward/lin_vel_z_l2,-0.0069434321485459805
470,Episode_Reward/track_ang_vel_z_exp,0.07745201885700226
470,Episode_Reward/track_lin_vel_xy_miki,0.17084352672100067
470,Episode_Reward/undesired_contacts,-1.5432099189638393e-06
470,Episode_Termination/base_contact,0.0
470,Episode_Termination/head_contact,0.9590556025505066
470,Episode_Termination/time_out,0.0409444198012352
470,Loss/entropy,-4.900799751281738
470,Loss/learning_rate,5.062499985797331e-05
470,Loss/surrogate,-0.003181505249813199
470,Loss/value,0.022643931210041046
470,Metrics/base_velocity/error_vel_xy,0.8214439749717712
470,Metrics/base_velocity/error_vel_yaw,0.15023477375507355
470,Metrics/success_rate,0.47020602226257324
470,Perf/collection_time,1.538468360900879
470,Perf/learning_time,0.16180968284606934
470,Perf/total_fps,57816.0
470,Policy/mean_std,0.24764351546764374
470,Train/mean_episode_length,224.99000549316406
470,Train/mean_reward,3.9291927814483643
513,Train/mean_episode_length/time,26.68000030517578
513,Train/mean_reward/time,0.34734776616096497
564,Episode_Reward/action_rate_l2,-0.023497795686125755
564,Episode_Reward/belly_contact_force,0.0
564,Episode_Reward/dof_torques_l2,-0.2055048942565918
564,Episode_Reward/lin_vel_z_l2,-0.032584741711616516
564,Episode_Reward/track_ang_vel_z_exp,0.15338948369026184
564,Episode_Reward/track_lin_vel_xy_miki,0.44623416662216187
564,Episode_Reward/undesired_contacts,0.0
564,Episode_Termination/base_contact,0.0
564,Episode_Termination/head_contact,0.852783203125
564,Episode_Termination/time_out,0.147216796875
564,Loss/entropy,1.1833422183990479
564,Loss/learning_rate,7.593750342493877e-05
564,Loss/surrogate,-0.004506970755755901
564,Loss/value,0.023622313514351845
564,Metrics/base_velocity/error_vel_xy,0.8249303102493286
564,Metrics/base_velocity/error_vel_yaw,0.18623968958854675
564,Metrics/success_rate,0.5220403671264648
564,Perf/collection_time,1.5746915340423584
564,Perf/learning_time,0.19008421897888184
564,Perf/total_fps,55703.0
564,Policy/mean_std,0.29369351267814636
564,Train/mean_episode_length,353.8500061035156
564,Train/mean_reward,6.670557975769043
658,Episode_Reward/action_rate_l2,-0.048822611570358276
658,Episode_Reward/belly_contact_force,0.0
658,Episode_Reward/dof_torques_l2,-0.3900885581970215
658,Episode_Reward/lin_vel_z_l2,-0.04898996278643608
658,Episode_Reward/track_ang_vel_z_exp,0.2451314926147461
658,Episode_Reward/track_lin_vel_xy_miki,0.7446197867393494
658,Episode_Reward/undesired_contacts,0.0
658,Episode_Termination/base_contact,0.0
658,Episode_Termination/head_contact,0.5771586298942566
658,Episode_Termination/time_out,0.4228413999080658
658,Loss/entropy,4.657370567321777
658,Loss/learning_rate,0.00017085937724914402
658,Loss/surrogate,-0.004470899701118469
658,Loss/value,0.015521709807217121
658,Metrics/base_velocity/error_vel_xy,0.7069153785705566
658,Metrics/base_velocity/error_vel_yaw,0.19824647903442383
658,Metrics/success_rate,0.6886048316955566
658,Perf/collection_time,1.5622639656066895
658,Perf/learning_time,0.17523598670959473
658,Perf/total_fps,56577.0
658,Policy/mean_std,0.32752755284309387
658,Train/mean_episode_length,631.8400268554688
658,Train/mean_reward,10.72451400756836
675,Train/mean_episode_length/time,110.26000213623047
675,Train/mean_reward/time,1.8315386772155762
752,Episode_Reward/action_rate_l2,-0.0861116498708725
752,Episode_Reward/belly_contact_force,0.0
752,Episode_Reward/dof_torques_l2,-0.646759569644928
752,Episode_Reward/lin_vel_z_l2,-0.060019247233867645
752,Episode_Reward/track_ang_vel_z_exp,0.38985785841941833
752,Episode_Reward/track_lin_vel_xy_miki,1.2267450094223022
752,Episode_Reward/undesired_contacts,0.0
752,Episode_Termination/base_contact,0.0
752,Episode_Termination/head_contact,0.1241251677274704
752,Episode_Termination/time_out,0.8758748769760132
752,Loss/entropy,4.916378498077393
752,Loss/learning_rate,0.00017085937724914402
752,Loss/surrogate,-0.00527099659666419
752,Loss/value,0.009348167106509209
752,Metrics/base_velocity/error_vel_xy,0.20437531173229218
752,Metrics/base_velocity/error_vel_yaw,0.19832468032836914
752,Metrics/success_rate,0.9743056297302246
752,Perf/collection_time,1.5440359115600586
752,Perf/learning_time,0.1614525318145752
752,Perf/total_fps,57639.0
752,Policy/mean_std,0.3343414068222046
752,Train/mean_episode_length,947.3099975585938
752,Train/mean_reward,16.015941619873047
836,Train/mean_episode_length/time,224.99000549316406
836,Train/mean_reward/time,3.9291927814483643
846,Episode_Reward/action_rate_l2,-0.08630742132663727
846,Episode_Reward/belly_contact_force,0.0
846,Episode_Reward/dof_torques_l2,-0.6311137080192566
846,Episode_Reward/lin_vel_z_l2,-0.051748018711805344
846,Episode_Reward/track_ang_vel_z_exp,0.4063280522823334
846,Episode_Reward/track_lin_vel_xy_miki,1.2764551639556885
846,Episode_Reward/undesired_contacts,0.0
846,Episode_Termination/base_contact,0.0
846,Episode_Termination/head_contact,0.07623291015625
846,Episode_Termination/time_out,0.92376708984375
846,Loss/entropy,4.008859157562256
846,Loss/learning_rate,0.00011390625149942935
846,Loss/surrogate,-0.004771041683852673
846,Loss/value,0.009666446596384048
846,Metrics/base_velocity/error_vel_xy,0.18183103203773499
846,Metrics/base_velocity/error_vel_yaw,0.18447613716125488
846,Metrics/success_rate,1.0
846,Perf/collection_time,1.7130088806152344
846,Perf/learning_time,0.19264435768127441
846,Perf/total_fps,51585.0
846,Policy/mean_std,0.32845014333724976
846,Train/mean_episode_length,968.5499877929688
846,Train/mean_reward,18.34893798828125
940,Episode_Reward/action_rate_l2,-0.08721083402633667
940,Episode_Reward/belly_contact_force,0.0
940,Episode_Reward/dof_torques_l2,-0.6145700812339783
940,Episode_Reward/lin_vel_z_l2,-0.050304919481277466
940,Episode_Reward/track_ang_vel_z_exp,0.4134628176689148
940,Episode_Reward/track_lin_vel_xy_miki,1.2973525524139404
940,Episode_Reward/undesired_contacts,0.0
940,Episode_Termination/base_contact,0.0
940,Episode_Termination/head_contact,0.053924560546875
940,Episode_Termination/time_out,0.946075439453125
940,Loss/entropy,3.439284563064575
940,Loss/learning_rate,0.00017085937724914402
940,Loss/surrogate,-0.004880745895206928
940,Loss/value,0.007423424627631903
940,Metrics/base_velocity/error_vel_xy,0.173378586769104
940,Metrics/base_velocity/error_vel_yaw,0.1771412342786789
940,Metrics/success_rate,1.0
940,Perf/collection_time,1.5519325733184814
940,Perf/learning_time,0.17663168907165527
940,Perf/total_fps,56870.0
940,Policy/mean_std,0.3233231008052826
940,Train/mean_episode_length,973.969970703125
940,Train/mean_reward,19.254920959472656
1000,Train/mean_episode_length/time,353.8500061035156
1000,Train/mean_reward/time,6.670557975769043
1034,Episode_Reward/action_rate_l2,-0.08431011438369751
1034,Episode_Reward/belly_contact_force,0.0
1034,Episode_Reward/dof_torques_l2,-0.5686354041099548
1034,Episode_Reward/lin_vel_z_l2,-0.04290572926402092
1034,Episode_Reward/track_ang_vel_z_exp,0.4263542592525482
1034,Episode_Reward/track_lin_vel_xy_miki,1.3319039344787598
1034,Episode_Reward/undesired_contacts,0.0
1034,Episode_Termination/base_contact,0.0
1034,Episode_Termination/head_contact,0.031158447265625
1034,Episode_Termination/time_out,0.968841552734375
1034,Loss/entropy,2.1764848232269287
1034,Loss/learning_rate,0.00011390625149942935
1034,Loss/surrogate,-0.0046708364970982075
1034,Loss/value,0.005170090589672327
1034,Metrics/base_velocity/error_vel_xy,0.15565472841262817
1034,Metrics/base_velocity/error_vel_yaw,0.16271674633026123
1034,Metrics/success_rate,1.0
1034,Perf/collection_time,1.5475375652313232
1034,Perf/learning_time,0.17627906799316406
1034,Perf/total_fps,57026.0
1034,Policy/mean_std,0.3130783140659332
1034,Train/mean_episode_length,992.4099731445312
1034,Train/mean_reward,21.343936920166016
1128,Episode_Reward/action_rate_l2,-0.08216004818677902
1128,Episode_Reward/belly_contact_force,0.0
1128,Episode_Reward/dof_torques_l2,-0.5313822627067566
1128,Episode_Reward/lin_vel_z_l2,-0.038970403373241425
1128,Episode_Reward/track_ang_vel_z_exp,0.4377291202545166
1128,Episode_Reward/track_lin_vel_xy_miki,1.3754838705062866
1128,Episode_Reward/undesired_contacts,0.0
1128,Episode_Termination/base_contact,0.0
1128,Episode_Termination/head_contact,0.01433308981359005
1128,Episode_Termination/time_out,0.9856669306755066
1128,Loss/entropy,0.7564784288406372
1128,Loss/learning_rate,0.00011390625149942935
1128,Loss/surrogate,-0.005071213468909264
1128,Loss/value,0.005438255611807108
1128,Metrics/base_velocity/error_vel_xy,0.1382128745317459
1128,Metrics/base_velocity/error_vel_yaw,0.15515011548995972
1128,Metrics/success_rate,1.0
1128,Perf/collection_time,1.5518889427185059
1128,Perf/learning_time,0.16948723793029785
1128,Perf/total_fps,57107.0
1128,Policy/mean_std,0.2998485267162323
1128,Train/mean_episode_length,1000.0
1128,Train/mean_reward,23.22776985168457
1166,Train/mean_episode_length/time,631.8400268554688
1166,Train/mean_reward/time,10.72451400756836
1222,Episode_Reward/action_rate_l2,-0.07766498625278473
1222,Episode_Reward/belly_contact_force,0.0
1222,Episode_Reward/dof_torques_l2,-0.4948825240135193
1222,Episode_Reward/lin_vel_z_l2,-0.03515148535370827
1222,Episode_Reward/track_ang_vel_z_exp,0.4425046145915985
1222,Episode_Reward/track_lin_vel_xy_miki,1.3812477588653564
1222,Episode_Reward/undesired_contacts,0.0
1222,Episode_Termination/base_contact,0.0
1222,Episode_Termination/head_contact,0.00732421875
1222,Episode_Termination/time_out,0.99267578125
1222,Loss/entropy,-0.27959293127059937
1222,Loss/learning_rate,0.00011390625149942935
1222,Loss/surrogate,-0.004732005763798952
1222,Loss/value,0.004815326072275639
1222,Metrics/base_velocity/error_vel_xy,0.1334722340106964
1222,Metrics/base_velocity/error_vel_yaw,0.14829203486442566
1222,Metrics/success_rate,1.0
1222,Perf/collection_time,1.5681142807006836
1222,Perf/learning_time,0.1722562313079834
1222,Perf/total_fps,56484.0
1222,Policy/mean_std,0.29038912057876587
1222,Train/mean_episode_length,1000.0
1222,Train/mean_reward,24.40427017211914
1316,Episode_Reward/action_rate_l2,-0.07625477761030197
1316,Episode_Reward/belly_contact_force,0.0
1316,Episode_Reward/dof_torques_l2,-0.4671590030193329
1316,Episode_Reward/lin_vel_z_l2,-0.03337974473834038
1316,Episode_Reward/track_ang_vel_z_exp,0.44354182481765747
1316,Episode_Reward/track_lin_vel_xy_miki,1.3906329870224
1316,Episode_Reward/undesired_contacts,0.0
1316,Episode_Termination/base_contact,0.0
1316,Episode_Termination/head_contact,0.005096435546875
1316,Episode_Termination/time_out,0.994903564453125
1316,Loss/entropy,-1.1278899908065796
1316,Loss/learning_rate,5.062499985797331e-05
1316,Loss/surrogate,-0.003613659180700779
1316,Loss/value,0.003634347114712
1316,Metrics/base_velocity/error_vel_xy,0.12733511626720428
1316,Metrics/base_velocity/error_vel_yaw,0.1465895026922226
1316,Metrics/success_rate,1.0
1316,Perf/collection_time,1.5838348865509033
1316,Perf/learning_time,0.15751290321350098
1316,Perf/total_fps,56452.0
1316,Policy/mean_std,0.28295889496803284
1316,Train/mean_episode_length,1000.0
1316,Train/mean_reward,25.228248596191406
1334,Train/mean_episode_length/time,947.3099975585938
1334,Train/mean_reward/time,16.015941619873047
1410,Episode_Reward/action_rate_l2,-0.07267895340919495
1410,Episode_Reward/belly_contact_force,0.0
1410,Episode_Reward/dof_torques_l2,-0.44237762689590454
1410,Episode_Reward/lin_vel_z_l2,-0.033120427280664444
1410,Episode_Reward/track_ang_vel_z_exp,0.44571453332901
1410,Episode_Reward/track_lin_vel_xy_miki,1.3942983150482178
1410,Episode_Reward/undesired_contacts,0.0
1410,Episode_Termination/base_contact,0.0
1410,Episode_Termination/head_contact,0.00439453125
1410,Episode_Termination/time_out,0.99560546875
1410,Loss/entropy,-1.7384227514266968
1410,Loss/learning_rate,0.00011390625149942935
1410,Loss/surrogate,-0.0046245944686234
1410,Loss/value,0.005457178223878145
1410,Metrics/base_velocity/error_vel_xy,0.12547768652439117
1410,Metrics/base_velocity/error_vel_yaw,0.14314207434654236
1410,Metrics/success_rate,1.0
1410,Perf/collection_time,1.5466232299804688
1410,Perf/learning_time,0.15933752059936523
1410,Perf/total_fps,57623.0
1410,Policy/mean_std,0.2776626646518707
1410,Train/mean_episode_length,1000.0
1410,Train/mean_reward,25.77460479736328
1497,Train/mean_episode_length/time,968.5499877929688
1497,Train/mean_reward/time,18.34893798828125
1504,Episode_Reward/action_rate_l2,-0.07081489264965057
1504,Episode_Reward/belly_contact_force,0.0
1504,Episode_Reward/dof_torques_l2,-0.4207463264465332
1504,Episode_Reward/lin_vel_z_l2,-0.030510060489177704
1504,Episode_Reward/track_ang_vel_z_exp,0.4461880922317505
1504,Episode_Reward/track_lin_vel_xy_miki,1.3961827754974365
1504,Episode_Reward/undesired_contacts,0.0
1504,Episode_Termination/base_contact,0.0
1504,Episode_Termination/head_contact,0.006317138671875
1504,Episode_Termination/time_out,0.993682861328125
1504,Loss/entropy,-2.35721755027771
1504,Loss/learning_rate,7.593750342493877e-05
1504,Loss/surrogate,-0.0037759332917630672
1504,Loss/value,0.00374618754722178
1504,Metrics/base_velocity/error_vel_xy,0.11923202127218246
1504,Metrics/base_velocity/error_vel_yaw,0.13882388174533844
1504,Metrics/success_rate,1.0
1504,Perf/collection_time,1.5407257080078125
1504,Perf/learning_time,0.15982866287231445
1504,Perf/total_fps,57807.0
1504,Policy/mean_std,0.27241742610931396
1504,Train/mean_episode_length,993.47998046875
1504,Train/mean_reward,26.371868133544922
1598,Episode_Reward/action_rate_l2,-0.06900712102651596
1598,Episode_Reward/belly_contact_force,0.0
1598,Episode_Reward/dof_torques_l2,-0.4024375379085541
1598,Episode_Reward/lin_vel_z_l2,-0.028817426413297653
1598,Episode_Reward/track_ang_vel_z_exp,0.4495151937007904
1598,Episode_Reward/track_lin_vel_xy_miki,1.4054899215698242
1598,Episode_Reward/undesired_contacts,0.0
1598,Episode_Termination/base_contact,0.0
1598,Episode_Termination/head_contact,0.004638671875
1598,Episode_Termination/time_out,0.995361328125
1598,Loss/entropy,-2.8676271438598633
1598,Loss/learning_rate,0.00011390625149942935
1598,Loss/surrogate,-0.005018158815801144
1598,Loss/value,0.00521846441552043
1598,Metrics/base_velocity/error_vel_xy,0.11594794690608978
1598,Metrics/base_velocity/error_vel_yaw,0.13709059357643127
1598,Metrics/success_rate,1.0
1598,Perf/collection_time,1.61244797706604
1598,Perf/learning_time,0.17612361907958984
1598,Perf/total_fps,54962.0
1598,Policy/mean_std,0.2672601044178009
1598,Train/mean_episode_length,1000.0
1598,Train/mean_reward,27.12820053100586
1661,Train/mean_episode_length/time,973.969970703125
1661,Train/mean_reward/time,19.254920959472656
1692,Episode_Reward/action_rate_l2,-0.06811028718948364
1692,Episode_Reward/belly_contact_force,0.0
1692,Episode_Reward/dof_torques_l2,-0.39694926142692566
1692,Episode_Reward/lin_vel_z_l2,-0.028456872329115868
1692,Episode_Reward/track_ang_vel_z_exp,0.44862788915634155
1692,Episode_Reward/track_lin_vel_xy_miki,1.4058994054794312
1692,Episode_Reward/undesired_contacts,0.0
1692,Episode_Termination/base_contact,0.0
1692,Episode_Termination/head_contact,0.005126953125
1692,Episode_Termination/time_out,0.994873046875
1692,Loss/entropy,-3.0291125774383545
1692,Loss/learning_rate,7.593750342493877e-05
1692,Loss/surrogate,-0.004453574772924185
1692,Loss/value,0.00438196724280715
1692,Metrics/base_velocity/error_vel_xy,0.1162785142660141
1692,Metrics/base_velocity/error_vel_yaw,0.13836370408535004
1692,Metrics/success_rate,1.0
1692,Perf/collection_time,1.5757136344909668
1692,Perf/learning_time,0.158766508102417
1692,Perf/total_fps,56676.0
1692,Policy/mean_std,0.26482582092285156
1692,Train/mean_episode_length,1000.0
1692,Train/mean_reward,27.260360717773438
1786,Episode_Reward/action_rate_l2,-0.06725651025772095
1786,Episode_Reward/belly_contact_force,0.0
1786,Episode_Reward/dof_torques_l2,-0.38783717155456543
1786,Episode_Reward/lin_vel_z_l2,-0.02745227888226509
1786,Episode_Reward/track_ang_vel_z_exp,0.45084476470947266
1786,Episode_Reward/track_lin_vel_xy_miki,1.4087929725646973
1786,Episode_Reward/undesired_contacts,0.0
1786,Episode_Termination/base_contact,0.0
1786,Episode_Termination/head_contact,0.003173828125
1786,Episode_Termination/time_out,0.996826171875
1786,Loss/entropy,-3.5434958934783936
1786,Loss/learning_rate,7.593750342493877e-05
1786,Loss/surrogate,-0.004103527404367924
1786,Loss/value,0.004392756149172783
1786,Metrics/base_velocity/error_vel_xy,0.11332612484693527
1786,Metrics/base_velocity/error_vel_yaw,0.13503137230873108
1786,Metrics/success_rate,1.0
1786,Perf/collection_time,1.5361583232879639
1786,Perf/learning_time,0.16045403480529785
1786,Perf/total_fps,57941.0
1786,Policy/mean_std,0.2603069245815277
1786,Train/mean_episode_length,1000.0
1786,Train/mean_reward,27.513580322265625
1826,Train/mean_episode_length/time,992.4099731445312
1826,Train/mean_reward/time,21.343936920166016
1880,Episode_Reward/action_rate_l2,-0.06590113043785095
1880,Episode_Reward/belly_contact_force,0.0
1880,Episode_Reward/dof_torques_l2,-0.3792955279350281
1880,Episode_Reward/lin_vel_z_l2,-0.0276808999478817
1880,Episode_Reward/track_ang_vel_z_exp,0.4514750838279724
1880,Episode_Reward/track_lin_vel_xy_miki,1.4067938327789307
1880,Episode_Reward/undesired_contacts,0.0
1880,Episode_Termination/base_contact,0.0
1880,Episode_Termination/head_contact,0.001953125
1880,Episode_Termination/time_out,0.998046875
1880,Loss/entropy,-3.7382795810699463
1880,Loss/learning_rate,7.593750342493877e-05
1880,Loss/surrogate,-0.004768239334225655
1880,Loss/value,0.0037957211025059223
1880,Metrics/base_velocity/error_vel_xy,0.11571574211120605
1880,Metrics/base_velocity/error_vel_yaw,0.13392958045005798
1880,Metrics/success_rate,1.0
1880,Perf/collection_time,1.540848970413208
1880,Perf/learning_time,0.16519904136657715
1880,Perf/total_fps,57620.0
1880,Policy/mean_std,0.258299857378006
1880,Train/mean_episode_length,1000.0
1880,Train/mean_reward,27.76381492614746
1974,Episode_Reward/action_rate_l2,-0.06448039412498474
1974,Episode_Reward/belly_contact_force,0.0
1974,Episode_Reward/dof_torques_l2,-0.37209630012512207
1974,Episode_Reward/lin_vel_z_l2,-0.02697390876710415
1974,Episode_Reward/track_ang_vel_z_exp,0.4511112570762634
1974,Episode_Reward/track_lin_vel_xy_miki,1.4119871854782104
1974,Episode_Reward/undesired_contacts,0.0
1974,Episode_Termination/base_contact,0.0
1974,Episode_Termination/head_contact,0.002197265625
1974,Episode_Termination/time_out,0.997802734375
1974,Loss/entropy,-3.6936841011047363
1974,Loss/learning_rate,0.00011390625149942935
1974,Loss/surrogate,-0.004122686572372913
1974,Loss/value,0.003411963814869523
1974,Metrics/base_velocity/error_vel_xy,0.11123710125684738
1974,Metrics/base_velocity/error_vel_yaw,0.1345123052597046
1974,Metrics/success_rate,1.0
1974,Perf/collection_time,1.5747318267822266
1974,Perf/learning_time,0.17455387115478516
1974,Perf/total_fps,56196.0
1974,Policy/mean_std,0.25742727518081665
1974,Train/mean_episode_length,1000.0
1974,Train/mean_reward,27.91351318359375
1991,Train/mean_episode_length/time,1000.0
1991,Train/mean_reward/time,23.22776985168457
2068,Episode_Reward/action_rate_l2,-0.06414274871349335
2068,Episode_Reward/belly_contact_force,0.0
2068,Episode_Reward/dof_torques_l2,-0.3737655282020569
2068,Episode_Reward/lin_vel_z_l2,-0.02742689475417137
2068,Episode_Reward/track_ang_vel_z_exp,0.4510001540184021
2068,Episode_Reward/track_lin_vel_xy_miki,1.4075517654418945
2068,Episode_Reward/undesired_contacts,0.0
2068,Episode_Termination/base_contact,0.0
2068,Episode_Termination/head_contact,0.00244140625
2068,Episode_Termination/time_out,0.99755859375
2068,Loss/entropy,-3.760202169418335
2068,Loss/learning_rate,0.00011390625149942935
2068,Loss/surrogate,-0.0033586930949240923
2068,Loss/value,0.0030223922803997993
2068,Metrics/base_velocity/error_vel_xy,0.11622057855129242
2068,Metrics/base_velocity/error_vel_yaw,0.1346466839313507
2068,Metrics/success_rate,1.0
2068,Perf/collection_time,1.5621356964111328
2068,Perf/learning_time,0.16451406478881836
2068,Perf/total_fps,56933.0
2068,Policy/mean_std,0.25609418749809265
2068,Train/mean_episode_length,1000.0
2068,Train/mean_reward,27.94151496887207
2156,Train/mean_episode_length/time,1000.0
2156,Train/mean_reward/time,24.40427017211914
2162,Episode_Reward/action_rate_l2,-0.064274862408638
2162,Episode_Reward/belly_contact_force,0.0
2162,Episode_Reward/dof_torques_l2,-0.36416345834732056
2162,Episode_Reward/lin_vel_z_l2,-0.026315994560718536
2162,Episode_Reward/track_ang_vel_z_exp,0.4517076909542084
2162,Episode_Reward/track_lin_vel_xy_miki,1.4116300344467163
2162,Episode_Reward/undesired_contacts,0.0
2162,Episode_Termination/base_contact,0.0
2162,Episode_Termination/head_contact,0.003662109375
2162,Episode_Termination/time_out,0.996337890625
2162,Loss/entropy,-3.853564977645874
2162,Loss/learning_rate,7.593750342493877e-05
2162,Loss/surrogate,-0.004696979653090239
2162,Loss/value,0.0035559034440666437
2162,Metrics/base_velocity/error_vel_xy,0.11105246841907501
2162,Metrics/base_velocity/error_vel_yaw,0.13345657289028168
2162,Metrics/success_rate,1.0
2162,Perf/collection_time,1.5522239208221436
2162,Perf/learning_time,0.16745710372924805
2162,Perf/total_fps,57164.0
2162,Policy/mean_std,0.25633400678634644
2162,Train/mean_episode_length,1000.0
2162,Train/mean_reward,28.142105102539062
2256,Episode_Reward/action_rate_l2,-0.06302288174629211
2256,Episode_Reward/belly_contact_force,0.0
2256,Episode_Reward/dof_torques_l2,-0.3530355393886566
2256,Episode_Reward/lin_vel_z_l2,-0.02513103000819683
2256,Episode_Reward/track_ang_vel_z_exp,0.45369625091552734
2256,Episode_Reward/track_lin_vel_xy_miki,1.4131743907928467
2256,Episode_Reward/undesired_contacts,0.0
2256,Episode_Termination/base_contact,0.0
2256,Episode_Termination/head_contact,0.000244140625
2256,Episode_Termination/time_out,0.999755859375
2256,Loss/entropy,-4.6098737716674805
2256,Loss/learning_rate,7.593750342493877e-05
2256,Loss/surrogate,-0.0038725733757019043
2256,Loss/value,0.002748055150732398
2256,Metrics/base_velocity/error_vel_xy,0.10975351184606552
2256,Metrics/base_velocity/error_vel_yaw,0.13019892573356628
2256,Metrics/success_rate,1.0
2256,Perf/collection_time,1.5320138931274414
2256,Perf/learning_time,0.16071271896362305
2256,Perf/total_fps,58074.0
2256,Policy/mean_std,0.2507130205631256
2256,Train/mean_episode_length,1000.0
2256,Train/mean_reward,28.64060401916504
2318,Train/mean_episode_length/time,1000.0
2318,Train/mean_reward/time,25.228248596191406
2350,Episode_Reward/action_rate_l2,-0.06276234984397888
2350,Episode_Reward/belly_contact_force,0.0
2350,Episode_Reward/dof_torques_l2,-0.3477104902267456
2350,Episode_Reward/lin_vel_z_l2,-0.024778520688414574
2350,Episode_Reward/track_ang_vel_z_exp,0.4543154239654541
2350,Episode_Reward/track_lin_vel_xy_miki,1.417816400527954
2350,Episode_Reward/undesired_contacts,0.0
2350,Episode_Termination/base_contact,0.0
2350,Episode_Termination/head_contact,0.0009765625
2350,Episode_Termination/time_out,0.9990234375
2350,Loss/entropy,-4.781813621520996
2350,Loss/learning_rate,7.593750342493877e-05
2350,Loss/surrogate,-0.004307457711547613
2350,Loss/value,0.003038392635062337
2350,Metrics/base_velocity/error_vel_xy,0.10734885185956955
2350,Metrics/base_velocity/error_vel_yaw,0.12928655743598938
2350,Metrics/success_rate,1.0
2350,Perf/collection_time,1.5508551597595215
2350,Perf/learning_time,0.16241860389709473
2350,Perf/total_fps,57377.0
2350,Policy/mean_std,0.24942657351493835
2350,Train/mean_episode_length,1000.0
2350,Train/mean_reward,28.743656158447266
2444,Episode_Reward/action_rate_l2,-0.060983024537563324
2444,Episode_Reward/belly_contact_force,0.0
2444,Episode_Reward/dof_torques_l2,-0.33985966444015503
2444,Episode_Reward/lin_vel_z_l2,-0.023911509662866592
2444,Episode_Reward/track_ang_vel_z_exp,0.4543082118034363
2444,Episode_Reward/track_lin_vel_xy_miki,1.418287754058838
2444,Episode_Reward/undesired_contacts,0.0
2444,Episode_Termination/base_contact,0.0
2444,Episode_Termination/head_contact,0.001708984375
2444,Episode_Termination/time_out,0.998291015625
2444,Loss/entropy,-5.1651740074157715
2444,Loss/learning_rate,7.593750342493877e-05
2444,Loss/surrogate,-0.003785030683502555
2444,Loss/value,0.0034607460256665945
2444,Metrics/base_velocity/error_vel_xy,0.1058761328458786
2444,Metrics/base_velocity/error_vel_yaw,0.129257932305336
2444,Metrics/success_rate,1.0
2444,Perf/collection_time,1.54484224319458
2444,Perf/learning_time,0.16456270217895508
2444,Perf/total_fps,57507.0
2444,Policy/mean_std,0.24625562131404877
2444,Train/mean_episode_length,1000.0
2444,Train/mean_reward,28.95899772644043
2481,Train/mean_episode_length/time,1000.0
2481,Train/mean_reward/time,25.77460479736328
2538,Episode_Reward/action_rate_l2,-0.05956945940852165
2538,Episode_Reward/belly_contact_force,0.0
2538,Episode_Reward/dof_torques_l2,-0.3305240273475647
2538,Episode_Reward/lin_vel_z_l2,-0.023440692573785782
2538,Episode_Reward/track_ang_vel_z_exp,0.45562100410461426
2538,Episode_Reward/track_lin_vel_xy_miki,1.4245452880859375
2538,Episode_Reward/undesired_contacts,0.0
2538,Episode_Termination/base_contact,0.0
2538,Episode_Termination/head_contact,0.001220703125
2538,Episode_Termination/time_out,0.998779296875
2538,Loss/entropy,-5.26594877243042
2538,Loss/learning_rate,7.593750342493877e-05
2538,Loss/surrogate,-0.003767145099118352
2538,Loss/value,0.0030876463279128075
2538,Metrics/base_velocity/error_vel_xy,0.10139033198356628
2538,Metrics/base_velocity/error_vel_yaw,0.12713436782360077
2538,Metrics/success_rate,1.0
2538,Perf/collection_time,1.561406135559082
2538,Perf/learning_time,0.17334675788879395
2538,Perf/total_fps,56667.0
2538,Policy/mean_std,0.24466006457805634
2538,Train/mean_episode_length,1000.0
2538,Train/mean_reward,29.233592987060547
2632,Episode_Reward/action_rate_l2,-0.060076504945755005
2632,Episode_Reward/belly_contact_force,0.0
2632,Episode_Reward/dof_torques_l2,-0.3328803777694702
2632,Episode_Reward/lin_vel_z_l2,-0.022901222109794617
2632,Episode_Reward/track_ang_vel_z_exp,0.45651111006736755
2632,Episode_Reward/track_lin_vel_xy_miki,1.4210152626037598
2632,Episode_Reward/undesired_contacts,0.0
2632,Episode_Termination/base_contact,0.0
2632,Episode_Termination/head_contact,0.0028177897911518812
2632,Episode_Termination/time_out,0.9971822500228882
2632,Loss/entropy,-5.442447662353516
2632,Loss/learning_rate,7.593750342493877e-05
2632,Loss/surrogate,-0.004218653310090303
2632,Loss/value,0.003127558622509241
2632,Metrics/base_velocity/error_vel_xy,0.1040005087852478
2632,Metrics/base_velocity/error_vel_yaw,0.1256827414035797
2632,Metrics/success_rate,1.0
2632,Perf/collection_time,1.5425572395324707
2632,Perf/learning_time,0.17000484466552734
2632,Perf/total_fps,57401.0
2632,Policy/mean_std,0.24282905459403992
2632,Train/mean_episode_length,1000.0
2632,Train/mean_reward,29.232297897338867
2643,Train/mean_episode_length/time,993.47998046875
2643,Train/mean_reward/time,26.371868133544922
2726,Episode_Reward/action_rate_l2,-0.05727385729551315
2726,Episode_Reward/belly_contact_force,0.0
2726,Episode_Reward/dof_torques_l2,-0.3247602880001068
2726,Episode_Reward/lin_vel_z_l2,-0.022346746176481247
2726,Episode_Reward/track_ang_vel_z_exp,0.457485169172287
2726,Episode_Reward/track_lin_vel_xy_miki,1.4229240417480469
2726,Episode_Reward/undesired_contacts,0.0
2726,Episode_Termination/base_contact,0.0
2726,Episode_Termination/head_contact,0.0017903646221384406
2726,Episode_Termination/time_out,0.9982096552848816
2726,Loss/entropy,-5.870772361755371
2726,Loss/learning_rate,7.593750342493877e-05
2726,Loss/surrogate,-0.0034728075843304396
2726,Loss/value,0.0030098918359726667
2726,Metrics/base_velocity/error_vel_xy,0.1032559722661972
2726,Metrics/base_velocity/error_vel_yaw,0.1240762323141098
2726,Metrics/success_rate,1.0
2726,Perf/collection_time,1.6306953430175781
2726,Perf/learning_time,0.16304540634155273
2726,Perf/total_fps,54803.0
2726,Policy/mean_std,0.23978039622306824
2726,Train/mean_episode_length,1000.0
2726,Train/mean_reward,29.433307647705078
2807,Train/mean_episode_length/time,1000.0
2807,Train/mean_reward/time,27.12820053100586
2820,Episode_Reward/action_rate_l2,-0.0592295378446579
2820,Episode_Reward/belly_contact_force,0.0
2820,Episode_Reward/dof_torques_l2,-0.3240479826927185
2820,Episode_Reward/lin_vel_z_l2,-0.021718448027968407
2820,Episode_Reward/track_ang_vel_z_exp,0.4563189446926117
2820,Episode_Reward/track_lin_vel_xy_miki,1.4218223094940186
2820,Episode_Reward/undesired_contacts,0.0
2820,Episode_Termination/base_contact,0.0
2820,Episode_Termination/head_contact,0.0009765625
2820,Episode_Termination/time_out,0.9990234375
2820,Loss/entropy,-5.822879314422607
2820,Loss/learning_rate,3.3749998692655936e-05
2820,Loss/surrogate,-0.0027722700033336878
2820,Loss/value,0.0030421577394008636
2820,Metrics/base_velocity/error_vel_xy,0.10352401435375214
2820,Metrics/base_velocity/error_vel_yaw,0.12601807713508606
2820,Metrics/success_rate,1.0
2820,Perf/collection_time,1.5779385566711426
2820,Perf/learning_time,0.16806340217590332
2820,Perf/total_fps,56302.0
2820,Policy/mean_std,0.23918741941452026
2820,Train/mean_episode_length,1000.0
2820,Train/mean_reward,29.468608856201172
2914,Episode_Reward/action_rate_l2,-0.05809974670410156
2914,Episode_Reward/belly_contact_force,0.0
2914,Episode_Reward/dof_torques_l2,-0.3134537935256958
2914,Episode_Reward/lin_vel_z_l2,-0.02134600095450878
2914,Episode_Reward/track_ang_vel_z_exp,0.45688337087631226
2914,Episode_Reward/track_lin_vel_xy_miki,1.4272918701171875
2914,Episode_Reward/undesired_contacts,0.0
2914,Episode_Termination/base_contact,0.0
2914,Episode_Termination/head_contact,0.00146484375
2914,Episode_Termination/time_out,0.99853515625
2914,Loss/entropy,-6.028306484222412
2914,Loss/learning_rate,5.062499985797331e-05
2914,Loss/surrogate,-0.003539227182045579
2914,Loss/value,0.002769033657386899
2914,Metrics/base_velocity/error_vel_xy,0.09747618436813354
2914,Metrics/base_velocity/error_vel_yaw,0.12504325807094574
2914,Metrics/success_rate,1.0
2914,Perf/collection_time,1.5622594356536865
2914,Perf/learning_time,0.17337298393249512
2914,Perf/total_fps,56638.0
2914,Policy/mean_std,0.23832368850708008
2914,Train/mean_episode_length,1000.0
2914,Train/mean_reward,29.772668838500977
2969,Train/mean_episode_length/time,1000.0
2969,Train/mean_reward/time,27.260360717773438
3008,Episode_Reward/action_rate_l2,-0.057545244693756104
3008,Episode_Reward/belly_contact_force,0.0
3008,Episode_Reward/dof_torques_l2,-0.31264612078666687
3008,Episode_Reward/lin_vel_z_l2,-0.022066613659262657
3008,Episode_Reward/track_ang_vel_z_exp,0.4571218490600586
3008,Episode_Reward/track_lin_vel_xy_miki,1.4248974323272705
3008,Episode_Reward/undesired_contacts,0.0
3008,Episode_Termination/base_contact,0.0
3008,Episode_Termination/head_contact,0.001953125
3008,Episode_Termination/time_out,0.998046875
3008,Loss/entropy,-6.358338356018066
3008,Loss/learning_rate,7.593750342493877e-05
3008,Loss/surrogate,-0.004488128237426281
3008,Loss/value,0.0033699129708111286
3008,Metrics/base_velocity/error_vel_xy,0.10165642946958542
3008,Metrics/base_velocity/error_vel_yaw,0.12472395598888397
3008,Metrics/success_rate,1.0
3008,Perf/collection_time,1.567305326461792
3008,Perf/learning_time,0.16112232208251953
3008,Perf/total_fps,56874.0
3008,Policy/mean_std,0.23652182519435883
3008,Train/mean_episode_length,1000.0
3008,Train/mean_reward,29.754295349121094
3102,Episode_Reward/action_rate_l2,-0.057803064584732056
3102,Episode_Reward/belly_contact_force,0.0
3102,Episode_Reward/dof_torques_l2,-0.3084096312522888
3102,Episode_Reward/lin_vel_z_l2,-0.02211970090866089
3102,Episode_Reward/track_ang_vel_z_exp,0.4557883143424988
3102,Episode_Reward/track_lin_vel_xy_miki,1.4218089580535889
3102,Episode_Reward/undesired_contacts,0.0
3102,Episode_Termination/base_contact,0.0
3102,Episode_Termination/head_contact,0.0044453940354287624
3102,Episode_Termination/time_out,0.9955546259880066
3102,Loss/entropy,-6.293382167816162
3102,Loss/learning_rate,7.593750342493877e-05
3102,Loss/surrogate,-0.004076127428561449
3102,Loss/value,0.003697690786793828
3102,Metrics/base_velocity/error_vel_xy,0.10032960772514343
3102,Metrics/base_velocity/error_vel_yaw,0.12466081231832504
3102,Metrics/success_rate,1.0
3102,Perf/collection_time,1.6905686855316162
3102,Perf/learning_time,0.1669306755065918
3102,Perf/total_fps,52922.0
3102,Policy/mean_std,0.2364175170660019
3102,Train/mean_episode_length,993.5700073242188
3102,Train/mean_reward,29.610984802246094
3132,Train/mean_episode_length/time,1000.0
3132,Train/mean_reward/time,27.513580322265625
3196,Episode_Reward/action_rate_l2,-0.05768933892250061
3196,Episode_Reward/belly_contact_force,0.0
3196,Episode_Reward/dof_torques_l2,-0.3115101456642151
3196,Episode_Reward/lin_vel_z_l2,-0.022063499316573143
3196,Episode_Reward/track_ang_vel_z_exp,0.45644745230674744
3196,Episode_Reward/track_lin_vel_xy_miki,1.420292615890503
3196,Episode_Reward/undesired_contacts,0.0
3196,Episode_Termination/base_contact,0.0
3196,Episode_Termination/head_contact,0.0025736491661518812
3196,Episode_Termination/time_out,0.9974263906478882
3196,Loss/entropy,-6.465374946594238
3196,Loss/learning_rate,7.593750342493877e-05
3196,Loss/surrogate,-0.00451448792591691
3196,Loss/value,0.0028169516008347273
3196,Metrics/base_velocity/error_vel_xy,0.10432200878858566
3196,Metrics/base_velocity/error_vel_yaw,0.12371610105037689
3196,Metrics/success_rate,1.0
3196,Perf/collection_time,1.5953302383422852
3196,Perf/learning_time,0.18826580047607422
3196,Perf/total_fps,55115.0
3196,Policy/mean_std,0.2344822883605957
3196,Train/mean_episode_length,995.5800170898438
3196,Train/mean_reward,29.66046142578125
3290,Episode_Reward/action_rate_l2,-0.05804673954844475
3290,Episode_Reward/belly_contact_force,0.0
3290,Episode_Reward/dof_torques_l2,-0.31015411019325256
3290,Episode_Reward/lin_vel_z_l2,-0.021768033504486084
3290,Episode_Reward/track_ang_vel_z_exp,0.45785707235336304
3290,Episode_Reward/track_lin_vel_xy_miki,1.424584150314331
3290,Episode_Reward/undesired_contacts,0.0
3290,Episode_Termination/base_contact,0.0
3290,Episode_Termination/head_contact,0.00146484375
3290,Episode_Termination/time_out,0.99853515625
3290,Loss/entropy,-6.5382080078125
3290,Loss/learning_rate,7.593750342493877e-05
3290,Loss/surrogate,-0.004536241292953491
3290,Loss/value,0.002107804175466299
3290,Metrics/base_velocity/error_vel_xy,0.10178112983703613
3290,Metrics/base_velocity/error_vel_yaw,0.12333343923091888
3290,Metrics/success_rate,1.0
3290,Perf/collection_time,1.571915626525879
3290,Perf/learning_time,0.1640152931213379
3290,Perf/total_fps,56628.0
3290,Policy/mean_std,0.2339891642332077
3290,Train/mean_episode_length,1000.0
3290,Train/mean_reward,29.836061477661133
3296,Train/mean_episode_length/time,1000.0
3296,Train/mean_reward/time,27.76381492614746
3384,Episode_Reward/action_rate_l2,-0.05593952536582947
3384,Episode_Reward/belly_contact_force,0.0
3384,Episode_Reward/dof_torques_l2,-0.3015378415584564
3384,Episode_Reward/lin_vel_z_l2,-0.020850230008363724
3384,Episode_Reward/track_ang_vel_z_exp,0.4577244222164154
3384,Episode_Reward/track_lin_vel_xy_miki,1.4275920391082764
3384,Episode_Reward/undesired_contacts,0.0
3384,Episode_Termination/base_contact,0.0
3384,Episode_Termination/head_contact,0.002685546875
3384,Episode_Termination/time_out,0.997314453125
3384,Loss/entropy,-6.741385459899902
3384,Loss/learning_rate,5.062499985797331e-05
3384,Loss/surrogate,-0.00363423814997077
3384,Loss/value,0.003215169068425894
3384,Metrics/base_velocity/error_vel_xy,0.09846761077642441
3384,Metrics/base_velocity/error_vel_yaw,0.12359952926635742
3384,Metrics/success_rate,1.0
3384,Perf/collection_time,1.5773494243621826
3384,Perf/learning_time,0.16099119186401367
3384,Perf/total_fps,56550.0
3384,Policy/mean_std,0.23219768702983856
3384,Train/mean_episode_length,1000.0
3384,Train/mean_reward,30.084623336791992
3459,Train/mean_episode_length/time,1000.0
3459,Train/mean_reward/time,27.91351318359375
3478,Episode_Reward/action_rate_l2,-0.05648355185985565
3478,Episode_Reward/belly_contact_force,0.0
3478,Episode_Reward/dof_torques_l2,-0.30406317114830017
3478,Episode_Reward/lin_vel_z_l2,-0.021362166851758957
3478,Episode_Reward/track_ang_vel_z_exp,0.45901602506637573
3478,Episode_Reward/track_lin_vel_xy_miki,1.4269237518310547
3478,Episode_Reward/undesired_contacts,0.0
3478,Episode_Termination/base_contact,0.0
3478,Episode_Termination/head_contact,0.00146484375
3478,Episode_Termination/time_out,0.99853515625
3478,Loss/entropy,-7.2184014320373535
3478,Loss/learning_rate,7.593750342493877e-05
3478,Loss/surrogate,-0.0039395918138325214
3478,Loss/value,0.0018376805819571018
3478,Metrics/base_velocity/error_vel_xy,0.10150580108165741
3478,Metrics/base_velocity/error_vel_yaw,0.12144699692726135
3478,Metrics/success_rate,1.0
3478,Perf/collection_time,1.5445101261138916
3478,Perf/learning_time,0.17105770111083984
3478,Perf/total_fps,57301.0
3478,Policy/mean_std,0.22924529016017914
3478,Train/mean_episode_length,1000.0
3478,Train/mean_reward,30.038272857666016
3572,Episode_Reward/action_rate_l2,-0.054159015417099
3572,Episode_Reward/belly_contact_force,0.0
3572,Episode_Reward/dof_torques_l2,-0.29209578037261963
3572,Episode_Reward/lin_vel_z_l2,-0.021105695515871048
3572,Episode_Reward/track_ang_vel_z_exp,0.4602140784263611
3572,Episode_Reward/track_lin_vel_xy_miki,1.4277980327606201
3572,Episode_Reward/undesired_contacts,0.0
3572,Episode_Termination/base_contact,0.0
3572,Episode_Termination/head_contact,0.00048828125
3572,Episode_Termination/time_out,0.99951171875
3572,Loss/entropy,-7.504476070404053
3572,Loss/learning_rate,7.593750342493877e-05
3572,Loss/surrogate,-0.004474450368434191
3572,Loss/value,0.00307755870744586
3572,Metrics/base_velocity/error_vel_xy,0.09810938686132431
3572,Metrics/base_velocity/error_vel_yaw,0.1192002147436142
3572,Metrics/success_rate,1.0
3572,Perf/collection_time,1.690948247909546
3572,Perf/learning_time,0.19846439361572266
3572,Perf/total_fps,52028.0
3572,Policy/mean_std,0.2271900177001953
3572,Train/mean_episode_length,1000.0
3572,Train/mean_reward,30.40595054626465
3621,Train/mean_episode_length/time,1000.0
3621,Train/mean_reward/time,27.94151496887207
3666,Episode_Reward/action_rate_l2,-0.05383382365107536
3666,Episode_Reward/belly_contact_force,0.0
3666,Episode_Reward/dof_torques_l2,-0.2937008738517761
3666,Episode_Reward/lin_vel_z_l2,-0.02099229022860527
3666,Episode_Reward/track_ang_vel_z_exp,0.4597027003765106
3666,Episode_Reward/track_lin_vel_xy_miki,1.430189847946167
3666,Episode_Reward/undesired_contacts,0.0
3666,Episode_Termination/base_contact,0.0
3666,Episode_Termination/head_contact,0.000244140625
3666,Episode_Termination/time_out,0.999755859375
3666,Loss/entropy,-7.351274013519287
3666,Loss/learning_rate,7.593750342493877e-05
3666,Loss/surrogate,-0.0033039262052625418
3666,Loss/value,0.002232010243460536
3666,Metrics/base_velocity/error_vel_xy,0.09753905236721039
3666,Metrics/base_velocity/error_vel_yaw,0.12024898827075958
3666,Metrics/success_rate,1.0
3666,Perf/collection_time,1.5275321006774902
3666,Perf/learning_time,0.1622776985168457
3666,Perf/total_fps,58174.0
3666,Policy/mean_std,0.22794567048549652
3666,Train/mean_episode_length,1000.0
3666,Train/mean_reward,30.4302921295166
3760,Episode_Reward/action_rate_l2,-0.05340573191642761
3760,Episode_Reward/belly_contact_force,0.0
3760,Episode_Reward/dof_torques_l2,-0.2886788845062256
3760,Episode_Reward/lin_vel_z_l2,-0.02020396664738655
3760,Episode_Reward/track_ang_vel_z_exp,0.46087950468063354
3760,Episode_Reward/track_lin_vel_xy_miki,1.4334124326705933
3760,Episode_Reward/undesired_contacts,0.0
3760,Episode_Termination/base_contact,0.0
3760,Episode_Termination/head_contact,0.000244140625
3760,Episode_Termination/time_out,0.999755859375
3760,Loss/entropy,-7.618393421173096
3760,Loss/learning_rate,7.593750342493877e-05
3760,Loss/surrogate,-0.004333482123911381
3760,Loss/value,0.002774939639493823
3760,Metrics/base_velocity/error_vel_xy,0.09382300078868866
3760,Metrics/base_velocity/error_vel_yaw,0.11819326877593994
3760,Metrics/success_rate,1.0
3760,Perf/collection_time,1.5680773258209229
3760,Perf/learning_time,0.16422462463378906
3760,Perf/total_fps,56747.0
3760,Policy/mean_std,0.22606171667575836
3760,Train/mean_episode_length,1000.0
3760,Train/mean_reward,30.58133316040039
3784,Train/mean_episode_length/time,1000.0
3784,Train/mean_reward/time,28.142105102539062
3854,Episode_Reward/action_rate_l2,-0.05356703698635101
3854,Episode_Reward/belly_contact_force,0.0
3854,Episode_Reward/dof_torques_l2,-0.2895321846008301
3854,Episode_Reward/lin_vel_z_l2,-0.020751740783452988
3854,Episode_Reward/track_ang_vel_z_exp,0.4599318504333496
3854,Episode_Reward/track_lin_vel_xy_miki,1.4302301406860352
3854,Episode_Reward/undesired_contacts,0.0
3854,Episode_Termination/base_contact,0.0
3854,Episode_Termination/head_contact,0.000244140625
3854,Episode_Termination/time_out,0.999755859375
3854,Loss/entropy,-7.335436820983887
3854,Loss/learning_rate,7.593750342493877e-05
3854,Loss/surrogate,-0.003803703235462308
3854,Loss/value,0.0032290834933519363
3854,Metrics/base_velocity/error_vel_xy,0.09741906821727753
3854,Metrics/base_velocity/error_vel_yaw,0.11991515010595322
3854,Metrics/success_rate,1.0
3854,Perf/collection_time,1.5457606315612793
3854,Perf/learning_time,0.16588568687438965
3854,Perf/total_fps,57432.0
3854,Policy/mean_std,0.22665303945541382
3854,Train/mean_episode_length,1000.0
3854,Train/mean_reward,30.47092056274414
3948,Episode_Reward/action_rate_l2,-0.053932301700115204
3948,Episode_Reward/belly_contact_force,0.0
3948,Episode_Reward/dof_torques_l2,-0.2887333929538727
3948,Episode_Reward/lin_vel_z_l2,-0.020372163504362106
3948,Episode_Reward/track_ang_vel_z_exp,0.46025151014328003
3948,Episode_Reward/track_lin_vel_xy_miki,1.4303386211395264
3948,Episode_Reward/undesired_contacts,0.0
3948,Episode_Termination/base_contact,0.0
3948,Episode_Termination/head_contact,0.0
3948,Episode_Termination/time_out,1.0
3948,Loss/entropy,-7.477529525756836
3948,Loss/learning_rate,5.062499985797331e-05
3948,Loss/surrogate,-0.003305754391476512
3948,Loss/value,0.0029703453183174133
3948,Metrics/base_velocity/error_vel_xy,0.09640529006719589
3948,Metrics/base_velocity/error_vel_yaw,0.11942183971405029
3948,Metrics/success_rate,1.0
3948,Perf/collection_time,1.607656478881836
3948,Perf/learning_time,0.18467426300048828
3948,Perf/total_fps,54847.0
3948,Policy/mean_std,0.22583657503128052
3948,Train/mean_episode_length,1000.0
3948,Train/mean_episode_length/time,1000.0
3948,Train/mean_reward,30.548721313476562
3948,Train/mean_reward/time,28.64060401916504
4042,Episode_Reward/action_rate_l2,-0.05283588171005249
4042,Episode_Reward/belly_contact_force,0.0
4042,Episode_Reward/dof_torques_l2,-0.2850355803966522
4042,Episode_Reward/lin_vel_z_l2,-0.01989632472395897
4042,Episode_Reward/track_ang_vel_z_exp,0.4610881805419922
4042,Episode_Reward/track_lin_vel_xy_miki,1.4317139387130737
4042,Episode_Reward/undesired_contacts,0.0
4042,Episode_Termination/base_contact,0.0
4042,Episode_Termination/head_contact,0.000244140625
4042,Episode_Termination/time_out,0.999755859375
4042,Loss/entropy,-7.754006385803223
4042,Loss/learning_rate,5.062499985797331e-05
4042,Loss/surrogate,-0.0038160497788339853
4042,Loss/value,0.002696405863389373
4042,Metrics/base_velocity/error_vel_xy,0.0951109379529953
4042,Metrics/base_velocity/error_vel_yaw,0.11788487434387207
4042,Metrics/success_rate,1.0
4042,Perf/collection_time,1.5649616718292236
4042,Perf/learning_time,0.16658544540405273
4042,Perf/total_fps,56772.0
4042,Policy/mean_std,0.2239411324262619
4042,Train/mean_episode_length,1000.0
4042,Train/mean_reward,30.702363967895508
4111,Train/mean_episode_length/time,1000.0
4111,Train/mean_reward/time,28.743656158447266
4136,Episode_Reward/action_rate_l2,-0.05238855630159378
4136,Episode_Reward/belly_contact_force,0.0
4136,Episode_Reward/dof_torques_l2,-0.28576385974884033
4136,Episode_Reward/lin_vel_z_l2,-0.02037050388753414
4136,Episode_Reward/track_ang_vel_z_exp,0.46133753657341003
4136,Episode_Reward/track_lin_vel_xy_miki,1.4329965114593506
4136,Episode_Reward/undesired_contacts,0.0
4136,Episode_Termination/base_contact,0.0
4136,Episode_Termination/head_contact,0.0009765625
4136,Episode_Termination/time_out,0.9990234375
4136,Loss/entropy,-7.843792915344238
4136,Loss/learning_rate,7.593750342493877e-05
4136,Loss/surrogate,-0.003155004233121872
4136,Loss/value,0.003553850343450904
4136,Metrics/base_velocity/error_vel_xy,0.09372606873512268
4136,Metrics/base_velocity/error_vel_yaw,0.1174050122499466
4136,Metrics/success_rate,1.0
4136,Perf/collection_time,1.5414752960205078
4136,Perf/learning_time,0.174757719039917
4136,Perf/total_fps,57278.0
4136,Policy/mean_std,0.22265367209911346
4136,Train/mean_episode_length,1000.0
4136,Train/mean_reward,30.732295989990234
4230,Episode_Reward/action_rate_l2,-0.05179163068532944
4230,Episode_Reward/belly_contact_force,0.0
4230,Episode_Reward/dof_torques_l2,-0.2853485345840454
4230,Episode_Reward/lin_vel_z_l2,-0.0198371484875679
4230,Episode_Reward/track_ang_vel_z_exp,0.46222084760665894
4230,Episode_Reward/track_lin_vel_xy_miki,1.4332778453826904
4230,Episode_Reward/undesired_contacts,0.0
4230,Episode_Termination/base_contact,0.0
4230,Episode_Termination/head_contact,0.000244140625
4230,Episode_Termination/time_out,0.999755859375
4230,Loss/entropy,-7.940542221069336
4230,Loss/learning_rate,7.593750342493877e-05
4230,Loss/surrogate,-0.0034910794347524643
4230,Loss/value,0.002852874342352152
4230,Metrics/base_velocity/error_vel_xy,0.09463022649288177
4230,Metrics/base_velocity/error_vel_yaw,0.11599212139844894
4230,Metrics/success_rate,1.0
4230,Perf/collection_time,1.57112717628479
4230,Perf/learning_time,0.1737051010131836
4230,Perf/total_fps,56340.0
4230,Policy/mean_std,0.2221793830394745
4230,Train/mean_episode_length,1000.0
4230,Train/mean_reward,30.85587501525879
4274,Train/mean_episode_length/time,1000.0
4274,Train/mean_reward/time,28.95899772644043
4324,Episode_Reward/action_rate_l2,-0.05257618427276611
4324,Episode_Reward/belly_contact_force,0.0
4324,Episode_Reward/dof_torques_l2,-0.2871214747428894
4324,Episode_Reward/lin_vel_z_l2,-0.020364312455058098
4324,Episode_Reward/track_ang_vel_z_exp,0.4628151059150696
4324,Episode_Reward/track_lin_vel_xy_miki,1.4302854537963867
4324,Episode_Reward/undesired_contacts,0.0
4324,Episode_Termination/base_contact,0.0
4324,Episode_Termination/head_contact,0.000244140625
4324,Episode_Termination/time_out,0.999755859375
4324,Loss/entropy,-7.899071216583252
4324,Loss/learning_rate,2.2500000341096893e-05
4324,Loss/surrogate,-0.0033396738581359386
4324,Loss/value,0.0024211665149778128
4324,Metrics/base_velocity/error_vel_xy,0.09727369993925095
4324,Metrics/base_velocity/error_vel_yaw,0.11485996097326279
4324,Metrics/success_rate,1.0
4324,Perf/collection_time,1.5869274139404297
4324,Perf/learning_time,0.16404247283935547
4324,Perf/total_fps,56142.0
4324,Policy/mean_std,0.22229483723640442
4324,Train/mean_episode_length,1000.0
4324,Train/mean_reward,30.641691207885742
4418,Episode_Reward/action_rate_l2,-0.05206923931837082
4418,Episode_Reward/belly_contact_force,0.0
4418,Episode_Reward/dof_torques_l2,-0.2842945456504822
4418,Episode_Reward/lin_vel_z_l2,-0.018796872347593307
4418,Episode_Reward/track_ang_vel_z_exp,0.46197935938835144
4418,Episode_Reward/track_lin_vel_xy_miki,1.4343287944793701
4418,Episode_Reward/undesired_contacts,0.0
4418,Episode_Termination/base_contact,0.0
4418,Episode_Termination/head_contact,0.000244140625
4418,Episode_Termination/time_out,0.999755859375
4418,Loss/entropy,-7.938925266265869
4418,Loss/learning_rate,5.062499985797331e-05
4418,Loss/surrogate,-0.003583562094718218
4418,Loss/value,0.0026011760346591473
4418,Metrics/base_velocity/error_vel_xy,0.09237824380397797
4418,Metrics/base_velocity/error_vel_yaw,0.1162693053483963
4418,Metrics/success_rate,1.0
4418,Perf/collection_time,1.5505363941192627
4418,Perf/learning_time,0.15757369995117188
4418,Perf/total_fps,57551.0
4418,Policy/mean_std,0.22257733345031738
4418,Train/mean_episode_length,1000.0
4418,Train/mean_reward,30.88100814819336
4436,Train/mean_episode_length/time,1000.0
4436,Train/mean_reward/time,29.233592987060547
4512,Episode_Reward/action_rate_l2,-0.05125347897410393
4512,Episode_Reward/belly_contact_force,0.0
4512,Episode_Reward/dof_torques_l2,-0.27377209067344666
4512,Episode_Reward/lin_vel_z_l2,-0.01912146806716919
4512,Episode_Reward/track_ang_vel_z_exp,0.4626122713088989
4512,Episode_Reward/track_lin_vel_xy_miki,1.4362907409667969
4512,Episode_Reward/undesired_contacts,0.0
4512,Episode_Termination/base_contact,0.0
4512,Episode_Termination/head_contact,0.000732421875
4512,Episode_Termination/time_out,0.999267578125
4512,Loss/entropy,-8.150707244873047
4512,Loss/learning_rate,5.062499985797331e-05
4512,Loss/surrogate,-0.0037507391534745693
4512,Loss/value,0.0021986549254506826
4512,Metrics/base_velocity/error_vel_xy,0.09055797755718231
4512,Metrics/base_velocity/error_vel_yaw,0.11510658264160156
4512,Metrics/success_rate,1.0
4512,Perf/collection_time,1.5479705333709717
4512,Perf/learning_time,0.16145825386047363
4512,Perf/total_fps,57506.0
4512,Policy/mean_std,0.22106997668743134
4512,Train/mean_episode_length,1000.0
4512,Train/mean_reward,31.08063507080078
4600,Train/mean_episode_length/time,1000.0
4600,Train/mean_reward/time,29.232297897338867
4606,Episode_Reward/action_rate_l2,-0.0513356551527977
4606,Episode_Reward/belly_contact_force,0.0
4606,Episode_Reward/dof_torques_l2,-0.27823761105537415
4606,Episode_Reward/lin_vel_z_l2,-0.018929440528154373
4606,Episode_Reward/track_ang_vel_z_exp,0.46224913001060486
4606,Episode_Reward/track_lin_vel_xy_miki,1.436751365661621
4606,Episode_Reward/undesired_contacts,0.0
4606,Episode_Termination/base_contact,0.0
4606,Episode_Termination/head_contact,0.00048828125
4606,Episode_Termination/time_out,0.99951171875
4606,Loss/entropy,-8.053050994873047
4606,Loss/learning_rate,5.062499985797331e-05
4606,Loss/surrogate,-0.00374906905926764
4606,Loss/value,0.0029532797634601593
4606,Metrics/base_velocity/error_vel_xy,0.0912153348326683
4606,Metrics/base_velocity/error_vel_yaw,0.11581799387931824
4606,Metrics/success_rate,1.0
4606,Perf/collection_time,1.5718152523040771
4606,Perf/learning_time,0.1754908561706543
4606,Perf/total_fps,56260.0
4606,Policy/mean_std,0.22111159563064575
4606,Train/mean_episode_length,1000.0
4606,Train/mean_reward,30.972148895263672
4700,Episode_Reward/action_rate_l2,-0.05121771991252899
4700,Episode_Reward/belly_contact_force,0.0
4700,Episode_Reward/dof_torques_l2,-0.2790144085884094
4700,Episode_Reward/lin_vel_z_l2,-0.019569529220461845
4700,Episode_Reward/track_ang_vel_z_exp,0.4620480239391327
4700,Episode_Reward/track_lin_vel_xy_miki,1.4376909732818604
4700,Episode_Reward/undesired_contacts,0.0
4700,Episode_Termination/base_contact,0.0
4700,Episode_Termination/head_contact,0.00048828125
4700,Episode_Termination/time_out,0.99951171875
4700,Loss/entropy,-7.9757490158081055
4700,Loss/learning_rate,7.593750342493877e-05
4700,Loss/surrogate,-0.004176365677267313
4700,Loss/value,0.0027130725793540478
4700,Metrics/base_velocity/error_vel_xy,0.0897192507982254
4700,Metrics/base_velocity/error_vel_yaw,0.11609499156475067
4700,Metrics/success_rate,1.0
4700,Perf/collection_time,1.5541884899139404
4700,Perf/learning_time,0.1622602939605713
4700,Perf/total_fps,57271.0
4700,Policy/mean_std,0.22110766172409058
4700,Train/mean_episode_length,1000.0
4700,Train/mean_reward,30.975786209106445
4763,Train/mean_episode_length/time,1000.0
4763,Train/mean_reward/time,29.433307647705078
4794,Episode_Reward/action_rate_l2,-0.05279628187417984
4794,Episode_Reward/belly_contact_force,0.0
4794,Episode_Reward/dof_torques_l2,-0.2820565104484558
4794,Episode_Reward/lin_vel_z_l2,-0.019399767741560936
4794,Episode_Reward/track_ang_vel_z_exp,0.46213412284851074
4794,Episode_Reward/track_lin_vel_xy_miki,1.4346026182174683
4794,Episode_Reward/undesired_contacts,0.0
4794,Episode_Termination/base_contact,0.0
4794,Episode_Termination/head_contact,0.00048828125
4794,Episode_Termination/time_out,0.99951171875
4794,Loss/entropy,-7.797895431518555
4794,Loss/learning_rate,7.593750342493877e-05
4794,Loss/surrogate,-0.004170669708400965
4794,Loss/value,0.0024643708020448685
4794,Metrics/base_velocity/error_vel_xy,0.09222917258739471
4794,Metrics/base_velocity/error_vel_yaw,0.11594894528388977
4794,Metrics/success_rate,1.0
4794,Perf/collection_time,1.6046044826507568
4794,Perf/learning_time,0.17174577713012695
4794,Perf/total_fps,55340.0
4794,Policy/mean_std,0.22259323298931122
4794,Train/mean_episode_length,1000.0
4794,Train/mean_reward,30.8377685546875
4888,Episode_Reward/action_rate_l2,-0.05065787956118584
4888,Episode_Reward/belly_contact_force,0.0
4888,Episode_Reward/dof_torques_l2,-0.2728741765022278
4888,Episode_Reward/lin_vel_z_l2,-0.018540766090154648
4888,Episode_Reward/track_ang_vel_z_exp,0.46281927824020386
4888,Episode_Reward/track_lin_vel_xy_miki,1.4385989904403687
4888,Episode_Reward/undesired_contacts,0.0
4888,Episode_Termination/base_contact,0.0
4888,Episode_Termination/head_contact,0.000732421875
4888,Episode_Termination/time_out,0.999267578125
4888,Loss/entropy,-8.05560302734375
4888,Loss/learning_rate,5.062499985797331e-05
4888,Loss/surrogate,-0.003734510624781251
4888,Loss/value,0.0029318053275346756
4888,Metrics/base_velocity/error_vel_xy,0.08926750719547272
4888,Metrics/base_velocity/error_vel_yaw,0.11495934426784515
4888,Metrics/success_rate,1.0
4888,Perf/collection_time,1.5745530128479004
4888,Perf/learning_time,0.1663663387298584
4888,Perf/total_fps,56466.0
4888,Policy/mean_std,0.22153300046920776
4888,Train/mean_episode_length,1000.0
4888,Train/mean_reward,31.107759475708008
4925,Train/mean_episode_length/time,1000.0
4925,Train/mean_reward/time,29.468608856201172
4982,Episode_Reward/action_rate_l2,-0.051814328879117966
4982,Episode_Reward/belly_contact_force,0.0
4982,Episode_Reward/dof_torques_l2,-0.2764067053794861
4982,Episode_Reward/lin_vel_z_l2,-0.019214633852243423
4982,Episode_Reward/track_ang_vel_z_exp,0.46232494711875916
4982,Episode_Reward/track_lin_vel_xy_miki,1.4378894567489624
4982,Episode_Reward/undesired_contacts,0.0
4982,Episode_Termination/base_contact,0.0
4982,Episode_Termination/head_contact,0.0
4982,Episode_Termination/time_out,1.0
4982,Loss/entropy,-8.059846878051758
4982,Loss/learning_rate,5.062499985797331e-05
4982,Loss/surrogate,-0.0040337457321584225
4982,Loss/value,0.0022267689928412437
4982,Metrics/base_velocity/error_vel_xy,0.09023146331310272
4982,Metrics/base_velocity/error_vel_yaw,0.11565538495779037
4982,Metrics/success_rate,1.0
4982,Perf/collection_time,1.5521578788757324
4982,Perf/learning_time,0.1644272804260254
4982,Perf/total_fps,57267.0
4982,Policy/mean_std,0.22186538577079773
4982,Train/mean_episode_length,1000.0
4982,Train/mean_reward,31.072690963745117
5076,Episode_Reward/action_rate_l2,-0.05137951672077179
5076,Episode_Reward/belly_contact_force,0.0
5076,Episode_Reward/dof_torques_l2,-0.2737301290035248
5076,Episode_Reward/lin_vel_z_l2,-0.01907340995967388
5076,Episode_Reward/track_ang_vel_z_exp,0.4619544446468353
5076,Episode_Reward/track_lin_vel_xy_miki,1.4374094009399414
5076,Episode_Reward/undesired_contacts,0.0
5076,Episode_Termination/base_contact,0.0
5076,Episode_Termination/head_contact,0.0
5076,Episode_Termination/time_out,1.0
5076,Loss/entropy,-8.080745697021484
5076,Loss/learning_rate,7.593750342493877e-05
5076,Loss/surrogate,-0.0031527227256447077
5076,Loss/value,0.0021235530730336905
5076,Metrics/base_velocity/error_vel_xy,0.09012693166732788
5076,Metrics/base_velocity/error_vel_yaw,0.11642323434352875
5076,Metrics/success_rate,1.0
5076,Perf/collection_time,1.5320892333984375
5076,Perf/learning_time,0.16588497161865234
5076,Perf/total_fps,57894.0
5076,Policy/mean_std,0.22166010737419128
5076,Train/mean_episode_length,1000.0
5076,Train/mean_reward,31.11119270324707
5089,Train/mean_episode_length/time,1000.0
5089,Train/mean_reward/time,29.772668838500977
5170,Episode_Reward/action_rate_l2,-0.05248567461967468
5170,Episode_Reward/belly_contact_force,0.0
5170,Episode_Reward/dof_torques_l2,-0.2800781726837158
5170,Episode_Reward/lin_vel_z_l2,-0.019103489816188812
5170,Episode_Reward/track_ang_vel_z_exp,0.4619219899177551
5170,Episode_Reward/track_lin_vel_xy_miki,1.4311727285385132
5170,Episode_Reward/undesired_contacts,0.0
5170,Episode_Termination/base_contact,0.0
5170,Episode_Termination/head_contact,0.000244140625
5170,Episode_Termination/time_out,0.999755859375
5170,Loss/entropy,-8.078487396240234
5170,Loss/learning_rate,3.3749998692655936e-05
5170,Loss/surrogate,-0.003930311184376478
5170,Loss/value,0.002962308470159769
5170,Metrics/base_velocity/error_vel_xy,0.09637143462896347
5170,Metrics/base_velocity/error_vel_yaw,0.11649058759212494
5170,Metrics/success_rate,1.0
5170,Perf/collection_time,1.603996753692627
5170,Perf/learning_time,0.16994619369506836
5170,Perf/total_fps,55415.0
5170,Policy/mean_std,0.22187581658363342
5170,Train/mean_episode_length,1000.0
5170,Train/mean_reward,30.868928909301758
5252,Train/mean_episode_length/time,1000.0
5252,Train/mean_reward/time,29.754295349121094
5264,Episode_Reward/action_rate_l2,-0.052406828850507736
5264,Episode_Reward/belly_contact_force,0.0
5264,Episode_Reward/dof_torques_l2,-0.2745463252067566
5264,Episode_Reward/lin_vel_z_l2,-0.019166424870491028
5264,Episode_Reward/track_ang_vel_z_exp,0.4628443419933319
5264,Episode_Reward/track_lin_vel_xy_miki,1.436026930809021
5264,Episode_Reward/undesired_contacts,0.0
5264,Episode_Termination/base_contact,0.0
5264,Episode_Termination/head_contact,0.0
5264,Episode_Termination/time_out,1.0
5264,Loss/entropy,-8.197306632995605
5264,Loss/learning_rate,5.062499985797331e-05
5264,Loss/surrogate,-0.003826674772426486
5264,Loss/value,0.0040573799051344395
5264,Metrics/base_velocity/error_vel_xy,0.09206213057041168
5264,Metrics/base_velocity/error_vel_yaw,0.11480438709259033
5264,Metrics/success_rate,1.0
5264,Perf/collection_time,1.590503215789795
5264,Perf/learning_time,0.1701812744140625
5264,Perf/total_fps,55832.0
5264,Policy/mean_std,0.22103196382522583
5264,Train/mean_episode_length,1000.0
5264,Train/mean_reward,31.046592712402344
5358,Episode_Reward/action_rate_l2,-0.05066479369997978
5358,Episode_Reward/belly_contact_force,0.0
5358,Episode_Reward/dof_torques_l2,-0.27167457342147827
5358,Episode_Reward/lin_vel_z_l2,-0.018771087750792503
5358,Episode_Reward/track_ang_vel_z_exp,0.46297740936279297
5358,Episode_Reward/track_lin_vel_xy_miki,1.4387768507003784
5358,Episode_Reward/undesired_contacts,0.0
5358,Episode_Termination/base_contact,0.0
5358,Episode_Termination/head_contact,0.000244140625
5358,Episode_Termination/time_out,0.999755859375
5358,Loss/entropy,-8.246907234191895
5358,Loss/learning_rate,3.3749998692655936e-05
5358,Loss/surrogate,-0.004030000418424606
5358,Loss/value,0.003649497637525201
5358,Metrics/base_velocity/error_vel_xy,0.08866892755031586
5358,Metrics/base_velocity/error_vel_yaw,0.11471622437238693
5358,Metrics/success_rate,1.0
5358,Perf/collection_time,1.531541109085083
5358,Perf/learning_time,0.16489815711975098
5358,Perf/total_fps,57947.0
5358,Policy/mean_std,0.22048892080783844
5358,Train/mean_episode_length,1000.0
5358,Train/mean_reward,31.16438865661621
5418,Train/mean_episode_length/time,993.5700073242188
5418,Train/mean_reward/time,29.610984802246094
5452,Episode_Reward/action_rate_l2,-0.052009813487529755
5452,Episode_Reward/belly_contact_force,0.0
5452,Episode_Reward/dof_torques_l2,-0.2772239148616791
5452,Episode_Reward/lin_vel_z_l2,-0.018511231988668442
5452,Episode_Reward/track_ang_vel_z_exp,0.4626389741897583
5452,Episode_Reward/track_lin_vel_xy_miki,1.4342544078826904
5452,Episode_Reward/undesired_contacts,0.0
5452,Episode_Termination/base_contact,0.0
5452,Episode_Termination/head_contact,0.0
5452,Episode_Termination/time_out,1.0
5452,Loss/entropy,-8.31626033782959
5452,Loss/learning_rate,5.062499985797331e-05
5452,Loss/surrogate,-0.0040683988481760025
5452,Loss/value,0.0025038414169102907
5452,Metrics/base_velocity/error_vel_xy,0.09417517483234406
5452,Metrics/base_velocity/error_vel_yaw,0.11522850394248962
5452,Metrics/success_rate,1.0
5452,Perf/collection_time,1.5351884365081787
5452,Perf/learning_time,0.1656177043914795
5452,Perf/total_fps,57798.0
5452,Policy/mean_std,0.21966736018657684
5452,Train/mean_episode_length,1000.0
5452,Train/mean_reward,31.030851364135742
5546,Episode_Reward/action_rate_l2,-0.051646143198013306
5546,Episode_Reward/belly_contact_force,0.0
5546,Episode_Reward/dof_torques_l2,-0.2779766321182251
5546,Episode_Reward/lin_vel_z_l2,-0.01834525167942047
5546,Episode_Reward/track_ang_vel_z_exp,0.4627212882041931
5546,Episode_Reward/track_lin_vel_xy_miki,1.434273600578308
5546,Episode_Reward/undesired_contacts,0.0
5546,Episode_Termination/base_contact,0.0
5546,Episode_Termination/head_contact,0.00048828125
5546,Episode_Termination/time_out,0.99951171875
5546,Loss/entropy,-8.281876564025879
5546,Loss/learning_rate,5.062499985797331e-05
5546,Loss/surrogate,-0.0038402893114835024
5546,Loss/value,0.002165015786886215
5546,Metrics/base_velocity/error_vel_xy,0.09387507289648056
5546,Metrics/base_velocity/error_vel_yaw,0.115199014544487
5546,Metrics/success_rate,1.0
5546,Perf/collection_time,1.5366322994232178
5546,Perf/learning_time,0.17179179191589355
5546,Perf/total_fps,57540.0
5546,Policy/mean_std,0.21928665041923523
5546,Train/mean_episode_length,1000.0
5546,Train/mean_reward,30.96889305114746
5581,Train/mean_episode_length/time,995.5800170898438
5581,Train/mean_reward/time,29.66046142578125
5640,Episode_Reward/action_rate_l2,-0.05002116411924362
5640,Episode_Reward/belly_contact_force,0.0
5640,Episode_Reward/dof_torques_l2,-0.2680019736289978
5640,Episode_Reward/lin_vel_z_l2,-0.017509937286376953
5640,Episode_Reward/track_ang_vel_z_exp,0.4631572663784027
5640,Episode_Reward/track_lin_vel_xy_miki,1.4393928050994873
5640,Episode_Reward/undesired_contacts,0.0
5640,Episode_Termination/base_contact,0.0
5640,Episode_Termination/head_contact,0.000244140625
5640,Episode_Termination/time_out,0.999755859375
5640,Loss/entropy,-8.468896865844727
5640,Loss/learning_rate,5.062499985797331e-05
5640,Loss/surrogate,-0.0034227739088237286
5640,Loss/value,0.0023498020600527525
5640,Metrics/base_velocity/error_vel_xy,0.08941590785980225
5640,Metrics/base_velocity/error_vel_yaw,0.11452927440404892
5640,Metrics/success_rate,1.0
5640,Perf/collection_time,1.522777795791626
5640,Perf/learning_time,0.1663656234741211
5640,Perf/total_fps,58197.0
5640,Policy/mean_std,0.21785609424114227
5640,Train/mean_episode_length,1000.0
5640,Train/mean_reward,31.34000015258789
5734,Episode_Reward/action_rate_l2,-0.0509292408823967
5734,Episode_Reward/belly_contact_force,0.0
5734,Episode_Reward/dof_torques_l2,-0.27582311630249023
5734,Episode_Reward/lin_vel_z_l2,-0.01963471621274948
5734,Episode_Reward/track_ang_vel_z_exp,0.46238553524017334
5734,Episode_Reward/track_lin_vel_xy_miki,1.4361299276351929
5734,Episode_Reward/undesired_contacts,0.0
5734,Episode_Termination/base_contact,0.0
5734,Episode_Termination/head_contact,0.000244140625
5734,Episode_Termination/time_out,0.999755859375
5734,Loss/entropy,-8.387944221496582
5734,Loss/learning_rate,5.062499985797331e-05
5734,Loss/surrogate,-0.0035655207466334105
5734,Loss/value,0.0027878843247890472
5734,Metrics/base_velocity/error_vel_xy,0.0935693085193634
5734,Metrics/base_velocity/error_vel_yaw,0.11568358540534973
5734,Metrics/success_rate,1.0
5734,Perf/collection_time,1.555551528930664
5734,Perf/learning_time,0.1662757396697998
5734,Perf/total_fps,57092.0
5734,Policy/mean_std,0.21830885112285614
5734,Train/mean_episode_length,1000.0
5734,Train/mean_reward,31.10228729248047
5745,Train/mean_episode_length/time,1000.0
5745,Train/mean_reward/time,29.836061477661133
5828,Episode_Reward/action_rate_l2,-0.05137328431010246
5828,Episode_Reward/belly_contact_force,0.0
5828,Episode_Reward/dof_torques_l2,-0.2714063823223114
5828,Episode_Reward/lin_vel_z_l2,-0.01826874539256096
5828,Episode_Reward/track_ang_vel_z_exp,0.4630988538265228
5828,Episode_Reward/track_lin_vel_xy_miki,1.4397025108337402
5828,Episode_Reward/undesired_contacts,0.0
5828,Episode_Termination/base_contact,0.0
5828,Episode_Termination/head_contact,0.0
5828,Episode_Termination/time_out,1.0
5828,Loss/entropy,-8.444289207458496
5828,Loss/learning_rate,7.593750342493877e-05
5828,Loss/surrogate,-0.004145317245274782
5828,Loss/value,0.0026190346106886864
5828,Metrics/base_velocity/error_vel_xy,0.08823361247777939
5828,Metrics/base_velocity/error_vel_yaw,0.11460565775632858
5828,Metrics/success_rate,1.0
5828,Perf/collection_time,1.5642790794372559
5828,Perf/learning_time,0.1720421314239502
5828,Perf/total_fps,56616.0
5828,Policy/mean_std,0.21794895827770233
5828,Train/mean_episode_length,1000.0
5828,Train/mean_reward,31.262657165527344
5908,Train/mean_episode_length/time,1000.0
5908,Train/mean_reward/time,30.084623336791992
5922,Episode_Reward/action_rate_l2,-0.051118891686201096
5922,Episode_Reward/belly_contact_force,0.0
5922,Episode_Reward/dof_torques_l2,-0.2668810486793518
5922,Episode_Reward/lin_vel_z_l2,-0.017808664590120316
5922,Episode_Reward/track_ang_vel_z_exp,0.46397674083709717
5922,Episode_Reward/track_lin_vel_xy_miki,1.4401826858520508
5922,Episode_Reward/undesired_contacts,0.0
5922,Episode_Termination/base_contact,0.0
5922,Episode_Termination/head_contact,0.00048828125
5922,Episode_Termination/time_out,0.99951171875
5922,Loss/entropy,-8.552501678466797
5922,Loss/learning_rate,5.062499985797331e-05
5922,Loss/surrogate,-0.0033815079368650913
5922,Loss/value,0.002738100476562977
5922,Metrics/base_velocity/error_vel_xy,0.08705266565084457
5922,Metrics/base_velocity/error_vel_yaw,0.11291059106588364
5922,Metrics/success_rate,1.0
5922,Perf/collection_time,1.5578293800354004
5922,Perf/learning_time,0.1631457805633545
5922,Perf/total_fps,57121.0
5922,Policy/mean_std,0.21794086694717407
5922,Train/mean_episode_length,1000.0
5922,Train/mean_reward,31.34927749633789
6016,Episode_Reward/action_rate_l2,-0.0513116717338562
6016,Episode_Reward/belly_contact_force,0.0
6016,Episode_Reward/dof_torques_l2,-0.26741987466812134
6016,Episode_Reward/lin_vel_z_l2,-0.017769359052181244
6016,Episode_Reward/track_ang_vel_z_exp,0.46436986327171326
6016,Episode_Reward/track_lin_vel_xy_miki,1.4387061595916748
6016,Episode_Reward/undesired_contacts,0.0
6016,Episode_Termination/base_contact,0.0
6016,Episode_Termination/head_contact,0.0
6016,Episode_Termination/time_out,1.0
6016,Loss/entropy,-8.583846092224121
6016,Loss/learning_rate,3.3749998692655936e-05
6016,Loss/surrogate,-0.004035771358758211
6016,Loss/value,0.0028657906223088503
6016,Metrics/base_velocity/error_vel_xy,0.08920229971408844
6016,Metrics/base_velocity/error_vel_yaw,0.11231736838817596
6016,Metrics/success_rate,1.0
6016,Perf/collection_time,1.6272175312042236
6016,Perf/learning_time,0.18161916732788086
6016,Perf/total_fps,54346.0
6016,Policy/mean_std,0.21774432063102722
6016,Train/mean_episode_length,1000.0
6016,Train/mean_reward,31.378042221069336
6072,Train/mean_episode_length/time,1000.0
6072,Train/mean_reward/time,30.038272857666016
6110,Episode_Reward/action_rate_l2,-0.0508495569229126
6110,Episode_Reward/belly_contact_force,0.0
6110,Episode_Reward/dof_torques_l2,-0.2654402256011963
6110,Episode_Reward/lin_vel_z_l2,-0.01800881326198578
6110,Episode_Reward/track_ang_vel_z_exp,0.46400877833366394
6110,Episode_Reward/track_lin_vel_xy_miki,1.440643310546875
6110,Episode_Reward/undesired_contacts,0.0
6110,Episode_Termination/base_contact,0.0
6110,Episode_Termination/head_contact,0.000244140625
6110,Episode_Termination/time_out,0.999755859375
6110,Loss/entropy,-8.36297607421875
6110,Loss/learning_rate,3.3749998692655936e-05
6110,Loss/surrogate,-0.003423527115955949
6110,Loss/value,0.0020447056740522385
6110,Metrics/base_velocity/error_vel_xy,0.08784838765859604
6110,Metrics/base_velocity/error_vel_yaw,0.11289435625076294
6110,Metrics/success_rate,1.0
6110,Perf/collection_time,1.573817253112793
6110,Perf/learning_time,0.16900086402893066
6110,Perf/total_fps,56405.0
6110,Policy/mean_std,0.21927978098392487
6110,Train/mean_episode_length,1000.0
6110,Train/mean_reward,31.33543586730957
6204,Episode_Reward/action_rate_l2,-0.05301611125469208
6204,Episode_Reward/belly_contact_force,0.0
6204,Episode_Reward/dof_torques_l2,-0.2706349790096283
6204,Episode_Reward/lin_vel_z_l2,-0.018368897959589958
6204,Episode_Reward/track_ang_vel_z_exp,0.4638683795928955
6204,Episode_Reward/track_lin_vel_xy_miki,1.4395208358764648
6204,Episode_Reward/undesired_contacts,0.0
6204,Episode_Termination/base_contact,0.0
6204,Episode_Termination/head_contact,0.0
6204,Episode_Termination/time_out,1.0
6204,Loss/entropy,-8.272061347961426
6204,Loss/learning_rate,5.062499985797331e-05
6204,Loss/surrogate,-0.004477146081626415
6204,Loss/value,0.002111075446009636
6204,Metrics/base_velocity/error_vel_xy,0.08891904354095459
6204,Metrics/base_velocity/error_vel_yaw,0.11311443150043488
6204,Metrics/success_rate,1.0
6204,Perf/collection_time,1.557725191116333
6204,Perf/learning_time,0.165297269821167
6204,Perf/total_fps,57053.0
6204,Policy/mean_std,0.2196447253227234
6204,Train/mean_episode_length,1000.0
6204,Train/mean_reward,31.24665641784668
6235,Train/mean_episode_length/time,1000.0
6235,Train/mean_reward/time,30.40595054626465
6298,Episode_Reward/action_rate_l2,-0.05153318867087364
6298,Episode_Reward/belly_contact_force,0.0
6298,Episode_Reward/dof_torques_l2,-0.2655869424343109
6298,Episode_Reward/lin_vel_z_l2,-0.017275948077440262
6298,Episode_Reward/track_ang_vel_z_exp,0.46445363759994507
6298,Episode_Reward/track_lin_vel_xy_miki,1.4412654638290405
6298,Episode_Reward/undesired_contacts,0.0
6298,Episode_Termination/base_contact,0.0
6298,Episode_Termination/head_contact,0.000244140625
6298,Episode_Termination/time_out,0.999755859375
6298,Loss/entropy,-8.270176887512207
6298,Loss/learning_rate,5.062499985797331e-05
6298,Loss/surrogate,-0.00358352973125875
6298,Loss/value,0.0020656560081988573
6298,Metrics/base_velocity/error_vel_xy,0.08622238039970398
6298,Metrics/base_velocity/error_vel_yaw,0.11222871392965317
6298,Metrics/success_rate,1.0
6298,Perf/collection_time,1.5570578575134277
6298,Perf/learning_time,0.18692660331726074
6298,Perf/total_fps,56367.0
6298,Policy/mean_std,0.21983608603477478
6298,Train/mean_episode_length,1000.0
6298,Train/mean_reward,31.38341522216797
6392,Episode_Reward/action_rate_l2,-0.052369944751262665
6392,Episode_Reward/belly_contact_force,0.0
6392,Episode_Reward/dof_torques_l2,-0.27003130316734314
6392,Episode_Reward/lin_vel_z_l2,-0.017680495977401733
6392,Episode_Reward/track_ang_vel_z_exp,0.46407243609428406
6392,Episode_Reward/track_lin_vel_xy_miki,1.4371612071990967
6392,Episode_Reward/undesired_contacts,0.0
6392,Episode_Termination/base_contact,0.0
6392,Episode_Termination/head_contact,0.000244140625
6392,Episode_Termination/time_out,0.999755859375
6392,Loss/entropy,-8.244776725769043
6392,Loss/learning_rate,5.062499985797331e-05
6392,Loss/surrogate,-0.004449434578418732
6392,Loss/value,0.002518194727599621
6392,Metrics/base_velocity/error_vel_xy,0.090461865067482
6392,Metrics/base_velocity/error_vel_yaw,0.11274009197950363
6392,Metrics/success_rate,1.0
6392,Perf/collection_time,1.6199471950531006
6392,Perf/learning_time,0.17072582244873047
6392,Perf/total_fps,54897.0
6392,Policy/mean_std,0.21994875371456146
6392,Train/mean_episode_length,1000.0
6392,Train/mean_reward,31.182790756225586
6398,Train/mean_episode_length/time,1000.0
6398,Train/mean_reward/time,30.4302921295166
6486,Episode_Reward/action_rate_l2,-0.05116169899702072
6486,Episode_Reward/belly_contact_force,0.0
6486,Episode_Reward/dof_torques_l2,-0.2705739438533783
6486,Episode_Reward/lin_vel_z_l2,-0.017725221812725067
6486,Episode_Reward/track_ang_vel_z_exp,0.46328005194664
6486,Episode_Reward/track_lin_vel_xy_miki,1.4373167753219604
6486,Episode_Reward/undesired_contacts,0.0
6486,Episode_Termination/base_contact,0.0
6486,Episode_Termination/head_contact,0.000244140625
6486,Episode_Termination/time_out,0.999755859375
6486,Loss/entropy,-8.091303825378418
6486,Loss/learning_rate,7.593750342493877e-05
6486,Loss/surrogate,-0.0038750837557017803
6486,Loss/value,0.0021391306072473526
6486,Metrics/base_velocity/error_vel_xy,0.0905226320028305
6486,Metrics/base_velocity/error_vel_yaw,0.1141907200217247
6486,Metrics/success_rate,1.0
6486,Perf/collection_time,1.5754737854003906
6486,Perf/learning_time,0.1678624153137207
6486,Perf/total_fps,56388.0
6486,Policy/mean_std,0.22091883420944214
6486,Train/mean_episode_length,1000.0
6486,Train/mean_reward,31.247798919677734
6562,Train/mean_episode_length/time,1000.0
6562,Train/mean_reward/time,30.58133316040039
6580,Episode_Reward/action_rate_l2,-0.05249859020113945
6580,Episode_Reward/belly_contact_force,0.0
6580,Episode_Reward/dof_torques_l2,-0.27512234449386597
6580,Episode_Reward/lin_vel_z_l2,-0.018618617206811905
6580,Episode_Reward/track_ang_vel_z_exp,0.46067148447036743
6580,Episode_Reward/track_lin_vel_xy_miki,1.4272760152816772
6580,Episode_Reward/undesired_contacts,0.0
6580,Episode_Termination/base_contact,0.0
6580,Episode_Termination/head_contact,7.120768714230508e-05
6580,Episode_Termination/time_out,0.9999288320541382
6580,Loss/entropy,-8.3655424118042
6580,Loss/learning_rate,5.062499985797331e-05
6580,Loss/surrogate,-0.0032046667765825987
6580,Loss/value,0.00239201239310205
6580,Metrics/base_velocity/error_vel_xy,0.09527101367712021
6580,Metrics/base_velocity/error_vel_yaw,0.11542068421840668
6580,Metrics/success_rate,1.0
6580,Perf/collection_time,1.572030782699585
6580,Perf/learning_time,0.16466212272644043
6580,Perf/total_fps,56604.0
6580,Policy/mean_std,0.21982277929782867
6580,Train/mean_episode_length,993.4500122070312
6580,Train/mean_reward,30.86737823486328
6674,Episode_Reward/action_rate_l2,-0.05044437572360039
6674,Episode_Reward/belly_contact_force,0.0
6674,Episode_Reward/dof_torques_l2,-0.262099951505661
6674,Episode_Reward/lin_vel_z_l2,-0.018087781965732574
6674,Episode_Reward/track_ang_vel_z_exp,0.46397078037261963
6674,Episode_Reward/track_lin_vel_xy_miki,1.4414215087890625
6674,Episode_Reward/undesired_contacts,0.0
6674,Episode_Termination/base_contact,0.0
6674,Episode_Termination/head_contact,0.0
6674,Episode_Termination/time_out,1.0
6674,Loss/entropy,-8.440311431884766
6674,Loss/learning_rate,7.593750342493877e-05
6674,Loss/surrogate,-0.004087894223630428
6674,Loss/value,0.001909462851472199
6674,Metrics/base_velocity/error_vel_xy,0.08715280890464783
6674,Metrics/base_velocity/error_vel_yaw,0.11297594010829926
6674,Metrics/success_rate,1.0
6674,Perf/collection_time,1.5676710605621338
6674,Perf/learning_time,0.16506075859069824
6674,Perf/total_fps,56733.0
6674,Policy/mean_std,0.21819967031478882
6674,Train/mean_episode_length,1000.0
6674,Train/mean_reward,31.479944229125977
6725,Train/mean_episode_length/time,1000.0
6725,Train/mean_reward/time,30.47092056274414
6768,Episode_Reward/action_rate_l2,-0.05045551061630249
6768,Episode_Reward/belly_contact_force,0.0
6768,Episode_Reward/dof_torques_l2,-0.26503467559814453
6768,Episode_Reward/lin_vel_z_l2,-0.01803913712501526
6768,Episode_Reward/track_ang_vel_z_exp,0.4643551707267761
6768,Episode_Reward/track_lin_vel_xy_miki,1.4411332607269287
6768,Episode_Reward/undesired_contacts,0.0
6768,Episode_Termination/base_contact,0.0
6768,Episode_Termination/head_contact,0.00048828125
6768,Episode_Termination/time_out,0.99951171875
6768,Loss/entropy,-8.497858047485352
6768,Loss/learning_rate,7.593750342493877e-05
6768,Loss/surrogate,-0.0036772910971194506
6768,Loss/value,0.0021285333205014467
6768,Metrics/base_velocity/error_vel_xy,0.08798988163471222
6768,Metrics/base_velocity/error_vel_yaw,0.11220026016235352
6768,Metrics/success_rate,1.0
6768,Perf/collection_time,1.5966143608093262
6768,Perf/learning_time,0.17393922805786133
6768,Perf/total_fps,55521.0
6768,Policy/mean_std,0.2178964912891388
6768,Train/mean_episode_length,1000.0
6768,Train/mean_reward,31.48739242553711
6862,Episode_Reward/action_rate_l2,-0.04946050047874451
6862,Episode_Reward/belly_contact_force,0.0
6862,Episode_Reward/dof_torques_l2,-0.2593943774700165
6862,Episode_Reward/lin_vel_z_l2,-0.017502127215266228
6862,Episode_Reward/track_ang_vel_z_exp,0.46452099084854126
6862,Episode_Reward/track_lin_vel_xy_miki,1.4424527883529663
6862,Episode_Reward/undesired_contacts,0.0
6862,Episode_Termination/base_contact,0.0
6862,Episode_Termination/head_contact,0.000244140625
6862,Episode_Termination/time_out,0.999755859375
6862,Loss/entropy,-8.609768867492676
6862,Loss/learning_rate,7.593750342493877e-05
6862,Loss/surrogate,-0.004307344555854797
6862,Loss/value,0.00229655671864748
6862,Metrics/base_velocity/error_vel_xy,0.0861608237028122
6862,Metrics/base_velocity/error_vel_yaw,0.11180927604436874
6862,Metrics/success_rate,1.0
6862,Perf/collection_time,1.5630199909210205
6862,Perf/learning_time,0.16352057456970215
6862,Perf/total_fps,56936.0
6862,Policy/mean_std,0.21760573983192444
6862,Train/mean_episode_length,1000.0
6862,Train/mean_reward,31.60118865966797
6887,Train/mean_episode_length/time,1000.0
6887,Train/mean_reward/time,30.548721313476562
6956,Episode_Reward/action_rate_l2,-0.0488293282687664
6956,Episode_Reward/belly_contact_force,0.0
6956,Episode_Reward/dof_torques_l2,-0.2562987506389618
6956,Episode_Reward/lin_vel_z_l2,-0.017409760504961014
6956,Episode_Reward/track_ang_vel_z_exp,0.46467265486717224
6956,Episode_Reward/track_lin_vel_xy_miki,1.443825125694275
6956,Episode_Reward/undesired_contacts,0.0
6956,Episode_Termination/base_contact,0.0
6956,Episode_Termination/head_contact,0.000244140625
6956,Episode_Termination/time_out,0.999755859375
6956,Loss/entropy,-8.835169792175293
6956,Loss/learning_rate,7.593750342493877e-05
6956,Loss/surrogate,-0.003618215676397085
6956,Loss/value,0.002052735071629286
6956,Metrics/base_velocity/error_vel_xy,0.08427771180868149
6956,Metrics/base_velocity/error_vel_yaw,0.11172527074813843
6956,Metrics/success_rate,1.0
6956,Perf/collection_time,1.56929612159729
6956,Perf/learning_time,0.16179895401000977
6956,Perf/total_fps,56787.0
6956,Policy/mean_std,0.21567171812057495
6956,Train/mean_episode_length,1000.0
6956,Train/mean_reward,31.66985511779785
7050,Episode_Reward/action_rate_l2,-0.05021298676729202
7050,Episode_Reward/belly_contact_force,0.0
7050,Episode_Reward/dof_torques_l2,-0.259802907705307
7050,Episode_Reward/lin_vel_z_l2,-0.017375925555825233
7050,Episode_Reward/track_ang_vel_z_exp,0.46514463424682617
7050,Episode_Reward/track_lin_vel_xy_miki,1.442339301109314
7050,Episode_Reward/undesired_contacts,0.0
7050,Episode_Termination/base_contact,0.0
7050,Episode_Termination/head_contact,0.0
7050,Episode_Termination/time_out,1.0
7050,Loss/entropy,-8.930269241333008
7050,Loss/learning_rate,5.062499985797331e-05
7050,Loss/surrogate,-0.00433335779234767
7050,Loss/value,0.002748588565737009
7050,Metrics/base_velocity/error_vel_xy,0.08581191301345825
7050,Metrics/base_velocity/error_vel_yaw,0.1108659952878952
7050,Metrics/success_rate,1.0
7050,Perf/collection_time,1.575209617614746
7050,Perf/learning_time,0.1654820442199707
7050,Perf/total_fps,56474.0
7050,Policy/mean_std,0.21504153311252594
7050,Train/mean_episode_length,1000.0
7050,Train/mean_episode_length/time,1000.0
7050,Train/mean_reward,31.630889892578125
7050,Train/mean_reward/time,30.702363967895508
7144,Episode_Reward/action_rate_l2,-0.048763394355773926
7144,Episode_Reward/belly_contact_force,0.0
7144,Episode_Reward/dof_torques_l2,-0.25762999057769775
7144,Episode_Reward/lin_vel_z_l2,-0.01746160164475441
7144,Episode_Reward/track_ang_vel_z_exp,0.4649393558502197
7144,Episode_Reward/track_lin_vel_xy_miki,1.442807912826538
7144,Episode_Reward/undesired_contacts,0.0
7144,Episode_Termination/base_contact,0.0
7144,Episode_Termination/head_contact,0.000244140625
7144,Episode_Termination/time_out,0.999755859375
7144,Loss/entropy,-9.050103187561035
7144,Loss/learning_rate,3.3749998692655936e-05
7144,Loss/surrogate,-0.003855916205793619
7144,Loss/value,0.002583859721198678
7144,Metrics/base_velocity/error_vel_xy,0.08559602499008179
7144,Metrics/base_velocity/error_vel_yaw,0.11125141382217407
7144,Metrics/success_rate,1.0
7144,Perf/collection_time,1.6392974853515625
7144,Perf/learning_time,0.18143749237060547
7144,Perf/total_fps,53991.0
7144,Policy/mean_std,0.21443788707256317
7144,Train/mean_episode_length,1000.0
7144,Train/mean_reward,31.740535736083984
7214,Train/mean_episode_length/time,1000.0
7214,Train/mean_reward/time,30.732295989990234
7238,Episode_Reward/action_rate_l2,-0.04857973754405975
7238,Episode_Reward/belly_contact_force,0.0
7238,Episode_Reward/dof_torques_l2,-0.25465577840805054
7238,Episode_Reward/lin_vel_z_l2,-0.01684406027197838
7238,Episode_Reward/track_ang_vel_z_exp,0.46503597497940063
7238,Episode_Reward/track_lin_vel_xy_miki,1.444257140159607
7238,Episode_Reward/undesired_contacts,0.0
7238,Episode_Termination/base_contact,0.0
7238,Episode_Termination/head_contact,0.0
7238,Episode_Termination/time_out,1.0
7238,Loss/entropy,-9.180521965026855
7238,Loss/learning_rate,5.062499985797331e-05
7238,Loss/surrogate,-0.0033103253226727247
7238,Loss/value,0.0021692838054150343
7238,Metrics/base_velocity/error_vel_xy,0.08460810035467148
7238,Metrics/base_velocity/error_vel_yaw,0.11088068783283234
7238,Metrics/success_rate,1.0
7238,Perf/collection_time,1.6414077281951904
7238,Perf/learning_time,0.1709156036376953
7238,Perf/total_fps,54241.0
7238,Policy/mean_std,0.21369536221027374
7238,Train/mean_episode_length,1000.0
7238,Train/mean_reward,31.699100494384766
7332,Episode_Reward/action_rate_l2,-0.050665393471717834
7332,Episode_Reward/belly_contact_force,0.0
7332,Episode_Reward/dof_torques_l2,-0.2590216398239136
7332,Episode_Reward/lin_vel_z_l2,-0.017275996506214142
7332,Episode_Reward/track_ang_vel_z_exp,0.46568554639816284
7332,Episode_Reward/track_lin_vel_xy_miki,1.4405311346054077
7332,Episode_Reward/undesired_contacts,0.0
7332,Episode_Termination/base_contact,0.0
7332,Episode_Termination/head_contact,0.0
7332,Episode_Termination/time_out,1.0
7332,Loss/entropy,-9.24276351928711
7332,Loss/learning_rate,5.062499985797331e-05
7332,Loss/surrogate,-0.003525362815707922
7332,Loss/value,0.0019568242132663727
7332,Metrics/base_velocity/error_vel_xy,0.0886419340968132
7332,Metrics/base_velocity/error_vel_yaw,0.10981215536594391
7332,Metrics/success_rate,1.0
7332,Perf/collection_time,1.5606143474578857
7332,Perf/learning_time,0.1676654815673828
7332,Perf/total_fps,56879.0
7332,Policy/mean_std,0.21299168467521667
7332,Train/mean_episode_length,1000.0
7332,Train/mean_reward,31.5819149017334
7377,Train/mean_episode_length/time,1000.0
7377,Train/mean_reward/time,30.85587501525879
7426,Episode_Reward/action_rate_l2,-0.04959992691874504
7426,Episode_Reward/belly_contact_force,0.0
7426,Episode_Reward/dof_torques_l2,-0.25317150354385376
7426,Episode_Reward/lin_vel_z_l2,-0.01663457602262497
7426,Episode_Reward/track_ang_vel_z_exp,0.46627864241600037
7426,Episode_Reward/track_lin_vel_xy_miki,1.4447276592254639
7426,Episode_Reward/undesired_contacts,0.0
7426,Episode_Termination/base_contact,0.0
7426,Episode_Termination/head_contact,0.0
7426,Episode_Termination/time_out,1.0
7426,Loss/entropy,-9.213995933532715
7426,Loss/learning_rate,5.062499985797331e-05
7426,Loss/surrogate,-0.003816861193627119
7426,Loss/value,0.0025522129144519567
7426,Metrics/base_velocity/error_vel_xy,0.0829896628856659
7426,Metrics/base_velocity/error_vel_yaw,0.10874742269515991
7426,Metrics/success_rate,1.0
7426,Perf/collection_time,1.551546573638916
7426,Perf/learning_time,0.15826153755187988
7426,Perf/total_fps,57494.0
7426,Policy/mean_std,0.21344317495822906
7426,Train/mean_episode_length,1000.0
7426,Train/mean_reward,31.737712860107422
7520,Episode_Reward/action_rate_l2,-0.049804769456386566
7520,Episode_Reward/belly_contact_force,0.0
7520,Episode_Reward/dof_torques_l2,-0.25907668471336365
7520,Episode_Reward/lin_vel_z_l2,-0.017294060438871384
7520,Episode_Reward/track_ang_vel_z_exp,0.46473073959350586
7520,Episode_Reward/track_lin_vel_xy_miki,1.4422187805175781
7520,Episode_Reward/undesired_contacts,0.0
7520,Episode_Termination/base_contact,0.0
7520,Episode_Termination/head_contact,0.0
7520,Episode_Termination/time_out,1.0
7520,Loss/entropy,-8.840824127197266
7520,Loss/learning_rate,5.062499985797331e-05
7520,Loss/surrogate,-0.00393890542909503
7520,Loss/value,0.0019778755959123373
7520,Metrics/base_velocity/error_vel_xy,0.08604919910430908
7520,Metrics/base_velocity/error_vel_yaw,0.11174698919057846
7520,Metrics/success_rate,1.0
7520,Perf/collection_time,1.53049635887146
7520,Perf/learning_time,0.15967845916748047
7520,Perf/total_fps,58162.0
7520,Policy/mean_std,0.21534119546413422
7520,Train/mean_episode_length,1000.0
7520,Train/mean_reward,31.687971115112305
7541,Train/mean_episode_length/time,1000.0
7541,Train/mean_reward/time,30.641691207885742
7614,Episode_Reward/action_rate_l2,-0.04975774139165878
7614,Episode_Reward/belly_contact_force,0.0
7614,Episode_Reward/dof_torques_l2,-0.25204774737358093
7614,Episode_Reward/lin_vel_z_l2,-0.016504747793078423
7614,Episode_Reward/track_ang_vel_z_exp,0.4658713936805725
7614,Episode_Reward/track_lin_vel_xy_miki,1.4456403255462646
7614,Episode_Reward/undesired_contacts,0.0
7614,Episode_Termination/base_contact,0.0
7614,Episode_Termination/head_contact,0.000244140625
7614,Episode_Termination/time_out,0.999755859375
7614,Loss/entropy,-9.133928298950195
7614,Loss/learning_rate,3.3749998692655936e-05
7614,Loss/surrogate,-0.00398144731298089
7614,Loss/value,0.002418952528387308
7614,Metrics/base_velocity/error_vel_xy,0.08268170058727264
7614,Metrics/base_velocity/error_vel_yaw,0.10950911045074463
7614,Metrics/success_rate,1.0
7614,Perf/collection_time,1.6178090572357178
7614,Perf/learning_time,0.18387770652770996
7614,Perf/total_fps,54562.0
7614,Policy/mean_std,0.21394230425357819
7614,Train/mean_episode_length,1000.0
7614,Train/mean_reward,31.86539649963379
7704,Train/mean_episode_length/time,1000.0
7704,Train/mean_reward/time,30.88100814819336
7708,Episode_Reward/action_rate_l2,-0.05055352300405502
7708,Episode_Reward/belly_contact_force,0.0
7708,Episode_Reward/dof_torques_l2,-0.25516101717948914
7708,Episode_Reward/lin_vel_z_l2,-0.017211992293596268
7708,Episode_Reward/track_ang_vel_z_exp,0.4649588465690613
7708,Episode_Reward/track_lin_vel_xy_miki,1.443616271018982
7708,Episode_Reward/undesired_contacts,0.0
7708,Episode_Termination/base_contact,0.0
7708,Episode_Termination/head_contact,0.0
7708,Episode_Termination/time_out,1.0
7708,Loss/entropy,-9.082906723022461
7708,Loss/learning_rate,5.062499985797331e-05
7708,Loss/surrogate,-0.0035100961104035378
7708,Loss/value,0.0020733068231493235
7708,Metrics/base_velocity/error_vel_xy,0.0844205841422081
7708,Metrics/base_velocity/error_vel_yaw,0.11134716868400574
7708,Metrics/success_rate,1.0
7708,Perf/collection_time,1.555762767791748
7708,Perf/learning_time,0.1584014892578125
7708,Perf/total_fps,57348.0
7708,Policy/mean_std,0.21410523355007172
7708,Train/mean_episode_length,1000.0
7708,Train/mean_reward,31.656749725341797
7802,Episode_Reward/action_rate_l2,-0.05029179900884628
7802,Episode_Reward/belly_contact_force,0.0
7802,Episode_Reward/dof_torques_l2,-0.25498753786087036
7802,Episode_Reward/lin_vel_z_l2,-0.0172567218542099
7802,Episode_Reward/track_ang_vel_z_exp,0.46551617980003357
7802,Episode_Reward/track_lin_vel_xy_miki,1.443772792816162
7802,Episode_Reward/undesired_contacts,0.0
7802,Episode_Termination/base_contact,0.0
7802,Episode_Termination/head_contact,0.000244140625
7802,Episode_Termination/time_out,0.999755859375
7802,Loss/entropy,-9.08707332611084
7802,Loss/learning_rate,5.062499985797331e-05
7802,Loss/surrogate,-0.003396909451112151
7802,Loss/value,0.0022834129631519318
7802,Metrics/base_velocity/error_vel_xy,0.08564792573451996
7802,Metrics/base_velocity/error_vel_yaw,0.11018749326467514
7802,Metrics/success_rate,1.0
7802,Perf/collection_time,1.5474109649658203
7802,Perf/learning_time,0.16945123672485352
7802,Perf/total_fps,57257.0
7802,Policy/mean_std,0.21393445134162903
7802,Train/mean_episode_length,1000.0
7802,Train/mean_reward,31.738075256347656
7872,Train/mean_episode_length/time,1000.0
7872,Train/mean_reward/time,31.08063507080078
7896,Episode_Reward/action_rate_l2,-0.049917154014110565
7896,Episode_Reward/belly_contact_force,0.0
7896,Episode_Reward/dof_torques_l2,-0.2506045699119568
7896,Episode_Reward/lin_vel_z_l2,-0.01638035476207733
7896,Episode_Reward/track_ang_vel_z_exp,0.46502941846847534
7896,Episode_Reward/track_lin_vel_xy_miki,1.4443366527557373
7896,Episode_Reward/undesired_contacts,0.0
7896,Episode_Termination/base_contact,0.0
7896,Episode_Termination/head_contact,0.000244140625
7896,Episode_Termination/time_out,0.999755859375
7896,Loss/entropy,-8.887421607971191
7896,Loss/learning_rate,7.593750342493877e-05
7896,Loss/surrogate,-0.004442693665623665
7896,Loss/value,0.002252561505883932
7896,Metrics/base_velocity/error_vel_xy,0.08335354179143906
7896,Metrics/base_velocity/error_vel_yaw,0.11119424551725388
7896,Metrics/success_rate,1.0
7896,Perf/collection_time,1.542558193206787
7896,Perf/learning_time,0.1668095588684082
7896,Perf/total_fps,57508.0
7896,Policy/mean_std,0.21521462500095367
7896,Train/mean_episode_length,1000.0
7896,Train/mean_reward,31.882308959960938
7990,Episode_Reward/action_rate_l2,-0.04984056204557419
7990,Episode_Reward/belly_contact_force,0.0
7990,Episode_Reward/dof_torques_l2,-0.25450193881988525
7990,Episode_Reward/lin_vel_z_l2,-0.016633082181215286
7990,Episode_Reward/track_ang_vel_z_exp,0.46482786536216736
7990,Episode_Reward/track_lin_vel_xy_miki,1.4429563283920288
7990,Episode_Reward/undesired_contacts,0.0
7990,Episode_Termination/base_contact,0.0
7990,Episode_Termination/head_contact,0.0
7990,Episode_Termination/time_out,1.0
7990,Loss/entropy,-8.97593879699707
7990,Loss/learning_rate,5.062499985797331e-05
7990,Loss/surrogate,-0.0039952960796654224
7990,Loss/value,0.002482760464772582
7990,Metrics/base_velocity/error_vel_xy,0.0849953144788742
7990,Metrics/base_velocity/error_vel_yaw,0.11122497171163559
7990,Metrics/success_rate,1.0
7990,Perf/collection_time,1.686457872390747
7990,Perf/learning_time,0.1864633560180664
7990,Perf/total_fps,52486.0
7990,Policy/mean_std,0.21466194093227386
7990,Train/mean_episode_length,1000.0
7990,Train/mean_reward,31.759721755981445
8038,Train/mean_episode_length/time,1000.0
8038,Train/mean_reward/time,30.972148895263672
8084,Episode_Reward/action_rate_l2,-0.05031006783246994
8084,Episode_Reward/belly_contact_force,0.0
8084,Episode_Reward/dof_torques_l2,-0.2575196921825409
8084,Episode_Reward/lin_vel_z_l2,-0.017642809078097343
8084,Episode_Reward/track_ang_vel_z_exp,0.4651033282279968
8084,Episode_Reward/track_lin_vel_xy_miki,1.4413598775863647
8084,Episode_Reward/undesired_contacts,0.0
8084,Episode_Termination/base_contact,0.0
8084,Episode_Termination/head_contact,0.0
8084,Episode_Termination/time_out,1.0
8084,Loss/entropy,-8.719986915588379
8084,Loss/learning_rate,7.593750342493877e-05
8084,Loss/surrogate,-0.004167856648564339
8084,Loss/value,0.002415111055597663
8084,Metrics/base_velocity/error_vel_xy,0.08673977851867676
8084,Metrics/base_velocity/error_vel_yaw,0.11085530370473862
8084,Metrics/success_rate,1.0
8084,Perf/collection_time,1.5849144458770752
8084,Perf/learning_time,0.1577625274658203
8084,Perf/total_fps,56409.0
8084,Policy/mean_std,0.21589304506778717
8084,Train/mean_episode_length,1000.0
8084,Train/mean_reward,31.631332397460938
8178,Episode_Reward/action_rate_l2,-0.050559043884277344
8178,Episode_Reward/belly_contact_force,0.0
8178,Episode_Reward/dof_torques_l2,-0.25340259075164795
8178,Episode_Reward/lin_vel_z_l2,-0.017901763319969177
8178,Episode_Reward/track_ang_vel_z_exp,0.464832067489624
8178,Episode_Reward/track_lin_vel_xy_miki,1.4433120489120483
8178,Episode_Reward/undesired_contacts,0.0
8178,Episode_Termination/base_contact,0.0
8178,Episode_Termination/head_contact,0.0
8178,Episode_Termination/time_out,1.0
8178,Loss/entropy,-8.71653938293457
8178,Loss/learning_rate,5.062499985797331e-05
8178,Loss/surrogate,-0.003460967680439353
8178,Loss/value,0.0027712788432836533
8178,Metrics/base_velocity/error_vel_xy,0.08414699882268906
8178,Metrics/base_velocity/error_vel_yaw,0.11154669523239136
8178,Metrics/success_rate,1.0
8178,Perf/collection_time,1.5633697509765625
8178,Perf/learning_time,0.17172622680664062
8178,Perf/total_fps,56656.0
8178,Policy/mean_std,0.2164652943611145
8178,Train/mean_episode_length,1000.0
8178,Train/mean_reward,31.770185470581055
8202,Train/mean_episode_length/time,1000.0
8202,Train/mean_reward/time,30.975786209106445
8272,Episode_Reward/action_rate_l2,-0.051393773406744
8272,Episode_Reward/belly_contact_force,0.0
8272,Episode_Reward/dof_torques_l2,-0.2573450207710266
8272,Episode_Reward/lin_vel_z_l2,-0.017069047316908836
8272,Episode_Reward/track_ang_vel_z_exp,0.4646110236644745
8272,Episode_Reward/track_lin_vel_xy_miki,1.440098524093628
8272,Episode_Reward/undesired_contacts,0.0
8272,Episode_Termination/base_contact,0.0
8272,Episode_Termination/head_contact,0.000244140625
8272,Episode_Termination/time_out,0.999755859375
8272,Loss/entropy,-8.787367820739746
8272,Loss/learning_rate,5.062499985797331e-05
8272,Loss/surrogate,-0.004165459889918566
8272,Loss/value,0.002171822590753436
8272,Metrics/base_velocity/error_vel_xy,0.08973228186368942
8272,Metrics/base_velocity/error_vel_yaw,0.11180131137371063
8272,Metrics/success_rate,1.0
8272,Perf/collection_time,1.5811107158660889
8272,Perf/learning_time,0.1589667797088623
8272,Perf/total_fps,56494.0
8272,Policy/mean_std,0.21646198630332947
8272,Train/mean_episode_length,1000.0
8272,Train/mean_reward,31.62655258178711
8366,Episode_Reward/action_rate_l2,-0.05098579451441765
8366,Episode_Reward/belly_contact_force,0.0
8366,Episode_Reward/dof_torques_l2,-0.25643956661224365
8366,Episode_Reward/lin_vel_z_l2,-0.01701350323855877
8366,Episode_Reward/track_ang_vel_z_exp,0.4650775194168091
8366,Episode_Reward/track_lin_vel_xy_miki,1.4429998397827148
8366,Episode_Reward/undesired_contacts,0.0
8366,Episode_Termination/base_contact,0.0
8366,Episode_Termination/head_contact,0.000244140625
8366,Episode_Termination/time_out,0.999755859375
8366,Loss/entropy,-8.841476440429688
8366,Loss/learning_rate,5.062499985797331e-05
8366,Loss/surrogate,-0.0041699786670506
8366,Loss/value,0.002121870405972004
8366,Metrics/base_velocity/error_vel_xy,0.086526058614254
8366,Metrics/base_velocity/error_vel_yaw,0.11107122153043747
8366,Metrics/success_rate,1.0
8366,Perf/collection_time,1.570770502090454
8366,Perf/learning_time,0.16284966468811035
8366,Perf/total_fps,56704.0
8366,Policy/mean_std,0.21644343435764313
8366,Train/mean_episode_length,1000.0
8366,Train/mean_episode_length/time,1000.0
8366,Train/mean_reward,31.745635986328125
8366,Train/mean_reward/time,30.8377685546875
8460,Episode_Reward/action_rate_l2,-0.05153808742761612
8460,Episode_Reward/belly_contact_force,0.0
8460,Episode_Reward/dof_torques_l2,-0.2543676793575287
8460,Episode_Reward/lin_vel_z_l2,-0.017121532931923866
8460,Episode_Reward/track_ang_vel_z_exp,0.4664890468120575
8460,Episode_Reward/track_lin_vel_xy_miki,1.4428822994232178
8460,Episode_Reward/undesired_contacts,0.0
8460,Episode_Termination/base_contact,0.0
8460,Episode_Termination/head_contact,0.0
8460,Episode_Termination/time_out,1.0
8460,Loss/entropy,-9.179008483886719
8460,Loss/learning_rate,5.062499985797331e-05
8460,Loss/surrogate,-0.004167135804891586
8460,Loss/value,0.002847427735105157
8460,Metrics/base_velocity/error_vel_xy,0.08581200242042542
8460,Metrics/base_velocity/error_vel_yaw,0.10832595825195312
8460,Metrics/success_rate,1.0
8460,Perf/collection_time,1.6364085674285889
8460,Perf/learning_time,0.1809086799621582
8460,Perf/total_fps,54092.0
8460,Policy/mean_std,0.21484452486038208
8460,Train/mean_episode_length,1000.0
8460,Train/mean_reward,31.7810115814209
8529,Train/mean_episode_length/time,1000.0
8529,Train/mean_reward/time,31.107759475708008
8554,Episode_Reward/action_rate_l2,-0.05019728094339371
8554,Episode_Reward/belly_contact_force,0.0
8554,Episode_Reward/dof_torques_l2,-0.2498398721218109
8554,Episode_Reward/lin_vel_z_l2,-0.016717705875635147
8554,Episode_Reward/track_ang_vel_z_exp,0.46596431732177734
8554,Episode_Reward/track_lin_vel_xy_miki,1.446660041809082
8554,Episode_Reward/undesired_contacts,0.0
8554,Episode_Termination/base_contact,0.0
8554,Episode_Termination/head_contact,0.0
8554,Episode_Termination/time_out,1.0
8554,Loss/entropy,-8.916316986083984
8554,Loss/learning_rate,3.3749998692655936e-05
8554,Loss/surrogate,-0.003748545655980706
8554,Loss/value,0.0030302261002361774
8554,Metrics/base_velocity/error_vel_xy,0.08112630248069763
8554,Metrics/base_velocity/error_vel_yaw,0.10939931869506836
8554,Metrics/success_rate,1.0
8554,Perf/collection_time,1.561147928237915
8554,Perf/learning_time,0.17308926582336426
8554,Perf/total_fps,56684.0
8554,Policy/mean_std,0.21619568765163422
8554,Train/mean_episode_length,1000.0
8554,Train/mean_reward,31.909984588623047
8648,Episode_Reward/action_rate_l2,-0.050035543739795685
8648,Episode_Reward/belly_contact_force,0.0
8648,Episode_Reward/dof_torques_l2,-0.2540362477302551
8648,Episode_Reward/lin_vel_z_l2,-0.016948556527495384
8648,Episode_Reward/track_ang_vel_z_exp,0.4653937816619873
8648,Episode_Reward/track_lin_vel_xy_miki,1.444899320602417
8648,Episode_Reward/undesired_contacts,0.0
8648,Episode_Termination/base_contact,0.0
8648,Episode_Termination/head_contact,0.000244140625
8648,Episode_Termination/time_out,0.999755859375
8648,Loss/entropy,-8.913329124450684
8648,Loss/learning_rate,5.062499985797331e-05
8648,Loss/surrogate,-0.003510876325890422
8648,Loss/value,0.0023933618795126677
8648,Metrics/base_velocity/error_vel_xy,0.08445566892623901
8648,Metrics/base_velocity/error_vel_yaw,0.11041917651891708
8648,Metrics/success_rate,1.0
8648,Perf/collection_time,1.5339319705963135
8648,Perf/learning_time,0.1579592227935791
8648,Perf/total_fps,58103.0
8648,Policy/mean_std,0.21585358679294586
8648,Train/mean_episode_length,1000.0
8648,Train/mean_reward,31.780662536621094
8694,Train/mean_episode_length/time,1000.0
8694,Train/mean_reward/time,31.072690963745117
8742,Episode_Reward/action_rate_l2,-0.04953273385763168
8742,Episode_Reward/belly_contact_force,0.0
8742,Episode_Reward/dof_torques_l2,-0.2509208917617798
8742,Episode_Reward/lin_vel_z_l2,-0.017088046297430992
8742,Episode_Reward/track_ang_vel_z_exp,0.4655640125274658
8742,Episode_Reward/track_lin_vel_xy_miki,1.4441407918930054
8742,Episode_Reward/undesired_contacts,0.0
8742,Episode_Termination/base_contact,0.0
8742,Episode_Termination/head_contact,0.0
8742,Episode_Termination/time_out,1.0
8742,Loss/entropy,-8.969066619873047
8742,Loss/learning_rate,5.062499985797331e-05
8742,Loss/surrogate,-0.004239286761730909
8742,Loss/value,0.002248908393085003
8742,Metrics/base_velocity/error_vel_xy,0.08475678414106369
8742,Metrics/base_velocity/error_vel_yaw,0.11013317108154297
8742,Metrics/success_rate,1.0
8742,Perf/collection_time,1.5328431129455566
8742,Perf/learning_time,0.16918420791625977
8742,Perf/total_fps,57757.0
8742,Policy/mean_std,0.21603313088417053
8742,Train/mean_episode_length,1000.0
8742,Train/mean_reward,31.82354736328125
8836,Episode_Reward/action_rate_l2,-0.049575529992580414
8836,Episode_Reward/belly_contact_force,0.0
8836,Episode_Reward/dof_torques_l2,-0.2479628026485443
8836,Episode_Reward/lin_vel_z_l2,-0.016743052750825882
8836,Episode_Reward/track_ang_vel_z_exp,0.4660356938838959
8836,Episode_Reward/track_lin_vel_xy_miki,1.4433941841125488
8836,Episode_Reward/undesired_contacts,0.0
8836,Episode_Termination/base_contact,0.0
8836,Episode_Termination/head_contact,0.0
8836,Episode_Termination/time_out,1.0
8836,Loss/entropy,-9.013111114501953
8836,Loss/learning_rate,7.593750342493877e-05
8836,Loss/surrogate,-0.0033445784356445074
8836,Loss/value,0.0022642214316874743
8836,Metrics/base_velocity/error_vel_xy,0.08418251574039459
8836,Metrics/base_velocity/error_vel_yaw,0.10925649106502533
8836,Metrics/success_rate,1.0
8836,Perf/collection_time,1.6705601215362549
8836,Perf/learning_time,0.1870584487915039
8836,Perf/total_fps,52919.0
8836,Policy/mean_std,0.21520227193832397
8836,Train/mean_episode_length,1000.0
8836,Train/mean_reward,31.954635620117188
8857,Train/mean_episode_length/time,1000.0
8857,Train/mean_reward/time,31.11119270324707
8930,Episode_Reward/action_rate_l2,-0.05065162479877472
8930,Episode_Reward/belly_contact_force,0.0
8930,Episode_Reward/dof_torques_l2,-0.25508832931518555
8930,Episode_Reward/lin_vel_z_l2,-0.017519360408186913
8930,Episode_Reward/track_ang_vel_z_exp,0.4611205756664276
8930,Episode_Reward/track_lin_vel_xy_miki,1.4275212287902832
8930,Episode_Reward/undesired_contacts,0.0
8930,Episode_Termination/base_contact,0.0
8930,Episode_Termination/head_contact,5.086263263365254e-05
8930,Episode_Termination/time_out,0.9999491572380066
8930,Loss/entropy,-8.926058769226074
8930,Loss/learning_rate,7.593750342493877e-05
8930,Loss/surrogate,-0.004044791217893362
8930,Loss/value,0.0016662604175508022
8930,Metrics/base_velocity/error_vel_xy,0.0891171544790268
8930,Metrics/base_velocity/error_vel_yaw,0.11079010367393494
8930,Metrics/success_rate,1.0
8930,Perf/collection_time,1.5757544040679932
8930,Perf/learning_time,0.16341423988342285
8930,Perf/total_fps,56523.0
8930,Policy/mean_std,0.21540473401546478
8930,Train/mean_episode_length,995.6599731445312
8930,Train/mean_reward,31.529640197753906
9023,Train/mean_episode_length/time,1000.0
9023,Train/mean_reward/time,30.868928909301758
9024,Episode_Reward/action_rate_l2,-0.049971215426921844
9024,Episode_Reward/belly_contact_force,0.0
9024,Episode_Reward/dof_torques_l2,-0.24765655398368835
9024,Episode_Reward/lin_vel_z_l2,-0.016716159880161285
9024,Episode_Reward/track_ang_vel_z_exp,0.46612605452537537
9024,Episode_Reward/track_lin_vel_xy_miki,1.4446015357971191
9024,Episode_Reward/undesired_contacts,0.0
9024,Episode_Termination/base_contact,0.0
9024,Episode_Termination/head_contact,0.00048828125
9024,Episode_Termination/time_out,0.99951171875
9024,Loss/entropy,-9.129767417907715
9024,Loss/learning_rate,2.2500000341096893e-05
9024,Loss/surrogate,-0.0033079050481319427
9024,Loss/value,0.0022499242331832647
9024,Metrics/base_velocity/error_vel_xy,0.08352469652891159
9024,Metrics/base_velocity/error_vel_yaw,0.10909970849752426
9024,Metrics/success_rate,1.0
9024,Perf/collection_time,1.578272819519043
9024,Perf/learning_time,0.1658766269683838
9024,Perf/total_fps,56362.0
9024,Policy/mean_std,0.2145587056875229
9024,Train/mean_episode_length,1000.0
9024,Train/mean_reward,31.98375129699707
9118,Episode_Reward/action_rate_l2,-0.04776238650083542
9118,Episode_Reward/belly_contact_force,0.0
9118,Episode_Reward/dof_torques_l2,-0.24429701268672943
9118,Episode_Reward/lin_vel_z_l2,-0.016080601140856743
9118,Episode_Reward/track_ang_vel_z_exp,0.46617114543914795
9118,Episode_Reward/track_lin_vel_xy_miki,1.4469387531280518
9118,Episode_Reward/undesired_contacts,0.0
9118,Episode_Termination/base_contact,0.0
9118,Episode_Termination/head_contact,0.00048828125
9118,Episode_Termination/time_out,0.99951171875
9118,Loss/entropy,-8.96784496307373
9118,Loss/learning_rate,7.593750342493877e-05
9118,Loss/surrogate,-0.004476348869502544
9118,Loss/value,0.002544260350987315
9118,Metrics/base_velocity/error_vel_xy,0.0810994803905487
9118,Metrics/base_velocity/error_vel_yaw,0.10900776088237762
9118,Metrics/success_rate,1.0
9118,Perf/collection_time,1.558142900466919
9118,Perf/learning_time,0.1663968563079834
9118,Perf/total_fps,57003.0
9118,Policy/mean_std,0.21529456973075867
9118,Train/mean_episode_length,1000.0
9118,Train/mean_reward,32.03965377807617
9186,Train/mean_episode_length/time,1000.0
9186,Train/mean_reward/time,31.046592712402344
9212,Episode_Reward/action_rate_l2,-0.04932577908039093
9212,Episode_Reward/belly_contact_force,0.0
9212,Episode_Reward/dof_torques_l2,-0.2515791356563568
9212,Episode_Reward/lin_vel_z_l2,-0.016282744705677032
9212,Episode_Reward/track_ang_vel_z_exp,0.4654311537742615
9212,Episode_Reward/track_lin_vel_xy_miki,1.4404101371765137
9212,Episode_Reward/undesired_contacts,0.0
9212,Episode_Termination/base_contact,0.0
9212,Episode_Termination/head_contact,0.0
9212,Episode_Termination/time_out,1.0
9212,Loss/entropy,-9.009866714477539
9212,Loss/learning_rate,5.062499985797331e-05
9212,Loss/surrogate,-0.0036135753616690636
9212,Loss/value,0.0028092116117477417
9212,Metrics/base_velocity/error_vel_xy,0.0867096409201622
9212,Metrics/base_velocity/error_vel_yaw,0.11022292077541351
9212,Metrics/success_rate,1.0
9212,Perf/collection_time,1.757420539855957
9212,Perf/learning_time,0.21817708015441895
9212,Perf/total_fps,49759.0
9212,Policy/mean_std,0.2149006575345993
9212,Train/mean_episode_length,1000.0
9212,Train/mean_reward,31.7528076171875
9306,Episode_Reward/action_rate_l2,-0.049643151462078094
9306,Episode_Reward/belly_contact_force,0.0
9306,Episode_Reward/dof_torques_l2,-0.2501162886619568
9306,Episode_Reward/lin_vel_z_l2,-0.01751980185508728
9306,Episode_Reward/track_ang_vel_z_exp,0.46569299697875977
9306,Episode_Reward/track_lin_vel_xy_miki,1.4423469305038452
9306,Episode_Reward/undesired_contacts,0.0
9306,Episode_Termination/base_contact,0.0
9306,Episode_Termination/head_contact,0.00048828125
9306,Episode_Termination/time_out,0.99951171875
9306,Loss/entropy,-9.055238723754883
9306,Loss/learning_rate,7.593750342493877e-05
9306,Loss/surrogate,-0.004556450992822647
9306,Loss/value,0.0020642683375626802
9306,Metrics/base_velocity/error_vel_xy,0.08608673512935638
9306,Metrics/base_velocity/error_vel_yaw,0.10988136380910873
9306,Metrics/success_rate,1.0
9306,Perf/collection_time,1.5647144317626953
9306,Perf/learning_time,0.16357684135437012
9306,Perf/total_fps,56879.0
9306,Policy/mean_std,0.21517711877822876
9306,Train/mean_episode_length,1000.0
9306,Train/mean_reward,31.844186782836914
9350,Train/mean_episode_length/time,1000.0
9350,Train/mean_reward/time,31.16438865661621
9400,Episode_Reward/action_rate_l2,-0.049239397048950195
9400,Episode_Reward/belly_contact_force,0.0
9400,Episode_Reward/dof_torques_l2,-0.24715110659599304
9400,Episode_Reward/lin_vel_z_l2,-0.016878260299563408
9400,Episode_Reward/track_ang_vel_z_exp,0.46593087911605835
9400,Episode_Reward/track_lin_vel_xy_miki,1.4469499588012695
9400,Episode_Reward/undesired_contacts,0.0
9400,Episode_Termination/base_contact,0.0
9400,Episode_Termination/head_contact,0.00048828125
9400,Episode_Termination/time_out,0.99951171875
9400,Loss/entropy,-8.978827476501465
9400,Loss/learning_rate,3.3749998692655936e-05
9400,Loss/surrogate,-0.004197361879050732
9400,Loss/value,0.0021597782615572214
9400,Metrics/base_velocity/error_vel_xy,0.08269559592008591
9400,Metrics/base_velocity/error_vel_yaw,0.10940059274435043
9400,Metrics/success_rate,1.0
9400,Perf/collection_time,1.5405583381652832
9400,Perf/learning_time,0.16020441055297852
9400,Perf/total_fps,57799.0
9400,Policy/mean_std,0.21524077653884888
9400,Train/mean_episode_length,1000.0
9400,Train/mean_reward,31.93868064880371
9494,Episode_Reward/action_rate_l2,-0.050334375351667404
9494,Episode_Reward/belly_contact_force,0.0
9494,Episode_Reward/dof_torques_l2,-0.25206393003463745
9494,Episode_Reward/lin_vel_z_l2,-0.016701528802514076
9494,Episode_Reward/track_ang_vel_z_exp,0.46578654646873474
9494,Episode_Reward/track_lin_vel_xy_miki,1.4428237676620483
9494,Episode_Reward/undesired_contacts,0.0
9494,Episode_Termination/base_contact,0.0
9494,Episode_Termination/head_contact,0.000244140625
9494,Episode_Termination/time_out,0.999755859375
9494,Loss/entropy,-8.99165153503418
9494,Loss/learning_rate,7.593750342493877e-05
9494,Loss/surrogate,-0.0037618866190314293
9494,Loss/value,0.0021929002832621336
9494,Metrics/base_velocity/error_vel_xy,0.08568170666694641
9494,Metrics/base_velocity/error_vel_yaw,0.1096828505396843
9494,Metrics/success_rate,1.0
9494,Perf/collection_time,1.5447454452514648
9494,Perf/learning_time,0.15726208686828613
9494,Perf/total_fps,57757.0
9494,Policy/mean_std,0.21510498225688934
9494,Train/mean_episode_length,1000.0
9494,Train/mean_reward,31.780744552612305
9514,Train/mean_episode_length/time,1000.0
9514,Train/mean_reward/time,31.030851364135742
9588,Episode_Reward/action_rate_l2,-0.051441386342048645
9588,Episode_Reward/belly_contact_force,0.0
9588,Episode_Reward/dof_torques_l2,-0.25258082151412964
9588,Episode_Reward/lin_vel_z_l2,-0.016795523464679718
9588,Episode_Reward/track_ang_vel_z_exp,0.46589547395706177
9588,Episode_Reward/track_lin_vel_xy_miki,1.4429998397827148
9588,Episode_Reward/undesired_contacts,0.0
9588,Episode_Termination/base_contact,0.0
9588,Episode_Termination/head_contact,0.000244140625
9588,Episode_Termination/time_out,0.999755859375
9588,Loss/entropy,-9.050159454345703
9588,Loss/learning_rate,7.593750342493877e-05
9588,Loss/surrogate,-0.0044996477663517
9588,Loss/value,0.0022063832730054855
9588,Metrics/base_velocity/error_vel_xy,0.08615057170391083
9588,Metrics/base_velocity/error_vel_yaw,0.10948972404003143
9588,Metrics/success_rate,1.0
9588,Perf/collection_time,1.531674861907959
9588,Perf/learning_time,0.1707155704498291
9588,Perf/total_fps,57744.0
9588,Policy/mean_std,0.2138785570859909
9588,Train/mean_episode_length,1000.0
9588,Train/mean_reward,31.787269592285156
9677,Train/mean_episode_length/time,1000.0
9677,Train/mean_reward/time,30.96889305114746
9682,Episode_Reward/action_rate_l2,-0.04783465713262558
9682,Episode_Reward/belly_contact_force,0.0
9682,Episode_Reward/dof_torques_l2,-0.24604420363903046
9682,Episode_Reward/lin_vel_z_l2,-0.016461700201034546
9682,Episode_Reward/track_ang_vel_z_exp,0.4657623767852783
9682,Episode_Reward/track_lin_vel_xy_miki,1.446529746055603
9682,Episode_Reward/undesired_contacts,0.0
9682,Episode_Termination/base_contact,0.0
9682,Episode_Termination/head_contact,0.000244140625
9682,Episode_Termination/time_out,0.999755859375
9682,Loss/entropy,-9.299978256225586
9682,Loss/learning_rate,7.593750342493877e-05
9682,Loss/surrogate,-0.0048193722032010555
9682,Loss/value,0.0024065952748060226
9682,Metrics/base_velocity/error_vel_xy,0.08233819156885147
9682,Metrics/base_velocity/error_vel_yaw,0.10970465838909149
9682,Metrics/success_rate,1.0
9682,Perf/collection_time,1.7219974994659424
9682,Perf/learning_time,0.19783329963684082
9682,Perf/total_fps,51204.0
9682,Policy/mean_std,0.2127118706703186
9682,Train/mean_episode_length,1000.0
9682,Train/mean_reward,31.97807502746582
9776,Episode_Reward/action_rate_l2,-0.050682246685028076
9776,Episode_Reward/belly_contact_force,0.0
9776,Episode_Reward/dof_torques_l2,-0.2483242005109787
9776,Episode_Reward/lin_vel_z_l2,-0.016432492062449455
9776,Episode_Reward/track_ang_vel_z_exp,0.46589821577072144
9776,Episode_Reward/track_lin_vel_xy_miki,1.4439642429351807
9776,Episode_Reward/undesired_contacts,0.0
9776,Episode_Termination/base_contact,0.0
9776,Episode_Termination/head_contact,0.000244140625
9776,Episode_Termination/time_out,0.999755859375
9776,Loss/entropy,-9.330198287963867
9776,Loss/learning_rate,5.062499985797331e-05
9776,Loss/surrogate,-0.0035177154932171106
9776,Loss/value,0.0019010910764336586
9776,Metrics/base_velocity/error_vel_xy,0.08355116099119186
9776,Metrics/base_velocity/error_vel_yaw,0.10955800861120224
9776,Metrics/success_rate,1.0
9776,Perf/collection_time,1.5577757358551025
9776,Perf/learning_time,0.1669161319732666
9776,Perf/total_fps,56998.0
9776,Policy/mean_std,0.21246953308582306
9776,Train/mean_episode_length,1000.0
9776,Train/mean_reward,31.93301773071289
9840,Train/mean_episode_length/time,1000.0
9840,Train/mean_reward/time,31.34000015258789
9870,Episode_Reward/action_rate_l2,-0.048361219465732574
9870,Episode_Reward/belly_contact_force,0.0
9870,Episode_Reward/dof_torques_l2,-0.24389493465423584
9870,Episode_Reward/lin_vel_z_l2,-0.01639409177005291
9870,Episode_Reward/track_ang_vel_z_exp,0.46544426679611206
9870,Episode_Reward/track_lin_vel_xy_miki,1.4462779760360718
9870,Episode_Reward/undesired_contacts,0.0
9870,Episode_Termination/base_contact,0.0
9870,Episode_Termination/head_contact,0.0
9870,Episode_Termination/time_out,1.0
9870,Loss/entropy,-9.335209846496582
9870,Loss/learning_rate,3.3749998692655936e-05
9870,Loss/surrogate,-0.0034614752512425184
9870,Loss/value,0.0021658819168806076
9870,Metrics/base_velocity/error_vel_xy,0.08272113651037216
9870,Metrics/base_velocity/error_vel_yaw,0.11035033315420151
9870,Metrics/success_rate,1.0
9870,Perf/collection_time,1.5733163356781006
9870,Perf/learning_time,0.16525983810424805
9870,Perf/total_fps,56542.0
9870,Policy/mean_std,0.21261711418628693
9870,Train/mean_episode_length,1000.0
9870,Train/mean_reward,32.08302307128906
9964,Episode_Reward/action_rate_l2,-0.04913946986198425
9964,Episode_Reward/belly_contact_force,0.0
9964,Episode_Reward/dof_torques_l2,-0.24493831396102905
9964,Episode_Reward/lin_vel_z_l2,-0.01644900068640709
9964,Episode_Reward/track_ang_vel_z_exp,0.4657219350337982
9964,Episode_Reward/track_lin_vel_xy_miki,1.4468426704406738
9964,Episode_Reward/undesired_contacts,0.0
9964,Episode_Termination/base_contact,0.0
9964,Episode_Termination/head_contact,0.0
9964,Episode_Termination/time_out,1.0
9964,Loss/entropy,-9.34022045135498
9964,Loss/learning_rate,5.062499985797331e-05
9964,Loss/surrogate,-0.003328309627249837
9964,Loss/value,0.0019327698973938823
9964,Metrics/base_velocity/error_vel_xy,0.08143983781337738
9964,Metrics/base_velocity/error_vel_yaw,0.10978120565414429
9964,Metrics/success_rate,1.0
9964,Perf/collection_time,1.5574593544006348
9964,Perf/learning_time,0.1676337718963623
9964,Perf/total_fps,56984.0
9964,Policy/mean_std,0.21245107054710388
9964,Train/mean_episode_length,1000.0
9964,Train/mean_reward,31.969642639160156
10003,Train/mean_episode_length/time,1000.0
10003,Train/mean_reward/time,31.10228729248047
10058,Episode_Reward/action_rate_l2,-0.050661128014326096
10058,Episode_Reward/belly_contact_force,0.0
10058,Episode_Reward/dof_torques_l2,-0.24981527030467987
10058,Episode_Reward/lin_vel_z_l2,-0.015856105834245682
10058,Episode_Reward/track_ang_vel_z_exp,0.4668167531490326
10058,Episode_Reward/track_lin_vel_xy_miki,1.4442548751831055
10058,Episode_Reward/undesired_contacts,0.0
10058,Episode_Termination/base_contact,0.0
10058,Episode_Termination/head_contact,0.0
10058,Episode_Termination/time_out,1.0
10058,Loss/entropy,-9.478954315185547
10058,Loss/learning_rate,3.3749998692655936e-05
10058,Loss/surrogate,-0.004057418555021286
10058,Loss/value,0.002201672876253724
10058,Metrics/base_velocity/error_vel_xy,0.08551725745201111
10058,Metrics/base_velocity/error_vel_yaw,0.1076970100402832
10058,Metrics/success_rate,1.0
10058,Perf/collection_time,1.6181230545043945
10058,Perf/learning_time,0.1617581844329834
10058,Perf/total_fps,55230.0
10058,Policy/mean_std,0.21197518706321716
10058,Train/mean_episode_length,1000.0
10058,Train/mean_reward,31.917797088623047
10152,Episode_Reward/action_rate_l2,-0.049618642777204514
10152,Episode_Reward/belly_contact_force,0.0
10152,Episode_Reward/dof_torques_l2,-0.2490522861480713
10152,Episode_Reward/lin_vel_z_l2,-0.016419051215052605
10152,Episode_Reward/track_ang_vel_z_exp,0.46619147062301636
10152,Episode_Reward/track_lin_vel_xy_miki,1.4428584575653076
10152,Episode_Reward/undesired_contacts,0.0
10152,Episode_Termination/base_contact,0.0
10152,Episode_Termination/head_contact,0.0
10152,Episode_Termination/time_out,1.0
10152,Loss/entropy,-9.588974952697754
10152,Loss/learning_rate,5.062499985797331e-05
10152,Loss/surrogate,-0.0036021743435412645
10152,Loss/value,0.0017200205475091934
10152,Metrics/base_velocity/error_vel_xy,0.0863812193274498
10152,Metrics/base_velocity/error_vel_yaw,0.10890571773052216
10152,Metrics/success_rate,1.0
10152,Perf/collection_time,1.5552794933319092
10152,Perf/learning_time,0.18346261978149414
10152,Perf/total_fps,56537.0
10152,Policy/mean_std,0.21097534894943237
10152,Train/mean_episode_length,1000.0
10152,Train/mean_reward,31.90721321105957
10167,Train/mean_episode_length/time,1000.0
10167,Train/mean_reward/time,31.262657165527344
10246,Episode_Reward/action_rate_l2,-0.04783804342150688
10246,Episode_Reward/belly_contact_force,0.0
10246,Episode_Reward/dof_torques_l2,-0.2429800033569336
10246,Episode_Reward/lin_vel_z_l2,-0.01558520644903183
10246,Episode_Reward/track_ang_vel_z_exp,0.4665622115135193
10246,Episode_Reward/track_lin_vel_xy_miki,1.4470489025115967
10246,Episode_Reward/undesired_contacts,0.0
10246,Episode_Termination/base_contact,0.0
10246,Episode_Termination/head_contact,0.000244140625
10246,Episode_Termination/time_out,0.999755859375
10246,Loss/entropy,-9.722578048706055
10246,Loss/learning_rate,5.062499985797331e-05
10246,Loss/surrogate,-0.003635314991697669
10246,Loss/value,0.002478343201801181
10246,Metrics/base_velocity/error_vel_xy,0.08113108575344086
10246,Metrics/base_velocity/error_vel_yaw,0.10831256210803986
10246,Metrics/success_rate,1.0
10246,Perf/collection_time,1.5470523834228516
10246,Perf/learning_time,0.16233253479003906
10246,Perf/total_fps,57508.0
10246,Policy/mean_std,0.2096288949251175
10246,Train/mean_episode_length,1000.0
10246,Train/mean_reward,32.109710693359375
10329,Train/mean_episode_length/time,1000.0
10329,Train/mean_reward/time,31.34927749633789
10340,Episode_Reward/action_rate_l2,-0.04780582711100578
10340,Episode_Reward/belly_contact_force,0.0
10340,Episode_Reward/dof_torques_l2,-0.24172982573509216
10340,Episode_Reward/lin_vel_z_l2,-0.015462050214409828
10340,Episode_Reward/track_ang_vel_z_exp,0.4670547842979431
10340,Episode_Reward/track_lin_vel_xy_miki,1.4480303525924683
10340,Episode_Reward/undesired_contacts,0.0
10340,Episode_Termination/base_contact,0.0
10340,Episode_Termination/head_contact,0.0
10340,Episode_Termination/time_out,1.0
10340,Loss/entropy,-9.905570030212402
10340,Loss/learning_rate,3.3749998692655936e-05
10340,Loss/surrogate,-0.003002178855240345
10340,Loss/value,0.001642736722715199
10340,Metrics/base_velocity/error_vel_xy,0.08066225051879883
10340,Metrics/base_velocity/error_vel_yaw,0.10758340358734131
10340,Metrics/success_rate,1.0
10340,Perf/collection_time,1.5585417747497559
10340,Perf/learning_time,0.15702271461486816
10340,Perf/total_fps,57301.0
10340,Policy/mean_std,0.20892523229122162
10340,Train/mean_episode_length,1000.0
10340,Train/mean_reward,32.1846809387207
10434,Episode_Reward/action_rate_l2,-0.04812479019165039
10434,Episode_Reward/belly_contact_force,0.0
10434,Episode_Reward/dof_torques_l2,-0.24430495500564575
10434,Episode_Reward/lin_vel_z_l2,-0.01568800024688244
10434,Episode_Reward/track_ang_vel_z_exp,0.4674662947654724
10434,Episode_Reward/track_lin_vel_xy_miki,1.447232961654663
10434,Episode_Reward/undesired_contacts,0.0
10434,Episode_Termination/base_contact,0.0
10434,Episode_Termination/head_contact,0.0
10434,Episode_Termination/time_out,1.0
10434,Loss/entropy,-9.985501289367676
10434,Loss/learning_rate,5.062499985797331e-05
10434,Loss/surrogate,-0.0036738829221576452
10434,Loss/value,0.0019140341319143772
10434,Metrics/base_velocity/error_vel_xy,0.08134717494249344
10434,Metrics/base_velocity/error_vel_yaw,0.10645890235900879
10434,Metrics/success_rate,1.0
10434,Perf/collection_time,1.6033954620361328
10434,Perf/learning_time,0.17852234840393066
10434,Perf/total_fps,55167.0
10434,Policy/mean_std,0.20842675864696503
10434,Train/mean_episode_length,1000.0
10434,Train/mean_reward,32.174560546875
10493,Train/mean_episode_length/time,1000.0
10493,Train/mean_reward/time,31.378042221069336
10528,Episode_Reward/action_rate_l2,-0.049677010625600815
10528,Episode_Reward/belly_contact_force,0.0
10528,Episode_Reward/dof_torques_l2,-0.24958036839962006
10528,Episode_Reward/lin_vel_z_l2,-0.016659468412399292
10528,Episode_Reward/track_ang_vel_z_exp,0.46749934554100037
10528,Episode_Reward/track_lin_vel_xy_miki,1.441895842552185
10528,Episode_Reward/undesired_contacts,0.0
10528,Episode_Termination/base_contact,0.0
10528,Episode_Termination/head_contact,0.0
10528,Episode_Termination/time_out,1.0
10528,Loss/entropy,-10.012584686279297
10528,Loss/learning_rate,3.3749998692655936e-05
10528,Loss/surrogate,-0.004320093430578709
10528,Loss/value,0.00192003115080297
10528,Metrics/base_velocity/error_vel_xy,0.08741496503353119
10528,Metrics/base_velocity/error_vel_yaw,0.10650269687175751
10528,Metrics/success_rate,1.0
10528,Perf/collection_time,1.5804736614227295
10528,Perf/learning_time,0.16157174110412598
10528,Perf/total_fps,56430.0
10528,Policy/mean_std,0.20858120918273926
10528,Train/mean_episode_length,1000.0
10528,Train/mean_reward,31.985567092895508
10622,Episode_Reward/action_rate_l2,-0.04826683551073074
10622,Episode_Reward/belly_contact_force,0.0
10622,Episode_Reward/dof_torques_l2,-0.2426341474056244
10622,Episode_Reward/lin_vel_z_l2,-0.016063304618000984
10622,Episode_Reward/track_ang_vel_z_exp,0.46700263023376465
10622,Episode_Reward/track_lin_vel_xy_miki,1.446352481842041
10622,Episode_Reward/undesired_contacts,0.0
10622,Episode_Termination/base_contact,0.0
10622,Episode_Termination/head_contact,0.000244140625
10622,Episode_Termination/time_out,0.999755859375
10622,Loss/entropy,-9.691800117492676
10622,Loss/learning_rate,5.062499985797331e-05
10622,Loss/surrogate,-0.003874079091474414
10622,Loss/value,0.0020261057652533054
10622,Metrics/base_velocity/error_vel_xy,0.0824243575334549
10622,Metrics/base_velocity/error_vel_yaw,0.10739144682884216
10622,Metrics/success_rate,1.0
10622,Perf/collection_time,1.5475037097930908
10622,Perf/learning_time,0.16482305526733398
10622,Perf/total_fps,57409.0
10622,Policy/mean_std,0.2101311981678009
10622,Train/mean_episode_length,1000.0
10622,Train/mean_reward,32.164093017578125
10657,Train/mean_episode_length/time,1000.0
10657,Train/mean_reward/time,31.33543586730957
10716,Episode_Reward/action_rate_l2,-0.04791617393493652
10716,Episode_Reward/belly_contact_force,0.0
10716,Episode_Reward/dof_torques_l2,-0.24092745780944824
10716,Episode_Reward/lin_vel_z_l2,-0.015883438289165497
10716,Episode_Reward/track_ang_vel_z_exp,0.4664945602416992
10716,Episode_Reward/track_lin_vel_xy_miki,1.448560118675232
10716,Episode_Reward/undesired_contacts,0.0
10716,Episode_Termination/base_contact,0.0
10716,Episode_Termination/head_contact,0.00048828125
10716,Episode_Termination/time_out,0.99951171875
10716,Loss/entropy,-9.670804977416992
10716,Loss/learning_rate,5.062499985797331e-05
10716,Loss/surrogate,-0.004308904055505991
10716,Loss/value,0.00217861938290298
10716,Metrics/base_velocity/error_vel_xy,0.08013652265071869
10716,Metrics/base_velocity/error_vel_yaw,0.10854987800121307
10716,Metrics/success_rate,1.0
10716,Perf/collection_time,1.5644118785858154
10716,Perf/learning_time,0.15823769569396973
10716,Perf/total_fps,57065.0
10716,Policy/mean_std,0.21009182929992676
10716,Train/mean_episode_length,1000.0
10716,Train/mean_reward,32.20045471191406
10810,Episode_Reward/action_rate_l2,-0.049099355936050415
10810,Episode_Reward/belly_contact_force,0.0
10810,Episode_Reward/dof_torques_l2,-0.24506506323814392
10810,Episode_Reward/lin_vel_z_l2,-0.016207534819841385
10810,Episode_Reward/track_ang_vel_z_exp,0.4667557179927826
10810,Episode_Reward/track_lin_vel_xy_miki,1.444955825805664
10810,Episode_Reward/undesired_contacts,0.0
10810,Episode_Termination/base_contact,0.0
10810,Episode_Termination/head_contact,0.0
10810,Episode_Termination/time_out,1.0
10810,Loss/entropy,-9.823546409606934
10810,Loss/learning_rate,7.593750342493877e-05
10810,Loss/surrogate,-0.00385195086710155
10810,Loss/value,0.0021928120404481888
10810,Metrics/base_velocity/error_vel_xy,0.08406879752874374
10810,Metrics/base_velocity/error_vel_yaw,0.10778158903121948
10810,Metrics/success_rate,1.0
10810,Perf/collection_time,1.576082706451416
10810,Perf/learning_time,0.17366695404052734
10810,Perf/total_fps,56181.0
10810,Policy/mean_std,0.20912900567054749
10810,Train/mean_episode_length,1000.0
10810,Train/mean_reward,32.05143737792969
10821,Train/mean_episode_length/time,1000.0
10821,Train/mean_reward/time,31.24665641784668
10904,Episode_Reward/action_rate_l2,-0.0510864183306694
10904,Episode_Reward/belly_contact_force,0.0
10904,Episode_Reward/dof_torques_l2,-0.24451684951782227
10904,Episode_Reward/lin_vel_z_l2,-0.01578815095126629
10904,Episode_Reward/track_ang_vel_z_exp,0.46765631437301636
10904,Episode_Reward/track_lin_vel_xy_miki,1.4466241598129272
10904,Episode_Reward/undesired_contacts,0.0
10904,Episode_Termination/base_contact,0.0
10904,Episode_Termination/head_contact,0.000244140625
10904,Episode_Termination/time_out,0.999755859375
10904,Loss/entropy,-9.756974220275879
10904,Loss/learning_rate,3.3749998692655936e-05
10904,Loss/surrogate,-0.0036269177217036486
10904,Loss/value,0.002091069472953677
10904,Metrics/base_velocity/error_vel_xy,0.08238689601421356
10904,Metrics/base_velocity/error_vel_yaw,0.10624951124191284
10904,Metrics/success_rate,1.0
10904,Perf/collection_time,1.5618069171905518
10904,Perf/learning_time,0.17380380630493164
10904,Perf/total_fps,56639.0
10904,Policy/mean_std,0.20995640754699707
10904,Train/mean_episode_length,1000.0
10904,Train/mean_reward,32.12966537475586
10985,Train/mean_episode_length/time,1000.0
10985,Train/mean_reward/time,31.38341522216797
10998,Episode_Reward/action_rate_l2,-0.04890084266662598
10998,Episode_Reward/belly_contact_force,0.0
10998,Episode_Reward/dof_torques_l2,-0.24250668287277222
10998,Episode_Reward/lin_vel_z_l2,-0.016035882756114006
10998,Episode_Reward/track_ang_vel_z_exp,0.466892808675766
10998,Episode_Reward/track_lin_vel_xy_miki,1.444589614868164
10998,Episode_Reward/undesired_contacts,0.0
10998,Episode_Termination/base_contact,0.0
10998,Episode_Termination/head_contact,0.0
10998,Episode_Termination/time_out,1.0
10998,Loss/entropy,-9.617356300354004
10998,Loss/learning_rate,7.593750342493877e-05
10998,Loss/surrogate,-0.0035212822258472443
10998,Loss/value,0.0019883504137396812
10998,Metrics/base_velocity/error_vel_xy,0.08408357948064804
10998,Metrics/base_velocity/error_vel_yaw,0.1077316626906395
10998,Metrics/success_rate,1.0
10998,Perf/collection_time,1.5606496334075928
10998,Perf/learning_time,0.18202662467956543
10998,Perf/total_fps,56409.0
10998,Policy/mean_std,0.21060742437839508
10998,Train/mean_episode_length,1000.0
10998,Train/mean_reward,32.07950210571289
11092,Episode_Reward/action_rate_l2,-0.049564000219106674
11092,Episode_Reward/belly_contact_force,0.0
11092,Episode_Reward/dof_torques_l2,-0.24206101894378662
11092,Episode_Reward/lin_vel_z_l2,-0.01576710306107998
11092,Episode_Reward/track_ang_vel_z_exp,0.4671190679073334
11092,Episode_Reward/track_lin_vel_xy_miki,1.4466943740844727
11092,Episode_Reward/undesired_contacts,0.0
11092,Episode_Termination/base_contact,0.0
11092,Episode_Termination/head_contact,0.0
11092,Episode_Termination/time_out,1.0
11092,Loss/entropy,-10.024003982543945
11092,Loss/learning_rate,3.3749998692655936e-05
11092,Loss/surrogate,-0.004371728748083115
11092,Loss/value,0.001868742285296321
11092,Metrics/base_velocity/error_vel_xy,0.08156191557645798
11092,Metrics/base_velocity/error_vel_yaw,0.10723529756069183
11092,Metrics/success_rate,1.0
11092,Perf/collection_time,1.5362889766693115
11092,Perf/learning_time,0.16810011863708496
11092,Perf/total_fps,57676.0
11092,Policy/mean_std,0.20837847888469696
11092,Train/mean_episode_length,1000.0
11092,Train/mean_reward,32.17290115356445
11148,Train/mean_episode_length/time,1000.0
11148,Train/mean_reward/time,31.182790756225586
11186,Episode_Reward/action_rate_l2,-0.047509416937828064
11186,Episode_Reward/belly_contact_force,0.0
11186,Episode_Reward/dof_torques_l2,-0.2372027337551117
11186,Episode_Reward/lin_vel_z_l2,-0.01580622047185898
11186,Episode_Reward/track_ang_vel_z_exp,0.46768707036972046
11186,Episode_Reward/track_lin_vel_xy_miki,1.4478100538253784
11186,Episode_Reward/undesired_contacts,0.0
11186,Episode_Termination/base_contact,0.0
11186,Episode_Termination/head_contact,0.0
11186,Episode_Termination/time_out,1.0
11186,Loss/entropy,-10.024404525756836
11186,Loss/learning_rate,3.3749998692655936e-05
11186,Loss/surrogate,-0.004213786218315363
11186,Loss/value,0.0018535495037212968
11186,Metrics/base_velocity/error_vel_xy,0.0805770605802536
11186,Metrics/base_velocity/error_vel_yaw,0.10629785060882568
11186,Metrics/success_rate,1.0
11186,Perf/collection_time,1.5832853317260742
11186,Perf/learning_time,0.16272306442260742
11186,Perf/total_fps,56302.0
11186,Policy/mean_std,0.20805388689041138
11186,Train/mean_episode_length,1000.0
11186,Train/mean_reward,32.26373291015625
11280,Episode_Reward/action_rate_l2,-0.04780708998441696
11280,Episode_Reward/belly_contact_force,0.0
11280,Episode_Reward/dof_torques_l2,-0.23990623652935028
11280,Episode_Reward/lin_vel_z_l2,-0.015231568366289139
11280,Episode_Reward/track_ang_vel_z_exp,0.46726155281066895
11280,Episode_Reward/track_lin_vel_xy_miki,1.446629524230957
11280,Episode_Reward/undesired_contacts,0.0
11280,Episode_Termination/base_contact,0.0
11280,Episode_Termination/head_contact,0.00014241537428461015
11280,Episode_Termination/time_out,0.9998576045036316
11280,Loss/entropy,-9.830108642578125
11280,Loss/learning_rate,5.062499985797331e-05
11280,Loss/surrogate,-0.0038345279172062874
11280,Loss/value,0.00249720411375165
11280,Metrics/base_velocity/error_vel_xy,0.08172088861465454
11280,Metrics/base_velocity/error_vel_yaw,0.10694875568151474
11280,Metrics/success_rate,1.0
11280,Perf/collection_time,1.5379462242126465
11280,Perf/learning_time,0.1757795810699463
11280,Perf/total_fps,57362.0
11280,Policy/mean_std,0.20922894775867462
11280,Train/mean_episode_length,1000.0
11280,Train/mean_reward,32.17655944824219
11313,Train/mean_episode_length/time,1000.0
11313,Train/mean_reward/time,31.247798919677734
11374,Episode_Reward/action_rate_l2,-0.046988993883132935
11374,Episode_Reward/belly_contact_force,0.0
11374,Episode_Reward/dof_torques_l2,-0.23810206353664398
11374,Episode_Reward/lin_vel_z_l2,-0.01551951002329588
11374,Episode_Reward/track_ang_vel_z_exp,0.46762117743492126
11374,Episode_Reward/track_lin_vel_xy_miki,1.4494531154632568
11374,Episode_Reward/undesired_contacts,0.0
11374,Episode_Termination/base_contact,0.0
11374,Episode_Termination/head_contact,0.000732421875
11374,Episode_Termination/time_out,0.999267578125
11374,Loss/entropy,-9.773533821105957
11374,Loss/learning_rate,3.3749998692655936e-05
11374,Loss/surrogate,-0.003970179706811905
11374,Loss/value,0.0016561895608901978
11374,Metrics/base_velocity/error_vel_xy,0.07880039513111115
11374,Metrics/base_velocity/error_vel_yaw,0.10630357265472412
11374,Metrics/success_rate,1.0
11374,Perf/collection_time,1.5790212154388428
11374,Perf/learning_time,0.18751096725463867
11374,Perf/total_fps,55648.0
11374,Policy/mean_std,0.2094542682170868
11374,Train/mean_episode_length,1000.0
11374,Train/mean_reward,32.265098571777344
11468,Episode_Reward/action_rate_l2,-0.04760675132274628
11468,Episode_Reward/belly_contact_force,0.0
11468,Episode_Reward/dof_torques_l2,-0.2365170121192932
11468,Episode_Reward/lin_vel_z_l2,-0.015073093585669994
11468,Episode_Reward/track_ang_vel_z_exp,0.46748480200767517
11468,Episode_Reward/track_lin_vel_xy_miki,1.4489549398422241
11468,Episode_Reward/undesired_contacts,0.0
11468,Episode_Termination/base_contact,0.0
11468,Episode_Termination/head_contact,0.000244140625
11468,Episode_Termination/time_out,0.999755859375
11468,Loss/entropy,-10.15528678894043
11468,Loss/learning_rate,5.062499985797331e-05
11468,Loss/surrogate,-0.004324791487306356
11468,Loss/value,0.0022798143327236176
11468,Metrics/base_velocity/error_vel_xy,0.07937945425510406
11468,Metrics/base_velocity/error_vel_yaw,0.10671438276767731
11468,Metrics/success_rate,1.0
11468,Perf/collection_time,1.5686585903167725
11468,Perf/learning_time,0.16887450218200684
11468,Perf/total_fps,56576.0
11468,Policy/mean_std,0.20756970345973969
11468,Train/mean_episode_length,1000.0
11468,Train/mean_reward,32.2985725402832
11476,Train/mean_episode_length/time,993.4500122070312
11476,Train/mean_reward/time,30.86737823486328
11562,Episode_Reward/action_rate_l2,-0.04713206738233566
11562,Episode_Reward/belly_contact_force,0.0
11562,Episode_Reward/dof_torques_l2,-0.23678088188171387
11562,Episode_Reward/lin_vel_z_l2,-0.015593322925269604
11562,Episode_Reward/track_ang_vel_z_exp,0.4670265316963196
11562,Episode_Reward/track_lin_vel_xy_miki,1.4486812353134155
11562,Episode_Reward/undesired_contacts,0.0
11562,Episode_Termination/base_contact,0.0
11562,Episode_Termination/head_contact,0.0
11562,Episode_Termination/time_out,1.0
11562,Loss/entropy,-9.951464653015137
11562,Loss/learning_rate,3.3749998692655936e-05
11562,Loss/surrogate,-0.0033290123101323843
11562,Loss/value,0.0018854691879823804
11562,Metrics/base_velocity/error_vel_xy,0.08069940656423569
11562,Metrics/base_velocity/error_vel_yaw,0.1075369119644165
11562,Metrics/success_rate,1.0
11562,Perf/collection_time,1.615302324295044
11562,Perf/learning_time,0.17518997192382812
11562,Perf/total_fps,54903.0
11562,Policy/mean_std,0.2085450142621994
11562,Train/mean_episode_length,1000.0
11562,Train/mean_reward,32.295902252197266
11640,Train/mean_episode_length/time,1000.0
11640,Train/mean_reward/time,31.479944229125977
11656,Episode_Reward/action_rate_l2,-0.04654471576213837
11656,Episode_Reward/belly_contact_force,0.0
11656,Episode_Reward/dof_torques_l2,-0.2401857227087021
11656,Episode_Reward/lin_vel_z_l2,-0.01576966792345047
11656,Episode_Reward/track_ang_vel_z_exp,0.4666399359703064
11656,Episode_Reward/track_lin_vel_xy_miki,1.4459092617034912
11656,Episode_Reward/undesired_contacts,0.0
11656,Episode_Termination/base_contact,0.0
11656,Episode_Termination/head_contact,0.0
11656,Episode_Termination/time_out,1.0
11656,Loss/entropy,-9.936803817749023
11656,Loss/learning_rate,3.3749998692655936e-05
11656,Loss/surrogate,-0.004576205741614103
11656,Loss/value,0.0022051071282476187
11656,Metrics/base_velocity/error_vel_xy,0.08209094405174255
11656,Metrics/base_velocity/error_vel_yaw,0.10811495780944824
11656,Metrics/success_rate,1.0
11656,Perf/collection_time,1.646691083908081
11656,Perf/learning_time,0.173811674118042
11656,Perf/total_fps,53998.0
11656,Policy/mean_std,0.20796382427215576
11656,Train/mean_episode_length,1000.0
11656,Train/mean_reward,32.18782424926758
11750,Episode_Reward/action_rate_l2,-0.046732962131500244
11750,Episode_Reward/belly_contact_force,0.0
11750,Episode_Reward/dof_torques_l2,-0.2406272143125534
11750,Episode_Reward/lin_vel_z_l2,-0.015557567588984966
11750,Episode_Reward/track_ang_vel_z_exp,0.4673433303833008
11750,Episode_Reward/track_lin_vel_xy_miki,1.4461002349853516
11750,Episode_Reward/undesired_contacts,0.0
11750,Episode_Termination/base_contact,0.0
11750,Episode_Termination/head_contact,0.000244140625
11750,Episode_Termination/time_out,0.999755859375
11750,Loss/entropy,-9.98126220703125
11750,Loss/learning_rate,3.3749998692655936e-05
11750,Loss/surrogate,-0.004196150228381157
11750,Loss/value,0.0020064683631062508
11750,Metrics/base_velocity/error_vel_xy,0.08332261443138123
11750,Metrics/base_velocity/error_vel_yaw,0.10682209581136703
11750,Metrics/success_rate,1.0
11750,Perf/collection_time,1.5255427360534668
11750,Perf/learning_time,0.16730880737304688
11750,Perf/total_fps,58070.0
11750,Policy/mean_std,0.20798331499099731
11750,Train/mean_episode_length,1000.0
11750,Train/mean_reward,32.224300384521484
11804,Train/mean_episode_length/time,1000.0
11804,Train/mean_reward/time,31.48739242553711
11844,Episode_Reward/action_rate_l2,-0.04727433621883392
11844,Episode_Reward/belly_contact_force,0.0
11844,Episode_Reward/dof_torques_l2,-0.23829156160354614
11844,Episode_Reward/lin_vel_z_l2,-0.015254110097885132
11844,Episode_Reward/track_ang_vel_z_exp,0.4670651853084564
11844,Episode_Reward/track_lin_vel_xy_miki,1.4482530355453491
11844,Episode_Reward/undesired_contacts,0.0
11844,Episode_Termination/base_contact,0.0
11844,Episode_Termination/head_contact,0.000244140625
11844,Episode_Termination/time_out,0.999755859375
11844,Loss/entropy,-9.866419792175293
11844,Loss/learning_rate,5.062499985797331e-05
11844,Loss/surrogate,-0.00455269543454051
11844,Loss/value,0.0018652532016858459
11844,Metrics/base_velocity/error_vel_xy,0.0809445008635521
11844,Metrics/base_velocity/error_vel_yaw,0.10723986476659775
11844,Metrics/success_rate,1.0
11844,Perf/collection_time,1.533219337463379
11844,Perf/learning_time,0.1616230010986328
11844,Perf/total_fps,58001.0
11844,Policy/mean_std,0.20833681523799896
11844,Train/mean_episode_length,1000.0
11844,Train/mean_reward,32.29981231689453
11938,Episode_Reward/action_rate_l2,-0.04781881719827652
11938,Episode_Reward/belly_contact_force,0.0
11938,Episode_Reward/dof_torques_l2,-0.2369239777326584
11938,Episode_Reward/lin_vel_z_l2,-0.015598848462104797
11938,Episode_Reward/track_ang_vel_z_exp,0.4668554663658142
11938,Episode_Reward/track_lin_vel_xy_miki,1.447849154472351
11938,Episode_Reward/undesired_contacts,0.0
11938,Episode_Termination/base_contact,0.0
11938,Episode_Termination/head_contact,0.000244140625
11938,Episode_Termination/time_out,0.999755859375
11938,Loss/entropy,-9.824256896972656
11938,Loss/learning_rate,3.3749998692655936e-05
11938,Loss/surrogate,-0.0043812040239572525
11938,Loss/value,0.0017587172333151102
11938,Metrics/base_velocity/error_vel_xy,0.08015599101781845
11938,Metrics/base_velocity/error_vel_yaw,0.1078176498413086
11938,Metrics/success_rate,1.0
11938,Perf/collection_time,1.5554356575012207
11938,Perf/learning_time,0.16327738761901855
11938,Perf/total_fps,57196.0
11938,Policy/mean_std,0.20874208211898804
11938,Train/mean_episode_length,1000.0
11938,Train/mean_reward,32.276824951171875
11968,Train/mean_episode_length/time,1000.0
11968,Train/mean_reward/time,31.60118865966797
12032,Episode_Reward/action_rate_l2,-0.048477571457624435
12032,Episode_Reward/belly_contact_force,0.0
12032,Episode_Reward/dof_torques_l2,-0.24243859946727753
12032,Episode_Reward/lin_vel_z_l2,-0.015913739800453186
12032,Episode_Reward/track_ang_vel_z_exp,0.4668218791484833
12032,Episode_Reward/track_lin_vel_xy_miki,1.4445288181304932
12032,Episode_Reward/undesired_contacts,0.0
12032,Episode_Termination/base_contact,0.0
12032,Episode_Termination/head_contact,0.0
12032,Episode_Termination/time_out,1.0
12032,Loss/entropy,-9.680654525756836
12032,Loss/learning_rate,5.062499985797331e-05
12032,Loss/surrogate,-0.0038600419647991657
12032,Loss/value,0.0026937853544950485
12032,Metrics/base_velocity/error_vel_xy,0.0828281119465828
12032,Metrics/base_velocity/error_vel_yaw,0.1077001690864563
12032,Metrics/success_rate,1.0
12032,Perf/collection_time,1.6070246696472168
12032,Perf/learning_time,0.18648600578308105
12032,Perf/total_fps,54810.0
12032,Policy/mean_std,0.20981597900390625
12032,Train/mean_episode_length,1000.0
12032,Train/mean_reward,32.12270736694336
12126,Episode_Reward/action_rate_l2,-0.04768168926239014
12126,Episode_Reward/belly_contact_force,0.0
12126,Episode_Reward/dof_torques_l2,-0.24018345773220062
12126,Episode_Reward/lin_vel_z_l2,-0.01619626209139824
12126,Episode_Reward/track_ang_vel_z_exp,0.4661075472831726
12126,Episode_Reward/track_lin_vel_xy_miki,1.4469226598739624
12126,Episode_Reward/undesired_contacts,0.0
12126,Episode_Termination/base_contact,0.0
12126,Episode_Termination/head_contact,0.000244140625
12126,Episode_Termination/time_out,0.999755859375
12126,Loss/entropy,-9.788135528564453
12126,Loss/learning_rate,3.3749998692655936e-05
12126,Loss/surrogate,-0.004536386113613844
12126,Loss/value,0.0018660033820196986
12126,Metrics/base_velocity/error_vel_xy,0.08172225952148438
12126,Metrics/base_velocity/error_vel_yaw,0.10905478894710541
12126,Metrics/success_rate,1.0
12126,Perf/collection_time,1.534599781036377
12126,Perf/learning_time,0.16187548637390137
12126,Perf/total_fps,57946.0
12126,Policy/mean_std,0.21006250381469727
12126,Train/mean_episode_length,1000.0
12126,Train/mean_reward,32.218997955322266
12131,Train/mean_episode_length/time,1000.0
12131,Train/mean_reward/time,31.66985511779785
12220,Episode_Reward/action_rate_l2,-0.048942845314741135
12220,Episode_Reward/belly_contact_force,0.0
12220,Episode_Reward/dof_torques_l2,-0.2400115430355072
12220,Episode_Reward/lin_vel_z_l2,-0.015648186206817627
12220,Episode_Reward/track_ang_vel_z_exp,0.46759068965911865
12220,Episode_Reward/track_lin_vel_xy_miki,1.447230339050293
12220,Episode_Reward/undesired_contacts,0.0
12220,Episode_Termination/base_contact,0.0
12220,Episode_Termination/head_contact,0.0
12220,Episode_Termination/time_out,1.0
12220,Loss/entropy,-9.830950736999512
12220,Loss/learning_rate,7.593750342493877e-05
12220,Loss/surrogate,-0.004443027079105377
12220,Loss/value,0.0020323849748820066
12220,Metrics/base_velocity/error_vel_xy,0.08197811245918274
12220,Metrics/base_velocity/error_vel_yaw,0.10643710941076279
12220,Metrics/success_rate,1.0
12220,Perf/collection_time,1.5332269668579102
12220,Perf/learning_time,0.16796612739562988
12220,Perf/total_fps,57785.0
12220,Policy/mean_std,0.20969976484775543
12220,Train/mean_episode_length,1000.0
12220,Train/mean_reward,32.32077407836914
12296,Train/mean_episode_length/time,1000.0
12296,Train/mean_reward/time,31.630889892578125
12314,Episode_Reward/action_rate_l2,-0.04873999208211899
12314,Episode_Reward/belly_contact_force,0.0
12314,Episode_Reward/dof_torques_l2,-0.2409333437681198
12314,Episode_Reward/lin_vel_z_l2,-0.015430486761033535
12314,Episode_Reward/track_ang_vel_z_exp,0.4674918055534363
12314,Episode_Reward/track_lin_vel_xy_miki,1.4470851421356201
12314,Episode_Reward/undesired_contacts,0.0
12314,Episode_Termination/base_contact,0.0
12314,Episode_Termination/head_contact,0.00013224284339230508
12314,Episode_Termination/time_out,0.9998677968978882
12314,Loss/entropy,-9.896041870117188
12314,Loss/learning_rate,5.062499985797331e-05
12314,Loss/surrogate,-0.0041333893314003944
12314,Loss/value,0.0022252097260206938
12314,Metrics/base_velocity/error_vel_xy,0.08199194073677063
12314,Metrics/base_velocity/error_vel_yaw,0.10656385123729706
12314,Metrics/success_rate,1.0
12314,Perf/collection_time,1.547199010848999
12314,Perf/learning_time,0.15931367874145508
12314,Perf/total_fps,57605.0
12314,Policy/mean_std,0.2091698944568634
12314,Train/mean_episode_length,1000.0
12314,Train/mean_reward,32.16796875
12408,Episode_Reward/action_rate_l2,-0.047492846846580505
12408,Episode_Reward/belly_contact_force,0.0
12408,Episode_Reward/dof_torques_l2,-0.23479756712913513
12408,Episode_Reward/lin_vel_z_l2,-0.015073124319314957
12408,Episode_Reward/track_ang_vel_z_exp,0.46854037046432495
12408,Episode_Reward/track_lin_vel_xy_miki,1.4497008323669434
12408,Episode_Reward/undesired_contacts,0.0
12408,Episode_Termination/base_contact,0.0
12408,Episode_Termination/head_contact,0.0
12408,Episode_Termination/time_out,1.0
12408,Loss/entropy,-9.965349197387695
12408,Loss/learning_rate,5.062499985797331e-05
12408,Loss/surrogate,-0.00409114733338356
12408,Loss/value,0.001716348808258772
12408,Metrics/base_velocity/error_vel_xy,0.07881834357976913
12408,Metrics/base_velocity/error_vel_yaw,0.10468773543834686
12408,Metrics/success_rate,1.0
12408,Perf/collection_time,1.6962766647338867
12408,Perf/learning_time,0.17333531379699707
12408,Perf/total_fps,52579.0
12408,Policy/mean_std,0.208306685090065
12408,Train/mean_episode_length,1000.0
12408,Train/mean_reward,32.41373825073242
12460,Train/mean_episode_length/time,1000.0
12460,Train/mean_reward/time,31.740535736083984
12502,Episode_Reward/action_rate_l2,-0.047787826508283615
12502,Episode_Reward/belly_contact_force,0.0
12502,Episode_Reward/dof_torques_l2,-0.23766224086284637
12502,Episode_Reward/lin_vel_z_l2,-0.015649285167455673
12502,Episode_Reward/track_ang_vel_z_exp,0.46804970502853394
12502,Episode_Reward/track_lin_vel_xy_miki,1.4486420154571533
12502,Episode_Reward/undesired_contacts,0.0
12502,Episode_Termination/base_contact,0.0
12502,Episode_Termination/head_contact,0.0
12502,Episode_Termination/time_out,1.0
12502,Loss/entropy,-9.810638427734375
12502,Loss/learning_rate,7.593750342493877e-05
12502,Loss/surrogate,-0.003800530917942524
12502,Loss/value,0.0022127169650048018
12502,Metrics/base_velocity/error_vel_xy,0.08109049499034882
12502,Metrics/base_velocity/error_vel_yaw,0.1056276187300682
12502,Metrics/success_rate,1.0
12502,Perf/collection_time,1.5401537418365479
12502,Perf/learning_time,0.15777945518493652
12502,Perf/total_fps,57896.0
12502,Policy/mean_std,0.20907074213027954
12502,Train/mean_episode_length,1000.0
12502,Train/mean_reward,32.35365676879883
12596,Episode_Reward/action_rate_l2,-0.04829514026641846
12596,Episode_Reward/belly_contact_force,0.0
12596,Episode_Reward/dof_torques_l2,-0.23679980635643005
12596,Episode_Reward/lin_vel_z_l2,-0.015540741384029388
12596,Episode_Reward/track_ang_vel_z_exp,0.4680496156215668
12596,Episode_Reward/track_lin_vel_xy_miki,1.4491641521453857
12596,Episode_Reward/undesired_contacts,0.0
12596,Episode_Termination/base_contact,0.0
12596,Episode_Termination/head_contact,0.00048828125
12596,Episode_Termination/time_out,0.99951171875
12596,Loss/entropy,-9.781608581542969
12596,Loss/learning_rate,5.062499985797331e-05
12596,Loss/surrogate,-0.004348238464444876
12596,Loss/value,0.002195747336372733
12596,Metrics/base_velocity/error_vel_xy,0.07908110320568085
12596,Metrics/base_velocity/error_vel_yaw,0.10562112182378769
12596,Metrics/success_rate,1.0
12596,Perf/collection_time,1.5623035430908203
12596,Perf/learning_time,0.17375969886779785
12596,Perf/total_fps,56624.0
12596,Policy/mean_std,0.20936331152915955
12596,Train/mean_episode_length,1000.0
12596,Train/mean_reward,32.25810623168945
12625,Train/mean_episode_length/time,1000.0
12625,Train/mean_reward/time,31.699100494384766
12690,Episode_Reward/action_rate_l2,-0.04872830957174301
12690,Episode_Reward/belly_contact_force,0.0
12690,Episode_Reward/dof_torques_l2,-0.23683997988700867
12690,Episode_Reward/lin_vel_z_l2,-0.015119029209017754
12690,Episode_Reward/track_ang_vel_z_exp,0.46806854009628296
12690,Episode_Reward/track_lin_vel_xy_miki,1.4486074447631836
12690,Episode_Reward/undesired_contacts,0.0
12690,Episode_Termination/base_contact,0.0
12690,Episode_Termination/head_contact,0.000244140625
12690,Episode_Termination/time_out,0.999755859375
12690,Loss/entropy,-9.996005058288574
12690,Loss/learning_rate,5.062499985797331e-05
12690,Loss/surrogate,-0.0037842553574591875
12690,Loss/value,0.0018406418384984136
12690,Metrics/base_velocity/error_vel_xy,0.07988464832305908
12690,Metrics/base_velocity/error_vel_yaw,0.10558031499385834
12690,Metrics/success_rate,1.0
12690,Perf/collection_time,1.562121868133545
12690,Perf/learning_time,0.16629862785339355
12690,Perf/total_fps,56875.0
12690,Policy/mean_std,0.20834918320178986
12690,Train/mean_episode_length,1000.0
12690,Train/mean_reward,32.362876892089844
12784,Episode_Reward/action_rate_l2,-0.04689702391624451
12784,Episode_Reward/belly_contact_force,0.0
12784,Episode_Reward/dof_torques_l2,-0.23517653346061707
12784,Episode_Reward/lin_vel_z_l2,-0.015188748948276043
12784,Episode_Reward/track_ang_vel_z_exp,0.4682985246181488
12784,Episode_Reward/track_lin_vel_xy_miki,1.4497625827789307
12784,Episode_Reward/undesired_contacts,0.0
12784,Episode_Termination/base_contact,0.0
12784,Episode_Termination/head_contact,0.000244140625
12784,Episode_Termination/time_out,0.999755859375
12784,Loss/entropy,-10.008122444152832
12784,Loss/learning_rate,2.2500000341096893e-05
12784,Loss/surrogate,-0.0037378559354692698
12784,Loss/value,0.0016682965215295553
12784,Metrics/base_velocity/error_vel_xy,0.07793863117694855
12784,Metrics/base_velocity/error_vel_yaw,0.10497848689556122
12784,Metrics/success_rate,1.0
12784,Perf/collection_time,1.6099565029144287
12784,Perf/learning_time,0.17438101768493652
12784,Perf/total_fps,55092.0
12784,Policy/mean_std,0.2083757519721985
12784,Train/mean_episode_length,1000.0
12784,Train/mean_reward,32.37611389160156
12789,Train/mean_episode_length/time,1000.0
12789,Train/mean_reward/time,31.5819149017334
12878,Episode_Reward/action_rate_l2,-0.0476328507065773
12878,Episode_Reward/belly_contact_force,0.0
12878,Episode_Reward/dof_torques_l2,-0.2342928647994995
12878,Episode_Reward/lin_vel_z_l2,-0.015188010409474373
12878,Episode_Reward/track_ang_vel_z_exp,0.4682013988494873
12878,Episode_Reward/track_lin_vel_xy_miki,1.4492261409759521
12878,Episode_Reward/undesired_contacts,0.0
12878,Episode_Termination/base_contact,0.0
12878,Episode_Termination/head_contact,0.000244140625
12878,Episode_Termination/time_out,0.999755859375
12878,Loss/entropy,-10.187555313110352
12878,Loss/learning_rate,3.3749998692655936e-05
12878,Loss/surrogate,-0.004403186962008476
12878,Loss/value,0.001746371970511973
12878,Metrics/base_velocity/error_vel_xy,0.0794120505452156
12878,Metrics/base_velocity/error_vel_yaw,0.10540223121643066
12878,Metrics/success_rate,1.0
12878,Perf/collection_time,1.5552737712860107
12878,Perf/learning_time,0.16625261306762695
12878,Perf/total_fps,57102.0
12878,Policy/mean_std,0.20737339556217194
12878,Train/mean_episode_length,1000.0
12878,Train/mean_reward,32.410282135009766
12952,Train/mean_episode_length/time,1000.0
12952,Train/mean_reward/time,31.737712860107422
12972,Episode_Reward/action_rate_l2,-0.04715757071971893
12972,Episode_Reward/belly_contact_force,0.0
12972,Episode_Reward/dof_torques_l2,-0.23757454752922058
12972,Episode_Reward/lin_vel_z_l2,-0.015407741069793701
12972,Episode_Reward/track_ang_vel_z_exp,0.468110054731369
12972,Episode_Reward/track_lin_vel_xy_miki,1.4483627080917358
12972,Episode_Reward/undesired_contacts,0.0
12972,Episode_Termination/base_contact,0.0
12972,Episode_Termination/head_contact,0.0
12972,Episode_Termination/time_out,1.0
12972,Loss/entropy,-9.875548362731934
12972,Loss/learning_rate,5.062499985797331e-05
12972,Loss/surrogate,-0.0028522165957838297
12972,Loss/value,0.0019456412410363555
12972,Metrics/base_velocity/error_vel_xy,0.07995748519897461
12972,Metrics/base_velocity/error_vel_yaw,0.10529576241970062
12972,Metrics/success_rate,1.0
12972,Perf/collection_time,1.5638129711151123
12972,Perf/learning_time,0.15914320945739746
12972,Perf/total_fps,57055.0
12972,Policy/mean_std,0.2086401730775833
12972,Train/mean_episode_length,1000.0
12972,Train/mean_reward,32.343360900878906
13066,Episode_Reward/action_rate_l2,-0.04657083749771118
13066,Episode_Reward/belly_contact_force,0.0
13066,Episode_Reward/dof_torques_l2,-0.232255220413208
13066,Episode_Reward/lin_vel_z_l2,-0.014766396954655647
13066,Episode_Reward/track_ang_vel_z_exp,0.46822890639305115
13066,Episode_Reward/track_lin_vel_xy_miki,1.4499801397323608
13066,Episode_Reward/undesired_contacts,0.0
13066,Episode_Termination/base_contact,0.0
13066,Episode_Termination/head_contact,0.0
13066,Episode_Termination/time_out,1.0
13066,Loss/entropy,-10.03598690032959
13066,Loss/learning_rate,2.2500000341096893e-05
13066,Loss/surrogate,-0.0033666908275336027
13066,Loss/value,0.0021200606133788824
13066,Metrics/base_velocity/error_vel_xy,0.07885108888149261
13066,Metrics/base_velocity/error_vel_yaw,0.10521362721920013
13066,Metrics/success_rate,1.0
13066,Perf/collection_time,1.5426762104034424
13066,Perf/learning_time,0.16166067123413086
13066,Perf/total_fps,57678.0
13066,Policy/mean_std,0.2081805020570755
13066,Train/mean_episode_length,1000.0
13066,Train/mean_reward,32.49943161010742
13117,Train/mean_episode_length/time,1000.0
13117,Train/mean_reward/time,31.687971115112305
13160,Episode_Reward/action_rate_l2,-0.04895643889904022
13160,Episode_Reward/belly_contact_force,0.0
13160,Episode_Reward/dof_torques_l2,-0.237788125872612
13160,Episode_Reward/lin_vel_z_l2,-0.015083547681570053
13160,Episode_Reward/track_ang_vel_z_exp,0.46882912516593933
13160,Episode_Reward/track_lin_vel_xy_miki,1.4471793174743652
13160,Episode_Reward/undesired_contacts,0.0
13160,Episode_Termination/base_contact,0.0
13160,Episode_Termination/head_contact,0.0
13160,Episode_Termination/time_out,1.0
13160,Loss/entropy,-10.188028335571289
13160,Loss/learning_rate,5.062499985797331e-05
13160,Loss/surrogate,-0.004448816645890474
13160,Loss/value,0.002524072304368019
13160,Metrics/base_velocity/error_vel_xy,0.0821072906255722
13160,Metrics/base_velocity/error_vel_yaw,0.10417266935110092
13160,Metrics/success_rate,1.0
13160,Perf/collection_time,1.5940985679626465
13160,Perf/learning_time,0.16472697257995605
13160,Perf/total_fps,55891.0
13160,Policy/mean_std,0.2074698954820633
13160,Train/mean_episode_length,1000.0
13160,Train/mean_reward,32.37091064453125
13254,Episode_Reward/action_rate_l2,-0.04800385236740112
13254,Episode_Reward/belly_contact_force,0.0
13254,Episode_Reward/dof_torques_l2,-0.23154745995998383
13254,Episode_Reward/lin_vel_z_l2,-0.014632443897426128
13254,Episode_Reward/track_ang_vel_z_exp,0.468414306640625
13254,Episode_Reward/track_lin_vel_xy_miki,1.4494951963424683
13254,Episode_Reward/undesired_contacts,0.0
13254,Episode_Termination/base_contact,0.0
13254,Episode_Termination/head_contact,0.0
13254,Episode_Termination/time_out,1.0
13254,Loss/entropy,-10.039557456970215
13254,Loss/learning_rate,5.062499985797331e-05
13254,Loss/surrogate,-0.0043667093850672245
13254,Loss/value,0.0018756203353404999
13254,Metrics/base_velocity/error_vel_xy,0.07901827991008759
13254,Metrics/base_velocity/error_vel_yaw,0.10488758981227875
13254,Metrics/success_rate,1.0
13254,Perf/collection_time,1.5949220657348633
13254,Perf/learning_time,0.17496633529663086
13254,Perf/total_fps,55542.0
13254,Policy/mean_std,0.20834845304489136
13254,Train/mean_episode_length,1000.0
13254,Train/mean_reward,32.47559356689453
13280,Train/mean_episode_length/time,1000.0
13280,Train/mean_reward/time,31.86539649963379
13348,Episode_Reward/action_rate_l2,-0.04809708520770073
13348,Episode_Reward/belly_contact_force,0.0
13348,Episode_Reward/dof_torques_l2,-0.2381991446018219
13348,Episode_Reward/lin_vel_z_l2,-0.015105600468814373
13348,Episode_Reward/track_ang_vel_z_exp,0.46760648488998413
13348,Episode_Reward/track_lin_vel_xy_miki,1.4473273754119873
13348,Episode_Reward/undesired_contacts,0.0
13348,Episode_Termination/base_contact,0.0
13348,Episode_Termination/head_contact,0.0
13348,Episode_Termination/time_out,1.0
13348,Loss/entropy,-9.97264289855957
13348,Loss/learning_rate,5.062499985797331e-05
13348,Loss/surrogate,-0.003951948136091232
13348,Loss/value,0.0018962317844852805
13348,Metrics/base_velocity/error_vel_xy,0.082371786236763
13348,Metrics/base_velocity/error_vel_yaw,0.10632151365280151
13348,Metrics/success_rate,1.0
13348,Perf/collection_time,1.5670435428619385
13348,Perf/learning_time,0.17321372032165527
13348,Perf/total_fps,56488.0
13348,Policy/mean_std,0.20805206894874573
13348,Train/mean_episode_length,1000.0
13348,Train/mean_reward,32.25127029418945
13442,Episode_Reward/action_rate_l2,-0.04784761369228363
13442,Episode_Reward/belly_contact_force,0.0
13442,Episode_Reward/dof_torques_l2,-0.23459503054618835
13442,Episode_Reward/lin_vel_z_l2,-0.01450345478951931
13442,Episode_Reward/track_ang_vel_z_exp,0.4675137996673584
13442,Episode_Reward/track_lin_vel_xy_miki,1.448744535446167
13442,Episode_Reward/undesired_contacts,0.0
13442,Episode_Termination/base_contact,0.0
13442,Episode_Termination/head_contact,0.00048828125
13442,Episode_Termination/time_out,0.99951171875
13442,Loss/entropy,-10.153802871704102
13442,Loss/learning_rate,5.062499985797331e-05
13442,Loss/surrogate,-0.003883582539856434
13442,Loss/value,0.0019900270272046328
13442,Metrics/base_velocity/error_vel_xy,0.08006224036216736
13442,Metrics/base_velocity/error_vel_yaw,0.10645164549350739
13442,Metrics/success_rate,1.0
13442,Perf/collection_time,1.5499777793884277
13442,Perf/learning_time,0.16346120834350586
13442,Perf/total_fps,57372.0
13442,Policy/mean_std,0.20691795647144318
13442,Train/mean_episode_length,1000.0
13442,Train/mean_reward,32.43400573730469
13445,Train/mean_episode_length/time,1000.0
13445,Train/mean_reward/time,31.656749725341797
13536,Episode_Reward/action_rate_l2,-0.04715925082564354
13536,Episode_Reward/belly_contact_force,0.0
13536,Episode_Reward/dof_torques_l2,-0.23385456204414368
13536,Episode_Reward/lin_vel_z_l2,-0.01513793133199215
13536,Episode_Reward/track_ang_vel_z_exp,0.46792101860046387
13536,Episode_Reward/track_lin_vel_xy_miki,1.4479836225509644
13536,Episode_Reward/undesired_contacts,0.0
13536,Episode_Termination/base_contact,0.0
13536,Episode_Termination/head_contact,0.0
13536,Episode_Termination/time_out,1.0
13536,Loss/entropy,-10.375945091247559
13536,Loss/learning_rate,5.062499985797331e-05
13536,Loss/surrogate,-0.0042351423762738705
13536,Loss/value,0.002389958593994379
13536,Metrics/base_velocity/error_vel_xy,0.08095847070217133
13536,Metrics/base_velocity/error_vel_yaw,0.10579285025596619
13536,Metrics/success_rate,1.0
13536,Perf/collection_time,1.5634832382202148
13536,Perf/learning_time,0.16790366172790527
13536,Perf/total_fps,56777.0
13536,Policy/mean_std,0.2059182971715927
13536,Train/mean_episode_length,1000.0
13536,Train/mean_reward,32.410884857177734
13609,Train/mean_episode_length/time,1000.0
13609,Train/mean_reward/time,31.738075256347656
13630,Episode_Reward/action_rate_l2,-0.04677968472242355
13630,Episode_Reward/belly_contact_force,0.0
13630,Episode_Reward/dof_torques_l2,-0.23481623828411102
13630,Episode_Reward/lin_vel_z_l2,-0.01523831021040678
13630,Episode_Reward/track_ang_vel_z_exp,0.4674718379974365
13630,Episode_Reward/track_lin_vel_xy_miki,1.4488475322723389
13630,Episode_Reward/undesired_contacts,0.0
13630,Episode_Termination/base_contact,0.0
13630,Episode_Termination/head_contact,0.0
13630,Episode_Termination/time_out,1.0
13630,Loss/entropy,-10.229681015014648
13630,Loss/learning_rate,3.3749998692655936e-05
13630,Loss/surrogate,-0.004236504435539246
13630,Loss/value,0.002121981233358383
13630,Metrics/base_velocity/error_vel_xy,0.0805492252111435
13630,Metrics/base_velocity/error_vel_yaw,0.10666538774967194
13630,Metrics/success_rate,1.0
13630,Perf/collection_time,1.6194493770599365
13630,Perf/learning_time,0.1656179428100586
13630,Perf/total_fps,55070.0
13630,Policy/mean_std,0.20635101199150085
13630,Train/mean_episode_length,1000.0
13630,Train/mean_reward,32.342926025390625
13724,Episode_Reward/action_rate_l2,-0.047752559185028076
13724,Episode_Reward/belly_contact_force,0.0
13724,Episode_Reward/dof_torques_l2,-0.2334432601928711
13724,Episode_Reward/lin_vel_z_l2,-0.014479639939963818
13724,Episode_Reward/track_ang_vel_z_exp,0.4684264361858368
13724,Episode_Reward/track_lin_vel_xy_miki,1.4489768743515015
13724,Episode_Reward/undesired_contacts,0.0
13724,Episode_Termination/base_contact,0.0
13724,Episode_Termination/head_contact,0.000244140625
13724,Episode_Termination/time_out,0.999755859375
13724,Loss/entropy,-10.404814720153809
13724,Loss/learning_rate,5.062499985797331e-05
13724,Loss/surrogate,-0.0038732229731976986
13724,Loss/value,0.0019447734812274575
13724,Metrics/base_velocity/error_vel_xy,0.08083600550889969
13724,Metrics/base_velocity/error_vel_yaw,0.10475217550992966
13724,Metrics/success_rate,1.0
13724,Perf/collection_time,1.5687687397003174
13724,Perf/learning_time,0.1644728183746338
13724,Perf/total_fps,56716.0
13724,Policy/mean_std,0.20524711906909943
13724,Train/mean_episode_length,996.3200073242188
13724,Train/mean_reward,32.327171325683594
13773,Train/mean_episode_length/time,1000.0
13773,Train/mean_reward/time,31.882308959960938
13818,Episode_Reward/action_rate_l2,-0.04637712985277176
13818,Episode_Reward/belly_contact_force,0.0
13818,Episode_Reward/dof_torques_l2,-0.2295120656490326
13818,Episode_Reward/lin_vel_z_l2,-0.014757747761905193
13818,Episode_Reward/track_ang_vel_z_exp,0.4686131477355957
13818,Episode_Reward/track_lin_vel_xy_miki,1.450155258178711
13818,Episode_Reward/undesired_contacts,0.0
13818,Episode_Termination/base_contact,0.0
13818,Episode_Termination/head_contact,0.00048828125
13818,Episode_Termination/time_out,0.99951171875
13818,Loss/entropy,-10.302329063415527
13818,Loss/learning_rate,5.062499985797331e-05
13818,Loss/surrogate,-0.004687052685767412
13818,Loss/value,0.0012856831308454275
13818,Metrics/base_velocity/error_vel_xy,0.07882751524448395
13818,Metrics/base_velocity/error_vel_yaw,0.10437953472137451
13818,Metrics/success_rate,1.0
13818,Perf/collection_time,1.5751440525054932
13818,Perf/learning_time,0.16126036643981934
13818,Perf/total_fps,56613.0
13818,Policy/mean_std,0.20574519038200378
13818,Train/mean_episode_length,1000.0
13818,Train/mean_reward,32.57202911376953
13912,Episode_Reward/action_rate_l2,-0.04704505205154419
13912,Episode_Reward/belly_contact_force,0.0
13912,Episode_Reward/dof_torques_l2,-0.2302759885787964
13912,Episode_Reward/lin_vel_z_l2,-0.014975026249885559
13912,Episode_Reward/track_ang_vel_z_exp,0.46884721517562866
13912,Episode_Reward/track_lin_vel_xy_miki,1.4487981796264648
13912,Episode_Reward/undesired_contacts,0.0
13912,Episode_Termination/base_contact,0.0
13912,Episode_Termination/head_contact,0.00048828125
13912,Episode_Termination/time_out,0.99951171875
13912,Loss/entropy,-10.438541412353516
13912,Loss/learning_rate,5.062499985797331e-05
13912,Loss/surrogate,-0.0044846311211586
13912,Loss/value,0.002279994310811162
13912,Metrics/base_velocity/error_vel_xy,0.08059637248516083
13912,Metrics/base_velocity/error_vel_yaw,0.10396371781826019
13912,Metrics/success_rate,1.0
13912,Perf/collection_time,1.5606327056884766
13912,Perf/learning_time,0.16223740577697754
13912,Perf/total_fps,57058.0
13912,Policy/mean_std,0.20463460683822632
13912,Train/mean_episode_length,1000.0
13912,Train/mean_reward,32.54471206665039
13937,Train/mean_episode_length/time,1000.0
13937,Train/mean_reward/time,31.759721755981445
13999,Episode_Reward/action_rate_l2,-0.046431466937065125
13999,Episode_Reward/belly_contact_force,0.0
13999,Episode_Reward/dof_torques_l2,-0.22840182483196259
13999,Episode_Reward/lin_vel_z_l2,-0.01450713723897934
13999,Episode_Reward/track_ang_vel_z_exp,0.4685381352901459
13999,Episode_Reward/track_lin_vel_xy_miki,1.4511098861694336
13999,Episode_Reward/undesired_contacts,0.0
13999,Episode_Termination/base_contact,0.0
13999,Episode_Termination/head_contact,0.000244140625
13999,Episode_Termination/time_out,0.999755859375
13999,Loss/entropy,-10.393852233886719
13999,Loss/learning_rate,5.062499985797331e-05
13999,Loss/surrogate,-0.004067816771566868
13999,Loss/value,0.0018130368553102016
13999,Metrics/base_velocity/error_vel_xy,0.07819833606481552
13999,Metrics/base_velocity/error_vel_yaw,0.1046261340379715
13999,Metrics/success_rate,1.0
13999,Perf/collection_time,1.6749577522277832
13999,Perf/learning_time,0.19520354270935059
13999,Perf/total_fps,52564.0
13999,Policy/mean_std,0.20465266704559326
13999,Train/mean_episode_length,1000.0
13999,Train/mean_reward,32.63594436645508
14101,Train/mean_episode_length/time,1000.0
14101,Train/mean_reward/time,31.631332397460938
14265,Train/mean_episode_length/time,1000.0
14265,Train/mean_reward/time,31.770185470581055
14429,Train/mean_episode_length/time,1000.0
14429,Train/mean_reward/time,31.62655258178711
14593,Train/mean_episode_length/time,1000.0
14593,Train/mean_reward/time,31.745635986328125
14757,Train/mean_episode_length/time,1000.0
14757,Train/mean_reward/time,31.7810115814209
14921,Train/mean_episode_length/time,1000.0
14921,Train/mean_reward/time,31.909984588623047
15084,Train/mean_episode_length/time,1000.0
15084,Train/mean_reward/time,31.780662536621094
15248,Train/mean_episode_length/time,1000.0
15248,Train/mean_reward/time,31.82354736328125
15410,Train/mean_episode_length/time,1000.0
15410,Train/mean_reward/time,31.954635620117188
15574,Train/mean_episode_length/time,995.6599731445312
15574,Train/mean_reward/time,31.529640197753906
15738,Train/mean_episode_length/time,1000.0
15738,Train/mean_reward/time,31.98375129699707
15902,Train/mean_episode_length/time,1000.0
15902,Train/mean_reward/time,32.03965377807617
16068,Train/mean_episode_length/time,1000.0
16068,Train/mean_reward/time,31.7528076171875
16231,Train/mean_episode_length/time,1000.0
16231,Train/mean_reward/time,31.844186782836914
16395,Train/mean_episode_length/time,1000.0
16395,Train/mean_reward/time,31.93868064880371
16559,Train/mean_episode_length/time,1000.0
16559,Train/mean_reward/time,31.780744552612305
16724,Train/mean_episode_length/time,1000.0
16724,Train/mean_reward/time,31.787269592285156
16888,Train/mean_episode_length/time,1000.0
16888,Train/mean_reward/time,31.97807502746582
17053,Train/mean_episode_length/time,1000.0
17053,Train/mean_reward/time,31.93301773071289
17218,Train/mean_episode_length/time,1000.0
17218,Train/mean_reward/time,32.08302307128906
17382,Train/mean_episode_length/time,1000.0
17382,Train/mean_reward/time,31.969642639160156
17546,Train/mean_episode_length/time,1000.0
17546,Train/mean_reward/time,31.917797088623047
17710,Train/mean_episode_length/time,1000.0
17710,Train/mean_reward/time,31.90721321105957
17874,Train/mean_episode_length/time,1000.0
17874,Train/mean_reward/time,32.109710693359375
18036,Train/mean_episode_length/time,1000.0
18036,Train/mean_reward/time,32.1846809387207
18200,Train/mean_episode_length/time,1000.0
18200,Train/mean_reward/time,32.174560546875
18362,Train/mean_episode_length/time,1000.0
18362,Train/mean_reward/time,31.985567092895508
18526,Train/mean_episode_length/time,1000.0
18526,Train/mean_reward/time,32.164093017578125
18690,Train/mean_episode_length/time,1000.0
18690,Train/mean_reward/time,32.20045471191406
18852,Train/mean_episode_length/time,1000.0
18852,Train/mean_reward/time,32.05143737792969
19015,Train/mean_episode_length/time,1000.0
19015,Train/mean_reward/time,32.12966537475586
19178,Train/mean_episode_length/time,1000.0
19178,Train/mean_reward/time,32.07950210571289
19341,Train/mean_episode_length/time,1000.0
19341,Train/mean_reward/time,32.17290115356445
19504,Train/mean_episode_length/time,1000.0
19504,Train/mean_reward/time,32.26373291015625
19669,Train/mean_episode_length/time,1000.0
19669,Train/mean_reward/time,32.17655944824219
19831,Train/mean_episode_length/time,1000.0
19831,Train/mean_reward/time,32.265098571777344
19996,Train/mean_episode_length/time,1000.0
19996,Train/mean_reward/time,32.2985725402832
20159,Train/mean_episode_length/time,1000.0
20159,Train/mean_reward/time,32.295902252197266
20322,Train/mean_episode_length/time,1000.0
20322,Train/mean_reward/time,32.18782424926758
20486,Train/mean_episode_length/time,1000.0
20486,Train/mean_reward/time,32.224300384521484
20648,Train/mean_episode_length/time,1000.0
20648,Train/mean_reward/time,32.29981231689453
20813,Train/mean_episode_length/time,1000.0
20813,Train/mean_reward/time,32.276824951171875
20976,Train/mean_episode_length/time,1000.0
20976,Train/mean_reward/time,32.12270736694336
21139,Train/mean_episode_length/time,1000.0
21139,Train/mean_reward/time,32.218997955322266
21302,Train/mean_episode_length/time,1000.0
21302,Train/mean_reward/time,32.32077407836914
21466,Train/mean_episode_length/time,1000.0
21466,Train/mean_reward/time,32.16796875
21630,Train/mean_episode_length/time,1000.0
21630,Train/mean_reward/time,32.41373825073242
21793,Train/mean_episode_length/time,1000.0
21793,Train/mean_reward/time,32.35365676879883
21956,Train/mean_episode_length/time,1000.0
21956,Train/mean_reward/time,32.25810623168945
22119,Train/mean_episode_length/time,1000.0
22119,Train/mean_reward/time,32.362876892089844
22283,Train/mean_episode_length/time,1000.0
22283,Train/mean_reward/time,32.37611389160156
22446,Train/mean_episode_length/time,1000.0
22446,Train/mean_reward/time,32.410282135009766
22610,Train/mean_episode_length/time,1000.0
22610,Train/mean_reward/time,32.343360900878906
22772,Train/mean_episode_length/time,1000.0
22772,Train/mean_reward/time,32.49943161010742
22936,Train/mean_episode_length/time,1000.0
22936,Train/mean_reward/time,32.37091064453125
23100,Train/mean_episode_length/time,1000.0
23100,Train/mean_reward/time,32.47559356689453
23266,Train/mean_episode_length/time,1000.0
23266,Train/mean_reward/time,32.25127029418945
23429,Train/mean_episode_length/time,1000.0
23429,Train/mean_reward/time,32.43400573730469
23593,Train/mean_episode_length/time,1000.0
23593,Train/mean_reward/time,32.410884857177734
23757,Train/mean_episode_length/time,1000.0
23757,Train/mean_reward/time,32.342926025390625
23921,Train/mean_episode_length/time,996.3200073242188
23921,Train/mean_reward/time,32.327171325683594
24087,Train/mean_episode_length/time,1000.0
24087,Train/mean_reward/time,32.57202911376953
24250,Train/mean_episode_length/time,1000.0
24250,Train/mean_reward/time,32.54471206665039
51116,Train/mean_episode_length/time,1000.0
51116,Train/mean_reward/time,32.63594436645508
