# lizard mesh
v 0.148477 0.203661 -0.148436
v 0.104564 0.221352 -0.155448
v 0.108100 0.243251 -0.108058
v 0.155489 0.221352 -0.104523
v 0.053993 0.232162 -0.160769
v 0.055405 0.256450 -0.111102
v 0.111143 0.256450 -0.055364
v 0.160811 0.232162 -0.053952
v 0.056756 0.271165 -0.056714
v 0.171817 0.166801 -0.171775
v 0.144490 0.178394 -0.183368
v 0.183409 0.178394 -0.144449
v 0.102823 0.190431 -0.195405
v 0.053335 0.198448 -0.203421
v 0.000000 0.201274 -0.206248
v 0.000000 0.235844 -0.162768
v 0.000000 0.260885 -0.112352
v 0.000000 0.276116 -0.057311
v 0.000000 0.281255 0.000041
v 0.057353 0.276116 0.000041
v 0.112393 0.260885 0.000041
v 0.162809 0.235844 0.000041
v 0.203463 0.198448 -0.053294
v 0.206289 0.201274 0.000041
v 0.195447 0.190431 -0.102782
v -0.053993 0.232162 -0.160769
v -0.104564 0.221352 -0.155448
v -0.108100 0.243251 -0.108058
v -0.055405 0.256450 -0.111102
v -0.148477 0.203661 -0.148436
v -0.155489 0.221352 -0.104523
v -0.111143 0.256450 -0.055364
v -0.056755 0.271165 -0.056714
v -0.160811 0.232162 -0.053952
v -0.053335 0.198448 -0.203421
v -0.102823 0.190431 -0.195405
v -0.144490 0.178394 -0.183368
v -0.171817 0.166801 -0.171775
v -0.183409 0.178394 -0.144449
v -0.195447 0.190431 -0.102782
v -0.203463 0.198448 -0.053294
v -0.206289 0.201274 0.000041
v -0.162809 0.235844 0.000041
v -0.112393 0.260885 0.000041
v -0.057353 0.276116 0.000041
v 0.160811 0.232162 0.054035
v 0.111143 0.256450 0.055447
v 0.108100 0.243251 0.108141
v 0.155489 0.221352 0.104606
v 0.056755 0.271165 0.056797
v 0.055405 0.256450 0.111185
v 0.104564 0.221352 0.155530
v 0.148477 0.203661 0.148518
v 0.053993 0.232162 0.160852
v 0.203463 0.198448 0.053376
v 0.000000 0.276116 0.057394
v 0.000000 0.260885 0.112434
v 0.000000 0.235844 0.162851
v 0.000000 0.201274 0.206331
v 0.053335 0.198448 0.203504
v 0.102823 0.190432 0.195488
v 0.144490 0.178394 0.183451
v 0.183409 0.178394 0.144531
v 0.171817 0.166801 0.171858
v 0.195447 0.190432 0.102865
v -0.056755 0.271165 0.056797
v -0.111143 0.256450 0.055447
v -0.108100 0.243251 0.108141
v -0.055405 0.256450 0.111185
v -0.160811 0.232162 0.054035
v -0.155489 0.221352 0.104606
v -0.104564 0.221352 0.155530
v -0.053993 0.232162 0.160852
v -0.148477 0.203661 0.148518
v -0.203463 0.198448 0.053376
v -0.195447 0.190432 0.102865
v -0.183409 0.178394 0.144531
v -0.171817 0.166801 0.171858
v -0.144490 0.178394 0.183451
v -0.102823 0.190432 0.195488
v -0.053335 0.198448 0.203504
v -0.208676 0.143462 -0.148436
v -0.226367 0.099549 -0.155448
v -0.248266 0.103084 -0.108058
v -0.226367 0.150474 -0.104523
v -0.237178 0.048978 -0.160769
v -0.261465 0.050390 -0.111102
v -0.261465 0.106128 -0.055364
v -0.237178 0.155795 -0.053952
v -0.276180 0.051740 -0.056714
v -0.183409 0.139475 -0.183368
v -0.195447 0.097808 -0.195405
v -0.203463 0.048320 -0.203421
v -0.206289 -0.005015 -0.206248
v -0.240859 -0.005015 -0.162768
v -0.265900 -0.005015 -0.112352
v -0.281131 -0.005015 -0.057311
v -0.286270 -0.005015 0.000041
v -0.281131 0.052337 0.000041
v -0.265900 0.107378 0.000041
v -0.240859 0.157794 0.000041
v -0.237178 -0.059009 -0.160769
v -0.226367 -0.109580 -0.155448
v -0.248266 -0.113115 -0.108058
v -0.261465 -0.060420 -0.111102
v -0.208676 -0.153492 -0.148436
v -0.226367 -0.160504 -0.104523
v -0.261465 -0.116159 -0.055364
v -0.276180 -0.061771 -0.056714
v -0.237178 -0.165826 -0.053952
v -0.203463 -0.058350 -0.203421
v -0.195447 -0.107839 -0.195405
v -0.183409 -0.149505 -0.183368
v -0.171817 -0.176832 -0.171775
v -0.183409 -0.188425 -0.144449
v -0.195447 -0.200462 -0.102782
v -0.203463 -0.208478 -0.053294
v -0.206289 -0.211305 0.000041
v -0.240859 -0.167825 0.000041
v -0.265900 -0.117408 0.000041
v -0.281131 -0.062368 0.000041
v -0.237178 0.155795 0.054035
v -0.261465 0.106128 0.055447
v -0.248266 0.103084 0.108141
v -0.226367 0.150474 0.104606
v -0.276180 0.051740 0.056797
v -0.261465 0.050390 0.111185
v -0.226367 0.099549 0.155530
v -0.208676 0.143462 0.148518
v -0.237178 0.048978 0.160852
v -0.281131 -0.005015 0.057394
v -0.265900 -0.005015 0.112434
v -0.240859 -0.005015 0.162851
v -0.206289 -0.005015 0.206331
v -0.203463 0.048320 0.203504
v -0.195447 0.097808 0.195488
v -0.183409 0.139475 0.183451
v -0.276180 -0.061771 0.056797
v -0.261465 -0.116159 0.055447
v -0.248266 -0.113115 0.108141
v -0.261465 -0.060420 0.111185
v -0.237178 -0.165826 0.054035
v -0.226367 -0.160504 0.104606
v -0.226367 -0.109580 0.155530
v -0.237178 -0.059009 0.160852
v -0.208676 -0.153492 0.148518
v -0.203463 -0.208478 0.053376
v -0.195447 -0.200462 0.102865
v -0.183409 -0.188425 0.144531
v -0.171817 -0.176832 0.171858
v -0.183409 -0.149505 0.183451
v -0.195447 -0.107839 0.195488
v -0.203463 -0.058350 0.203504
v -0.148477 -0.213692 -0.148436
v -0.104564 -0.231383 -0.155448
v -0.108100 -0.253281 -0.108058
v -0.155489 -0.231383 -0.104523
v -0.053993 -0.242193 -0.160769
v -0.055405 -0.266480 -0.111102
v -0.111143 -0.266480 -0.055364
v -0.160811 -0.242193 -0.053952
v -0.056756 -0.281195 -0.056714
v -0.144490 -0.188425 -0.183368
v -0.102823 -0.200462 -0.195405
v -0.053335 -0.208478 -0.203421
v 0.000000 -0.211305 -0.206248
v -0.000000 -0.245875 -0.162768
v -0.000000 -0.270916 -0.112352
v -0.000000 -0.286146 -0.057311
v 0.000000 -0.291285 0.000041
v -0.057353 -0.286146 0.000041
v -0.112393 -0.270916 0.000041
v -0.162809 -0.245875 0.000041
v 0.053993 -0.242193 -0.160769
v 0.104564 -0.231383 -0.155448
v 0.108100 -0.253281 -0.108058
v 0.055405 -0.266480 -0.111102
v 0.148477 -0.213692 -0.148436
v 0.155489 -0.231383 -0.104523
v 0.111143 -0.266480 -0.055364
v 0.056755 -0.281195 -0.056714
v 0.160811 -0.242193 -0.053952
v 0.053335 -0.208478 -0.203421
v 0.102823 -0.200462 -0.195405
v 0.144490 -0.188425 -0.183368
v 0.171817 -0.176832 -0.171775
v 0.183409 -0.188425 -0.144449
v 0.195447 -0.200462 -0.102782
v 0.203463 -0.208478 -0.053294
v 0.206289 -0.211305 0.000041
v 0.162809 -0.245875 0.000041
v 0.112393 -0.270916 0.000041
v 0.057353 -0.286146 0.000041
v -0.160811 -0.242193 0.054035
v -0.111143 -0.266480 0.055447
v -0.108100 -0.253281 0.108141
v -0.155489 -0.231383 0.104606
v -0.056755 -0.281195 0.056797
v -0.055405 -0.266480 0.111185
v -0.104564 -0.231383 0.155530
v -0.148477 -0.213691 0.148518
v -0.053993 -0.242193 0.160852
v 0.000000 -0.286146 0.057394
v 0.000000 -0.270916 0.112434
v 0.000000 -0.245875 0.162851
v 0.000000 -0.211304 0.206331
v -0.053335 -0.208478 0.203504
v -0.102823 -0.200462 0.195488
v -0.144490 -0.188425 0.183451
v 0.056755 -0.281195 0.056797
v 0.111143 -0.266480 0.055447
v 0.108100 -0.253281 0.108141
v 0.055405 -0.266480 0.111185
v 0.160811 -0.242193 0.054035
v 0.155489 -0.231383 0.104606
v 0.104564 -0.231383 0.155530
v 0.053993 -0.242193 0.160852
v 0.148477 -0.213691 0.148518
v 0.203463 -0.208478 0.053376
v 0.195447 -0.200462 0.102865
v 0.183409 -0.188425 0.144531
v 0.171817 -0.176832 0.171858
v 0.144490 -0.188425 0.183451
v 0.102823 -0.200462 0.195488
v 0.053335 -0.208478 0.203504
v 0.208676 -0.153492 -0.148436
v 0.226367 -0.109580 -0.155448
v 0.248266 -0.113115 -0.108058
v 0.226367 -0.160504 -0.104523
v 0.237178 -0.059009 -0.160769
v 0.261465 -0.060420 -0.111102
v 0.261465 -0.116159 -0.055364
v 0.237178 -0.165826 -0.053952
v 0.276180 -0.061771 -0.056714
v 0.183409 -0.149505 -0.183368
v 0.195447 -0.107839 -0.195405
v 0.203463 -0.058350 -0.203421
v 0.206289 -0.005015 -0.206248
v 0.240859 -0.005015 -0.162768
v 0.265900 -0.005015 -0.112352
v 0.281131 -0.005015 -0.057311
v 0.286270 -0.005015 0.000041
v 0.281131 -0.062368 0.000041
v 0.265900 -0.117408 0.000041
v 0.240859 -0.167825 0.000041
v 0.237178 0.048978 -0.160769
v 0.226367 0.099549 -0.155448
v 0.248266 0.103084 -0.108058
v 0.261465 0.050390 -0.111102
v 0.208676 0.143462 -0.148436
v 0.226367 0.150474 -0.104523
v 0.261465 0.106128 -0.055364
v 0.276180 0.051740 -0.056714
v 0.237178 0.155795 -0.053952
v 0.203463 0.048320 -0.203421
v 0.195447 0.097808 -0.195405
v 0.183409 0.139475 -0.183368
v 0.240859 0.157794 0.000041
v 0.265900 0.107378 0.000041
v 0.281131 0.052337 0.000041
v 0.237178 -0.165826 0.054035
v 0.261465 -0.116159 0.055447
v 0.248266 -0.113115 0.108141
v 0.226367 -0.160504 0.104606
v 0.276180 -0.061771 0.056797
v 0.261465 -0.060420 0.111185
v 0.226367 -0.109580 0.155530
v 0.208676 -0.153492 0.148518
v 0.237178 -0.059009 0.160852
v 0.281131 -0.005015 0.057394
v 0.265900 -0.005015 0.112434
v 0.240859 -0.005015 0.162851
v 0.206289 -0.005015 0.206331
v 0.203463 -0.058350 0.203504
v 0.195447 -0.107839 0.195488
v 0.183409 -0.149505 0.183451
v 0.276180 0.051740 0.056797
v 0.261465 0.106128 0.055447
v 0.248266 0.103084 0.108141
v 0.261465 0.050390 0.111185
v 0.237178 0.155795 0.054035
v 0.226367 0.150474 0.104606
v 0.226367 0.099549 0.155530
v 0.237178 0.048978 0.160852
v 0.208676 0.143462 0.148518
v 0.183409 0.139475 0.183451
v 0.195447 0.097808 0.195488
v 0.203463 0.048320 0.203504
v 0.148477 -0.153492 -0.208635
v 0.104564 -0.160504 -0.226326
v 0.108100 -0.113115 -0.248224
v 0.155489 -0.109580 -0.226326
v 0.053993 -0.165826 -0.237136
v 0.055405 -0.116159 -0.261423
v 0.111143 -0.060420 -0.261423
v 0.160811 -0.059009 -0.237136
v 0.056756 -0.061771 -0.276139
v 0.000000 -0.167825 -0.240818
v 0.000000 -0.117408 -0.265859
v 0.000000 -0.062368 -0.281089
v 0.000000 -0.005015 -0.286229
v 0.057353 -0.005015 -0.281089
v 0.112393 -0.005015 -0.265859
v 0.162809 -0.005015 -0.240818
v -0.053993 -0.165826 -0.237136
v -0.104564 -0.160504 -0.226326
v -0.108100 -0.113115 -0.248224
v -0.055405 -0.116159 -0.261423
v -0.148477 -0.153492 -0.208635
v -0.155489 -0.109580 -0.226326
v -0.111143 -0.060420 -0.261423
v -0.056755 -0.061771 -0.276139
v -0.160811 -0.059009 -0.237136
v -0.162809 -0.005015 -0.240818
v -0.112393 -0.005015 -0.265859
v -0.057353 -0.005015 -0.281089
v 0.160811 0.048978 -0.237136
v 0.111143 0.050390 -0.261423
v 0.108100 0.103084 -0.248224
v 0.155489 0.099549 -0.226326
v 0.056755 0.051740 -0.276139
v 0.055405 0.106128 -0.261423
v 0.104564 0.150474 -0.226326
v 0.148477 0.143462 -0.208635
v 0.053993 0.155795 -0.237136
v 0.000000 0.052337 -0.281089
v 0.000000 0.107378 -0.265859
v 0.000000 0.157794 -0.240818
v -0.056755 0.051740 -0.276139
v -0.111143 0.050390 -0.261423
v -0.108100 0.103084 -0.248224
v -0.055405 0.106128 -0.261423
v -0.160811 0.048978 -0.237136
v -0.155489 0.099549 -0.226326
v -0.104564 0.150474 -0.226326
v -0.053993 0.155795 -0.237136
v -0.148477 0.143462 -0.208635
v 0.148477 0.143462 0.208718
v 0.104564 0.150474 0.226409
v 0.108100 0.103084 0.248307
v 0.155489 0.099549 0.226409
v 0.053993 0.155796 0.237219
v 0.055405 0.106128 0.261506
v 0.111143 0.050390 0.261506
v 0.160811 0.048978 0.237219
v 0.056756 0.051740 0.276222
v 0.000000 0.157794 0.240901
v 0.000000 0.107378 0.265942
v 0.000000 0.052337 0.281172
v 0.000000 -0.005015 0.286311
v 0.057353 -0.005015 0.281172
v 0.112393 -0.005015 0.265942
v 0.162809 -0.005015 0.240901
v -0.053993 0.155796 0.237219
v -0.104564 0.150474 0.226409
v -0.108100 0.103084 0.248307
v -0.055405 0.106128 0.261506
v -0.148477 0.143462 0.208718
v -0.155489 0.099549 0.226409
v -0.111143 0.050390 0.261506
v -0.056755 0.051740 0.276222
v -0.160811 0.048978 0.237219
v -0.162809 -0.005015 0.240901
v -0.112393 -0.005015 0.265942
v -0.057353 -0.005015 0.281172
v 0.160811 -0.059009 0.237219
v 0.111143 -0.060420 0.261506
v 0.108100 -0.113115 0.248307
v 0.155489 -0.109580 0.226409
v 0.056755 -0.061771 0.276222
v 0.055405 -0.116159 0.261506
v 0.104564 -0.160504 0.226409
v 0.148477 -0.153492 0.208718
v 0.053993 -0.165826 0.237219
v 0.000000 -0.062368 0.281172
v 0.000000 -0.117408 0.265942
v 0.000000 -0.167824 0.240901
v -0.056755 -0.061771 0.276222
v -0.111143 -0.060420 0.261506
v -0.108100 -0.113115 0.248307
v -0.055405 -0.116159 0.261506
v -0.160811 -0.059009 0.237219
v -0.155489 -0.109580 0.226409
v -0.104564 -0.160504 0.226409
v -0.053993 -0.165826 0.237219
v -0.148477 -0.153492 0.208718
v -0.045215 -0.754610 -0.109117
v -0.018598 -0.755892 -0.093455
v -0.000000 -0.758847 0.000041
v -0.052962 -0.755892 -0.079221
v -0.000000 -0.754610 -0.118111
v 0.018597 -0.755892 -0.093455
v 0.045215 -0.754610 -0.109117
v 0.052961 -0.755892 -0.079221
v 0.083546 -0.754610 -0.083505
v 0.079262 -0.755892 -0.052920
v 0.109158 -0.754610 -0.045174
v 0.093496 -0.755892 -0.018557
v 0.118152 -0.754610 0.000041
v 0.093496 -0.755892 0.018639
v 0.109158 -0.754610 0.045256
v 0.079262 -0.755892 0.053002
v 0.083546 -0.754610 0.083587
v 0.052961 -0.755892 0.079303
v 0.045215 -0.754610 0.109199
v 0.018597 -0.755892 0.093537
v -0.000000 -0.754610 0.118193
v -0.018598 -0.755892 0.093537
v -0.045215 -0.754610 0.109199
v -0.052962 -0.755892 0.079303
v -0.083546 -0.754610 0.083587
v -0.079262 -0.755892 0.053002
v -0.109158 -0.754610 0.045256
v -0.093496 -0.755892 0.018639
v -0.118152 -0.754610 0.000041
v -0.093496 -0.755892 -0.018557
v -0.109158 -0.754610 -0.045174
v -0.079262 -0.755892 -0.052920
v -0.083546 -0.754610 -0.083505
v -0.064654 -0.749696 -0.156048
v -0.048799 -0.751244 -0.147702
v -0.069964 -0.751244 -0.138935
v -0.028655 -0.752021 -0.144016
v -0.081602 -0.752021 -0.122085
v -0.000000 -0.749696 -0.168908
v 0.011455 -0.751244 -0.155130
v -0.011455 -0.751244 -0.155130
v 0.028655 -0.752021 -0.144016
v 0.064654 -0.749696 -0.156048
v 0.069964 -0.751244 -0.138935
v 0.048798 -0.751244 -0.147702
v 0.081602 -0.752021 -0.122085
v 0.119465 -0.749696 -0.119424
v 0.117822 -0.751244 -0.101582
v 0.101623 -0.751244 -0.117781
v 0.122126 -0.752021 -0.081561
v 0.156089 -0.749696 -0.064613
v 0.147743 -0.751244 -0.048758
v 0.138976 -0.751244 -0.069923
v 0.144057 -0.752021 -0.028614
v 0.168949 -0.749696 0.000041
v 0.155171 -0.751244 0.011496
v 0.155171 -0.751244 -0.011414
v 0.144057 -0.752021 0.028696
v 0.156089 -0.749696 0.064695
v 0.138976 -0.751244 0.070005
v 0.147743 -0.751244 0.048840
v 0.122126 -0.752021 0.081643
v 0.119465 -0.749696 0.119506
v 0.101623 -0.751244 0.117863
v 0.117822 -0.751244 0.101664
v 0.081602 -0.752021 0.122167
v 0.064654 -0.749696 0.156130
v 0.048798 -0.751244 0.147784
v 0.069964 -0.751244 0.139017
v 0.028655 -0.752021 0.144098
v -0.000000 -0.749696 0.168990
v -0.011455 -0.751244 0.155212
v 0.011455 -0.751244 0.155212
v -0.028655 -0.752021 0.144098
v -0.064654 -0.749696 0.156130
v -0.069964 -0.751244 0.139017
v -0.048799 -0.751244 0.147784
v -0.081602 -0.752021 0.122167
v -0.119465 -0.749696 0.119506
v -0.117822 -0.751244 0.101664
v -0.101623 -0.751244 0.117863
v -0.122126 -0.752021 0.081643
v -0.156089 -0.749696 0.064695
v -0.147743 -0.751244 0.048840
v -0.138976 -0.751244 0.070005
v -0.144057 -0.752021 0.028696
v -0.168949 -0.749696 0.000041
v -0.155171 -0.751244 -0.011414
v -0.155171 -0.751244 0.011496
v -0.144057 -0.752021 -0.028614
v -0.156089 -0.749696 -0.064613
v -0.138976 -0.751244 -0.069923
v -0.147743 -0.751244 -0.048758
v -0.122126 -0.752021 -0.081561
v -0.119465 -0.749696 -0.119424
v -0.101623 -0.751244 -0.117781
v -0.117822 -0.751244 -0.101582
v 0.085233 -0.630294 -0.280926
v 0.057279 -0.630294 -0.287920
v 0.061227 -0.570304 -0.307766
v 0.091107 -0.570304 -0.300290
v 0.028777 -0.630294 -0.292156
v 0.030760 -0.570304 -0.312294
v 0.064521 -0.500562 -0.324328
v 0.096009 -0.500562 -0.316450
v 0.032415 -0.500562 -0.329100
v 0.103790 -0.677918 -0.250530
v 0.078729 -0.677918 -0.259486
v 0.112364 -0.630294 -0.271229
v 0.052908 -0.677918 -0.265946
v 0.026581 -0.677918 -0.269859
v -0.000000 -0.677918 -0.271175
v -0.000000 -0.630294 -0.293580
v -0.000000 -0.570304 -0.313816
v -0.000000 -0.500562 -0.330704
v -0.000000 -0.423680 -0.343066
v 0.033626 -0.423680 -0.341401
v 0.066932 -0.423680 -0.336451
v 0.099598 -0.423680 -0.328279
v 0.126571 -0.500562 -0.305528
v 0.131301 -0.423680 -0.316948
v 0.120108 -0.570304 -0.289925
v 0.186266 -0.630294 -0.226921
v 0.163117 -0.630294 -0.244080
v 0.174358 -0.570304 -0.260905
v 0.199104 -0.570304 -0.242564
v 0.138405 -0.630294 -0.258901
v 0.147944 -0.570304 -0.276747
v 0.183741 -0.500562 -0.274946
v 0.209817 -0.500562 -0.255618
v 0.155904 -0.500562 -0.291641
v 0.191779 -0.677918 -0.191738
v 0.172053 -0.677918 -0.209603
v 0.207621 -0.630294 -0.207580
v 0.150670 -0.677918 -0.225452
v 0.127844 -0.677918 -0.239142
v 0.161731 -0.423680 -0.302542
v 0.190608 -0.423680 -0.285223
v 0.217659 -0.423680 -0.265173
v 0.233872 -0.500562 -0.233831
v 0.242613 -0.423680 -0.242572
v 0.221931 -0.570304 -0.221890
v 0.258942 -0.630294 -0.138364
v 0.244121 -0.630294 -0.163076
v 0.260946 -0.570304 -0.174317
v 0.276789 -0.570304 -0.147903
v 0.226963 -0.630294 -0.186225
v 0.242605 -0.570304 -0.199063
v 0.274987 -0.500562 -0.183699
v 0.291682 -0.500562 -0.155863
v 0.255659 -0.500562 -0.209776
v 0.250571 -0.677918 -0.103749
v 0.239183 -0.677918 -0.127803
v 0.271271 -0.630294 -0.112323
v 0.225493 -0.677918 -0.150629
v 0.209644 -0.677918 -0.172012
v 0.265214 -0.423680 -0.217618
v 0.285264 -0.423680 -0.190566
v 0.302583 -0.423680 -0.161690
v 0.305569 -0.500562 -0.126530
v 0.316989 -0.423680 -0.131260
v 0.289966 -0.570304 -0.120067
v 0.292197 -0.630294 -0.028735
v 0.287961 -0.630294 -0.057238
v 0.307807 -0.570304 -0.061185
v 0.312335 -0.570304 -0.030719
v 0.280967 -0.630294 -0.085192
v 0.300331 -0.570304 -0.091066
v 0.324369 -0.500562 -0.064480
v 0.329141 -0.500562 -0.032374
v 0.316492 -0.500562 -0.095968
v 0.271216 -0.677918 0.000041
v 0.269900 -0.677918 -0.026540
v 0.293621 -0.630294 0.000041
v 0.265987 -0.677918 -0.052867
v 0.259527 -0.677918 -0.078688
v 0.328320 -0.423680 -0.099556
v 0.336492 -0.423680 -0.066891
v 0.341442 -0.423680 -0.033585
v 0.330745 -0.500562 0.000041
v 0.343107 -0.423680 0.000041
v 0.313857 -0.570304 0.000041
v 0.280967 -0.630294 0.085274
v 0.287961 -0.630294 0.057320
v 0.307807 -0.570304 0.061268
v 0.300331 -0.570304 0.091148
v 0.292197 -0.630294 0.028818
v 0.312335 -0.570304 0.030801
v 0.324369 -0.500562 0.064562
v 0.316492 -0.500562 0.096051
v 0.329141 -0.500562 0.032456
v 0.250571 -0.677918 0.103831
v 0.259527 -0.677918 0.078770
v 0.271270 -0.630294 0.112405
v 0.265987 -0.677918 0.052949
v 0.269900 -0.677918 0.026622
v 0.341442 -0.423680 0.033668
v 0.336492 -0.423680 0.066974
v 0.328320 -0.423680 0.099639
v 0.305569 -0.500562 0.126612
v 0.316989 -0.423680 0.131343
v 0.289966 -0.570304 0.120149
v 0.226962 -0.630294 0.186307
v 0.244121 -0.630294 0.163158
v 0.260946 -0.570304 0.174400
v 0.242605 -0.570304 0.199145
v 0.258942 -0.630294 0.138446
v 0.276789 -0.570304 0.147985
v 0.274987 -0.500562 0.183782
v 0.255659 -0.500562 0.209858
v 0.291682 -0.500562 0.155946
v 0.191779 -0.677918 0.191820
v 0.209644 -0.677918 0.172094
v 0.207621 -0.630294 0.207663
v 0.225493 -0.677918 0.150711
v 0.239183 -0.677918 0.127885
v 0.302583 -0.423680 0.161772
v 0.285264 -0.423680 0.190649
v 0.265214 -0.423680 0.217700
v 0.233872 -0.500562 0.233914
v 0.242613 -0.423680 0.242654
v 0.221931 -0.570304 0.221972
v 0.138405 -0.630294 0.258984
v 0.163117 -0.630294 0.244163
v 0.174358 -0.570304 0.260987
v 0.147944 -0.570304 0.276830
v 0.186266 -0.630294 0.227004
v 0.199104 -0.570304 0.242646
v 0.183740 -0.500562 0.275028
v 0.155904 -0.500562 0.291723
v 0.209817 -0.500562 0.255700
v 0.103790 -0.677918 0.250612
v 0.127844 -0.677918 0.239225
v 0.112364 -0.630294 0.271312
v 0.150670 -0.677918 0.225535
v 0.172053 -0.677918 0.209685
v 0.217659 -0.423680 0.265255
v 0.190607 -0.423680 0.285306
v 0.161731 -0.423680 0.302625
v 0.126571 -0.500562 0.305610
v 0.131301 -0.423680 0.317031
v 0.120108 -0.570304 0.290008
v 0.028776 -0.630294 0.292238
v 0.057279 -0.630294 0.288002
v 0.061226 -0.570304 0.307848
v 0.030760 -0.570304 0.312376
v 0.085233 -0.630294 0.281008
v 0.091107 -0.570304 0.300372
v 0.064521 -0.500562 0.324411
v 0.032415 -0.500562 0.329183
v 0.096009 -0.500562 0.316533
v -0.000000 -0.677918 0.271257
v 0.026581 -0.677918 0.269942
v -0.000000 -0.630294 0.293662
v 0.052908 -0.677918 0.266029
v 0.078729 -0.677918 0.259569
v 0.099597 -0.423680 0.328361
v 0.066932 -0.423680 0.336534
v 0.033626 -0.423680 0.341484
v -0.000000 -0.500562 0.330787
v -0.000000 -0.423680 0.343148
v -0.000000 -0.570304 0.313899
v -0.085233 -0.630294 0.281008
v -0.057279 -0.630294 0.288002
v -0.061227 -0.570304 0.307848
v -0.091107 -0.570304 0.300372
v -0.028777 -0.630294 0.292238
v -0.030760 -0.570304 0.312376
v -0.064521 -0.500562 0.324411
v -0.096010 -0.500562 0.316533
v -0.032415 -0.500562 0.329183
v -0.103790 -0.677918 0.250612
v -0.078729 -0.677918 0.259569
v -0.112364 -0.630294 0.271312
v -0.052908 -0.677918 0.266029
v -0.026581 -0.677918 0.269942
v -0.033627 -0.423680 0.341484
v -0.066933 -0.423680 0.336534
v -0.099598 -0.423680 0.328361
v -0.126571 -0.500562 0.305610
v -0.131301 -0.423680 0.317030
v -0.120108 -0.570304 0.290008
v -0.186267 -0.630294 0.227004
v -0.163117 -0.630294 0.244162
v -0.174359 -0.570304 0.260987
v -0.199104 -0.570304 0.242646
v -0.138405 -0.630294 0.258984
v -0.147944 -0.570304 0.276830
v -0.183741 -0.500562 0.275028
v -0.209817 -0.500562 0.255700
v -0.155905 -0.500562 0.291723
v -0.191779 -0.677918 0.191820
v -0.172053 -0.677918 0.209685
v -0.207622 -0.630294 0.207663
v -0.150670 -0.677918 0.225534
v -0.127844 -0.677918 0.239225
v -0.161731 -0.423680 0.302625
v -0.190608 -0.423680 0.285306
v -0.217659 -0.423680 0.265255
v -0.233873 -0.500562 0.233914
v -0.242613 -0.423680 0.242654
v -0.221931 -0.570304 0.221972
v -0.258943 -0.630294 0.138446
v -0.244122 -0.630294 0.163158
v -0.260946 -0.570304 0.174400
v -0.276789 -0.570304 0.147985
v -0.226963 -0.630294 0.186307
v -0.242605 -0.570304 0.199145
v -0.274987 -0.500562 0.183782
v -0.291682 -0.500562 0.155946
v -0.255659 -0.500562 0.209858
v -0.250571 -0.677918 0.103831
v -0.239184 -0.677918 0.127885
v -0.271271 -0.630294 0.112405
v -0.225494 -0.677918 0.150711
v -0.209644 -0.677918 0.172094
v -0.265214 -0.423680 0.217700
v -0.285265 -0.423680 0.190649
v -0.302584 -0.423680 0.161772
v -0.305569 -0.500562 0.126612
v -0.316989 -0.423680 0.131342
v -0.289967 -0.570304 0.120149
v -0.292197 -0.630294 0.028818
v -0.287961 -0.630294 0.057320
v -0.307807 -0.570304 0.061268
v -0.312335 -0.570304 0.030801
v -0.280967 -0.630294 0.085274
v -0.300331 -0.570304 0.091148
v -0.324370 -0.500562 0.064562
v -0.329142 -0.500562 0.032456
v -0.316492 -0.500562 0.096050
v -0.271216 -0.677918 0.000041
v -0.269901 -0.677918 0.026622
v -0.293621 -0.630294 0.000041
v -0.265988 -0.677918 0.052949
v -0.259528 -0.677918 0.078770
v -0.328320 -0.423680 0.099639
v -0.336493 -0.423680 0.066974
v -0.341443 -0.423680 0.033668
v -0.330746 -0.500562 0.000041
v -0.343107 -0.423680 0.000041
v -0.313858 -0.570304 0.000041
v -0.280967 -0.630294 -0.085192
v -0.287961 -0.630294 -0.057238
v -0.307807 -0.570304 -0.061186
v -0.300331 -0.570304 -0.091066
v -0.292197 -0.630294 -0.028736
v -0.312335 -0.570304 -0.030719
v -0.324370 -0.500562 -0.064480
v -0.316492 -0.500562 -0.095968
v -0.329141 -0.500562 -0.032374
v -0.250571 -0.677918 -0.103749
v -0.259528 -0.677918 -0.078688
v -0.271271 -0.630294 -0.112323
v -0.265988 -0.677918 -0.052867
v -0.269901 -0.677918 -0.026540
v -0.341443 -0.423680 -0.033585
v -0.336493 -0.423680 -0.066891
v -0.328320 -0.423680 -0.099556
v -0.305569 -0.500562 -0.126530
v -0.316989 -0.423680 -0.131260
v -0.289967 -0.570304 -0.120067
v -0.226963 -0.630294 -0.186225
v -0.244122 -0.630294 -0.163076
v -0.260946 -0.570304 -0.174318
v -0.242605 -0.570304 -0.199063
v -0.258943 -0.630294 -0.138364
v -0.276789 -0.570304 -0.147903
v -0.274987 -0.500562 -0.183700
v -0.255659 -0.500562 -0.209776
v -0.291682 -0.500562 -0.155863
v -0.191779 -0.677918 -0.191738
v -0.209644 -0.677918 -0.172012
v -0.207622 -0.630294 -0.207580
v -0.225494 -0.677918 -0.150629
v -0.239184 -0.677918 -0.127803
v -0.302584 -0.423680 -0.161690
v -0.285265 -0.423680 -0.190567
v -0.265214 -0.423680 -0.217618
v -0.233873 -0.500562 -0.233831
v -0.242613 -0.423680 -0.242572
v -0.221931 -0.570304 -0.221890
v -0.138405 -0.630294 -0.258901
v -0.163117 -0.630294 -0.244080
v -0.174359 -0.570304 -0.260905
v -0.147944 -0.570304 -0.276748
v -0.186266 -0.630294 -0.226922
v -0.199104 -0.570304 -0.242564
v -0.183741 -0.500562 -0.274946
v -0.155905 -0.500562 -0.291641
v -0.209817 -0.500562 -0.255618
v -0.103790 -0.677918 -0.250530
v -0.127844 -0.677918 -0.239142
v -0.112364 -0.630294 -0.271230
v -0.150670 -0.677918 -0.225452
v -0.172053 -0.677918 -0.209603
v -0.217659 -0.423680 -0.265173
v -0.190608 -0.423680 -0.285223
v -0.161731 -0.423680 -0.302542
v -0.126571 -0.500562 -0.305528
v -0.131301 -0.423680 -0.316948
v -0.120108 -0.570304 -0.289925
v -0.028777 -0.630294 -0.292156
v -0.057279 -0.630294 -0.287920
v -0.061227 -0.570304 -0.307766
v -0.030760 -0.570304 -0.312294
v -0.085233 -0.630294 -0.280926
v -0.091107 -0.570304 -0.300290
v -0.064521 -0.500562 -0.324328
v -0.032415 -0.500562 -0.329100
v -0.096009 -0.500562 -0.316450
v -0.026581 -0.677918 -0.269859
v -0.052908 -0.677918 -0.265946
v -0.078729 -0.677918 -0.259486
v -0.099598 -0.423680 -0.328279
v -0.066933 -0.423680 -0.336451
v -0.033627 -0.423680 -0.341401
v -0.101556 -0.342949 -0.334839
v -0.101676 -0.264362 -0.335962
v -0.068201 -0.264362 -0.344268
v -0.068233 -0.342949 -0.343167
v -0.099774 -0.194592 -0.331673
v -0.066619 -0.194592 -0.339733
v -0.034173 -0.264362 -0.349377
v -0.034268 -0.342949 -0.348222
v -0.033162 -0.194592 -0.344881
v -0.133900 -0.342949 -0.323292
v -0.134174 -0.264362 -0.324450
v -0.131983 -0.194592 -0.320507
v -0.127186 -0.140309 -0.311550
v -0.095668 -0.140309 -0.321994
v -0.063269 -0.140309 -0.329543
v -0.031058 -0.140309 -0.334748
v 0.001114 -0.140309 -0.336922
v 0.000470 -0.194592 -0.346792
v 0.000139 -0.264362 -0.351148
v 0.000017 -0.342949 -0.349928
v -0.221987 -0.342949 -0.270485
v -0.222583 -0.264362 -0.271488
v -0.194821 -0.264362 -0.292001
v -0.194385 -0.342949 -0.290936
v -0.219336 -0.194592 -0.268282
v -0.191743 -0.194592 -0.288515
v -0.165288 -0.264362 -0.309731
v -0.164934 -0.342949 -0.308601
v -0.162632 -0.194592 -0.306032
v -0.247449 -0.342949 -0.247431
v -0.248195 -0.264362 -0.248341
v -0.244798 -0.194592 -0.245388
v -0.237203 -0.140309 -0.238659
v -0.212135 -0.140309 -0.260966
v -0.184980 -0.140309 -0.280576
v -0.156808 -0.140309 -0.297607
v -0.308620 -0.342949 -0.164918
v -0.309593 -0.264362 -0.165445
v -0.291790 -0.264362 -0.194983
v -0.290946 -0.342949 -0.194369
v -0.305469 -0.194592 -0.163262
v -0.287706 -0.194592 -0.192387
v -0.271297 -0.264362 -0.222729
v -0.270498 -0.342949 -0.221969
v -0.267539 -0.194592 -0.219927
v -0.323327 -0.342949 -0.133886
v -0.324435 -0.264362 -0.134348
v -0.320359 -0.194592 -0.132669
v -0.311142 -0.140309 -0.128869
v -0.296216 -0.140309 -0.158357
v -0.278600 -0.140309 -0.186563
v -0.259149 -0.140309 -0.213592
v -0.348272 -0.342949 -0.034266
v -0.349493 -0.264362 -0.034444
v -0.344412 -0.264362 -0.068500
v -0.343221 -0.342949 -0.068234
v -0.345174 -0.194592 -0.034175
v -0.340120 -0.194592 -0.067727
v -0.336055 -0.264362 -0.101921
v -0.334887 -0.342949 -0.101551
v -0.331888 -0.194592 -0.100701
v -0.349969 -0.342949 0.000024
v -0.351190 -0.264362 -0.000098
v -0.346833 -0.194592 -0.000429
v -0.336964 -0.140309 -0.001073
v -0.335384 -0.140309 -0.033516
v -0.330405 -0.140309 -0.065950
v -0.322448 -0.140309 -0.097921
v -0.334880 -0.342949 0.101597
v -0.336004 -0.264362 0.101717
v -0.344309 -0.264362 0.068242
v -0.343209 -0.342949 0.068274
v -0.331715 -0.194592 0.099816
v -0.339775 -0.194592 0.066661
v -0.349419 -0.264362 0.034214
v -0.348263 -0.342949 0.034309
v -0.344923 -0.194592 0.033204
v -0.323334 -0.342949 0.133941
v -0.324492 -0.264362 0.134215
v -0.320550 -0.194592 0.132024
v -0.311594 -0.140309 0.127228
v -0.322038 -0.140309 0.095711
v -0.329587 -0.140309 0.063311
v -0.334790 -0.140309 0.031100
v -0.270527 -0.342949 0.222028
v -0.271530 -0.264362 0.222624
v -0.292043 -0.264362 0.194862
v -0.290977 -0.342949 0.194426
v -0.268324 -0.194592 0.219378
v -0.288558 -0.194592 0.191785
v -0.309772 -0.264362 0.165329
v -0.308643 -0.342949 0.164975
v -0.306074 -0.194592 0.162674
v -0.247472 -0.342949 0.247490
v -0.248383 -0.264362 0.248236
v -0.245430 -0.194592 0.244839
v -0.238701 -0.140309 0.237245
v -0.261009 -0.140309 0.212177
v -0.280619 -0.140309 0.185022
v -0.297651 -0.140309 0.156850
v -0.164952 -0.342949 0.308659
v -0.165428 -0.264362 0.309611
v -0.195007 -0.264362 0.291825
v -0.194409 -0.342949 0.290986
v -0.163106 -0.194592 0.305433
v -0.192370 -0.194592 0.287724
v -0.222768 -0.264362 0.271338
v -0.222010 -0.342949 0.270539
v -0.219962 -0.194592 0.267578
v -0.133909 -0.342949 0.323361
v -0.134250 -0.264362 0.324422
v -0.132241 -0.194592 0.320217
v -0.127798 -0.140309 0.310749
v -0.157930 -0.140308 0.296075
v -0.186466 -0.140309 0.278588
v -0.213617 -0.140309 0.259185
v -0.034269 -0.342949 0.348304
v -0.034174 -0.264362 0.349458
v -0.068211 -0.264362 0.344337
v -0.068234 -0.342949 0.343248
v -0.033167 -0.194592 0.344958
v -0.066652 -0.194592 0.339769
v -0.101708 -0.264362 0.335998
v -0.101560 -0.342949 0.334916
v -0.099883 -0.194592 0.331599
v 0.000017 -0.342949 0.350010
v 0.000139 -0.264362 0.351231
v 0.000470 -0.194592 0.346874
v 0.001114 -0.140309 0.337005
v -0.031068 -0.140309 0.334817
v -0.063346 -0.140309 0.329517
v -0.095927 -0.140309 0.321705
v 0.101592 -0.342949 0.334928
v 0.101962 -0.264362 0.336097
v 0.068541 -0.264362 0.344453
v 0.068275 -0.342949 0.343263
v 0.100742 -0.194592 0.331930
v 0.067768 -0.194592 0.340161
v 0.034485 -0.264362 0.349534
v 0.034307 -0.342949 0.348314
v 0.034216 -0.194592 0.345215
v 0.133926 -0.342949 0.323368
v 0.134389 -0.264362 0.324477
v 0.132710 -0.194592 0.320401
v 0.128910 -0.140309 0.311183
v 0.097962 -0.140308 0.322490
v 0.065991 -0.140309 0.330446
v 0.033557 -0.140309 0.335425
v 0.222010 -0.342949 0.270539
v 0.222770 -0.264362 0.271338
v 0.195024 -0.264362 0.291831
v 0.194410 -0.342949 0.290987
v 0.219968 -0.194592 0.267580
v 0.192428 -0.194592 0.287747
v 0.165486 -0.264362 0.309634
v 0.164959 -0.342949 0.308662
v 0.163303 -0.194592 0.305510
v 0.247472 -0.342949 0.247490
v 0.248382 -0.264362 0.248236
v 0.245430 -0.194592 0.244839
v 0.238700 -0.140309 0.237244
v 0.213633 -0.140309 0.259191
v 0.186604 -0.140309 0.278641
v 0.158398 -0.140309 0.296257
v 0.308643 -0.342949 0.164975
v 0.309772 -0.264362 0.165329
v 0.292042 -0.264362 0.194862
v 0.290977 -0.342949 0.194426
v 0.306073 -0.194592 0.162673
v 0.288556 -0.194592 0.191784
v 0.271529 -0.264362 0.222624
v 0.270526 -0.342949 0.222028
v 0.268323 -0.194592 0.219378
v 0.323333 -0.342949 0.133941
v 0.324491 -0.264362 0.134215
v 0.320549 -0.194592 0.132024
v 0.311591 -0.140309 0.127227
v 0.297648 -0.140309 0.156849
v 0.280617 -0.140309 0.185021
v 0.261008 -0.140309 0.212177
v 0.348263 -0.342949 0.034310
v 0.349418 -0.264362 0.034214
v 0.344309 -0.264362 0.068242
v 0.343208 -0.342949 0.068274
v 0.344923 -0.194592 0.033203
v 0.339774 -0.194592 0.066661
v 0.336004 -0.264362 0.101717
v 0.334880 -0.342949 0.101597
v 0.331714 -0.194592 0.099815
v 0.349969 -0.342949 0.000024
v 0.351189 -0.264362 -0.000098
v 0.346833 -0.194592 -0.000429
v 0.336964 -0.140308 -0.001073
v 0.334789 -0.140308 0.031099
v 0.329585 -0.140308 0.063310
v 0.322035 -0.140308 0.095710
v 0.334892 -0.342949 -0.101547
v 0.336102 -0.264362 -0.101889
v 0.344425 -0.264362 -0.068491
v 0.343223 -0.342949 -0.068233
v 0.332047 -0.194592 -0.100592
v 0.340168 -0.194592 -0.067695
v 0.349495 -0.264362 -0.034443
v 0.348272 -0.342949 -0.034266
v 0.345180 -0.194592 -0.034171
v 0.323340 -0.342949 -0.133876
v 0.324546 -0.264362 -0.134272
v 0.320735 -0.194592 -0.132412
v 0.312032 -0.140308 -0.128260
v 0.322825 -0.140308 -0.097665
v 0.330518 -0.140308 -0.065874
v 0.335399 -0.140308 -0.033507
v 0.270527 -0.342949 -0.221946
v 0.271530 -0.264362 -0.222544
v 0.292049 -0.264362 -0.194797
v 0.290978 -0.342949 -0.194346
v 0.268326 -0.194592 -0.219303
v 0.288580 -0.194592 -0.191761
v 0.309795 -0.264362 -0.165305
v 0.308646 -0.342949 -0.164900
v 0.306152 -0.194592 -0.162790
v 0.247472 -0.342949 -0.247407
v 0.248382 -0.264362 -0.248154
v 0.245430 -0.194592 -0.244757
v 0.238701 -0.140308 -0.237162
v 0.261016 -0.140308 -0.212112
v 0.280674 -0.140308 -0.185079
v 0.297835 -0.140308 -0.157238
v 0.164959 -0.342949 -0.308579
v 0.165487 -0.264362 -0.309552
v 0.195024 -0.264362 -0.291749
v 0.194411 -0.342949 -0.290904
v 0.163304 -0.194592 -0.305428
v 0.192429 -0.194592 -0.287665
v 0.222770 -0.264362 -0.271256
v 0.222010 -0.342949 -0.270456
v 0.219969 -0.194592 -0.267498
v 0.133927 -0.342949 -0.323285
v 0.134389 -0.264362 -0.324394
v 0.132711 -0.194592 -0.320319
v 0.128911 -0.140308 -0.311104
v 0.158399 -0.140308 -0.296177
v 0.186605 -0.140308 -0.278561
v 0.213634 -0.140308 -0.259109
v 0.034307 -0.342949 -0.348231
v 0.034485 -0.264362 -0.349452
v 0.068541 -0.264362 -0.344370
v 0.068275 -0.342949 -0.343180
v 0.034217 -0.194592 -0.345133
v 0.067768 -0.194592 -0.340080
v 0.101962 -0.264362 -0.336014
v 0.101592 -0.342949 -0.334845
v 0.100742 -0.194592 -0.331848
v 0.033557 -0.140309 -0.335344
v 0.065992 -0.140309 -0.330366
v 0.097964 -0.140309 -0.322410
v 0.056224 -0.745017 -0.181985
v 0.036530 -0.745392 -0.183606
v 0.042918 -0.732978 -0.215724
v 0.064344 -0.732864 -0.211302
v 0.017714 -0.745017 -0.189645
v 0.021431 -0.732864 -0.219838
v 0.048232 -0.711483 -0.242438
v 0.071831 -0.711468 -0.236651
v 0.024215 -0.711468 -0.246122
v 0.074231 -0.744588 -0.179168
v -0.000000 -0.744588 -0.193933
v -0.000000 -0.732749 -0.221810
v -0.000000 -0.711454 -0.247435
v 0.094705 -0.711454 -0.228597
v 0.084899 -0.732749 -0.204922
v 0.121602 -0.745017 -0.146613
v 0.104028 -0.745392 -0.155648
v 0.122221 -0.732978 -0.182876
v 0.140324 -0.732864 -0.170591
v 0.088955 -0.745017 -0.168427
v 0.103944 -0.732864 -0.194899
v 0.137353 -0.711483 -0.205522
v 0.156941 -0.711468 -0.191145
v 0.116574 -0.711468 -0.218117
v 0.137160 -0.744588 -0.137119
v 0.174992 -0.711454 -0.174951
v 0.156872 -0.732749 -0.156831
v 0.168468 -0.745017 -0.088914
v 0.155688 -0.745392 -0.103987
v 0.182917 -0.732978 -0.122180
v 0.194940 -0.732864 -0.103903
v 0.146654 -0.745017 -0.121561
v 0.170632 -0.732864 -0.140283
v 0.205563 -0.711483 -0.137312
v 0.218158 -0.711468 -0.116533
v 0.191186 -0.711468 -0.156900
v 0.179209 -0.744588 -0.074190
v 0.228638 -0.711454 -0.094664
v 0.204963 -0.732749 -0.084858
v 0.189685 -0.745017 -0.017673
v 0.183647 -0.745392 -0.036489
v 0.215765 -0.732978 -0.042877
v 0.219879 -0.732864 -0.021390
v 0.182025 -0.745017 -0.056183
v 0.211343 -0.732864 -0.064303
v 0.242479 -0.711483 -0.048191
v 0.246163 -0.711468 -0.024174
v 0.236692 -0.711468 -0.071790
v 0.193974 -0.744588 0.000041
v 0.247475 -0.711454 0.000041
v 0.221851 -0.732749 0.000041
v 0.182025 -0.745017 0.056265
v 0.183647 -0.745392 0.036571
v 0.215765 -0.732978 0.042960
v 0.211343 -0.732864 0.064385
v 0.189685 -0.745017 0.017755
v 0.219879 -0.732864 0.021472
v 0.242479 -0.711483 0.048273
v 0.236692 -0.711468 0.071872
v 0.246163 -0.711468 0.024256
v 0.179209 -0.744588 0.074272
v 0.228637 -0.711454 0.094746
v 0.204963 -0.732749 0.084940
v 0.146654 -0.745017 0.121643
v 0.155688 -0.745392 0.104069
v 0.182917 -0.732978 0.122262
v 0.170632 -0.732864 0.140365
v 0.168468 -0.745017 0.088996
v 0.194940 -0.732864 0.103985
v 0.205563 -0.711483 0.137394
v 0.191186 -0.711468 0.156982
v 0.218158 -0.711468 0.116616
v 0.137160 -0.744588 0.137202
v 0.174992 -0.711454 0.175033
v 0.156872 -0.732749 0.156913
v 0.088955 -0.745017 0.168509
v 0.104028 -0.745392 0.155730
v 0.122221 -0.732978 0.182958
v 0.103944 -0.732864 0.194981
v 0.121602 -0.745017 0.146695
v 0.140324 -0.732864 0.170673
v 0.137353 -0.711483 0.205605
v 0.116574 -0.711468 0.218200
v 0.156941 -0.711468 0.191228
v 0.074231 -0.744588 0.179250
v 0.094705 -0.711454 0.228679
v 0.084898 -0.732749 0.205005
v 0.017714 -0.745017 0.189727
v 0.036530 -0.745392 0.183688
v 0.042918 -0.732978 0.215807
v 0.021431 -0.732864 0.219920
v 0.056224 -0.745017 0.182067
v 0.064344 -0.732864 0.211384
v 0.048232 -0.711483 0.242520
v 0.024215 -0.711468 0.246204
v 0.071831 -0.711468 0.236733
v -0.000000 -0.744588 0.194015
v -0.000000 -0.711454 0.247517
v -0.000000 -0.732749 0.221892
v -0.056224 -0.745017 0.182067
v -0.036530 -0.745392 0.183688
v -0.042919 -0.732978 0.215807
v -0.064344 -0.732864 0.211384
v -0.017714 -0.745017 0.189727
v -0.021431 -0.732864 0.219920
v -0.048232 -0.711483 0.242520
v -0.071831 -0.711468 0.236733
v -0.024215 -0.711468 0.246204
v -0.074231 -0.744588 0.179250
v -0.094705 -0.711454 0.228679
v -0.084899 -0.732749 0.205004
v -0.121602 -0.745017 0.146695
v -0.104028 -0.745392 0.155730
v -0.122221 -0.732978 0.182958
v -0.140324 -0.732864 0.170673
v -0.088956 -0.745017 0.168509
v -0.103944 -0.732864 0.194981
v -0.137353 -0.711483 0.205605
v -0.156941 -0.711468 0.191227
v -0.116575 -0.711468 0.218200
v -0.137161 -0.744588 0.137202
v -0.174992 -0.711454 0.175033
v -0.156872 -0.732749 0.156913
v -0.168468 -0.745017 0.088996
v -0.155689 -0.745392 0.104069
v -0.182917 -0.732978 0.122262
v -0.194940 -0.732864 0.103985
v -0.146654 -0.745017 0.121643
v -0.170632 -0.732864 0.140365
v -0.205564 -0.711483 0.137394
v -0.218159 -0.711468 0.116616
v -0.191187 -0.711468 0.156982
v -0.179209 -0.744588 0.074272
v -0.228638 -0.711454 0.094746
v -0.204964 -0.732749 0.084940
v -0.189686 -0.745017 0.017755
v -0.183647 -0.745392 0.036571
v -0.215766 -0.732978 0.042959
v -0.219879 -0.732864 0.021472
v -0.182026 -0.745017 0.056265
v -0.211343 -0.732864 0.064385
v -0.242479 -0.711483 0.048273
v -0.246163 -0.711468 0.024256
v -0.236692 -0.711468 0.071872
v -0.193974 -0.744588 0.000041
v -0.247476 -0.711454 0.000041
v -0.221851 -0.732749 0.000041
v -0.182026 -0.745017 -0.056183
v -0.183647 -0.745392 -0.036489
v -0.215766 -0.732978 -0.042877
v -0.211343 -0.732864 -0.064303
v -0.189686 -0.745017 -0.017673
v -0.219879 -0.732864 -0.021390
v -0.242479 -0.711483 -0.048191
v -0.236692 -0.711468 -0.071790
v -0.246163 -0.711468 -0.024174
v -0.179209 -0.744588 -0.074190
v -0.228638 -0.711454 -0.094664
v -0.204964 -0.732749 -0.084858
v -0.146654 -0.745017 -0.121561
v -0.155689 -0.745392 -0.103987
v -0.182917 -0.732978 -0.122180
v -0.170632 -0.732864 -0.140283
v -0.168468 -0.745017 -0.088914
v -0.194940 -0.732864 -0.103903
v -0.205564 -0.711483 -0.137312
v -0.191187 -0.711468 -0.156900
v -0.218159 -0.711468 -0.116533
v -0.137161 -0.744588 -0.137119
v -0.174992 -0.711454 -0.174951
v -0.156872 -0.732749 -0.156831
v -0.088956 -0.745017 -0.168427
v -0.104028 -0.745392 -0.155648
v -0.122221 -0.732978 -0.182876
v -0.103944 -0.732864 -0.194899
v -0.121602 -0.745017 -0.146613
v -0.140324 -0.732864 -0.170591
v -0.137353 -0.711483 -0.205523
v -0.116575 -0.711468 -0.218117
v -0.156941 -0.711468 -0.191145
v -0.074231 -0.744588 -0.179168
v -0.094705 -0.711454 -0.228597
v -0.084899 -0.732749 -0.204922
v -0.017714 -0.745017 -0.189645
v -0.036530 -0.745392 -0.183606
v -0.042919 -0.732978 -0.215724
v -0.021431 -0.732864 -0.219838
v -0.056224 -0.745017 -0.181985
v -0.064344 -0.732864 -0.211302
v -0.048232 -0.711483 -0.242438
v -0.024215 -0.711468 -0.246122
v -0.071831 -0.711468 -0.236651
v 0.026476 -0.083586 0.293878
v 0.030507 -0.088843 0.305645
v 0.060080 -0.087291 0.297955
v 0.044511 -0.084089 0.288163
v 0.032506 -0.106150 0.320946
v 0.063333 -0.106001 0.315866
v 0.093942 -0.106147 0.308516
v 0.090544 -0.088820 0.293563
v 0.090323 -0.083504 0.281404
v 0.071360 -0.084018 0.283109
v 0.057016 -0.085097 0.280130
v 0.010083 -0.083591 0.288846
v 0.007273 -0.083354 0.295821
v 0.021555 -0.084501 0.285579
v 0.004232 -0.088980 0.307419
v 0.035425 -0.085955 0.280779
v 0.002234 -0.106195 0.322491
v 0.123171 -0.106192 0.297730
v 0.116322 -0.088957 0.284389
v 0.104348 -0.083448 0.270368
v 0.092279 -0.084314 0.272149
v 0.109436 -0.083281 0.275259
v 0.077646 -0.085754 0.273074
v 0.055853 -0.088731 0.272050
v 0.047538 -0.087471 0.275696
v 0.064721 -0.087354 0.272661
v -0.199299 -0.083211 0.217138
v -0.197793 -0.088561 0.231768
v -0.166024 -0.085275 0.246519
v -0.185935 -0.083486 0.223102
v -0.204573 -0.106092 0.246540
v -0.177552 -0.105806 0.264747
v -0.149932 -0.106099 0.282414
v -0.139026 -0.088627 0.269812
v -0.124737 -0.083455 0.264697
v -0.136065 -0.083833 0.254488
v -0.136233 -0.085115 0.249470
v -0.151177 -0.084462 0.244150
v -0.160198 -0.085114 0.236237
v -0.170928 -0.084240 0.231832
v -0.181955 -0.084598 0.220962
v -0.212736 -0.083053 0.199540
v -0.214798 -0.083079 0.205246
v -0.204393 -0.083767 0.204056
v -0.219932 -0.088895 0.214344
v -0.195719 -0.084962 0.207772
v -0.228991 -0.106184 0.226035
v -0.121148 -0.106192 0.296939
v -0.113765 -0.088957 0.283391
v -0.102682 -0.083448 0.269723
v -0.110392 -0.084309 0.263540
v -0.107225 -0.083281 0.274399
v -0.117698 -0.085717 0.256669
v -0.123084 -0.088617 0.250147
v -0.131890 -0.087600 0.247541
v -0.121420 -0.087255 0.252326
v -0.142925 -0.087022 0.243020
v -0.157897 -0.088385 0.232012
v -0.164822 -0.087240 0.229044
v -0.152023 -0.087441 0.237013
v -0.173968 -0.086549 0.223699
v -0.188551 -0.087562 0.209441
v -0.190812 -0.086321 0.209101
v -0.182588 -0.086814 0.216009
v 0.150782 -0.106099 0.282744
v 0.177785 -0.105806 0.264836
v 0.166161 -0.085274 0.246570
v 0.140099 -0.088627 0.270228
v 0.204598 -0.106092 0.246548
v 0.197806 -0.088561 0.231772
v 0.199300 -0.083211 0.217136
v 0.185943 -0.083486 0.223104
v 0.181957 -0.084598 0.220961
v 0.170936 -0.084240 0.231833
v 0.160199 -0.085114 0.236236
v 0.151191 -0.084462 0.244152
v 0.136263 -0.085115 0.249477
v 0.136342 -0.083833 0.254591
v 0.125719 -0.083455 0.265075
v 0.228989 -0.106184 0.226034
v 0.219930 -0.088895 0.214342
v 0.212734 -0.083053 0.199539
v 0.204392 -0.083767 0.204054
v 0.214796 -0.083079 0.205244
v 0.195718 -0.084962 0.207771
v 0.188550 -0.087562 0.209440
v 0.182588 -0.086814 0.216008
v 0.190811 -0.086321 0.209100
v 0.173967 -0.086549 0.223698
v 0.157897 -0.088385 0.232011
v 0.152022 -0.087441 0.237012
v 0.164821 -0.087240 0.229043
v 0.142924 -0.087022 0.243018
v 0.123082 -0.088617 0.250143
v 0.121450 -0.087255 0.252333
v 0.131889 -0.087600 0.247538
v 0.117957 -0.085717 0.256763
v 0.111240 -0.084309 0.263864
v -0.086455 -0.083487 0.279893
v -0.085547 -0.088711 0.291657
v -0.049507 -0.086209 0.294333
v -0.066496 -0.084019 0.281076
v -0.090152 -0.106120 0.307061
v -0.058075 -0.105890 0.314059
v -0.027526 -0.106122 0.319821
v -0.021093 -0.088734 0.304254
v -0.010211 -0.083573 0.293112
v -0.022829 -0.084125 0.287585
v -0.025273 -0.085623 0.281715
v -0.040707 -0.084948 0.282943
v -0.053759 -0.085505 0.278137
v -0.090080 -0.084325 0.271282
v -0.075182 -0.085847 0.272017
v 0.001889 -0.084519 0.285446
v -0.006405 -0.086095 0.281236
v -0.013976 -0.089570 0.275781
v -0.022938 -0.088531 0.276884
v -0.011363 -0.087917 0.277820
v -0.034997 -0.087954 0.276869
v -0.055115 -0.089323 0.271152
v -0.062977 -0.087657 0.271669
v -0.046646 -0.088393 0.274187
v -0.267746 -0.083473 0.122642
v -0.273726 -0.088700 0.136304
v -0.254584 -0.086081 0.160059
v -0.258427 -0.083904 0.133330
v -0.285380 -0.106118 0.147884
v -0.268797 -0.105879 0.174625
v -0.250188 -0.106110 0.201622
v -0.238365 -0.088635 0.191945
v -0.227858 -0.083235 0.188659
v -0.236736 -0.083611 0.171157
v -0.239139 -0.084797 0.158820
v -0.248043 -0.084448 0.148618
v -0.252514 -0.085125 0.134148
v -0.271012 -0.083448 0.101807
v -0.276122 -0.083281 0.106052
v -0.265268 -0.084309 0.109215
v -0.285388 -0.088957 0.112403
v -0.258710 -0.085717 0.116305
v -0.298511 -0.106192 0.120079
v -0.219194 -0.083775 0.188891
v -0.225779 -0.085030 0.175864
v -0.232843 -0.087927 0.157771
v -0.238507 -0.087207 0.151228
v -0.230258 -0.086531 0.164906
v -0.244988 -0.086950 0.141651
v -0.251437 -0.088617 0.122209
v -0.254055 -0.087255 0.120243
v -0.249260 -0.087591 0.130728
v 0.280628 -0.083487 0.085951
v 0.292468 -0.088711 0.084993
v 0.294428 -0.086209 0.049448
v 0.281253 -0.084019 0.066378
v 0.307694 -0.106120 0.089723
v 0.314204 -0.105890 0.057984
v 0.319800 -0.106122 0.027551
v 0.304225 -0.088734 0.021123
v 0.293072 -0.083573 0.010250
v 0.287551 -0.084125 0.022861
v 0.281674 -0.085623 0.025311
v 0.282913 -0.084948 0.040736
v 0.278116 -0.085505 0.053780
v 0.271000 -0.083448 0.101802
v 0.276110 -0.083281 0.106047
v 0.271909 -0.084325 0.089648
v 0.285379 -0.088957 0.112399
v 0.272175 -0.085847 0.075075
v 0.298505 -0.106192 0.120076
v 0.322450 -0.106195 -0.002194
v 0.307378 -0.088980 -0.004192
v 0.288804 -0.083591 -0.010042
v 0.285404 -0.084519 -0.001848
v 0.295780 -0.083354 -0.007233
v 0.281194 -0.086095 0.006445
v 0.275739 -0.089570 0.014017
v 0.276841 -0.088531 0.022978
v 0.277777 -0.087917 0.011403
v 0.276826 -0.087954 0.035037
v 0.271106 -0.089323 0.055154
v 0.271646 -0.087657 0.062997
v 0.274142 -0.088393 0.046686
v 0.293843 -0.083586 -0.026434
v 0.305625 -0.088843 -0.030454
v 0.298107 -0.087290 -0.059912
v 0.288146 -0.084089 -0.044458
v 0.320930 -0.106150 -0.032451
v 0.316023 -0.106001 -0.063160
v 0.309160 -0.106147 -0.093435
v 0.294395 -0.088820 -0.089911
v 0.282160 -0.083504 -0.089744
v 0.283307 -0.084018 -0.071164
v 0.280123 -0.085097 -0.056958
v 0.285538 -0.084501 -0.021515
v 0.280740 -0.085955 -0.035385
v 0.299308 -0.106192 -0.122022
v 0.286395 -0.088957 -0.114881
v 0.271669 -0.083448 -0.103395
v 0.272799 -0.084314 -0.091774
v 0.276993 -0.083281 -0.108185
v 0.273252 -0.085753 -0.077465
v 0.272013 -0.088730 -0.055814
v 0.275659 -0.087471 -0.047498
v 0.272653 -0.087354 -0.064665
v 0.227855 -0.083235 0.188657
v 0.238362 -0.088635 0.191944
v 0.254579 -0.086081 0.160057
v 0.236733 -0.083611 0.171156
v 0.250186 -0.106110 0.201621
v 0.268793 -0.105879 0.174624
v 0.285375 -0.106117 0.147881
v 0.273717 -0.088700 0.136301
v 0.267735 -0.083473 0.122637
v 0.258419 -0.083904 0.133326
v 0.252508 -0.085125 0.134146
v 0.248038 -0.084448 0.148617
v 0.239136 -0.084797 0.158819
v 0.219192 -0.083775 0.188890
v 0.225777 -0.085030 0.175864
v 0.265256 -0.084309 0.109210
v 0.258700 -0.085717 0.116302
v 0.251432 -0.088617 0.122207
v 0.249256 -0.087591 0.130727
v 0.254047 -0.087255 0.120241
v 0.244986 -0.086950 0.141650
v 0.232842 -0.087927 0.157771
v 0.230256 -0.086531 0.164905
v 0.238505 -0.087207 0.151228
v 0.090327 -0.083504 -0.281332
v 0.090547 -0.088820 -0.293489
v 0.060082 -0.087291 -0.297879
v 0.071364 -0.084018 -0.283036
v 0.093945 -0.106147 -0.308439
v 0.063335 -0.106001 -0.315787
v 0.032508 -0.106150 -0.320865
v 0.030509 -0.088843 -0.305565
v 0.026478 -0.083586 -0.293798
v 0.044513 -0.084089 -0.288085
v 0.057019 -0.085097 -0.280054
v 0.104353 -0.083448 -0.270297
v 0.109440 -0.083281 -0.275188
v 0.092283 -0.084314 -0.272078
v 0.116326 -0.088957 -0.284315
v 0.077650 -0.085754 -0.273001
v 0.123174 -0.106192 -0.297653
v 0.002236 -0.106195 -0.322409
v 0.004233 -0.088980 -0.307336
v 0.010084 -0.083591 -0.288763
v 0.021556 -0.084501 -0.285497
v 0.007275 -0.083354 -0.295738
v 0.035427 -0.085955 -0.280698
v 0.055855 -0.088731 -0.271972
v 0.064724 -0.087354 -0.272585
v 0.047539 -0.087471 -0.275618
v -0.027509 -0.106122 -0.319759
v -0.057943 -0.105890 -0.314163
v -0.049406 -0.086209 -0.294387
v -0.021082 -0.088735 -0.304184
v -0.089682 -0.106120 -0.307652
v -0.084952 -0.088711 -0.292427
v -0.085909 -0.083487 -0.280586
v -0.066337 -0.084019 -0.281212
v -0.053738 -0.085505 -0.278075
v -0.040694 -0.084948 -0.282872
v -0.025270 -0.085623 -0.281633
v -0.022820 -0.084125 -0.287510
v -0.010208 -0.083573 -0.293030
v -0.120035 -0.106192 -0.298463
v -0.112358 -0.088957 -0.285338
v -0.101761 -0.083448 -0.270959
v -0.089607 -0.084325 -0.271867
v -0.106006 -0.083281 -0.276069
v -0.075034 -0.085847 -0.272134
v -0.055112 -0.089323 -0.271064
v -0.046644 -0.088393 -0.274101
v -0.062956 -0.087657 -0.271605
v -0.034996 -0.087954 -0.276784
v -0.013976 -0.089571 -0.275697
v -0.011362 -0.087917 -0.277736
v -0.022937 -0.088531 -0.276800
v -0.006404 -0.086095 -0.281152
v 0.001890 -0.084519 -0.285363
v -0.281676 -0.085623 0.025312
v -0.287554 -0.084125 0.022863
v -0.294434 -0.086209 0.049450
v -0.282917 -0.084948 0.040737
v -0.293073 -0.083573 0.010251
v -0.304228 -0.088735 0.021125
v -0.319802 -0.106122 0.027552
v -0.314208 -0.105890 0.057985
v -0.307699 -0.106120 0.089726
v -0.292476 -0.088711 0.084996
v -0.280638 -0.083487 0.085955
v -0.281261 -0.084019 0.066382
v -0.278122 -0.085505 0.053782
v -0.275740 -0.089571 0.014017
v -0.277779 -0.087917 0.011404
v -0.276843 -0.088531 0.022979
v -0.281195 -0.086095 0.006446
v -0.276828 -0.087954 0.035038
v -0.288804 -0.083591 -0.010041
v -0.295780 -0.083354 -0.007232
v -0.285405 -0.084519 -0.001848
v -0.307377 -0.088980 -0.004190
v -0.322450 -0.106195 -0.002193
v -0.271920 -0.084325 0.089653
v -0.272185 -0.085847 0.075079
v -0.271111 -0.089323 0.055156
v -0.274146 -0.088393 0.046687
v -0.271654 -0.087657 0.063000
v 0.268134 -0.083473 -0.123546
v 0.274150 -0.088700 -0.137302
v 0.254654 -0.086081 -0.160155
v 0.258539 -0.083904 -0.133531
v 0.285715 -0.106117 -0.148654
v 0.268891 -0.105879 -0.174781
v 0.250199 -0.106110 -0.201567
v 0.238372 -0.088635 -0.191881
v 0.227859 -0.083235 -0.188579
v 0.236741 -0.083611 -0.171088
v 0.239140 -0.084797 -0.158741
v 0.248050 -0.084448 -0.148555
v 0.252527 -0.085125 -0.134099
v 0.265603 -0.084309 -0.109986
v 0.258813 -0.085717 -0.116486
v 0.228991 -0.106184 -0.225953
v 0.219932 -0.088895 -0.214261
v 0.212736 -0.083053 -0.199457
v 0.219194 -0.083775 -0.188808
v 0.214798 -0.083079 -0.205163
v 0.225778 -0.085030 -0.175782
v 0.232843 -0.087927 -0.157689
v 0.238507 -0.087207 -0.151145
v 0.230257 -0.086531 -0.164823
v 0.244988 -0.086950 -0.141568
v 0.251437 -0.088617 -0.122127
v 0.254067 -0.087254 -0.120194
v 0.249260 -0.087591 -0.130646
v 0.199301 -0.083211 -0.217056
v 0.197807 -0.088561 -0.231692
v 0.166163 -0.085274 -0.246492
v 0.185945 -0.083486 -0.223024
v 0.204600 -0.106092 -0.246468
v 0.177786 -0.105806 -0.264756
v 0.150784 -0.106099 -0.282667
v 0.140103 -0.088627 -0.270153
v 0.125723 -0.083455 -0.265003
v 0.136345 -0.083833 -0.254516
v 0.136265 -0.085115 -0.249400
v 0.151192 -0.084461 -0.244073
v 0.160200 -0.085114 -0.236156
v 0.170937 -0.084240 -0.231753
v 0.181958 -0.084598 -0.220880
v 0.204393 -0.083766 -0.203973
v 0.195719 -0.084962 -0.207690
v 0.111245 -0.084309 -0.263793
v 0.117961 -0.085717 -0.256690
v 0.123084 -0.088617 -0.250065
v 0.131890 -0.087600 -0.247459
v 0.121453 -0.087254 -0.252257
v 0.142925 -0.087022 -0.242937
v 0.157897 -0.088385 -0.231929
v 0.164822 -0.087240 -0.228962
v 0.152022 -0.087441 -0.236930
v 0.173967 -0.086549 -0.223616
v 0.188551 -0.087562 -0.209358
v 0.190811 -0.086321 -0.209018
v 0.182588 -0.086814 -0.215926
v -0.147840 -0.106117 -0.285333
v -0.174583 -0.105879 -0.268752
v -0.160016 -0.086081 -0.254538
v -0.136259 -0.088700 -0.273676
v -0.201579 -0.106110 -0.250145
v -0.191902 -0.088635 -0.238320
v -0.188616 -0.083235 -0.227814
v -0.171115 -0.083611 -0.236692
v -0.158778 -0.084797 -0.239095
v -0.148575 -0.084448 -0.247997
v -0.134105 -0.085125 -0.252467
v -0.133285 -0.083904 -0.258377
v -0.122596 -0.083473 -0.267694
v -0.225993 -0.106184 -0.228948
v -0.214301 -0.088895 -0.219888
v -0.199497 -0.083053 -0.212693
v -0.188849 -0.083775 -0.219151
v -0.205203 -0.083079 -0.214755
v -0.175823 -0.085030 -0.225736
v -0.157730 -0.087927 -0.232801
v -0.151186 -0.087207 -0.238464
v -0.164864 -0.086531 -0.230215
v -0.141609 -0.086950 -0.244945
v -0.122166 -0.088617 -0.251390
v -0.120199 -0.087255 -0.254006
v -0.130685 -0.087591 -0.249215
v -0.116260 -0.085717 -0.258659
v -0.109169 -0.084309 -0.265215
v -0.281363 -0.083504 -0.090282
v -0.293522 -0.088820 -0.090503
v -0.297914 -0.087291 -0.060039
v -0.283068 -0.084018 -0.071319
v -0.308474 -0.106147 -0.093901
v -0.315825 -0.106001 -0.063292
v -0.320905 -0.106150 -0.032465
v -0.305603 -0.088843 -0.030466
v -0.293837 -0.083586 -0.026435
v -0.288122 -0.084089 -0.044469
v -0.280089 -0.085097 -0.056975
v -0.270327 -0.083448 -0.104306
v -0.275218 -0.083281 -0.109394
v -0.272108 -0.084314 -0.092237
v -0.284347 -0.088957 -0.116281
v -0.273033 -0.085754 -0.077605
v -0.297688 -0.106192 -0.123130
v -0.285537 -0.084501 -0.021514
v -0.280737 -0.085955 -0.035384
v -0.272008 -0.088731 -0.055812
v -0.272619 -0.087354 -0.064680
v -0.275655 -0.087471 -0.047496
v -0.220920 -0.084598 -0.181915
v -0.223063 -0.083486 -0.185902
v -0.246529 -0.085274 -0.166120
v -0.231792 -0.084240 -0.170895
v -0.217095 -0.083211 -0.199259
v -0.231730 -0.088561 -0.197764
v -0.246507 -0.106092 -0.204557
v -0.264794 -0.105806 -0.177744
v -0.282703 -0.106099 -0.150741
v -0.270187 -0.088627 -0.140058
v -0.265034 -0.083455 -0.125678
v -0.254549 -0.083833 -0.136301
v -0.249436 -0.085115 -0.136221
v -0.244111 -0.084462 -0.151150
v -0.236195 -0.085114 -0.160158
v -0.209399 -0.087562 -0.188509
v -0.209058 -0.086321 -0.190770
v -0.215966 -0.086814 -0.182546
v -0.207730 -0.084962 -0.195677
v -0.223657 -0.086549 -0.173926
v -0.204013 -0.083767 -0.204351
v -0.263823 -0.084309 -0.111199
v -0.256722 -0.085717 -0.117915
v -0.250101 -0.088617 -0.123041
v -0.247496 -0.087600 -0.131847
v -0.252291 -0.087255 -0.121409
v -0.242976 -0.087023 -0.142883
v -0.231970 -0.088385 -0.157855
v -0.229002 -0.087240 -0.164780
v -0.236970 -0.087441 -0.151981
v -0.243008 -0.105370 -0.120499
v -0.237782 -0.104940 -0.132158
v -0.240044 -0.097303 -0.133978
v -0.245170 -0.097570 -0.122703
v -0.231973 -0.104431 -0.143589
v -0.234212 -0.097058 -0.145015
v -0.241724 -0.091315 -0.137356
v -0.246458 -0.091655 -0.126735
v -0.235995 -0.091379 -0.147401
v -0.244490 -0.115224 -0.107394
v -0.239930 -0.114621 -0.119345
v -0.247655 -0.105612 -0.108782
v -0.234824 -0.113911 -0.131069
v -0.229171 -0.113165 -0.142482
v -0.222971 -0.112455 -0.153500
v -0.225613 -0.103914 -0.154678
v -0.227869 -0.096777 -0.155742
v -0.230033 -0.091451 -0.156830
v -0.250260 -0.091836 -0.117083
v -0.249630 -0.097600 -0.111696
v -0.225657 -0.122869 -0.141261
v -0.231099 -0.123836 -0.129984
v -0.226649 -0.134344 -0.128817
v -0.221459 -0.133158 -0.139915
v -0.236016 -0.124811 -0.118322
v -0.231342 -0.135558 -0.117284
v -0.221547 -0.145068 -0.127645
v -0.216651 -0.143654 -0.138536
v -0.225983 -0.146512 -0.116281
v -0.219686 -0.121970 -0.152099
v -0.240413 -0.125735 -0.106332
v -0.235543 -0.136743 -0.105359
v -0.229961 -0.147923 -0.104485
v -0.223746 -0.158952 -0.103718
v -0.220013 -0.157322 -0.115361
v -0.215864 -0.155641 -0.126543
v -0.211303 -0.153976 -0.137217
v -0.211291 -0.142331 -0.148914
v -0.206334 -0.152394 -0.147337
v -0.215767 -0.132059 -0.150535
v -0.258817 -0.106368 -0.069853
v -0.255561 -0.105658 -0.084177
v -0.258998 -0.095349 -0.087881
v -0.262438 -0.097445 -0.070274
v -0.251783 -0.105601 -0.096969
v -0.253727 -0.097056 -0.101068
v -0.253729 -0.091054 -0.109550
v -0.258159 -0.089316 -0.102812
v -0.264412 -0.086695 -0.096862
v -0.265521 -0.089375 -0.082590
v -0.266880 -0.091249 -0.068627
v -0.257670 -0.117555 -0.054720
v -0.255088 -0.116920 -0.068896
v -0.261568 -0.106982 -0.054934
v -0.252031 -0.116221 -0.082478
v -0.265083 -0.098183 -0.055151
v -0.248510 -0.115700 -0.095217
v -0.268658 -0.092055 -0.055444
v -0.244295 -0.126571 -0.094034
v -0.247680 -0.127377 -0.081313
v -0.242491 -0.138878 -0.080429
v -0.239258 -0.137850 -0.093075
v -0.250581 -0.128194 -0.068074
v -0.245243 -0.139821 -0.067427
v -0.236551 -0.150458 -0.079762
v -0.233485 -0.149248 -0.092299
v -0.239157 -0.151534 -0.066918
v -0.252992 -0.128910 -0.054450
v -0.247510 -0.140630 -0.054140
v -0.241298 -0.152448 -0.053818
v -0.234427 -0.164093 -0.053515
v -0.232406 -0.163066 -0.066509
v -0.229948 -0.161851 -0.079242
v -0.227060 -0.160472 -0.091661
v -0.218738 -0.103440 -0.165324
v -0.211397 -0.103017 -0.175434
v -0.214118 -0.095974 -0.176067
v -0.221203 -0.096375 -0.166151
v -0.203654 -0.102633 -0.184919
v -0.206575 -0.095677 -0.185279
v -0.217991 -0.090475 -0.175632
v -0.224295 -0.090959 -0.166274
v -0.210800 -0.090419 -0.184232
v -0.216231 -0.111840 -0.164045
v -0.208985 -0.111332 -0.174060
v -0.201277 -0.110935 -0.183496
v -0.193147 -0.110650 -0.192301
v -0.195637 -0.102241 -0.193688
v -0.199022 -0.095293 -0.193583
v -0.204108 -0.090322 -0.191434
v -0.198617 -0.120146 -0.181522
v -0.206158 -0.120577 -0.172263
v -0.202840 -0.130348 -0.170203
v -0.195577 -0.129843 -0.179203
v -0.213184 -0.121194 -0.162445
v -0.209565 -0.131104 -0.160640
v -0.199122 -0.140230 -0.167998
v -0.192245 -0.139609 -0.176669
v -0.205459 -0.141164 -0.158741
v -0.190569 -0.119931 -0.190188
v -0.200948 -0.150969 -0.156862
v -0.195093 -0.149808 -0.165770
v -0.188706 -0.149028 -0.174048
v -0.184789 -0.139382 -0.184735
v -0.181722 -0.148742 -0.181680
v -0.187761 -0.129644 -0.187619
v -0.185032 -0.157726 -0.171477
v -0.190814 -0.158726 -0.163649
v -0.186231 -0.166865 -0.161808
v -0.181234 -0.165515 -0.169115
v -0.196088 -0.160178 -0.155121
v -0.190814 -0.168706 -0.153670
v -0.181234 -0.174171 -0.160459
v -0.177264 -0.172254 -0.167198
v -0.185032 -0.176534 -0.152669
v -0.178630 -0.157352 -0.178589
v -0.200948 -0.161918 -0.145912
v -0.195093 -0.170827 -0.144752
v -0.188706 -0.179105 -0.143971
v -0.181722 -0.186737 -0.143686
v -0.178630 -0.183645 -0.152296
v -0.175608 -0.180623 -0.159930
v -0.172798 -0.177813 -0.166338
v -0.172798 -0.171395 -0.172757
v -0.170717 -0.175732 -0.170676
v -0.175608 -0.164986 -0.175567
v -0.205470 -0.163805 -0.136050
v -0.209657 -0.165753 -0.125583
v -0.202920 -0.175327 -0.124827
v -0.199132 -0.173063 -0.135116
v -0.213493 -0.167693 -0.114571
v -0.206427 -0.177548 -0.113954
v -0.195633 -0.184345 -0.124332
v -0.192252 -0.181736 -0.134496
v -0.198805 -0.186868 -0.113554
v -0.216964 -0.169555 -0.103068
v -0.209624 -0.179658 -0.102565
v -0.201723 -0.189238 -0.102239
v -0.193256 -0.198271 -0.102124
v -0.190615 -0.195630 -0.113411
v -0.187774 -0.192789 -0.124154
v -0.184791 -0.189806 -0.134272
v -0.220055 -0.171278 -0.091132
v -0.222756 -0.172831 -0.078816
v -0.214993 -0.183331 -0.078489
v -0.212484 -0.181595 -0.090724
v -0.225061 -0.174192 -0.066174
v -0.217139 -0.184842 -0.065918
v -0.206661 -0.193322 -0.078280
v -0.204348 -0.191398 -0.090461
v -0.208647 -0.194989 -0.065754
v -0.226959 -0.175337 -0.053260
v -0.218912 -0.186109 -0.053064
v -0.210292 -0.196380 -0.052940
v -0.201106 -0.206121 -0.052896
v -0.199589 -0.204604 -0.065696
v -0.197763 -0.202778 -0.078206
v -0.195646 -0.200661 -0.090368
v -0.228444 -0.176245 -0.040126
v -0.229511 -0.176906 -0.026828
v -0.221300 -0.187837 -0.026737
v -0.220301 -0.187111 -0.039985
v -0.230155 -0.177310 -0.013421
v -0.221904 -0.188280 -0.013376
v -0.212515 -0.198271 -0.026679
v -0.211584 -0.197477 -0.039896
v -0.213078 -0.198753 -0.013348
v -0.236006 -0.164911 -0.040311
v -0.237139 -0.165508 -0.026948
v -0.237821 -0.165874 -0.013480
v -0.238050 -0.165998 0.000041
v -0.230370 -0.177446 0.000041
v -0.222106 -0.188429 0.000041
v -0.213267 -0.198916 0.000041
v -0.203861 -0.208876 0.000041
v -0.203685 -0.208700 -0.013338
v -0.203163 -0.208178 -0.026659
v -0.202301 -0.207316 -0.039864
v -0.254895 -0.129416 -0.040636
v -0.256246 -0.129796 -0.026845
v -0.250554 -0.141723 -0.027080
v -0.249285 -0.141259 -0.040658
v -0.257008 -0.130137 -0.013234
v -0.251302 -0.142040 -0.013487
v -0.244168 -0.153710 -0.027070
v -0.242970 -0.153176 -0.040516
v -0.244887 -0.154041 -0.013532
v -0.259740 -0.117903 -0.040348
v -0.261193 -0.118176 -0.026228
v -0.261949 -0.118597 -0.012664
v -0.262092 -0.118996 0.000662
v -0.257217 -0.130361 0.000303
v -0.251538 -0.142180 0.000119
v -0.245126 -0.154158 0.000051
v -0.279840 -0.087046 -0.014910
v -0.275938 -0.089939 -0.007545
v -0.270619 -0.096229 -0.021913
v -0.275245 -0.089789 -0.028574
v -0.273839 -0.092057 0.000281
v -0.270033 -0.098569 -0.007729
v -0.266164 -0.107784 -0.011396
v -0.265529 -0.107100 -0.024970
v -0.263867 -0.107087 -0.039817
v -0.267680 -0.097908 -0.039885
v -0.271483 -0.091510 -0.042314
v -0.272972 -0.093196 0.008700
v -0.269690 -0.099630 0.003868
v -0.266160 -0.108484 0.001470
v -0.264818 -0.086707 0.095431
v -0.258945 -0.089325 0.102005
v -0.259069 -0.095433 0.087718
v -0.265276 -0.089478 0.081553
v -0.254511 -0.091055 0.109058
v -0.253950 -0.097065 0.100981
v -0.251808 -0.105611 0.097045
v -0.255539 -0.105744 0.084357
v -0.258684 -0.106670 0.070374
v -0.262189 -0.097830 0.070659
v -0.266379 -0.091600 0.068250
v -0.250943 -0.091836 0.116700
v -0.249842 -0.097600 0.111635
v -0.244490 -0.115224 0.107477
v -0.248509 -0.115706 0.095310
v -0.247682 -0.105612 0.108847
v -0.252012 -0.116271 0.082639
v -0.257507 -0.117950 0.055423
v -0.261259 -0.107700 0.056113
v -0.255020 -0.117087 0.069240
v -0.264606 -0.099091 0.056398
v -0.268001 -0.092841 0.055909
v -0.250552 -0.128265 0.068267
v -0.247672 -0.127397 0.081428
v -0.242488 -0.138884 0.080522
v -0.245234 -0.139842 0.067542
v -0.244295 -0.126573 0.094121
v -0.239258 -0.137851 0.093159
v -0.236550 -0.150459 0.079845
v -0.239155 -0.151536 0.067004
v -0.233485 -0.149248 0.092381
v -0.252923 -0.129076 0.054795
v -0.240413 -0.125735 0.106414
v -0.235543 -0.136743 0.105442
v -0.229961 -0.147923 0.104568
v -0.223746 -0.158952 0.103800
v -0.227060 -0.160472 0.091744
v -0.229948 -0.161852 0.079324
v -0.232406 -0.163066 0.066592
v -0.241295 -0.152454 0.053910
v -0.234427 -0.164093 0.053598
v -0.247490 -0.140680 0.054300
v -0.231769 -0.104196 0.144035
v -0.237746 -0.104870 0.132331
v -0.240226 -0.097213 0.134020
v -0.234152 -0.096757 0.145424
v -0.243030 -0.105361 0.120575
v -0.245400 -0.097558 0.122639
v -0.242547 -0.091233 0.136951
v -0.236517 -0.091107 0.147382
v -0.247243 -0.091645 0.126289
v -0.222665 -0.112150 0.154082
v -0.229042 -0.113036 0.142775
v -0.225084 -0.103359 0.155651
v -0.234786 -0.113873 0.131214
v -0.239926 -0.114616 0.119436
v -0.230105 -0.090843 0.157438
v -0.227377 -0.096075 0.156828
v -0.236014 -0.124809 0.118408
v -0.231083 -0.123820 0.130093
v -0.226644 -0.134339 0.128907
v -0.231341 -0.135558 0.117368
v -0.225602 -0.122814 0.141432
v -0.221443 -0.133142 0.140024
v -0.221546 -0.145068 0.127728
v -0.225983 -0.146512 0.116364
v -0.216649 -0.143652 0.138622
v -0.219557 -0.121841 0.152392
v -0.215729 -0.132021 0.150680
v -0.211286 -0.142326 0.149004
v -0.206334 -0.152394 0.147420
v -0.211303 -0.153976 0.137300
v -0.215864 -0.155641 0.126625
v -0.220013 -0.157322 0.115443
v -0.263294 -0.108417 0.042009
v -0.264779 -0.108787 0.028152
v -0.268381 -0.099964 0.029134
v -0.266752 -0.099717 0.042609
v -0.265714 -0.108821 0.014609
v -0.269267 -0.100000 0.016113
v -0.272229 -0.092992 0.031282
v -0.270307 -0.093039 0.043686
v -0.272841 -0.093231 0.019232
v -0.259446 -0.118613 0.041565
v -0.260846 -0.119016 0.027784
v -0.261722 -0.119147 0.014133
v -0.256912 -0.130369 0.013902
v -0.256099 -0.130150 0.027549
v -0.250510 -0.141828 0.027347
v -0.251273 -0.142109 0.013743
v -0.254771 -0.129715 0.041197
v -0.249249 -0.141348 0.040882
v -0.244162 -0.153723 0.027175
v -0.244883 -0.154050 0.013637
v -0.242965 -0.153188 0.040617
v -0.236006 -0.164911 0.040393
v -0.237139 -0.165508 0.027030
v -0.237821 -0.165874 0.013562
v -0.230155 -0.177310 0.013503
v -0.229511 -0.176906 0.026911
v -0.221300 -0.187837 0.026820
v -0.221904 -0.188280 0.013459
v -0.228444 -0.176245 0.040209
v -0.220301 -0.187111 0.040068
v -0.212515 -0.198271 0.026762
v -0.213078 -0.198753 0.013430
v -0.211584 -0.197477 0.039978
v -0.226959 -0.175337 0.053342
v -0.218912 -0.186109 0.053147
v -0.210292 -0.196380 0.053022
v -0.201106 -0.206121 0.052978
v -0.202301 -0.207316 0.039947
v -0.203163 -0.208178 0.026741
v -0.203685 -0.208700 0.013420
v -0.225061 -0.174192 0.066257
v -0.222756 -0.172831 0.078899
v -0.214993 -0.183331 0.078572
v -0.217139 -0.184842 0.066000
v -0.220055 -0.171278 0.091214
v -0.212484 -0.181595 0.090806
v -0.206661 -0.193322 0.078362
v -0.208647 -0.194989 0.065836
v -0.204348 -0.191398 0.090543
v -0.216964 -0.169555 0.103151
v -0.209624 -0.179658 0.102647
v -0.201723 -0.189238 0.102322
v -0.193256 -0.198271 0.102206
v -0.195646 -0.200661 0.090450
v -0.197763 -0.202778 0.078288
v -0.199589 -0.204604 0.065778
v -0.213493 -0.167693 0.114653
v -0.209657 -0.165753 0.125666
v -0.202920 -0.175327 0.124910
v -0.206427 -0.177548 0.114037
v -0.205470 -0.163805 0.136132
v -0.199132 -0.173063 0.135198
v -0.195633 -0.184345 0.124414
v -0.198805 -0.186868 0.113636
v -0.192252 -0.181736 0.134579
v -0.200948 -0.161918 0.145995
v -0.195093 -0.170827 0.144835
v -0.188706 -0.179105 0.144054
v -0.181722 -0.186737 0.143768
v -0.184791 -0.189806 0.134354
v -0.187774 -0.192789 0.124236
v -0.190615 -0.195630 0.113493
v -0.196088 -0.160178 0.155204
v -0.190814 -0.158726 0.163732
v -0.186231 -0.166865 0.161891
v -0.190814 -0.168706 0.153752
v -0.185032 -0.157726 0.171560
v -0.181234 -0.165515 0.169197
v -0.181234 -0.174171 0.160542
v -0.185032 -0.176534 0.152752
v -0.177264 -0.172254 0.167280
v -0.200948 -0.150969 0.156944
v -0.195093 -0.149808 0.165853
v -0.188706 -0.149028 0.174131
v -0.181722 -0.148742 0.181763
v -0.178630 -0.157352 0.178671
v -0.175608 -0.164986 0.175650
v -0.172798 -0.171395 0.172840
v -0.170717 -0.175732 0.170759
v -0.172798 -0.177813 0.166421
v -0.175608 -0.180623 0.160012
v -0.178630 -0.183645 0.152378
v -0.212947 -0.120963 0.162911
v -0.205842 -0.120303 0.172836
v -0.202747 -0.130267 0.170430
v -0.209495 -0.131036 0.160836
v -0.198294 -0.119967 0.182041
v -0.195482 -0.129790 0.179415
v -0.199111 -0.140220 0.168099
v -0.205450 -0.141155 0.158838
v -0.192233 -0.139603 0.176767
v -0.215669 -0.111291 0.165037
v -0.208236 -0.110684 0.175305
v -0.200513 -0.110510 0.184612
v -0.192342 -0.110650 0.193188
v -0.190230 -0.119931 0.190610
v -0.187660 -0.129644 0.187802
v -0.184777 -0.139383 0.184830
v -0.197276 -0.089491 0.199178
v -0.201206 -0.094559 0.191677
v -0.210517 -0.093013 0.182262
v -0.203453 -0.087943 0.194961
v -0.201837 -0.101830 0.187354
v -0.209798 -0.101705 0.177996
v -0.217702 -0.102410 0.167114
v -0.219987 -0.094969 0.168478
v -0.224032 -0.089779 0.167775
v -0.217634 -0.088025 0.179176
v -0.210916 -0.085741 0.191448
v -0.191476 -0.090322 0.204150
v -0.193624 -0.095294 0.199063
v -0.193730 -0.102241 0.195678
v -0.138582 -0.221678 -0.138541
v -0.139998 -0.226575 -0.127648
v -0.128887 -0.231768 -0.128846
v -0.127690 -0.226575 -0.139957
v -0.141444 -0.231011 -0.116281
v -0.130122 -0.236465 -0.117288
v -0.117329 -0.236465 -0.130081
v -0.116323 -0.231011 -0.141403
v -0.118375 -0.241395 -0.118333
v -0.147379 -0.211349 -0.147337
v -0.148961 -0.216318 -0.137217
v -0.137258 -0.216318 -0.148920
v -0.150626 -0.220879 -0.126543
v -0.152307 -0.225028 -0.115361
v -0.153937 -0.228761 -0.103718
v -0.142860 -0.234990 -0.104480
v -0.131341 -0.240671 -0.105319
v -0.119413 -0.245809 -0.106195
v -0.107112 -0.250407 -0.107071
v -0.106237 -0.245809 -0.119372
v -0.105360 -0.240671 -0.131299
v -0.104522 -0.234990 -0.142819
v -0.115402 -0.225028 -0.152266
v -0.103759 -0.228761 -0.153896
v -0.126584 -0.220879 -0.150585
v -0.092328 -0.238514 -0.144149
v -0.093018 -0.244392 -0.132452
v -0.080348 -0.247625 -0.133512
v -0.079788 -0.241581 -0.145363
v -0.093744 -0.249710 -0.120362
v -0.080939 -0.253097 -0.121277
v -0.067394 -0.250369 -0.134456
v -0.066950 -0.244185 -0.146439
v -0.067864 -0.255970 -0.122097
v -0.091703 -0.232074 -0.155416
v -0.094473 -0.254471 -0.107911
v -0.081535 -0.258000 -0.108693
v -0.068342 -0.260990 -0.109397
v -0.054933 -0.263442 -0.110003
v -0.054564 -0.258326 -0.122800
v -0.054202 -0.252619 -0.135262
v -0.053862 -0.246324 -0.147353
v -0.066551 -0.237421 -0.158010
v -0.053557 -0.239442 -0.159037
v -0.079283 -0.234963 -0.156795
v -0.144190 -0.238514 -0.092286
v -0.145405 -0.241581 -0.079746
v -0.133554 -0.247625 -0.080306
v -0.132494 -0.244392 -0.092977
v -0.146480 -0.244185 -0.066908
v -0.134498 -0.250369 -0.067352
v -0.121319 -0.253097 -0.080897
v -0.120403 -0.249710 -0.093703
v -0.122139 -0.255970 -0.067823
v -0.155457 -0.232074 -0.091661
v -0.156837 -0.234963 -0.079242
v -0.158051 -0.237421 -0.066509
v -0.159078 -0.239442 -0.053515
v -0.147394 -0.246324 -0.053820
v -0.135303 -0.252619 -0.054161
v -0.122842 -0.258326 -0.054523
v -0.110044 -0.263442 -0.054892
v -0.109438 -0.260990 -0.068300
v -0.108734 -0.258000 -0.081494
v -0.107952 -0.254471 -0.094432
v -0.095177 -0.258679 -0.095135
v -0.095835 -0.262332 -0.082074
v -0.082661 -0.266094 -0.082619
v -0.082115 -0.262332 -0.095794
v -0.096431 -0.265428 -0.068766
v -0.083156 -0.269282 -0.069207
v -0.069248 -0.269282 -0.083115
v -0.068808 -0.265428 -0.096390
v -0.069651 -0.272549 -0.069609
v -0.096947 -0.267966 -0.055253
v -0.083587 -0.271895 -0.055597
v -0.070001 -0.275227 -0.055911
v -0.056227 -0.277959 -0.056186
v -0.055952 -0.275227 -0.069960
v -0.055638 -0.271895 -0.083546
v -0.055295 -0.267966 -0.096906
v -0.167239 -0.182279 -0.167198
v -0.169156 -0.186249 -0.160459
v -0.161850 -0.191246 -0.161808
v -0.160500 -0.186249 -0.169115
v -0.171519 -0.190047 -0.152669
v -0.163691 -0.195829 -0.153670
v -0.153711 -0.195829 -0.163649
v -0.152711 -0.190047 -0.171477
v -0.155163 -0.201103 -0.155121
v -0.166380 -0.177813 -0.172757
v -0.174090 -0.193721 -0.143971
v -0.165812 -0.200108 -0.144752
v -0.156903 -0.205963 -0.145912
v -0.145954 -0.205963 -0.156862
v -0.144793 -0.200108 -0.165771
v -0.144013 -0.193721 -0.174048
v -0.152337 -0.183645 -0.178589
v -0.143727 -0.186737 -0.181680
v -0.159971 -0.180623 -0.175567
v -0.134538 -0.197267 -0.176679
v -0.135157 -0.204147 -0.168007
v -0.124869 -0.207935 -0.170270
v -0.124373 -0.200648 -0.179289
v -0.136091 -0.210485 -0.158748
v -0.125625 -0.214672 -0.160696
v -0.113996 -0.211442 -0.172492
v -0.113595 -0.203820 -0.181811
v -0.114612 -0.218508 -0.162636
v -0.134313 -0.189806 -0.184750
v -0.103110 -0.221979 -0.164499
v -0.102606 -0.214639 -0.174602
v -0.102280 -0.206738 -0.184182
v -0.113452 -0.195630 -0.190574
v -0.102165 -0.198271 -0.193214
v -0.124195 -0.192789 -0.187733
v -0.090502 -0.209363 -0.186342
v -0.090765 -0.217499 -0.176539
v -0.078531 -0.220008 -0.178274
v -0.078321 -0.211676 -0.188266
v -0.091173 -0.225070 -0.166222
v -0.078857 -0.227771 -0.167775
v -0.065959 -0.222154 -0.179786
v -0.065795 -0.213662 -0.189933
v -0.066216 -0.230076 -0.169136
v -0.090409 -0.200661 -0.195605
v -0.053301 -0.231974 -0.170280
v -0.053106 -0.223927 -0.181052
v -0.052981 -0.215307 -0.191324
v -0.065737 -0.204604 -0.199547
v -0.052937 -0.206121 -0.201065
v -0.078247 -0.202778 -0.197722
v -0.039937 -0.216599 -0.192421
v -0.040027 -0.225316 -0.182054
v -0.026779 -0.226315 -0.182781
v -0.026721 -0.217530 -0.193215
v -0.040167 -0.233459 -0.171189
v -0.026870 -0.234526 -0.171850
v -0.013418 -0.226919 -0.183224
v -0.013389 -0.218093 -0.193697
v -0.013462 -0.235170 -0.172253
v -0.039905 -0.207316 -0.202259
v -0.040352 -0.241021 -0.159855
v -0.026989 -0.242154 -0.160452
v -0.013521 -0.242836 -0.160817
v -0.000000 -0.243065 -0.160941
v -0.000000 -0.235385 -0.172390
v -0.000000 -0.227121 -0.183373
v -0.000000 -0.218282 -0.193860
v -0.013379 -0.208700 -0.203644
v -0.000000 -0.208876 -0.203819
v -0.026700 -0.208178 -0.203121
v -0.040573 -0.247994 -0.148083
v -0.040820 -0.254375 -0.135909
v -0.027293 -0.255632 -0.136384
v -0.027132 -0.249190 -0.148618
v -0.041083 -0.260162 -0.123367
v -0.027464 -0.261476 -0.123784
v -0.013671 -0.256389 -0.136677
v -0.013591 -0.249911 -0.148947
v -0.013755 -0.262267 -0.124043
v -0.041351 -0.265352 -0.110493
v -0.027640 -0.266719 -0.110856
v -0.013842 -0.267541 -0.111082
v -0.000000 -0.267815 -0.111159
v -0.000000 -0.262531 -0.124131
v -0.000000 -0.256642 -0.136776
v -0.000000 -0.250152 -0.149059
v -0.041616 -0.269943 -0.097324
v -0.041868 -0.273931 -0.083897
v -0.027979 -0.275388 -0.084158
v -0.027813 -0.271357 -0.097636
v -0.042100 -0.277314 -0.070247
v -0.028131 -0.278807 -0.070461
v -0.014009 -0.276263 -0.084322
v -0.013927 -0.272208 -0.097829
v -0.014085 -0.279704 -0.070596
v -0.042303 -0.280088 -0.056412
v -0.028265 -0.281611 -0.056581
v -0.014151 -0.282526 -0.056687
v -0.000000 -0.282832 -0.056724
v -0.000000 -0.280004 -0.070642
v -0.000000 -0.276556 -0.084378
v -0.000000 -0.272491 -0.097896
v -0.042470 -0.282249 -0.042428
v -0.042595 -0.283796 -0.028334
v -0.028458 -0.285360 -0.028417
v -0.028375 -0.283796 -0.042554
v -0.042674 -0.284726 -0.014165
v -0.028510 -0.286300 -0.014206
v -0.014247 -0.286300 -0.028469
v -0.014206 -0.284726 -0.042633
v -0.014273 -0.287247 -0.014232
v -0.056453 -0.280088 -0.042261
v -0.056622 -0.281611 -0.028223
v -0.056728 -0.282526 -0.014110
v -0.056765 -0.282832 0.000041
v -0.042701 -0.285037 0.000041
v -0.028528 -0.286614 0.000041
v -0.014282 -0.287563 0.000041
v -0.000000 -0.287880 0.000041
v -0.000000 -0.287563 -0.014241
v -0.000000 -0.286614 -0.028487
v -0.000000 -0.285037 -0.042660
v -0.097366 -0.269943 -0.041575
v -0.097677 -0.271357 -0.027772
v -0.084200 -0.275388 -0.027937
v -0.083938 -0.273931 -0.041827
v -0.097871 -0.272208 -0.013886
v -0.084363 -0.276263 -0.013968
v -0.070503 -0.278807 -0.028090
v -0.070288 -0.277314 -0.042058
v -0.070637 -0.279704 -0.014044
v -0.110535 -0.265352 -0.041310
v -0.110898 -0.266719 -0.027598
v -0.111123 -0.267541 -0.013800
v -0.111201 -0.267815 0.000041
v -0.097937 -0.272491 0.000041
v -0.084420 -0.276556 0.000041
v -0.070683 -0.280004 0.000041
v -0.148125 -0.247994 -0.040531
v -0.148660 -0.249190 -0.027091
v -0.136425 -0.255632 -0.027252
v -0.135950 -0.254375 -0.040778
v -0.148988 -0.249911 -0.013550
v -0.136718 -0.256389 -0.013629
v -0.123826 -0.261476 -0.027423
v -0.123408 -0.260162 -0.041041
v -0.124084 -0.262267 -0.013714
v -0.159896 -0.241021 -0.040311
v -0.160493 -0.242154 -0.026948
v -0.160859 -0.242836 -0.013480
v -0.160983 -0.243065 0.000041
v -0.149100 -0.250152 0.000041
v -0.136818 -0.256642 0.000041
v -0.124173 -0.262531 0.000041
v -0.192463 -0.216599 -0.039896
v -0.193256 -0.217530 -0.026679
v -0.182822 -0.226315 -0.026737
v -0.182096 -0.225316 -0.039985
v -0.193738 -0.218093 -0.013348
v -0.183265 -0.226919 -0.013376
v -0.171891 -0.234526 -0.026828
v -0.171230 -0.233459 -0.040126
v -0.172295 -0.235170 -0.013421
v -0.191365 -0.215307 -0.052940
v -0.193901 -0.218282 0.000041
v -0.183414 -0.227121 0.000041
v -0.172431 -0.235385 0.000041
v -0.170322 -0.231974 -0.053260
v -0.181094 -0.223927 -0.053064
v -0.186383 -0.209363 -0.090461
v -0.188307 -0.211676 -0.078280
v -0.178316 -0.220008 -0.078489
v -0.176580 -0.217499 -0.090724
v -0.189974 -0.213662 -0.065754
v -0.179827 -0.222154 -0.065918
v -0.167816 -0.227771 -0.078816
v -0.166263 -0.225070 -0.091132
v -0.169177 -0.230075 -0.066174
v -0.184223 -0.206738 -0.102239
v -0.164540 -0.221979 -0.103068
v -0.174643 -0.214639 -0.102565
v -0.176721 -0.197267 -0.134496
v -0.179330 -0.200648 -0.124332
v -0.170312 -0.207935 -0.124827
v -0.168048 -0.204147 -0.135116
v -0.181853 -0.203820 -0.113554
v -0.172533 -0.211442 -0.113954
v -0.160738 -0.214672 -0.125583
v -0.158790 -0.210485 -0.136050
v -0.162678 -0.218508 -0.114571
v 0.066949 -0.244185 -0.146439
v 0.067394 -0.250369 -0.134456
v 0.080348 -0.247625 -0.133512
v 0.079787 -0.241581 -0.145363
v 0.067864 -0.255970 -0.122097
v 0.080938 -0.253097 -0.121277
v 0.093018 -0.244392 -0.132452
v 0.092328 -0.238514 -0.144149
v 0.093744 -0.249710 -0.120362
v 0.053556 -0.239442 -0.159037
v 0.053862 -0.246324 -0.147353
v 0.066550 -0.237421 -0.158010
v 0.054202 -0.252620 -0.135262
v 0.054564 -0.258326 -0.122800
v 0.054933 -0.263442 -0.110003
v 0.068341 -0.260990 -0.109397
v 0.081535 -0.258000 -0.108693
v 0.094473 -0.254471 -0.107911
v 0.107112 -0.250407 -0.107071
v 0.106236 -0.245809 -0.119372
v 0.105360 -0.240671 -0.131299
v 0.104522 -0.234990 -0.142819
v 0.091703 -0.232074 -0.155416
v 0.103759 -0.228761 -0.153896
v 0.079283 -0.234963 -0.156795
v 0.116323 -0.231011 -0.141403
v 0.117329 -0.236465 -0.130081
v 0.128887 -0.231768 -0.128846
v 0.127690 -0.226575 -0.139957
v 0.118374 -0.241395 -0.118333
v 0.130122 -0.236465 -0.117288
v 0.139998 -0.226575 -0.127648
v 0.138582 -0.221678 -0.138541
v 0.141444 -0.231011 -0.116281
v 0.115402 -0.225028 -0.152266
v 0.119413 -0.245809 -0.106195
v 0.131340 -0.240671 -0.105319
v 0.142860 -0.234990 -0.104480
v 0.153937 -0.228761 -0.103718
v 0.152307 -0.225028 -0.115361
v 0.150626 -0.220879 -0.126543
v 0.148961 -0.216318 -0.137217
v 0.137258 -0.216318 -0.148920
v 0.147379 -0.211349 -0.147337
v 0.126584 -0.220879 -0.150585
v 0.068808 -0.265428 -0.096390
v 0.069248 -0.269282 -0.083115
v 0.082660 -0.266094 -0.082619
v 0.082115 -0.262332 -0.095794
v 0.069650 -0.272549 -0.069609
v 0.083156 -0.269282 -0.069207
v 0.095835 -0.262332 -0.082074
v 0.095176 -0.258679 -0.095135
v 0.096431 -0.265428 -0.068766
v 0.055294 -0.267966 -0.096906
v 0.055638 -0.271895 -0.083546
v 0.055952 -0.275227 -0.069960
v 0.056227 -0.277959 -0.056186
v 0.070001 -0.275227 -0.055911
v 0.083587 -0.271895 -0.055597
v 0.096947 -0.267966 -0.055253
v 0.110044 -0.263442 -0.054892
v 0.109438 -0.260990 -0.068300
v 0.108734 -0.258000 -0.081494
v 0.107952 -0.254471 -0.094431
v 0.120403 -0.249710 -0.093702
v 0.121318 -0.253097 -0.080897
v 0.133553 -0.247625 -0.080306
v 0.132494 -0.244392 -0.092977
v 0.122138 -0.255970 -0.067823
v 0.134498 -0.250369 -0.067352
v 0.145404 -0.241581 -0.079746
v 0.144190 -0.238514 -0.092286
v 0.146480 -0.244185 -0.066908
v 0.122841 -0.258326 -0.054523
v 0.135303 -0.252619 -0.054161
v 0.147394 -0.246324 -0.053820
v 0.159078 -0.239442 -0.053515
v 0.158051 -0.237421 -0.066509
v 0.156836 -0.234963 -0.079242
v 0.155457 -0.232074 -0.091661
v 0.013389 -0.218093 -0.193697
v 0.013417 -0.226919 -0.183224
v 0.026778 -0.226315 -0.182781
v 0.026720 -0.217530 -0.193215
v 0.013462 -0.235170 -0.172253
v 0.026869 -0.234526 -0.171850
v 0.040027 -0.225316 -0.182054
v 0.039937 -0.216599 -0.192421
v 0.040167 -0.233459 -0.171189
v 0.013379 -0.208700 -0.203644
v 0.013521 -0.242836 -0.160817
v 0.026989 -0.242154 -0.160452
v 0.040352 -0.241021 -0.159855
v 0.053301 -0.231974 -0.170280
v 0.053105 -0.223927 -0.181052
v 0.052981 -0.215307 -0.191324
v 0.039905 -0.207316 -0.202259
v 0.052937 -0.206121 -0.201065
v 0.026700 -0.208178 -0.203121
v 0.065795 -0.213662 -0.189933
v 0.065959 -0.222154 -0.179786
v 0.078531 -0.220008 -0.178274
v 0.078321 -0.211676 -0.188266
v 0.066215 -0.230076 -0.169135
v 0.078857 -0.227771 -0.167775
v 0.090765 -0.217499 -0.176539
v 0.090502 -0.209363 -0.186342
v 0.091173 -0.225070 -0.166222
v 0.065737 -0.204604 -0.199547
v 0.103109 -0.221979 -0.164499
v 0.102606 -0.214639 -0.174602
v 0.102280 -0.206738 -0.184182
v 0.090409 -0.200661 -0.195605
v 0.102165 -0.198271 -0.193214
v 0.078247 -0.202778 -0.197722
v 0.113595 -0.203820 -0.181811
v 0.113996 -0.211442 -0.172492
v 0.124868 -0.207935 -0.170270
v 0.124373 -0.200648 -0.179289
v 0.114612 -0.218508 -0.162636
v 0.125625 -0.214672 -0.160696
v 0.135157 -0.204147 -0.168007
v 0.134537 -0.197267 -0.176679
v 0.136091 -0.210485 -0.158748
v 0.113452 -0.195630 -0.190574
v 0.145954 -0.205963 -0.156862
v 0.144793 -0.200108 -0.165770
v 0.144012 -0.193721 -0.174048
v 0.134313 -0.189806 -0.184749
v 0.143727 -0.186737 -0.181680
v 0.124195 -0.192789 -0.187733
v 0.152711 -0.190047 -0.171477
v 0.153711 -0.195829 -0.163649
v 0.161849 -0.191246 -0.161808
v 0.160500 -0.186249 -0.169115
v 0.155162 -0.201103 -0.155121
v 0.163691 -0.195829 -0.153670
v 0.169156 -0.186249 -0.160459
v 0.167239 -0.182279 -0.167198
v 0.171519 -0.190047 -0.152669
v 0.152337 -0.183645 -0.178589
v 0.156903 -0.205963 -0.145912
v 0.165812 -0.200108 -0.144752
v 0.174089 -0.193721 -0.143971
v 0.181721 -0.186737 -0.143685
v 0.178630 -0.183645 -0.152296
v 0.175608 -0.180623 -0.159930
v 0.172798 -0.177813 -0.166338
v 0.166380 -0.177813 -0.172757
v 0.170717 -0.175732 -0.170676
v 0.159971 -0.180623 -0.175567
v 0.158789 -0.210485 -0.136050
v 0.160738 -0.214672 -0.125583
v 0.170312 -0.207935 -0.124827
v 0.168048 -0.204147 -0.135116
v 0.162677 -0.218508 -0.114571
v 0.172533 -0.211442 -0.113954
v 0.179330 -0.200648 -0.124332
v 0.176720 -0.197267 -0.134496
v 0.181852 -0.203820 -0.113554
v 0.164540 -0.221979 -0.103068
v 0.174643 -0.214639 -0.102565
v 0.184223 -0.206738 -0.102239
v 0.193256 -0.198271 -0.102123
v 0.190615 -0.195630 -0.113411
v 0.187774 -0.192789 -0.124154
v 0.184791 -0.189806 -0.134272
v 0.166263 -0.225070 -0.091132
v 0.167816 -0.227771 -0.078816
v 0.178315 -0.220008 -0.078489
v 0.176580 -0.217499 -0.090724
v 0.169177 -0.230076 -0.066174
v 0.179827 -0.222154 -0.065918
v 0.188307 -0.211676 -0.078280
v 0.186383 -0.209363 -0.090461
v 0.189974 -0.213662 -0.065753
v 0.170322 -0.231974 -0.053260
v 0.181094 -0.223927 -0.053064
v 0.191365 -0.215307 -0.052940
v 0.201106 -0.206121 -0.052896
v 0.199589 -0.204604 -0.065696
v 0.197763 -0.202778 -0.078206
v 0.195646 -0.200661 -0.090368
v 0.171230 -0.233459 -0.040126
v 0.171891 -0.234526 -0.026828
v 0.182822 -0.226315 -0.026737
v 0.182096 -0.225316 -0.039985
v 0.172295 -0.235170 -0.013421
v 0.183265 -0.226919 -0.013376
v 0.193256 -0.217530 -0.026679
v 0.192462 -0.216599 -0.039896
v 0.193738 -0.218093 -0.013348
v 0.159896 -0.241021 -0.040311
v 0.160493 -0.242154 -0.026948
v 0.160858 -0.242836 -0.013480
v 0.160983 -0.243065 0.000041
v 0.172431 -0.235385 0.000041
v 0.183414 -0.227121 0.000041
v 0.193901 -0.218282 0.000041
v 0.203861 -0.208876 0.000041
v 0.203685 -0.208700 -0.013338
v 0.203162 -0.208178 -0.026659
v 0.202300 -0.207316 -0.039864
v 0.123408 -0.260162 -0.041041
v 0.123826 -0.261476 -0.027423
v 0.136425 -0.255632 -0.027252
v 0.135950 -0.254375 -0.040778
v 0.124084 -0.262267 -0.013714
v 0.136718 -0.256389 -0.013629
v 0.148659 -0.249190 -0.027091
v 0.148125 -0.247994 -0.040531
v 0.148988 -0.249911 -0.013550
v 0.110534 -0.265352 -0.041310
v 0.110898 -0.266719 -0.027598
v 0.111123 -0.267541 -0.013800
v 0.111200 -0.267815 0.000041
v 0.124172 -0.262531 0.000041
v 0.136818 -0.256642 0.000041
v 0.149100 -0.250152 0.000041
v 0.070288 -0.277314 -0.042058
v 0.070502 -0.278807 -0.028090
v 0.084199 -0.275388 -0.027937
v 0.083938 -0.273931 -0.041827
v 0.070637 -0.279704 -0.014044
v 0.084363 -0.276263 -0.013968
v 0.097677 -0.271357 -0.027772
v 0.097366 -0.269943 -0.041575
v 0.097870 -0.272208 -0.013886
v 0.056453 -0.280088 -0.042261
v 0.056622 -0.281611 -0.028223
v 0.056728 -0.282526 -0.014110
v 0.056765 -0.282832 0.000041
v 0.070683 -0.280004 0.000041
v 0.084419 -0.276556 0.000041
v 0.097937 -0.272491 0.000041
v 0.014206 -0.284726 -0.042633
v 0.014247 -0.286300 -0.028469
v 0.028458 -0.285360 -0.028417
v 0.028375 -0.283796 -0.042554
v 0.014273 -0.287247 -0.014232
v 0.028510 -0.286300 -0.014206
v 0.042595 -0.283796 -0.028334
v 0.042469 -0.282249 -0.042428
v 0.042674 -0.284726 -0.014165
v 0.014151 -0.282526 -0.056687
v 0.014282 -0.287563 0.000041
v 0.028528 -0.286614 0.000041
v 0.042701 -0.285037 0.000041
v 0.042303 -0.280088 -0.056412
v 0.028265 -0.281611 -0.056581
v 0.013927 -0.272208 -0.097829
v 0.014009 -0.276263 -0.084322
v 0.027978 -0.275388 -0.084158
v 0.027813 -0.271357 -0.097636
v 0.014085 -0.279704 -0.070596
v 0.028131 -0.278807 -0.070461
v 0.041868 -0.273931 -0.083897
v 0.041616 -0.269943 -0.097324
v 0.042099 -0.277314 -0.070247
v 0.013841 -0.267541 -0.111082
v 0.041351 -0.265352 -0.110493
v 0.027640 -0.266719 -0.110856
v 0.013591 -0.249911 -0.148947
v 0.013670 -0.256389 -0.136677
v 0.027293 -0.255632 -0.136384
v 0.027132 -0.249190 -0.148618
v 0.013755 -0.262267 -0.124043
v 0.027464 -0.261476 -0.123784
v 0.040819 -0.254375 -0.135909
v 0.040573 -0.247994 -0.148083
v 0.041082 -0.260162 -0.123367
v -0.146480 -0.244185 0.066991
v -0.145405 -0.241581 0.079829
v -0.133554 -0.247625 0.080389
v -0.134498 -0.250369 0.067435
v -0.144190 -0.238514 0.092369
v -0.132494 -0.244392 0.093060
v -0.121319 -0.253097 0.080980
v -0.122139 -0.255970 0.067905
v -0.120403 -0.249710 0.093785
v -0.159078 -0.239442 0.053598
v -0.158051 -0.237421 0.066592
v -0.147394 -0.246324 0.053903
v -0.156837 -0.234963 0.079324
v -0.155457 -0.232074 0.091744
v -0.153937 -0.228761 0.103800
v -0.142860 -0.234990 0.104563
v -0.131341 -0.240671 0.105401
v -0.119413 -0.245809 0.106278
v -0.107112 -0.250407 0.107153
v -0.107952 -0.254471 0.094514
v -0.108734 -0.258000 0.081577
v -0.109438 -0.260990 0.068383
v -0.122842 -0.258326 0.054605
v -0.110044 -0.263442 0.054974
v -0.135303 -0.252619 0.054244
v -0.096431 -0.265428 0.068849
v -0.095835 -0.262332 0.082156
v -0.082661 -0.266094 0.082702
v -0.083156 -0.269282 0.069290
v -0.095177 -0.258679 0.095218
v -0.082115 -0.262332 0.095877
v -0.069249 -0.269282 0.083197
v -0.069651 -0.272549 0.069692
v -0.068808 -0.265428 0.096473
v -0.096947 -0.267966 0.055336
v -0.094473 -0.254471 0.107994
v -0.081536 -0.258000 0.108775
v -0.068342 -0.260990 0.109479
v -0.054933 -0.263442 0.110085
v -0.055295 -0.267966 0.096988
v -0.055638 -0.271895 0.083628
v -0.055953 -0.275227 0.070042
v -0.070001 -0.275227 0.055994
v -0.056227 -0.277959 0.056269
v -0.083587 -0.271895 0.055679
v -0.141445 -0.231011 0.116364
v -0.139998 -0.226575 0.127731
v -0.128887 -0.231768 0.128928
v -0.130122 -0.236465 0.117370
v -0.138582 -0.221678 0.138624
v -0.127690 -0.226575 0.140039
v -0.117329 -0.236465 0.130163
v -0.118375 -0.241395 0.118416
v -0.116323 -0.231011 0.141486
v -0.152307 -0.225028 0.115443
v -0.150626 -0.220879 0.126625
v -0.148961 -0.216318 0.137300
v -0.147379 -0.211349 0.147420
v -0.137259 -0.216318 0.149002
v -0.126584 -0.220879 0.150667
v -0.115402 -0.225028 0.152348
v -0.103759 -0.228761 0.153979
v -0.104522 -0.234990 0.142901
v -0.105360 -0.240671 0.131382
v -0.106237 -0.245809 0.119454
v -0.093744 -0.249710 0.120444
v -0.093019 -0.244392 0.132535
v -0.080348 -0.247625 0.133595
v -0.080939 -0.253097 0.121360
v -0.092328 -0.238514 0.144231
v -0.079788 -0.241581 0.145446
v -0.067394 -0.250369 0.134539
v -0.067864 -0.255970 0.122180
v -0.066950 -0.244185 0.146521
v -0.091703 -0.232074 0.155499
v -0.079283 -0.234963 0.156878
v -0.066551 -0.237421 0.158092
v -0.053557 -0.239442 0.159120
v -0.053862 -0.246324 0.147435
v -0.054202 -0.252619 0.135345
v -0.054564 -0.258326 0.122883
v -0.193738 -0.218093 0.013430
v -0.193256 -0.217530 0.026762
v -0.182822 -0.226315 0.026820
v -0.183265 -0.226919 0.013459
v -0.192463 -0.216599 0.039978
v -0.182096 -0.225316 0.040068
v -0.171891 -0.234526 0.026911
v -0.172295 -0.235170 0.013503
v -0.171230 -0.233459 0.040209
v -0.191365 -0.215307 0.053022
v -0.181094 -0.223927 0.053147
v -0.170322 -0.231974 0.053342
v -0.159896 -0.241021 0.040393
v -0.160493 -0.242154 0.027030
v -0.160859 -0.242836 0.013562
v -0.148988 -0.249911 0.013633
v -0.148660 -0.249190 0.027174
v -0.136425 -0.255632 0.027334
v -0.136718 -0.256389 0.013712
v -0.148125 -0.247994 0.040614
v -0.135950 -0.254375 0.040861
v -0.123826 -0.261476 0.027505
v -0.124084 -0.262267 0.013796
v -0.123408 -0.260162 0.041124
v -0.110535 -0.265352 0.041393
v -0.110898 -0.266719 0.027681
v -0.111123 -0.267541 0.013883
v -0.097871 -0.272208 0.013968
v -0.097677 -0.271357 0.027854
v -0.084200 -0.275388 0.028020
v -0.084363 -0.276263 0.014050
v -0.097366 -0.269943 0.041657
v -0.083938 -0.273931 0.041909
v -0.070503 -0.278807 0.028172
v -0.070637 -0.279704 0.014126
v -0.070288 -0.277314 0.042141
v -0.056453 -0.280088 0.042344
v -0.056622 -0.281611 0.028306
v -0.056728 -0.282526 0.014192
v -0.042674 -0.284726 0.014247
v -0.042595 -0.283796 0.028416
v -0.028458 -0.285360 0.028499
v -0.028510 -0.286300 0.014288
v -0.042470 -0.282249 0.042511
v -0.028375 -0.283796 0.042636
v -0.014247 -0.286300 0.028551
v -0.014273 -0.287247 0.014314
v -0.014206 -0.284726 0.042715
v -0.042303 -0.280088 0.056494
v -0.028265 -0.281611 0.056663
v -0.014151 -0.282526 0.056770
v -0.000000 -0.282832 0.056806
v -0.000000 -0.285037 0.042743
v -0.000000 -0.286614 0.028569
v -0.000000 -0.287563 0.014324
v -0.042100 -0.277314 0.070329
v -0.041868 -0.273931 0.083979
v -0.027979 -0.275388 0.084241
v -0.028131 -0.278807 0.070544
v -0.041616 -0.269943 0.097407
v -0.027813 -0.271357 0.097718
v -0.014009 -0.276263 0.084404
v -0.014085 -0.279704 0.070678
v -0.013927 -0.272208 0.097912
v -0.041351 -0.265352 0.110576
v -0.027640 -0.266719 0.110939
v -0.013842 -0.267541 0.111164
v -0.000000 -0.267815 0.111242
v -0.000000 -0.272491 0.097979
v -0.000000 -0.276556 0.084461
v -0.000000 -0.280004 0.070725
v -0.041083 -0.260162 0.123449
v -0.040820 -0.254375 0.135991
v -0.027293 -0.255632 0.136466
v -0.027464 -0.261476 0.123867
v -0.040573 -0.247994 0.148166
v -0.027133 -0.249190 0.148701
v -0.013671 -0.256389 0.136759
v -0.013755 -0.262267 0.124125
v -0.013592 -0.249911 0.149029
v -0.040352 -0.241021 0.159938
v -0.026989 -0.242154 0.160534
v -0.013521 -0.242836 0.160900
v -0.000000 -0.243065 0.161024
v -0.000000 -0.250152 0.149141
v -0.000000 -0.256642 0.136859
v -0.000000 -0.262531 0.124214
v -0.040168 -0.233459 0.171272
v -0.040027 -0.225316 0.182137
v -0.026779 -0.226315 0.182864
v -0.026870 -0.234526 0.171933
v -0.039937 -0.216599 0.192504
v -0.026721 -0.217530 0.193297
v -0.013418 -0.226919 0.183306
v -0.013462 -0.235170 0.172336
v -0.013389 -0.218093 0.193780
v -0.053301 -0.231974 0.170363
v -0.053106 -0.223927 0.181135
v -0.052981 -0.215307 0.191406
v -0.052937 -0.206121 0.201148
v -0.039905 -0.207316 0.202342
v -0.026700 -0.208178 0.203204
v -0.013379 -0.208700 0.203726
v -0.000000 -0.208876 0.203902
v -0.000000 -0.218282 0.193942
v -0.000000 -0.227121 0.183455
v -0.000000 -0.235385 0.172473
v -0.091173 -0.225070 0.166304
v -0.090765 -0.217499 0.176622
v -0.078531 -0.220008 0.178357
v -0.078858 -0.227771 0.167858
v -0.090502 -0.209363 0.186425
v -0.078321 -0.211676 0.188348
v -0.065959 -0.222154 0.179868
v -0.066216 -0.230075 0.169218
v -0.065795 -0.213662 0.190015
v -0.103110 -0.221979 0.164581
v -0.102606 -0.214639 0.174684
v -0.102281 -0.206738 0.184264
v -0.102165 -0.198271 0.193297
v -0.090409 -0.200661 0.195688
v -0.078247 -0.202778 0.197804
v -0.065737 -0.204604 0.199630
v -0.136091 -0.210485 0.158831
v -0.135157 -0.204147 0.168089
v -0.124869 -0.207935 0.170353
v -0.125625 -0.214672 0.160779
v -0.134538 -0.197267 0.176762
v -0.124373 -0.200648 0.179371
v -0.113996 -0.211442 0.172574
v -0.114612 -0.218508 0.162719
v -0.113595 -0.203820 0.181894
v -0.145954 -0.205963 0.156944
v -0.144793 -0.200108 0.165853
v -0.144013 -0.193721 0.174131
v -0.143727 -0.186737 0.181763
v -0.134313 -0.189806 0.184832
v -0.124195 -0.192789 0.187816
v -0.113452 -0.195630 0.190656
v -0.171519 -0.190047 0.152752
v -0.169156 -0.186249 0.160542
v -0.161850 -0.191246 0.161891
v -0.163691 -0.195829 0.153752
v -0.167239 -0.182279 0.167280
v -0.160500 -0.186249 0.169197
v -0.153711 -0.195829 0.163732
v -0.155163 -0.201103 0.155204
v -0.152711 -0.190047 0.171560
v -0.174090 -0.193721 0.144054
v -0.166380 -0.177813 0.172840
v -0.159971 -0.180623 0.175650
v -0.152337 -0.183645 0.178671
v -0.156903 -0.205963 0.145995
v -0.165812 -0.200108 0.144835
v -0.181853 -0.203820 0.113636
v -0.179330 -0.200648 0.124414
v -0.170312 -0.207935 0.124910
v -0.172533 -0.211442 0.114037
v -0.176721 -0.197267 0.134579
v -0.168048 -0.204147 0.135198
v -0.160738 -0.214672 0.125666
v -0.162678 -0.218508 0.114653
v -0.158790 -0.210485 0.136132
v -0.184223 -0.206738 0.102322
v -0.164540 -0.221979 0.103151
v -0.174643 -0.214639 0.102647
v -0.189974 -0.213662 0.065836
v -0.188307 -0.211676 0.078362
v -0.178316 -0.220008 0.078572
v -0.179827 -0.222154 0.066000
v -0.186383 -0.209363 0.090543
v -0.176581 -0.217499 0.090806
v -0.167816 -0.227771 0.078899
v -0.169177 -0.230076 0.066257
v -0.166263 -0.225070 0.091214
v 0.069650 -0.272549 0.069692
v 0.069248 -0.269282 0.083197
v 0.082660 -0.266094 0.082702
v 0.083156 -0.269282 0.069290
v 0.068808 -0.265428 0.096473
v 0.082115 -0.262332 0.095877
v 0.095835 -0.262332 0.082156
v 0.096431 -0.265428 0.068849
v 0.095176 -0.258679 0.095218
v 0.056227 -0.277959 0.056269
v 0.055952 -0.275227 0.070042
v 0.070001 -0.275227 0.055994
v 0.055638 -0.271895 0.083628
v 0.055294 -0.267966 0.096988
v 0.054933 -0.263442 0.110085
v 0.068341 -0.260990 0.109479
v 0.081535 -0.258000 0.108775
v 0.094473 -0.254471 0.107994
v 0.107112 -0.250407 0.107153
v 0.107952 -0.254471 0.094514
v 0.108734 -0.258000 0.081577
v 0.109438 -0.260990 0.068383
v 0.096947 -0.267966 0.055336
v 0.110044 -0.263442 0.054974
v 0.083587 -0.271895 0.055679
v 0.122138 -0.255970 0.067905
v 0.121318 -0.253097 0.080980
v 0.133553 -0.247625 0.080389
v 0.134498 -0.250369 0.067435
v 0.120403 -0.249710 0.093785
v 0.132494 -0.244392 0.093060
v 0.145404 -0.241581 0.079829
v 0.146480 -0.244185 0.066991
v 0.144190 -0.238514 0.092369
v 0.122841 -0.258326 0.054606
v 0.119413 -0.245809 0.106278
v 0.131340 -0.240671 0.105401
v 0.142860 -0.234990 0.104563
v 0.153937 -0.228761 0.103800
v 0.155457 -0.232074 0.091744
v 0.156836 -0.234963 0.079324
v 0.158051 -0.237421 0.066592
v 0.147394 -0.246324 0.053903
v 0.159078 -0.239442 0.053598
v 0.135303 -0.252620 0.054244
v 0.067864 -0.255970 0.122180
v 0.067394 -0.250369 0.134539
v 0.080347 -0.247625 0.133595
v 0.080938 -0.253097 0.121360
v 0.066949 -0.244185 0.146522
v 0.079787 -0.241581 0.145446
v 0.093018 -0.244392 0.132535
v 0.093744 -0.249710 0.120444
v 0.092327 -0.238514 0.144231
v 0.054564 -0.258326 0.122883
v 0.054202 -0.252620 0.135345
v 0.053862 -0.246324 0.147435
v 0.053556 -0.239442 0.159120
v 0.066550 -0.237421 0.158093
v 0.079283 -0.234963 0.156878
v 0.091702 -0.232074 0.155499
v 0.103759 -0.228761 0.153979
v 0.104521 -0.234990 0.142901
v 0.105360 -0.240671 0.131382
v 0.106236 -0.245809 0.119455
v 0.118374 -0.241395 0.118416
v 0.117329 -0.236465 0.130163
v 0.128887 -0.231768 0.128928
v 0.130122 -0.236465 0.117370
v 0.116323 -0.231011 0.141486
v 0.127689 -0.226575 0.140039
v 0.139998 -0.226575 0.127731
v 0.141444 -0.231011 0.116364
v 0.138582 -0.221678 0.138624
v 0.115402 -0.225028 0.152348
v 0.126584 -0.220879 0.150667
v 0.137258 -0.216318 0.149002
v 0.147378 -0.211349 0.147420
v 0.148961 -0.216318 0.137300
v 0.150626 -0.220879 0.126625
v 0.152307 -0.225028 0.115443
v 0.014273 -0.287247 0.014315
v 0.014247 -0.286300 0.028551
v 0.028458 -0.285360 0.028499
v 0.028510 -0.286300 0.014288
v 0.014206 -0.284726 0.042715
v 0.028375 -0.283796 0.042636
v 0.042595 -0.283796 0.028416
v 0.042674 -0.284726 0.014247
v 0.042469 -0.282249 0.042511
v 0.014151 -0.282526 0.056770
v 0.028265 -0.281611 0.056663
v 0.042302 -0.280088 0.056494
v 0.056453 -0.280088 0.042344
v 0.056622 -0.281611 0.028306
v 0.056728 -0.282526 0.014192
v 0.070637 -0.279704 0.014126
v 0.070502 -0.278807 0.028172
v 0.084199 -0.275388 0.028020
v 0.084363 -0.276263 0.014050
v 0.070288 -0.277314 0.042141
v 0.083938 -0.273931 0.041909
v 0.097677 -0.271357 0.027854
v 0.097870 -0.272208 0.013968
v 0.097366 -0.269943 0.041657
v 0.110534 -0.265352 0.041393
v 0.110898 -0.266719 0.027681
v 0.111123 -0.267541 0.013883
v 0.124084 -0.262267 0.013796
v 0.123826 -0.261476 0.027506
v 0.136425 -0.255632 0.027334
v 0.136718 -0.256389 0.013712
v 0.123408 -0.260162 0.041124
v 0.135950 -0.254375 0.040861
v 0.148659 -0.249190 0.027174
v 0.148988 -0.249911 0.013633
v 0.148125 -0.247994 0.040614
v 0.159896 -0.241021 0.040393
v 0.160493 -0.242154 0.027030
v 0.160858 -0.242836 0.013562
v 0.172295 -0.235170 0.013503
v 0.171891 -0.234526 0.026911
v 0.182822 -0.226315 0.026820
v 0.183265 -0.226919 0.013459
v 0.171230 -0.233459 0.040209
v 0.182096 -0.225316 0.040068
v 0.193256 -0.217530 0.026762
v 0.193738 -0.218093 0.013430
v 0.192462 -0.216599 0.039978
v 0.170321 -0.231974 0.053342
v 0.181093 -0.223927 0.053147
v 0.191365 -0.215307 0.053022
v 0.201106 -0.206121 0.052978
v 0.202300 -0.207316 0.039947
v 0.203162 -0.208178 0.026741
v 0.203685 -0.208700 0.013420
v 0.169177 -0.230076 0.066257
v 0.167816 -0.227771 0.078899
v 0.178315 -0.220008 0.078572
v 0.179827 -0.222154 0.066000
v 0.166263 -0.225070 0.091215
v 0.176580 -0.217499 0.090806
v 0.188307 -0.211676 0.078362
v 0.189974 -0.213662 0.065836
v 0.186383 -0.209363 0.090543
v 0.164540 -0.221979 0.103151
v 0.174643 -0.214639 0.102647
v 0.184223 -0.206738 0.102322
v 0.193256 -0.198271 0.102206
v 0.195646 -0.200661 0.090450
v 0.197763 -0.202778 0.078288
v 0.199589 -0.204604 0.065778
v 0.162677 -0.218508 0.114653
v 0.160737 -0.214672 0.125666
v 0.170312 -0.207935 0.124910
v 0.172533 -0.211442 0.114037
v 0.158789 -0.210485 0.136132
v 0.168048 -0.204147 0.135198
v 0.179330 -0.200648 0.124414
v 0.181852 -0.203820 0.113636
v 0.176720 -0.197267 0.134579
v 0.156903 -0.205963 0.145995
v 0.165812 -0.200108 0.144835
v 0.174089 -0.193721 0.144054
v 0.181721 -0.186737 0.143768
v 0.184791 -0.189806 0.134354
v 0.187774 -0.192789 0.124236
v 0.190615 -0.195630 0.113493
v 0.155162 -0.201103 0.155204
v 0.153711 -0.195829 0.163732
v 0.161849 -0.191246 0.161891
v 0.163691 -0.195829 0.153752
v 0.152710 -0.190047 0.171560
v 0.160500 -0.186249 0.169197
v 0.169156 -0.186249 0.160542
v 0.171518 -0.190047 0.152752
v 0.167239 -0.182279 0.167280
v 0.145954 -0.205963 0.156944
v 0.144793 -0.200108 0.165853
v 0.144012 -0.193721 0.174131
v 0.143727 -0.186737 0.181763
v 0.152337 -0.183645 0.178671
v 0.159971 -0.180623 0.175650
v 0.166380 -0.177813 0.172840
v 0.170717 -0.175732 0.170759
v 0.172798 -0.177813 0.166421
v 0.175608 -0.180623 0.160012
v 0.178630 -0.183645 0.152378
v 0.114612 -0.218508 0.162719
v 0.113996 -0.211442 0.172574
v 0.124868 -0.207935 0.170353
v 0.125625 -0.214672 0.160779
v 0.113595 -0.203820 0.181894
v 0.124373 -0.200648 0.179371
v 0.135157 -0.204147 0.168089
v 0.136091 -0.210485 0.158831
v 0.134537 -0.197267 0.176762
v 0.103109 -0.221979 0.164581
v 0.102606 -0.214639 0.174684
v 0.102280 -0.206738 0.184264
v 0.102165 -0.198271 0.193297
v 0.113452 -0.195630 0.190656
v 0.124195 -0.192789 0.187816
v 0.134313 -0.189806 0.184832
v 0.066215 -0.230076 0.169218
v 0.065959 -0.222154 0.179868
v 0.078530 -0.220008 0.178357
v 0.078857 -0.227771 0.167858
v 0.065795 -0.213662 0.190015
v 0.078321 -0.211676 0.188348
v 0.090765 -0.217499 0.176622
v 0.091173 -0.225070 0.166304
v 0.090502 -0.209363 0.186425
v 0.053301 -0.231974 0.170363
v 0.053105 -0.223927 0.181135
v 0.052981 -0.215307 0.191406
v 0.052937 -0.206121 0.201148
v 0.065737 -0.204604 0.199630
v 0.078247 -0.202778 0.197804
v 0.090409 -0.200661 0.195688
v 0.013462 -0.235170 0.172336
v 0.013417 -0.226919 0.183306
v 0.026778 -0.226315 0.182864
v 0.026869 -0.234526 0.171932
v 0.013389 -0.218093 0.193780
v 0.026720 -0.217530 0.193297
v 0.040026 -0.225316 0.182137
v 0.040167 -0.233459 0.171272
v 0.039937 -0.216599 0.192504
v 0.013521 -0.242836 0.160900
v 0.013379 -0.208700 0.203726
v 0.026700 -0.208178 0.203204
v 0.039905 -0.207316 0.202342
v 0.040352 -0.241021 0.159938
v 0.026989 -0.242154 0.160534
v 0.013755 -0.262267 0.124125
v 0.013670 -0.256389 0.136759
v 0.027293 -0.255632 0.136466
v 0.027464 -0.261476 0.123867
v 0.013591 -0.249911 0.149029
v 0.027132 -0.249190 0.148701
v 0.040819 -0.254375 0.135991
v 0.041082 -0.260162 0.123449
v 0.040572 -0.247994 0.148166
v 0.013841 -0.267541 0.111164
v 0.041351 -0.265352 0.110576
v 0.027640 -0.266719 0.110939
v 0.014085 -0.279704 0.070678
v 0.014009 -0.276263 0.084404
v 0.027978 -0.275388 0.084241
v 0.028131 -0.278807 0.070544
v 0.013927 -0.272208 0.097912
v 0.027813 -0.271357 0.097718
v 0.041868 -0.273931 0.083979
v 0.042099 -0.277314 0.070329
v 0.041616 -0.269943 0.097407
v 0.216649 -0.143652 -0.138539
v 0.221546 -0.145068 -0.127646
v 0.226644 -0.134339 -0.128825
v 0.221443 -0.133142 -0.139941
v 0.225982 -0.146512 -0.116281
v 0.231341 -0.135558 -0.117285
v 0.231083 -0.123819 -0.130010
v 0.225602 -0.122814 -0.141350
v 0.236014 -0.124809 -0.118325
v 0.206334 -0.152394 -0.147337
v 0.211303 -0.153976 -0.137217
v 0.211286 -0.142326 -0.148921
v 0.215864 -0.155641 -0.126543
v 0.220013 -0.157322 -0.115361
v 0.223746 -0.158952 -0.103718
v 0.229961 -0.147923 -0.104485
v 0.235543 -0.136743 -0.105359
v 0.240413 -0.125735 -0.106332
v 0.244490 -0.115224 -0.107395
v 0.239926 -0.114616 -0.119353
v 0.234786 -0.113873 -0.131131
v 0.229042 -0.113036 -0.142692
v 0.219557 -0.121841 -0.152309
v 0.222665 -0.112150 -0.153999
v 0.215729 -0.132021 -0.150598
v 0.231769 -0.104196 -0.143953
v 0.237746 -0.104870 -0.132249
v 0.240226 -0.097213 -0.133938
v 0.234152 -0.096757 -0.145341
v 0.243030 -0.105361 -0.120493
v 0.245400 -0.097558 -0.122556
v 0.242546 -0.091233 -0.136868
v 0.236517 -0.091107 -0.147300
v 0.247243 -0.091644 -0.126207
v 0.225083 -0.103359 -0.155568
v 0.247682 -0.105611 -0.108764
v 0.249841 -0.097600 -0.111553
v 0.250943 -0.091836 -0.116617
v 0.230105 -0.090843 -0.157355
v 0.227377 -0.096075 -0.156746
v 0.233484 -0.149248 -0.092299
v 0.236551 -0.150458 -0.079762
v 0.242491 -0.138878 -0.080429
v 0.239258 -0.137850 -0.093075
v 0.239156 -0.151534 -0.066917
v 0.245243 -0.139821 -0.067427
v 0.247681 -0.127377 -0.081313
v 0.244296 -0.126571 -0.094034
v 0.250581 -0.128194 -0.068074
v 0.227059 -0.160472 -0.091661
v 0.229948 -0.161852 -0.079242
v 0.232406 -0.163066 -0.066509
v 0.234427 -0.164093 -0.053515
v 0.241297 -0.152448 -0.053818
v 0.247510 -0.140630 -0.054140
v 0.252992 -0.128910 -0.054450
v 0.257671 -0.117555 -0.054720
v 0.255089 -0.116920 -0.068896
v 0.252033 -0.116221 -0.082479
v 0.248511 -0.115700 -0.095217
v 0.254526 -0.091054 -0.109008
v 0.253963 -0.097056 -0.100910
v 0.259199 -0.095349 -0.087749
v 0.259063 -0.089316 -0.102199
v 0.251814 -0.105601 -0.096951
v 0.255585 -0.105658 -0.084164
v 0.258823 -0.106368 -0.069851
v 0.262463 -0.097445 -0.070262
v 0.266914 -0.091249 -0.068610
v 0.265761 -0.089375 -0.082434
v 0.265213 -0.086695 -0.096322
v 0.261569 -0.106982 -0.054935
v 0.265086 -0.098183 -0.055152
v 0.268662 -0.092055 -0.055446
v 0.177264 -0.172254 -0.167198
v 0.181234 -0.174171 -0.160459
v 0.186231 -0.166865 -0.161808
v 0.181234 -0.165515 -0.169115
v 0.185031 -0.176534 -0.152669
v 0.190814 -0.168706 -0.153670
v 0.190814 -0.158726 -0.163649
v 0.185031 -0.157726 -0.171477
v 0.196088 -0.160178 -0.155121
v 0.172798 -0.171395 -0.172757
v 0.188706 -0.179105 -0.143971
v 0.195093 -0.170827 -0.144752
v 0.200948 -0.161918 -0.145912
v 0.200948 -0.150969 -0.156862
v 0.195093 -0.149808 -0.165770
v 0.188706 -0.149028 -0.174048
v 0.178630 -0.157352 -0.178589
v 0.181721 -0.148742 -0.181680
v 0.175608 -0.164986 -0.175567
v 0.192233 -0.139603 -0.176685
v 0.199110 -0.140220 -0.168017
v 0.202746 -0.130266 -0.170348
v 0.195482 -0.129790 -0.179332
v 0.205450 -0.141155 -0.158755
v 0.209495 -0.131036 -0.160753
v 0.205842 -0.120303 -0.172753
v 0.198294 -0.119966 -0.181958
v 0.212947 -0.120963 -0.162829
v 0.184776 -0.139383 -0.184748
v 0.215669 -0.111291 -0.164955
v 0.208236 -0.110683 -0.175222
v 0.200512 -0.110510 -0.184530
v 0.190229 -0.119931 -0.190528
v 0.192342 -0.110650 -0.193105
v 0.187660 -0.129644 -0.187719
v 0.210916 -0.085741 -0.191366
v 0.203453 -0.087943 -0.194879
v 0.210517 -0.093013 -0.182179
v 0.217634 -0.088025 -0.179094
v 0.197276 -0.089491 -0.199095
v 0.201205 -0.094559 -0.191595
v 0.201837 -0.101829 -0.187271
v 0.209798 -0.101705 -0.177914
v 0.217702 -0.102410 -0.167032
v 0.219987 -0.094969 -0.168395
v 0.224032 -0.089779 -0.167692
v 0.191476 -0.090322 -0.204067
v 0.193624 -0.095293 -0.198981
v 0.193730 -0.102241 -0.195595
v 0.263868 -0.107087 -0.039817
v 0.265529 -0.107100 -0.024970
v 0.270619 -0.096229 -0.021914
v 0.267681 -0.097908 -0.039885
v 0.266164 -0.107784 -0.011396
v 0.270033 -0.098569 -0.007729
v 0.273838 -0.092057 0.000281
v 0.275938 -0.089939 -0.007545
v 0.279840 -0.087046 -0.014911
v 0.275246 -0.089789 -0.028574
v 0.271485 -0.091510 -0.042315
v 0.259740 -0.117903 -0.040348
v 0.261193 -0.118176 -0.026228
v 0.262092 -0.118996 0.000662
v 0.266160 -0.108484 0.001470
v 0.261949 -0.118598 -0.012664
v 0.269690 -0.099630 0.003868
v 0.272972 -0.093196 0.008700
v 0.242969 -0.153176 -0.040516
v 0.244167 -0.153710 -0.027070
v 0.250553 -0.141723 -0.027080
v 0.249285 -0.141259 -0.040658
v 0.244887 -0.154041 -0.013532
v 0.251302 -0.142040 -0.013487
v 0.256246 -0.129796 -0.026845
v 0.254895 -0.129416 -0.040635
v 0.257008 -0.130137 -0.013234
v 0.236006 -0.164911 -0.040311
v 0.237139 -0.165508 -0.026948
v 0.237821 -0.165874 -0.013480
v 0.238049 -0.165998 0.000041
v 0.245125 -0.154158 0.000051
v 0.251538 -0.142180 0.000119
v 0.257217 -0.130361 0.000303
v 0.211584 -0.197477 -0.039896
v 0.212514 -0.198271 -0.026679
v 0.221300 -0.187837 -0.026737
v 0.220301 -0.187111 -0.039985
v 0.213077 -0.198753 -0.013348
v 0.221904 -0.188280 -0.013376
v 0.229511 -0.176906 -0.026828
v 0.228444 -0.176245 -0.040126
v 0.230154 -0.177310 -0.013421
v 0.210292 -0.196380 -0.052940
v 0.213266 -0.198916 0.000041
v 0.222106 -0.188429 0.000041
v 0.230370 -0.177446 0.000041
v 0.226959 -0.175337 -0.053260
v 0.218912 -0.186109 -0.053064
v 0.204348 -0.191398 -0.090461
v 0.206661 -0.193322 -0.078280
v 0.214993 -0.183331 -0.078489
v 0.212484 -0.181596 -0.090724
v 0.208647 -0.194989 -0.065753
v 0.217139 -0.184842 -0.065918
v 0.222756 -0.172831 -0.078816
v 0.220054 -0.171278 -0.091132
v 0.225060 -0.174192 -0.066174
v 0.201723 -0.189238 -0.102239
v 0.216964 -0.169555 -0.103068
v 0.209624 -0.179658 -0.102565
v 0.192252 -0.181736 -0.134496
v 0.195633 -0.184345 -0.124332
v 0.202920 -0.175327 -0.124827
v 0.199132 -0.173063 -0.135116
v 0.198805 -0.186868 -0.113554
v 0.206427 -0.177548 -0.113954
v 0.209657 -0.165753 -0.125583
v 0.205470 -0.163805 -0.136050
v 0.213493 -0.167693 -0.114571
v 0.239155 -0.151536 0.067004
v 0.236550 -0.150459 0.079845
v 0.242488 -0.138884 0.080522
v 0.245234 -0.139842 0.067542
v 0.233484 -0.149248 0.092381
v 0.239258 -0.137851 0.093159
v 0.247671 -0.127398 0.081428
v 0.250551 -0.128265 0.068267
v 0.244294 -0.126574 0.094121
v 0.234427 -0.164093 0.053598
v 0.232405 -0.163066 0.066592
v 0.241295 -0.152454 0.053910
v 0.229948 -0.161852 0.079324
v 0.227059 -0.160472 0.091744
v 0.223746 -0.158952 0.103800
v 0.229961 -0.147923 0.104568
v 0.235543 -0.136743 0.105442
v 0.240413 -0.125735 0.106414
v 0.244489 -0.115224 0.107477
v 0.248507 -0.115706 0.095309
v 0.252010 -0.116271 0.082639
v 0.255018 -0.117087 0.069240
v 0.252922 -0.129076 0.054795
v 0.257506 -0.117950 0.055423
v 0.247489 -0.140680 0.054300
v 0.266372 -0.091600 0.068247
v 0.262185 -0.097830 0.070657
v 0.259062 -0.095433 0.087715
v 0.265267 -0.089478 0.081549
v 0.258681 -0.106671 0.070373
v 0.255536 -0.105744 0.084356
v 0.251805 -0.105611 0.097044
v 0.253945 -0.097065 0.100979
v 0.254505 -0.091055 0.109056
v 0.258937 -0.089324 0.102001
v 0.264807 -0.086707 0.095426
v 0.267997 -0.092841 0.055907
v 0.264603 -0.099091 0.056397
v 0.261257 -0.107700 0.056112
v 0.247681 -0.105612 0.108846
v 0.249839 -0.097600 0.111634
v 0.250939 -0.091836 0.116698
v 0.225982 -0.146512 0.116364
v 0.221546 -0.145068 0.127728
v 0.226644 -0.134339 0.128907
v 0.231341 -0.135558 0.117368
v 0.216649 -0.143652 0.138622
v 0.221443 -0.133142 0.140024
v 0.231082 -0.123820 0.130093
v 0.236014 -0.124809 0.118408
v 0.225602 -0.122814 0.141433
v 0.220013 -0.157322 0.115443
v 0.215864 -0.155641 0.126625
v 0.211303 -0.153976 0.137300
v 0.206333 -0.152394 0.147420
v 0.211286 -0.142326 0.149004
v 0.215729 -0.132021 0.150680
v 0.219557 -0.121841 0.152392
v 0.222665 -0.112150 0.154082
v 0.229042 -0.113036 0.142775
v 0.234786 -0.113873 0.131214
v 0.239925 -0.114616 0.119436
v 0.247241 -0.091645 0.126288
v 0.245398 -0.097558 0.122638
v 0.240225 -0.097213 0.134020
v 0.242545 -0.091233 0.136950
v 0.243030 -0.105361 0.120575
v 0.237746 -0.104870 0.132331
v 0.234151 -0.096757 0.145424
v 0.236516 -0.091107 0.147382
v 0.231768 -0.104196 0.144035
v 0.225083 -0.103359 0.155651
v 0.227377 -0.096075 0.156828
v 0.230105 -0.090843 0.157438
v 0.213077 -0.198753 0.013430
v 0.212514 -0.198271 0.026762
v 0.221300 -0.187837 0.026820
v 0.221904 -0.188280 0.013459
v 0.211584 -0.197477 0.039978
v 0.220301 -0.187111 0.040068
v 0.229511 -0.176906 0.026911
v 0.230154 -0.177310 0.013503
v 0.228444 -0.176245 0.040209
v 0.210292 -0.196380 0.053022
v 0.218912 -0.186109 0.053147
v 0.226959 -0.175337 0.053342
v 0.236006 -0.164911 0.040393
v 0.237139 -0.165508 0.027031
v 0.237821 -0.165874 0.013562
v 0.244883 -0.154050 0.013637
v 0.244162 -0.153723 0.027175
v 0.250510 -0.141828 0.027347
v 0.251273 -0.142109 0.013743
v 0.242965 -0.153188 0.040617
v 0.249248 -0.141348 0.040882
v 0.256099 -0.130150 0.027549
v 0.256912 -0.130369 0.013902
v 0.254771 -0.129715 0.041197
v 0.259446 -0.118613 0.041565
v 0.260845 -0.119016 0.027784
v 0.261721 -0.119147 0.014133
v 0.272840 -0.093231 0.019232
v 0.269267 -0.100000 0.016113
v 0.268380 -0.099964 0.029134
v 0.272228 -0.092992 0.031282
v 0.265714 -0.108821 0.014609
v 0.264779 -0.108787 0.028152
v 0.266751 -0.099717 0.042609
v 0.270305 -0.093039 0.043685
v 0.263293 -0.108417 0.042009
v 0.224031 -0.089779 0.167775
v 0.219986 -0.094969 0.168478
v 0.210517 -0.093013 0.182262
v 0.217633 -0.088025 0.179176
v 0.217702 -0.102410 0.167114
v 0.209798 -0.101705 0.177996
v 0.201837 -0.101830 0.187354
v 0.201205 -0.094559 0.191677
v 0.197275 -0.089491 0.199178
v 0.203452 -0.087943 0.194961
v 0.210915 -0.085741 0.191448
v 0.215669 -0.111291 0.165037
v 0.208236 -0.110683 0.175305
v 0.192342 -0.110650 0.193188
v 0.193730 -0.102241 0.195678
v 0.200512 -0.110510 0.184612
v 0.193624 -0.095293 0.199063
v 0.191476 -0.090322 0.204150
v 0.205450 -0.141155 0.158838
v 0.199110 -0.140220 0.168099
v 0.202746 -0.130267 0.170431
v 0.209495 -0.131036 0.160836
v 0.192233 -0.139603 0.176767
v 0.195481 -0.129790 0.179415
v 0.205841 -0.120303 0.172836
v 0.212947 -0.120963 0.162911
v 0.198294 -0.119967 0.182041
v 0.200948 -0.150969 0.156944
v 0.195093 -0.149808 0.165853
v 0.188706 -0.149028 0.174131
v 0.181721 -0.148742 0.181763
v 0.184776 -0.139383 0.184830
v 0.187660 -0.129644 0.187802
v 0.190229 -0.119931 0.190610
v 0.185031 -0.176534 0.152752
v 0.181234 -0.174171 0.160542
v 0.186231 -0.166865 0.161891
v 0.190814 -0.168706 0.153752
v 0.177264 -0.172254 0.167280
v 0.181234 -0.165515 0.169197
v 0.190814 -0.158726 0.163732
v 0.196087 -0.160178 0.155204
v 0.185031 -0.157726 0.171560
v 0.188706 -0.179105 0.144054
v 0.172798 -0.171395 0.172840
v 0.175608 -0.164986 0.175650
v 0.178630 -0.157352 0.178671
v 0.200948 -0.161918 0.145995
v 0.195093 -0.170827 0.144835
v 0.198805 -0.186868 0.113636
v 0.195633 -0.184345 0.124414
v 0.202920 -0.175327 0.124910
v 0.206427 -0.177548 0.114037
v 0.192252 -0.181736 0.134579
v 0.199132 -0.173063 0.135198
v 0.209657 -0.165753 0.125666
v 0.213493 -0.167693 0.114653
v 0.205470 -0.163805 0.136132
v 0.201723 -0.189238 0.102322
v 0.216964 -0.169555 0.103151
v 0.209624 -0.179658 0.102647
v 0.208647 -0.194989 0.065836
v 0.206660 -0.193322 0.078362
v 0.214993 -0.183331 0.078572
v 0.217139 -0.184842 0.066000
v 0.204348 -0.191398 0.090543
v 0.212484 -0.181596 0.090806
v 0.222756 -0.172831 0.078899
v 0.225060 -0.174192 0.066257
v 0.220054 -0.171278 0.091215
v 0.138577 -0.143654 -0.216609
v 0.139956 -0.133158 -0.221418
v 0.128858 -0.134344 -0.226608
v 0.127686 -0.145068 -0.221506
v 0.141302 -0.122869 -0.225615
v 0.130025 -0.123836 -0.231057
v 0.117326 -0.135558 -0.231301
v 0.116322 -0.146512 -0.225941
v 0.118363 -0.124811 -0.235975
v 0.147379 -0.152394 -0.206292
v 0.148955 -0.142331 -0.211250
v 0.137258 -0.153976 -0.211262
v 0.150576 -0.132059 -0.215726
v 0.152140 -0.121970 -0.219644
v 0.153541 -0.112455 -0.222929
v 0.142523 -0.113165 -0.229129
v 0.131110 -0.113911 -0.234783
v 0.119387 -0.114621 -0.239889
v 0.107436 -0.115224 -0.244449
v 0.106373 -0.125735 -0.240372
v 0.105401 -0.136743 -0.235502
v 0.104527 -0.147923 -0.229920
v 0.115402 -0.157322 -0.219971
v 0.103759 -0.158952 -0.223705
v 0.126584 -0.155641 -0.215823
v 0.092340 -0.149248 -0.233443
v 0.093117 -0.137850 -0.239217
v 0.080471 -0.138878 -0.242450
v 0.079803 -0.150458 -0.236509
v 0.094075 -0.126571 -0.244255
v 0.081354 -0.127377 -0.247640
v 0.067468 -0.139821 -0.245201
v 0.066959 -0.151534 -0.239115
v 0.068115 -0.128194 -0.250540
v 0.091703 -0.160472 -0.227018
v 0.095259 -0.115700 -0.248470
v 0.082520 -0.116221 -0.251991
v 0.068937 -0.116920 -0.255048
v 0.054761 -0.117555 -0.257630
v 0.054492 -0.128910 -0.252950
v 0.054181 -0.140630 -0.247469
v 0.053859 -0.152448 -0.241256
v 0.066551 -0.163066 -0.232364
v 0.053557 -0.164093 -0.234385
v 0.079283 -0.161852 -0.229907
v 0.120541 -0.105370 -0.242968
v 0.132199 -0.104940 -0.237740
v 0.134019 -0.097303 -0.240003
v 0.122745 -0.097570 -0.245129
v 0.143631 -0.104431 -0.231932
v 0.145057 -0.097058 -0.234171
v 0.137397 -0.091315 -0.241683
v 0.126777 -0.091655 -0.246419
v 0.147443 -0.091379 -0.235954
v 0.108824 -0.105611 -0.247615
v 0.154719 -0.103914 -0.225571
v 0.155784 -0.096777 -0.227828
v 0.156871 -0.091450 -0.229992
v 0.117126 -0.091836 -0.250222
v 0.111738 -0.097600 -0.249591
v 0.069895 -0.106368 -0.258778
v 0.084219 -0.105658 -0.255523
v 0.087925 -0.095349 -0.258963
v 0.070317 -0.097445 -0.262401
v 0.097011 -0.105601 -0.251745
v 0.101111 -0.097056 -0.253690
v 0.109594 -0.091054 -0.253693
v 0.102857 -0.089316 -0.258127
v 0.096908 -0.086695 -0.264381
v 0.082635 -0.089375 -0.265488
v 0.068671 -0.091249 -0.266845
v 0.054976 -0.106982 -0.261528
v 0.055193 -0.098183 -0.265044
v 0.055487 -0.092055 -0.268621
v 0.167239 -0.172254 -0.177223
v 0.169156 -0.165515 -0.181192
v 0.161849 -0.166865 -0.186190
v 0.160500 -0.174171 -0.181192
v 0.171519 -0.157726 -0.184990
v 0.163691 -0.158726 -0.190773
v 0.153711 -0.168706 -0.190773
v 0.152711 -0.176534 -0.184990
v 0.155162 -0.160178 -0.196046
v 0.174089 -0.149028 -0.188664
v 0.165812 -0.149808 -0.195052
v 0.156903 -0.150969 -0.200907
v 0.145954 -0.161918 -0.200907
v 0.144793 -0.170827 -0.195052
v 0.144013 -0.179105 -0.188664
v 0.134537 -0.181736 -0.192210
v 0.135157 -0.173063 -0.199091
v 0.124869 -0.175327 -0.202879
v 0.124373 -0.184345 -0.195592
v 0.136091 -0.163805 -0.205429
v 0.125625 -0.165753 -0.209616
v 0.113996 -0.177548 -0.206386
v 0.113595 -0.186868 -0.198763
v 0.114612 -0.167693 -0.213452
v 0.103109 -0.169555 -0.216922
v 0.102606 -0.179658 -0.209583
v 0.102280 -0.189238 -0.201682
v 0.090502 -0.191398 -0.204307
v 0.090765 -0.181596 -0.212443
v 0.078531 -0.183331 -0.214951
v 0.078321 -0.193322 -0.206619
v 0.091173 -0.171278 -0.220013
v 0.078857 -0.172831 -0.222715
v 0.065959 -0.184842 -0.217098
v 0.065795 -0.194989 -0.208605
v 0.066215 -0.174192 -0.225019
v 0.053301 -0.175337 -0.226918
v 0.053105 -0.186109 -0.218871
v 0.052981 -0.196380 -0.210251
v 0.039937 -0.197477 -0.211543
v 0.040027 -0.187111 -0.220260
v 0.026778 -0.187837 -0.221259
v 0.026720 -0.198271 -0.212473
v 0.040167 -0.176245 -0.228403
v 0.026870 -0.176906 -0.229470
v 0.013417 -0.188280 -0.221862
v 0.013389 -0.198753 -0.213036
v 0.013462 -0.177310 -0.230113
v 0.040352 -0.164911 -0.235965
v 0.026989 -0.165508 -0.237097
v 0.013521 -0.165874 -0.237780
v -0.000000 -0.165998 -0.238008
v -0.000000 -0.177446 -0.230329
v -0.000000 -0.188429 -0.222065
v -0.000000 -0.198916 -0.213225
v 0.040558 -0.153177 -0.242928
v 0.040699 -0.141259 -0.249244
v 0.027122 -0.141723 -0.250512
v 0.027111 -0.153710 -0.244126
v 0.040677 -0.129416 -0.254854
v 0.026886 -0.129796 -0.256204
v 0.013528 -0.142040 -0.251260
v 0.013574 -0.154041 -0.244845
v 0.013275 -0.130137 -0.256967
v 0.040390 -0.117903 -0.259699
v 0.026270 -0.118176 -0.261152
v 0.012705 -0.118597 -0.261908
v -0.000620 -0.118996 -0.262050
v -0.000262 -0.130361 -0.257175
v -0.000078 -0.142180 -0.251497
v -0.000010 -0.154158 -0.245084
v 0.011437 -0.107784 -0.266122
v 0.025011 -0.107100 -0.265488
v 0.021955 -0.096229 -0.270578
v 0.007771 -0.098569 -0.269992
v 0.039858 -0.107087 -0.263827
v 0.039927 -0.097908 -0.267640
v 0.042356 -0.091510 -0.271444
v 0.028616 -0.089789 -0.275205
v 0.014952 -0.087046 -0.279799
v 0.007587 -0.089939 -0.275896
v -0.000240 -0.092057 -0.273797
v -0.001428 -0.108484 -0.266119
v -0.003827 -0.099630 -0.269649
v -0.008658 -0.093196 -0.272930
v 0.165365 -0.103440 -0.218696
v 0.175475 -0.103017 -0.211355
v 0.176108 -0.095974 -0.214077
v 0.166192 -0.096375 -0.221162
v 0.184960 -0.102633 -0.203613
v 0.185320 -0.095677 -0.206534
v 0.175674 -0.090475 -0.217950
v 0.166315 -0.090959 -0.224254
v 0.184273 -0.090419 -0.210760
v 0.164086 -0.111840 -0.216189
v 0.174102 -0.111333 -0.208944
v 0.183537 -0.110935 -0.201235
v 0.176710 -0.139609 -0.192203
v 0.179244 -0.129843 -0.195536
v 0.170244 -0.130348 -0.202799
v 0.168040 -0.140230 -0.199081
v 0.181563 -0.120146 -0.198575
v 0.172305 -0.120577 -0.206116
v 0.160681 -0.131104 -0.209524
v 0.158782 -0.141164 -0.205417
v 0.162486 -0.121194 -0.213143
v -0.066963 -0.151536 -0.239114
v -0.067501 -0.139842 -0.245193
v -0.080480 -0.138884 -0.242447
v -0.079804 -0.150459 -0.236509
v -0.068226 -0.128265 -0.250510
v -0.081387 -0.127397 -0.247630
v -0.093118 -0.137851 -0.239217
v -0.092340 -0.149248 -0.233443
v -0.094079 -0.126573 -0.244253
v -0.053557 -0.164093 -0.234385
v -0.053869 -0.152454 -0.241254
v -0.066551 -0.163066 -0.232364
v -0.054258 -0.140680 -0.247448
v -0.054753 -0.129076 -0.252881
v -0.055381 -0.117950 -0.257465
v -0.069199 -0.117087 -0.254977
v -0.082597 -0.116271 -0.251969
v -0.095268 -0.115706 -0.248466
v -0.107436 -0.115224 -0.244448
v -0.106373 -0.125735 -0.240371
v -0.105401 -0.136743 -0.235502
v -0.104527 -0.147923 -0.229920
v -0.091703 -0.160472 -0.227018
v -0.103759 -0.158952 -0.223705
v -0.079283 -0.161851 -0.229907
v -0.116322 -0.146512 -0.225941
v -0.117327 -0.135558 -0.231300
v -0.128866 -0.134339 -0.226603
v -0.127687 -0.145068 -0.221505
v -0.118367 -0.124809 -0.235973
v -0.130051 -0.123820 -0.231041
v -0.139982 -0.133142 -0.221402
v -0.138580 -0.143652 -0.216607
v -0.141391 -0.122814 -0.225561
v -0.115402 -0.157322 -0.219971
v -0.119394 -0.114616 -0.239884
v -0.131173 -0.113873 -0.234744
v -0.142734 -0.113036 -0.229001
v -0.154041 -0.112150 -0.222624
v -0.152351 -0.121841 -0.219516
v -0.150639 -0.132021 -0.215688
v -0.148963 -0.142326 -0.211245
v -0.137258 -0.153976 -0.211262
v -0.147379 -0.152394 -0.206292
v -0.126584 -0.155641 -0.215823
v -0.097003 -0.105611 -0.251764
v -0.084314 -0.105744 -0.255494
v -0.087674 -0.095433 -0.259021
v -0.100938 -0.097065 -0.253904
v -0.070332 -0.106670 -0.258640
v -0.070616 -0.097830 -0.262143
v -0.068206 -0.091600 -0.266331
v -0.081508 -0.089478 -0.265226
v -0.095385 -0.086707 -0.264766
v -0.101960 -0.089324 -0.258895
v -0.109015 -0.091055 -0.254464
v -0.108805 -0.105612 -0.247639
v -0.111593 -0.097600 -0.249798
v -0.056071 -0.107700 -0.261216
v -0.056355 -0.099091 -0.264562
v -0.055866 -0.092841 -0.267956
v -0.116657 -0.091836 -0.250898
v -0.143994 -0.104196 -0.231727
v -0.132290 -0.104870 -0.237705
v -0.133979 -0.097213 -0.240184
v -0.145383 -0.096757 -0.234110
v -0.120534 -0.105361 -0.242988
v -0.122597 -0.097558 -0.245357
v -0.136909 -0.091233 -0.242504
v -0.147341 -0.091107 -0.236475
v -0.126247 -0.091644 -0.247200
v -0.155609 -0.103359 -0.225042
v -0.157396 -0.090843 -0.230063
v -0.156787 -0.096075 -0.227336
v -0.013389 -0.198753 -0.213036
v -0.013418 -0.188280 -0.221862
v -0.026779 -0.187837 -0.221259
v -0.026720 -0.198271 -0.212473
v -0.013462 -0.177310 -0.230113
v -0.026870 -0.176906 -0.229470
v -0.040027 -0.187111 -0.220260
v -0.039937 -0.197477 -0.211543
v -0.040167 -0.176245 -0.228403
v -0.013521 -0.165874 -0.237780
v -0.026989 -0.165508 -0.237097
v -0.040352 -0.164911 -0.235965
v -0.053301 -0.175337 -0.226918
v -0.053106 -0.186109 -0.218871
v -0.052981 -0.196380 -0.210251
v -0.065795 -0.194989 -0.208605
v -0.065959 -0.184842 -0.217098
v -0.078531 -0.183331 -0.214951
v -0.078321 -0.193322 -0.206619
v -0.066216 -0.174192 -0.225019
v -0.078857 -0.172831 -0.222715
v -0.090765 -0.181595 -0.212443
v -0.090502 -0.191398 -0.204307
v -0.091173 -0.171278 -0.220013
v -0.103109 -0.169555 -0.216922
v -0.102606 -0.179658 -0.209583
v -0.102280 -0.189238 -0.201682
v -0.113595 -0.186868 -0.198764
v -0.113996 -0.177548 -0.206386
v -0.124869 -0.175327 -0.202879
v -0.124373 -0.184345 -0.195592
v -0.114612 -0.167693 -0.213452
v -0.125625 -0.165753 -0.209616
v -0.135157 -0.173063 -0.199091
v -0.134538 -0.181736 -0.192210
v -0.136091 -0.163805 -0.205429
v -0.145954 -0.161918 -0.200907
v -0.144793 -0.170827 -0.195052
v -0.144013 -0.179105 -0.188665
v -0.152711 -0.176534 -0.184990
v -0.153711 -0.168706 -0.190773
v -0.161850 -0.166865 -0.186190
v -0.160500 -0.174171 -0.181192
v -0.155163 -0.160178 -0.196046
v -0.163691 -0.158726 -0.190773
v -0.169156 -0.165515 -0.181193
v -0.167239 -0.172254 -0.177223
v -0.171519 -0.157726 -0.184990
v -0.156903 -0.150969 -0.200907
v -0.165812 -0.149808 -0.195052
v -0.174090 -0.149028 -0.188665
v -0.158797 -0.141155 -0.205409
v -0.160795 -0.131036 -0.209454
v -0.170389 -0.130266 -0.202705
v -0.168058 -0.140220 -0.199069
v -0.162870 -0.120963 -0.212906
v -0.172795 -0.120303 -0.205800
v -0.179374 -0.129790 -0.195440
v -0.176726 -0.139603 -0.192192
v -0.181999 -0.119966 -0.198253
v -0.164996 -0.111291 -0.215628
v -0.175263 -0.110684 -0.208195
v -0.184571 -0.110510 -0.200471
v -0.199136 -0.089491 -0.197234
v -0.191636 -0.094559 -0.201164
v -0.182221 -0.093013 -0.210475
v -0.194920 -0.087943 -0.203411
v -0.187313 -0.101829 -0.201796
v -0.177955 -0.101705 -0.209756
v -0.167073 -0.102410 -0.217661
v -0.168436 -0.094969 -0.219945
v -0.167734 -0.089779 -0.223990
v -0.179135 -0.088025 -0.217592
v -0.191406 -0.085741 -0.210874
v -0.041967 -0.108417 -0.263252
v -0.028111 -0.108787 -0.264737
v -0.029093 -0.099964 -0.268339
v -0.042567 -0.099717 -0.266709
v -0.014568 -0.108821 -0.265672
v -0.016072 -0.100000 -0.269225
v -0.031241 -0.092992 -0.272186
v -0.043644 -0.093039 -0.270264
v -0.019191 -0.093231 -0.272799
v -0.041524 -0.118613 -0.259405
v -0.027743 -0.119016 -0.260804
v -0.014091 -0.119147 -0.261680
v -0.013595 -0.154050 -0.244842
v -0.013702 -0.142109 -0.251232
v -0.027306 -0.141828 -0.250469
v -0.027134 -0.153723 -0.244121
v -0.013860 -0.130369 -0.256871
v -0.027508 -0.130150 -0.256058
v -0.040841 -0.141348 -0.249207
v -0.040575 -0.153188 -0.242924
v -0.041155 -0.129715 -0.254730
v 0.143631 -0.104431 0.232015
v 0.132199 -0.104940 0.237823
v 0.134019 -0.097303 0.240085
v 0.145056 -0.097058 0.234253
v 0.120540 -0.105370 0.243050
v 0.122744 -0.097570 0.245211
v 0.137397 -0.091315 0.241765
v 0.147442 -0.091379 0.236037
v 0.126776 -0.091655 0.246500
v 0.153541 -0.112455 0.223012
v 0.142523 -0.113165 0.229212
v 0.154719 -0.103914 0.225654
v 0.131110 -0.113911 0.234865
v 0.119386 -0.114621 0.239971
v 0.107436 -0.115224 0.244531
v 0.108823 -0.105612 0.247696
v 0.111737 -0.097600 0.249671
v 0.117124 -0.091836 0.250301
v 0.156871 -0.091451 0.230074
v 0.155784 -0.096777 0.227911
v 0.109591 -0.091054 0.253770
v 0.101109 -0.097056 0.253768
v 0.087922 -0.095349 0.259039
v 0.102853 -0.089316 0.258201
v 0.097010 -0.105601 0.251825
v 0.084218 -0.105658 0.255603
v 0.069894 -0.106368 0.258858
v 0.070316 -0.097445 0.262480
v 0.068668 -0.091249 0.266921
v 0.082631 -0.089375 0.265562
v 0.096904 -0.086695 0.264453
v 0.095258 -0.115700 0.248551
v 0.082520 -0.116221 0.252072
v 0.054761 -0.117555 0.257711
v 0.054975 -0.106982 0.261609
v 0.068937 -0.116920 0.255129
v 0.055192 -0.098183 0.265124
v 0.055485 -0.092055 0.268699
v 0.141302 -0.122869 0.225698
v 0.139956 -0.133158 0.221501
v 0.128858 -0.134344 0.226690
v 0.130025 -0.123836 0.231140
v 0.138577 -0.143654 0.216692
v 0.127686 -0.145068 0.221588
v 0.117325 -0.135558 0.231383
v 0.118363 -0.124811 0.236057
v 0.116322 -0.146512 0.226024
v 0.152140 -0.121970 0.219727
v 0.150576 -0.132059 0.215808
v 0.148955 -0.142331 0.211332
v 0.147378 -0.152394 0.206375
v 0.137258 -0.153976 0.211344
v 0.126584 -0.155641 0.215905
v 0.115402 -0.157322 0.220054
v 0.103759 -0.158952 0.223787
v 0.104527 -0.147923 0.230002
v 0.105400 -0.136743 0.235584
v 0.106373 -0.125735 0.240454
v 0.094075 -0.126571 0.244337
v 0.093116 -0.137850 0.239300
v 0.080471 -0.138878 0.242532
v 0.081354 -0.127377 0.247721
v 0.092340 -0.149248 0.233526
v 0.079803 -0.150458 0.236592
v 0.067468 -0.139821 0.245284
v 0.068115 -0.128194 0.250622
v 0.066959 -0.151534 0.239198
v 0.091702 -0.160472 0.227101
v 0.079283 -0.161852 0.229989
v 0.066550 -0.163066 0.232447
v 0.053556 -0.164093 0.234468
v 0.053859 -0.152448 0.241339
v 0.054181 -0.140630 0.247551
v 0.054491 -0.128910 0.253033
v 0.039858 -0.107087 0.263909
v 0.025011 -0.107100 0.265570
v 0.021954 -0.096229 0.270660
v 0.039926 -0.097908 0.267721
v 0.011437 -0.107784 0.266205
v 0.007770 -0.098569 0.270074
v -0.000240 -0.092057 0.273880
v 0.007586 -0.089939 0.275980
v 0.014951 -0.087046 0.279881
v 0.028615 -0.089789 0.275287
v 0.042355 -0.091510 0.271524
v 0.040389 -0.117903 0.259781
v 0.026269 -0.118176 0.261234
v -0.000621 -0.118996 0.262133
v -0.001429 -0.108484 0.266202
v 0.012705 -0.118597 0.261990
v -0.003827 -0.099630 0.269732
v -0.008659 -0.093196 0.273014
v 0.040677 -0.129416 0.254936
v 0.040699 -0.141259 0.249327
v 0.027122 -0.141723 0.250595
v 0.026886 -0.129796 0.256287
v 0.040557 -0.153177 0.243011
v 0.027111 -0.153710 0.244209
v 0.013528 -0.142040 0.251343
v 0.013275 -0.130137 0.257050
v 0.013573 -0.154041 0.244928
v 0.040352 -0.164911 0.236047
v 0.026989 -0.165508 0.237180
v 0.013521 -0.165874 0.237863
v -0.000000 -0.165998 0.238091
v -0.000010 -0.154158 0.245167
v -0.000078 -0.142180 0.251579
v -0.000262 -0.130361 0.257258
v 0.040167 -0.176245 0.228486
v 0.040026 -0.187111 0.220342
v 0.026778 -0.187837 0.221341
v 0.026869 -0.176906 0.229552
v 0.039937 -0.197477 0.211625
v 0.026720 -0.198271 0.212556
v 0.013417 -0.188280 0.221945
v 0.013462 -0.177310 0.230196
v 0.013389 -0.198753 0.213119
v 0.053301 -0.175337 0.227000
v 0.053105 -0.186109 0.218953
v 0.052981 -0.196380 0.210333
v -0.000000 -0.198916 0.213308
v -0.000000 -0.188429 0.222147
v -0.000000 -0.177446 0.230411
v 0.091173 -0.171278 0.220096
v 0.090765 -0.181596 0.212525
v 0.078530 -0.183331 0.215034
v 0.078857 -0.172831 0.222797
v 0.090502 -0.191398 0.204389
v 0.078321 -0.193322 0.206702
v 0.065959 -0.184842 0.217180
v 0.066215 -0.174192 0.225102
v 0.065795 -0.194989 0.208688
v 0.103109 -0.169555 0.217005
v 0.102606 -0.179658 0.209665
v 0.102280 -0.189238 0.201764
v 0.136091 -0.163805 0.205511
v 0.135157 -0.173063 0.199173
v 0.124868 -0.175327 0.202961
v 0.125625 -0.165753 0.209698
v 0.134537 -0.181736 0.192293
v 0.124373 -0.184345 0.195674
v 0.113996 -0.177548 0.206469
v 0.114612 -0.167693 0.213534
v 0.113595 -0.186868 0.198846
v 0.145954 -0.161918 0.200989
v 0.144793 -0.170827 0.195135
v 0.144012 -0.179105 0.188747
v 0.171518 -0.157726 0.185073
v 0.169156 -0.165515 0.181275
v 0.161849 -0.166865 0.186272
v 0.163691 -0.158726 0.190856
v 0.167239 -0.172254 0.177305
v 0.160500 -0.174171 0.181275
v 0.153711 -0.168706 0.190856
v 0.155162 -0.160178 0.196129
v 0.152710 -0.176534 0.185073
v 0.174089 -0.149028 0.188747
v 0.156903 -0.150969 0.200989
v 0.165812 -0.149808 0.195135
v 0.181563 -0.120146 0.198658
v 0.179244 -0.129843 0.195618
v 0.170244 -0.130348 0.202882
v 0.172305 -0.120577 0.206199
v 0.176710 -0.139610 0.192286
v 0.168040 -0.140230 0.199164
v 0.160681 -0.131104 0.209607
v 0.162486 -0.121194 0.213225
v 0.158782 -0.141164 0.205500
v 0.183537 -0.110935 0.201318
v 0.164086 -0.111840 0.216272
v 0.174102 -0.111333 0.209027
v 0.184960 -0.102633 0.203695
v 0.175475 -0.103017 0.211438
v 0.176108 -0.095974 0.214160
v 0.185320 -0.095677 0.206616
v 0.165365 -0.103440 0.218779
v 0.166192 -0.096375 0.221244
v 0.175673 -0.090475 0.218032
v 0.184273 -0.090419 0.210842
v 0.166315 -0.090959 0.224336
v -0.068228 -0.091600 0.266392
v -0.070632 -0.097830 0.262210
v -0.087811 -0.095433 0.258915
v -0.081671 -0.089478 0.265086
v -0.070336 -0.106670 0.258722
v -0.084330 -0.105744 0.255560
v -0.097023 -0.105611 0.251821
v -0.101099 -0.097065 0.253759
v -0.109562 -0.091055 0.253762
v -0.102580 -0.089324 0.258091
v -0.095934 -0.086707 0.264068
v -0.055868 -0.092841 0.268043
v -0.056356 -0.099091 0.264647
v -0.055382 -0.117950 0.257548
v -0.069199 -0.117087 0.255061
v -0.056071 -0.107700 0.261300
v -0.082598 -0.116271 0.252053
v -0.107436 -0.115224 0.244532
v -0.108824 -0.105612 0.247697
v -0.095269 -0.115706 0.248550
v -0.111738 -0.097600 0.249673
v -0.117126 -0.091836 0.250305
v -0.126777 -0.091655 0.246502
v -0.122745 -0.097570 0.245212
v -0.134019 -0.097303 0.240086
v -0.137398 -0.091315 0.241766
v -0.120541 -0.105370 0.243050
v -0.132200 -0.104940 0.237823
v -0.145057 -0.097058 0.234253
v -0.147443 -0.091379 0.236037
v -0.143631 -0.104431 0.232015
v -0.119387 -0.114621 0.239972
v -0.131111 -0.113911 0.234865
v -0.142523 -0.113165 0.229212
v -0.153541 -0.112455 0.223012
v -0.154720 -0.103914 0.225654
v -0.155784 -0.096777 0.227911
v -0.156872 -0.091451 0.230074
v -0.068226 -0.128265 0.250593
v -0.067501 -0.139842 0.245275
v -0.080481 -0.138884 0.242530
v -0.081387 -0.127397 0.247713
v -0.066963 -0.151537 0.239197
v -0.079804 -0.150459 0.236592
v -0.093118 -0.137851 0.239299
v -0.094080 -0.126573 0.244336
v -0.092340 -0.149248 0.233526
v -0.054754 -0.129076 0.252964
v -0.054259 -0.140680 0.247531
v -0.053869 -0.152454 0.241336
v -0.053557 -0.164093 0.234468
v -0.066551 -0.163066 0.232447
v -0.079283 -0.161852 0.229989
v -0.091703 -0.160472 0.227101
v -0.103759 -0.158952 0.223787
v -0.104527 -0.147923 0.230002
v -0.105401 -0.136743 0.235585
v -0.106373 -0.125735 0.240454
v -0.118363 -0.124811 0.236057
v -0.117326 -0.135558 0.231383
v -0.128858 -0.134344 0.226690
v -0.130025 -0.123836 0.231140
v -0.116322 -0.146512 0.226024
v -0.127686 -0.145068 0.221588
v -0.139956 -0.133158 0.221501
v -0.141302 -0.122869 0.225698
v -0.138577 -0.143654 0.216692
v -0.115402 -0.157322 0.220054
v -0.126584 -0.155641 0.215905
v -0.137259 -0.153976 0.211344
v -0.147379 -0.152394 0.206375
v -0.148955 -0.142331 0.211332
v -0.150577 -0.132059 0.215808
v -0.152140 -0.121970 0.219727
v -0.166316 -0.090959 0.224336
v -0.166192 -0.096375 0.221244
v -0.176109 -0.095974 0.214160
v -0.175674 -0.090475 0.218033
v -0.165365 -0.103440 0.218779
v -0.175476 -0.103017 0.211438
v -0.185320 -0.095677 0.206616
v -0.184273 -0.090419 0.210842
v -0.184960 -0.102633 0.203695
v -0.164086 -0.111840 0.216272
v -0.174102 -0.111333 0.209027
v -0.183537 -0.110935 0.201318
v -0.162486 -0.121194 0.213225
v -0.160681 -0.131104 0.209606
v -0.170244 -0.130348 0.202882
v -0.172305 -0.120577 0.206199
v -0.158783 -0.141164 0.205500
v -0.168040 -0.140230 0.199164
v -0.179244 -0.129843 0.195618
v -0.181563 -0.120146 0.198658
v -0.176710 -0.139610 0.192286
v -0.156903 -0.150969 0.200989
v -0.165812 -0.149808 0.195135
v -0.174090 -0.149028 0.188747
v -0.155163 -0.160178 0.196129
v -0.153711 -0.168706 0.190855
v -0.161850 -0.166865 0.186272
v -0.163691 -0.158726 0.190856
v -0.152711 -0.176534 0.185073
v -0.160500 -0.174171 0.181275
v -0.169156 -0.165515 0.181275
v -0.171519 -0.157726 0.185073
v -0.167239 -0.172254 0.177305
v -0.145954 -0.161918 0.200989
v -0.144793 -0.170827 0.195135
v -0.144013 -0.179105 0.188747
v -0.114612 -0.167693 0.213534
v -0.113996 -0.177548 0.206469
v -0.124869 -0.175327 0.202961
v -0.125625 -0.165753 0.209698
v -0.113595 -0.186868 0.198846
v -0.124373 -0.184345 0.195674
v -0.135157 -0.173063 0.199173
v -0.136091 -0.163805 0.205511
v -0.134538 -0.181736 0.192293
v -0.103110 -0.169555 0.217005
v -0.102606 -0.179658 0.209665
v -0.102281 -0.189238 0.201764
v -0.066216 -0.174192 0.225102
v -0.065959 -0.184842 0.217180
v -0.078531 -0.183331 0.215034
v -0.078858 -0.172831 0.222797
v -0.065795 -0.194989 0.208688
v -0.078321 -0.193322 0.206702
v -0.090765 -0.181596 0.212525
v -0.091173 -0.171278 0.220096
v -0.090502 -0.191398 0.204389
v -0.053301 -0.175337 0.227000
v -0.053106 -0.186109 0.218953
v -0.052981 -0.196380 0.210333
v -0.013462 -0.177310 0.230196
v -0.013418 -0.188280 0.221945
v -0.026779 -0.187837 0.221341
v -0.026870 -0.176906 0.229552
v -0.013389 -0.198753 0.213119
v -0.026721 -0.198271 0.212556
v -0.040027 -0.187111 0.220342
v -0.040168 -0.176245 0.228486
v -0.039937 -0.197477 0.211625
v -0.013521 -0.165874 0.237862
v -0.040352 -0.164911 0.236047
v -0.026989 -0.165508 0.237180
v -0.013860 -0.130369 0.256954
v -0.013702 -0.142109 0.251315
v -0.027306 -0.141828 0.250551
v -0.027508 -0.130150 0.256140
v -0.013595 -0.154050 0.244924
v -0.027134 -0.153723 0.244203
v -0.040841 -0.141348 0.249290
v -0.041155 -0.129715 0.254812
v -0.040575 -0.153188 0.243006
v -0.014092 -0.119147 0.261763
v -0.041524 -0.118613 0.259488
v -0.027743 -0.119016 0.260887
v -0.019191 -0.093231 0.272882
v -0.016072 -0.100000 0.269308
v -0.029093 -0.099964 0.268422
v -0.031241 -0.092992 0.272270
v -0.014568 -0.108821 0.265755
v -0.028111 -0.108787 0.264820
v -0.042568 -0.099717 0.266793
v -0.043645 -0.093039 0.270349
v -0.041968 -0.108417 0.263335
v 0.014828 -0.895573 -0.160880
v 0.014921 -0.843231 -0.172951
v 0.029700 -0.842775 -0.170802
v 0.029514 -0.895120 -0.158745
v 0.014828 -0.790496 -0.183169
v 0.029514 -0.790043 -0.181034
v 0.044194 -0.842023 -0.167255
v 0.043918 -0.894373 -0.155220
v 0.043918 -0.789295 -0.177509
v 0.000000 -0.938665 -0.149571
v -0.000000 -0.895726 -0.161598
v 0.014548 -0.938516 -0.148867
v -0.000000 -0.843384 -0.173673
v -0.000000 -0.790648 -0.183887
v 0.000000 -0.746524 -0.190328
v 0.014548 -0.746374 -0.189624
v 0.028957 -0.745930 -0.187529
v 0.043089 -0.745196 -0.184071
v 0.056805 -0.744179 -0.179275
v 0.057898 -0.788258 -0.172621
v 0.058262 -0.840980 -0.162337
v 0.057898 -0.893336 -0.150332
v 0.043089 -0.937338 -0.143313
v 0.056805 -0.936321 -0.138518
v 0.028957 -0.938072 -0.146772
v 0.071316 -0.892018 -0.144118
v 0.071764 -0.839653 -0.156083
v 0.084578 -0.838059 -0.148566
v 0.084049 -0.890433 -0.136647
v 0.071316 -0.786940 -0.166407
v 0.084049 -0.785356 -0.158936
v 0.096581 -0.836212 -0.139863
v 0.095977 -0.888599 -0.127998
v 0.095977 -0.783521 -0.150288
v 0.069970 -0.935028 -0.132421
v 0.069970 -0.742886 -0.173178
v 0.082463 -0.741331 -0.165849
v 0.094166 -0.739531 -0.157363
v 0.104962 -0.737502 -0.147798
v 0.106981 -0.781453 -0.140539
v 0.107654 -0.834131 -0.130052
v 0.106981 -0.886531 -0.118249
v 0.094166 -0.931673 -0.116606
v 0.104962 -0.929644 -0.107041
v 0.082463 -0.933473 -0.125091
v 0.116947 -0.884247 -0.107485
v 0.117682 -0.831834 -0.119220
v 0.126579 -0.829343 -0.107478
v 0.125788 -0.881772 -0.095817
v 0.116947 -0.779170 -0.129774
v 0.125788 -0.776695 -0.118106
v 0.134264 -0.826684 -0.094944
v 0.133425 -0.879130 -0.083361
v 0.133425 -0.774052 -0.105650
v 0.114740 -0.927404 -0.096480
v 0.114740 -0.735262 -0.137237
v 0.123415 -0.732833 -0.125788
v 0.130907 -0.730241 -0.113568
v 0.137140 -0.727509 -0.100689
v 0.139777 -0.771268 -0.092524
v 0.140656 -0.823882 -0.081735
v 0.139777 -0.876346 -0.070235
v 0.130907 -0.922383 -0.072810
v 0.137140 -0.919651 -0.059932
v 0.123415 -0.924975 -0.085031
v 0.144773 -0.873445 -0.056559
v 0.145684 -0.820963 -0.067974
v 0.149310 -0.817956 -0.053795
v 0.148377 -0.870456 -0.042469
v 0.144773 -0.768367 -0.078848
v 0.148377 -0.765378 -0.064758
v 0.151507 -0.814889 -0.039338
v 0.150560 -0.867409 -0.028102
v 0.150560 -0.762331 -0.050391
v 0.142042 -0.916805 -0.046514
v 0.142042 -0.724663 -0.087272
v 0.145577 -0.721731 -0.073447
v 0.147719 -0.718741 -0.059352
v 0.148439 -0.715722 -0.045120
v 0.151294 -0.759254 -0.035886
v 0.152245 -0.811793 -0.024742
v 0.151294 -0.864332 -0.013597
v 0.147719 -0.910883 -0.018594
v 0.148439 -0.907864 -0.004363
v 0.145577 -0.913873 -0.032690
v 0.150560 -0.861255 0.000908
v 0.151507 -0.808697 -0.010146
v 0.149310 -0.805630 0.004312
v 0.148377 -0.858208 0.015275
v 0.150560 -0.756177 -0.021381
v 0.148377 -0.753130 -0.007015
v 0.145684 -0.802623 0.018490
v 0.144773 -0.855219 0.029365
v 0.144774 -0.750141 0.007076
v 0.147719 -0.904845 0.009868
v 0.147719 -0.712703 -0.030889
v 0.145577 -0.709713 -0.016793
v 0.142042 -0.706781 -0.002969
v 0.137140 -0.703935 0.010448
v 0.139777 -0.747240 0.020751
v 0.140656 -0.799703 0.032252
v 0.139777 -0.852318 0.043040
v 0.142042 -0.898923 0.037788
v 0.137140 -0.896077 0.051206
v 0.145577 -0.901855 0.023964
v 0.133425 -0.849534 0.056166
v 0.134264 -0.796902 0.045461
v 0.126579 -0.794243 0.057995
v 0.125788 -0.846891 0.068622
v 0.133425 -0.744456 0.033877
v 0.125788 -0.741814 0.046333
v 0.117682 -0.791752 0.069737
v 0.116947 -0.844416 0.080291
v 0.116947 -0.739339 0.058002
v 0.130907 -0.893345 0.064084
v 0.130907 -0.701203 0.023327
v 0.123415 -0.698611 0.035548
v 0.114740 -0.696182 0.046996
v 0.104962 -0.693942 0.057557
v 0.106981 -0.737055 0.068766
v 0.107654 -0.789455 0.080569
v 0.106981 -0.842133 0.091055
v 0.114740 -0.888324 0.087754
v 0.104962 -0.886084 0.098315
v 0.123415 -0.890753 0.076305
v 0.095977 -0.840065 0.100804
v 0.096581 -0.787374 0.090379
v 0.084578 -0.785527 0.099082
v 0.084049 -0.838230 0.109453
v 0.095977 -0.734987 0.078515
v 0.084049 -0.733153 0.087164
v 0.071764 -0.783933 0.106600
v 0.071316 -0.836646 0.116924
v 0.071316 -0.731568 0.094635
v 0.094166 -0.884055 0.107880
v 0.094166 -0.691913 0.067122
v 0.082463 -0.690113 0.075608
v 0.069970 -0.688558 0.082938
v 0.056805 -0.687265 0.089034
v 0.057898 -0.730250 0.100849
v 0.058262 -0.782606 0.112853
v 0.057898 -0.835328 0.123138
v 0.069970 -0.880700 0.123695
v 0.056805 -0.879407 0.129792
v 0.082463 -0.882255 0.116365
v 0.043918 -0.834291 0.128025
v 0.044194 -0.781563 0.117771
v 0.029700 -0.780811 0.121319
v 0.029514 -0.833543 0.131550
v 0.043918 -0.729213 0.105736
v 0.029514 -0.728465 0.109261
v 0.014921 -0.780355 0.123467
v 0.014828 -0.833090 0.133686
v 0.014828 -0.728013 0.111397
v 0.043089 -0.878390 0.134587
v 0.043089 -0.686248 0.093830
v 0.028957 -0.685514 0.097289
v 0.014548 -0.685070 0.099383
v 0.000000 -0.684920 0.100088
v -0.000000 -0.727860 0.112114
v -0.000000 -0.780202 0.124190
v 0.000000 -0.832938 0.134404
v 0.014548 -0.877212 0.140141
v 0.000000 -0.877062 0.140845
v 0.028957 -0.877656 0.138046
v -0.014828 -0.833090 0.133686
v -0.014921 -0.780355 0.123468
v -0.029700 -0.780811 0.121319
v -0.029514 -0.833543 0.131550
v -0.014828 -0.728013 0.111397
v -0.029514 -0.728465 0.109261
v -0.044194 -0.781563 0.117771
v -0.043918 -0.834291 0.128025
v -0.043918 -0.729213 0.105736
v -0.014548 -0.877212 0.140141
v -0.014548 -0.685070 0.099383
v -0.028957 -0.685514 0.097288
v -0.043089 -0.686248 0.093830
v -0.056805 -0.687265 0.089034
v -0.057898 -0.730250 0.100849
v -0.058262 -0.782606 0.112853
v -0.057898 -0.835328 0.123138
v -0.043089 -0.878390 0.134587
v -0.056805 -0.879407 0.129792
v -0.028957 -0.877656 0.138046
v -0.071316 -0.836646 0.116924
v -0.071764 -0.783933 0.106600
v -0.084578 -0.785527 0.099082
v -0.084049 -0.838230 0.109453
v -0.071316 -0.731568 0.094635
v -0.084049 -0.733153 0.087164
v -0.096581 -0.787374 0.090379
v -0.095977 -0.840065 0.100804
v -0.095977 -0.734987 0.078515
v -0.069970 -0.880700 0.123695
v -0.069970 -0.688558 0.082938
v -0.082463 -0.690113 0.075608
v -0.094166 -0.691913 0.067122
v -0.104962 -0.693942 0.057557
v -0.106981 -0.737055 0.068766
v -0.107654 -0.789455 0.080569
v -0.106981 -0.842133 0.091055
v -0.094166 -0.884055 0.107880
v -0.104962 -0.886084 0.098315
v -0.082463 -0.882255 0.116365
v -0.116947 -0.844416 0.080291
v -0.117682 -0.791752 0.069737
v -0.126579 -0.794243 0.057995
v -0.125788 -0.846891 0.068622
v -0.116947 -0.739339 0.058002
v -0.125788 -0.741814 0.046333
v -0.134264 -0.796902 0.045461
v -0.133425 -0.849534 0.056166
v -0.133425 -0.744456 0.033877
v -0.114740 -0.888324 0.087754
v -0.114740 -0.696182 0.046996
v -0.123415 -0.698611 0.035548
v -0.130907 -0.701203 0.023327
v -0.137140 -0.703935 0.010448
v -0.139777 -0.747240 0.020751
v -0.140656 -0.799703 0.032252
v -0.139777 -0.852318 0.043040
v -0.130907 -0.893345 0.064084
v -0.137140 -0.896077 0.051206
v -0.123415 -0.890753 0.076305
v -0.144773 -0.855219 0.029365
v -0.145684 -0.802623 0.018490
v -0.149310 -0.805630 0.004312
v -0.148377 -0.858208 0.015275
v -0.144773 -0.750141 0.007076
v -0.148377 -0.753130 -0.007015
v -0.151507 -0.808697 -0.010146
v -0.150560 -0.861255 0.000908
v -0.150560 -0.756177 -0.021381
v -0.142042 -0.898923 0.037788
v -0.142042 -0.706781 -0.002969
v -0.145577 -0.709713 -0.016793
v -0.147719 -0.712703 -0.030889
v -0.148439 -0.715722 -0.045120
v -0.151294 -0.759254 -0.035886
v -0.152245 -0.811793 -0.024742
v -0.151294 -0.864332 -0.013597
v -0.147719 -0.904845 0.009868
v -0.148439 -0.907864 -0.004363
v -0.145577 -0.901855 0.023964
v -0.150560 -0.867409 -0.028102
v -0.151507 -0.814889 -0.039338
v -0.149310 -0.817956 -0.053795
v -0.148377 -0.870456 -0.042469
v -0.150560 -0.762331 -0.050391
v -0.148377 -0.765378 -0.064758
v -0.145684 -0.820963 -0.067974
v -0.144773 -0.873445 -0.056559
v -0.144774 -0.768367 -0.078848
v -0.147719 -0.910883 -0.018594
v -0.147719 -0.718741 -0.059352
v -0.145577 -0.721731 -0.073447
v -0.142042 -0.724663 -0.087272
v -0.137140 -0.727509 -0.100689
v -0.139777 -0.771268 -0.092524
v -0.140656 -0.823882 -0.081735
v -0.139777 -0.876346 -0.070235
v -0.142042 -0.916805 -0.046514
v -0.137140 -0.919651 -0.059932
v -0.145577 -0.913873 -0.032690
v -0.133425 -0.879130 -0.083361
v -0.134264 -0.826684 -0.094944
v -0.126579 -0.829343 -0.107478
v -0.125788 -0.881772 -0.095817
v -0.133425 -0.774052 -0.105650
v -0.125788 -0.776695 -0.118106
v -0.117682 -0.831834 -0.119220
v -0.116947 -0.884247 -0.107485
v -0.116947 -0.779170 -0.129774
v -0.130907 -0.922383 -0.072810
v -0.130907 -0.730241 -0.113568
v -0.123415 -0.732833 -0.125788
v -0.114740 -0.735262 -0.137237
v -0.104962 -0.737502 -0.147798
v -0.106981 -0.781453 -0.140539
v -0.107654 -0.834131 -0.130052
v -0.106981 -0.886531 -0.118249
v -0.114740 -0.927404 -0.096480
v -0.104962 -0.929644 -0.107041
v -0.123415 -0.924975 -0.085031
v 0.029996 -0.682713 -0.126150
v 0.012389 -0.680610 -0.116236
v 0.000000 -0.667687 -0.055310
v 0.035280 -0.678643 -0.106960
v 0.000000 -0.683951 -0.131987
v -0.012389 -0.680610 -0.116236
v -0.029996 -0.682713 -0.126150
v -0.035280 -0.678643 -0.106960
v -0.055425 -0.679187 -0.109529
v -0.052800 -0.675007 -0.089821
v -0.072417 -0.673911 -0.084653
v -0.062282 -0.670257 -0.067429
v -0.078383 -0.667687 -0.055310
v -0.062282 -0.665116 -0.043191
v -0.072417 -0.661462 -0.025967
v -0.052800 -0.660366 -0.020798
v -0.055425 -0.656186 -0.001091
v -0.035280 -0.656730 -0.003659
v -0.029996 -0.652660 0.015531
v -0.012389 -0.654763 0.005616
v 0.000000 -0.651422 0.021367
v 0.012389 -0.654763 0.005616
v 0.029996 -0.652660 0.015531
v 0.035280 -0.656730 -0.003659
v 0.055425 -0.656186 -0.001091
v 0.052800 -0.660366 -0.020798
v 0.072417 -0.661462 -0.025967
v 0.062282 -0.665116 -0.043191
v 0.078383 -0.667687 -0.055310
v 0.062282 -0.670257 -0.067429
v 0.072417 -0.673911 -0.084653
v 0.052800 -0.675007 -0.089821
v 0.055425 -0.679187 -0.109529
v 0.041954 -0.688704 -0.154392
v 0.031867 -0.687718 -0.149745
v 0.045728 -0.686527 -0.144128
v 0.018776 -0.687273 -0.147648
v 0.053469 -0.684291 -0.133590
v 0.000000 -0.690435 -0.162555
v -0.007502 -0.688724 -0.154486
v 0.007502 -0.688724 -0.154486
v -0.018776 -0.687273 -0.147648
v -0.041954 -0.688704 -0.154392
v -0.045728 -0.686527 -0.144128
v -0.031867 -0.687718 -0.149745
v -0.053469 -0.684291 -0.133590
v -0.077521 -0.683772 -0.131144
v -0.076993 -0.681461 -0.120249
v -0.066384 -0.683663 -0.130627
v -0.080022 -0.678782 -0.107615
v -0.101286 -0.676392 -0.096351
v -0.096536 -0.674299 -0.086483
v -0.090795 -0.677175 -0.100042
v -0.094393 -0.671583 -0.073677
v -0.109632 -0.667687 -0.055310
v -0.101383 -0.666130 -0.047971
v -0.101383 -0.669243 -0.062648
v -0.094393 -0.663790 -0.036942
v -0.101286 -0.658981 -0.014269
v -0.090795 -0.658198 -0.010577
v -0.096536 -0.661074 -0.024136
v -0.080022 -0.656592 -0.003004
v -0.077521 -0.651601 0.020524
v -0.066384 -0.651710 0.020007
v -0.076993 -0.653912 0.009629
v -0.053469 -0.651082 0.022971
v -0.041954 -0.646669 0.043772
v -0.031867 -0.647655 0.039125
v -0.045728 -0.648846 0.033509
v -0.018776 -0.648100 0.037029
v 0.000000 -0.644938 0.051936
v 0.007502 -0.646649 0.043866
v -0.007502 -0.646649 0.043866
v 0.018776 -0.648100 0.037029
v 0.041954 -0.646669 0.043772
v 0.045728 -0.648846 0.033509
v 0.031867 -0.647655 0.039125
v 0.053469 -0.651082 0.022971
v 0.077521 -0.651601 0.020524
v 0.076993 -0.653912 0.009630
v 0.066384 -0.651710 0.020007
v 0.080022 -0.656592 -0.003004
v 0.101286 -0.658981 -0.014269
v 0.096536 -0.661074 -0.024136
v 0.090795 -0.658198 -0.010577
v 0.094393 -0.663790 -0.036942
v 0.109632 -0.667687 -0.055310
v 0.101383 -0.669243 -0.062648
v 0.101383 -0.666130 -0.047971
v 0.094393 -0.671583 -0.073677
v 0.101286 -0.676392 -0.096351
v 0.090795 -0.677175 -0.100042
v 0.096536 -0.674299 -0.086483
v 0.080022 -0.678782 -0.107615
v 0.077521 -0.683772 -0.131144
v 0.066384 -0.683663 -0.130627
v 0.076993 -0.681461 -0.120249
v -0.095977 -0.888599 -0.127998
v -0.096581 -0.836212 -0.139863
v -0.084578 -0.838059 -0.148566
v -0.084049 -0.890433 -0.136647
v -0.095977 -0.783521 -0.150288
v -0.084049 -0.785356 -0.158936
v -0.071764 -0.839653 -0.156083
v -0.071316 -0.892018 -0.144118
v -0.071316 -0.786940 -0.166407
v -0.094166 -0.931673 -0.116606
v -0.094166 -0.739531 -0.157363
v -0.082463 -0.741331 -0.165849
v -0.069970 -0.742886 -0.173178
v -0.056805 -0.744179 -0.179275
v -0.057898 -0.788258 -0.172621
v -0.058262 -0.840980 -0.162337
v -0.057898 -0.893336 -0.150332
v -0.069970 -0.935028 -0.132421
v -0.056805 -0.936321 -0.138518
v -0.082463 -0.933473 -0.125091
v -0.043918 -0.894373 -0.155220
v -0.044194 -0.842023 -0.167255
v -0.029700 -0.842775 -0.170802
v -0.029514 -0.895120 -0.158745
v -0.043918 -0.789295 -0.177509
v -0.029514 -0.790043 -0.181034
v -0.014921 -0.843231 -0.172951
v -0.014828 -0.895573 -0.160880
v -0.014828 -0.790496 -0.183169
v -0.043089 -0.937338 -0.143313
v -0.043089 -0.745196 -0.184071
v -0.028957 -0.745930 -0.187529
v -0.014548 -0.746374 -0.189624
v -0.014548 -0.938516 -0.148867
v -0.028957 -0.938072 -0.146772
v 0.000000 -0.972164 -0.070851
v 0.012389 -0.968823 -0.055100
v 0.000000 -0.955899 0.005826
v -0.012389 -0.968823 -0.055100
v 0.029996 -0.970926 -0.065014
v 0.035280 -0.966856 -0.045824
v 0.055425 -0.967400 -0.048393
v 0.052800 -0.963220 -0.028686
v 0.072417 -0.962124 -0.023517
v 0.062282 -0.958470 -0.006293
v 0.078383 -0.955899 0.005826
v 0.062282 -0.953329 0.017945
v 0.072417 -0.949675 0.035169
v 0.052800 -0.948579 0.040338
v 0.055425 -0.944398 0.060045
v 0.035280 -0.944943 0.057477
v 0.029996 -0.940873 0.076667
v 0.012389 -0.942976 0.066752
v 0.000000 -0.939635 0.082503
v -0.012389 -0.942976 0.066752
v -0.029996 -0.940873 0.076667
v -0.035280 -0.944943 0.057477
v -0.055425 -0.944398 0.060045
v -0.052800 -0.948579 0.040338
v -0.072417 -0.949675 0.035169
v -0.062282 -0.953329 0.017945
v -0.078383 -0.955899 0.005826
v -0.062282 -0.958470 -0.006293
v -0.072417 -0.962124 -0.023517
v -0.052800 -0.963220 -0.028686
v -0.055425 -0.967400 -0.048393
v -0.035280 -0.966856 -0.045824
v -0.029996 -0.970926 -0.065014
v -0.000000 -0.978648 -0.101419
v 0.007502 -0.976937 -0.093350
v -0.007502 -0.976937 -0.093350
v 0.018776 -0.975486 -0.086512
v -0.018776 -0.975486 -0.086512
v 0.041954 -0.976917 -0.093256
v 0.045728 -0.974740 -0.082992
v 0.031867 -0.975931 -0.088609
v 0.053469 -0.972504 -0.072454
v 0.077521 -0.971985 -0.070008
v 0.076993 -0.969674 -0.059113
v 0.066384 -0.971876 -0.069491
v 0.080022 -0.966994 -0.046479
v 0.101286 -0.964605 -0.035215
v 0.096536 -0.962512 -0.025347
v 0.090795 -0.965388 -0.038907
v 0.094393 -0.959795 -0.012541
v 0.109632 -0.955899 0.005826
v 0.101383 -0.954343 0.013165
v 0.101383 -0.957456 -0.001512
v 0.094393 -0.952003 0.024193
v 0.101286 -0.947194 0.046867
v 0.090795 -0.946411 0.050559
v 0.096536 -0.949287 0.037000
v 0.080022 -0.944804 0.058132
v 0.077521 -0.939813 0.081660
v 0.066384 -0.939923 0.081143
v 0.076993 -0.942125 0.070765
v 0.053469 -0.939295 0.084107
v 0.041954 -0.934882 0.104908
v 0.031867 -0.935868 0.100261
v 0.045728 -0.937059 0.094645
v 0.018776 -0.936313 0.098164
v 0.000000 -0.933150 0.113072
v -0.007502 -0.934862 0.105002
v 0.007502 -0.934862 0.105002
v -0.018776 -0.936313 0.098164
v -0.041954 -0.934882 0.104908
v -0.045728 -0.937059 0.094645
v -0.031867 -0.935868 0.100261
v -0.053469 -0.939295 0.084107
v -0.077521 -0.939813 0.081660
v -0.076993 -0.942125 0.070765
v -0.066384 -0.939923 0.081143
v -0.080022 -0.944804 0.058132
v -0.101286 -0.947194 0.046867
v -0.096536 -0.949287 0.037000
v -0.090795 -0.946411 0.050559
v -0.094393 -0.952003 0.024193
v -0.109632 -0.955899 0.005826
v -0.101383 -0.957456 -0.001512
v -0.101383 -0.954343 0.013165
v -0.094393 -0.959795 -0.012541
v -0.101286 -0.964605 -0.035215
v -0.090795 -0.965388 -0.038907
v -0.096536 -0.962512 -0.025347
v -0.080022 -0.966994 -0.046479
v -0.077521 -0.971985 -0.070008
v -0.066384 -0.971876 -0.069491
v -0.076993 -0.969674 -0.059113
v -0.053469 -0.972504 -0.072454
v -0.041954 -0.976917 -0.093256
v -0.031867 -0.975931 -0.088609
v -0.045728 -0.974740 -0.082992
v 0.035686 -0.979137 -0.107421
v 0.023223 -0.979375 -0.108544
v 0.026180 -0.977206 -0.124198
v 0.039238 -0.976642 -0.121541
v 0.011270 -0.980145 -0.112172
v 0.013076 -0.977722 -0.126632
v 0.027960 -0.964802 -0.135979
v 0.041641 -0.964106 -0.132698
v 0.014037 -0.965246 -0.138069
v 0.047079 -0.978733 -0.105518
v 0.000000 -0.980677 -0.114679
v 0.000000 -0.977967 -0.127788
v -0.000000 -0.965404 -0.138814
v 0.054901 -0.963138 -0.128131
v 0.051771 -0.975830 -0.117714
v 0.011270 -0.693433 -0.172990
v 0.023223 -0.692664 -0.169362
v 0.026180 -0.701002 -0.182787
v 0.013076 -0.701518 -0.185220
v 0.035686 -0.692425 -0.168239
v 0.039238 -0.700438 -0.180130
v 0.027960 -0.717119 -0.188517
v 0.014037 -0.717563 -0.190608
v 0.041641 -0.716423 -0.185237
v 0.000000 -0.693965 -0.175497
v 0.047079 -0.692022 -0.166336
v 0.051771 -0.699626 -0.176303
v 0.054901 -0.715455 -0.180670
v -0.000000 -0.717721 -0.191353
v 0.000000 -0.701763 -0.186377
v 0.077210 -0.974477 -0.085454
v 0.066135 -0.975687 -0.091157
v 0.074554 -0.973048 -0.104597
v 0.085579 -0.971490 -0.097254
v 0.056511 -0.977347 -0.098983
v 0.063400 -0.974565 -0.111751
v 0.079624 -0.960362 -0.115045
v 0.090980 -0.958632 -0.106892
v 0.067579 -0.961877 -0.122188
v 0.086991 -0.973200 -0.079431
v 0.101445 -0.956684 -0.097709
v 0.095661 -0.969745 -0.089026
v 0.056511 -0.690636 -0.159801
v 0.066135 -0.688975 -0.151974
v 0.074554 -0.696844 -0.163186
v 0.063400 -0.698361 -0.170339
v 0.077210 -0.687766 -0.146271
v 0.085579 -0.695286 -0.155842
v 0.079624 -0.712679 -0.167583
v 0.067579 -0.714194 -0.174727
v 0.090980 -0.710949 -0.159431
v 0.086991 -0.686488 -0.140248
v 0.095661 -0.693541 -0.147615
v 0.101445 -0.709002 -0.150248
v 0.106979 -0.966875 -0.049614
v 0.098978 -0.968872 -0.059028
v 0.111578 -0.965365 -0.068379
v 0.118891 -0.963051 -0.057467
v 0.093148 -0.971170 -0.069862
v 0.104071 -0.967653 -0.079164
v 0.119166 -0.952157 -0.076363
v 0.126468 -0.949657 -0.064580
v 0.110832 -0.954513 -0.087472
v 0.113659 -0.964918 -0.040387
v 0.132544 -0.947027 -0.052179
v 0.124987 -0.960638 -0.046092
v 0.093148 -0.684458 -0.130680
v 0.098978 -0.682160 -0.119846
v 0.111578 -0.689161 -0.126968
v 0.104071 -0.691449 -0.137752
v 0.106979 -0.680163 -0.110431
v 0.118891 -0.686847 -0.116056
v 0.119166 -0.704474 -0.128902
v 0.110832 -0.706830 -0.140011
v 0.126468 -0.701974 -0.117119
v 0.113659 -0.678206 -0.101205
v 0.124987 -0.684434 -0.104681
v 0.132544 -0.699344 -0.104717
v 0.120461 -0.957487 -0.005358
v 0.116752 -0.959968 -0.017051
v 0.131616 -0.955327 -0.021058
v 0.134103 -0.952608 -0.008239
v 0.115605 -0.962554 -0.029242
v 0.128899 -0.958037 -0.033832
v 0.140566 -0.941436 -0.025824
v 0.142703 -0.938547 -0.012204
v 0.137212 -0.944275 -0.039207
v 0.123024 -0.955149 0.005667
v 0.143464 -0.935634 0.001528
v 0.135285 -0.949895 0.004553
v 0.115605 -0.675842 -0.090060
v 0.116752 -0.673256 -0.077868
v 0.131616 -0.679123 -0.079646
v 0.128899 -0.681833 -0.092420
v 0.120461 -0.670776 -0.066175
v 0.134103 -0.676404 -0.066827
v 0.140566 -0.693753 -0.078363
v 0.137212 -0.696592 -0.091746
v 0.142703 -0.690864 -0.064743
v 0.123024 -0.668437 -0.055150
v 0.135285 -0.673691 -0.054036
v 0.143464 -0.687952 -0.051011
v 0.115605 -0.947744 0.040577
v 0.116752 -0.950330 0.028385
v 0.131616 -0.944463 0.030163
v 0.128899 -0.941753 0.042937
v 0.120461 -0.952810 0.016692
v 0.134103 -0.947182 0.017344
v 0.140566 -0.929833 0.028879
v 0.137212 -0.926994 0.042262
v 0.142703 -0.932722 0.015260
v 0.113659 -0.945380 0.051722
v 0.132544 -0.924242 0.055234
v 0.124987 -0.939152 0.055197
v 0.120461 -0.666098 -0.044126
v 0.116752 -0.663618 -0.032432
v 0.131616 -0.668259 -0.028426
v 0.134103 -0.670978 -0.041245
v 0.115605 -0.661032 -0.020241
v 0.128899 -0.665549 -0.015652
v 0.140566 -0.682150 -0.023659
v 0.142703 -0.685039 -0.037279
v 0.137212 -0.679311 -0.010276
v 0.113659 -0.658668 -0.009096
v 0.124987 -0.662948 -0.003391
v 0.132544 -0.676559 0.002695
v 0.093148 -0.939128 0.081196
v 0.098978 -0.941426 0.070362
v 0.111578 -0.934425 0.077484
v 0.104071 -0.932137 0.088269
v 0.106979 -0.943423 0.060948
v 0.118891 -0.936739 0.066572
v 0.119166 -0.919112 0.079419
v 0.110832 -0.916756 0.090527
v 0.126468 -0.921612 0.067636
v 0.086991 -0.937098 0.090765
v 0.101445 -0.914584 0.100764
v 0.095661 -0.930045 0.098131
v 0.106979 -0.656711 0.000130
v 0.098978 -0.654714 0.009545
v 0.111578 -0.658221 0.018896
v 0.118891 -0.660535 0.007984
v 0.093148 -0.652416 0.020379
v 0.104071 -0.655933 0.029681
v 0.119166 -0.671429 0.026880
v 0.126468 -0.673929 0.015097
v 0.110832 -0.669073 0.037989
v 0.086991 -0.650386 0.029947
v 0.095661 -0.653841 0.039543
v 0.101445 -0.666901 0.048226
v 0.056511 -0.932950 0.110317
v 0.066135 -0.934611 0.102491
v 0.074554 -0.926742 0.113702
v 0.063400 -0.925225 0.120856
v 0.077210 -0.935820 0.096788
v 0.085579 -0.928300 0.106359
v 0.079624 -0.910907 0.118100
v 0.067579 -0.909392 0.125243
v 0.090980 -0.912636 0.109947
v 0.047079 -0.931564 0.116852
v 0.054901 -0.908131 0.131186
v 0.051771 -0.923960 0.126819
v 0.077210 -0.649109 0.035970
v 0.066135 -0.647899 0.041673
v 0.074554 -0.650538 0.055114
v 0.085579 -0.652096 0.047770
v 0.056511 -0.646239 0.049500
v 0.063400 -0.649021 0.062268
v 0.079624 -0.663224 0.065561
v 0.090980 -0.664954 0.057409
v 0.067579 -0.661709 0.072704
v 0.047079 -0.644852 0.056035
v 0.051771 -0.647756 0.068231
v 0.054901 -0.660448 0.078648
v 0.011270 -0.930153 0.123506
v 0.023223 -0.930922 0.119878
v 0.026180 -0.922584 0.133304
v 0.013076 -0.922068 0.135737
v 0.035686 -0.931161 0.118755
v 0.039238 -0.923148 0.130646
v 0.027960 -0.906467 0.139034
v 0.014037 -0.906023 0.141124
v 0.041641 -0.907162 0.135753
v 0.000000 -0.929621 0.126013
v 0.000000 -0.905865 0.141869
v 0.000000 -0.921823 0.136893
v 0.035686 -0.644449 0.057938
v 0.023223 -0.644211 0.059061
v 0.026180 -0.646380 0.074715
v 0.039238 -0.646944 0.072058
v 0.011270 -0.643441 0.062689
v 0.013076 -0.645864 0.077148
v 0.027960 -0.658784 0.086495
v 0.041641 -0.659480 0.083214
v 0.014037 -0.658340 0.088586
v 0.000000 -0.642909 0.065196
v 0.000000 -0.645619 0.078305
v -0.000000 -0.658182 0.089331
v -0.035686 -0.931161 0.118755
v -0.023223 -0.930922 0.119878
v -0.026180 -0.922584 0.133304
v -0.039238 -0.923148 0.130646
v -0.011270 -0.930153 0.123506
v -0.013076 -0.922068 0.135737
v -0.027960 -0.906467 0.139034
v -0.041641 -0.907163 0.135753
v -0.014037 -0.906023 0.141124
v -0.047079 -0.931564 0.116852
v -0.054901 -0.908131 0.131186
v -0.051771 -0.923960 0.126819
v -0.011270 -0.643441 0.062689
v -0.023223 -0.644211 0.059061
v -0.026180 -0.646380 0.074715
v -0.013076 -0.645864 0.077148
v -0.035686 -0.644449 0.057938
v -0.039238 -0.646944 0.072058
v -0.027960 -0.658784 0.086495
v -0.014037 -0.658340 0.088586
v -0.041641 -0.659480 0.083214
v -0.047079 -0.644852 0.056035
v -0.051771 -0.647756 0.068231
v -0.054901 -0.660448 0.078648
v -0.077210 -0.935820 0.096788
v -0.066135 -0.934611 0.102491
v -0.074554 -0.926742 0.113702
v -0.085579 -0.928300 0.106359
v -0.056511 -0.932950 0.110317
v -0.063400 -0.925225 0.120856
v -0.079624 -0.910907 0.118100
v -0.090980 -0.912636 0.109947
v -0.067579 -0.909392 0.125243
v -0.086991 -0.937098 0.090765
v -0.101445 -0.914584 0.100764
v -0.095661 -0.930045 0.098131
v -0.056511 -0.646239 0.049500
v -0.066135 -0.647899 0.041673
v -0.074554 -0.650538 0.055114
v -0.063400 -0.649021 0.062268
v -0.077210 -0.649109 0.035970
v -0.085579 -0.652096 0.047770
v -0.079624 -0.663224 0.065561
v -0.067579 -0.661709 0.072704
v -0.090980 -0.664954 0.057409
v -0.086991 -0.650386 0.029947
v -0.095661 -0.653841 0.039543
v -0.101445 -0.666901 0.048226
v -0.106979 -0.943423 0.060948
v -0.098978 -0.941426 0.070362
v -0.111578 -0.934425 0.077484
v -0.118891 -0.936739 0.066572
v -0.093148 -0.939128 0.081196
v -0.104071 -0.932137 0.088269
v -0.119166 -0.919112 0.079419
v -0.126468 -0.921612 0.067636
v -0.110832 -0.916756 0.090527
v -0.113659 -0.945380 0.051722
v -0.132544 -0.924242 0.055234
v -0.124987 -0.939152 0.055197
v -0.093148 -0.652416 0.020379
v -0.098978 -0.654714 0.009545
v -0.111578 -0.658221 0.018896
v -0.104071 -0.655933 0.029680
v -0.106979 -0.656711 0.000130
v -0.118891 -0.660535 0.007984
v -0.119166 -0.671429 0.026880
v -0.110832 -0.669073 0.037989
v -0.126468 -0.673929 0.015097
v -0.113659 -0.658668 -0.009096
v -0.124987 -0.662948 -0.003391
v -0.132544 -0.676559 0.002695
v -0.120461 -0.952810 0.016692
v -0.116752 -0.950330 0.028385
v -0.131616 -0.944463 0.030163
v -0.134103 -0.947182 0.017344
v -0.115605 -0.947744 0.040577
v -0.128899 -0.941753 0.042937
v -0.140566 -0.929833 0.028879
v -0.142703 -0.932722 0.015260
v -0.137212 -0.926994 0.042262
v -0.123024 -0.955149 0.005667
v -0.143464 -0.935634 0.001528
v -0.135285 -0.949895 0.004553
v -0.115605 -0.661032 -0.020241
v -0.116752 -0.663618 -0.032432
v -0.131616 -0.668259 -0.028426
v -0.128899 -0.665549 -0.015652
v -0.120461 -0.666098 -0.044126
v -0.134103 -0.670978 -0.041245
v -0.140566 -0.682150 -0.023659
v -0.137212 -0.679311 -0.010276
v -0.142703 -0.685039 -0.037279
v -0.123024 -0.668437 -0.055150
v -0.135285 -0.673691 -0.054036
v -0.143464 -0.687952 -0.051011
v -0.115605 -0.962554 -0.029242
v -0.116752 -0.959968 -0.017051
v -0.131616 -0.955327 -0.021058
v -0.128899 -0.958037 -0.033832
v -0.120461 -0.957487 -0.005358
v -0.134103 -0.952608 -0.008239
v -0.140566 -0.941436 -0.025824
v -0.137212 -0.944275 -0.039207
v -0.142703 -0.938547 -0.012204
v -0.113659 -0.964918 -0.040387
v -0.132544 -0.947027 -0.052179
v -0.124987 -0.960638 -0.046092
v -0.120461 -0.670776 -0.066175
v -0.116752 -0.673256 -0.077868
v -0.131616 -0.679123 -0.079646
v -0.134103 -0.676404 -0.066827
v -0.115605 -0.675842 -0.090060
v -0.128899 -0.681833 -0.092420
v -0.140566 -0.693753 -0.078363
v -0.142703 -0.690864 -0.064743
v -0.137212 -0.696592 -0.091746
v -0.113659 -0.678206 -0.101205
v -0.124987 -0.684434 -0.104681
v -0.132544 -0.699344 -0.104717
v -0.093148 -0.971170 -0.069862
v -0.098978 -0.968872 -0.059028
v -0.111578 -0.965365 -0.068379
v -0.104071 -0.967653 -0.079164
v -0.106979 -0.966875 -0.049614
v -0.118891 -0.963051 -0.057467
v -0.119166 -0.952157 -0.076363
v -0.110832 -0.954513 -0.087472
v -0.126468 -0.949657 -0.064580
v -0.086991 -0.973200 -0.079431
v -0.101445 -0.956684 -0.097709
v -0.095661 -0.969745 -0.089026
v -0.106979 -0.680163 -0.110431
v -0.098978 -0.682160 -0.119846
v -0.111578 -0.689161 -0.126968
v -0.118891 -0.686847 -0.116056
v -0.093148 -0.684458 -0.130680
v -0.104071 -0.691449 -0.137752
v -0.119166 -0.704474 -0.128902
v -0.126468 -0.701974 -0.117119
v -0.110832 -0.706830 -0.140011
v -0.086991 -0.686488 -0.140248
v -0.095661 -0.693541 -0.147615
v -0.101445 -0.709002 -0.150248
v -0.056511 -0.977347 -0.098983
v -0.066135 -0.975687 -0.091157
v -0.074554 -0.973048 -0.104597
v -0.063400 -0.974565 -0.111751
v -0.077210 -0.974477 -0.085454
v -0.085579 -0.971490 -0.097254
v -0.079624 -0.960362 -0.115045
v -0.067579 -0.961877 -0.122188
v -0.090980 -0.958632 -0.106892
v -0.047079 -0.978733 -0.105518
v -0.054901 -0.963138 -0.128131
v -0.051771 -0.975830 -0.117714
v -0.077210 -0.687766 -0.146271
v -0.066135 -0.688975 -0.151974
v -0.074554 -0.696844 -0.163186
v -0.085579 -0.695286 -0.155842
v -0.056511 -0.690635 -0.159801
v -0.063400 -0.698361 -0.170339
v -0.079624 -0.712679 -0.167583
v -0.090980 -0.710950 -0.159431
v -0.067579 -0.714194 -0.174727
v -0.047079 -0.692022 -0.166336
v -0.051771 -0.699626 -0.176303
v -0.054901 -0.715455 -0.180670
v -0.011270 -0.980145 -0.112172
v -0.023223 -0.979375 -0.108544
v -0.026180 -0.977206 -0.124198
v -0.013076 -0.977722 -0.126632
v -0.035686 -0.979137 -0.107421
v -0.039238 -0.976642 -0.121541
v -0.027960 -0.964802 -0.135979
v -0.014037 -0.965246 -0.138069
v -0.041641 -0.964106 -0.132698
v -0.035686 -0.692425 -0.168239
v -0.023223 -0.692664 -0.169362
v -0.026180 -0.701002 -0.182787
v -0.039238 -0.700438 -0.180130
v -0.011270 -0.693433 -0.172990
v -0.013076 -0.701518 -0.185220
v -0.027960 -0.717119 -0.188517
v -0.041641 -0.716423 -0.185237
v -0.014037 -0.717563 -0.190608
f 1 2 3
f 1 3 4
f 2 5 6
f 2 6 3
f 4 3 7
f 4 7 8
f 3 6 9
f 3 9 7
f 10 11 1
f 10 1 12
f 11 13 2
f 11 2 1
f 13 14 5
f 13 5 2
f 14 15 16
f 14 16 5
f 5 16 17
f 5 17 6
f 6 17 18
f 6 18 9
f 9 18 19
f 9 19 20
f 7 9 20
f 7 20 21
f 8 7 21
f 8 21 22
f 23 8 22
f 23 22 24
f 25 4 8
f 25 8 23
f 12 1 4
f 12 4 25
f 26 27 28
f 26 28 29
f 27 30 31
f 27 31 28
f 29 28 32
f 29 32 33
f 28 31 34
f 28 34 32
f 15 35 26
f 15 26 16
f 35 36 27
f 35 27 26
f 36 37 30
f 36 30 27
f 37 38 39
f 37 39 30
f 30 39 40
f 30 40 31
f 31 40 41
f 31 41 34
f 34 41 42
f 34 42 43
f 32 34 43
f 32 43 44
f 33 32 44
f 33 44 45
f 18 33 45
f 18 45 19
f 17 29 33
f 17 33 18
f 16 26 29
f 16 29 17
f 46 47 48
f 46 48 49
f 47 50 51
f 47 51 48
f 49 48 52
f 49 52 53
f 48 51 54
f 48 54 52
f 24 22 46
f 24 46 55
f 22 21 47
f 22 47 46
f 21 20 50
f 21 50 47
f 20 19 56
f 20 56 50
f 50 56 57
f 50 57 51
f 51 57 58
f 51 58 54
f 54 58 59
f 54 59 60
f 52 54 60
f 52 60 61
f 53 52 61
f 53 61 62
f 63 53 62
f 63 62 64
f 65 49 53
f 65 53 63
f 55 46 49
f 55 49 65
f 66 67 68
f 66 68 69
f 67 70 71
f 67 71 68
f 69 68 72
f 69 72 73
f 68 71 74
f 68 74 72
f 19 45 66
f 19 66 56
f 45 44 67
f 45 67 66
f 44 43 70
f 44 70 67
f 43 42 75
f 43 75 70
f 70 75 76
f 70 76 71
f 71 76 77
f 71 77 74
f 74 77 78
f 74 78 79
f 72 74 79
f 72 79 80
f 73 72 80
f 73 80 81
f 58 73 81
f 58 81 59
f 57 69 73
f 57 73 58
f 56 66 69
f 56 69 57
f 82 83 84
f 82 84 85
f 83 86 87
f 83 87 84
f 85 84 88
f 85 88 89
f 84 87 90
f 84 90 88
f 38 91 82
f 38 82 39
f 91 92 83
f 91 83 82
f 92 93 86
f 92 86 83
f 93 94 95
f 93 95 86
f 86 95 96
f 86 96 87
f 87 96 97
f 87 97 90
f 90 97 98
f 90 98 99
f 88 90 99
f 88 99 100
f 89 88 100
f 89 100 101
f 41 89 101
f 41 101 42
f 40 85 89
f 40 89 41
f 39 82 85
f 39 85 40
f 102 103 104
f 102 104 105
f 103 106 107
f 103 107 104
f 105 104 108
f 105 108 109
f 104 107 110
f 104 110 108
f 94 111 102
f 94 102 95
f 111 112 103
f 111 103 102
f 112 113 106
f 112 106 103
f 113 114 115
f 113 115 106
f 106 115 116
f 106 116 107
f 107 116 117
f 107 117 110
f 110 117 118
f 110 118 119
f 108 110 119
f 108 119 120
f 109 108 120
f 109 120 121
f 97 109 121
f 97 121 98
f 96 105 109
f 96 109 97
f 95 102 105
f 95 105 96
f 122 123 124
f 122 124 125
f 123 126 127
f 123 127 124
f 125 124 128
f 125 128 129
f 124 127 130
f 124 130 128
f 42 101 122
f 42 122 75
f 101 100 123
f 101 123 122
f 100 99 126
f 100 126 123
f 99 98 131
f 99 131 126
f 126 131 132
f 126 132 127
f 127 132 133
f 127 133 130
f 130 133 134
f 130 134 135
f 128 130 135
f 128 135 136
f 129 128 136
f 129 136 137
f 77 129 137
f 77 137 78
f 76 125 129
f 76 129 77
f 75 122 125
f 75 125 76
f 138 139 140
f 138 140 141
f 139 142 143
f 139 143 140
f 141 140 144
f 141 144 145
f 140 143 146
f 140 146 144
f 98 121 138
f 98 138 131
f 121 120 139
f 121 139 138
f 120 119 142
f 120 142 139
f 119 118 147
f 119 147 142
f 142 147 148
f 142 148 143
f 143 148 149
f 143 149 146
f 146 149 150
f 146 150 151
f 144 146 151
f 144 151 152
f 145 144 152
f 145 152 153
f 133 145 153
f 133 153 134
f 132 141 145
f 132 145 133
f 131 138 141
f 131 141 132
f 154 155 156
f 154 156 157
f 155 158 159
f 155 159 156
f 157 156 160
f 157 160 161
f 156 159 162
f 156 162 160
f 114 163 154
f 114 154 115
f 163 164 155
f 163 155 154
f 164 165 158
f 164 158 155
f 165 166 167
f 165 167 158
f 158 167 168
f 158 168 159
f 159 168 169
f 159 169 162
f 162 169 170
f 162 170 171
f 160 162 171
f 160 171 172
f 161 160 172
f 161 172 173
f 117 161 173
f 117 173 118
f 116 157 161
f 116 161 117
f 115 154 157
f 115 157 116
f 174 175 176
f 174 176 177
f 175 178 179
f 175 179 176
f 177 176 180
f 177 180 181
f 176 179 182
f 176 182 180
f 166 183 174
f 166 174 167
f 183 184 175
f 183 175 174
f 184 185 178
f 184 178 175
f 185 186 187
f 185 187 178
f 178 187 188
f 178 188 179
f 179 188 189
f 179 189 182
f 182 189 190
f 182 190 191
f 180 182 191
f 180 191 192
f 181 180 192
f 181 192 193
f 169 181 193
f 169 193 170
f 168 177 181
f 168 181 169
f 167 174 177
f 167 177 168
f 194 195 196
f 194 196 197
f 195 198 199
f 195 199 196
f 197 196 200
f 197 200 201
f 196 199 202
f 196 202 200
f 118 173 194
f 118 194 147
f 173 172 195
f 173 195 194
f 172 171 198
f 172 198 195
f 171 170 203
f 171 203 198
f 198 203 204
f 198 204 199
f 199 204 205
f 199 205 202
f 202 205 206
f 202 206 207
f 200 202 207
f 200 207 208
f 201 200 208
f 201 208 209
f 149 201 209
f 149 209 150
f 148 197 201
f 148 201 149
f 147 194 197
f 147 197 148
f 210 211 212
f 210 212 213
f 211 214 215
f 211 215 212
f 213 212 216
f 213 216 217
f 212 215 218
f 212 218 216
f 170 193 210
f 170 210 203
f 193 192 211
f 193 211 210
f 192 191 214
f 192 214 211
f 191 190 219
f 191 219 214
f 214 219 220
f 214 220 215
f 215 220 221
f 215 221 218
f 218 221 222
f 218 222 223
f 216 218 223
f 216 223 224
f 217 216 224
f 217 224 225
f 205 217 225
f 205 225 206
f 204 213 217
f 204 217 205
f 203 210 213
f 203 213 204
f 226 227 228
f 226 228 229
f 227 230 231
f 227 231 228
f 229 228 232
f 229 232 233
f 228 231 234
f 228 234 232
f 186 235 226
f 186 226 187
f 235 236 227
f 235 227 226
f 236 237 230
f 236 230 227
f 237 238 239
f 237 239 230
f 230 239 240
f 230 240 231
f 231 240 241
f 231 241 234
f 234 241 242
f 234 242 243
f 232 234 243
f 232 243 244
f 233 232 244
f 233 244 245
f 189 233 245
f 189 245 190
f 188 229 233
f 188 233 189
f 187 226 229
f 187 229 188
f 246 247 248
f 246 248 249
f 247 250 251
f 247 251 248
f 249 248 252
f 249 252 253
f 248 251 254
f 248 254 252
f 238 255 246
f 238 246 239
f 255 256 247
f 255 247 246
f 256 257 250
f 256 250 247
f 257 10 12
f 257 12 250
f 250 12 25
f 250 25 251
f 251 25 23
f 251 23 254
f 254 23 24
f 254 24 258
f 252 254 258
f 252 258 259
f 253 252 259
f 253 259 260
f 241 253 260
f 241 260 242
f 240 249 253
f 240 253 241
f 239 246 249
f 239 249 240
f 261 262 263
f 261 263 264
f 262 265 266
f 262 266 263
f 264 263 267
f 264 267 268
f 263 266 269
f 263 269 267
f 190 245 261
f 190 261 219
f 245 244 262
f 245 262 261
f 244 243 265
f 244 265 262
f 243 242 270
f 243 270 265
f 265 270 271
f 265 271 266
f 266 271 272
f 266 272 269
f 269 272 273
f 269 273 274
f 267 269 274
f 267 274 275
f 268 267 275
f 268 275 276
f 221 268 276
f 221 276 222
f 220 264 268
f 220 268 221
f 219 261 264
f 219 264 220
f 277 278 279
f 277 279 280
f 278 281 282
f 278 282 279
f 280 279 283
f 280 283 284
f 279 282 285
f 279 285 283
f 242 260 277
f 242 277 270
f 260 259 278
f 260 278 277
f 259 258 281
f 259 281 278
f 258 24 55
f 258 55 281
f 281 55 65
f 281 65 282
f 282 65 63
f 282 63 285
f 285 63 64
f 285 64 286
f 283 285 286
f 283 286 287
f 284 283 287
f 284 287 288
f 272 284 288
f 272 288 273
f 271 280 284
f 271 284 272
f 270 277 280
f 270 280 271
f 289 290 291
f 289 291 292
f 290 293 294
f 290 294 291
f 292 291 295
f 292 295 296
f 291 294 297
f 291 297 295
f 186 185 289
f 186 289 235
f 185 184 290
f 185 290 289
f 184 183 293
f 184 293 290
f 183 166 298
f 183 298 293
f 293 298 299
f 293 299 294
f 294 299 300
f 294 300 297
f 297 300 301
f 297 301 302
f 295 297 302
f 295 302 303
f 296 295 303
f 296 303 304
f 237 296 304
f 237 304 238
f 236 292 296
f 236 296 237
f 235 289 292
f 235 292 236
f 305 306 307
f 305 307 308
f 306 309 310
f 306 310 307
f 308 307 311
f 308 311 312
f 307 310 313
f 307 313 311
f 166 165 305
f 166 305 298
f 165 164 306
f 165 306 305
f 164 163 309
f 164 309 306
f 163 114 113
f 163 113 309
f 309 113 112
f 309 112 310
f 310 112 111
f 310 111 313
f 313 111 94
f 313 94 314
f 311 313 314
f 311 314 315
f 312 311 315
f 312 315 316
f 300 312 316
f 300 316 301
f 299 308 312
f 299 312 300
f 298 305 308
f 298 308 299
f 317 318 319
f 317 319 320
f 318 321 322
f 318 322 319
f 320 319 323
f 320 323 324
f 319 322 325
f 319 325 323
f 238 304 317
f 238 317 255
f 304 303 318
f 304 318 317
f 303 302 321
f 303 321 318
f 302 301 326
f 302 326 321
f 321 326 327
f 321 327 322
f 322 327 328
f 322 328 325
f 325 328 15
f 325 15 14
f 323 325 14
f 323 14 13
f 324 323 13
f 324 13 11
f 257 324 11
f 257 11 10
f 256 320 324
f 256 324 257
f 255 317 320
f 255 320 256
f 329 330 331
f 329 331 332
f 330 333 334
f 330 334 331
f 332 331 335
f 332 335 336
f 331 334 337
f 331 337 335
f 301 316 329
f 301 329 326
f 316 315 330
f 316 330 329
f 315 314 333
f 315 333 330
f 314 94 93
f 314 93 333
f 333 93 92
f 333 92 334
f 334 92 91
f 334 91 337
f 337 91 38
f 337 38 37
f 335 337 37
f 335 37 36
f 336 335 36
f 336 36 35
f 328 336 35
f 328 35 15
f 327 332 336
f 327 336 328
f 326 329 332
f 326 332 327
f 338 339 340
f 338 340 341
f 339 342 343
f 339 343 340
f 341 340 344
f 341 344 345
f 340 343 346
f 340 346 344
f 64 62 338
f 64 338 286
f 62 61 339
f 62 339 338
f 61 60 342
f 61 342 339
f 60 59 347
f 60 347 342
f 342 347 348
f 342 348 343
f 343 348 349
f 343 349 346
f 346 349 350
f 346 350 351
f 344 346 351
f 344 351 352
f 345 344 352
f 345 352 353
f 288 345 353
f 288 353 273
f 287 341 345
f 287 345 288
f 286 338 341
f 286 341 287
f 354 355 356
f 354 356 357
f 355 358 359
f 355 359 356
f 357 356 360
f 357 360 361
f 356 359 362
f 356 362 360
f 59 81 354
f 59 354 347
f 81 80 355
f 81 355 354
f 80 79 358
f 80 358 355
f 79 78 137
f 79 137 358
f 358 137 136
f 358 136 359
f 359 136 135
f 359 135 362
f 362 135 134
f 362 134 363
f 360 362 363
f 360 363 364
f 361 360 364
f 361 364 365
f 349 361 365
f 349 365 350
f 348 357 361
f 348 361 349
f 347 354 357
f 347 357 348
f 366 367 368
f 366 368 369
f 367 370 371
f 367 371 368
f 369 368 372
f 369 372 373
f 368 371 374
f 368 374 372
f 273 353 366
f 273 366 274
f 353 352 367
f 353 367 366
f 352 351 370
f 352 370 367
f 351 350 375
f 351 375 370
f 370 375 376
f 370 376 371
f 371 376 377
f 371 377 374
f 374 377 206
f 374 206 225
f 372 374 225
f 372 225 224
f 373 372 224
f 373 224 223
f 276 373 223
f 276 223 222
f 275 369 373
f 275 373 276
f 274 366 369
f 274 369 275
f 378 379 380
f 378 380 381
f 379 382 383
f 379 383 380
f 381 380 384
f 381 384 385
f 380 383 386
f 380 386 384
f 350 365 378
f 350 378 375
f 365 364 379
f 365 379 378
f 364 363 382
f 364 382 379
f 363 134 153
f 363 153 382
f 382 153 152
f 382 152 383
f 383 152 151
f 383 151 386
f 386 151 150
f 386 150 209
f 384 386 209
f 384 209 208
f 385 384 208
f 385 208 207
f 377 385 207
f 377 207 206
f 376 381 385
f 376 385 377
f 375 378 381
f 375 381 376
f 387 388 389
f 387 389 390
f 391 392 389
f 391 389 388
f 393 394 389
f 393 389 392
f 395 396 389
f 395 389 394
f 397 398 389
f 397 389 396
f 399 400 389
f 399 389 398
f 401 402 389
f 401 389 400
f 403 404 389
f 403 389 402
f 405 406 389
f 405 389 404
f 407 408 389
f 407 389 406
f 409 410 389
f 409 389 408
f 411 412 389
f 411 389 410
f 413 414 389
f 413 389 412
f 415 416 389
f 415 389 414
f 417 418 389
f 417 389 416
f 419 390 389
f 419 389 418
f 420 421 387
f 420 387 422
f 421 423 388
f 421 388 387
f 422 387 390
f 422 390 424
f 425 426 391
f 425 391 427
f 426 428 392
f 426 392 391
f 427 391 388
f 427 388 423
f 429 430 393
f 429 393 431
f 430 432 394
f 430 394 393
f 431 393 392
f 431 392 428
f 433 434 395
f 433 395 435
f 434 436 396
f 434 396 395
f 435 395 394
f 435 394 432
f 437 438 397
f 437 397 439
f 438 440 398
f 438 398 397
f 439 397 396
f 439 396 436
f 441 442 399
f 441 399 443
f 442 444 400
f 442 400 399
f 443 399 398
f 443 398 440
f 445 446 401
f 445 401 447
f 446 448 402
f 446 402 401
f 447 401 400
f 447 400 444
f 449 450 403
f 449 403 451
f 450 452 404
f 450 404 403
f 451 403 402
f 451 402 448
f 453 454 405
f 453 405 455
f 454 456 406
f 454 406 405
f 455 405 404
f 455 404 452
f 457 458 407
f 457 407 459
f 458 460 408
f 458 408 407
f 459 407 406
f 459 406 456
f 461 462 409
f 461 409 463
f 462 464 410
f 462 410 409
f 463 409 408
f 463 408 460
f 465 466 411
f 465 411 467
f 466 468 412
f 466 412 411
f 467 411 410
f 467 410 464
f 469 470 413
f 469 413 471
f 470 472 414
f 470 414 413
f 471 413 412
f 471 412 468
f 473 474 415
f 473 415 475
f 474 476 416
f 474 416 415
f 475 415 414
f 475 414 472
f 477 478 417
f 477 417 479
f 478 480 418
f 478 418 417
f 479 417 416
f 479 416 476
f 481 482 419
f 481 419 483
f 482 424 390
f 482 390 419
f 483 419 418
f 483 418 480
f 484 485 486
f 484 486 487
f 485 488 489
f 485 489 486
f 487 486 490
f 487 490 491
f 486 489 492
f 486 492 490
f 493 494 484
f 493 484 495
f 494 496 485
f 494 485 484
f 496 497 488
f 496 488 485
f 497 498 499
f 497 499 488
f 488 499 500
f 488 500 489
f 489 500 501
f 489 501 492
f 492 501 502
f 492 502 503
f 490 492 503
f 490 503 504
f 491 490 504
f 491 504 505
f 506 491 505
f 506 505 507
f 508 487 491
f 508 491 506
f 495 484 487
f 495 487 508
f 509 510 511
f 509 511 512
f 510 513 514
f 510 514 511
f 512 511 515
f 512 515 516
f 511 514 517
f 511 517 515
f 518 519 509
f 518 509 520
f 519 521 510
f 519 510 509
f 521 522 513
f 521 513 510
f 522 493 495
f 522 495 513
f 513 495 508
f 513 508 514
f 514 508 506
f 514 506 517
f 517 506 507
f 517 507 523
f 515 517 523
f 515 523 524
f 516 515 524
f 516 524 525
f 526 516 525
f 526 525 527
f 528 512 516
f 528 516 526
f 520 509 512
f 520 512 528
f 529 530 531
f 529 531 532
f 530 533 534
f 530 534 531
f 532 531 535
f 532 535 536
f 531 534 537
f 531 537 535
f 538 539 529
f 538 529 540
f 539 541 530
f 539 530 529
f 541 542 533
f 541 533 530
f 542 518 520
f 542 520 533
f 533 520 528
f 533 528 534
f 534 528 526
f 534 526 537
f 537 526 527
f 537 527 543
f 535 537 543
f 535 543 544
f 536 535 544
f 536 544 545
f 546 536 545
f 546 545 547
f 548 532 536
f 548 536 546
f 540 529 532
f 540 532 548
f 549 550 551
f 549 551 552
f 550 553 554
f 550 554 551
f 552 551 555
f 552 555 556
f 551 554 557
f 551 557 555
f 558 559 549
f 558 549 560
f 559 561 550
f 559 550 549
f 561 562 553
f 561 553 550
f 562 538 540
f 562 540 553
f 553 540 548
f 553 548 554
f 554 548 546
f 554 546 557
f 557 546 547
f 557 547 563
f 555 557 563
f 555 563 564
f 556 555 564
f 556 564 565
f 566 556 565
f 566 565 567
f 568 552 556
f 568 556 566
f 560 549 552
f 560 552 568
f 569 570 571
f 569 571 572
f 570 573 574
f 570 574 571
f 572 571 575
f 572 575 576
f 571 574 577
f 571 577 575
f 578 579 569
f 578 569 580
f 579 581 570
f 579 570 569
f 581 582 573
f 581 573 570
f 582 558 560
f 582 560 573
f 573 560 568
f 573 568 574
f 574 568 566
f 574 566 577
f 577 566 567
f 577 567 583
f 575 577 583
f 575 583 584
f 576 575 584
f 576 584 585
f 586 576 585
f 586 585 587
f 588 572 576
f 588 576 586
f 580 569 572
f 580 572 588
f 589 590 591
f 589 591 592
f 590 593 594
f 590 594 591
f 592 591 595
f 592 595 596
f 591 594 597
f 591 597 595
f 598 599 589
f 598 589 600
f 599 601 590
f 599 590 589
f 601 602 593
f 601 593 590
f 602 578 580
f 602 580 593
f 593 580 588
f 593 588 594
f 594 588 586
f 594 586 597
f 597 586 587
f 597 587 603
f 595 597 603
f 595 603 604
f 596 595 604
f 596 604 605
f 606 596 605
f 606 605 607
f 608 592 596
f 608 596 606
f 600 589 592
f 600 592 608
f 609 610 611
f 609 611 612
f 610 613 614
f 610 614 611
f 612 611 615
f 612 615 616
f 611 614 617
f 611 617 615
f 618 619 609
f 618 609 620
f 619 621 610
f 619 610 609
f 621 622 613
f 621 613 610
f 622 598 600
f 622 600 613
f 613 600 608
f 613 608 614
f 614 608 606
f 614 606 617
f 617 606 607
f 617 607 623
f 615 617 623
f 615 623 624
f 616 615 624
f 616 624 625
f 626 616 625
f 626 625 627
f 628 612 616
f 628 616 626
f 620 609 612
f 620 612 628
f 629 630 631
f 629 631 632
f 630 633 634
f 630 634 631
f 632 631 635
f 632 635 636
f 631 634 637
f 631 637 635
f 638 639 629
f 638 629 640
f 639 641 630
f 639 630 629
f 641 642 633
f 641 633 630
f 642 618 620
f 642 620 633
f 633 620 628
f 633 628 634
f 634 628 626
f 634 626 637
f 637 626 627
f 637 627 643
f 635 637 643
f 635 643 644
f 636 635 644
f 636 644 645
f 646 636 645
f 646 645 647
f 648 632 636
f 648 636 646
f 640 629 632
f 640 632 648
f 649 650 651
f 649 651 652
f 650 653 654
f 650 654 651
f 652 651 655
f 652 655 656
f 651 654 657
f 651 657 655
f 658 659 649
f 658 649 660
f 659 661 650
f 659 650 649
f 661 662 653
f 661 653 650
f 662 638 640
f 662 640 653
f 653 640 648
f 653 648 654
f 654 648 646
f 654 646 657
f 657 646 647
f 657 647 663
f 655 657 663
f 655 663 664
f 656 655 664
f 656 664 665
f 666 656 665
f 666 665 667
f 668 652 656
f 668 656 666
f 660 649 652
f 660 652 668
f 669 670 671
f 669 671 672
f 670 673 674
f 670 674 671
f 672 671 675
f 672 675 676
f 671 674 677
f 671 677 675
f 678 679 669
f 678 669 680
f 679 681 670
f 679 670 669
f 681 682 673
f 681 673 670
f 682 658 660
f 682 660 673
f 673 660 668
f 673 668 674
f 674 668 666
f 674 666 677
f 677 666 667
f 677 667 683
f 675 677 683
f 675 683 684
f 676 675 684
f 676 684 685
f 686 676 685
f 686 685 687
f 688 672 676
f 688 676 686
f 680 669 672
f 680 672 688
f 689 690 691
f 689 691 692
f 690 693 694
f 690 694 691
f 692 691 695
f 692 695 696
f 691 694 697
f 691 697 695
f 698 699 689
f 698 689 700
f 699 701 690
f 699 690 689
f 701 702 693
f 701 693 690
f 702 678 680
f 702 680 693
f 693 680 688
f 693 688 694
f 694 688 686
f 694 686 697
f 697 686 687
f 697 687 703
f 695 697 703
f 695 703 704
f 696 695 704
f 696 704 705
f 706 696 705
f 706 705 707
f 708 692 696
f 708 696 706
f 700 689 692
f 700 692 708
f 709 710 711
f 709 711 712
f 710 713 714
f 710 714 711
f 712 711 715
f 712 715 716
f 711 714 717
f 711 717 715
f 718 719 709
f 718 709 720
f 719 721 710
f 719 710 709
f 721 722 713
f 721 713 710
f 722 698 700
f 722 700 713
f 713 700 708
f 713 708 714
f 714 708 706
f 714 706 717
f 717 706 707
f 717 707 723
f 715 717 723
f 715 723 724
f 716 715 724
f 716 724 725
f 726 716 725
f 726 725 727
f 728 712 716
f 728 716 726
f 720 709 712
f 720 712 728
f 729 730 731
f 729 731 732
f 730 733 734
f 730 734 731
f 732 731 735
f 732 735 736
f 731 734 737
f 731 737 735
f 738 739 729
f 738 729 740
f 739 741 730
f 739 730 729
f 741 742 733
f 741 733 730
f 742 718 720
f 742 720 733
f 733 720 728
f 733 728 734
f 734 728 726
f 734 726 737
f 737 726 727
f 737 727 743
f 735 737 743
f 735 743 744
f 736 735 744
f 736 744 745
f 746 736 745
f 746 745 747
f 748 732 736
f 748 736 746
f 740 729 732
f 740 732 748
f 749 750 751
f 749 751 752
f 750 753 754
f 750 754 751
f 752 751 755
f 752 755 756
f 751 754 757
f 751 757 755
f 758 759 749
f 758 749 760
f 759 761 750
f 759 750 749
f 761 762 753
f 761 753 750
f 762 738 740
f 762 740 753
f 753 740 748
f 753 748 754
f 754 748 746
f 754 746 757
f 757 746 747
f 757 747 763
f 755 757 763
f 755 763 764
f 756 755 764
f 756 764 765
f 766 756 765
f 766 765 767
f 768 752 756
f 768 756 766
f 760 749 752
f 760 752 768
f 769 770 771
f 769 771 772
f 770 773 774
f 770 774 771
f 772 771 775
f 772 775 776
f 771 774 777
f 771 777 775
f 778 779 769
f 778 769 780
f 779 781 770
f 779 770 769
f 781 782 773
f 781 773 770
f 782 758 760
f 782 760 773
f 773 760 768
f 773 768 774
f 774 768 766
f 774 766 777
f 777 766 767
f 777 767 783
f 775 777 783
f 775 783 784
f 776 775 784
f 776 784 785
f 786 776 785
f 786 785 787
f 788 772 776
f 788 776 786
f 780 769 772
f 780 772 788
f 789 790 791
f 789 791 792
f 790 793 794
f 790 794 791
f 792 791 795
f 792 795 796
f 791 794 797
f 791 797 795
f 498 798 789
f 498 789 499
f 798 799 790
f 798 790 789
f 799 800 793
f 799 793 790
f 800 778 780
f 800 780 793
f 793 780 788
f 793 788 794
f 794 788 786
f 794 786 797
f 797 786 787
f 797 787 801
f 795 797 801
f 795 801 802
f 796 795 802
f 796 802 803
f 501 796 803
f 501 803 502
f 500 792 796
f 500 796 501
f 499 789 792
f 499 792 500
f 804 805 806
f 804 806 807
f 805 808 809
f 805 809 806
f 807 806 810
f 807 810 811
f 806 809 812
f 806 812 810
f 787 813 804
f 787 804 801
f 813 814 805
f 813 805 804
f 814 815 808
f 814 808 805
f 815 816 817
f 815 817 808
f 808 817 818
f 808 818 809
f 809 818 819
f 809 819 812
f 812 819 820
f 812 820 821
f 810 812 821
f 810 821 822
f 811 810 822
f 811 822 823
f 803 811 823
f 803 823 502
f 802 807 811
f 802 811 803
f 801 804 807
f 801 807 802
f 824 825 826
f 824 826 827
f 825 828 829
f 825 829 826
f 827 826 830
f 827 830 831
f 826 829 832
f 826 832 830
f 767 833 824
f 767 824 783
f 833 834 825
f 833 825 824
f 834 835 828
f 834 828 825
f 835 836 837
f 835 837 828
f 828 837 838
f 828 838 829
f 829 838 839
f 829 839 832
f 832 839 816
f 832 816 815
f 830 832 815
f 830 815 814
f 831 830 814
f 831 814 813
f 785 831 813
f 785 813 787
f 784 827 831
f 784 831 785
f 783 824 827
f 783 827 784
f 840 841 842
f 840 842 843
f 841 844 845
f 841 845 842
f 843 842 846
f 843 846 847
f 842 845 848
f 842 848 846
f 747 849 840
f 747 840 763
f 849 850 841
f 849 841 840
f 850 851 844
f 850 844 841
f 851 852 853
f 851 853 844
f 844 853 854
f 844 854 845
f 845 854 855
f 845 855 848
f 848 855 836
f 848 836 835
f 846 848 835
f 846 835 834
f 847 846 834
f 847 834 833
f 765 847 833
f 765 833 767
f 764 843 847
f 764 847 765
f 763 840 843
f 763 843 764
f 856 857 858
f 856 858 859
f 857 860 861
f 857 861 858
f 859 858 862
f 859 862 863
f 858 861 864
f 858 864 862
f 727 865 856
f 727 856 743
f 865 866 857
f 865 857 856
f 866 867 860
f 866 860 857
f 867 868 869
f 867 869 860
f 860 869 870
f 860 870 861
f 861 870 871
f 861 871 864
f 864 871 852
f 864 852 851
f 862 864 851
f 862 851 850
f 863 862 850
f 863 850 849
f 745 863 849
f 745 849 747
f 744 859 863
f 744 863 745
f 743 856 859
f 743 859 744
f 872 873 874
f 872 874 875
f 873 876 877
f 873 877 874
f 875 874 878
f 875 878 879
f 874 877 880
f 874 880 878
f 707 881 872
f 707 872 723
f 881 882 873
f 881 873 872
f 882 883 876
f 882 876 873
f 883 884 885
f 883 885 876
f 876 885 886
f 876 886 877
f 877 886 887
f 877 887 880
f 880 887 868
f 880 868 867
f 878 880 867
f 878 867 866
f 879 878 866
f 879 866 865
f 725 879 865
f 725 865 727
f 724 875 879
f 724 879 725
f 723 872 875
f 723 875 724
f 888 889 890
f 888 890 891
f 889 892 893
f 889 893 890
f 891 890 894
f 891 894 895
f 890 893 896
f 890 896 894
f 687 897 888
f 687 888 703
f 897 898 889
f 897 889 888
f 898 899 892
f 898 892 889
f 899 900 901
f 899 901 892
f 892 901 902
f 892 902 893
f 893 902 903
f 893 903 896
f 896 903 884
f 896 884 883
f 894 896 883
f 894 883 882
f 895 894 882
f 895 882 881
f 705 895 881
f 705 881 707
f 704 891 895
f 704 895 705
f 703 888 891
f 703 891 704
f 904 905 906
f 904 906 907
f 905 908 909
f 905 909 906
f 907 906 910
f 907 910 911
f 906 909 912
f 906 912 910
f 667 913 904
f 667 904 683
f 913 914 905
f 913 905 904
f 914 915 908
f 914 908 905
f 915 916 917
f 915 917 908
f 908 917 918
f 908 918 909
f 909 918 919
f 909 919 912
f 912 919 900
f 912 900 899
f 910 912 899
f 910 899 898
f 911 910 898
f 911 898 897
f 685 911 897
f 685 897 687
f 684 907 911
f 684 911 685
f 683 904 907
f 683 907 684
f 920 921 922
f 920 922 923
f 921 924 925
f 921 925 922
f 923 922 926
f 923 926 927
f 922 925 928
f 922 928 926
f 647 929 920
f 647 920 663
f 929 930 921
f 929 921 920
f 930 931 924
f 930 924 921
f 931 932 933
f 931 933 924
f 924 933 934
f 924 934 925
f 925 934 935
f 925 935 928
f 928 935 916
f 928 916 915
f 926 928 915
f 926 915 914
f 927 926 914
f 927 914 913
f 665 927 913
f 665 913 667
f 664 923 927
f 664 927 665
f 663 920 923
f 663 923 664
f 936 937 938
f 936 938 939
f 937 940 941
f 937 941 938
f 939 938 942
f 939 942 943
f 938 941 944
f 938 944 942
f 627 945 936
f 627 936 643
f 945 946 937
f 945 937 936
f 946 947 940
f 946 940 937
f 947 948 949
f 947 949 940
f 940 949 950
f 940 950 941
f 941 950 951
f 941 951 944
f 944 951 932
f 944 932 931
f 942 944 931
f 942 931 930
f 943 942 930
f 943 930 929
f 645 943 929
f 645 929 647
f 644 939 943
f 644 943 645
f 643 936 939
f 643 939 644
f 952 953 954
f 952 954 955
f 953 956 957
f 953 957 954
f 955 954 958
f 955 958 959
f 954 957 960
f 954 960 958
f 607 961 952
f 607 952 623
f 961 962 953
f 961 953 952
f 962 963 956
f 962 956 953
f 963 964 965
f 963 965 956
f 956 965 966
f 956 966 957
f 957 966 967
f 957 967 960
f 960 967 948
f 960 948 947
f 958 960 947
f 958 947 946
f 959 958 946
f 959 946 945
f 625 959 945
f 625 945 627
f 624 955 959
f 624 959 625
f 623 952 955
f 623 955 624
f 968 969 970
f 968 970 971
f 969 972 973
f 969 973 970
f 971 970 974
f 971 974 975
f 970 973 976
f 970 976 974
f 587 977 968
f 587 968 603
f 977 978 969
f 977 969 968
f 978 979 972
f 978 972 969
f 979 980 981
f 979 981 972
f 972 981 982
f 972 982 973
f 973 982 983
f 973 983 976
f 976 983 964
f 976 964 963
f 974 976 963
f 974 963 962
f 975 974 962
f 975 962 961
f 605 975 961
f 605 961 607
f 604 971 975
f 604 975 605
f 603 968 971
f 603 971 604
f 984 985 986
f 984 986 987
f 985 988 989
f 985 989 986
f 987 986 990
f 987 990 991
f 986 989 992
f 986 992 990
f 567 993 984
f 567 984 583
f 993 994 985
f 993 985 984
f 994 995 988
f 994 988 985
f 995 996 997
f 995 997 988
f 988 997 998
f 988 998 989
f 989 998 999
f 989 999 992
f 992 999 980
f 992 980 979
f 990 992 979
f 990 979 978
f 991 990 978
f 991 978 977
f 585 991 977
f 585 977 587
f 584 987 991
f 584 991 585
f 583 984 987
f 583 987 584
f 1000 1001 1002
f 1000 1002 1003
f 1001 1004 1005
f 1001 1005 1002
f 1003 1002 1006
f 1003 1006 1007
f 1002 1005 1008
f 1002 1008 1006
f 547 1009 1000
f 547 1000 563
f 1009 1010 1001
f 1009 1001 1000
f 1010 1011 1004
f 1010 1004 1001
f 1011 1012 1013
f 1011 1013 1004
f 1004 1013 1014
f 1004 1014 1005
f 1005 1014 1015
f 1005 1015 1008
f 1008 1015 996
f 1008 996 995
f 1006 1008 995
f 1006 995 994
f 1007 1006 994
f 1007 994 993
f 565 1007 993
f 565 993 567
f 564 1003 1007
f 564 1007 565
f 563 1000 1003
f 563 1003 564
f 1016 1017 1018
f 1016 1018 1019
f 1017 1020 1021
f 1017 1021 1018
f 1019 1018 1022
f 1019 1022 1023
f 1018 1021 1024
f 1018 1024 1022
f 527 1025 1016
f 527 1016 543
f 1025 1026 1017
f 1025 1017 1016
f 1026 1027 1020
f 1026 1020 1017
f 1027 1028 1029
f 1027 1029 1020
f 1020 1029 1030
f 1020 1030 1021
f 1021 1030 1031
f 1021 1031 1024
f 1024 1031 1012
f 1024 1012 1011
f 1022 1024 1011
f 1022 1011 1010
f 1023 1022 1010
f 1023 1010 1009
f 545 1023 1009
f 545 1009 547
f 544 1019 1023
f 544 1023 545
f 543 1016 1019
f 543 1019 544
f 1032 1033 1034
f 1032 1034 1035
f 1033 1036 1037
f 1033 1037 1034
f 1035 1034 1038
f 1035 1038 1039
f 1034 1037 1040
f 1034 1040 1038
f 507 1041 1032
f 507 1032 523
f 1041 1042 1033
f 1041 1033 1032
f 1042 1043 1036
f 1042 1036 1033
f 1043 1044 1045
f 1043 1045 1036
f 1036 1045 1046
f 1036 1046 1037
f 1037 1046 1047
f 1037 1047 1040
f 1040 1047 1028
f 1040 1028 1027
f 1038 1040 1027
f 1038 1027 1026
f 1039 1038 1026
f 1039 1026 1025
f 525 1039 1025
f 525 1025 527
f 524 1035 1039
f 524 1039 525
f 523 1032 1035
f 523 1035 524
f 1048 1049 1050
f 1048 1050 1051
f 1049 1052 1053
f 1049 1053 1050
f 1051 1050 1054
f 1051 1054 1055
f 1050 1053 1056
f 1050 1056 1054
f 502 823 1048
f 502 1048 503
f 823 822 1049
f 823 1049 1048
f 822 821 1052
f 822 1052 1049
f 821 820 1057
f 821 1057 1052
f 1052 1057 1058
f 1052 1058 1053
f 1053 1058 1059
f 1053 1059 1056
f 1056 1059 1044
f 1056 1044 1043
f 1054 1056 1043
f 1054 1043 1042
f 1055 1054 1042
f 1055 1042 1041
f 505 1055 1041
f 505 1041 507
f 504 1051 1055
f 504 1055 505
f 503 1048 1051
f 503 1051 504
f 1060 1061 1062
f 1060 1062 1063
f 1061 1064 1065
f 1061 1065 1062
f 1063 1062 1066
f 1063 1066 1067
f 1062 1065 1068
f 1062 1068 1066
f 429 431 1060
f 429 1060 1069
f 431 428 1061
f 431 1061 1060
f 428 426 1064
f 428 1064 1061
f 426 425 1070
f 426 1070 1064
f 1064 1070 1071
f 1064 1071 1065
f 1065 1071 1072
f 1065 1072 1068
f 1068 1072 498
f 1068 498 497
f 1066 1068 497
f 1066 497 496
f 1067 1066 496
f 1067 496 494
f 1073 1067 494
f 1073 494 493
f 1074 1063 1067
f 1074 1067 1073
f 1069 1060 1063
f 1069 1063 1074
f 1075 1076 1077
f 1075 1077 1078
f 1076 1079 1080
f 1076 1080 1077
f 1078 1077 1081
f 1078 1081 1082
f 1077 1080 1083
f 1077 1083 1081
f 433 435 1075
f 433 1075 1084
f 435 432 1076
f 435 1076 1075
f 432 430 1079
f 432 1079 1076
f 430 429 1069
f 430 1069 1079
f 1079 1069 1074
f 1079 1074 1080
f 1080 1074 1073
f 1080 1073 1083
f 1083 1073 493
f 1083 493 522
f 1081 1083 522
f 1081 522 521
f 1082 1081 521
f 1082 521 519
f 1085 1082 519
f 1085 519 518
f 1086 1078 1082
f 1086 1082 1085
f 1084 1075 1078
f 1084 1078 1086
f 1087 1088 1089
f 1087 1089 1090
f 1088 1091 1092
f 1088 1092 1089
f 1090 1089 1093
f 1090 1093 1094
f 1089 1092 1095
f 1089 1095 1093
f 437 439 1087
f 437 1087 1096
f 439 436 1088
f 439 1088 1087
f 436 434 1091
f 436 1091 1088
f 434 433 1084
f 434 1084 1091
f 1091 1084 1086
f 1091 1086 1092
f 1092 1086 1085
f 1092 1085 1095
f 1095 1085 518
f 1095 518 542
f 1093 1095 542
f 1093 542 541
f 1094 1093 541
f 1094 541 539
f 1097 1094 539
f 1097 539 538
f 1098 1090 1094
f 1098 1094 1097
f 1096 1087 1090
f 1096 1090 1098
f 1099 1100 1101
f 1099 1101 1102
f 1100 1103 1104
f 1100 1104 1101
f 1102 1101 1105
f 1102 1105 1106
f 1101 1104 1107
f 1101 1107 1105
f 441 443 1099
f 441 1099 1108
f 443 440 1100
f 443 1100 1099
f 440 438 1103
f 440 1103 1100
f 438 437 1096
f 438 1096 1103
f 1103 1096 1098
f 1103 1098 1104
f 1104 1098 1097
f 1104 1097 1107
f 1107 1097 538
f 1107 538 562
f 1105 1107 562
f 1105 562 561
f 1106 1105 561
f 1106 561 559
f 1109 1106 559
f 1109 559 558
f 1110 1102 1106
f 1110 1106 1109
f 1108 1099 1102
f 1108 1102 1110
f 1111 1112 1113
f 1111 1113 1114
f 1112 1115 1116
f 1112 1116 1113
f 1114 1113 1117
f 1114 1117 1118
f 1113 1116 1119
f 1113 1119 1117
f 445 447 1111
f 445 1111 1120
f 447 444 1112
f 447 1112 1111
f 444 442 1115
f 444 1115 1112
f 442 441 1108
f 442 1108 1115
f 1115 1108 1110
f 1115 1110 1116
f 1116 1110 1109
f 1116 1109 1119
f 1119 1109 558
f 1119 558 582
f 1117 1119 582
f 1117 582 581
f 1118 1117 581
f 1118 581 579
f 1121 1118 579
f 1121 579 578
f 1122 1114 1118
f 1122 1118 1121
f 1120 1111 1114
f 1120 1114 1122
f 1123 1124 1125
f 1123 1125 1126
f 1124 1127 1128
f 1124 1128 1125
f 1126 1125 1129
f 1126 1129 1130
f 1125 1128 1131
f 1125 1131 1129
f 449 451 1123
f 449 1123 1132
f 451 448 1124
f 451 1124 1123
f 448 446 1127
f 448 1127 1124
f 446 445 1120
f 446 1120 1127
f 1127 1120 1122
f 1127 1122 1128
f 1128 1122 1121
f 1128 1121 1131
f 1131 1121 578
f 1131 578 602
f 1129 1131 602
f 1129 602 601
f 1130 1129 601
f 1130 601 599
f 1133 1130 599
f 1133 599 598
f 1134 1126 1130
f 1134 1130 1133
f 1132 1123 1126
f 1132 1126 1134
f 1135 1136 1137
f 1135 1137 1138
f 1136 1139 1140
f 1136 1140 1137
f 1138 1137 1141
f 1138 1141 1142
f 1137 1140 1143
f 1137 1143 1141
f 453 455 1135
f 453 1135 1144
f 455 452 1136
f 455 1136 1135
f 452 450 1139
f 452 1139 1136
f 450 449 1132
f 450 1132 1139
f 1139 1132 1134
f 1139 1134 1140
f 1140 1134 1133
f 1140 1133 1143
f 1143 1133 598
f 1143 598 622
f 1141 1143 622
f 1141 622 621
f 1142 1141 621
f 1142 621 619
f 1145 1142 619
f 1145 619 618
f 1146 1138 1142
f 1146 1142 1145
f 1144 1135 1138
f 1144 1138 1146
f 1147 1148 1149
f 1147 1149 1150
f 1148 1151 1152
f 1148 1152 1149
f 1150 1149 1153
f 1150 1153 1154
f 1149 1152 1155
f 1149 1155 1153
f 457 459 1147
f 457 1147 1156
f 459 456 1148
f 459 1148 1147
f 456 454 1151
f 456 1151 1148
f 454 453 1144
f 454 1144 1151
f 1151 1144 1146
f 1151 1146 1152
f 1152 1146 1145
f 1152 1145 1155
f 1155 1145 618
f 1155 618 642
f 1153 1155 642
f 1153 642 641
f 1154 1153 641
f 1154 641 639
f 1157 1154 639
f 1157 639 638
f 1158 1150 1154
f 1158 1154 1157
f 1156 1147 1150
f 1156 1150 1158
f 1159 1160 1161
f 1159 1161 1162
f 1160 1163 1164
f 1160 1164 1161
f 1162 1161 1165
f 1162 1165 1166
f 1161 1164 1167
f 1161 1167 1165
f 461 463 1159
f 461 1159 1168
f 463 460 1160
f 463 1160 1159
f 460 458 1163
f 460 1163 1160
f 458 457 1156
f 458 1156 1163
f 1163 1156 1158
f 1163 1158 1164
f 1164 1158 1157
f 1164 1157 1167
f 1167 1157 638
f 1167 638 662
f 1165 1167 662
f 1165 662 661
f 1166 1165 661
f 1166 661 659
f 1169 1166 659
f 1169 659 658
f 1170 1162 1166
f 1170 1166 1169
f 1168 1159 1162
f 1168 1162 1170
f 1171 1172 1173
f 1171 1173 1174
f 1172 1175 1176
f 1172 1176 1173
f 1174 1173 1177
f 1174 1177 1178
f 1173 1176 1179
f 1173 1179 1177
f 465 467 1171
f 465 1171 1180
f 467 464 1172
f 467 1172 1171
f 464 462 1175
f 464 1175 1172
f 462 461 1168
f 462 1168 1175
f 1175 1168 1170
f 1175 1170 1176
f 1176 1170 1169
f 1176 1169 1179
f 1179 1169 658
f 1179 658 682
f 1177 1179 682
f 1177 682 681
f 1178 1177 681
f 1178 681 679
f 1181 1178 679
f 1181 679 678
f 1182 1174 1178
f 1182 1178 1181
f 1180 1171 1174
f 1180 1174 1182
f 1183 1184 1185
f 1183 1185 1186
f 1184 1187 1188
f 1184 1188 1185
f 1186 1185 1189
f 1186 1189 1190
f 1185 1188 1191
f 1185 1191 1189
f 469 471 1183
f 469 1183 1192
f 471 468 1184
f 471 1184 1183
f 468 466 1187
f 468 1187 1184
f 466 465 1180
f 466 1180 1187
f 1187 1180 1182
f 1187 1182 1188
f 1188 1182 1181
f 1188 1181 1191
f 1191 1181 678
f 1191 678 702
f 1189 1191 702
f 1189 702 701
f 1190 1189 701
f 1190 701 699
f 1193 1190 699
f 1193 699 698
f 1194 1186 1190
f 1194 1190 1193
f 1192 1183 1186
f 1192 1186 1194
f 1195 1196 1197
f 1195 1197 1198
f 1196 1199 1200
f 1196 1200 1197
f 1198 1197 1201
f 1198 1201 1202
f 1197 1200 1203
f 1197 1203 1201
f 473 475 1195
f 473 1195 1204
f 475 472 1196
f 475 1196 1195
f 472 470 1199
f 472 1199 1196
f 470 469 1192
f 470 1192 1199
f 1199 1192 1194
f 1199 1194 1200
f 1200 1194 1193
f 1200 1193 1203
f 1203 1193 698
f 1203 698 722
f 1201 1203 722
f 1201 722 721
f 1202 1201 721
f 1202 721 719
f 1205 1202 719
f 1205 719 718
f 1206 1198 1202
f 1206 1202 1205
f 1204 1195 1198
f 1204 1198 1206
f 1207 1208 1209
f 1207 1209 1210
f 1208 1211 1212
f 1208 1212 1209
f 1210 1209 1213
f 1210 1213 1214
f 1209 1212 1215
f 1209 1215 1213
f 477 479 1207
f 477 1207 1216
f 479 476 1208
f 479 1208 1207
f 476 474 1211
f 476 1211 1208
f 474 473 1204
f 474 1204 1211
f 1211 1204 1206
f 1211 1206 1212
f 1212 1206 1205
f 1212 1205 1215
f 1215 1205 718
f 1215 718 742
f 1213 1215 742
f 1213 742 741
f 1214 1213 741
f 1214 741 739
f 1217 1214 739
f 1217 739 738
f 1218 1210 1214
f 1218 1214 1217
f 1216 1207 1210
f 1216 1210 1218
f 1219 1220 1221
f 1219 1221 1222
f 1220 1223 1224
f 1220 1224 1221
f 1222 1221 1225
f 1222 1225 1226
f 1221 1224 1227
f 1221 1227 1225
f 481 483 1219
f 481 1219 1228
f 483 480 1220
f 483 1220 1219
f 480 478 1223
f 480 1223 1220
f 478 477 1216
f 478 1216 1223
f 1223 1216 1218
f 1223 1218 1224
f 1224 1218 1217
f 1224 1217 1227
f 1227 1217 738
f 1227 738 762
f 1225 1227 762
f 1225 762 761
f 1226 1225 761
f 1226 761 759
f 1229 1226 759
f 1229 759 758
f 1230 1222 1226
f 1230 1226 1229
f 1228 1219 1222
f 1228 1222 1230
f 1231 1232 1233
f 1231 1233 1234
f 1232 1235 1236
f 1232 1236 1233
f 1234 1233 1237
f 1234 1237 1238
f 1233 1236 1239
f 1233 1239 1237
f 420 422 1231
f 420 1231 1240
f 422 424 1232
f 422 1232 1231
f 424 482 1235
f 424 1235 1232
f 482 481 1228
f 482 1228 1235
f 1235 1228 1230
f 1235 1230 1236
f 1236 1230 1229
f 1236 1229 1239
f 1239 1229 758
f 1239 758 782
f 1237 1239 782
f 1237 782 781
f 1238 1237 781
f 1238 781 779
f 1241 1238 779
f 1241 779 778
f 1242 1234 1238
f 1242 1238 1241
f 1240 1231 1234
f 1240 1234 1242
f 1243 1244 1245
f 1243 1245 1246
f 1244 1247 1248
f 1244 1248 1245
f 1246 1245 1249
f 1246 1249 1250
f 1245 1248 1251
f 1245 1251 1249
f 425 427 1243
f 425 1243 1070
f 427 423 1244
f 427 1244 1243
f 423 421 1247
f 423 1247 1244
f 421 420 1240
f 421 1240 1247
f 1247 1240 1242
f 1247 1242 1248
f 1248 1242 1241
f 1248 1241 1251
f 1251 1241 778
f 1251 778 800
f 1249 1251 800
f 1249 800 799
f 1250 1249 799
f 1250 799 798
f 1072 1250 798
f 1072 798 498
f 1071 1246 1250
f 1071 1250 1072
f 1070 1243 1246
f 1070 1246 1071
f 1252 1253 1254
f 1252 1254 1255
f 1256 1257 1254
f 1256 1254 1253
f 1258 1259 1254
f 1258 1254 1257
f 1260 1261 1254
f 1260 1254 1259
f 1262 1255 1254
f 1262 1254 1261
f 1263 1264 1252
f 1263 1252 1265
f 1264 1266 1253
f 1264 1253 1252
f 1265 1252 1255
f 1265 1255 1267
f 932 951 1256
f 932 1256 1268
f 951 950 1257
f 951 1257 1256
f 1268 1256 1253
f 1268 1253 1266
f 948 1269 1258
f 948 1258 949
f 1269 1270 1259
f 1269 1259 1258
f 949 1258 1257
f 949 1257 950
f 1271 1272 1260
f 1271 1260 1273
f 1272 1274 1261
f 1272 1261 1260
f 1273 1260 1259
f 1273 1259 1270
f 1275 1276 1262
f 1275 1262 1277
f 1276 1267 1255
f 1276 1255 1262
f 1277 1262 1261
f 1277 1261 1274
f 1278 1279 1280
f 1278 1280 1281
f 1282 1283 1280
f 1282 1280 1279
f 1284 1285 1280
f 1284 1280 1283
f 1286 1287 1280
f 1286 1280 1285
f 1288 1289 1280
f 1288 1280 1287
f 1290 1291 1280
f 1290 1280 1289
f 1292 1281 1280
f 1292 1280 1291
f 1293 1294 1278
f 1293 1278 1295
f 1294 1296 1279
f 1294 1279 1278
f 1295 1278 1281
f 1295 1281 1297
f 900 919 1282
f 900 1282 1298
f 919 918 1283
f 919 1283 1282
f 1298 1282 1279
f 1298 1279 1296
f 916 1299 1284
f 916 1284 917
f 1299 1300 1285
f 1299 1285 1284
f 917 1284 1283
f 917 1283 918
f 1301 1302 1286
f 1301 1286 1303
f 1302 1304 1287
f 1302 1287 1286
f 1303 1286 1285
f 1303 1285 1300
f 1305 1306 1288
f 1305 1288 1307
f 1306 1308 1289
f 1306 1289 1288
f 1307 1288 1287
f 1307 1287 1304
f 1309 1310 1290
f 1309 1290 1311
f 1310 1312 1291
f 1310 1291 1290
f 1311 1290 1289
f 1311 1289 1308
f 1313 1314 1292
f 1313 1292 1315
f 1314 1297 1281
f 1314 1281 1292
f 1315 1292 1291
f 1315 1291 1312
f 1316 1317 1318
f 1316 1318 1319
f 1320 1321 1318
f 1320 1318 1317
f 1322 1323 1318
f 1322 1318 1321
f 1324 1325 1318
f 1324 1318 1323
f 1326 1327 1318
f 1326 1318 1325
f 1328 1329 1318
f 1328 1318 1327
f 1330 1319 1318
f 1330 1318 1329
f 948 967 1316
f 948 1316 1269
f 967 966 1317
f 967 1317 1316
f 1269 1316 1319
f 1269 1319 1270
f 964 1331 1320
f 964 1320 965
f 1331 1332 1321
f 1331 1321 1320
f 965 1320 1317
f 965 1317 966
f 1333 1334 1322
f 1333 1322 1335
f 1334 1336 1323
f 1334 1323 1322
f 1335 1322 1321
f 1335 1321 1332
f 1337 1338 1324
f 1337 1324 1339
f 1338 1340 1325
f 1338 1325 1324
f 1339 1324 1323
f 1339 1323 1336
f 1341 1342 1326
f 1341 1326 1343
f 1342 1344 1327
f 1342 1327 1326
f 1343 1326 1325
f 1343 1325 1340
f 1345 1346 1328
f 1345 1328 1347
f 1346 1348 1329
f 1346 1329 1328
f 1347 1328 1327
f 1347 1327 1344
f 1271 1273 1330
f 1271 1330 1349
f 1273 1270 1319
f 1273 1319 1330
f 1349 1330 1329
f 1349 1329 1348
f 1350 1351 1352
f 1350 1352 1353
f 1354 1355 1352
f 1354 1352 1351
f 1356 1357 1352
f 1356 1352 1355
f 1358 1359 1352
f 1358 1352 1357
f 1360 1361 1352
f 1360 1352 1359
f 1362 1353 1352
f 1362 1352 1361
f 1301 1303 1350
f 1301 1350 1363
f 1303 1300 1351
f 1303 1351 1350
f 1363 1350 1353
f 1363 1353 1364
f 916 935 1354
f 916 1354 1299
f 935 934 1355
f 935 1355 1354
f 1299 1354 1351
f 1299 1351 1300
f 932 1268 1356
f 932 1356 933
f 1268 1266 1357
f 1268 1357 1356
f 933 1356 1355
f 933 1355 934
f 1263 1365 1358
f 1263 1358 1264
f 1365 1366 1359
f 1365 1359 1358
f 1264 1358 1357
f 1264 1357 1266
f 1367 1368 1360
f 1367 1360 1369
f 1368 1370 1361
f 1368 1361 1360
f 1369 1360 1359
f 1369 1359 1366
f 1371 1372 1362
f 1371 1362 1373
f 1372 1364 1353
f 1372 1353 1362
f 1373 1362 1361
f 1373 1361 1370
f 1374 1375 1376
f 1374 1376 1377
f 1378 1379 1376
f 1378 1376 1375
f 1380 1381 1376
f 1380 1376 1379
f 1382 1383 1376
f 1382 1376 1381
f 1384 1385 1376
f 1384 1376 1383
f 1386 1377 1376
f 1386 1376 1385
f 1387 1388 1374
f 1387 1374 1389
f 1388 1390 1375
f 1388 1375 1374
f 1389 1374 1377
f 1389 1377 1391
f 884 903 1378
f 884 1378 1392
f 903 902 1379
f 903 1379 1378
f 1392 1378 1375
f 1392 1375 1390
f 900 1298 1380
f 900 1380 901
f 1298 1296 1381
f 1298 1381 1380
f 901 1380 1379
f 901 1379 902
f 1293 1393 1382
f 1293 1382 1294
f 1393 1394 1383
f 1393 1383 1382
f 1294 1382 1381
f 1294 1381 1296
f 1395 1396 1384
f 1395 1384 1397
f 1396 1398 1385
f 1396 1385 1384
f 1397 1384 1383
f 1397 1383 1394
f 1399 1400 1386
f 1399 1386 1401
f 1400 1391 1377
f 1400 1377 1386
f 1401 1386 1385
f 1401 1385 1398
f 1402 1403 1404
f 1402 1404 1405
f 1406 1407 1404
f 1406 1404 1403
f 1408 1409 1404
f 1408 1404 1407
f 1410 1411 1404
f 1410 1404 1409
f 1412 1413 1404
f 1412 1404 1411
f 1414 1405 1404
f 1414 1404 1413
f 1415 1416 1402
f 1415 1402 1417
f 1416 1418 1403
f 1416 1403 1402
f 1417 1402 1405
f 1417 1405 1419
f 980 999 1406
f 980 1406 1420
f 999 998 1407
f 999 1407 1406
f 1420 1406 1403
f 1420 1403 1418
f 996 1421 1408
f 996 1408 997
f 1421 1422 1409
f 1421 1409 1408
f 997 1408 1407
f 997 1407 998
f 1423 1424 1410
f 1423 1410 1425
f 1424 1426 1411
f 1424 1411 1410
f 1425 1410 1409
f 1425 1409 1422
f 1427 1428 1412
f 1427 1412 1429
f 1428 1430 1413
f 1428 1413 1412
f 1429 1412 1411
f 1429 1411 1426
f 1431 1432 1414
f 1431 1414 1433
f 1432 1419 1405
f 1432 1405 1414
f 1433 1414 1413
f 1433 1413 1430
f 1434 1435 1436
f 1434 1436 1437
f 1438 1439 1436
f 1438 1436 1435
f 1440 1441 1436
f 1440 1436 1439
f 1442 1443 1436
f 1442 1436 1441
f 1444 1437 1436
f 1444 1436 1443
f 1423 1425 1434
f 1423 1434 1445
f 1425 1422 1435
f 1425 1435 1434
f 1445 1434 1437
f 1445 1437 1446
f 996 1015 1438
f 996 1438 1421
f 1015 1014 1439
f 1015 1439 1438
f 1421 1438 1435
f 1421 1435 1422
f 1012 1447 1440
f 1012 1440 1013
f 1447 1448 1441
f 1447 1441 1440
f 1013 1440 1439
f 1013 1439 1014
f 1449 1450 1442
f 1449 1442 1451
f 1450 1452 1443
f 1450 1443 1442
f 1451 1442 1441
f 1451 1441 1448
f 1453 1454 1444
f 1453 1444 1455
f 1454 1446 1437
f 1454 1437 1444
f 1455 1444 1443
f 1455 1443 1452
f 1456 1457 1458
f 1456 1458 1459
f 1460 1461 1458
f 1460 1458 1457
f 1462 1463 1458
f 1462 1458 1461
f 1464 1465 1458
f 1464 1458 1463
f 1466 1467 1458
f 1466 1458 1465
f 1468 1459 1458
f 1468 1458 1467
f 1333 1335 1456
f 1333 1456 1469
f 1335 1332 1457
f 1335 1457 1456
f 1469 1456 1459
f 1469 1459 1470
f 964 983 1460
f 964 1460 1331
f 983 982 1461
f 983 1461 1460
f 1331 1460 1457
f 1331 1457 1332
f 980 1420 1462
f 980 1462 981
f 1420 1418 1463
f 1420 1463 1462
f 981 1462 1461
f 981 1461 982
f 1415 1471 1464
f 1415 1464 1416
f 1471 1472 1465
f 1471 1465 1464
f 1416 1464 1463
f 1416 1463 1418
f 1473 1474 1466
f 1473 1466 1475
f 1474 1476 1467
f 1474 1467 1466
f 1475 1466 1465
f 1475 1465 1472
f 1477 1478 1468
f 1477 1468 1479
f 1478 1470 1459
f 1478 1459 1468
f 1479 1468 1467
f 1479 1467 1476
f 1480 1481 1482
f 1480 1482 1483
f 1484 1485 1482
f 1484 1482 1481
f 1486 1487 1482
f 1486 1482 1485
f 1488 1489 1482
f 1488 1482 1487
f 1490 1483 1482
f 1490 1482 1489
f 1491 1492 1480
f 1491 1480 1493
f 1492 1494 1481
f 1492 1481 1480
f 1493 1480 1483
f 1493 1483 1495
f 1044 1059 1484
f 1044 1484 1496
f 1059 1058 1485
f 1059 1485 1484
f 1496 1484 1481
f 1496 1481 1494
f 820 1497 1486
f 820 1486 1057
f 1497 1498 1487
f 1497 1487 1486
f 1057 1486 1485
f 1057 1485 1058
f 1499 1500 1488
f 1499 1488 1501
f 1500 1502 1489
f 1500 1489 1488
f 1501 1488 1487
f 1501 1487 1498
f 1503 1504 1490
f 1503 1490 1505
f 1504 1495 1483
f 1504 1483 1490
f 1505 1490 1489
f 1505 1489 1502
f 1506 1507 1508
f 1506 1508 1509
f 1510 1511 1508
f 1510 1508 1507
f 1512 1513 1508
f 1512 1508 1511
f 1514 1515 1508
f 1514 1508 1513
f 1516 1517 1508
f 1516 1508 1515
f 1518 1509 1508
f 1518 1508 1517
f 820 819 1506
f 820 1506 1497
f 819 818 1507
f 819 1507 1506
f 1497 1506 1509
f 1497 1509 1498
f 816 1519 1510
f 816 1510 817
f 1519 1520 1511
f 1519 1511 1510
f 817 1510 1507
f 817 1507 818
f 1521 1522 1512
f 1521 1512 1523
f 1522 1524 1513
f 1522 1513 1512
f 1523 1512 1511
f 1523 1511 1520
f 1525 1526 1514
f 1525 1514 1527
f 1526 1528 1515
f 1526 1515 1514
f 1527 1514 1513
f 1527 1513 1524
f 1529 1530 1516
f 1529 1516 1531
f 1530 1532 1517
f 1530 1517 1516
f 1531 1516 1515
f 1531 1515 1528
f 1499 1501 1518
f 1499 1518 1533
f 1501 1498 1509
f 1501 1509 1518
f 1533 1518 1517
f 1533 1517 1532
f 1534 1535 1536
f 1534 1536 1537
f 1538 1539 1536
f 1538 1536 1535
f 1540 1541 1536
f 1540 1536 1539
f 1542 1543 1536
f 1542 1536 1541
f 1544 1545 1536
f 1544 1536 1543
f 1546 1537 1536
f 1546 1536 1545
f 1547 1548 1534
f 1547 1534 1549
f 1548 1550 1535
f 1548 1535 1534
f 1549 1534 1537
f 1549 1537 1551
f 1552 1553 1538
f 1552 1538 1554
f 1553 1555 1539
f 1553 1539 1538
f 1554 1538 1535
f 1554 1535 1550
f 868 887 1540
f 868 1540 1556
f 887 886 1541
f 887 1541 1540
f 1556 1540 1539
f 1556 1539 1555
f 884 1392 1542
f 884 1542 885
f 1392 1390 1543
f 1392 1543 1542
f 885 1542 1541
f 885 1541 886
f 1387 1557 1544
f 1387 1544 1388
f 1557 1558 1545
f 1557 1545 1544
f 1388 1544 1543
f 1388 1543 1390
f 1559 1560 1546
f 1559 1546 1561
f 1560 1551 1537
f 1560 1537 1546
f 1561 1546 1545
f 1561 1545 1558
f 1562 1563 1564
f 1562 1564 1565
f 1566 1567 1564
f 1566 1564 1563
f 1568 1569 1564
f 1568 1564 1567
f 1570 1571 1564
f 1570 1564 1569
f 1572 1573 1564
f 1572 1564 1571
f 1574 1565 1564
f 1574 1564 1573
f 1449 1451 1562
f 1449 1562 1575
f 1451 1448 1563
f 1451 1563 1562
f 1575 1562 1565
f 1575 1565 1576
f 1012 1031 1566
f 1012 1566 1447
f 1031 1030 1567
f 1031 1567 1566
f 1447 1566 1563
f 1447 1563 1448
f 1028 1577 1568
f 1028 1568 1029
f 1577 1578 1569
f 1577 1569 1568
f 1029 1568 1567
f 1029 1567 1030
f 1579 1580 1570
f 1579 1570 1581
f 1580 1582 1571
f 1580 1571 1570
f 1581 1570 1569
f 1581 1569 1578
f 1583 1584 1572
f 1583 1572 1585
f 1584 1586 1573
f 1584 1573 1572
f 1585 1572 1571
f 1585 1571 1582
f 1587 1588 1574
f 1587 1574 1589
f 1588 1576 1565
f 1588 1565 1574
f 1589 1574 1573
f 1589 1573 1586
f 1590 1591 1592
f 1590 1592 1593
f 1594 1595 1592
f 1594 1592 1591
f 1596 1597 1592
f 1596 1592 1595
f 1598 1599 1592
f 1598 1592 1597
f 1600 1601 1592
f 1600 1592 1599
f 1602 1603 1592
f 1602 1592 1601
f 1604 1593 1592
f 1604 1592 1603
f 1579 1581 1590
f 1579 1590 1605
f 1581 1578 1591
f 1581 1591 1590
f 1605 1590 1593
f 1605 1593 1606
f 1028 1047 1594
f 1028 1594 1577
f 1047 1046 1595
f 1047 1595 1594
f 1577 1594 1591
f 1577 1591 1578
f 1044 1496 1596
f 1044 1596 1045
f 1496 1494 1597
f 1496 1597 1596
f 1045 1596 1595
f 1045 1595 1046
f 1491 1607 1598
f 1491 1598 1492
f 1607 1608 1599
f 1607 1599 1598
f 1492 1598 1597
f 1492 1597 1494
f 1609 1610 1600
f 1609 1600 1611
f 1610 1612 1601
f 1610 1601 1600
f 1611 1600 1599
f 1611 1599 1608
f 1613 1614 1602
f 1613 1602 1615
f 1614 1616 1603
f 1614 1603 1602
f 1615 1602 1601
f 1615 1601 1612
f 1617 1618 1604
f 1617 1604 1619
f 1618 1606 1593
f 1618 1593 1604
f 1619 1604 1603
f 1619 1603 1616
f 1620 1621 1622
f 1620 1622 1623
f 1624 1625 1622
f 1624 1622 1621
f 1626 1627 1622
f 1626 1622 1625
f 1628 1629 1622
f 1628 1622 1627
f 1630 1631 1622
f 1630 1622 1629
f 1632 1623 1622
f 1632 1622 1631
f 816 839 1620
f 816 1620 1519
f 839 838 1621
f 839 1621 1620
f 1519 1620 1623
f 1519 1623 1520
f 836 1633 1624
f 836 1624 837
f 1633 1634 1625
f 1633 1625 1624
f 837 1624 1621
f 837 1621 838
f 1635 1636 1626
f 1635 1626 1637
f 1636 1638 1627
f 1636 1627 1626
f 1637 1626 1625
f 1637 1625 1634
f 1639 1640 1628
f 1639 1628 1641
f 1640 1642 1629
f 1640 1629 1628
f 1641 1628 1627
f 1641 1627 1638
f 1643 1644 1630
f 1643 1630 1645
f 1644 1646 1631
f 1644 1631 1630
f 1645 1630 1629
f 1645 1629 1642
f 1521 1523 1632
f 1521 1632 1647
f 1523 1520 1623
f 1523 1623 1632
f 1647 1632 1631
f 1647 1631 1646
f 1648 1649 1650
f 1648 1650 1651
f 1652 1653 1650
f 1652 1650 1649
f 1654 1655 1650
f 1654 1650 1653
f 1656 1657 1650
f 1656 1650 1655
f 1658 1651 1650
f 1658 1650 1657
f 1659 1660 1648
f 1659 1648 1661
f 1660 1662 1649
f 1660 1649 1648
f 1661 1648 1651
f 1661 1651 1663
f 852 871 1652
f 852 1652 1664
f 871 870 1653
f 871 1653 1652
f 1664 1652 1649
f 1664 1649 1662
f 868 1556 1654
f 868 1654 869
f 1556 1555 1655
f 1556 1655 1654
f 869 1654 1653
f 869 1653 870
f 1552 1665 1656
f 1552 1656 1553
f 1665 1666 1657
f 1665 1657 1656
f 1553 1656 1655
f 1553 1655 1555
f 1667 1668 1658
f 1667 1658 1669
f 1668 1663 1651
f 1668 1651 1658
f 1669 1658 1657
f 1669 1657 1666
f 1670 1671 1672
f 1670 1672 1673
f 1674 1675 1672
f 1674 1672 1671
f 1676 1677 1672
f 1676 1672 1675
f 1678 1679 1672
f 1678 1672 1677
f 1680 1681 1672
f 1680 1672 1679
f 1682 1683 1672
f 1682 1672 1681
f 1684 1673 1672
f 1684 1672 1683
f 1685 1686 1670
f 1685 1670 1687
f 1686 1688 1671
f 1686 1671 1670
f 1687 1670 1673
f 1687 1673 1689
f 1635 1637 1674
f 1635 1674 1690
f 1637 1634 1675
f 1637 1675 1674
f 1690 1674 1671
f 1690 1671 1688
f 836 855 1676
f 836 1676 1633
f 855 854 1677
f 855 1677 1676
f 1633 1676 1675
f 1633 1675 1634
f 852 1664 1678
f 852 1678 853
f 1664 1662 1679
f 1664 1679 1678
f 853 1678 1677
f 853 1677 854
f 1659 1691 1680
f 1659 1680 1660
f 1691 1692 1681
f 1691 1681 1680
f 1660 1680 1679
f 1660 1679 1662
f 1693 1694 1682
f 1693 1682 1695
f 1694 1696 1683
f 1694 1683 1682
f 1695 1682 1681
f 1695 1681 1692
f 1697 1698 1684
f 1697 1684 1699
f 1698 1689 1673
f 1698 1673 1684
f 1699 1684 1683
f 1699 1683 1696
f 1700 1701 1702
f 1700 1702 1703
f 1701 1704 1705
f 1701 1705 1702
f 1703 1702 1706
f 1703 1706 1707
f 1702 1705 1708
f 1702 1708 1706
f 1709 1710 1700
f 1709 1700 1711
f 1710 1712 1701
f 1710 1701 1700
f 1712 1713 1704
f 1712 1704 1701
f 1713 1714 1715
f 1713 1715 1704
f 1704 1715 1716
f 1704 1716 1705
f 1705 1716 1717
f 1705 1717 1708
f 1708 1717 1697
f 1708 1697 1699
f 1706 1708 1699
f 1706 1699 1696
f 1707 1706 1696
f 1707 1696 1694
f 1718 1707 1694
f 1718 1694 1693
f 1719 1703 1707
f 1719 1707 1718
f 1711 1700 1703
f 1711 1703 1719
f 1720 1721 1722
f 1720 1722 1723
f 1721 1724 1725
f 1721 1725 1722
f 1723 1722 1726
f 1723 1726 1727
f 1722 1725 1728
f 1722 1728 1726
f 1714 1713 1720
f 1714 1720 1729
f 1713 1712 1721
f 1713 1721 1720
f 1712 1710 1724
f 1712 1724 1721
f 1710 1709 1730
f 1710 1730 1724
f 1724 1730 1731
f 1724 1731 1725
f 1725 1731 1732
f 1725 1732 1728
f 1728 1732 1733
f 1728 1733 1734
f 1726 1728 1734
f 1726 1734 1735
f 1727 1726 1735
f 1727 1735 1736
f 1737 1727 1736
f 1737 1736 1738
f 1739 1723 1727
f 1739 1727 1737
f 1729 1720 1723
f 1729 1723 1739
f 1740 1741 1742
f 1740 1742 1743
f 1744 1745 1742
f 1744 1742 1741
f 1746 1747 1742
f 1746 1742 1745
f 1748 1749 1742
f 1748 1742 1747
f 1750 1743 1742
f 1750 1742 1749
f 1751 1752 1740
f 1751 1740 1753
f 1752 1754 1741
f 1752 1741 1740
f 1753 1740 1743
f 1753 1743 1755
f 1709 1711 1744
f 1709 1744 1756
f 1711 1719 1745
f 1711 1745 1744
f 1756 1744 1741
f 1756 1741 1754
f 1693 1695 1746
f 1693 1746 1718
f 1695 1692 1747
f 1695 1747 1746
f 1718 1746 1745
f 1718 1745 1719
f 1659 1661 1748
f 1659 1748 1691
f 1661 1663 1749
f 1661 1749 1748
f 1691 1748 1747
f 1691 1747 1692
f 1667 1757 1750
f 1667 1750 1668
f 1757 1755 1743
f 1757 1743 1750
f 1668 1750 1749
f 1668 1749 1663
f 1758 1759 1760
f 1758 1760 1761
f 1759 1762 1763
f 1759 1763 1760
f 1761 1760 1764
f 1761 1764 1765
f 1760 1763 1766
f 1760 1766 1764
f 1709 1756 1758
f 1709 1758 1730
f 1756 1754 1759
f 1756 1759 1758
f 1754 1752 1762
f 1754 1762 1759
f 1752 1751 1767
f 1752 1767 1762
f 1762 1767 1768
f 1762 1768 1763
f 1763 1768 1769
f 1763 1769 1766
f 1766 1769 1770
f 1766 1770 1771
f 1764 1766 1771
f 1764 1771 1772
f 1765 1764 1772
f 1765 1772 1773
f 1732 1765 1773
f 1732 1773 1733
f 1731 1761 1765
f 1731 1765 1732
f 1730 1758 1761
f 1730 1761 1731
f 1774 1775 1776
f 1774 1776 1777
f 1775 1778 1779
f 1775 1779 1776
f 1777 1776 1780
f 1777 1780 1781
f 1776 1779 1782
f 1776 1782 1780
f 1714 1783 1774
f 1714 1774 1715
f 1783 1784 1775
f 1783 1775 1774
f 1784 1785 1778
f 1784 1778 1775
f 1785 1786 1787
f 1785 1787 1778
f 1778 1787 1788
f 1778 1788 1779
f 1779 1788 1789
f 1779 1789 1782
f 1782 1789 1685
f 1782 1685 1687
f 1780 1782 1687
f 1780 1687 1689
f 1781 1780 1689
f 1781 1689 1698
f 1717 1781 1698
f 1717 1698 1697
f 1716 1777 1781
f 1716 1781 1717
f 1715 1774 1777
f 1715 1777 1716
f 1790 1791 1792
f 1790 1792 1793
f 1791 1794 1795
f 1791 1795 1792
f 1793 1792 1796
f 1793 1796 1797
f 1792 1795 1798
f 1792 1798 1796
f 1786 1785 1790
f 1786 1790 1799
f 1785 1784 1791
f 1785 1791 1790
f 1784 1783 1794
f 1784 1794 1791
f 1783 1714 1729
f 1783 1729 1794
f 1794 1729 1739
f 1794 1739 1795
f 1795 1739 1737
f 1795 1737 1798
f 1798 1737 1738
f 1798 1738 1800
f 1796 1798 1800
f 1796 1800 1801
f 1797 1796 1801
f 1797 1801 1802
f 1803 1797 1802
f 1803 1802 1804
f 1805 1793 1797
f 1805 1797 1803
f 1799 1790 1793
f 1799 1793 1805
f 1806 1807 1808
f 1806 1808 1809
f 1807 1810 1811
f 1807 1811 1808
f 1809 1808 1812
f 1809 1812 1813
f 1808 1811 1814
f 1808 1814 1812
f 1804 1802 1806
f 1804 1806 1815
f 1802 1801 1807
f 1802 1807 1806
f 1801 1800 1810
f 1801 1810 1807
f 1800 1738 1816
f 1800 1816 1810
f 1810 1816 1817
f 1810 1817 1811
f 1811 1817 1818
f 1811 1818 1814
f 1814 1818 1819
f 1814 1819 1820
f 1812 1814 1820
f 1812 1820 1821
f 1813 1812 1821
f 1813 1821 1822
f 1823 1813 1822
f 1823 1822 1824
f 1825 1809 1813
f 1825 1813 1823
f 1815 1806 1809
f 1815 1809 1825
f 1826 1827 1828
f 1826 1828 1829
f 1827 1830 1831
f 1827 1831 1828
f 1829 1828 1832
f 1829 1832 1833
f 1828 1831 1834
f 1828 1834 1832
f 1738 1736 1826
f 1738 1826 1816
f 1736 1735 1827
f 1736 1827 1826
f 1735 1734 1830
f 1735 1830 1827
f 1734 1733 1835
f 1734 1835 1830
f 1830 1835 1836
f 1830 1836 1831
f 1831 1836 1837
f 1831 1837 1834
f 1834 1837 1838
f 1834 1838 1839
f 1832 1834 1839
f 1832 1839 1840
f 1833 1832 1840
f 1833 1840 1841
f 1818 1833 1841
f 1818 1841 1819
f 1817 1829 1833
f 1817 1833 1818
f 1816 1826 1829
f 1816 1829 1817
f 1842 1843 1844
f 1842 1844 1845
f 1843 1846 1847
f 1843 1847 1844
f 1845 1844 1848
f 1845 1848 1849
f 1844 1847 1850
f 1844 1850 1848
f 1733 1773 1842
f 1733 1842 1835
f 1773 1772 1843
f 1773 1843 1842
f 1772 1771 1846
f 1772 1846 1843
f 1771 1770 1851
f 1771 1851 1846
f 1846 1851 1852
f 1846 1852 1847
f 1847 1852 1853
f 1847 1853 1850
f 1850 1853 1854
f 1850 1854 1855
f 1848 1850 1855
f 1848 1855 1856
f 1849 1848 1856
f 1849 1856 1857
f 1837 1849 1857
f 1837 1857 1838
f 1836 1845 1849
f 1836 1849 1837
f 1835 1842 1845
f 1835 1845 1836
f 1858 1859 1860
f 1858 1860 1861
f 1859 1862 1863
f 1859 1863 1860
f 1861 1860 1864
f 1861 1864 1865
f 1860 1863 1866
f 1860 1866 1864
f 1770 1867 1858
f 1770 1858 1851
f 1867 1868 1859
f 1867 1859 1858
f 1868 1869 1862
f 1868 1862 1859
f 1869 1870 1871
f 1869 1871 1862
f 1862 1871 1872
f 1862 1872 1863
f 1863 1872 1873
f 1863 1873 1866
f 1866 1873 1874
f 1866 1874 1875
f 1864 1866 1875
f 1864 1875 1876
f 1865 1864 1876
f 1865 1876 1877
f 1853 1865 1877
f 1853 1877 1854
f 1852 1861 1865
f 1852 1865 1853
f 1851 1858 1861
f 1851 1861 1852
f 1878 1879 1880
f 1878 1880 1881
f 1879 1882 1883
f 1879 1883 1880
f 1881 1880 1884
f 1881 1884 1885
f 1880 1883 1886
f 1880 1886 1884
f 1751 1887 1878
f 1751 1878 1767
f 1887 1888 1879
f 1887 1879 1878
f 1888 1889 1882
f 1888 1882 1879
f 1889 1890 1891
f 1889 1891 1882
f 1882 1891 1892
f 1882 1892 1883
f 1883 1892 1893
f 1883 1893 1886
f 1886 1893 1870
f 1886 1870 1869
f 1884 1886 1869
f 1884 1869 1868
f 1885 1884 1868
f 1885 1868 1867
f 1769 1885 1867
f 1769 1867 1770
f 1768 1881 1885
f 1768 1885 1769
f 1767 1878 1881
f 1767 1881 1768
f 1894 1895 1896
f 1894 1896 1897
f 1898 1899 1896
f 1898 1896 1895
f 1900 1901 1896
f 1900 1896 1899
f 1902 1903 1896
f 1902 1896 1901
f 1904 1897 1896
f 1904 1896 1903
f 1552 1554 1894
f 1552 1894 1665
f 1554 1550 1895
f 1554 1895 1894
f 1665 1894 1897
f 1665 1897 1666
f 1547 1905 1898
f 1547 1898 1548
f 1905 1906 1899
f 1905 1899 1898
f 1548 1898 1895
f 1548 1895 1550
f 1890 1889 1900
f 1890 1900 1907
f 1889 1888 1901
f 1889 1901 1900
f 1907 1900 1899
f 1907 1899 1906
f 1751 1753 1902
f 1751 1902 1887
f 1753 1755 1903
f 1753 1903 1902
f 1887 1902 1901
f 1887 1901 1888
f 1667 1669 1904
f 1667 1904 1757
f 1669 1666 1897
f 1669 1897 1904
f 1757 1904 1903
f 1757 1903 1755
f 1908 1909 1910
f 1908 1910 1911
f 1912 1913 1910
f 1912 1910 1909
f 1914 1915 1910
f 1914 1910 1913
f 1916 1917 1910
f 1916 1910 1915
f 1918 1911 1910
f 1918 1910 1917
f 1387 1389 1908
f 1387 1908 1557
f 1389 1391 1909
f 1389 1909 1908
f 1557 1908 1911
f 1557 1911 1558
f 1399 1919 1912
f 1399 1912 1400
f 1919 1920 1913
f 1919 1913 1912
f 1400 1912 1909
f 1400 1909 1391
f 1921 1922 1914
f 1921 1914 1923
f 1922 1924 1915
f 1922 1915 1914
f 1923 1914 1913
f 1923 1913 1920
f 1925 1926 1916
f 1925 1916 1927
f 1926 1928 1917
f 1926 1917 1916
f 1927 1916 1915
f 1927 1915 1924
f 1559 1561 1918
f 1559 1918 1929
f 1561 1558 1911
f 1561 1911 1918
f 1929 1918 1917
f 1929 1917 1928
f 1930 1931 1932
f 1930 1932 1933
f 1931 1934 1935
f 1931 1935 1932
f 1933 1932 1936
f 1933 1936 1937
f 1932 1935 1938
f 1932 1938 1936
f 1925 1927 1930
f 1925 1930 1939
f 1927 1924 1931
f 1927 1931 1930
f 1924 1922 1934
f 1924 1934 1931
f 1922 1921 1940
f 1922 1940 1934
f 1934 1940 1941
f 1934 1941 1935
f 1935 1941 1942
f 1935 1942 1938
f 1938 1942 1943
f 1938 1943 1944
f 1936 1938 1944
f 1936 1944 1945
f 1937 1936 1945
f 1937 1945 1946
f 1947 1937 1946
f 1947 1946 1948
f 1949 1933 1937
f 1949 1937 1947
f 1939 1930 1933
f 1939 1933 1949
f 1950 1951 1952
f 1950 1952 1953
f 1951 1954 1955
f 1951 1955 1952
f 1953 1952 1956
f 1953 1956 1957
f 1952 1955 1958
f 1952 1958 1956
f 1959 1960 1950
f 1959 1950 1961
f 1960 1962 1951
f 1960 1951 1950
f 1962 1963 1954
f 1962 1954 1951
f 1963 1921 1923
f 1963 1923 1954
f 1954 1923 1920
f 1954 1920 1955
f 1955 1920 1919
f 1955 1919 1958
f 1958 1919 1399
f 1958 1399 1401
f 1956 1958 1401
f 1956 1401 1398
f 1957 1956 1398
f 1957 1398 1396
f 1964 1957 1396
f 1964 1396 1395
f 1965 1953 1957
f 1965 1957 1964
f 1961 1950 1953
f 1961 1953 1965
f 1966 1967 1968
f 1966 1968 1969
f 1967 1970 1971
f 1967 1971 1968
f 1969 1968 1972
f 1969 1972 1973
f 1968 1971 1974
f 1968 1974 1972
f 1921 1963 1966
f 1921 1966 1940
f 1963 1962 1967
f 1963 1967 1966
f 1962 1960 1970
f 1962 1970 1967
f 1960 1959 1975
f 1960 1975 1970
f 1970 1975 1976
f 1970 1976 1971
f 1971 1976 1977
f 1971 1977 1974
f 1974 1977 1978
f 1974 1978 1979
f 1972 1974 1979
f 1972 1979 1980
f 1973 1972 1980
f 1973 1980 1981
f 1942 1973 1981
f 1942 1981 1943
f 1941 1969 1973
f 1941 1973 1942
f 1940 1966 1969
f 1940 1969 1941
f 1982 1983 1984
f 1982 1984 1985
f 1983 1986 1987
f 1983 1987 1984
f 1985 1984 1988
f 1985 1988 1989
f 1984 1987 1990
f 1984 1990 1988
f 1925 1991 1982
f 1925 1982 1926
f 1991 1992 1983
f 1991 1983 1982
f 1992 1993 1986
f 1992 1986 1983
f 1993 1890 1907
f 1993 1907 1986
f 1986 1907 1906
f 1986 1906 1987
f 1987 1906 1905
f 1987 1905 1990
f 1990 1905 1547
f 1990 1547 1549
f 1988 1990 1549
f 1988 1549 1551
f 1989 1988 1551
f 1989 1551 1560
f 1929 1989 1560
f 1929 1560 1559
f 1928 1985 1989
f 1928 1989 1929
f 1926 1982 1985
f 1926 1985 1928
f 1994 1995 1996
f 1994 1996 1997
f 1995 1998 1999
f 1995 1999 1996
f 1997 1996 2000
f 1997 2000 2001
f 1996 1999 2002
f 1996 2002 2000
f 1890 1993 1994
f 1890 1994 1891
f 1993 1992 1995
f 1993 1995 1994
f 1992 1991 1998
f 1992 1998 1995
f 1991 1925 1939
f 1991 1939 1998
f 1998 1939 1949
f 1998 1949 1999
f 1999 1949 1947
f 1999 1947 2002
f 2002 1947 1948
f 2002 1948 2003
f 2000 2002 2003
f 2000 2003 2004
f 2001 2000 2004
f 2001 2004 2005
f 1893 2001 2005
f 1893 2005 1870
f 1892 1997 2001
f 1892 2001 1893
f 1891 1994 1997
f 1891 1997 1892
f 2006 2007 2008
f 2006 2008 2009
f 2007 2010 2011
f 2007 2011 2008
f 2009 2008 2012
f 2009 2012 2013
f 2008 2011 2014
f 2008 2014 2012
f 1870 2005 2006
f 1870 2006 1871
f 2005 2004 2007
f 2005 2007 2006
f 2004 2003 2010
f 2004 2010 2007
f 2003 1948 2015
f 2003 2015 2010
f 2010 2015 2016
f 2010 2016 2011
f 2011 2016 2017
f 2011 2017 2014
f 2014 2017 2018
f 2014 2018 2019
f 2012 2014 2019
f 2012 2019 2020
f 2013 2012 2020
f 2013 2020 2021
f 1873 2013 2021
f 1873 2021 1874
f 1872 2009 2013
f 1872 2013 1873
f 1871 2006 2009
f 1871 2009 1872
f 2022 2023 2024
f 2022 2024 2025
f 2023 2026 2027
f 2023 2027 2024
f 2025 2024 2028
f 2025 2028 2029
f 2024 2027 2030
f 2024 2030 2028
f 1948 1946 2022
f 1948 2022 2015
f 1946 1945 2023
f 1946 2023 2022
f 1945 1944 2026
f 1945 2026 2023
f 1944 1943 2031
f 1944 2031 2026
f 2026 2031 2032
f 2026 2032 2027
f 2027 2032 2033
f 2027 2033 2030
f 2030 2033 2034
f 2030 2034 2035
f 2028 2030 2035
f 2028 2035 2036
f 2029 2028 2036
f 2029 2036 2037
f 2017 2029 2037
f 2017 2037 2018
f 2016 2025 2029
f 2016 2029 2017
f 2015 2022 2025
f 2015 2025 2016
f 2038 2039 2040
f 2038 2040 2041
f 2039 2042 2043
f 2039 2043 2040
f 2041 2040 2044
f 2041 2044 2045
f 2040 2043 2046
f 2040 2046 2044
f 1943 1981 2038
f 1943 2038 2031
f 1981 1980 2039
f 1981 2039 2038
f 1980 1979 2042
f 1980 2042 2039
f 1979 1978 2047
f 1979 2047 2042
f 2042 2047 2048
f 2042 2048 2043
f 2043 2048 2049
f 2043 2049 2046
f 2046 2049 2050
f 2046 2050 2051
f 2044 2046 2051
f 2044 2051 2052
f 2045 2044 2052
f 2045 2052 2053
f 2033 2045 2053
f 2033 2053 2034
f 2032 2041 2045
f 2032 2045 2033
f 2031 2038 2041
f 2031 2041 2032
f 2054 2055 2056
f 2054 2056 2057
f 2055 2058 2059
f 2055 2059 2056
f 2057 2056 2060
f 2057 2060 2061
f 2056 2059 2062
f 2056 2062 2060
f 1978 2063 2054
f 1978 2054 2047
f 2063 2064 2055
f 2063 2055 2054
f 2064 2065 2058
f 2064 2058 2055
f 2065 2066 2067
f 2065 2067 2058
f 2058 2067 2068
f 2058 2068 2059
f 2059 2068 2069
f 2059 2069 2062
f 2062 2069 2070
f 2062 2070 2071
f 2060 2062 2071
f 2060 2071 2072
f 2061 2060 2072
f 2061 2072 2073
f 2049 2061 2073
f 2049 2073 2050
f 2048 2057 2061
f 2048 2061 2049
f 2047 2054 2057
f 2047 2057 2048
f 2074 2075 2076
f 2074 2076 2077
f 2075 2078 2079
f 2075 2079 2076
f 2077 2076 2080
f 2077 2080 2081
f 2076 2079 2082
f 2076 2082 2080
f 1959 2083 2074
f 1959 2074 1975
f 2083 2084 2075
f 2083 2075 2074
f 2084 2085 2078
f 2084 2078 2075
f 2085 2086 2087
f 2085 2087 2078
f 2078 2087 2088
f 2078 2088 2079
f 2079 2088 2089
f 2079 2089 2082
f 2082 2089 2066
f 2082 2066 2065
f 2080 2082 2065
f 2080 2065 2064
f 2081 2080 2064
f 2081 2064 2063
f 1977 2081 2063
f 1977 2063 1978
f 1976 2077 2081
f 1976 2081 1977
f 1975 2074 2077
f 1975 2077 1976
f 2090 2091 2092
f 2090 2092 2093
f 2094 2095 2092
f 2094 2092 2091
f 2096 2097 2092
f 2096 2092 2095
f 2098 2099 2092
f 2098 2092 2097
f 2100 2093 2092
f 2100 2092 2099
f 1313 2101 2090
f 1313 2090 1314
f 2101 2102 2091
f 2101 2091 2090
f 1314 2090 2093
f 1314 2093 1297
f 2086 2085 2094
f 2086 2094 2103
f 2085 2084 2095
f 2085 2095 2094
f 2103 2094 2091
f 2103 2091 2102
f 1959 1961 2096
f 1959 2096 2083
f 1961 1965 2097
f 1961 2097 2096
f 2083 2096 2095
f 2083 2095 2084
f 1395 1397 2098
f 1395 2098 1964
f 1397 1394 2099
f 1397 2099 2098
f 1964 2098 2097
f 1964 2097 1965
f 1293 1295 2100
f 1293 2100 1393
f 1295 1297 2093
f 1295 2093 2100
f 1393 2100 2099
f 1393 2099 1394
f 2104 2105 2106
f 2104 2106 2107
f 2105 2108 2109
f 2105 2109 2106
f 2107 2106 2110
f 2107 2110 2111
f 2106 2109 2112
f 2106 2112 2110
f 2113 2114 2104
f 2113 2104 2115
f 2114 2116 2105
f 2114 2105 2104
f 2116 2117 2108
f 2116 2108 2105
f 2117 2118 2119
f 2117 2119 2108
f 2108 2119 2120
f 2108 2120 2109
f 2109 2120 2121
f 2109 2121 2112
f 2112 2121 2122
f 2112 2122 2123
f 2110 2112 2123
f 2110 2123 2124
f 2111 2110 2124
f 2111 2124 2125
f 2126 2111 2125
f 2126 2125 2127
f 2128 2107 2111
f 2128 2111 2126
f 2115 2104 2107
f 2115 2107 2128
f 2129 2130 2131
f 2129 2131 2132
f 2130 2133 2134
f 2130 2134 2131
f 2132 2131 2135
f 2132 2135 2136
f 2131 2134 2137
f 2131 2137 2135
f 2127 2125 2129
f 2127 2129 2138
f 2125 2124 2130
f 2125 2130 2129
f 2124 2123 2133
f 2124 2133 2130
f 2123 2122 2139
f 2123 2139 2133
f 2133 2139 2140
f 2133 2140 2134
f 2134 2140 2141
f 2134 2141 2137
f 2137 2141 2142
f 2137 2142 2143
f 2135 2137 2143
f 2135 2143 2144
f 2136 2135 2144
f 2136 2144 2145
f 2146 2136 2145
f 2146 2145 2147
f 2148 2132 2136
f 2148 2136 2146
f 2138 2129 2132
f 2138 2132 2148
f 2149 2150 2151
f 2149 2151 2152
f 2150 2153 2154
f 2150 2154 2151
f 2152 2151 2155
f 2152 2155 2156
f 2151 2154 2157
f 2151 2157 2155
f 2118 2158 2149
f 2118 2149 2119
f 2158 2159 2150
f 2158 2150 2149
f 2159 2160 2153
f 2159 2153 2150
f 2160 2161 2162
f 2160 2162 2153
f 2153 2162 2163
f 2153 2163 2154
f 2154 2163 2164
f 2154 2164 2157
f 2157 2164 2165
f 2157 2165 2166
f 2155 2157 2166
f 2155 2166 2167
f 2156 2155 2167
f 2156 2167 2168
f 2121 2156 2168
f 2121 2168 2122
f 2120 2152 2156
f 2120 2156 2121
f 2119 2149 2152
f 2119 2152 2120
f 2169 2170 2171
f 2169 2171 2172
f 2170 2173 2174
f 2170 2174 2171
f 2172 2171 2175
f 2172 2175 2176
f 2171 2174 2177
f 2171 2177 2175
f 2122 2168 2169
f 2122 2169 2139
f 2168 2167 2170
f 2168 2170 2169
f 2167 2166 2173
f 2167 2173 2170
f 2166 2165 2178
f 2166 2178 2173
f 2173 2178 2179
f 2173 2179 2174
f 2174 2179 2180
f 2174 2180 2177
f 2177 2180 2181
f 2177 2181 2182
f 2175 2177 2182
f 2175 2182 2183
f 2176 2175 2183
f 2176 2183 2184
f 2141 2176 2184
f 2141 2184 2142
f 2140 2172 2176
f 2140 2176 2141
f 2139 2169 2172
f 2139 2172 2140
f 2185 2186 2187
f 2185 2187 2188
f 2186 2189 2190
f 2186 2190 2187
f 2188 2187 2191
f 2188 2191 2192
f 2187 2190 2193
f 2187 2193 2191
f 1824 1822 2185
f 1824 2185 2194
f 1822 1821 2186
f 1822 2186 2185
f 1821 1820 2189
f 1821 2189 2186
f 1820 1819 2195
f 1820 2195 2189
f 2189 2195 2196
f 2189 2196 2190
f 2190 2196 2197
f 2190 2197 2193
f 2193 2197 2113
f 2193 2113 2198
f 2191 2193 2198
f 2191 2198 2199
f 2192 2191 2199
f 2192 2199 2200
f 2201 2192 2200
f 2201 2200 2202
f 2203 2188 2192
f 2203 2192 2201
f 2194 2185 2188
f 2194 2188 2203
f 2204 2205 2206
f 2204 2206 2207
f 2205 2208 2209
f 2205 2209 2206
f 2207 2206 2210
f 2207 2210 2211
f 2206 2209 2212
f 2206 2212 2210
f 2202 2200 2204
f 2202 2204 2213
f 2200 2199 2205
f 2200 2205 2204
f 2199 2198 2208
f 2199 2208 2205
f 2198 2113 2115
f 2198 2115 2208
f 2208 2115 2128
f 2208 2128 2209
f 2209 2128 2126
f 2209 2126 2212
f 2212 2126 2127
f 2212 2127 2214
f 2210 2212 2214
f 2210 2214 2215
f 2211 2210 2215
f 2211 2215 2216
f 2217 2211 2216
f 2217 2216 2218
f 2219 2207 2211
f 2219 2211 2217
f 2213 2204 2207
f 2213 2207 2219
f 2220 2221 2222
f 2220 2222 2223
f 2221 2224 2225
f 2221 2225 2222
f 2223 2222 2226
f 2223 2226 2227
f 2222 2225 2228
f 2222 2228 2226
f 2218 2216 2220
f 2218 2220 2229
f 2216 2215 2221
f 2216 2221 2220
f 2215 2214 2224
f 2215 2224 2221
f 2214 2127 2138
f 2214 2138 2224
f 2224 2138 2148
f 2224 2148 2225
f 2225 2148 2146
f 2225 2146 2228
f 2228 2146 2147
f 2228 2147 2230
f 2226 2228 2230
f 2226 2230 2231
f 2227 2226 2231
f 2227 2231 2232
f 2233 2227 2232
f 2233 2232 2234
f 2235 2223 2227
f 2235 2227 2233
f 2229 2220 2223
f 2229 2223 2235
f 2236 2237 2238
f 2236 2238 2239
f 2237 2240 2241
f 2237 2241 2238
f 2239 2238 2242
f 2239 2242 2243
f 2238 2241 2244
f 2238 2244 2242
f 2234 2232 2236
f 2234 2236 2245
f 2232 2231 2237
f 2232 2237 2236
f 2231 2230 2240
f 2231 2240 2237
f 2230 2147 2246
f 2230 2246 2240
f 2240 2246 2247
f 2240 2247 2241
f 2241 2247 2248
f 2241 2248 2244
f 2244 2248 2249
f 2244 2249 2250
f 2242 2244 2250
f 2242 2250 2251
f 2243 2242 2251
f 2243 2251 2252
f 2253 2243 2252
f 2253 2252 2254
f 2255 2239 2243
f 2255 2243 2253
f 2245 2236 2239
f 2245 2239 2255
f 2256 2257 2258
f 2256 2258 2259
f 2257 2260 2261
f 2257 2261 2258
f 2259 2258 2262
f 2259 2262 2263
f 2258 2261 2264
f 2258 2264 2262
f 2147 2145 2256
f 2147 2256 2246
f 2145 2144 2257
f 2145 2257 2256
f 2144 2143 2260
f 2144 2260 2257
f 2143 2142 2265
f 2143 2265 2260
f 2260 2265 2266
f 2260 2266 2261
f 2261 2266 2267
f 2261 2267 2264
f 2264 2267 2268
f 2264 2268 2269
f 2262 2264 2269
f 2262 2269 2270
f 2263 2262 2270
f 2263 2270 2271
f 2248 2263 2271
f 2248 2271 2249
f 2247 2259 2263
f 2247 2263 2248
f 2246 2256 2259
f 2246 2259 2247
f 2272 2273 2274
f 2272 2274 2275
f 2273 2276 2277
f 2273 2277 2274
f 2275 2274 2278
f 2275 2278 2279
f 2274 2277 2280
f 2274 2280 2278
f 2142 2184 2272
f 2142 2272 2265
f 2184 2183 2273
f 2184 2273 2272
f 2183 2182 2276
f 2183 2276 2273
f 2182 2181 2281
f 2182 2281 2276
f 2276 2281 2282
f 2276 2282 2277
f 2277 2282 2283
f 2277 2283 2280
f 2280 2283 2284
f 2280 2284 2285
f 2278 2280 2285
f 2278 2285 2286
f 2279 2278 2286
f 2279 2286 2287
f 2267 2279 2287
f 2267 2287 2268
f 2266 2275 2279
f 2266 2279 2267
f 2265 2272 2275
f 2265 2275 2266
f 2288 2289 2290
f 2288 2290 2291
f 2289 2292 2293
f 2289 2293 2290
f 2291 2290 2294
f 2291 2294 2295
f 2290 2293 2296
f 2290 2296 2294
f 2181 2297 2288
f 2181 2288 2281
f 2297 2298 2289
f 2297 2289 2288
f 2298 2299 2292
f 2298 2292 2289
f 2299 2300 2301
f 2299 2301 2292
f 2292 2301 2302
f 2292 2302 2293
f 2293 2302 2303
f 2293 2303 2296
f 2296 2303 2304
f 2296 2304 2305
f 2294 2296 2305
f 2294 2305 2306
f 2295 2294 2306
f 2295 2306 2307
f 2283 2295 2307
f 2283 2307 2284
f 2282 2291 2295
f 2282 2295 2283
f 2281 2288 2291
f 2281 2291 2282
f 2308 2309 2310
f 2308 2310 2311
f 2309 2312 2313
f 2309 2313 2310
f 2311 2310 2314
f 2311 2314 2315
f 2310 2313 2316
f 2310 2316 2314
f 2165 2317 2308
f 2165 2308 2178
f 2317 2318 2309
f 2317 2309 2308
f 2318 2319 2312
f 2318 2312 2309
f 2319 2320 2321
f 2319 2321 2312
f 2312 2321 2322
f 2312 2322 2313
f 2313 2322 2323
f 2313 2323 2316
f 2316 2323 2300
f 2316 2300 2299
f 2314 2316 2299
f 2314 2299 2298
f 2315 2314 2298
f 2315 2298 2297
f 2180 2315 2297
f 2180 2297 2181
f 2179 2311 2315
f 2179 2315 2180
f 2178 2308 2311
f 2178 2311 2179
f 2324 2325 2326
f 2324 2326 2327
f 2325 2328 2329
f 2325 2329 2326
f 2327 2326 2330
f 2327 2330 2331
f 2326 2329 2332
f 2326 2332 2330
f 2161 2333 2324
f 2161 2324 2162
f 2333 2334 2325
f 2333 2325 2324
f 2334 2335 2328
f 2334 2328 2325
f 2335 2336 2337
f 2335 2337 2328
f 2328 2337 2338
f 2328 2338 2329
f 2329 2338 2339
f 2329 2339 2332
f 2332 2339 2320
f 2332 2320 2319
f 2330 2332 2319
f 2330 2319 2318
f 2331 2330 2318
f 2331 2318 2317
f 2164 2331 2317
f 2164 2317 2165
f 2163 2327 2331
f 2163 2331 2164
f 2162 2324 2327
f 2162 2327 2163
f 2340 2341 2342
f 2340 2342 2343
f 2341 2344 2345
f 2341 2345 2342
f 2343 2342 2346
f 2343 2346 2347
f 2342 2345 2348
f 2342 2348 2346
f 1854 1877 2340
f 1854 2340 2349
f 1877 1876 2341
f 1877 2341 2340
f 1876 1875 2344
f 1876 2344 2341
f 1875 1874 2350
f 1875 2350 2344
f 2344 2350 2351
f 2344 2351 2345
f 2345 2351 2352
f 2345 2352 2348
f 2348 2352 2336
f 2348 2336 2335
f 2346 2348 2335
f 2346 2335 2334
f 2347 2346 2334
f 2347 2334 2333
f 2353 2347 2333
f 2353 2333 2161
f 2354 2343 2347
f 2354 2347 2353
f 2349 2340 2343
f 2349 2343 2354
f 2355 2356 2357
f 2355 2357 2358
f 2356 2359 2360
f 2356 2360 2357
f 2358 2357 2361
f 2358 2361 2362
f 2357 2360 2363
f 2357 2363 2361
f 1838 1857 2355
f 1838 2355 2364
f 1857 1856 2356
f 1857 2356 2355
f 1856 1855 2359
f 1856 2359 2356
f 1855 1854 2349
f 1855 2349 2359
f 2359 2349 2354
f 2359 2354 2360
f 2360 2354 2353
f 2360 2353 2363
f 2363 2353 2161
f 2363 2161 2160
f 2361 2363 2160
f 2361 2160 2159
f 2362 2361 2159
f 2362 2159 2158
f 2365 2362 2158
f 2365 2158 2118
f 2366 2358 2362
f 2366 2362 2365
f 2364 2355 2358
f 2364 2358 2366
f 2367 2368 2369
f 2367 2369 2370
f 2368 2371 2372
f 2368 2372 2369
f 2370 2369 2373
f 2370 2373 2374
f 2369 2372 2375
f 2369 2375 2373
f 1819 1841 2367
f 1819 2367 2195
f 1841 1840 2368
f 1841 2368 2367
f 1840 1839 2371
f 1840 2371 2368
f 1839 1838 2364
f 1839 2364 2371
f 2371 2364 2366
f 2371 2366 2372
f 2372 2366 2365
f 2372 2365 2375
f 2375 2365 2118
f 2375 2118 2117
f 2373 2375 2117
f 2373 2117 2116
f 2374 2373 2116
f 2374 2116 2114
f 2197 2374 2114
f 2197 2114 2113
f 2196 2370 2374
f 2196 2374 2197
f 2195 2367 2370
f 2195 2370 2196
f 2376 2377 2378
f 2376 2378 2379
f 2377 2380 2381
f 2377 2381 2378
f 2379 2378 2382
f 2379 2382 2383
f 2378 2381 2384
f 2378 2384 2382
f 2385 2386 2376
f 2385 2376 2387
f 2386 2388 2377
f 2386 2377 2376
f 2388 2389 2380
f 2388 2380 2377
f 2389 2390 2391
f 2389 2391 2380
f 2380 2391 2392
f 2380 2392 2381
f 2381 2392 2393
f 2381 2393 2384
f 2384 2393 2394
f 2384 2394 2395
f 2382 2384 2395
f 2382 2395 2396
f 2383 2382 2396
f 2383 2396 2397
f 2398 2383 2397
f 2398 2397 2399
f 2400 2379 2383
f 2400 2383 2398
f 2387 2376 2379
f 2387 2379 2400
f 2401 2402 2403
f 2401 2403 2404
f 2402 2405 2406
f 2402 2406 2403
f 2404 2403 2407
f 2404 2407 2408
f 2403 2406 2409
f 2403 2409 2407
f 2399 2397 2401
f 2399 2401 2410
f 2397 2396 2402
f 2397 2402 2401
f 2396 2395 2405
f 2396 2405 2402
f 2395 2394 2411
f 2395 2411 2405
f 2405 2411 2412
f 2405 2412 2406
f 2406 2412 2413
f 2406 2413 2409
f 2409 2413 2414
f 2409 2414 2415
f 2407 2409 2415
f 2407 2415 2416
f 2408 2407 2416
f 2408 2416 2417
f 2418 2408 2417
f 2418 2417 2419
f 2420 2404 2408
f 2420 2408 2418
f 2410 2401 2404
f 2410 2404 2420
f 2421 2422 2423
f 2421 2423 2424
f 2422 2425 2426
f 2422 2426 2423
f 2424 2423 2427
f 2424 2427 2428
f 2423 2426 2429
f 2423 2429 2427
f 2390 2430 2421
f 2390 2421 2391
f 2430 2431 2422
f 2430 2422 2421
f 2431 2432 2425
f 2431 2425 2422
f 2432 2433 2434
f 2432 2434 2425
f 2425 2434 2435
f 2425 2435 2426
f 2426 2435 2436
f 2426 2436 2429
f 2429 2436 2437
f 2429 2437 2438
f 2427 2429 2438
f 2427 2438 2439
f 2428 2427 2439
f 2428 2439 2440
f 2393 2428 2440
f 2393 2440 2394
f 2392 2424 2428
f 2392 2428 2393
f 2391 2421 2424
f 2391 2424 2392
f 2441 2442 2443
f 2441 2443 2444
f 2442 2445 2446
f 2442 2446 2443
f 2444 2443 2447
f 2444 2447 2448
f 2443 2446 2449
f 2443 2449 2447
f 2394 2440 2441
f 2394 2441 2411
f 2440 2439 2442
f 2440 2442 2441
f 2439 2438 2445
f 2439 2445 2442
f 2438 2437 2450
f 2438 2450 2445
f 2445 2450 2451
f 2445 2451 2446
f 2446 2451 2452
f 2446 2452 2449
f 2449 2452 2453
f 2449 2453 2454
f 2447 2449 2454
f 2447 2454 2455
f 2448 2447 2455
f 2448 2455 2456
f 2413 2448 2456
f 2413 2456 2414
f 2412 2444 2448
f 2412 2448 2413
f 2411 2441 2444
f 2411 2444 2412
f 2457 2458 2459
f 2457 2459 2460
f 2458 2461 2462
f 2458 2462 2459
f 2460 2459 2463
f 2460 2463 2464
f 2459 2462 2465
f 2459 2465 2463
f 2254 2252 2457
f 2254 2457 2466
f 2252 2251 2458
f 2252 2458 2457
f 2251 2250 2461
f 2251 2461 2458
f 2250 2249 2467
f 2250 2467 2461
f 2461 2467 2468
f 2461 2468 2462
f 2462 2468 2469
f 2462 2469 2465
f 2465 2469 2385
f 2465 2385 2470
f 2463 2465 2470
f 2463 2470 2471
f 2464 2463 2471
f 2464 2471 2472
f 2473 2464 2472
f 2473 2472 2474
f 2475 2460 2464
f 2475 2464 2473
f 2466 2457 2460
f 2466 2460 2475
f 2476 2477 2478
f 2476 2478 2479
f 2477 2480 2481
f 2477 2481 2478
f 2479 2478 2482
f 2479 2482 2483
f 2478 2481 2484
f 2478 2484 2482
f 2474 2472 2476
f 2474 2476 2485
f 2472 2471 2477
f 2472 2477 2476
f 2471 2470 2480
f 2471 2480 2477
f 2470 2385 2387
f 2470 2387 2480
f 2480 2387 2400
f 2480 2400 2481
f 2481 2400 2398
f 2481 2398 2484
f 2484 2398 2399
f 2484 2399 2486
f 2482 2484 2486
f 2482 2486 2487
f 2483 2482 2487
f 2483 2487 2488
f 2489 2483 2488
f 2489 2488 2490
f 2491 2479 2483
f 2491 2483 2489
f 2485 2476 2479
f 2485 2479 2491
f 2492 2493 2494
f 2492 2494 2495
f 2493 2496 2497
f 2493 2497 2494
f 2495 2494 2498
f 2495 2498 2499
f 2494 2497 2500
f 2494 2500 2498
f 2490 2488 2492
f 2490 2492 2501
f 2488 2487 2493
f 2488 2493 2492
f 2487 2486 2496
f 2487 2496 2493
f 2486 2399 2410
f 2486 2410 2496
f 2496 2410 2420
f 2496 2420 2497
f 2497 2420 2418
f 2497 2418 2500
f 2500 2418 2419
f 2500 2419 2502
f 2498 2500 2502
f 2498 2502 2503
f 2499 2498 2503
f 2499 2503 2504
f 2505 2499 2504
f 2505 2504 2506
f 2507 2495 2499
f 2507 2499 2505
f 2501 2492 2495
f 2501 2495 2507
f 2508 2509 2510
f 2508 2510 2511
f 2509 2512 2513
f 2509 2513 2510
f 2511 2510 2514
f 2511 2514 2515
f 2510 2513 2516
f 2510 2516 2514
f 2506 2504 2508
f 2506 2508 2517
f 2504 2503 2509
f 2504 2509 2508
f 2503 2502 2512
f 2503 2512 2509
f 2502 2419 2518
f 2502 2518 2512
f 2512 2518 2519
f 2512 2519 2513
f 2513 2519 2520
f 2513 2520 2516
f 2516 2520 2521
f 2516 2521 2522
f 2514 2516 2522
f 2514 2522 2523
f 2515 2514 2523
f 2515 2523 2524
f 2525 2515 2524
f 2525 2524 2526
f 2527 2511 2515
f 2527 2515 2525
f 2517 2508 2511
f 2517 2511 2527
f 2528 2529 2530
f 2528 2530 2531
f 2529 2532 2533
f 2529 2533 2530
f 2531 2530 2534
f 2531 2534 2535
f 2530 2533 2536
f 2530 2536 2534
f 2419 2417 2528
f 2419 2528 2518
f 2417 2416 2529
f 2417 2529 2528
f 2416 2415 2532
f 2416 2532 2529
f 2415 2414 2537
f 2415 2537 2532
f 2532 2537 2538
f 2532 2538 2533
f 2533 2538 2539
f 2533 2539 2536
f 2536 2539 2540
f 2536 2540 2541
f 2534 2536 2541
f 2534 2541 2542
f 2535 2534 2542
f 2535 2542 2543
f 2520 2535 2543
f 2520 2543 2521
f 2519 2531 2535
f 2519 2535 2520
f 2518 2528 2531
f 2518 2531 2519
f 2544 2545 2546
f 2544 2546 2547
f 2545 2548 2549
f 2545 2549 2546
f 2547 2546 2550
f 2547 2550 2551
f 2546 2549 2552
f 2546 2552 2550
f 2414 2456 2544
f 2414 2544 2537
f 2456 2455 2545
f 2456 2545 2544
f 2455 2454 2548
f 2455 2548 2545
f 2454 2453 2553
f 2454 2553 2548
f 2548 2553 2554
f 2548 2554 2549
f 2549 2554 2555
f 2549 2555 2552
f 2552 2555 2556
f 2552 2556 2557
f 2550 2552 2557
f 2550 2557 2558
f 2551 2550 2558
f 2551 2558 2559
f 2539 2551 2559
f 2539 2559 2540
f 2538 2547 2551
f 2538 2551 2539
f 2537 2544 2547
f 2537 2547 2538
f 2560 2561 2562
f 2560 2562 2563
f 2561 2564 2565
f 2561 2565 2562
f 2563 2562 2566
f 2563 2566 2567
f 2562 2565 2568
f 2562 2568 2566
f 2453 2569 2560
f 2453 2560 2553
f 2569 2570 2561
f 2569 2561 2560
f 2570 2571 2564
f 2570 2564 2561
f 2571 2572 2573
f 2571 2573 2564
f 2564 2573 2574
f 2564 2574 2565
f 2565 2574 2575
f 2565 2575 2568
f 2568 2575 2576
f 2568 2576 2577
f 2566 2568 2577
f 2566 2577 2578
f 2567 2566 2578
f 2567 2578 2579
f 2555 2567 2579
f 2555 2579 2556
f 2554 2563 2567
f 2554 2567 2555
f 2553 2560 2563
f 2553 2563 2554
f 2580 2581 2582
f 2580 2582 2583
f 2581 2584 2585
f 2581 2585 2582
f 2583 2582 2586
f 2583 2586 2587
f 2582 2585 2588
f 2582 2588 2586
f 2437 2589 2580
f 2437 2580 2450
f 2589 2590 2581
f 2589 2581 2580
f 2590 2591 2584
f 2590 2584 2581
f 2591 2592 2593
f 2591 2593 2584
f 2584 2593 2594
f 2584 2594 2585
f 2585 2594 2595
f 2585 2595 2588
f 2588 2595 2572
f 2588 2572 2571
f 2586 2588 2571
f 2586 2571 2570
f 2587 2586 2570
f 2587 2570 2569
f 2452 2587 2569
f 2452 2569 2453
f 2451 2583 2587
f 2451 2587 2452
f 2450 2580 2583
f 2450 2583 2451
f 2596 2597 2598
f 2596 2598 2599
f 2597 2600 2601
f 2597 2601 2598
f 2599 2598 2602
f 2599 2602 2603
f 2598 2601 2604
f 2598 2604 2602
f 2433 2605 2596
f 2433 2596 2434
f 2605 2606 2597
f 2605 2597 2596
f 2606 2607 2600
f 2606 2600 2597
f 2607 2608 2609
f 2607 2609 2600
f 2600 2609 2610
f 2600 2610 2601
f 2601 2610 2611
f 2601 2611 2604
f 2604 2611 2592
f 2604 2592 2591
f 2602 2604 2591
f 2602 2591 2590
f 2603 2602 2590
f 2603 2590 2589
f 2436 2603 2589
f 2436 2589 2437
f 2435 2599 2603
f 2435 2603 2436
f 2434 2596 2599
f 2434 2599 2435
f 2612 2613 2614
f 2612 2614 2615
f 2613 2616 2617
f 2613 2617 2614
f 2615 2614 2618
f 2615 2618 2619
f 2614 2617 2620
f 2614 2620 2618
f 2284 2307 2612
f 2284 2612 2621
f 2307 2306 2613
f 2307 2613 2612
f 2306 2305 2616
f 2306 2616 2613
f 2305 2304 2622
f 2305 2622 2616
f 2616 2622 2623
f 2616 2623 2617
f 2617 2623 2624
f 2617 2624 2620
f 2620 2624 2608
f 2620 2608 2607
f 2618 2620 2607
f 2618 2607 2606
f 2619 2618 2606
f 2619 2606 2605
f 2625 2619 2605
f 2625 2605 2433
f 2626 2615 2619
f 2626 2619 2625
f 2621 2612 2615
f 2621 2615 2626
f 2627 2628 2629
f 2627 2629 2630
f 2628 2631 2632
f 2628 2632 2629
f 2630 2629 2633
f 2630 2633 2634
f 2629 2632 2635
f 2629 2635 2633
f 2268 2287 2627
f 2268 2627 2636
f 2287 2286 2628
f 2287 2628 2627
f 2286 2285 2631
f 2286 2631 2628
f 2285 2284 2621
f 2285 2621 2631
f 2631 2621 2626
f 2631 2626 2632
f 2632 2626 2625
f 2632 2625 2635
f 2635 2625 2433
f 2635 2433 2432
f 2633 2635 2432
f 2633 2432 2431
f 2634 2633 2431
f 2634 2431 2430
f 2637 2634 2430
f 2637 2430 2390
f 2638 2630 2634
f 2638 2634 2637
f 2636 2627 2630
f 2636 2630 2638
f 2639 2640 2641
f 2639 2641 2642
f 2640 2643 2644
f 2640 2644 2641
f 2642 2641 2645
f 2642 2645 2646
f 2641 2644 2647
f 2641 2647 2645
f 2249 2271 2639
f 2249 2639 2467
f 2271 2270 2640
f 2271 2640 2639
f 2270 2269 2643
f 2270 2643 2640
f 2269 2268 2636
f 2269 2636 2643
f 2643 2636 2638
f 2643 2638 2644
f 2644 2638 2637
f 2644 2637 2647
f 2647 2637 2390
f 2647 2390 2389
f 2645 2647 2389
f 2645 2389 2388
f 2646 2645 2388
f 2646 2388 2386
f 2469 2646 2386
f 2469 2386 2385
f 2468 2642 2646
f 2468 2646 2469
f 2467 2639 2642
f 2467 2642 2468
f 2648 2649 2650
f 2648 2650 2651
f 2649 2652 2653
f 2649 2653 2650
f 2651 2650 2654
f 2651 2654 2655
f 2650 2653 2656
f 2650 2656 2654
f 2657 2658 2648
f 2657 2648 2659
f 2658 2660 2649
f 2658 2649 2648
f 2660 2661 2652
f 2660 2652 2649
f 2661 2662 2663
f 2661 2663 2652
f 2652 2663 2664
f 2652 2664 2653
f 2653 2664 2665
f 2653 2665 2656
f 2656 2665 2666
f 2656 2666 2667
f 2654 2656 2667
f 2654 2667 2668
f 2655 2654 2668
f 2655 2668 2669
f 2670 2655 2669
f 2670 2669 2671
f 2672 2651 2655
f 2672 2655 2670
f 2659 2648 2651
f 2659 2651 2672
f 2673 2674 2675
f 2673 2675 2676
f 2674 2677 2678
f 2674 2678 2675
f 2676 2675 2679
f 2676 2679 2680
f 2675 2678 2681
f 2675 2681 2679
f 2671 2669 2673
f 2671 2673 2682
f 2669 2668 2674
f 2669 2674 2673
f 2668 2667 2677
f 2668 2677 2674
f 2667 2666 2683
f 2667 2683 2677
f 2677 2683 2684
f 2677 2684 2678
f 2678 2684 2685
f 2678 2685 2681
f 2681 2685 2686
f 2681 2686 2687
f 2679 2681 2687
f 2679 2687 2688
f 2680 2679 2688
f 2680 2688 2689
f 2690 2680 2689
f 2690 2689 2691
f 2692 2676 2680
f 2692 2680 2690
f 2682 2673 2676
f 2682 2676 2692
f 2693 2694 2695
f 2693 2695 2696
f 2694 2697 2698
f 2694 2698 2695
f 2696 2695 2699
f 2696 2699 2700
f 2695 2698 2701
f 2695 2701 2699
f 2662 2702 2693
f 2662 2693 2663
f 2702 2703 2694
f 2702 2694 2693
f 2703 2704 2697
f 2703 2697 2694
f 2704 2705 2706
f 2704 2706 2697
f 2697 2706 2707
f 2697 2707 2698
f 2698 2707 2708
f 2698 2708 2701
f 2701 2708 2709
f 2701 2709 2710
f 2699 2701 2710
f 2699 2710 2711
f 2700 2699 2711
f 2700 2711 2712
f 2665 2700 2712
f 2665 2712 2666
f 2664 2696 2700
f 2664 2700 2665
f 2663 2693 2696
f 2663 2696 2664
f 2713 2714 2715
f 2713 2715 2716
f 2714 2717 2718
f 2714 2718 2715
f 2716 2715 2719
f 2716 2719 2720
f 2715 2718 2721
f 2715 2721 2719
f 2666 2712 2713
f 2666 2713 2683
f 2712 2711 2714
f 2712 2714 2713
f 2711 2710 2717
f 2711 2717 2714
f 2710 2709 2722
f 2710 2722 2717
f 2717 2722 2723
f 2717 2723 2718
f 2718 2723 2724
f 2718 2724 2721
f 2721 2724 2725
f 2721 2725 2726
f 2719 2721 2726
f 2719 2726 2727
f 2720 2719 2727
f 2720 2727 2728
f 2685 2720 2728
f 2685 2728 2686
f 2684 2716 2720
f 2684 2720 2685
f 2683 2713 2716
f 2683 2716 2684
f 2729 2730 2731
f 2729 2731 2732
f 2730 2733 2734
f 2730 2734 2731
f 2732 2731 2735
f 2732 2735 2736
f 2731 2734 2737
f 2731 2737 2735
f 1874 2021 2729
f 1874 2729 2350
f 2021 2020 2730
f 2021 2730 2729
f 2020 2019 2733
f 2020 2733 2730
f 2019 2018 2738
f 2019 2738 2733
f 2733 2738 2739
f 2733 2739 2734
f 2734 2739 2740
f 2734 2740 2737
f 2737 2740 2657
f 2737 2657 2741
f 2735 2737 2741
f 2735 2741 2742
f 2736 2735 2742
f 2736 2742 2743
f 2352 2736 2743
f 2352 2743 2336
f 2351 2732 2736
f 2351 2736 2352
f 2350 2729 2732
f 2350 2732 2351
f 2744 2745 2746
f 2744 2746 2747
f 2745 2748 2749
f 2745 2749 2746
f 2747 2746 2750
f 2747 2750 2751
f 2746 2749 2752
f 2746 2752 2750
f 2336 2743 2744
f 2336 2744 2337
f 2743 2742 2745
f 2743 2745 2744
f 2742 2741 2748
f 2742 2748 2745
f 2741 2657 2659
f 2741 2659 2748
f 2748 2659 2672
f 2748 2672 2749
f 2749 2672 2670
f 2749 2670 2752
f 2752 2670 2671
f 2752 2671 2753
f 2750 2752 2753
f 2750 2753 2754
f 2751 2750 2754
f 2751 2754 2755
f 2339 2751 2755
f 2339 2755 2320
f 2338 2747 2751
f 2338 2751 2339
f 2337 2744 2747
f 2337 2747 2338
f 2756 2757 2758
f 2756 2758 2759
f 2757 2760 2761
f 2757 2761 2758
f 2759 2758 2762
f 2759 2762 2763
f 2758 2761 2764
f 2758 2764 2762
f 2320 2755 2756
f 2320 2756 2321
f 2755 2754 2757
f 2755 2757 2756
f 2754 2753 2760
f 2754 2760 2757
f 2753 2671 2682
f 2753 2682 2760
f 2760 2682 2692
f 2760 2692 2761
f 2761 2692 2690
f 2761 2690 2764
f 2764 2690 2691
f 2764 2691 2765
f 2762 2764 2765
f 2762 2765 2766
f 2763 2762 2766
f 2763 2766 2767
f 2323 2763 2767
f 2323 2767 2300
f 2322 2759 2763
f 2322 2763 2323
f 2321 2756 2759
f 2321 2759 2322
f 2768 2769 2770
f 2768 2770 2771
f 2769 2772 2773
f 2769 2773 2770
f 2771 2770 2774
f 2771 2774 2775
f 2770 2773 2776
f 2770 2776 2774
f 2300 2767 2768
f 2300 2768 2301
f 2767 2766 2769
f 2767 2769 2768
f 2766 2765 2772
f 2766 2772 2769
f 2765 2691 2777
f 2765 2777 2772
f 2772 2777 2778
f 2772 2778 2773
f 2773 2778 2779
f 2773 2779 2776
f 2776 2779 2780
f 2776 2780 2781
f 2774 2776 2781
f 2774 2781 2782
f 2775 2774 2782
f 2775 2782 2783
f 2303 2775 2783
f 2303 2783 2304
f 2302 2771 2775
f 2302 2775 2303
f 2301 2768 2771
f 2301 2771 2302
f 2784 2785 2786
f 2784 2786 2787
f 2785 2788 2789
f 2785 2789 2786
f 2787 2786 2790
f 2787 2790 2791
f 2786 2789 2792
f 2786 2792 2790
f 2691 2689 2784
f 2691 2784 2777
f 2689 2688 2785
f 2689 2785 2784
f 2688 2687 2788
f 2688 2788 2785
f 2687 2686 2793
f 2687 2793 2788
f 2788 2793 2794
f 2788 2794 2789
f 2789 2794 2795
f 2789 2795 2792
f 2792 2795 2796
f 2792 2796 2797
f 2790 2792 2797
f 2790 2797 2798
f 2791 2790 2798
f 2791 2798 2799
f 2779 2791 2799
f 2779 2799 2780
f 2778 2787 2791
f 2778 2791 2779
f 2777 2784 2787
f 2777 2787 2778
f 2800 2801 2802
f 2800 2802 2803
f 2801 2804 2805
f 2801 2805 2802
f 2803 2802 2806
f 2803 2806 2807
f 2802 2805 2808
f 2802 2808 2806
f 2686 2728 2800
f 2686 2800 2793
f 2728 2727 2801
f 2728 2801 2800
f 2727 2726 2804
f 2727 2804 2801
f 2726 2725 2809
f 2726 2809 2804
f 2804 2809 2810
f 2804 2810 2805
f 2805 2810 2811
f 2805 2811 2808
f 2808 2811 2812
f 2808 2812 2813
f 2806 2808 2813
f 2806 2813 2814
f 2807 2806 2814
f 2807 2814 2815
f 2795 2807 2815
f 2795 2815 2796
f 2794 2803 2807
f 2794 2807 2795
f 2793 2800 2803
f 2793 2803 2794
f 2816 2817 2818
f 2816 2818 2819
f 2817 2820 2821
f 2817 2821 2818
f 2819 2818 2822
f 2819 2822 2823
f 2818 2821 2824
f 2818 2824 2822
f 2725 2825 2816
f 2725 2816 2809
f 2825 2826 2817
f 2825 2817 2816
f 2826 2827 2820
f 2826 2820 2817
f 2827 2828 2829
f 2827 2829 2820
f 2820 2829 2830
f 2820 2830 2821
f 2821 2830 2831
f 2821 2831 2824
f 2824 2831 2832
f 2824 2832 2833
f 2822 2824 2833
f 2822 2833 2834
f 2823 2822 2834
f 2823 2834 2835
f 2811 2823 2835
f 2811 2835 2812
f 2810 2819 2823
f 2810 2823 2811
f 2809 2816 2819
f 2809 2819 2810
f 2836 2837 2838
f 2836 2838 2839
f 2837 2840 2841
f 2837 2841 2838
f 2839 2838 2842
f 2839 2842 2843
f 2838 2841 2844
f 2838 2844 2842
f 2709 2845 2836
f 2709 2836 2722
f 2845 2846 2837
f 2845 2837 2836
f 2846 2847 2840
f 2846 2840 2837
f 2847 2848 2849
f 2847 2849 2840
f 2840 2849 2850
f 2840 2850 2841
f 2841 2850 2851
f 2841 2851 2844
f 2844 2851 2828
f 2844 2828 2827
f 2842 2844 2827
f 2842 2827 2826
f 2843 2842 2826
f 2843 2826 2825
f 2724 2843 2825
f 2724 2825 2725
f 2723 2839 2843
f 2723 2843 2724
f 2722 2836 2839
f 2722 2839 2723
f 2852 2853 2854
f 2852 2854 2855
f 2853 2856 2857
f 2853 2857 2854
f 2855 2854 2858
f 2855 2858 2859
f 2854 2857 2860
f 2854 2860 2858
f 2705 2861 2852
f 2705 2852 2706
f 2861 2862 2853
f 2861 2853 2852
f 2862 2863 2856
f 2862 2856 2853
f 2863 2864 2865
f 2863 2865 2856
f 2856 2865 2866
f 2856 2866 2857
f 2857 2866 2867
f 2857 2867 2860
f 2860 2867 2848
f 2860 2848 2847
f 2858 2860 2847
f 2858 2847 2846
f 2859 2858 2846
f 2859 2846 2845
f 2708 2859 2845
f 2708 2845 2709
f 2707 2855 2859
f 2707 2859 2708
f 2706 2852 2855
f 2706 2855 2707
f 2868 2869 2870
f 2868 2870 2871
f 2869 2872 2873
f 2869 2873 2870
f 2871 2870 2874
f 2871 2874 2875
f 2870 2873 2876
f 2870 2876 2874
f 2050 2073 2868
f 2050 2868 2877
f 2073 2072 2869
f 2073 2869 2868
f 2072 2071 2872
f 2072 2872 2869
f 2071 2070 2878
f 2071 2878 2872
f 2872 2878 2879
f 2872 2879 2873
f 2873 2879 2880
f 2873 2880 2876
f 2876 2880 2864
f 2876 2864 2863
f 2874 2876 2863
f 2874 2863 2862
f 2875 2874 2862
f 2875 2862 2861
f 2881 2875 2861
f 2881 2861 2705
f 2882 2871 2875
f 2882 2875 2881
f 2877 2868 2871
f 2877 2871 2882
f 2883 2884 2885
f 2883 2885 2886
f 2884 2887 2888
f 2884 2888 2885
f 2886 2885 2889
f 2886 2889 2890
f 2885 2888 2891
f 2885 2891 2889
f 2034 2053 2883
f 2034 2883 2892
f 2053 2052 2884
f 2053 2884 2883
f 2052 2051 2887
f 2052 2887 2884
f 2051 2050 2877
f 2051 2877 2887
f 2887 2877 2882
f 2887 2882 2888
f 2888 2882 2881
f 2888 2881 2891
f 2891 2881 2705
f 2891 2705 2704
f 2889 2891 2704
f 2889 2704 2703
f 2890 2889 2703
f 2890 2703 2702
f 2893 2890 2702
f 2893 2702 2662
f 2894 2886 2890
f 2894 2890 2893
f 2892 2883 2886
f 2892 2886 2894
f 2895 2896 2897
f 2895 2897 2898
f 2896 2899 2900
f 2896 2900 2897
f 2898 2897 2901
f 2898 2901 2902
f 2897 2900 2903
f 2897 2903 2901
f 2018 2037 2895
f 2018 2895 2738
f 2037 2036 2896
f 2037 2896 2895
f 2036 2035 2899
f 2036 2899 2896
f 2035 2034 2892
f 2035 2892 2899
f 2899 2892 2894
f 2899 2894 2900
f 2900 2894 2893
f 2900 2893 2903
f 2903 2893 2662
f 2903 2662 2661
f 2901 2903 2661
f 2901 2661 2660
f 2902 2901 2660
f 2902 2660 2658
f 2740 2902 2658
f 2740 2658 2657
f 2739 2898 2902
f 2739 2902 2740
f 2738 2895 2898
f 2738 2898 2739
f 2904 2905 2906
f 2904 2906 2907
f 2905 2908 2909
f 2905 2909 2906
f 2907 2906 2910
f 2907 2910 2911
f 2906 2909 2912
f 2906 2912 2910
f 2913 2914 2904
f 2913 2904 2915
f 2914 2916 2905
f 2914 2905 2904
f 2916 2917 2908
f 2916 2908 2905
f 2917 2918 2919
f 2917 2919 2908
f 2908 2919 2920
f 2908 2920 2909
f 2909 2920 2921
f 2909 2921 2912
f 2912 2921 2922
f 2912 2922 2923
f 2910 2912 2923
f 2910 2923 2924
f 2911 2910 2924
f 2911 2924 2925
f 2926 2911 2925
f 2926 2925 2927
f 2928 2907 2911
f 2928 2911 2926
f 2915 2904 2907
f 2915 2907 2928
f 2929 2930 2931
f 2929 2931 2932
f 2930 2933 2934
f 2930 2934 2931
f 2932 2931 2935
f 2932 2935 2936
f 2931 2934 2937
f 2931 2937 2935
f 2927 2925 2929
f 2927 2929 2938
f 2925 2924 2930
f 2925 2930 2929
f 2924 2923 2933
f 2924 2933 2930
f 2923 2922 2939
f 2923 2939 2933
f 2933 2939 2940
f 2933 2940 2934
f 2934 2940 2941
f 2934 2941 2937
f 2937 2941 2942
f 2937 2942 2943
f 2935 2937 2943
f 2935 2943 2944
f 2936 2935 2944
f 2936 2944 2945
f 2946 2936 2945
f 2946 2945 2947
f 2948 2932 2936
f 2948 2936 2946
f 2938 2929 2932
f 2938 2932 2948
f 2949 2950 2951
f 2949 2951 2952
f 2950 2953 2954
f 2950 2954 2951
f 2952 2951 2955
f 2952 2955 2956
f 2951 2954 2957
f 2951 2957 2955
f 2918 2958 2949
f 2918 2949 2919
f 2958 2959 2950
f 2958 2950 2949
f 2959 2960 2953
f 2959 2953 2950
f 2960 2961 2962
f 2960 2962 2953
f 2953 2962 2963
f 2953 2963 2954
f 2954 2963 2964
f 2954 2964 2957
f 2957 2964 2965
f 2957 2965 2966
f 2955 2957 2966
f 2955 2966 2967
f 2956 2955 2967
f 2956 2967 2968
f 2921 2956 2968
f 2921 2968 2922
f 2920 2952 2956
f 2920 2956 2921
f 2919 2949 2952
f 2919 2952 2920
f 2969 2970 2971
f 2969 2971 2972
f 2970 2973 2974
f 2970 2974 2971
f 2972 2971 2975
f 2972 2975 2976
f 2971 2974 2977
f 2971 2977 2975
f 2922 2968 2969
f 2922 2969 2939
f 2968 2967 2970
f 2968 2970 2969
f 2967 2966 2973
f 2967 2973 2970
f 2966 2965 2978
f 2966 2978 2973
f 2973 2978 2979
f 2973 2979 2974
f 2974 2979 2980
f 2974 2980 2977
f 2977 2980 2981
f 2977 2981 2982
f 2975 2977 2982
f 2975 2982 2983
f 2976 2975 2983
f 2976 2983 2984
f 2941 2976 2984
f 2941 2984 2942
f 2940 2972 2976
f 2940 2976 2941
f 2939 2969 2972
f 2939 2972 2940
f 2985 2986 2987
f 2985 2987 2988
f 2986 2989 2990
f 2986 2990 2987
f 2988 2987 2991
f 2988 2991 2992
f 2987 2990 2993
f 2987 2993 2991
f 2304 2783 2985
f 2304 2985 2622
f 2783 2782 2986
f 2783 2986 2985
f 2782 2781 2989
f 2782 2989 2986
f 2781 2780 2994
f 2781 2994 2989
f 2989 2994 2995
f 2989 2995 2990
f 2990 2995 2996
f 2990 2996 2993
f 2993 2996 2913
f 2993 2913 2997
f 2991 2993 2997
f 2991 2997 2998
f 2992 2991 2998
f 2992 2998 2999
f 2624 2992 2999
f 2624 2999 2608
f 2623 2988 2992
f 2623 2992 2624
f 2622 2985 2988
f 2622 2988 2623
f 3000 3001 3002
f 3000 3002 3003
f 3001 3004 3005
f 3001 3005 3002
f 3003 3002 3006
f 3003 3006 3007
f 3002 3005 3008
f 3002 3008 3006
f 2608 2999 3000
f 2608 3000 2609
f 2999 2998 3001
f 2999 3001 3000
f 2998 2997 3004
f 2998 3004 3001
f 2997 2913 2915
f 2997 2915 3004
f 3004 2915 2928
f 3004 2928 3005
f 3005 2928 2926
f 3005 2926 3008
f 3008 2926 2927
f 3008 2927 3009
f 3006 3008 3009
f 3006 3009 3010
f 3007 3006 3010
f 3007 3010 3011
f 2611 3007 3011
f 2611 3011 2592
f 2610 3003 3007
f 2610 3007 2611
f 2609 3000 3003
f 2609 3003 2610
f 3012 3013 3014
f 3012 3014 3015
f 3013 3016 3017
f 3013 3017 3014
f 3015 3014 3018
f 3015 3018 3019
f 3014 3017 3020
f 3014 3020 3018
f 2592 3011 3012
f 2592 3012 2593
f 3011 3010 3013
f 3011 3013 3012
f 3010 3009 3016
f 3010 3016 3013
f 3009 2927 2938
f 3009 2938 3016
f 3016 2938 2948
f 3016 2948 3017
f 3017 2948 2946
f 3017 2946 3020
f 3020 2946 2947
f 3020 2947 3021
f 3018 3020 3021
f 3018 3021 3022
f 3019 3018 3022
f 3019 3022 3023
f 2595 3019 3023
f 2595 3023 2572
f 2594 3015 3019
f 2594 3019 2595
f 2593 3012 3015
f 2593 3015 2594
f 3024 3025 3026
f 3024 3026 3027
f 3025 3028 3029
f 3025 3029 3026
f 3027 3026 3030
f 3027 3030 3031
f 3026 3029 3032
f 3026 3032 3030
f 2572 3023 3024
f 2572 3024 2573
f 3023 3022 3025
f 3023 3025 3024
f 3022 3021 3028
f 3022 3028 3025
f 3021 2947 3033
f 3021 3033 3028
f 3028 3033 3034
f 3028 3034 3029
f 3029 3034 3035
f 3029 3035 3032
f 3032 3035 3036
f 3032 3036 3037
f 3030 3032 3037
f 3030 3037 3038
f 3031 3030 3038
f 3031 3038 3039
f 2575 3031 3039
f 2575 3039 2576
f 2574 3027 3031
f 2574 3031 2575
f 2573 3024 3027
f 2573 3027 2574
f 3040 3041 3042
f 3040 3042 3043
f 3041 3044 3045
f 3041 3045 3042
f 3043 3042 3046
f 3043 3046 3047
f 3042 3045 3048
f 3042 3048 3046
f 2947 2945 3040
f 2947 3040 3033
f 2945 2944 3041
f 2945 3041 3040
f 2944 2943 3044
f 2944 3044 3041
f 2943 2942 3049
f 2943 3049 3044
f 3044 3049 3050
f 3044 3050 3045
f 3045 3050 3051
f 3045 3051 3048
f 3048 3051 3052
f 3048 3052 3053
f 3046 3048 3053
f 3046 3053 3054
f 3047 3046 3054
f 3047 3054 3055
f 3035 3047 3055
f 3035 3055 3036
f 3034 3043 3047
f 3034 3047 3035
f 3033 3040 3043
f 3033 3043 3034
f 3056 3057 3058
f 3056 3058 3059
f 3057 3060 3061
f 3057 3061 3058
f 3059 3058 3062
f 3059 3062 3063
f 3058 3061 3064
f 3058 3064 3062
f 2942 2984 3056
f 2942 3056 3049
f 2984 2983 3057
f 2984 3057 3056
f 2983 2982 3060
f 2983 3060 3057
f 2982 2981 3065
f 2982 3065 3060
f 3060 3065 3066
f 3060 3066 3061
f 3061 3066 3067
f 3061 3067 3064
f 3064 3067 3068
f 3064 3068 3069
f 3062 3064 3069
f 3062 3069 3070
f 3063 3062 3070
f 3063 3070 3071
f 3051 3063 3071
f 3051 3071 3052
f 3050 3059 3063
f 3050 3063 3051
f 3049 3056 3059
f 3049 3059 3050
f 3072 3073 3074
f 3072 3074 3075
f 3073 3076 3077
f 3073 3077 3074
f 3075 3074 3078
f 3075 3078 3079
f 3074 3077 3080
f 3074 3080 3078
f 2981 3081 3072
f 2981 3072 3065
f 3081 3082 3073
f 3081 3073 3072
f 3082 3083 3076
f 3082 3076 3073
f 3083 3084 3085
f 3083 3085 3076
f 3076 3085 3086
f 3076 3086 3077
f 3077 3086 3087
f 3077 3087 3080
f 3080 3087 3088
f 3080 3088 3089
f 3078 3080 3089
f 3078 3089 3090
f 3079 3078 3090
f 3079 3090 3091
f 3067 3079 3091
f 3067 3091 3068
f 3066 3075 3079
f 3066 3079 3067
f 3065 3072 3075
f 3065 3075 3066
f 3092 3093 3094
f 3092 3094 3095
f 3093 3096 3097
f 3093 3097 3094
f 3095 3094 3098
f 3095 3098 3099
f 3094 3097 3100
f 3094 3100 3098
f 2965 3101 3092
f 2965 3092 2978
f 3101 3102 3093
f 3101 3093 3092
f 3102 3103 3096
f 3102 3096 3093
f 3103 3104 3105
f 3103 3105 3096
f 3096 3105 3106
f 3096 3106 3097
f 3097 3106 3107
f 3097 3107 3100
f 3100 3107 3084
f 3100 3084 3083
f 3098 3100 3083
f 3098 3083 3082
f 3099 3098 3082
f 3099 3082 3081
f 2980 3099 3081
f 2980 3081 2981
f 2979 3095 3099
f 2979 3099 2980
f 2978 3092 3095
f 2978 3095 2979
f 3108 3109 3110
f 3108 3110 3111
f 3109 3112 3113
f 3109 3113 3110
f 3111 3110 3114
f 3111 3114 3115
f 3110 3113 3116
f 3110 3116 3114
f 2961 3117 3108
f 2961 3108 2962
f 3117 3118 3109
f 3117 3109 3108
f 3118 3119 3112
f 3118 3112 3109
f 3119 3120 3121
f 3119 3121 3112
f 3112 3121 3122
f 3112 3122 3113
f 3113 3122 3123
f 3113 3123 3116
f 3116 3123 3104
f 3116 3104 3103
f 3114 3116 3103
f 3114 3103 3102
f 3115 3114 3102
f 3115 3102 3101
f 2964 3115 3101
f 2964 3101 2965
f 2963 3111 3115
f 2963 3115 2964
f 2962 3108 3111
f 2962 3111 2963
f 3124 3125 3126
f 3124 3126 3127
f 3125 3128 3129
f 3125 3129 3126
f 3127 3126 3130
f 3127 3130 3131
f 3126 3129 3132
f 3126 3132 3130
f 2812 2835 3124
f 2812 3124 3133
f 2835 2834 3125
f 2835 3125 3124
f 2834 2833 3128
f 2834 3128 3125
f 2833 2832 3134
f 2833 3134 3128
f 3128 3134 3135
f 3128 3135 3129
f 3129 3135 3136
f 3129 3136 3132
f 3132 3136 3120
f 3132 3120 3119
f 3130 3132 3119
f 3130 3119 3118
f 3131 3130 3118
f 3131 3118 3117
f 3137 3131 3117
f 3137 3117 2961
f 3138 3127 3131
f 3138 3131 3137
f 3133 3124 3127
f 3133 3127 3138
f 3139 3140 3141
f 3139 3141 3142
f 3140 3143 3144
f 3140 3144 3141
f 3142 3141 3145
f 3142 3145 3146
f 3141 3144 3147
f 3141 3147 3145
f 2796 2815 3139
f 2796 3139 3148
f 2815 2814 3140
f 2815 3140 3139
f 2814 2813 3143
f 2814 3143 3140
f 2813 2812 3133
f 2813 3133 3143
f 3143 3133 3138
f 3143 3138 3144
f 3144 3138 3137
f 3144 3137 3147
f 3147 3137 2961
f 3147 2961 2960
f 3145 3147 2960
f 3145 2960 2959
f 3146 3145 2959
f 3146 2959 2958
f 3149 3146 2958
f 3149 2958 2918
f 3150 3142 3146
f 3150 3146 3149
f 3148 3139 3142
f 3148 3142 3150
f 3151 3152 3153
f 3151 3153 3154
f 3152 3155 3156
f 3152 3156 3153
f 3154 3153 3157
f 3154 3157 3158
f 3153 3156 3159
f 3153 3159 3157
f 2780 2799 3151
f 2780 3151 2994
f 2799 2798 3152
f 2799 3152 3151
f 2798 2797 3155
f 2798 3155 3152
f 2797 2796 3148
f 2797 3148 3155
f 3155 3148 3150
f 3155 3150 3156
f 3156 3150 3149
f 3156 3149 3159
f 3159 3149 2918
f 3159 2918 2917
f 3157 3159 2917
f 3157 2917 2916
f 3158 3157 2916
f 3158 2916 2914
f 2996 3158 2914
f 2996 2914 2913
f 2995 3154 3158
f 2995 3158 2996
f 2994 3151 3154
f 2994 3154 2995
f 3160 3161 3162
f 3160 3162 3163
f 3161 3164 3165
f 3161 3165 3162
f 3163 3162 3166
f 3163 3166 3167
f 3162 3165 3168
f 3162 3168 3166
f 3169 3170 3160
f 3169 3160 3171
f 3170 3172 3161
f 3170 3161 3160
f 3172 3173 3164
f 3172 3164 3161
f 3173 3174 3175
f 3173 3175 3164
f 3164 3175 3176
f 3164 3176 3165
f 3165 3176 3177
f 3165 3177 3168
f 3168 3177 3178
f 3168 3178 3179
f 3166 3168 3179
f 3166 3179 3180
f 3167 3166 3180
f 3167 3180 3181
f 3182 3167 3181
f 3182 3181 3183
f 3184 3163 3167
f 3184 3167 3182
f 3171 3160 3163
f 3171 3163 3184
f 3185 3186 3187
f 3185 3187 3188
f 3186 3189 3190
f 3186 3190 3187
f 3188 3187 3191
f 3188 3191 3192
f 3187 3190 3193
f 3187 3193 3191
f 3183 3181 3185
f 3183 3185 3194
f 3181 3180 3186
f 3181 3186 3185
f 3180 3179 3189
f 3180 3189 3186
f 3179 3178 3195
f 3179 3195 3189
f 3189 3195 3196
f 3189 3196 3190
f 3190 3196 3197
f 3190 3197 3193
f 3193 3197 1587
f 3193 1587 1589
f 3191 3193 1589
f 3191 1589 1586
f 3192 3191 1586
f 3192 1586 1584
f 3198 3192 1584
f 3198 1584 1583
f 3199 3188 3192
f 3199 3192 3198
f 3194 3185 3188
f 3194 3188 3199
f 3200 3201 3202
f 3200 3202 3203
f 3201 3204 3205
f 3201 3205 3202
f 3203 3202 3206
f 3203 3206 3207
f 3202 3205 3208
f 3202 3208 3206
f 3174 3209 3200
f 3174 3200 3175
f 3209 3210 3201
f 3209 3201 3200
f 3210 3211 3204
f 3210 3204 3201
f 3211 3212 3213
f 3211 3213 3204
f 3204 3213 3214
f 3204 3214 3205
f 3205 3214 3215
f 3205 3215 3208
f 3208 3215 3216
f 3208 3216 3217
f 3206 3208 3217
f 3206 3217 3218
f 3207 3206 3218
f 3207 3218 3219
f 3177 3207 3219
f 3177 3219 3178
f 3176 3203 3207
f 3176 3207 3177
f 3175 3200 3203
f 3175 3203 3176
f 3220 3221 3222
f 3220 3222 3223
f 3224 3225 3222
f 3224 3222 3221
f 3226 3227 3222
f 3226 3222 3225
f 3228 3229 3222
f 3228 3222 3227
f 3230 3223 3222
f 3230 3222 3229
f 1587 3197 3220
f 1587 3220 1588
f 3197 3196 3221
f 3197 3221 3220
f 1588 3220 3223
f 1588 3223 1576
f 3178 3219 3224
f 3178 3224 3195
f 3219 3218 3225
f 3219 3225 3224
f 3195 3224 3221
f 3195 3221 3196
f 3216 3231 3226
f 3216 3226 3217
f 3231 3232 3227
f 3231 3227 3226
f 3217 3226 3225
f 3217 3225 3218
f 1453 1455 3228
f 1453 3228 3233
f 1455 1452 3229
f 1455 3229 3228
f 3233 3228 3227
f 3233 3227 3232
f 1449 1575 3230
f 1449 3230 1450
f 1575 1576 3223
f 1575 3223 3230
f 1450 3230 3229
f 1450 3229 1452
f 3234 3235 3236
f 3234 3236 3237
f 3235 3238 3239
f 3235 3239 3236
f 3237 3236 3240
f 3237 3240 3241
f 3236 3239 3242
f 3236 3242 3240
f 2526 2524 3234
f 2526 3234 3243
f 2524 2523 3235
f 2524 3235 3234
f 2523 2522 3238
f 2523 3238 3235
f 2522 2521 3244
f 2522 3244 3238
f 3238 3244 3245
f 3238 3245 3239
f 3239 3245 3246
f 3239 3246 3242
f 3242 3246 3169
f 3242 3169 3247
f 3240 3242 3247
f 3240 3247 3248
f 3241 3240 3248
f 3241 3248 3249
f 3250 3241 3249
f 3250 3249 3251
f 3252 3237 3241
f 3252 3241 3250
f 3243 3234 3237
f 3243 3237 3252
f 3253 3254 3255
f 3253 3255 3256
f 3254 3257 3258
f 3254 3258 3255
f 3256 3255 3259
f 3256 3259 3260
f 3255 3258 3261
f 3255 3261 3259
f 3251 3249 3253
f 3251 3253 3262
f 3249 3248 3254
f 3249 3254 3253
f 3248 3247 3257
f 3248 3257 3254
f 3247 3169 3171
f 3247 3171 3257
f 3257 3171 3184
f 3257 3184 3258
f 3258 3184 3182
f 3258 3182 3261
f 3261 3182 3183
f 3261 3183 3263
f 3259 3261 3263
f 3259 3263 3264
f 3260 3259 3264
f 3260 3264 3265
f 3266 3260 3265
f 3266 3265 3267
f 3268 3256 3260
f 3268 3260 3266
f 3262 3253 3256
f 3262 3256 3268
f 3269 3270 3271
f 3269 3271 3272
f 3273 3274 3271
f 3273 3271 3270
f 3275 3276 3271
f 3275 3271 3274
f 3277 3278 3271
f 3277 3271 3276
f 3279 3272 3271
f 3279 3271 3278
f 1579 1605 3269
f 1579 3269 1580
f 1605 1606 3270
f 1605 3270 3269
f 1580 3269 3272
f 1580 3272 1582
f 1617 3280 3273
f 1617 3273 1618
f 3280 3281 3274
f 3280 3274 3273
f 1618 3273 3270
f 1618 3270 1606
f 3267 3265 3275
f 3267 3275 3282
f 3265 3264 3276
f 3265 3276 3275
f 3282 3275 3274
f 3282 3274 3281
f 3183 3194 3277
f 3183 3277 3263
f 3194 3199 3278
f 3194 3278 3277
f 3263 3277 3276
f 3263 3276 3264
f 1583 1585 3279
f 1583 3279 3198
f 1585 1582 3272
f 1585 3272 3279
f 3198 3279 3278
f 3198 3278 3199
f 3283 3284 3285
f 3283 3285 3286
f 3287 3288 3285
f 3287 3285 3284
f 3289 3290 3285
f 3289 3285 3288
f 3291 3292 3285
f 3291 3285 3290
f 3293 3286 3285
f 3293 3285 3292
f 3216 3294 3283
f 3216 3283 3231
f 3294 3295 3284
f 3294 3284 3283
f 3231 3283 3286
f 3231 3286 3232
f 3296 3297 3287
f 3296 3287 3298
f 3297 3299 3288
f 3297 3288 3287
f 3298 3287 3284
f 3298 3284 3295
f 1427 1429 3289
f 1427 3289 3300
f 1429 1426 3290
f 1429 3290 3289
f 3300 3289 3288
f 3300 3288 3299
f 1423 1445 3291
f 1423 3291 1424
f 1445 1446 3292
f 1445 3292 3291
f 1424 3291 3290
f 1424 3290 1426
f 1453 3233 3293
f 1453 3293 1454
f 3233 3232 3286
f 3233 3286 3293
f 1454 3293 3292
f 1454 3292 1446
f 3301 3302 3303
f 3301 3303 3304
f 3302 3305 3306
f 3302 3306 3303
f 3304 3303 3307
f 3304 3307 3308
f 3303 3306 3309
f 3303 3309 3307
f 3212 3310 3301
f 3212 3301 3213
f 3310 3311 3302
f 3310 3302 3301
f 3311 3312 3305
f 3311 3305 3302
f 3312 3313 3314
f 3312 3314 3305
f 3305 3314 3315
f 3305 3315 3306
f 3306 3315 3316
f 3306 3316 3309
f 3309 3316 3296
f 3309 3296 3298
f 3307 3309 3298
f 3307 3298 3295
f 3308 3307 3295
f 3308 3295 3294
f 3215 3308 3294
f 3215 3294 3216
f 3214 3304 3308
f 3214 3308 3215
f 3213 3301 3304
f 3213 3304 3214
f 3317 3318 3319
f 3317 3319 3320
f 3318 3321 3322
f 3318 3322 3319
f 3320 3319 3323
f 3320 3323 3324
f 3319 3322 3325
f 3319 3325 3323
f 2556 2579 3317
f 2556 3317 3326
f 2579 2578 3318
f 2579 3318 3317
f 2578 2577 3321
f 2578 3321 3318
f 2577 2576 3327
f 2577 3327 3321
f 3321 3327 3328
f 3321 3328 3322
f 3322 3328 3329
f 3322 3329 3325
f 3325 3329 3313
f 3325 3313 3312
f 3323 3325 3312
f 3323 3312 3311
f 3324 3323 3311
f 3324 3311 3310
f 3330 3324 3310
f 3330 3310 3212
f 3331 3320 3324
f 3331 3324 3330
f 3326 3317 3320
f 3326 3320 3331
f 3332 3333 3334
f 3332 3334 3335
f 3333 3336 3337
f 3333 3337 3334
f 3335 3334 3338
f 3335 3338 3339
f 3334 3337 3340
f 3334 3340 3338
f 2540 2559 3332
f 2540 3332 3341
f 2559 2558 3333
f 2559 3333 3332
f 2558 2557 3336
f 2558 3336 3333
f 2557 2556 3326
f 2557 3326 3336
f 3336 3326 3331
f 3336 3331 3337
f 3337 3331 3330
f 3337 3330 3340
f 3340 3330 3212
f 3340 3212 3211
f 3338 3340 3211
f 3338 3211 3210
f 3339 3338 3210
f 3339 3210 3209
f 3342 3339 3209
f 3342 3209 3174
f 3343 3335 3339
f 3343 3339 3342
f 3341 3332 3335
f 3341 3335 3343
f 3344 3345 3346
f 3344 3346 3347
f 3345 3348 3349
f 3345 3349 3346
f 3347 3346 3350
f 3347 3350 3351
f 3346 3349 3352
f 3346 3352 3350
f 2521 2543 3344
f 2521 3344 3244
f 2543 2542 3345
f 2543 3345 3344
f 2542 2541 3348
f 2542 3348 3345
f 2541 2540 3341
f 2541 3341 3348
f 3348 3341 3343
f 3348 3343 3349
f 3349 3343 3342
f 3349 3342 3352
f 3352 3342 3174
f 3352 3174 3173
f 3350 3352 3173
f 3350 3173 3172
f 3351 3350 3172
f 3351 3172 3170
f 3246 3351 3170
f 3246 3170 3169
f 3245 3347 3351
f 3245 3351 3246
f 3244 3344 3347
f 3244 3347 3245
f 3353 3354 3355
f 3353 3355 3356
f 3354 3357 3358
f 3354 3358 3355
f 3356 3355 3359
f 3356 3359 3360
f 3355 3358 3361
f 3355 3361 3359
f 3362 3363 3353
f 3362 3353 3364
f 3363 3365 3354
f 3363 3354 3353
f 3365 3366 3357
f 3365 3357 3354
f 3366 3367 3368
f 3366 3368 3357
f 3357 3368 3369
f 3357 3369 3358
f 3358 3369 3370
f 3358 3370 3361
f 3361 3370 3371
f 3361 3371 3372
f 3359 3361 3372
f 3359 3372 3373
f 3360 3359 3373
f 3360 3373 3374
f 3375 3360 3374
f 3375 3374 3376
f 3377 3356 3360
f 3377 3360 3375
f 3364 3353 3356
f 3364 3356 3377
f 3378 3379 3380
f 3378 3380 3381
f 3382 3383 3380
f 3382 3380 3379
f 3384 3385 3380
f 3384 3380 3383
f 3386 3387 3380
f 3386 3380 3385
f 3388 3381 3380
f 3388 3380 3387
f 1431 3389 3378
f 1431 3378 1432
f 3389 3390 3379
f 3389 3379 3378
f 1432 3378 3381
f 1432 3381 1419
f 3376 3374 3382
f 3376 3382 3391
f 3374 3373 3383
f 3374 3383 3382
f 3391 3382 3379
f 3391 3379 3390
f 3371 3392 3384
f 3371 3384 3372
f 3392 3393 3385
f 3392 3385 3384
f 3372 3384 3383
f 3372 3383 3373
f 1473 1475 3386
f 1473 3386 3394
f 1475 1472 3387
f 1475 3387 3386
f 3394 3386 3385
f 3394 3385 3393
f 1415 1417 3388
f 1415 3388 1471
f 1417 1419 3381
f 1417 3381 3388
f 1471 3388 3387
f 1471 3387 1472
f 3395 3396 3397
f 3395 3397 3398
f 3396 3399 3400
f 3396 3400 3397
f 3398 3397 3401
f 3398 3401 3402
f 3397 3400 3403
f 3397 3403 3401
f 3367 3404 3395
f 3367 3395 3368
f 3404 3405 3396
f 3404 3396 3395
f 3405 3406 3399
f 3405 3399 3396
f 3406 3407 3408
f 3406 3408 3399
f 3399 3408 3409
f 3399 3409 3400
f 3400 3409 3410
f 3400 3410 3403
f 3403 3410 3411
f 3403 3411 3412
f 3401 3403 3412
f 3401 3412 3413
f 3402 3401 3413
f 3402 3413 3414
f 3370 3402 3414
f 3370 3414 3371
f 3369 3398 3402
f 3369 3402 3370
f 3368 3395 3398
f 3368 3398 3369
f 3415 3416 3417
f 3415 3417 3418
f 3416 3419 3420
f 3416 3420 3417
f 3418 3417 3421
f 3418 3421 3422
f 3417 3420 3423
f 3417 3423 3421
f 1473 3394 3415
f 1473 3415 1474
f 3394 3393 3416
f 3394 3416 3415
f 3393 3392 3419
f 3393 3419 3416
f 3392 3371 3414
f 3392 3414 3419
f 3419 3414 3413
f 3419 3413 3420
f 3420 3413 3412
f 3420 3412 3423
f 3423 3412 3411
f 3423 3411 3424
f 3421 3423 3424
f 3421 3424 3425
f 3422 3421 3425
f 3422 3425 3426
f 1479 3422 3426
f 1479 3426 1477
f 1476 3418 3422
f 1476 3422 1479
f 1474 3415 3418
f 1474 3418 1476
f 3427 3428 3429
f 3427 3429 3430
f 3428 3431 3432
f 3428 3432 3429
f 3430 3429 3433
f 3430 3433 3434
f 3429 3432 3435
f 3429 3435 3433
f 2576 3039 3427
f 2576 3427 3327
f 3039 3038 3428
f 3039 3428 3427
f 3038 3037 3431
f 3038 3431 3428
f 3037 3036 3436
f 3037 3436 3431
f 3431 3436 3437
f 3431 3437 3432
f 3432 3437 3438
f 3432 3438 3435
f 3435 3438 3362
f 3435 3362 3439
f 3433 3435 3439
f 3433 3439 3440
f 3434 3433 3440
f 3434 3440 3441
f 3329 3434 3441
f 3329 3441 3313
f 3328 3430 3434
f 3328 3434 3329
f 3327 3427 3430
f 3327 3430 3328
f 3442 3443 3444
f 3442 3444 3445
f 3443 3446 3447
f 3443 3447 3444
f 3445 3444 3448
f 3445 3448 3449
f 3444 3447 3450
f 3444 3450 3448
f 3313 3441 3442
f 3313 3442 3314
f 3441 3440 3443
f 3441 3443 3442
f 3440 3439 3446
f 3440 3446 3443
f 3439 3362 3364
f 3439 3364 3446
f 3446 3364 3377
f 3446 3377 3447
f 3447 3377 3375
f 3447 3375 3450
f 3450 3375 3376
f 3450 3376 3451
f 3448 3450 3451
f 3448 3451 3452
f 3449 3448 3452
f 3449 3452 3453
f 3316 3449 3453
f 3316 3453 3296
f 3315 3445 3449
f 3315 3449 3316
f 3314 3442 3445
f 3314 3445 3315
f 3454 3455 3456
f 3454 3456 3457
f 3455 3458 3459
f 3455 3459 3456
f 3457 3456 3460
f 3457 3460 3461
f 3456 3459 3462
f 3456 3462 3460
f 1427 3300 3454
f 1427 3454 1428
f 3300 3299 3455
f 3300 3455 3454
f 3299 3297 3458
f 3299 3458 3455
f 3297 3296 3453
f 3297 3453 3458
f 3458 3453 3452
f 3458 3452 3459
f 3459 3452 3451
f 3459 3451 3462
f 3462 3451 3376
f 3462 3376 3391
f 3460 3462 3391
f 3460 3391 3390
f 3461 3460 3390
f 3461 3390 3389
f 1433 3461 3389
f 1433 3389 1431
f 1430 3457 3461
f 1430 3461 1433
f 1428 3454 3457
f 1428 3457 1430
f 3463 3464 3465
f 3463 3465 3466
f 3467 3468 3465
f 3467 3465 3464
f 3469 3470 3465
f 3469 3465 3468
f 3471 3472 3465
f 3471 3465 3470
f 3473 3466 3465
f 3473 3465 3472
f 1477 3426 3463
f 1477 3463 1478
f 3426 3425 3464
f 3426 3464 3463
f 1478 3463 3466
f 1478 3466 1470
f 3411 3474 3467
f 3411 3467 3424
f 3474 3475 3468
f 3474 3468 3467
f 3424 3467 3464
f 3424 3464 3425
f 3476 3477 3469
f 3476 3469 3478
f 3477 3479 3470
f 3477 3470 3469
f 3478 3469 3468
f 3478 3468 3475
f 1337 1339 3471
f 1337 3471 3480
f 1339 1336 3472
f 1339 3472 3471
f 3480 3471 3470
f 3480 3470 3479
f 1333 1469 3473
f 1333 3473 1334
f 1469 1470 3466
f 1469 3466 3473
f 1334 3473 3472
f 1334 3472 1336
f 3481 3482 3483
f 3481 3483 3484
f 3482 3485 3486
f 3482 3486 3483
f 3484 3483 3487
f 3484 3487 3488
f 3483 3486 3489
f 3483 3489 3487
f 3407 3490 3481
f 3407 3481 3408
f 3490 3491 3482
f 3490 3482 3481
f 3491 3492 3485
f 3491 3485 3482
f 3492 3493 3494
f 3492 3494 3485
f 3485 3494 3495
f 3485 3495 3486
f 3486 3495 3496
f 3486 3496 3489
f 3489 3496 3476
f 3489 3476 3478
f 3487 3489 3478
f 3487 3478 3475
f 3488 3487 3475
f 3488 3475 3474
f 3410 3488 3474
f 3410 3474 3411
f 3409 3484 3488
f 3409 3488 3410
f 3408 3481 3484
f 3408 3484 3409
f 3497 3498 3499
f 3497 3499 3500
f 3498 3501 3502
f 3498 3502 3499
f 3500 3499 3503
f 3500 3503 3504
f 3499 3502 3505
f 3499 3505 3503
f 3068 3091 3497
f 3068 3497 3506
f 3091 3090 3498
f 3091 3498 3497
f 3090 3089 3501
f 3090 3501 3498
f 3089 3088 3507
f 3089 3507 3501
f 3501 3507 3508
f 3501 3508 3502
f 3502 3508 3509
f 3502 3509 3505
f 3505 3509 3493
f 3505 3493 3492
f 3503 3505 3492
f 3503 3492 3491
f 3504 3503 3491
f 3504 3491 3490
f 3510 3504 3490
f 3510 3490 3407
f 3511 3500 3504
f 3511 3504 3510
f 3506 3497 3500
f 3506 3500 3511
f 3512 3513 3514
f 3512 3514 3515
f 3513 3516 3517
f 3513 3517 3514
f 3515 3514 3518
f 3515 3518 3519
f 3514 3517 3520
f 3514 3520 3518
f 3052 3071 3512
f 3052 3512 3521
f 3071 3070 3513
f 3071 3513 3512
f 3070 3069 3516
f 3070 3516 3513
f 3069 3068 3506
f 3069 3506 3516
f 3516 3506 3511
f 3516 3511 3517
f 3517 3511 3510
f 3517 3510 3520
f 3520 3510 3407
f 3520 3407 3406
f 3518 3520 3406
f 3518 3406 3405
f 3519 3518 3405
f 3519 3405 3404
f 3522 3519 3404
f 3522 3404 3367
f 3523 3515 3519
f 3523 3519 3522
f 3521 3512 3515
f 3521 3515 3523
f 3524 3525 3526
f 3524 3526 3527
f 3525 3528 3529
f 3525 3529 3526
f 3527 3526 3530
f 3527 3530 3531
f 3526 3529 3532
f 3526 3532 3530
f 3036 3055 3524
f 3036 3524 3436
f 3055 3054 3525
f 3055 3525 3524
f 3054 3053 3528
f 3054 3528 3525
f 3053 3052 3521
f 3053 3521 3528
f 3528 3521 3523
f 3528 3523 3529
f 3529 3523 3522
f 3529 3522 3532
f 3532 3522 3367
f 3532 3367 3366
f 3530 3532 3366
f 3530 3366 3365
f 3531 3530 3365
f 3531 3365 3363
f 3438 3531 3363
f 3438 3363 3362
f 3437 3527 3531
f 3437 3531 3438
f 3436 3524 3527
f 3436 3527 3437
f 3533 3534 3535
f 3533 3535 3536
f 3534 3537 3538
f 3534 3538 3535
f 3536 3535 3539
f 3536 3539 3540
f 3535 3538 3541
f 3535 3541 3539
f 3542 3543 3533
f 3542 3533 3544
f 3543 3545 3534
f 3543 3534 3533
f 3545 3546 3537
f 3545 3537 3534
f 3546 3547 3548
f 3546 3548 3537
f 3537 3548 3549
f 3537 3549 3538
f 3538 3549 3550
f 3538 3550 3541
f 3541 3550 3551
f 3541 3551 3552
f 3539 3541 3552
f 3539 3552 3553
f 3540 3539 3553
f 3540 3553 3554
f 3555 3540 3554
f 3555 3554 3556
f 3557 3536 3540
f 3557 3540 3555
f 3544 3533 3536
f 3544 3536 3557
f 3558 3559 3560
f 3558 3560 3561
f 3559 3562 3563
f 3559 3563 3560
f 3561 3560 3564
f 3561 3564 3565
f 3560 3563 3566
f 3560 3566 3564
f 3556 3554 3558
f 3556 3558 3567
f 3554 3553 3559
f 3554 3559 3558
f 3553 3552 3562
f 3553 3562 3559
f 3552 3551 3568
f 3552 3568 3562
f 3562 3568 3569
f 3562 3569 3563
f 3563 3569 3570
f 3563 3570 3566
f 3566 3570 3571
f 3566 3571 3572
f 3564 3566 3572
f 3564 3572 3573
f 3565 3564 3573
f 3565 3573 3574
f 3575 3565 3574
f 3575 3574 3576
f 3577 3561 3565
f 3577 3565 3575
f 3567 3558 3561
f 3567 3561 3577
f 3578 3579 3580
f 3578 3580 3581
f 3579 3582 3583
f 3579 3583 3580
f 3581 3580 3584
f 3581 3584 3585
f 3580 3583 3586
f 3580 3586 3584
f 3551 3550 3578
f 3551 3578 3587
f 3550 3549 3579
f 3550 3579 3578
f 3549 3548 3582
f 3549 3582 3579
f 3548 3547 3588
f 3548 3588 3582
f 3582 3588 3589
f 3582 3589 3583
f 3583 3589 3590
f 3583 3590 3586
f 3586 3590 1613
f 3586 1613 1615
f 3584 3586 1615
f 3584 1615 1612
f 3585 3584 1612
f 3585 1612 1610
f 3591 3585 1610
f 3591 1610 1609
f 3592 3581 3585
f 3592 3585 3591
f 3587 3578 3581
f 3587 3581 3592
f 3593 3594 3595
f 3593 3595 3596
f 3597 3598 3595
f 3597 3595 3594
f 3599 3600 3595
f 3599 3595 3598
f 3601 3602 3595
f 3601 3595 3600
f 3603 3596 3595
f 3603 3595 3602
f 3571 3570 3593
f 3571 3593 3604
f 3570 3569 3594
f 3570 3594 3593
f 3604 3593 3596
f 3604 3596 3605
f 3551 3587 3597
f 3551 3597 3568
f 3587 3592 3598
f 3587 3598 3597
f 3568 3597 3594
f 3568 3594 3569
f 1609 1611 3599
f 1609 3599 3591
f 1611 1608 3600
f 1611 3600 3599
f 3591 3599 3598
f 3591 3598 3592
f 1491 1493 3601
f 1491 3601 1607
f 1493 1495 3602
f 1493 3602 3601
f 1607 3601 3600
f 1607 3600 1608
f 1503 3606 3603
f 1503 3603 1504
f 3606 3605 3596
f 3606 3596 3603
f 1504 3603 3602
f 1504 3602 1495
f 3607 3608 3609
f 3607 3609 3610
f 3608 3611 3612
f 3608 3612 3609
f 3610 3609 3613
f 3610 3613 3614
f 3609 3612 3615
f 3609 3615 3613
f 2526 3243 3607
f 2526 3607 2525
f 3243 3252 3608
f 3243 3608 3607
f 3252 3250 3611
f 3252 3611 3608
f 3250 3251 3616
f 3250 3616 3611
f 3611 3616 3617
f 3611 3617 3612
f 3612 3617 3618
f 3612 3618 3615
f 3615 3618 3542
f 3615 3542 3619
f 3613 3615 3619
f 3613 3619 3620
f 3614 3613 3620
f 3614 3620 3621
f 2517 3614 3621
f 2517 3621 2506
f 2527 3610 3614
f 2527 3614 2517
f 2525 3607 3610
f 2525 3610 2527
f 3622 3623 3624
f 3622 3624 3625
f 3623 3626 3627
f 3623 3627 3624
f 3625 3624 3628
f 3625 3628 3629
f 3624 3627 3630
f 3624 3630 3628
f 2506 3621 3622
f 2506 3622 2505
f 3621 3620 3623
f 3621 3623 3622
f 3620 3619 3626
f 3620 3626 3623
f 3619 3542 3544
f 3619 3544 3626
f 3626 3544 3557
f 3626 3557 3627
f 3627 3557 3555
f 3627 3555 3630
f 3630 3555 3556
f 3630 3556 3631
f 3628 3630 3631
f 3628 3631 3632
f 3629 3628 3632
f 3629 3632 3633
f 2501 3629 3633
f 2501 3633 2490
f 2507 3625 3629
f 2507 3629 2501
f 2505 3622 3625
f 2505 3625 2507
f 3634 3635 3636
f 3634 3636 3637
f 3635 3638 3639
f 3635 3639 3636
f 3637 3636 3640
f 3637 3640 3641
f 3636 3639 3642
f 3636 3642 3640
f 2490 3633 3634
f 2490 3634 2489
f 3633 3632 3635
f 3633 3635 3634
f 3632 3631 3638
f 3632 3638 3635
f 3631 3556 3567
f 3631 3567 3638
f 3638 3567 3577
f 3638 3577 3639
f 3639 3577 3575
f 3639 3575 3642
f 3642 3575 3576
f 3642 3576 3643
f 3640 3642 3643
f 3640 3643 3644
f 3641 3640 3644
f 3641 3644 3645
f 2485 3641 3645
f 2485 3645 2474
f 2491 3637 3641
f 2491 3641 2485
f 2489 3634 3637
f 2489 3637 2491
f 3646 3647 3648
f 3646 3648 3649
f 3647 3650 3651
f 3647 3651 3648
f 3649 3648 3652
f 3649 3652 3653
f 3648 3651 3654
f 3648 3654 3652
f 2474 3645 3646
f 2474 3646 2473
f 3645 3644 3647
f 3645 3647 3646
f 3644 3643 3650
f 3644 3650 3647
f 3643 3576 3655
f 3643 3655 3650
f 3650 3655 3656
f 3650 3656 3651
f 3651 3656 3657
f 3651 3657 3654
f 3654 3657 3658
f 3654 3658 3659
f 3652 3654 3659
f 3652 3659 3660
f 3653 3652 3660
f 3653 3660 3661
f 2466 3653 3661
f 2466 3661 2254
f 2475 3649 3653
f 2475 3653 2466
f 2473 3646 3649
f 2473 3649 2475
f 3662 3663 3664
f 3662 3664 3665
f 3663 3666 3667
f 3663 3667 3664
f 3665 3664 3668
f 3665 3668 3669
f 3664 3667 3670
f 3664 3670 3668
f 3576 3574 3662
f 3576 3662 3655
f 3574 3573 3663
f 3574 3663 3662
f 3573 3572 3666
f 3573 3666 3663
f 3572 3571 3671
f 3572 3671 3666
f 3666 3671 3672
f 3666 3672 3667
f 3667 3672 3673
f 3667 3673 3670
f 3670 3673 3674
f 3670 3674 3675
f 3668 3670 3675
f 3668 3675 3676
f 3669 3668 3676
f 3669 3676 3677
f 3657 3669 3677
f 3657 3677 3658
f 3656 3665 3669
f 3656 3669 3657
f 3655 3662 3665
f 3655 3665 3656
f 3678 3679 3680
f 3678 3680 3681
f 3682 3683 3680
f 3682 3680 3679
f 3684 3685 3680
f 3684 3680 3683
f 3686 3687 3680
f 3686 3680 3685
f 3688 3681 3680
f 3688 3680 3687
f 3674 3673 3678
f 3674 3678 3689
f 3673 3672 3679
f 3673 3679 3678
f 3689 3678 3681
f 3689 3681 3690
f 3571 3604 3682
f 3571 3682 3671
f 3604 3605 3683
f 3604 3683 3682
f 3671 3682 3679
f 3671 3679 3672
f 1503 1505 3684
f 1503 3684 3606
f 1505 1502 3685
f 1505 3685 3684
f 3606 3684 3683
f 3606 3683 3605
f 1499 1533 3686
f 1499 3686 1500
f 1533 1532 3687
f 1533 3687 3686
f 1500 3686 3685
f 1500 3685 1502
f 1529 3691 3688
f 1529 3688 1530
f 3691 3690 3681
f 3691 3681 3688
f 1530 3688 3687
f 1530 3687 1532
f 3692 3693 3694
f 3692 3694 3695
f 3693 3696 3697
f 3693 3697 3694
f 3695 3694 3698
f 3695 3698 3699
f 3694 3697 3700
f 3694 3700 3698
f 3547 3701 3692
f 3547 3692 3588
f 3701 3702 3693
f 3701 3693 3692
f 3702 3703 3696
f 3702 3696 3693
f 3703 3267 3282
f 3703 3282 3696
f 3696 3282 3281
f 3696 3281 3697
f 3697 3281 3280
f 3697 3280 3700
f 3700 3280 1617
f 3700 1617 1619
f 3698 3700 1619
f 3698 1619 1616
f 3699 3698 1616
f 3699 1616 1614
f 3590 3699 1614
f 3590 1614 1613
f 3589 3695 3699
f 3589 3699 3590
f 3588 3692 3695
f 3588 3695 3589
f 3704 3705 3706
f 3704 3706 3707
f 3705 3708 3709
f 3705 3709 3706
f 3707 3706 3710
f 3707 3710 3711
f 3706 3709 3712
f 3706 3712 3710
f 3251 3262 3704
f 3251 3704 3616
f 3262 3268 3705
f 3262 3705 3704
f 3268 3266 3708
f 3268 3708 3705
f 3266 3267 3703
f 3266 3703 3708
f 3708 3703 3702
f 3708 3702 3709
f 3709 3702 3701
f 3709 3701 3712
f 3712 3701 3547
f 3712 3547 3546
f 3710 3712 3546
f 3710 3546 3545
f 3711 3710 3545
f 3711 3545 3543
f 3618 3711 3543
f 3618 3543 3542
f 3617 3707 3711
f 3617 3711 3618
f 3616 3704 3707
f 3616 3707 3617
f 3713 3714 3715
f 3713 3715 3716
f 3714 3717 3718
f 3714 3718 3715
f 3716 3715 3719
f 3716 3719 3720
f 3715 3718 3721
f 3715 3721 3719
f 3722 3723 3713
f 3722 3713 3724
f 3723 3725 3714
f 3723 3714 3713
f 3725 3726 3717
f 3725 3717 3714
f 3726 3727 3728
f 3726 3728 3717
f 3717 3728 3729
f 3717 3729 3718
f 3718 3729 3730
f 3718 3730 3721
f 3721 3730 3731
f 3721 3731 3732
f 3719 3721 3732
f 3719 3732 3733
f 3720 3719 3733
f 3720 3733 3734
f 3735 3720 3734
f 3735 3734 3736
f 3737 3716 3720
f 3737 3720 3735
f 3724 3713 3716
f 3724 3716 3737
f 3738 3739 3740
f 3738 3740 3741
f 3739 3742 3743
f 3739 3743 3740
f 3741 3740 3744
f 3741 3744 3745
f 3740 3743 3746
f 3740 3746 3744
f 3736 3734 3738
f 3736 3738 3747
f 3734 3733 3739
f 3734 3739 3738
f 3733 3732 3742
f 3733 3742 3739
f 3732 3731 3748
f 3732 3748 3742
f 3742 3748 3749
f 3742 3749 3743
f 3743 3749 3750
f 3743 3750 3746
f 3746 3750 3751
f 3746 3751 3752
f 3744 3746 3752
f 3744 3752 3753
f 3745 3744 3753
f 3745 3753 3754
f 3755 3745 3754
f 3755 3754 3756
f 3757 3741 3745
f 3757 3745 3755
f 3747 3738 3741
f 3747 3741 3757
f 3758 3759 3760
f 3758 3760 3761
f 3762 3763 3760
f 3762 3760 3759
f 3764 3765 3760
f 3764 3760 3763
f 3766 3767 3760
f 3766 3760 3765
f 3768 3761 3760
f 3768 3760 3767
f 3731 3730 3758
f 3731 3758 3769
f 3730 3729 3759
f 3730 3759 3758
f 3769 3758 3761
f 3769 3761 3770
f 3727 3771 3762
f 3727 3762 3728
f 3771 3772 3763
f 3771 3763 3762
f 3728 3762 3759
f 3728 3759 3729
f 1525 1527 3764
f 1525 3764 3773
f 1527 1524 3765
f 1527 3765 3764
f 3773 3764 3763
f 3773 3763 3772
f 1521 1647 3766
f 1521 3766 1522
f 1647 1646 3767
f 1647 3767 3766
f 1522 3766 3765
f 1522 3765 1524
f 1643 3774 3768
f 1643 3768 1644
f 3774 3770 3761
f 3774 3761 3768
f 1644 3768 3767
f 1644 3767 1646
f 3775 3776 3777
f 3775 3777 3778
f 3776 3779 3780
f 3776 3780 3777
f 3778 3777 3781
f 3778 3781 3782
f 3777 3780 3783
f 3777 3783 3781
f 3751 3750 3775
f 3751 3775 3784
f 3750 3749 3776
f 3750 3776 3775
f 3749 3748 3779
f 3749 3779 3776
f 3748 3731 3769
f 3748 3769 3779
f 3779 3769 3770
f 3779 3770 3780
f 3780 3770 3774
f 3780 3774 3783
f 3783 3774 1643
f 3783 1643 1645
f 3781 3783 1645
f 3781 1645 1642
f 3782 3781 1642
f 3782 1642 1640
f 3785 3782 1640
f 3785 1640 1639
f 3786 3778 3782
f 3786 3782 3785
f 3784 3775 3778
f 3784 3778 3786
f 3787 3788 3789
f 3787 3789 3790
f 3788 3791 3792
f 3788 3792 3789
f 3790 3789 3793
f 3790 3793 3794
f 3789 3792 3795
f 3789 3795 3793
f 2254 3661 3787
f 2254 3787 2253
f 3661 3660 3788
f 3661 3788 3787
f 3660 3659 3791
f 3660 3791 3788
f 3659 3658 3796
f 3659 3796 3791
f 3791 3796 3797
f 3791 3797 3792
f 3792 3797 3798
f 3792 3798 3795
f 3795 3798 3722
f 3795 3722 3799
f 3793 3795 3799
f 3793 3799 3800
f 3794 3793 3800
f 3794 3800 3801
f 2245 3794 3801
f 2245 3801 2234
f 2255 3790 3794
f 2255 3794 2245
f 2253 3787 3790
f 2253 3790 2255
f 3802 3803 3804
f 3802 3804 3805
f 3803 3806 3807
f 3803 3807 3804
f 3805 3804 3808
f 3805 3808 3809
f 3804 3807 3810
f 3804 3810 3808
f 2234 3801 3802
f 2234 3802 2233
f 3801 3800 3803
f 3801 3803 3802
f 3800 3799 3806
f 3800 3806 3803
f 3799 3722 3724
f 3799 3724 3806
f 3806 3724 3737
f 3806 3737 3807
f 3807 3737 3735
f 3807 3735 3810
f 3810 3735 3736
f 3810 3736 3811
f 3808 3810 3811
f 3808 3811 3812
f 3809 3808 3812
f 3809 3812 3813
f 2229 3809 3813
f 2229 3813 2218
f 2235 3805 3809
f 2235 3809 2229
f 2233 3802 3805
f 2233 3805 2235
f 3814 3815 3816
f 3814 3816 3817
f 3815 3818 3819
f 3815 3819 3816
f 3817 3816 3820
f 3817 3820 3821
f 3816 3819 3822
f 3816 3822 3820
f 2218 3813 3814
f 2218 3814 2217
f 3813 3812 3815
f 3813 3815 3814
f 3812 3811 3818
f 3812 3818 3815
f 3811 3736 3747
f 3811 3747 3818
f 3818 3747 3757
f 3818 3757 3819
f 3819 3757 3755
f 3819 3755 3822
f 3822 3755 3756
f 3822 3756 3823
f 3820 3822 3823
f 3820 3823 3824
f 3821 3820 3824
f 3821 3824 3825
f 2213 3821 3825
f 2213 3825 2202
f 2219 3817 3821
f 2219 3821 2213
f 2217 3814 3817
f 2217 3817 2219
f 3826 3827 3828
f 3826 3828 3829
f 3827 3830 3831
f 3827 3831 3828
f 3829 3828 3832
f 3829 3832 3833
f 3828 3831 3834
f 3828 3834 3832
f 2202 3825 3826
f 2202 3826 2201
f 3825 3824 3827
f 3825 3827 3826
f 3824 3823 3830
f 3824 3830 3827
f 3823 3756 3835
f 3823 3835 3830
f 3830 3835 3836
f 3830 3836 3831
f 3831 3836 3837
f 3831 3837 3834
f 3834 3837 1804
f 3834 1804 1815
f 3832 3834 1815
f 3832 1815 1825
f 3833 3832 1825
f 3833 1825 1823
f 2194 3833 1823
f 2194 1823 1824
f 2203 3829 3833
f 2203 3833 2194
f 2201 3826 3829
f 2201 3829 2203
f 3838 3839 3840
f 3838 3840 3841
f 3839 3842 3843
f 3839 3843 3840
f 3841 3840 3844
f 3841 3844 3845
f 3840 3843 3846
f 3840 3846 3844
f 3756 3754 3838
f 3756 3838 3835
f 3754 3753 3839
f 3754 3839 3838
f 3753 3752 3842
f 3753 3842 3839
f 3752 3751 3847
f 3752 3847 3842
f 3842 3847 3848
f 3842 3848 3843
f 3843 3848 3849
f 3843 3849 3846
f 3846 3849 1786
f 3846 1786 1799
f 3844 3846 1799
f 3844 1799 1805
f 3845 3844 1805
f 3845 1805 1803
f 3837 3845 1803
f 3837 1803 1804
f 3836 3841 3845
f 3836 3845 3837
f 3835 3838 3841
f 3835 3841 3836
f 3850 3851 3852
f 3850 3852 3853
f 3854 3855 3852
f 3854 3852 3851
f 3856 3857 3852
f 3856 3852 3855
f 3858 3859 3852
f 3858 3852 3857
f 3860 3853 3852
f 3860 3852 3859
f 1685 1789 3850
f 1685 3850 1686
f 1789 1788 3851
f 1789 3851 3850
f 1686 3850 3853
f 1686 3853 1688
f 1786 3849 3854
f 1786 3854 1787
f 3849 3848 3855
f 3849 3855 3854
f 1787 3854 3851
f 1787 3851 1788
f 3751 3784 3856
f 3751 3856 3847
f 3784 3786 3857
f 3784 3857 3856
f 3847 3856 3855
f 3847 3855 3848
f 1639 1641 3858
f 1639 3858 3785
f 1641 1638 3859
f 1641 3859 3858
f 3785 3858 3857
f 3785 3857 3786
f 1635 1690 3860
f 1635 3860 1636
f 1690 1688 3853
f 1690 3853 3860
f 1636 3860 3859
f 1636 3859 1638
f 3861 3862 3863
f 3861 3863 3864
f 3862 3865 3866
f 3862 3866 3863
f 3864 3863 3867
f 3864 3867 3868
f 3863 3866 3869
f 3863 3869 3867
f 3727 3870 3861
f 3727 3861 3771
f 3870 3871 3862
f 3870 3862 3861
f 3871 3872 3865
f 3871 3865 3862
f 3872 3674 3689
f 3872 3689 3865
f 3865 3689 3690
f 3865 3690 3866
f 3866 3690 3691
f 3866 3691 3869
f 3869 3691 1529
f 3869 1529 1531
f 3867 3869 1531
f 3867 1531 1528
f 3868 3867 1528
f 3868 1528 1526
f 3773 3868 1526
f 3773 1526 1525
f 3772 3864 3868
f 3772 3868 3773
f 3771 3861 3864
f 3771 3864 3772
f 3873 3874 3875
f 3873 3875 3876
f 3874 3877 3878
f 3874 3878 3875
f 3876 3875 3879
f 3876 3879 3880
f 3875 3878 3881
f 3875 3881 3879
f 3658 3677 3873
f 3658 3873 3796
f 3677 3676 3874
f 3677 3874 3873
f 3676 3675 3877
f 3676 3877 3874
f 3675 3674 3872
f 3675 3872 3877
f 3877 3872 3871
f 3877 3871 3878
f 3878 3871 3870
f 3878 3870 3881
f 3881 3870 3727
f 3881 3727 3726
f 3879 3881 3726
f 3879 3726 3725
f 3880 3879 3725
f 3880 3725 3723
f 3798 3880 3723
f 3798 3723 3722
f 3797 3876 3880
f 3797 3880 3798
f 3796 3873 3876
f 3796 3876 3797
f 3882 3883 3884
f 3882 3884 3885
f 3883 3886 3887
f 3883 3887 3884
f 3885 3884 3888
f 3885 3888 3889
f 3884 3887 3890
f 3884 3890 3888
f 3891 3892 3882
f 3891 3882 3893
f 3892 3894 3883
f 3892 3883 3882
f 3894 3895 3886
f 3894 3886 3883
f 3895 3896 3897
f 3895 3897 3886
f 3886 3897 3898
f 3886 3898 3887
f 3887 3898 3899
f 3887 3899 3890
f 3890 3899 1345
f 3890 1345 1347
f 3888 3890 1347
f 3888 1347 1344
f 3889 3888 1344
f 3889 1344 1342
f 3900 3889 1342
f 3900 1342 1341
f 3901 3885 3889
f 3901 3889 3900
f 3893 3882 3885
f 3893 3885 3901
f 3902 3903 3904
f 3902 3904 3905
f 3906 3907 3904
f 3906 3904 3903
f 3908 3909 3904
f 3908 3904 3907
f 3910 3911 3904
f 3910 3904 3909
f 3912 3905 3904
f 3912 3904 3911
f 1345 3899 3902
f 1345 3902 1346
f 3899 3898 3903
f 3899 3903 3902
f 1346 3902 3905
f 1346 3905 1348
f 3896 3913 3906
f 3896 3906 3897
f 3913 3914 3907
f 3913 3907 3906
f 3897 3906 3903
f 3897 3903 3898
f 3915 3916 3908
f 3915 3908 3917
f 3916 3918 3909
f 3916 3909 3908
f 3917 3908 3907
f 3917 3907 3914
f 1275 1277 3910
f 1275 3910 3919
f 1277 1274 3911
f 1277 3911 3910
f 3919 3910 3909
f 3919 3909 3918
f 1271 1349 3912
f 1271 3912 1272
f 1349 1348 3905
f 1349 3905 3912
f 1272 3912 3911
f 1272 3911 1274
f 3920 3921 3922
f 3920 3922 3923
f 3921 3924 3925
f 3921 3925 3922
f 3923 3922 3926
f 3923 3926 3927
f 3922 3925 3928
f 3922 3928 3926
f 3891 3929 3920
f 3891 3920 3892
f 3929 3930 3921
f 3929 3921 3920
f 3930 3931 3924
f 3930 3924 3921
f 3931 3932 3933
f 3931 3933 3924
f 3924 3933 3934
f 3924 3934 3925
f 3925 3934 3935
f 3925 3935 3928
f 3928 3935 3936
f 3928 3936 3937
f 3926 3928 3937
f 3926 3937 3938
f 3927 3926 3938
f 3927 3938 3939
f 3895 3927 3939
f 3895 3939 3896
f 3894 3923 3927
f 3894 3927 3895
f 3892 3920 3923
f 3892 3923 3894
f 3940 3941 3942
f 3940 3942 3943
f 3941 3944 3945
f 3941 3945 3942
f 3943 3942 3946
f 3943 3946 3947
f 3942 3945 3948
f 3942 3948 3946
f 3896 3939 3940
f 3896 3940 3913
f 3939 3938 3941
f 3939 3941 3940
f 3938 3937 3944
f 3938 3944 3941
f 3937 3936 3949
f 3937 3949 3944
f 3944 3949 3950
f 3944 3950 3945
f 3945 3950 3951
f 3945 3951 3948
f 3948 3951 3952
f 3948 3952 3953
f 3946 3948 3953
f 3946 3953 3954
f 3947 3946 3954
f 3947 3954 3955
f 3917 3947 3955
f 3917 3955 3915
f 3914 3943 3947
f 3914 3947 3917
f 3913 3940 3943
f 3913 3943 3914
f 3956 3957 3958
f 3956 3958 3959
f 3960 3961 3958
f 3960 3958 3957
f 3962 3963 3958
f 3962 3958 3961
f 3964 3965 3958
f 3964 3958 3963
f 3966 3959 3958
f 3966 3958 3965
f 3915 3967 3956
f 3915 3956 3916
f 3967 3968 3957
f 3967 3957 3956
f 3916 3956 3959
f 3916 3959 3918
f 3969 3970 3960
f 3969 3960 3971
f 3970 3972 3961
f 3970 3961 3960
f 3971 3960 3957
f 3971 3957 3968
f 1367 1369 3962
f 1367 3962 3973
f 1369 1366 3963
f 1369 3963 3962
f 3973 3962 3961
f 3973 3961 3972
f 1263 1265 3964
f 1263 3964 1365
f 1265 1267 3965
f 1265 3965 3964
f 1365 3964 3963
f 1365 3963 1366
f 1275 3919 3966
f 1275 3966 1276
f 3919 3918 3959
f 3919 3959 3966
f 1276 3966 3965
f 1276 3965 1267
f 3974 3975 3976
f 3974 3976 3977
f 3975 3978 3979
f 3975 3979 3976
f 3977 3976 3980
f 3977 3980 3981
f 3976 3979 3982
f 3976 3982 3980
f 3915 3955 3974
f 3915 3974 3967
f 3955 3954 3975
f 3955 3975 3974
f 3954 3953 3978
f 3954 3978 3975
f 3953 3952 3983
f 3953 3983 3978
f 3978 3983 3984
f 3978 3984 3979
f 3979 3984 3985
f 3979 3985 3982
f 3982 3985 3986
f 3982 3986 3987
f 3980 3982 3987
f 3980 3987 3988
f 3981 3980 3988
f 3981 3988 3989
f 3971 3981 3989
f 3971 3989 3969
f 3968 3977 3981
f 3968 3981 3971
f 3967 3974 3977
f 3967 3977 3968
f 3990 3991 3992
f 3990 3992 3993
f 3991 3994 3995
f 3991 3995 3992
f 3993 3992 3996
f 3993 3996 3997
f 3992 3995 3998
f 3992 3998 3996
f 3952 3999 3990
f 3952 3990 3983
f 3999 4000 3991
f 3999 3991 3990
f 4000 4001 3994
f 4000 3994 3991
f 4001 3120 3136
f 4001 3136 3994
f 3994 3136 3135
f 3994 3135 3995
f 3995 3135 3134
f 3995 3134 3998
f 3998 3134 2832
f 3998 2832 4002
f 3996 3998 4002
f 3996 4002 4003
f 3997 3996 4003
f 3997 4003 4004
f 3985 3997 4004
f 3985 4004 3986
f 3984 3993 3997
f 3984 3997 3985
f 3983 3990 3993
f 3983 3993 3984
f 4005 4006 4007
f 4005 4007 4008
f 4006 4009 4010
f 4006 4010 4007
f 4008 4007 4011
f 4008 4011 4012
f 4007 4010 4013
f 4007 4013 4011
f 3936 4014 4005
f 3936 4005 3949
f 4014 4015 4006
f 4014 4006 4005
f 4015 4016 4009
f 4015 4009 4006
f 4016 3104 3123
f 4016 3123 4009
f 4009 3123 3122
f 4009 3122 4010
f 4010 3122 3121
f 4010 3121 4013
f 4013 3121 3120
f 4013 3120 4001
f 4011 4013 4001
f 4011 4001 4000
f 4012 4011 4000
f 4012 4000 3999
f 3951 4012 3999
f 3951 3999 3952
f 3950 4008 4012
f 3950 4012 3951
f 3949 4005 4008
f 3949 4008 3950
f 4017 4018 4019
f 4017 4019 4020
f 4018 4021 4022
f 4018 4022 4019
f 4020 4019 4023
f 4020 4023 4024
f 4019 4022 4025
f 4019 4025 4023
f 3932 4026 4017
f 3932 4017 3933
f 4026 4027 4018
f 4026 4018 4017
f 4027 4028 4021
f 4027 4021 4018
f 4028 3084 3107
f 4028 3107 4021
f 4021 3107 3106
f 4021 3106 4022
f 4022 3106 3105
f 4022 3105 4025
f 4025 3105 3104
f 4025 3104 4016
f 4023 4025 4016
f 4023 4016 4015
f 4024 4023 4015
f 4024 4015 4014
f 3935 4024 4014
f 3935 4014 3936
f 3934 4020 4024
f 3934 4024 3935
f 3933 4017 4020
f 3933 4020 3934
f 4029 4030 4031
f 4029 4031 4032
f 4030 4033 4034
f 4030 4034 4031
f 4032 4031 4035
f 4032 4035 4036
f 4031 4034 4037
f 4031 4037 4035
f 3493 3509 4029
f 3493 4029 4038
f 3509 3508 4030
f 3509 4030 4029
f 3508 3507 4033
f 3508 4033 4030
f 3507 3088 3087
f 3507 3087 4033
f 4033 3087 3086
f 4033 3086 4034
f 4034 3086 3085
f 4034 3085 4037
f 4037 3085 3084
f 4037 3084 4028
f 4035 4037 4028
f 4035 4028 4027
f 4036 4035 4027
f 4036 4027 4026
f 4039 4036 4026
f 4039 4026 3932
f 4040 4032 4036
f 4040 4036 4039
f 4038 4029 4032
f 4038 4032 4040
f 4041 4042 4043
f 4041 4043 4044
f 4042 4045 4046
f 4042 4046 4043
f 4044 4043 4047
f 4044 4047 4048
f 4043 4046 4049
f 4043 4049 4047
f 3476 3496 4041
f 3476 4041 4050
f 3496 3495 4042
f 3496 4042 4041
f 3495 3494 4045
f 3495 4045 4042
f 3494 3493 4038
f 3494 4038 4045
f 4045 4038 4040
f 4045 4040 4046
f 4046 4040 4039
f 4046 4039 4049
f 4049 4039 3932
f 4049 3932 3931
f 4047 4049 3931
f 4047 3931 3930
f 4048 4047 3930
f 4048 3930 3929
f 4051 4048 3929
f 4051 3929 3891
f 4052 4044 4048
f 4052 4048 4051
f 4050 4041 4044
f 4050 4044 4052
f 4053 4054 4055
f 4053 4055 4056
f 4054 4057 4058
f 4054 4058 4055
f 4056 4055 4059
f 4056 4059 4060
f 4055 4058 4061
f 4055 4061 4059
f 3476 4050 4053
f 3476 4053 3477
f 4050 4052 4054
f 4050 4054 4053
f 4052 4051 4057
f 4052 4057 4054
f 4051 3891 3893
f 4051 3893 4057
f 4057 3893 3901
f 4057 3901 4058
f 4058 3901 3900
f 4058 3900 4061
f 4061 3900 1341
f 4061 1341 1343
f 4059 4061 1343
f 4059 1343 1340
f 4060 4059 1340
f 4060 1340 1338
f 3480 4060 1338
f 3480 1338 1337
f 3479 4056 4060
f 3479 4060 3480
f 3477 4053 4056
f 3477 4056 3479
f 4062 4063 4064
f 4062 4064 4065
f 4066 4067 4064
f 4066 4064 4063
f 4068 4069 4064
f 4068 4064 4067
f 4070 4071 4064
f 4070 4064 4069
f 4072 4065 4064
f 4072 4064 4071
f 1371 4073 4062
f 1371 4062 1372
f 4073 4074 4063
f 4073 4063 4062
f 1372 4062 4065
f 1372 4065 1364
f 4075 4076 4066
f 4075 4066 4077
f 4076 4078 4067
f 4076 4067 4066
f 4077 4066 4063
f 4077 4063 4074
f 4079 4080 4068
f 4079 4068 4081
f 4080 4082 4069
f 4080 4069 4068
f 4081 4068 4067
f 4081 4067 4078
f 1305 1307 4070
f 1305 4070 4083
f 1307 1304 4071
f 1307 4071 4070
f 4083 4070 4069
f 4083 4069 4082
f 1301 1363 4072
f 1301 4072 1302
f 1363 1364 4065
f 1363 4065 4072
f 1302 4072 4071
f 1302 4071 1304
f 4084 4085 4086
f 4084 4086 4087
f 4085 4088 4089
f 4085 4089 4086
f 4087 4086 4090
f 4087 4090 4091
f 4086 4089 4092
f 4086 4092 4090
f 1305 4083 4084
f 1305 4084 1306
f 4083 4082 4085
f 4083 4085 4084
f 4082 4080 4088
f 4082 4088 4085
f 4080 4079 4093
f 4080 4093 4088
f 4088 4093 4094
f 4088 4094 4089
f 4089 4094 4095
f 4089 4095 4092
f 4092 4095 4096
f 4092 4096 4097
f 4090 4092 4097
f 4090 4097 4098
f 4091 4090 4098
f 4091 4098 4099
f 1311 4091 4099
f 1311 4099 1309
f 1308 4087 4091
f 1308 4091 1311
f 1306 4084 4087
f 1306 4087 1308
f 4100 4101 4102
f 4100 4102 4103
f 4101 4104 4105
f 4101 4105 4102
f 4103 4102 4106
f 4103 4106 4107
f 4102 4105 4108
f 4102 4108 4106
f 4075 4109 4100
f 4075 4100 4076
f 4109 4110 4101
f 4109 4101 4100
f 4110 4111 4104
f 4110 4104 4101
f 4111 4112 4113
f 4111 4113 4104
f 4104 4113 4114
f 4104 4114 4105
f 4105 4114 4115
f 4105 4115 4108
f 4108 4115 4116
f 4108 4116 4117
f 4106 4108 4117
f 4106 4117 4118
f 4107 4106 4118
f 4107 4118 4119
f 4081 4107 4119
f 4081 4119 4079
f 4078 4103 4107
f 4078 4107 4081
f 4076 4100 4103
f 4076 4103 4078
f 4120 4121 4122
f 4120 4122 4123
f 4121 4124 4125
f 4121 4125 4122
f 4123 4122 4126
f 4123 4126 4127
f 4122 4125 4128
f 4122 4128 4126
f 4079 4119 4120
f 4079 4120 4093
f 4119 4118 4121
f 4119 4121 4120
f 4118 4117 4124
f 4118 4124 4121
f 4117 4116 4129
f 4117 4129 4124
f 4124 4129 4130
f 4124 4130 4125
f 4125 4130 4131
f 4125 4131 4128
f 4128 4131 4132
f 4128 4132 4133
f 4126 4128 4133
f 4126 4133 4134
f 4127 4126 4134
f 4127 4134 4135
f 4095 4127 4135
f 4095 4135 4096
f 4094 4123 4127
f 4094 4127 4095
f 4093 4120 4123
f 4093 4123 4094
f 4136 4137 4138
f 4136 4138 4139
f 4137 4140 4141
f 4137 4141 4138
f 4139 4138 4142
f 4139 4142 4143
f 4138 4141 4144
f 4138 4144 4142
f 1309 4099 4136
f 1309 4136 1310
f 4099 4098 4137
f 4099 4137 4136
f 4098 4097 4140
f 4098 4140 4137
f 4097 4096 4145
f 4097 4145 4140
f 4140 4145 4146
f 4140 4146 4141
f 4141 4146 4147
f 4141 4147 4144
f 4144 4147 2086
f 4144 2086 2103
f 4142 4144 2103
f 4142 2103 2102
f 4143 4142 2102
f 4143 2102 2101
f 1315 4143 2101
f 1315 2101 1313
f 1312 4139 4143
f 1312 4143 1315
f 1310 4136 4139
f 1310 4139 1312
f 4148 4149 4150
f 4148 4150 4151
f 4149 4152 4153
f 4149 4153 4150
f 4151 4150 4154
f 4151 4154 4155
f 4150 4153 4156
f 4150 4156 4154
f 4096 4135 4148
f 4096 4148 4145
f 4135 4134 4149
f 4135 4149 4148
f 4134 4133 4152
f 4134 4152 4149
f 4133 4132 4157
f 4133 4157 4152
f 4152 4157 4158
f 4152 4158 4153
f 4153 4158 4159
f 4153 4159 4156
f 4156 4159 2066
f 4156 2066 2089
f 4154 4156 2089
f 4154 2089 2088
f 4155 4154 2088
f 4155 2088 2087
f 4147 4155 2087
f 4147 2087 2086
f 4146 4151 4155
f 4146 4155 4147
f 4145 4148 4151
f 4145 4151 4146
f 4160 4161 4162
f 4160 4162 4163
f 4161 4164 4165
f 4161 4165 4162
f 4163 4162 4166
f 4163 4166 4167
f 4162 4165 4168
f 4162 4168 4166
f 4132 4169 4160
f 4132 4160 4157
f 4169 4170 4161
f 4169 4161 4160
f 4170 4171 4164
f 4170 4164 4161
f 4171 2864 2880
f 4171 2880 4164
f 4164 2880 2879
f 4164 2879 4165
f 4165 2879 2878
f 4165 2878 4168
f 4168 2878 2070
f 4168 2070 2069
f 4166 4168 2069
f 4166 2069 2068
f 4167 4166 2068
f 4167 2068 2067
f 4159 4167 2067
f 4159 2067 2066
f 4158 4163 4167
f 4158 4167 4159
f 4157 4160 4163
f 4157 4163 4158
f 4172 4173 4174
f 4172 4174 4175
f 4173 4176 4177
f 4173 4177 4174
f 4175 4174 4178
f 4175 4178 4179
f 4174 4177 4180
f 4174 4180 4178
f 4116 4181 4172
f 4116 4172 4129
f 4181 4182 4173
f 4181 4173 4172
f 4182 4183 4176
f 4182 4176 4173
f 4183 2848 2867
f 4183 2867 4176
f 4176 2867 2866
f 4176 2866 4177
f 4177 2866 2865
f 4177 2865 4180
f 4180 2865 2864
f 4180 2864 4171
f 4178 4180 4171
f 4178 4171 4170
f 4179 4178 4170
f 4179 4170 4169
f 4131 4179 4169
f 4131 4169 4132
f 4130 4175 4179
f 4130 4179 4131
f 4129 4172 4175
f 4129 4175 4130
f 4184 4185 4186
f 4184 4186 4187
f 4185 4188 4189
f 4185 4189 4186
f 4187 4186 4190
f 4187 4190 4191
f 4186 4189 4192
f 4186 4192 4190
f 4112 4193 4184
f 4112 4184 4113
f 4193 4194 4185
f 4193 4185 4184
f 4194 4195 4188
f 4194 4188 4185
f 4195 2828 2851
f 4195 2851 4188
f 4188 2851 2850
f 4188 2850 4189
f 4189 2850 2849
f 4189 2849 4192
f 4192 2849 2848
f 4192 2848 4183
f 4190 4192 4183
f 4190 4183 4182
f 4191 4190 4182
f 4191 4182 4181
f 4115 4191 4181
f 4115 4181 4116
f 4114 4187 4191
f 4114 4191 4115
f 4113 4184 4187
f 4113 4187 4114
f 4196 4197 4198
f 4196 4198 4199
f 4197 4200 4201
f 4197 4201 4198
f 4199 4198 4202
f 4199 4202 4203
f 4198 4201 4204
f 4198 4204 4202
f 3986 4004 4196
f 3986 4196 4205
f 4004 4003 4197
f 4004 4197 4196
f 4003 4002 4200
f 4003 4200 4197
f 4002 2832 2831
f 4002 2831 4200
f 4200 2831 2830
f 4200 2830 4201
f 4201 2830 2829
f 4201 2829 4204
f 4204 2829 2828
f 4204 2828 4195
f 4202 4204 4195
f 4202 4195 4194
f 4203 4202 4194
f 4203 4194 4193
f 4206 4203 4193
f 4206 4193 4112
f 4207 4199 4203
f 4207 4203 4206
f 4205 4196 4199
f 4205 4199 4207
f 4208 4209 4210
f 4208 4210 4211
f 4209 4212 4213
f 4209 4213 4210
f 4211 4210 4214
f 4211 4214 4215
f 4210 4213 4216
f 4210 4216 4214
f 3969 3989 4208
f 3969 4208 4217
f 3989 3988 4209
f 3989 4209 4208
f 3988 3987 4212
f 3988 4212 4209
f 3987 3986 4205
f 3987 4205 4212
f 4212 4205 4207
f 4212 4207 4213
f 4213 4207 4206
f 4213 4206 4216
f 4216 4206 4112
f 4216 4112 4111
f 4214 4216 4111
f 4214 4111 4110
f 4215 4214 4110
f 4215 4110 4109
f 4218 4215 4109
f 4218 4109 4075
f 4219 4211 4215
f 4219 4215 4218
f 4217 4208 4211
f 4217 4211 4219
f 4220 4221 4222
f 4220 4222 4223
f 4221 4224 4225
f 4221 4225 4222
f 4223 4222 4226
f 4223 4226 4227
f 4222 4225 4228
f 4222 4228 4226
f 1367 3973 4220
f 1367 4220 1368
f 3973 3972 4221
f 3973 4221 4220
f 3972 3970 4224
f 3972 4224 4221
f 3970 3969 4217
f 3970 4217 4224
f 4224 4217 4219
f 4224 4219 4225
f 4225 4219 4218
f 4225 4218 4228
f 4228 4218 4075
f 4228 4075 4077
f 4226 4228 4077
f 4226 4077 4074
f 4227 4226 4074
f 4227 4074 4073
f 1373 4227 4073
f 1373 4073 1371
f 1370 4223 4227
f 1370 4227 1373
f 1368 4220 4223
f 1368 4223 1370
f 4229 4230 4231
f 4229 4231 4232
f 4230 4233 4234
f 4230 4234 4231
f 4232 4231 4235
f 4232 4235 4236
f 4231 4234 4237
f 4231 4237 4235
f 4238 4239 4229
f 4238 4229 4240
f 4239 4241 4230
f 4239 4230 4229
f 4241 4242 4233
f 4241 4233 4230
f 4242 4243 4244
f 4242 4244 4233
f 4233 4244 4245
f 4233 4245 4234
f 4234 4245 4246
f 4234 4246 4237
f 4237 4246 4247
f 4237 4247 4248
f 4235 4237 4248
f 4235 4248 4249
f 4236 4235 4249
f 4236 4249 4250
f 4251 4236 4250
f 4251 4250 4252
f 4253 4232 4236
f 4253 4236 4251
f 4240 4229 4232
f 4240 4232 4253
f 4254 4255 4256
f 4254 4256 4257
f 4255 4258 4259
f 4255 4259 4256
f 4257 4256 4260
f 4257 4260 4261
f 4256 4259 4262
f 4256 4262 4260
f 4252 4250 4254
f 4252 4254 4263
f 4250 4249 4255
f 4250 4255 4254
f 4249 4248 4258
f 4249 4258 4255
f 4248 4247 4264
f 4248 4264 4258
f 4258 4264 4265
f 4258 4265 4259
f 4259 4265 4266
f 4259 4266 4262
f 4262 4266 4267
f 4262 4267 4268
f 4260 4262 4268
f 4260 4268 4269
f 4261 4260 4269
f 4261 4269 4270
f 4271 4261 4270
f 4271 4270 4272
f 4273 4257 4261
f 4273 4261 4271
f 4263 4254 4257
f 4263 4257 4273
f 4274 4275 4276
f 4274 4276 4277
f 4275 4278 4279
f 4275 4279 4276
f 4277 4276 4280
f 4277 4280 4281
f 4276 4279 4282
f 4276 4282 4280
f 4272 4270 4274
f 4272 4274 4283
f 4270 4269 4275
f 4270 4275 4274
f 4269 4268 4278
f 4269 4278 4275
f 4268 4267 4284
f 4268 4284 4278
f 4278 4284 4285
f 4278 4285 4279
f 4279 4285 4286
f 4279 4286 4282
f 4282 4286 4287
f 4282 4287 4288
f 4280 4282 4288
f 4280 4288 4289
f 4281 4280 4289
f 4281 4289 4290
f 4291 4281 4290
f 4291 4290 4292
f 4293 4277 4281
f 4293 4281 4291
f 4283 4274 4277
f 4283 4277 4293
f 4294 4295 4296
f 4294 4296 4297
f 4295 4298 4299
f 4295 4299 4296
f 4297 4296 4300
f 4297 4300 4301
f 4296 4299 4302
f 4296 4302 4300
f 4292 4290 4294
f 4292 4294 4303
f 4290 4289 4295
f 4290 4295 4294
f 4289 4288 4298
f 4289 4298 4295
f 4288 4287 4304
f 4288 4304 4298
f 4298 4304 4305
f 4298 4305 4299
f 4299 4305 4306
f 4299 4306 4302
f 4302 4306 4307
f 4302 4307 4308
f 4300 4302 4308
f 4300 4308 4309
f 4301 4300 4309
f 4301 4309 4310
f 4311 4301 4310
f 4311 4310 4312
f 4313 4297 4301
f 4313 4301 4311
f 4303 4294 4297
f 4303 4297 4313
f 4314 4315 4316
f 4314 4316 4317
f 4315 4318 4319
f 4315 4319 4316
f 4317 4316 4320
f 4317 4320 4321
f 4316 4319 4322
f 4316 4322 4320
f 4312 4310 4314
f 4312 4314 4323
f 4310 4309 4315
f 4310 4315 4314
f 4309 4308 4318
f 4309 4318 4315
f 4308 4307 4324
f 4308 4324 4318
f 4318 4324 4325
f 4318 4325 4319
f 4319 4325 4326
f 4319 4326 4322
f 4322 4326 4327
f 4322 4327 4328
f 4320 4322 4328
f 4320 4328 4329
f 4321 4320 4329
f 4321 4329 4330
f 4331 4321 4330
f 4331 4330 4332
f 4333 4317 4321
f 4333 4321 4331
f 4323 4314 4317
f 4323 4317 4333
f 4334 4335 4336
f 4334 4336 4337
f 4335 4338 4339
f 4335 4339 4336
f 4337 4336 4340
f 4337 4340 4341
f 4336 4339 4342
f 4336 4342 4340
f 4332 4330 4334
f 4332 4334 4343
f 4330 4329 4335
f 4330 4335 4334
f 4329 4328 4338
f 4329 4338 4335
f 4328 4327 4344
f 4328 4344 4338
f 4338 4344 4345
f 4338 4345 4339
f 4339 4345 4346
f 4339 4346 4342
f 4342 4346 4347
f 4342 4347 4348
f 4340 4342 4348
f 4340 4348 4349
f 4341 4340 4349
f 4341 4349 4350
f 4351 4341 4350
f 4351 4350 4352
f 4353 4337 4341
f 4353 4341 4351
f 4343 4334 4337
f 4343 4337 4353
f 4354 4355 4356
f 4354 4356 4357
f 4355 4358 4359
f 4355 4359 4356
f 4357 4356 4360
f 4357 4360 4361
f 4356 4359 4362
f 4356 4362 4360
f 4352 4350 4354
f 4352 4354 4363
f 4350 4349 4355
f 4350 4355 4354
f 4349 4348 4358
f 4349 4358 4355
f 4348 4347 4364
f 4348 4364 4358
f 4358 4364 4365
f 4358 4365 4359
f 4359 4365 4366
f 4359 4366 4362
f 4362 4366 4367
f 4362 4367 4368
f 4360 4362 4368
f 4360 4368 4369
f 4361 4360 4369
f 4361 4369 4370
f 4371 4361 4370
f 4371 4370 4372
f 4373 4357 4361
f 4373 4361 4371
f 4363 4354 4357
f 4363 4357 4373
f 4374 4375 4376
f 4374 4376 4377
f 4375 4378 4379
f 4375 4379 4376
f 4377 4376 4380
f 4377 4380 4381
f 4376 4379 4382
f 4376 4382 4380
f 4372 4370 4374
f 4372 4374 4383
f 4370 4369 4375
f 4370 4375 4374
f 4369 4368 4378
f 4369 4378 4375
f 4368 4367 4384
f 4368 4384 4378
f 4378 4384 4385
f 4378 4385 4379
f 4379 4385 4386
f 4379 4386 4382
f 4382 4386 4387
f 4382 4387 4388
f 4380 4382 4388
f 4380 4388 4389
f 4381 4380 4389
f 4381 4389 4390
f 4391 4381 4390
f 4391 4390 4392
f 4393 4377 4381
f 4393 4381 4391
f 4383 4374 4377
f 4383 4377 4393
f 4394 4395 4396
f 4394 4396 4397
f 4395 4398 4399
f 4395 4399 4396
f 4397 4396 4400
f 4397 4400 4401
f 4396 4399 4402
f 4396 4402 4400
f 4392 4390 4394
f 4392 4394 4403
f 4390 4389 4395
f 4390 4395 4394
f 4389 4388 4398
f 4389 4398 4395
f 4388 4387 4404
f 4388 4404 4398
f 4398 4404 4405
f 4398 4405 4399
f 4399 4405 4406
f 4399 4406 4402
f 4402 4406 4407
f 4402 4407 4408
f 4400 4402 4408
f 4400 4408 4409
f 4401 4400 4409
f 4401 4409 4410
f 4411 4401 4410
f 4411 4410 4412
f 4413 4397 4401
f 4413 4401 4411
f 4403 4394 4397
f 4403 4397 4413
f 4414 4415 4416
f 4414 4416 4417
f 4415 4418 4419
f 4415 4419 4416
f 4417 4416 4420
f 4417 4420 4421
f 4416 4419 4422
f 4416 4422 4420
f 4412 4410 4414
f 4412 4414 4423
f 4410 4409 4415
f 4410 4415 4414
f 4409 4408 4418
f 4409 4418 4415
f 4408 4407 4424
f 4408 4424 4418
f 4418 4424 4425
f 4418 4425 4419
f 4419 4425 4426
f 4419 4426 4422
f 4422 4426 4427
f 4422 4427 4428
f 4420 4422 4428
f 4420 4428 4429
f 4421 4420 4429
f 4421 4429 4430
f 4431 4421 4430
f 4431 4430 4432
f 4433 4417 4421
f 4433 4421 4431
f 4423 4414 4417
f 4423 4417 4433
f 4434 4435 4436
f 4434 4436 4437
f 4435 4438 4439
f 4435 4439 4436
f 4437 4436 4440
f 4437 4440 4441
f 4436 4439 4442
f 4436 4442 4440
f 4432 4430 4434
f 4432 4434 4443
f 4430 4429 4435
f 4430 4435 4434
f 4429 4428 4438
f 4429 4438 4435
f 4428 4427 4444
f 4428 4444 4438
f 4438 4444 4445
f 4438 4445 4439
f 4439 4445 4446
f 4439 4446 4442
f 4442 4446 4447
f 4442 4447 4448
f 4440 4442 4448
f 4440 4448 4449
f 4441 4440 4449
f 4441 4449 4450
f 4451 4441 4450
f 4451 4450 4452
f 4453 4437 4441
f 4453 4441 4451
f 4443 4434 4437
f 4443 4437 4453
f 4454 4455 4456
f 4454 4456 4457
f 4455 4458 4459
f 4455 4459 4456
f 4457 4456 4460
f 4457 4460 4461
f 4456 4459 4462
f 4456 4462 4460
f 4452 4450 4454
f 4452 4454 4463
f 4450 4449 4455
f 4450 4455 4454
f 4449 4448 4458
f 4449 4458 4455
f 4448 4447 4464
f 4448 4464 4458
f 4458 4464 4465
f 4458 4465 4459
f 4459 4465 4466
f 4459 4466 4462
f 4462 4466 4467
f 4462 4467 4468
f 4460 4462 4468
f 4460 4468 4469
f 4461 4460 4469
f 4461 4469 4470
f 4471 4461 4470
f 4471 4470 4472
f 4473 4457 4461
f 4473 4461 4471
f 4463 4454 4457
f 4463 4457 4473
f 4474 4475 4476
f 4474 4476 4477
f 4475 4478 4479
f 4475 4479 4476
f 4477 4476 4480
f 4477 4480 4481
f 4476 4479 4482
f 4476 4482 4480
f 4472 4470 4474
f 4472 4474 4483
f 4470 4469 4475
f 4470 4475 4474
f 4469 4468 4478
f 4469 4478 4475
f 4468 4467 4484
f 4468 4484 4478
f 4478 4484 4485
f 4478 4485 4479
f 4479 4485 4486
f 4479 4486 4482
f 4482 4486 4487
f 4482 4487 4488
f 4480 4482 4488
f 4480 4488 4489
f 4481 4480 4489
f 4481 4489 4490
f 4491 4481 4490
f 4491 4490 4492
f 4493 4477 4481
f 4493 4481 4491
f 4483 4474 4477
f 4483 4477 4493
f 4494 4495 4496
f 4494 4496 4497
f 4495 4498 4499
f 4495 4499 4496
f 4497 4496 4500
f 4497 4500 4501
f 4496 4499 4502
f 4496 4502 4500
f 4492 4490 4494
f 4492 4494 4503
f 4490 4489 4495
f 4490 4495 4494
f 4489 4488 4498
f 4489 4498 4495
f 4488 4487 4504
f 4488 4504 4498
f 4498 4504 4505
f 4498 4505 4499
f 4499 4505 4506
f 4499 4506 4502
f 4502 4506 4507
f 4502 4507 4508
f 4500 4502 4508
f 4500 4508 4509
f 4501 4500 4509
f 4501 4509 4510
f 4511 4501 4510
f 4511 4510 4512
f 4513 4497 4501
f 4513 4501 4511
f 4503 4494 4497
f 4503 4497 4513
f 4514 4515 4516
f 4514 4516 4517
f 4518 4519 4516
f 4518 4516 4515
f 4520 4521 4516
f 4520 4516 4519
f 4522 4523 4516
f 4522 4516 4521
f 4524 4525 4516
f 4524 4516 4523
f 4526 4527 4516
f 4526 4516 4525
f 4528 4529 4516
f 4528 4516 4527
f 4530 4531 4516
f 4530 4516 4529
f 4532 4533 4516
f 4532 4516 4531
f 4534 4535 4516
f 4534 4516 4533
f 4536 4537 4516
f 4536 4516 4535
f 4538 4539 4516
f 4538 4516 4537
f 4540 4541 4516
f 4540 4516 4539
f 4542 4543 4516
f 4542 4516 4541
f 4544 4545 4516
f 4544 4516 4543
f 4546 4517 4516
f 4546 4516 4545
f 4547 4548 4514
f 4547 4514 4549
f 4548 4550 4515
f 4548 4515 4514
f 4549 4514 4517
f 4549 4517 4551
f 4552 4553 4518
f 4552 4518 4554
f 4553 4555 4519
f 4553 4519 4518
f 4554 4518 4515
f 4554 4515 4550
f 4556 4557 4520
f 4556 4520 4558
f 4557 4559 4521
f 4557 4521 4520
f 4558 4520 4519
f 4558 4519 4555
f 4560 4561 4522
f 4560 4522 4562
f 4561 4563 4523
f 4561 4523 4522
f 4562 4522 4521
f 4562 4521 4559
f 4564 4565 4524
f 4564 4524 4566
f 4565 4567 4525
f 4565 4525 4524
f 4566 4524 4523
f 4566 4523 4563
f 4568 4569 4526
f 4568 4526 4570
f 4569 4571 4527
f 4569 4527 4526
f 4570 4526 4525
f 4570 4525 4567
f 4572 4573 4528
f 4572 4528 4574
f 4573 4575 4529
f 4573 4529 4528
f 4574 4528 4527
f 4574 4527 4571
f 4576 4577 4530
f 4576 4530 4578
f 4577 4579 4531
f 4577 4531 4530
f 4578 4530 4529
f 4578 4529 4575
f 4580 4581 4532
f 4580 4532 4582
f 4581 4583 4533
f 4581 4533 4532
f 4582 4532 4531
f 4582 4531 4579
f 4584 4585 4534
f 4584 4534 4586
f 4585 4587 4535
f 4585 4535 4534
f 4586 4534 4533
f 4586 4533 4583
f 4588 4589 4536
f 4588 4536 4590
f 4589 4591 4537
f 4589 4537 4536
f 4590 4536 4535
f 4590 4535 4587
f 4592 4593 4538
f 4592 4538 4594
f 4593 4595 4539
f 4593 4539 4538
f 4594 4538 4537
f 4594 4537 4591
f 4596 4597 4540
f 4596 4540 4598
f 4597 4599 4541
f 4597 4541 4540
f 4598 4540 4539
f 4598 4539 4595
f 4600 4601 4542
f 4600 4542 4602
f 4601 4603 4543
f 4601 4543 4542
f 4602 4542 4541
f 4602 4541 4599
f 4604 4605 4544
f 4604 4544 4606
f 4605 4607 4545
f 4605 4545 4544
f 4606 4544 4543
f 4606 4543 4603
f 4608 4609 4546
f 4608 4546 4610
f 4609 4551 4517
f 4609 4517 4546
f 4610 4546 4545
f 4610 4545 4607
f 4611 4612 4613
f 4611 4613 4614
f 4612 4615 4616
f 4612 4616 4613
f 4614 4613 4617
f 4614 4617 4618
f 4613 4616 4619
f 4613 4619 4617
f 4512 4510 4611
f 4512 4611 4620
f 4510 4509 4612
f 4510 4612 4611
f 4509 4508 4615
f 4509 4615 4612
f 4508 4507 4621
f 4508 4621 4615
f 4615 4621 4622
f 4615 4622 4616
f 4616 4622 4623
f 4616 4623 4619
f 4619 4623 4624
f 4619 4624 4625
f 4617 4619 4625
f 4617 4625 4626
f 4618 4617 4626
f 4618 4626 4627
f 4628 4618 4627
f 4628 4627 4629
f 4630 4614 4618
f 4630 4618 4628
f 4620 4611 4614
f 4620 4614 4630
f 4631 4632 4633
f 4631 4633 4634
f 4632 4635 4636
f 4632 4636 4633
f 4634 4633 4637
f 4634 4637 4638
f 4633 4636 4639
f 4633 4639 4637
f 4629 4627 4631
f 4629 4631 4640
f 4627 4626 4632
f 4627 4632 4631
f 4626 4625 4635
f 4626 4635 4632
f 4625 4624 4641
f 4625 4641 4635
f 4635 4641 4642
f 4635 4642 4636
f 4636 4642 4643
f 4636 4643 4639
f 4639 4643 4243
f 4639 4243 4242
f 4637 4639 4242
f 4637 4242 4241
f 4638 4637 4241
f 4638 4241 4239
f 4644 4638 4239
f 4644 4239 4238
f 4645 4634 4638
f 4645 4638 4644
f 4640 4631 4634
f 4640 4634 4645
f 4646 4647 4648
f 4646 4648 4649
f 4650 4651 4648
f 4650 4648 4647
f 4652 4653 4648
f 4652 4648 4651
f 4654 4655 4648
f 4654 4648 4653
f 4656 4657 4648
f 4656 4648 4655
f 4658 4659 4648
f 4658 4648 4657
f 4660 4661 4648
f 4660 4648 4659
f 4662 4663 4648
f 4662 4648 4661
f 4664 4665 4648
f 4664 4648 4663
f 4666 4667 4648
f 4666 4648 4665
f 4668 4669 4648
f 4668 4648 4667
f 4670 4671 4648
f 4670 4648 4669
f 4672 4673 4648
f 4672 4648 4671
f 4674 4675 4648
f 4674 4648 4673
f 4676 4677 4648
f 4676 4648 4675
f 4678 4649 4648
f 4678 4648 4677
f 4679 4680 4646
f 4679 4646 4681
f 4680 4682 4647
f 4680 4647 4646
f 4681 4646 4649
f 4681 4649 4683
f 4684 4685 4650
f 4684 4650 4686
f 4685 4687 4651
f 4685 4651 4650
f 4686 4650 4647
f 4686 4647 4682
f 4688 4689 4652
f 4688 4652 4690
f 4689 4691 4653
f 4689 4653 4652
f 4690 4652 4651
f 4690 4651 4687
f 4692 4693 4654
f 4692 4654 4694
f 4693 4695 4655
f 4693 4655 4654
f 4694 4654 4653
f 4694 4653 4691
f 4696 4697 4656
f 4696 4656 4698
f 4697 4699 4657
f 4697 4657 4656
f 4698 4656 4655
f 4698 4655 4695
f 4700 4701 4658
f 4700 4658 4702
f 4701 4703 4659
f 4701 4659 4658
f 4702 4658 4657
f 4702 4657 4699
f 4704 4705 4660
f 4704 4660 4706
f 4705 4707 4661
f 4705 4661 4660
f 4706 4660 4659
f 4706 4659 4703
f 4708 4709 4662
f 4708 4662 4710
f 4709 4711 4663
f 4709 4663 4662
f 4710 4662 4661
f 4710 4661 4707
f 4712 4713 4664
f 4712 4664 4714
f 4713 4715 4665
f 4713 4665 4664
f 4714 4664 4663
f 4714 4663 4711
f 4716 4717 4666
f 4716 4666 4718
f 4717 4719 4667
f 4717 4667 4666
f 4718 4666 4665
f 4718 4665 4715
f 4720 4721 4668
f 4720 4668 4722
f 4721 4723 4669
f 4721 4669 4668
f 4722 4668 4667
f 4722 4667 4719
f 4724 4725 4670
f 4724 4670 4726
f 4725 4727 4671
f 4725 4671 4670
f 4726 4670 4669
f 4726 4669 4723
f 4728 4729 4672
f 4728 4672 4730
f 4729 4731 4673
f 4729 4673 4672
f 4730 4672 4671
f 4730 4671 4727
f 4732 4733 4674
f 4732 4674 4734
f 4733 4735 4675
f 4733 4675 4674
f 4734 4674 4673
f 4734 4673 4731
f 4736 4737 4676
f 4736 4676 4738
f 4737 4739 4677
f 4737 4677 4676
f 4738 4676 4675
f 4738 4675 4735
f 4740 4741 4678
f 4740 4678 4742
f 4741 4683 4649
f 4741 4649 4678
f 4742 4678 4677
f 4742 4677 4739
f 4743 4744 4745
f 4743 4745 4746
f 4744 4747 4748
f 4744 4748 4745
f 4746 4745 4749
f 4746 4749 4750
f 4745 4748 4751
f 4745 4751 4749
f 4684 4686 4743
f 4684 4743 4752
f 4686 4682 4744
f 4686 4744 4743
f 4682 4680 4747
f 4682 4747 4744
f 4680 4679 4753
f 4680 4753 4747
f 4747 4753 4754
f 4747 4754 4748
f 4748 4754 4755
f 4748 4755 4751
f 4751 4755 4238
f 4751 4238 4240
f 4749 4751 4240
f 4749 4240 4253
f 4750 4749 4253
f 4750 4253 4251
f 4756 4750 4251
f 4756 4251 4252
f 4757 4746 4750
f 4757 4750 4756
f 4752 4743 4746
f 4752 4746 4757
f 4758 4759 4760
f 4758 4760 4761
f 4759 4762 4763
f 4759 4763 4760
f 4761 4760 4764
f 4761 4764 4765
f 4760 4763 4766
f 4760 4766 4764
f 4552 4554 4758
f 4552 4758 4767
f 4554 4550 4759
f 4554 4759 4758
f 4550 4548 4762
f 4550 4762 4759
f 4548 4547 4768
f 4548 4768 4762
f 4762 4768 4769
f 4762 4769 4763
f 4763 4769 4770
f 4763 4770 4766
f 4766 4770 4247
f 4766 4247 4246
f 4764 4766 4246
f 4764 4246 4245
f 4765 4764 4245
f 4765 4245 4244
f 4771 4765 4244
f 4771 4244 4243
f 4772 4761 4765
f 4772 4765 4771
f 4767 4758 4761
f 4767 4761 4772
f 4773 4774 4775
f 4773 4775 4776
f 4774 4777 4778
f 4774 4778 4775
f 4776 4775 4779
f 4776 4779 4780
f 4775 4778 4781
f 4775 4781 4779
f 4688 4690 4773
f 4688 4773 4782
f 4690 4687 4774
f 4690 4774 4773
f 4687 4685 4777
f 4687 4777 4774
f 4685 4684 4752
f 4685 4752 4777
f 4777 4752 4757
f 4777 4757 4778
f 4778 4757 4756
f 4778 4756 4781
f 4781 4756 4252
f 4781 4252 4263
f 4779 4781 4263
f 4779 4263 4273
f 4780 4779 4273
f 4780 4273 4271
f 4783 4780 4271
f 4783 4271 4272
f 4784 4776 4780
f 4784 4780 4783
f 4782 4773 4776
f 4782 4776 4784
f 4785 4786 4787
f 4785 4787 4788
f 4786 4789 4790
f 4786 4790 4787
f 4788 4787 4791
f 4788 4791 4792
f 4787 4790 4793
f 4787 4793 4791
f 4547 4549 4785
f 4547 4785 4768
f 4549 4551 4786
f 4549 4786 4785
f 4551 4609 4789
f 4551 4789 4786
f 4609 4608 4794
f 4609 4794 4789
f 4789 4794 4795
f 4789 4795 4790
f 4790 4795 4796
f 4790 4796 4793
f 4793 4796 4267
f 4793 4267 4266
f 4791 4793 4266
f 4791 4266 4265
f 4792 4791 4265
f 4792 4265 4264
f 4770 4792 4264
f 4770 4264 4247
f 4769 4788 4792
f 4769 4792 4770
f 4768 4785 4788
f 4768 4788 4769
f 4797 4798 4799
f 4797 4799 4800
f 4798 4801 4802
f 4798 4802 4799
f 4800 4799 4803
f 4800 4803 4804
f 4799 4802 4805
f 4799 4805 4803
f 4692 4694 4797
f 4692 4797 4806
f 4694 4691 4798
f 4694 4798 4797
f 4691 4689 4801
f 4691 4801 4798
f 4689 4688 4782
f 4689 4782 4801
f 4801 4782 4784
f 4801 4784 4802
f 4802 4784 4783
f 4802 4783 4805
f 4805 4783 4272
f 4805 4272 4283
f 4803 4805 4283
f 4803 4283 4293
f 4804 4803 4293
f 4804 4293 4291
f 4807 4804 4291
f 4807 4291 4292
f 4808 4800 4804
f 4808 4804 4807
f 4806 4797 4800
f 4806 4800 4808
f 4809 4810 4811
f 4809 4811 4812
f 4810 4813 4814
f 4810 4814 4811
f 4812 4811 4815
f 4812 4815 4816
f 4811 4814 4817
f 4811 4817 4815
f 4608 4610 4809
f 4608 4809 4794
f 4610 4607 4810
f 4610 4810 4809
f 4607 4605 4813
f 4607 4813 4810
f 4605 4604 4818
f 4605 4818 4813
f 4813 4818 4819
f 4813 4819 4814
f 4814 4819 4820
f 4814 4820 4817
f 4817 4820 4287
f 4817 4287 4286
f 4815 4817 4286
f 4815 4286 4285
f 4816 4815 4285
f 4816 4285 4284
f 4796 4816 4284
f 4796 4284 4267
f 4795 4812 4816
f 4795 4816 4796
f 4794 4809 4812
f 4794 4812 4795
f 4821 4822 4823
f 4821 4823 4824
f 4822 4825 4826
f 4822 4826 4823
f 4824 4823 4827
f 4824 4827 4828
f 4823 4826 4829
f 4823 4829 4827
f 4696 4698 4821
f 4696 4821 4830
f 4698 4695 4822
f 4698 4822 4821
f 4695 4693 4825
f 4695 4825 4822
f 4693 4692 4806
f 4693 4806 4825
f 4825 4806 4808
f 4825 4808 4826
f 4826 4808 4807
f 4826 4807 4829
f 4829 4807 4292
f 4829 4292 4303
f 4827 4829 4303
f 4827 4303 4313
f 4828 4827 4313
f 4828 4313 4311
f 4831 4828 4311
f 4831 4311 4312
f 4832 4824 4828
f 4832 4828 4831
f 4830 4821 4824
f 4830 4824 4832
f 4833 4834 4835
f 4833 4835 4836
f 4834 4837 4838
f 4834 4838 4835
f 4836 4835 4839
f 4836 4839 4840
f 4835 4838 4841
f 4835 4841 4839
f 4604 4606 4833
f 4604 4833 4818
f 4606 4603 4834
f 4606 4834 4833
f 4603 4601 4837
f 4603 4837 4834
f 4601 4600 4842
f 4601 4842 4837
f 4837 4842 4843
f 4837 4843 4838
f 4838 4843 4844
f 4838 4844 4841
f 4841 4844 4307
f 4841 4307 4306
f 4839 4841 4306
f 4839 4306 4305
f 4840 4839 4305
f 4840 4305 4304
f 4820 4840 4304
f 4820 4304 4287
f 4819 4836 4840
f 4819 4840 4820
f 4818 4833 4836
f 4818 4836 4819
f 4845 4846 4847
f 4845 4847 4848
f 4846 4849 4850
f 4846 4850 4847
f 4848 4847 4851
f 4848 4851 4852
f 4847 4850 4853
f 4847 4853 4851
f 4700 4702 4845
f 4700 4845 4854
f 4702 4699 4846
f 4702 4846 4845
f 4699 4697 4849
f 4699 4849 4846
f 4697 4696 4830
f 4697 4830 4849
f 4849 4830 4832
f 4849 4832 4850
f 4850 4832 4831
f 4850 4831 4853
f 4853 4831 4312
f 4853 4312 4323
f 4851 4853 4323
f 4851 4323 4333
f 4852 4851 4333
f 4852 4333 4331
f 4855 4852 4331
f 4855 4331 4332
f 4856 4848 4852
f 4856 4852 4855
f 4854 4845 4848
f 4854 4848 4856
f 4857 4858 4859
f 4857 4859 4860
f 4858 4861 4862
f 4858 4862 4859
f 4860 4859 4863
f 4860 4863 4864
f 4859 4862 4865
f 4859 4865 4863
f 4600 4602 4857
f 4600 4857 4842
f 4602 4599 4858
f 4602 4858 4857
f 4599 4597 4861
f 4599 4861 4858
f 4597 4596 4866
f 4597 4866 4861
f 4861 4866 4867
f 4861 4867 4862
f 4862 4867 4868
f 4862 4868 4865
f 4865 4868 4327
f 4865 4327 4326
f 4863 4865 4326
f 4863 4326 4325
f 4864 4863 4325
f 4864 4325 4324
f 4844 4864 4324
f 4844 4324 4307
f 4843 4860 4864
f 4843 4864 4844
f 4842 4857 4860
f 4842 4860 4843
f 4869 4870 4871
f 4869 4871 4872
f 4870 4873 4874
f 4870 4874 4871
f 4872 4871 4875
f 4872 4875 4876
f 4871 4874 4877
f 4871 4877 4875
f 4704 4706 4869
f 4704 4869 4878
f 4706 4703 4870
f 4706 4870 4869
f 4703 4701 4873
f 4703 4873 4870
f 4701 4700 4854
f 4701 4854 4873
f 4873 4854 4856
f 4873 4856 4874
f 4874 4856 4855
f 4874 4855 4877
f 4877 4855 4332
f 4877 4332 4343
f 4875 4877 4343
f 4875 4343 4353
f 4876 4875 4353
f 4876 4353 4351
f 4879 4876 4351
f 4879 4351 4352
f 4880 4872 4876
f 4880 4876 4879
f 4878 4869 4872
f 4878 4872 4880
f 4881 4882 4883
f 4881 4883 4884
f 4882 4885 4886
f 4882 4886 4883
f 4884 4883 4887
f 4884 4887 4888
f 4883 4886 4889
f 4883 4889 4887
f 4596 4598 4881
f 4596 4881 4866
f 4598 4595 4882
f 4598 4882 4881
f 4595 4593 4885
f 4595 4885 4882
f 4593 4592 4890
f 4593 4890 4885
f 4885 4890 4891
f 4885 4891 4886
f 4886 4891 4892
f 4886 4892 4889
f 4889 4892 4347
f 4889 4347 4346
f 4887 4889 4346
f 4887 4346 4345
f 4888 4887 4345
f 4888 4345 4344
f 4868 4888 4344
f 4868 4344 4327
f 4867 4884 4888
f 4867 4888 4868
f 4866 4881 4884
f 4866 4884 4867
f 4893 4894 4895
f 4893 4895 4896
f 4894 4897 4898
f 4894 4898 4895
f 4896 4895 4899
f 4896 4899 4900
f 4895 4898 4901
f 4895 4901 4899
f 4708 4710 4893
f 4708 4893 4902
f 4710 4707 4894
f 4710 4894 4893
f 4707 4705 4897
f 4707 4897 4894
f 4705 4704 4878
f 4705 4878 4897
f 4897 4878 4880
f 4897 4880 4898
f 4898 4880 4879
f 4898 4879 4901
f 4901 4879 4352
f 4901 4352 4363
f 4899 4901 4363
f 4899 4363 4373
f 4900 4899 4373
f 4900 4373 4371
f 4903 4900 4371
f 4903 4371 4372
f 4904 4896 4900
f 4904 4900 4903
f 4902 4893 4896
f 4902 4896 4904
f 4905 4906 4907
f 4905 4907 4908
f 4906 4909 4910
f 4906 4910 4907
f 4908 4907 4911
f 4908 4911 4912
f 4907 4910 4913
f 4907 4913 4911
f 4592 4594 4905
f 4592 4905 4890
f 4594 4591 4906
f 4594 4906 4905
f 4591 4589 4909
f 4591 4909 4906
f 4589 4588 4914
f 4589 4914 4909
f 4909 4914 4915
f 4909 4915 4910
f 4910 4915 4916
f 4910 4916 4913
f 4913 4916 4367
f 4913 4367 4366
f 4911 4913 4366
f 4911 4366 4365
f 4912 4911 4365
f 4912 4365 4364
f 4892 4912 4364
f 4892 4364 4347
f 4891 4908 4912
f 4891 4912 4892
f 4890 4905 4908
f 4890 4908 4891
f 4917 4918 4919
f 4917 4919 4920
f 4918 4921 4922
f 4918 4922 4919
f 4920 4919 4923
f 4920 4923 4924
f 4919 4922 4925
f 4919 4925 4923
f 4712 4714 4917
f 4712 4917 4926
f 4714 4711 4918
f 4714 4918 4917
f 4711 4709 4921
f 4711 4921 4918
f 4709 4708 4902
f 4709 4902 4921
f 4921 4902 4904
f 4921 4904 4922
f 4922 4904 4903
f 4922 4903 4925
f 4925 4903 4372
f 4925 4372 4383
f 4923 4925 4383
f 4923 4383 4393
f 4924 4923 4393
f 4924 4393 4391
f 4927 4924 4391
f 4927 4391 4392
f 4928 4920 4924
f 4928 4924 4927
f 4926 4917 4920
f 4926 4920 4928
f 4929 4930 4931
f 4929 4931 4932
f 4930 4933 4934
f 4930 4934 4931
f 4932 4931 4935
f 4932 4935 4936
f 4931 4934 4937
f 4931 4937 4935
f 4588 4590 4929
f 4588 4929 4914
f 4590 4587 4930
f 4590 4930 4929
f 4587 4585 4933
f 4587 4933 4930
f 4585 4584 4938
f 4585 4938 4933
f 4933 4938 4939
f 4933 4939 4934
f 4934 4939 4940
f 4934 4940 4937
f 4937 4940 4387
f 4937 4387 4386
f 4935 4937 4386
f 4935 4386 4385
f 4936 4935 4385
f 4936 4385 4384
f 4916 4936 4384
f 4916 4384 4367
f 4915 4932 4936
f 4915 4936 4916
f 4914 4929 4932
f 4914 4932 4915
f 4941 4942 4943
f 4941 4943 4944
f 4942 4945 4946
f 4942 4946 4943
f 4944 4943 4947
f 4944 4947 4948
f 4943 4946 4949
f 4943 4949 4947
f 4716 4718 4941
f 4716 4941 4950
f 4718 4715 4942
f 4718 4942 4941
f 4715 4713 4945
f 4715 4945 4942
f 4713 4712 4926
f 4713 4926 4945
f 4945 4926 4928
f 4945 4928 4946
f 4946 4928 4927
f 4946 4927 4949
f 4949 4927 4392
f 4949 4392 4403
f 4947 4949 4403
f 4947 4403 4413
f 4948 4947 4413
f 4948 4413 4411
f 4951 4948 4411
f 4951 4411 4412
f 4952 4944 4948
f 4952 4948 4951
f 4950 4941 4944
f 4950 4944 4952
f 4953 4954 4955
f 4953 4955 4956
f 4954 4957 4958
f 4954 4958 4955
f 4956 4955 4959
f 4956 4959 4960
f 4955 4958 4961
f 4955 4961 4959
f 4584 4586 4953
f 4584 4953 4938
f 4586 4583 4954
f 4586 4954 4953
f 4583 4581 4957
f 4583 4957 4954
f 4581 4580 4962
f 4581 4962 4957
f 4957 4962 4963
f 4957 4963 4958
f 4958 4963 4964
f 4958 4964 4961
f 4961 4964 4407
f 4961 4407 4406
f 4959 4961 4406
f 4959 4406 4405
f 4960 4959 4405
f 4960 4405 4404
f 4940 4960 4404
f 4940 4404 4387
f 4939 4956 4960
f 4939 4960 4940
f 4938 4953 4956
f 4938 4956 4939
f 4965 4966 4967
f 4965 4967 4968
f 4966 4969 4970
f 4966 4970 4967
f 4968 4967 4971
f 4968 4971 4972
f 4967 4970 4973
f 4967 4973 4971
f 4720 4722 4965
f 4720 4965 4974
f 4722 4719 4966
f 4722 4966 4965
f 4719 4717 4969
f 4719 4969 4966
f 4717 4716 4950
f 4717 4950 4969
f 4969 4950 4952
f 4969 4952 4970
f 4970 4952 4951
f 4970 4951 4973
f 4973 4951 4412
f 4973 4412 4423
f 4971 4973 4423
f 4971 4423 4433
f 4972 4971 4433
f 4972 4433 4431
f 4975 4972 4431
f 4975 4431 4432
f 4976 4968 4972
f 4976 4972 4975
f 4974 4965 4968
f 4974 4968 4976
f 4977 4978 4979
f 4977 4979 4980
f 4978 4981 4982
f 4978 4982 4979
f 4980 4979 4983
f 4980 4983 4984
f 4979 4982 4985
f 4979 4985 4983
f 4580 4582 4977
f 4580 4977 4962
f 4582 4579 4978
f 4582 4978 4977
f 4579 4577 4981
f 4579 4981 4978
f 4577 4576 4986
f 4577 4986 4981
f 4981 4986 4987
f 4981 4987 4982
f 4982 4987 4988
f 4982 4988 4985
f 4985 4988 4427
f 4985 4427 4426
f 4983 4985 4426
f 4983 4426 4425
f 4984 4983 4425
f 4984 4425 4424
f 4964 4984 4424
f 4964 4424 4407
f 4963 4980 4984
f 4963 4984 4964
f 4962 4977 4980
f 4962 4980 4963
f 4989 4990 4991
f 4989 4991 4992
f 4990 4993 4994
f 4990 4994 4991
f 4992 4991 4995
f 4992 4995 4996
f 4991 4994 4997
f 4991 4997 4995
f 4724 4726 4989
f 4724 4989 4998
f 4726 4723 4990
f 4726 4990 4989
f 4723 4721 4993
f 4723 4993 4990
f 4721 4720 4974
f 4721 4974 4993
f 4993 4974 4976
f 4993 4976 4994
f 4994 4976 4975
f 4994 4975 4997
f 4997 4975 4432
f 4997 4432 4443
f 4995 4997 4443
f 4995 4443 4453
f 4996 4995 4453
f 4996 4453 4451
f 4999 4996 4451
f 4999 4451 4452
f 5000 4992 4996
f 5000 4996 4999
f 4998 4989 4992
f 4998 4992 5000
f 5001 5002 5003
f 5001 5003 5004
f 5002 5005 5006
f 5002 5006 5003
f 5004 5003 5007
f 5004 5007 5008
f 5003 5006 5009
f 5003 5009 5007
f 4576 4578 5001
f 4576 5001 4986
f 4578 4575 5002
f 4578 5002 5001
f 4575 4573 5005
f 4575 5005 5002
f 4573 4572 5010
f 4573 5010 5005
f 5005 5010 5011
f 5005 5011 5006
f 5006 5011 5012
f 5006 5012 5009
f 5009 5012 4447
f 5009 4447 4446
f 5007 5009 4446
f 5007 4446 4445
f 5008 5007 4445
f 5008 4445 4444
f 4988 5008 4444
f 4988 4444 4427
f 4987 5004 5008
f 4987 5008 4988
f 4986 5001 5004
f 4986 5004 4987
f 5013 5014 5015
f 5013 5015 5016
f 5014 5017 5018
f 5014 5018 5015
f 5016 5015 5019
f 5016 5019 5020
f 5015 5018 5021
f 5015 5021 5019
f 4728 4730 5013
f 4728 5013 5022
f 4730 4727 5014
f 4730 5014 5013
f 4727 4725 5017
f 4727 5017 5014
f 4725 4724 4998
f 4725 4998 5017
f 5017 4998 5000
f 5017 5000 5018
f 5018 5000 4999
f 5018 4999 5021
f 5021 4999 4452
f 5021 4452 4463
f 5019 5021 4463
f 5019 4463 4473
f 5020 5019 4473
f 5020 4473 4471
f 5023 5020 4471
f 5023 4471 4472
f 5024 5016 5020
f 5024 5020 5023
f 5022 5013 5016
f 5022 5016 5024
f 5025 5026 5027
f 5025 5027 5028
f 5026 5029 5030
f 5026 5030 5027
f 5028 5027 5031
f 5028 5031 5032
f 5027 5030 5033
f 5027 5033 5031
f 4572 4574 5025
f 4572 5025 5010
f 4574 4571 5026
f 4574 5026 5025
f 4571 4569 5029
f 4571 5029 5026
f 4569 4568 5034
f 4569 5034 5029
f 5029 5034 5035
f 5029 5035 5030
f 5030 5035 5036
f 5030 5036 5033
f 5033 5036 4467
f 5033 4467 4466
f 5031 5033 4466
f 5031 4466 4465
f 5032 5031 4465
f 5032 4465 4464
f 5012 5032 4464
f 5012 4464 4447
f 5011 5028 5032
f 5011 5032 5012
f 5010 5025 5028
f 5010 5028 5011
f 5037 5038 5039
f 5037 5039 5040
f 5038 5041 5042
f 5038 5042 5039
f 5040 5039 5043
f 5040 5043 5044
f 5039 5042 5045
f 5039 5045 5043
f 4732 4734 5037
f 4732 5037 5046
f 4734 4731 5038
f 4734 5038 5037
f 4731 4729 5041
f 4731 5041 5038
f 4729 4728 5022
f 4729 5022 5041
f 5041 5022 5024
f 5041 5024 5042
f 5042 5024 5023
f 5042 5023 5045
f 5045 5023 4472
f 5045 4472 4483
f 5043 5045 4483
f 5043 4483 4493
f 5044 5043 4493
f 5044 4493 4491
f 5047 5044 4491
f 5047 4491 4492
f 5048 5040 5044
f 5048 5044 5047
f 5046 5037 5040
f 5046 5040 5048
f 5049 5050 5051
f 5049 5051 5052
f 5050 5053 5054
f 5050 5054 5051
f 5052 5051 5055
f 5052 5055 5056
f 5051 5054 5057
f 5051 5057 5055
f 4568 4570 5049
f 4568 5049 5034
f 4570 4567 5050
f 4570 5050 5049
f 4567 4565 5053
f 4567 5053 5050
f 4565 4564 5058
f 4565 5058 5053
f 5053 5058 5059
f 5053 5059 5054
f 5054 5059 5060
f 5054 5060 5057
f 5057 5060 4487
f 5057 4487 4486
f 5055 5057 4486
f 5055 4486 4485
f 5056 5055 4485
f 5056 4485 4484
f 5036 5056 4484
f 5036 4484 4467
f 5035 5052 5056
f 5035 5056 5036
f 5034 5049 5052
f 5034 5052 5035
f 5061 5062 5063
f 5061 5063 5064
f 5062 5065 5066
f 5062 5066 5063
f 5064 5063 5067
f 5064 5067 5068
f 5063 5066 5069
f 5063 5069 5067
f 4736 4738 5061
f 4736 5061 5070
f 4738 4735 5062
f 4738 5062 5061
f 4735 4733 5065
f 4735 5065 5062
f 4733 4732 5046
f 4733 5046 5065
f 5065 5046 5048
f 5065 5048 5066
f 5066 5048 5047
f 5066 5047 5069
f 5069 5047 4492
f 5069 4492 4503
f 5067 5069 4503
f 5067 4503 4513
f 5068 5067 4513
f 5068 4513 4511
f 5071 5068 4511
f 5071 4511 4512
f 5072 5064 5068
f 5072 5068 5071
f 5070 5061 5064
f 5070 5064 5072
f 5073 5074 5075
f 5073 5075 5076
f 5074 5077 5078
f 5074 5078 5075
f 5076 5075 5079
f 5076 5079 5080
f 5075 5078 5081
f 5075 5081 5079
f 4564 4566 5073
f 4564 5073 5058
f 4566 4563 5074
f 4566 5074 5073
f 4563 4561 5077
f 4563 5077 5074
f 4561 4560 5082
f 4561 5082 5077
f 5077 5082 5083
f 5077 5083 5078
f 5078 5083 5084
f 5078 5084 5081
f 5081 5084 4507
f 5081 4507 4506
f 5079 5081 4506
f 5079 4506 4505
f 5080 5079 4505
f 5080 4505 4504
f 5060 5080 4504
f 5060 4504 4487
f 5059 5076 5080
f 5059 5080 5060
f 5058 5073 5076
f 5058 5076 5059
f 5085 5086 5087
f 5085 5087 5088
f 5086 5089 5090
f 5086 5090 5087
f 5088 5087 5091
f 5088 5091 5092
f 5087 5090 5093
f 5087 5093 5091
f 4740 4742 5085
f 4740 5085 5094
f 4742 4739 5086
f 4742 5086 5085
f 4739 4737 5089
f 4739 5089 5086
f 4737 4736 5070
f 4737 5070 5089
f 5089 5070 5072
f 5089 5072 5090
f 5090 5072 5071
f 5090 5071 5093
f 5093 5071 4512
f 5093 4512 4620
f 5091 5093 4620
f 5091 4620 4630
f 5092 5091 4630
f 5092 4630 4628
f 5095 5092 4628
f 5095 4628 4629
f 5096 5088 5092
f 5096 5092 5095
f 5094 5085 5088
f 5094 5088 5096
f 5097 5098 5099
f 5097 5099 5100
f 5098 5101 5102
f 5098 5102 5099
f 5100 5099 5103
f 5100 5103 5104
f 5099 5102 5105
f 5099 5105 5103
f 4560 4562 5097
f 4560 5097 5082
f 4562 4559 5098
f 4562 5098 5097
f 4559 4557 5101
f 4559 5101 5098
f 4557 4556 5106
f 4557 5106 5101
f 5101 5106 5107
f 5101 5107 5102
f 5102 5107 5108
f 5102 5108 5105
f 5105 5108 4624
f 5105 4624 4623
f 5103 5105 4623
f 5103 4623 4622
f 5104 5103 4622
f 5104 4622 4621
f 5084 5104 4621
f 5084 4621 4507
f 5083 5100 5104
f 5083 5104 5084
f 5082 5097 5100
f 5082 5100 5083
f 5109 5110 5111
f 5109 5111 5112
f 5110 5113 5114
f 5110 5114 5111
f 5112 5111 5115
f 5112 5115 5116
f 5111 5114 5117
f 5111 5117 5115
f 4679 4681 5109
f 4679 5109 4753
f 4681 4683 5110
f 4681 5110 5109
f 4683 4741 5113
f 4683 5113 5110
f 4741 4740 5094
f 4741 5094 5113
f 5113 5094 5096
f 5113 5096 5114
f 5114 5096 5095
f 5114 5095 5117
f 5117 5095 4629
f 5117 4629 4640
f 5115 5117 4640
f 5115 4640 4645
f 5116 5115 4645
f 5116 4645 4644
f 4755 5116 4644
f 4755 4644 4238
f 4754 5112 5116
f 4754 5116 4755
f 4753 5109 5112
f 4753 5112 4754
f 5118 5119 5120
f 5118 5120 5121
f 5119 5122 5123
f 5119 5123 5120
f 5121 5120 5124
f 5121 5124 5125
f 5120 5123 5126
f 5120 5126 5124
f 4556 4558 5118
f 4556 5118 5106
f 4558 4555 5119
f 4558 5119 5118
f 4555 4553 5122
f 4555 5122 5119
f 4553 4552 4767
f 4553 4767 5122
f 5122 4767 4772
f 5122 4772 5123
f 5123 4772 4771
f 5123 4771 5126
f 5126 4771 4243
f 5126 4243 4643
f 5124 5126 4643
f 5124 4643 4642
f 5125 5124 4642
f 5125 4642 4641
f 5108 5125 4641
f 5108 4641 4624
f 5107 5121 5125
f 5107 5125 5108
f 5106 5118 5121
f 5106 5121 5107
