# lizard mesh
v 0.303512 -0.107553 0.113272
v 0.291804 -0.115471 0.131374
v 0.293756 -0.118897 0.132279
v 0.305997 -0.111913 0.114425
v 0.301845 -0.152890 -0.054690
v 0.311753 -0.138262 -0.039426
v 0.314674 -0.143390 -0.038071
v 0.304330 -0.157251 -0.053538
v 0.313063 -0.102640 0.092541
v 0.315984 -0.107768 0.093896
v 0.289844 -0.168783 -0.066129
v 0.291796 -0.172209 -0.065224
v 0.320088 -0.100923 0.069976
v 0.323334 -0.106620 0.071482
v 0.276210 -0.185328 -0.073304
v 0.277555 -0.187688 -0.072680
v 0.324319 -0.102466 0.046445
v 0.327765 -0.108515 0.048044
v 0.261468 -0.201890 -0.075938
v 0.262153 -0.203093 -0.075620
v 0.325592 -0.107211 0.022852
v 0.329105 -0.113378 0.024482
v 0.263780 -0.139005 0.157032
v 0.248541 -0.153716 0.163603
v 0.264465 -0.140208 0.157350
v 0.246183 -0.217833 -0.073932
v 0.323859 -0.114975 0.000104
v 0.327305 -0.121023 0.001703
v 0.278388 -0.126091 0.146149
v 0.279733 -0.128451 0.146773
v 0.319186 -0.125459 -0.020924
v 0.322432 -0.131157 -0.019419
v 0.327670 -0.129801 0.004069
v 0.322776 -0.139425 -0.017190
v 0.279875 -0.131876 0.147696
v 0.293963 -0.123869 0.133619
v 0.314984 -0.150831 -0.036066
v 0.306260 -0.118242 0.116130
v 0.304593 -0.163579 -0.051832
v 0.316293 -0.115209 0.095901
v 0.292003 -0.177181 -0.063884
v 0.323678 -0.114888 0.073710
v 0.277697 -0.191113 -0.071757
v 0.328130 -0.117292 0.050409
v 0.262226 -0.204839 -0.075150
v 0.329478 -0.122327 0.026894
v 0.264538 -0.141954 0.157820
v 0.290457 -0.183507 -0.062160
v 0.276632 -0.195470 -0.070570
v 0.321106 -0.125409 0.076575
v 0.325400 -0.128461 0.053451
v 0.261683 -0.207061 -0.074545
v 0.326694 -0.133715 0.029996
v 0.263995 -0.144176 0.158425
v 0.324940 -0.140969 0.007110
v 0.278810 -0.136234 0.148883
v 0.320204 -0.149946 -0.014325
v 0.292417 -0.130196 0.135342
v 0.312669 -0.160299 -0.033487
v 0.304292 -0.126294 0.118323
v 0.302625 -0.171631 -0.049639
v 0.313979 -0.124677 0.098480
v 0.314816 -0.162315 -0.010933
v 0.307820 -0.171431 -0.030434
v 0.289176 -0.137634 0.137382
v 0.300168 -0.135761 0.120919
v 0.298501 -0.181098 -0.047043
v 0.309130 -0.135809 0.101533
v 0.287216 -0.190945 -0.060121
v 0.315718 -0.137778 0.079968
v 0.274400 -0.200594 -0.069165
v 0.319680 -0.141591 0.057052
v 0.260545 -0.209673 -0.073828
v 0.320862 -0.147103 0.033667
v 0.262857 -0.146787 0.159142
v 0.319220 -0.154100 0.010712
v 0.276578 -0.141357 0.150288
v 0.271088 -0.206286 -0.067596
v 0.258856 -0.212575 -0.073028
v 0.311189 -0.156180 0.061074
v 0.312205 -0.161977 0.037768
v 0.261168 -0.149689 0.159942
v 0.310729 -0.168689 0.014734
v 0.273265 -0.147049 0.151857
v 0.306818 -0.176057 -0.007144
v 0.284367 -0.145898 0.139660
v 0.300622 -0.183798 -0.027024
v 0.294046 -0.146278 0.123819
v 0.292380 -0.191616 -0.044143
v 0.301932 -0.148177 0.104943
v 0.282407 -0.199209 -0.057842
v 0.307720 -0.151520 0.083756
v 0.278173 -0.154669 0.142090
v 0.286163 -0.157443 0.126911
v 0.291353 -0.196926 -0.023389
v 0.284496 -0.202780 -0.041051
v 0.292662 -0.161305 0.108578
v 0.276213 -0.207981 -0.055413
v 0.297420 -0.166107 0.087796
v 0.266821 -0.212328 -0.065922
v 0.300255 -0.171665 0.065363
v 0.256681 -0.215655 -0.072175
v 0.301057 -0.177766 0.042141
v 0.258993 -0.152770 0.160795
v 0.299795 -0.184174 0.019022
v 0.268999 -0.153091 0.153531
v 0.296518 -0.190644 -0.003104
v 0.287297 -0.187453 0.069753
v 0.287845 -0.193862 0.046617
v 0.256416 -0.155910 0.161668
v 0.254104 -0.218795 -0.071302
v 0.286837 -0.199961 0.023412
v 0.263943 -0.159251 0.155244
v 0.284312 -0.205515 0.001031
v 0.270833 -0.163612 0.144576
v 0.280367 -0.210310 -0.019667
v 0.276821 -0.168825 0.130076
v 0.275154 -0.214162 -0.037886
v 0.281677 -0.174689 0.112300
v 0.268873 -0.216924 -0.052926
v 0.285214 -0.180978 0.091931
v 0.261765 -0.218488 -0.064209
v 0.268088 -0.223436 -0.016002
v 0.264712 -0.225325 -0.034769
v 0.266379 -0.179987 0.133193
v 0.269398 -0.187814 0.115965
v 0.260668 -0.225694 -0.050477
v 0.271570 -0.195563 0.096003
v 0.256114 -0.224529 -0.062523
v 0.272813 -0.202935 0.074076
v 0.251223 -0.221875 -0.070442
v 0.273077 -0.209648 0.051024
v 0.253535 -0.158989 0.162528
v 0.272353 -0.215444 0.027735
v 0.258292 -0.165292 0.156930
v 0.270668 -0.220099 0.005103
v 0.262628 -0.172382 0.147025
v 0.250461 -0.161890 0.163341
v 0.248149 -0.224775 -0.069629
v 0.257321 -0.224516 0.055194
v 0.256900 -0.230026 0.031825
v 0.252262 -0.170982 0.158526
v 0.256112 -0.233836 0.008955
v 0.253875 -0.180643 0.149342
v 0.254988 -0.235798 -0.012535
v 0.255237 -0.190500 0.136141
v 0.253571 -0.235838 -0.031821
v 0.256297 -0.200176 0.119432
v 0.251915 -0.233954 -0.048161
v 0.257014 -0.209299 0.099856
v 0.250084 -0.230219 -0.060927
v 0.257359 -0.217518 0.078165
v 0.243826 -0.199961 0.138808
v 0.242878 -0.211301 0.122568
v 0.242159 -0.245299 -0.029154
v 0.242949 -0.241387 -0.046065
v 0.242104 -0.221660 0.103340
v 0.243908 -0.235339 -0.059484
v 0.241531 -0.230640 0.081865
v 0.245000 -0.227386 -0.068893
v 0.241182 -0.237896 0.058966
v 0.247312 -0.164500 0.164077
v 0.241071 -0.243149 0.035524
v 0.246086 -0.176102 0.159969
v 0.241202 -0.246197 0.012440
v 0.244909 -0.188076 0.151437
v 0.241569 -0.246923 -0.009399
v 0.225281 -0.249272 0.062194
v 0.225475 -0.254307 0.038690
v 0.244210 -0.166720 0.164707
v 0.240001 -0.180456 0.161205
v 0.226511 -0.256707 0.015423
v 0.236074 -0.194396 0.153231
v 0.228347 -0.256382 -0.006715
v 0.232582 -0.208005 0.141091
v 0.230915 -0.253343 -0.026871
v 0.229657 -0.220760 0.125252
v 0.234114 -0.247708 -0.044272
v 0.227413 -0.232171 0.106323
v 0.237823 -0.239692 -0.058248
v 0.225935 -0.241798 0.085031
v 0.241898 -0.229605 -0.068263
v 0.220271 -0.259662 -0.025060
v 0.225752 -0.252673 -0.042849
v 0.217141 -0.228191 0.127382
v 0.213506 -0.240427 0.108690
v 0.232063 -0.243112 -0.057268
v 0.211172 -0.250563 0.087543
v 0.238962 -0.231348 -0.067763
v 0.210228 -0.258209 0.064756
v 0.241274 -0.168463 0.165207
v 0.210712 -0.263071 0.041203
v 0.234241 -0.183876 0.162185
v 0.212604 -0.264963 0.017789
v 0.227712 -0.199361 0.154654
v 0.215832 -0.263812 -0.004585
v 0.221938 -0.214324 0.142902
v 0.197348 -0.269106 0.042964
v 0.200016 -0.270648 0.019449
v 0.229026 -0.186230 0.162872
v 0.220142 -0.202779 0.155652
v 0.204502 -0.268928 -0.003091
v 0.212303 -0.218675 0.144172
v 0.210636 -0.264013 -0.023790
v 0.205812 -0.233306 0.128876
v 0.218182 -0.256091 -0.041851
v 0.200918 -0.246111 0.110349
v 0.226848 -0.245467 -0.056581
v 0.197808 -0.256597 0.089305
v 0.236303 -0.232549 -0.067413
v 0.196603 -0.264361 0.066552
v 0.238615 -0.169663 0.165557
v 0.211695 -0.257831 -0.041317
v 0.222381 -0.246666 -0.056213
v 0.190131 -0.249005 0.111237
v 0.186357 -0.259670 0.090248
v 0.234026 -0.233160 -0.067225
v 0.184928 -0.267494 0.067513
v 0.236338 -0.170275 0.165745
v 0.185898 -0.272178 0.043907
v 0.224558 -0.187429 0.163240
v 0.189229 -0.273542 0.020337
v 0.213656 -0.204520 0.156186
v 0.194795 -0.271533 -0.002292
v 0.204048 -0.220890 0.144852
v 0.202381 -0.266228 -0.023110
v 0.196105 -0.235911 0.129675
v 0.221009 -0.187426 0.163275
v 0.208502 -0.204515 0.156236
v 0.180660 -0.273535 0.020420
v 0.187083 -0.271526 -0.002217
v 0.197489 -0.220885 0.144916
v 0.195822 -0.266222 -0.023046
v 0.188392 -0.235905 0.129750
v 0.206542 -0.257827 -0.041267
v 0.181562 -0.248998 0.111320
v 0.218831 -0.246663 -0.056178
v 0.177260 -0.259662 0.090336
v 0.232216 -0.233158 -0.067208
v 0.175652 -0.267486 0.067603
v 0.234528 -0.170273 0.165762
v 0.176800 -0.272171 0.043996
v 0.175538 -0.246090 0.110595
v 0.170866 -0.256574 0.089566
v 0.216336 -0.245458 -0.056479
v 0.230944 -0.232544 -0.067361
v 0.169132 -0.264338 0.066818
v 0.233256 -0.169659 0.165609
v 0.170406 -0.269083 0.043226
v 0.218514 -0.186221 0.162974
v 0.174636 -0.270626 0.019695
v 0.204880 -0.202766 0.155800
v 0.181662 -0.268909 -0.002870
v 0.192879 -0.218659 0.144361
v 0.191212 -0.263996 -0.023601
v 0.182971 -0.233287 0.129097
v 0.202920 -0.256078 -0.041703
v 0.171390 -0.264929 0.018189
v 0.178740 -0.263781 -0.004225
v 0.202928 -0.199340 0.154894
v 0.190394 -0.214298 0.143208
v 0.188727 -0.259636 -0.024754
v 0.180050 -0.228159 0.127742
v 0.200968 -0.252652 -0.042608
v 0.172292 -0.240392 0.109089
v 0.214991 -0.243098 -0.057102
v 0.167420 -0.250526 0.087968
v 0.230259 -0.231341 -0.067679
v 0.165619 -0.258171 0.065189
v 0.232571 -0.168456 0.165291
v 0.166960 -0.263035 0.041627
v 0.217169 -0.183861 0.162351
v 0.214849 -0.239673 -0.058025
v 0.230186 -0.229595 -0.068150
v 0.167055 -0.241749 0.085602
v 0.165247 -0.249222 0.062777
v 0.232498 -0.166710 0.164821
v 0.166595 -0.254257 0.039261
v 0.217027 -0.180437 0.161428
v 0.171046 -0.256661 0.015961
v 0.202721 -0.194368 0.153554
v 0.178431 -0.256340 -0.006231
v 0.190131 -0.207970 0.141503
v 0.188464 -0.253308 -0.026459
v 0.179740 -0.220718 0.125736
v 0.200761 -0.247680 -0.043948
v 0.171948 -0.232124 0.106861
v 0.204268 -0.188042 0.151831
v 0.192099 -0.199918 0.139310
v 0.180745 -0.246872 -0.008809
v 0.190433 -0.245255 -0.028652
v 0.182055 -0.211250 0.123158
v 0.202308 -0.241353 -0.045671
v 0.174520 -0.221603 0.103996
v 0.215914 -0.235315 -0.059212
v 0.169784 -0.230580 0.082560
v 0.230729 -0.227374 -0.068755
v 0.168030 -0.237834 0.059675
v 0.233041 -0.164488 0.164216
v 0.169325 -0.243089 0.036220
v 0.218092 -0.176079 0.160241
v 0.173618 -0.246140 0.013095
v 0.175505 -0.217449 0.078959
v 0.173862 -0.224446 0.056003
v 0.234179 -0.161876 0.163499
v 0.231867 -0.224762 -0.069471
v 0.175045 -0.229958 0.032618
v 0.220324 -0.170955 0.158836
v 0.179006 -0.233771 0.009703
v 0.207508 -0.180604 0.149791
v 0.185594 -0.235740 -0.011862
v 0.196223 -0.190451 0.136713
v 0.194556 -0.235789 -0.031249
v 0.186904 -0.200118 0.120105
v 0.205548 -0.233915 -0.047711
v 0.179908 -0.209234 0.100604
v 0.218146 -0.230192 -0.060617
v 0.192792 -0.223372 -0.015272
v 0.200678 -0.225271 -0.034148
v 0.202345 -0.179933 0.133814
v 0.194102 -0.187751 0.116695
v 0.210357 -0.225652 -0.049990
v 0.187906 -0.195492 0.096815
v 0.221459 -0.224500 -0.062187
v 0.183995 -0.202861 0.074937
v 0.233556 -0.221860 -0.070271
v 0.182519 -0.209572 0.051903
v 0.235868 -0.158975 0.162699
v 0.183535 -0.215369 0.028596
v 0.223637 -0.165263 0.157266
v 0.187004 -0.220029 0.005914
v 0.212317 -0.172340 0.147513
v 0.235731 -0.218780 -0.071124
v 0.193668 -0.193783 0.047530
v 0.194469 -0.199884 0.024308
v 0.238043 -0.155894 0.161846
v 0.227903 -0.159221 0.155593
v 0.197304 -0.205442 0.001875
v 0.218511 -0.163568 0.145084
v 0.202062 -0.210244 -0.018908
v 0.210228 -0.168769 0.130722
v 0.208561 -0.214107 -0.037240
v 0.203372 -0.174623 0.113059
v 0.216551 -0.216880 -0.052419
v 0.198206 -0.180905 0.092775
v 0.225725 -0.218458 -0.063860
v 0.194929 -0.187375 0.070649
v 0.217903 -0.202724 -0.040405
v 0.223891 -0.207937 -0.054906
v 0.214357 -0.161239 0.109338
v 0.210412 -0.166034 0.088640
v 0.230781 -0.212298 -0.065573
v 0.207888 -0.171588 0.066259
v 0.238308 -0.215639 -0.071997
v 0.206880 -0.177687 0.043054
v 0.240620 -0.152754 0.160973
v 0.207428 -0.184096 0.019918
v 0.232959 -0.153061 0.153880
v 0.209510 -0.190571 -0.002261
v 0.225851 -0.154625 0.142597
v 0.213047 -0.196861 -0.022629
v 0.219570 -0.157387 0.127557
v 0.243501 -0.149674 0.160113
v 0.238610 -0.147020 0.152194
v 0.221912 -0.168614 0.015595
v 0.223154 -0.175987 -0.006333
v 0.234056 -0.145855 0.140148
v 0.225326 -0.183735 -0.026294
v 0.230013 -0.146225 0.124440
v 0.228346 -0.191562 -0.043522
v 0.226636 -0.148114 0.105673
v 0.232096 -0.199167 -0.057354
v 0.224056 -0.151450 0.084568
v 0.236433 -0.206257 -0.067260
v 0.222371 -0.156105 0.061936
v 0.241189 -0.212560 -0.072857
v 0.221647 -0.161901 0.038646
v 0.239737 -0.135751 0.102206
v 0.238613 -0.137713 0.080715
v 0.240849 -0.190907 -0.059671
v 0.242462 -0.200567 -0.068855
v 0.237825 -0.141523 0.057846
v 0.244263 -0.209659 -0.073671
v 0.237403 -0.147033 0.034477
v 0.246575 -0.146774 0.159300
v 0.237365 -0.154031 0.011505
v 0.244640 -0.141330 0.150598
v 0.237710 -0.162250 -0.010185
v 0.242809 -0.137595 0.137832
v 0.238427 -0.171373 -0.029761
v 0.241154 -0.135711 0.121492
v 0.239487 -0.181049 -0.046470
v 0.253193 -0.140909 0.007806
v 0.252621 -0.149889 -0.013670
v 0.250816 -0.136210 0.149154
v 0.251776 -0.130162 0.135736
v 0.251846 -0.160248 -0.032897
v 0.252565 -0.126250 0.118825
v 0.250899 -0.171588 -0.049137
v 0.253155 -0.124626 0.099070
v 0.249815 -0.183473 -0.061766
v 0.253523 -0.125352 0.077231
v 0.248638 -0.195447 -0.070299
v 0.253653 -0.128400 0.054147
v 0.247412 -0.207049 -0.074406
v 0.253542 -0.133653 0.030705
v 0.249724 -0.144164 0.158564
v 0.258650 -0.177153 -0.063560
v 0.254723 -0.191093 -0.071534
v 0.268213 -0.114842 0.074248
v 0.269249 -0.117242 0.050980
v 0.250514 -0.204829 -0.075036
v 0.269443 -0.122277 0.027476
v 0.252826 -0.141944 0.157934
v 0.268789 -0.129751 0.004640
v 0.256901 -0.131857 0.147919
v 0.267311 -0.139379 -0.016652
v 0.260610 -0.123841 0.133943
v 0.265067 -0.150789 -0.035582
v 0.263809 -0.118206 0.116542
v 0.262142 -0.163544 -0.051420
v 0.266377 -0.115167 0.096385
v 0.262662 -0.128437 0.146939
v 0.268973 -0.118877 0.132519
v 0.281218 -0.131122 -0.019019
v 0.277583 -0.143359 -0.037711
v 0.274453 -0.111887 0.114730
v 0.272786 -0.157225 -0.053232
v 0.278892 -0.107737 0.094256
v 0.267013 -0.172188 -0.064983
v 0.282120 -0.106586 0.071881
v 0.260484 -0.187674 -0.072514
v 0.284012 -0.108478 0.048468
v 0.253451 -0.203086 -0.075536
v 0.284496 -0.113340 0.024915
v 0.255763 -0.140201 0.157434
v 0.283552 -0.120987 0.002127
v 0.294709 -0.100901 0.070222
v 0.297376 -0.102443 0.046706
v 0.265698 -0.185319 -0.073202
v 0.256109 -0.201886 -0.075886
v 0.298121 -0.107188 0.023119
v 0.258421 -0.139000 0.157084
v 0.296916 -0.114952 0.000366
v 0.267876 -0.126082 0.146251
v 0.293807 -0.125438 -0.020678
v 0.276542 -0.115458 0.131522
v 0.288912 -0.138243 -0.039205
v 0.284088 -0.107536 0.113461
v 0.282421 -0.152874 -0.054502
v 0.290222 -0.102621 0.092762
v 0.274582 -0.168770 -0.065981
v 0.304593 -0.122544 -0.021567
v 0.298619 -0.135638 -0.040004
v 0.283029 -0.113718 0.130987
v 0.292343 -0.105321 0.112781
v 0.290676 -0.150659 -0.055181
v 0.299929 -0.100016 0.091963
v 0.281069 -0.167029 -0.066515
v 0.305495 -0.098007 0.069334
v 0.270166 -0.184120 -0.073570
v 0.308827 -0.099371 0.045763
v 0.258386 -0.201275 -0.076074
v 0.309796 -0.104055 0.022157
v 0.260698 -0.138389 0.156896
v 0.308367 -0.111880 -0.000577
v 0.272344 -0.124884 0.145883
v 0.273715 -0.184123 -0.073604
v 0.260196 -0.201276 -0.076091
v 0.317924 -0.099379 0.045675
v 0.319072 -0.104063 0.022067
v 0.262508 -0.138391 0.156879
v 0.317464 -0.111887 -0.000665
v 0.275893 -0.124887 0.145849
v 0.313162 -0.122551 -0.021650
v 0.288182 -0.113722 0.130937
v 0.306332 -0.135645 -0.040079
v 0.298902 -0.105327 0.112717
v 0.297235 -0.150665 -0.055245
v 0.307641 -0.100023 0.091888
v 0.286222 -0.167034 -0.066565
v 0.314064 -0.098014 0.069251
v -0.303512 -0.107553 0.113272
v -0.305997 -0.111913 0.114425
v -0.293756 -0.118897 0.132279
v -0.291804 -0.115471 0.131374
v -0.301845 -0.152890 -0.054690
v -0.304330 -0.157251 -0.053538
v -0.314674 -0.143390 -0.038071
v -0.311753 -0.138262 -0.039426
v -0.313063 -0.102640 0.092541
v -0.315984 -0.107768 0.093896
v -0.289844 -0.168783 -0.066129
v -0.291796 -0.172209 -0.065224
v -0.320088 -0.100923 0.069976
v -0.323334 -0.106620 0.071482
v -0.276210 -0.185328 -0.073304
v -0.277555 -0.187688 -0.072680
v -0.324319 -0.102466 0.046445
v -0.327765 -0.108515 0.048044
v -0.261468 -0.201890 -0.075938
v -0.262153 -0.203093 -0.075620
v -0.325592 -0.107211 0.022852
v -0.329105 -0.113378 0.024482
v -0.263780 -0.139005 0.157032
v -0.264465 -0.140208 0.157350
v -0.248541 -0.153716 0.163603
v -0.246183 -0.217833 -0.073932
v -0.323859 -0.114975 0.000104
v -0.327305 -0.121023 0.001703
v -0.278388 -0.126091 0.146149
v -0.279733 -0.128451 0.146773
v -0.319186 -0.125459 -0.020924
v -0.322432 -0.131157 -0.019419
v -0.322776 -0.139425 -0.017190
v -0.327670 -0.129801 0.004069
v -0.293963 -0.123869 0.133619
v -0.279875 -0.131876 0.147696
v -0.314984 -0.150831 -0.036066
v -0.306260 -0.118242 0.116130
v -0.304593 -0.163579 -0.051832
v -0.316293 -0.115209 0.095901
v -0.292003 -0.177181 -0.063884
v -0.323678 -0.114888 0.073710
v -0.277697 -0.191113 -0.071757
v -0.328130 -0.117292 0.050409
v -0.262226 -0.204839 -0.075150
v -0.329477 -0.122327 0.026894
v -0.264538 -0.141954 0.157820
v -0.276632 -0.195470 -0.070570
v -0.290457 -0.183507 -0.062160
v -0.325400 -0.128461 0.053451
v -0.321106 -0.125409 0.076575
v -0.261683 -0.207061 -0.074545
v -0.326694 -0.133715 0.029996
v -0.263995 -0.144176 0.158425
v -0.324940 -0.140969 0.007110
v -0.278810 -0.136234 0.148883
v -0.320204 -0.149946 -0.014325
v -0.292417 -0.130196 0.135342
v -0.312669 -0.160299 -0.033487
v -0.304292 -0.126294 0.118323
v -0.302625 -0.171631 -0.049639
v -0.313979 -0.124677 0.098480
v -0.307820 -0.171431 -0.030434
v -0.314816 -0.162315 -0.010933
v -0.300168 -0.135761 0.120919
v -0.289176 -0.137634 0.137382
v -0.298501 -0.181098 -0.047043
v -0.309130 -0.135809 0.101533
v -0.287216 -0.190945 -0.060121
v -0.315718 -0.137778 0.079968
v -0.274400 -0.200594 -0.069165
v -0.319680 -0.141591 0.057052
v -0.260545 -0.209673 -0.073828
v -0.320862 -0.147103 0.033667
v -0.262857 -0.146787 0.159142
v -0.319220 -0.154100 0.010712
v -0.276578 -0.141357 0.150288
v -0.258856 -0.212575 -0.073028
v -0.271087 -0.206286 -0.067596
v -0.312205 -0.161977 0.037768
v -0.311189 -0.156180 0.061074
v -0.261168 -0.149689 0.159942
v -0.310729 -0.168689 0.014734
v -0.273265 -0.147049 0.151857
v -0.306818 -0.176057 -0.007144
v -0.284367 -0.145898 0.139660
v -0.300622 -0.183798 -0.027024
v -0.294046 -0.146278 0.123819
v -0.292380 -0.191616 -0.044143
v -0.301932 -0.148177 0.104943
v -0.282407 -0.199209 -0.057842
v -0.307720 -0.151520 0.083756
v -0.286163 -0.157443 0.126911
v -0.278173 -0.154669 0.142090
v -0.284496 -0.202780 -0.041051
v -0.291353 -0.196926 -0.023389
v -0.292662 -0.161305 0.108578
v -0.276213 -0.207981 -0.055413
v -0.297420 -0.166107 0.087796
v -0.266821 -0.212328 -0.065922
v -0.300255 -0.171665 0.065363
v -0.256681 -0.215655 -0.072175
v -0.301057 -0.177766 0.042141
v -0.258993 -0.152770 0.160795
v -0.299795 -0.184174 0.019022
v -0.268999 -0.153091 0.153531
v -0.296518 -0.190644 -0.003104
v -0.287845 -0.193862 0.046617
v -0.287297 -0.187453 0.069753
v -0.256416 -0.155910 0.161668
v -0.254104 -0.218795 -0.071302
v -0.286837 -0.199961 0.023412
v -0.263943 -0.159251 0.155244
v -0.284312 -0.205515 0.001031
v -0.270833 -0.163612 0.144576
v -0.280367 -0.210310 -0.019667
v -0.276821 -0.168825 0.130076
v -0.275154 -0.214162 -0.037886
v -0.281677 -0.174689 0.112300
v -0.268873 -0.216924 -0.052926
v -0.285214 -0.180978 0.091931
v -0.261765 -0.218488 -0.064209
v -0.264712 -0.225325 -0.034769
v -0.268088 -0.223436 -0.016002
v -0.269398 -0.187814 0.115965
v -0.266379 -0.179987 0.133193
v -0.260668 -0.225694 -0.050477
v -0.271570 -0.195563 0.096003
v -0.256114 -0.224529 -0.062523
v -0.272813 -0.202935 0.074076
v -0.251223 -0.221875 -0.070442
v -0.273077 -0.209648 0.051024
v -0.253535 -0.158989 0.162528
v -0.272353 -0.215444 0.027735
v -0.258292 -0.165292 0.156930
v -0.270668 -0.220099 0.005103
v -0.262628 -0.172382 0.147025
v -0.250461 -0.161890 0.163341
v -0.248149 -0.224775 -0.069629
v -0.256900 -0.230026 0.031825
v -0.257321 -0.224516 0.055194
v -0.252262 -0.170982 0.158526
v -0.256112 -0.233836 0.008955
v -0.253875 -0.180643 0.149342
v -0.254988 -0.235798 -0.012535
v -0.255237 -0.190500 0.136141
v -0.253571 -0.235838 -0.031821
v -0.256297 -0.200176 0.119432
v -0.251915 -0.233954 -0.048161
v -0.257014 -0.209299 0.099856
v -0.250084 -0.230219 -0.060927
v -0.257359 -0.217518 0.078165
v -0.242878 -0.211301 0.122568
v -0.243826 -0.199961 0.138808
v -0.242949 -0.241387 -0.046065
v -0.242159 -0.245299 -0.029154
v -0.242104 -0.221660 0.103340
v -0.243908 -0.235339 -0.059484
v -0.241531 -0.230640 0.081865
v -0.245000 -0.227386 -0.068893
v -0.241182 -0.237896 0.058966
v -0.247312 -0.164500 0.164077
v -0.241071 -0.243149 0.035524
v -0.246086 -0.176102 0.159969
v -0.241202 -0.246197 0.012440
v -0.244909 -0.188076 0.151437
v -0.241569 -0.246923 -0.009399
v -0.225475 -0.254307 0.038690
v -0.225281 -0.249272 0.062194
v -0.240001 -0.180456 0.161205
v -0.244210 -0.166720 0.164707
v -0.226511 -0.256707 0.015423
v -0.236074 -0.194396 0.153231
v -0.228347 -0.256382 -0.006715
v -0.232582 -0.208005 0.141091
v -0.230915 -0.253343 -0.026871
v -0.229657 -0.220760 0.125252
v -0.234114 -0.247708 -0.044272
v -0.227413 -0.232171 0.106323
v -0.237823 -0.239692 -0.058248
v -0.225935 -0.241798 0.085031
v -0.241898 -0.229605 -0.068263
v -0.225752 -0.252673 -0.042849
v -0.220271 -0.259662 -0.025060
v -0.213506 -0.240427 0.108690
v -0.217141 -0.228191 0.127382
v -0.232063 -0.243112 -0.057268
v -0.211172 -0.250563 0.087543
v -0.238962 -0.231348 -0.067763
v -0.210228 -0.258209 0.064756
v -0.241274 -0.168463 0.165207
v -0.210712 -0.263071 0.041203
v -0.234241 -0.183876 0.162185
v -0.212604 -0.264963 0.017789
v -0.227712 -0.199361 0.154654
v -0.215832 -0.263812 -0.004585
v -0.221938 -0.214324 0.142902
v -0.200016 -0.270648 0.019449
v -0.197348 -0.269106 0.042964
v -0.220142 -0.202779 0.155652
v -0.229026 -0.186230 0.162872
v -0.204502 -0.268928 -0.003091
v -0.212303 -0.218675 0.144172
v -0.210636 -0.264013 -0.023790
v -0.205812 -0.233306 0.128876
v -0.218182 -0.256091 -0.041851
v -0.200918 -0.246111 0.110349
v -0.226848 -0.245467 -0.056581
v -0.197808 -0.256597 0.089305
v -0.236303 -0.232549 -0.067413
v -0.196603 -0.264361 0.066552
v -0.238615 -0.169663 0.165557
v -0.222381 -0.246666 -0.056213
v -0.211695 -0.257831 -0.041317
v -0.186357 -0.259670 0.090248
v -0.190131 -0.249005 0.111237
v -0.234026 -0.233160 -0.067225
v -0.184928 -0.267494 0.067513
v -0.236338 -0.170275 0.165745
v -0.185898 -0.272178 0.043907
v -0.224559 -0.187429 0.163240
v -0.189229 -0.273542 0.020337
v -0.213656 -0.204520 0.156186
v -0.194795 -0.271533 -0.002292
v -0.204048 -0.220890 0.144852
v -0.202381 -0.266228 -0.023110
v -0.196105 -0.235911 0.129675
v -0.208502 -0.204515 0.156236
v -0.221009 -0.187426 0.163275
v -0.187083 -0.271526 -0.002217
v -0.180660 -0.273535 0.020420
v -0.197489 -0.220885 0.144916
v -0.195822 -0.266222 -0.023046
v -0.188392 -0.235905 0.129750
v -0.206542 -0.257827 -0.041267
v -0.181562 -0.248998 0.111320
v -0.218831 -0.246663 -0.056178
v -0.177260 -0.259662 0.090336
v -0.232216 -0.233158 -0.067208
v -0.175652 -0.267486 0.067603
v -0.234528 -0.170273 0.165762
v -0.176800 -0.272171 0.043996
v -0.170866 -0.256574 0.089566
v -0.175538 -0.246090 0.110595
v -0.230944 -0.232544 -0.067361
v -0.216336 -0.245458 -0.056479
v -0.169132 -0.264338 0.066818
v -0.233256 -0.169659 0.165609
v -0.170406 -0.269083 0.043226
v -0.218514 -0.186221 0.162974
v -0.174636 -0.270626 0.019695
v -0.204880 -0.202766 0.155800
v -0.181662 -0.268909 -0.002870
v -0.192879 -0.218659 0.144361
v -0.191212 -0.263996 -0.023601
v -0.182971 -0.233287 0.129097
v -0.202920 -0.256078 -0.041703
v -0.178740 -0.263781 -0.004225
v -0.171390 -0.264929 0.018189
v -0.190394 -0.214298 0.143208
v -0.202928 -0.199340 0.154894
v -0.188727 -0.259636 -0.024754
v -0.180050 -0.228159 0.127742
v -0.200968 -0.252652 -0.042608
v -0.172292 -0.240392 0.109089
v -0.214991 -0.243098 -0.057102
v -0.167420 -0.250526 0.087968
v -0.230259 -0.231341 -0.067679
v -0.165619 -0.258171 0.065189
v -0.232571 -0.168456 0.165291
v -0.166960 -0.263035 0.041627
v -0.217169 -0.183861 0.162351
v -0.230186 -0.229595 -0.068150
v -0.214849 -0.239673 -0.058025
v -0.165247 -0.249222 0.062777
v -0.167055 -0.241749 0.085602
v -0.232498 -0.166710 0.164821
v -0.166595 -0.254257 0.039261
v -0.217027 -0.180437 0.161428
v -0.171046 -0.256661 0.015961
v -0.202721 -0.194368 0.153554
v -0.178431 -0.256340 -0.006231
v -0.190131 -0.207970 0.141503
v -0.188464 -0.253308 -0.026459
v -0.179741 -0.220718 0.125736
v -0.200761 -0.247680 -0.043948
v -0.171948 -0.232124 0.106861
v -0.192099 -0.199918 0.139310
v -0.204268 -0.188042 0.151831
v -0.190433 -0.245255 -0.028652
v -0.180745 -0.246872 -0.008809
v -0.182055 -0.211250 0.123158
v -0.202308 -0.241353 -0.045671
v -0.174520 -0.221603 0.103996
v -0.215914 -0.235315 -0.059212
v -0.169784 -0.230580 0.082560
v -0.230729 -0.227374 -0.068755
v -0.168030 -0.237834 0.059675
v -0.233041 -0.164488 0.164216
v -0.169325 -0.243089 0.036220
v -0.218092 -0.176079 0.160241
v -0.173618 -0.246140 0.013095
v -0.173862 -0.224446 0.056003
v -0.175505 -0.217449 0.078959
v -0.234179 -0.161876 0.163499
v -0.231867 -0.224762 -0.069471
v -0.175045 -0.229958 0.032618
v -0.220324 -0.170955 0.158836
v -0.179006 -0.233771 0.009703
v -0.207508 -0.180604 0.149791
v -0.185594 -0.235740 -0.011862
v -0.196223 -0.190451 0.136713
v -0.194556 -0.235789 -0.031249
v -0.186904 -0.200118 0.120105
v -0.205548 -0.233915 -0.047711
v -0.179908 -0.209234 0.100604
v -0.218146 -0.230192 -0.060617
v -0.200678 -0.225271 -0.034148
v -0.192792 -0.223372 -0.015272
v -0.194102 -0.187751 0.116695
v -0.202345 -0.179933 0.133814
v -0.210357 -0.225652 -0.049990
v -0.187906 -0.195492 0.096815
v -0.221459 -0.224500 -0.062187
v -0.183995 -0.202861 0.074937
v -0.233556 -0.221860 -0.070271
v -0.182519 -0.209572 0.051903
v -0.235868 -0.158975 0.162699
v -0.183535 -0.215369 0.028596
v -0.223637 -0.165263 0.157266
v -0.187004 -0.220029 0.005914
v -0.212317 -0.172340 0.147513
v -0.235731 -0.218780 -0.071124
v -0.194469 -0.199884 0.024308
v -0.193668 -0.193783 0.047530
v -0.227903 -0.159221 0.155593
v -0.238043 -0.155894 0.161846
v -0.197304 -0.205442 0.001875
v -0.218511 -0.163568 0.145084
v -0.202062 -0.210244 -0.018908
v -0.210228 -0.168769 0.130722
v -0.208561 -0.214107 -0.037240
v -0.203372 -0.174623 0.113059
v -0.216551 -0.216880 -0.052419
v -0.198206 -0.180905 0.092775
v -0.225725 -0.218458 -0.063860
v -0.194929 -0.187375 0.070649
v -0.223891 -0.207937 -0.054906
v -0.217903 -0.202724 -0.040405
v -0.210412 -0.166034 0.088640
v -0.214357 -0.161239 0.109338
v -0.230781 -0.212298 -0.065573
v -0.207888 -0.171588 0.066259
v -0.238308 -0.215639 -0.071997
v -0.206880 -0.177687 0.043054
v -0.240620 -0.152754 0.160973
v -0.207428 -0.184096 0.019918
v -0.232959 -0.153061 0.153880
v -0.209510 -0.190571 -0.002261
v -0.225851 -0.154625 0.142597
v -0.213047 -0.196861 -0.022629
v -0.219570 -0.157387 0.127557
v -0.238610 -0.147020 0.152194
v -0.243501 -0.149674 0.160113
v -0.223154 -0.175987 -0.006333
v -0.221912 -0.168614 0.015595
v -0.234056 -0.145855 0.140148
v -0.225326 -0.183735 -0.026294
v -0.230013 -0.146225 0.124440
v -0.228346 -0.191562 -0.043522
v -0.226636 -0.148114 0.105673
v -0.232096 -0.199167 -0.057354
v -0.224056 -0.151450 0.084568
v -0.236433 -0.206257 -0.067260
v -0.222372 -0.156105 0.061936
v -0.241189 -0.212560 -0.072857
v -0.221647 -0.161901 0.038646
v -0.238613 -0.137713 0.080715
v -0.239737 -0.135751 0.102206
v -0.242462 -0.200567 -0.068855
v -0.240849 -0.190907 -0.059671
v -0.237825 -0.141523 0.057846
v -0.244263 -0.209659 -0.073671
v -0.237403 -0.147033 0.034477
v -0.246575 -0.146774 0.159300
v -0.237365 -0.154031 0.011505
v -0.244640 -0.141330 0.150598
v -0.237710 -0.162250 -0.010185
v -0.242809 -0.137595 0.137832
v -0.238427 -0.171373 -0.029761
v -0.241154 -0.135711 0.121492
v -0.239487 -0.181049 -0.046470
v -0.252621 -0.149889 -0.013670
v -0.253193 -0.140909 0.007806
v -0.251776 -0.130162 0.135736
v -0.250816 -0.136210 0.149154
v -0.251846 -0.160248 -0.032897
v -0.252565 -0.126250 0.118825
v -0.250899 -0.171588 -0.049137
v -0.253155 -0.124626 0.099070
v -0.249816 -0.183473 -0.061766
v -0.253523 -0.125352 0.077231
v -0.248638 -0.195447 -0.070299
v -0.253653 -0.128400 0.054147
v -0.247412 -0.207049 -0.074406
v -0.253542 -0.133653 0.030705
v -0.249724 -0.144164 0.158564
v -0.254723 -0.191093 -0.071534
v -0.258650 -0.177153 -0.063560
v -0.269249 -0.117242 0.050980
v -0.268213 -0.114842 0.074248
v -0.250514 -0.204829 -0.075036
v -0.269443 -0.122277 0.027476
v -0.252826 -0.141944 0.157934
v -0.268789 -0.129751 0.004640
v -0.256901 -0.131857 0.147919
v -0.267311 -0.139379 -0.016652
v -0.260610 -0.123841 0.133943
v -0.265067 -0.150789 -0.035582
v -0.263809 -0.118206 0.116542
v -0.262142 -0.163544 -0.051420
v -0.266377 -0.115167 0.096385
v -0.268972 -0.118877 0.132519
v -0.262661 -0.128437 0.146939
v -0.277583 -0.143359 -0.037711
v -0.281218 -0.131122 -0.019019
v -0.274453 -0.111887 0.114730
v -0.272786 -0.157225 -0.053232
v -0.278892 -0.107737 0.094256
v -0.267012 -0.172188 -0.064983
v -0.282120 -0.106586 0.071881
v -0.260484 -0.187674 -0.072514
v -0.284012 -0.108478 0.048468
v -0.253451 -0.203086 -0.075536
v -0.284496 -0.113340 0.024915
v -0.255763 -0.140201 0.157434
v -0.283552 -0.120987 0.002127
v -0.297376 -0.102443 0.046706
v -0.294709 -0.100901 0.070222
v -0.256109 -0.201886 -0.075886
v -0.265698 -0.185319 -0.073202
v -0.298121 -0.107188 0.023119
v -0.258421 -0.139000 0.157084
v -0.296916 -0.114952 0.000366
v -0.267876 -0.126082 0.146251
v -0.293807 -0.125438 -0.020678
v -0.276542 -0.115458 0.131522
v -0.288912 -0.138243 -0.039205
v -0.284088 -0.107536 0.113461
v -0.282421 -0.152874 -0.054502
v -0.290222 -0.102621 0.092762
v -0.274582 -0.168770 -0.065981
v -0.298619 -0.135638 -0.040004
v -0.304593 -0.122544 -0.021567
v -0.292343 -0.105321 0.112781
v -0.283029 -0.113718 0.130987
v -0.290676 -0.150659 -0.055181
v -0.299929 -0.100016 0.091963
v -0.281069 -0.167029 -0.066515
v -0.305495 -0.098007 0.069334
v -0.270166 -0.184120 -0.073570
v -0.308827 -0.099371 0.045763
v -0.258386 -0.201275 -0.076074
v -0.309796 -0.104055 0.022157
v -0.260698 -0.138389 0.156896
v -0.308367 -0.111880 -0.000577
v -0.272344 -0.124884 0.145883
v -0.260196 -0.201276 -0.076091
v -0.273715 -0.184123 -0.073604
v -0.319072 -0.104063 0.022067
v -0.317924 -0.099379 0.045675
v -0.262508 -0.138391 0.156879
v -0.317464 -0.111887 -0.000665
v -0.275893 -0.124887 0.145849
v -0.313162 -0.122551 -0.021650
v -0.288182 -0.113722 0.130937
v -0.306332 -0.135645 -0.040079
v -0.298902 -0.105327 0.112717
v -0.297235 -0.150665 -0.055245
v -0.307641 -0.100023 0.091888
v -0.286222 -0.167034 -0.066565
v -0.314064 -0.098014 0.069251
v 0.229253 0.326369 -0.221354
v 0.215669 0.334724 -0.225449
v 0.219635 0.346418 -0.209830
v 0.234297 0.335905 -0.206953
v 0.200478 0.342503 -0.230408
v 0.203757 0.355748 -0.213686
v 0.184215 0.349772 -0.235617
v 0.187018 0.364113 -0.217977
v 0.167359 0.356474 -0.240668
v 0.169771 0.371637 -0.222274
v 0.150255 0.362538 -0.245384
v 0.152326 0.378321 -0.226378
v 0.133211 0.367888 -0.249643
v 0.134985 0.384134 -0.230147
v 0.224794 0.357151 -0.192649
v 0.240477 0.345085 -0.190540
v 0.208120 0.367770 -0.195662
v 0.190742 0.377148 -0.199163
v 0.172949 0.385453 -0.202786
v 0.155029 0.392728 -0.206332
v 0.137273 0.398982 -0.209643
v 0.230614 0.367074 -0.174151
v 0.247189 0.353900 -0.172538
v 0.213147 0.378711 -0.176530
v 0.195066 0.388964 -0.179375
v 0.176648 0.397965 -0.182411
v 0.158175 0.405775 -0.185453
v 0.139929 0.412439 -0.188337
v 0.236650 0.376244 -0.154607
v 0.254002 0.362227 -0.153351
v 0.218451 0.388675 -0.156502
v 0.199685 0.399629 -0.158821
v 0.180633 0.409207 -0.161360
v 0.161579 0.417478 -0.163951
v 0.142805 0.424507 -0.166437
v 0.242608 0.384606 -0.134329
v 0.260624 0.369944 -0.133342
v 0.223754 0.397644 -0.135850
v 0.204352 0.409143 -0.137745
v 0.184691 0.419185 -0.139857
v 0.165061 0.427844 -0.142039
v 0.145754 0.435192 -0.144150
v 0.248231 0.392076 -0.113638
v 0.266801 0.376924 -0.112859
v 0.228809 0.405573 -0.114860
v 0.208837 0.417489 -0.116399
v 0.188615 0.427900 -0.118131
v 0.168445 0.436878 -0.119934
v 0.148629 0.444496 -0.121684
v 0.235729 0.311513 -0.228866
v 0.226665 0.315845 -0.233332
v 0.240629 0.316684 -0.219523
v 0.213647 0.321671 -0.239316
v 0.198733 0.327865 -0.245639
v 0.182654 0.334039 -0.251884
v 0.165957 0.339921 -0.257762
v 0.149002 0.345361 -0.263139
v 0.132101 0.350240 -0.267924
v 0.115564 0.354443 -0.272023
v 0.116539 0.372449 -0.253326
v 0.118047 0.389044 -0.233438
v 0.119971 0.404228 -0.212562
v 0.122193 0.417999 -0.190902
v 0.124595 0.430357 -0.168663
v 0.127059 0.441300 -0.146047
v 0.129468 0.450827 -0.123260
v 0.131702 0.458939 -0.100505
v 0.151285 0.452422 -0.099247
v 0.171555 0.444583 -0.097849
v 0.192201 0.435349 -0.096412
v 0.212910 0.424650 -0.095035
v 0.233367 0.412413 -0.093816
v 0.253261 0.398568 -0.092856
v 0.272278 0.383043 -0.092253
v 0.284217 0.360042 -0.112646
v 0.290105 0.365766 -0.092106
v 0.277511 0.353572 -0.133047
v 0.270225 0.346517 -0.152948
v 0.262598 0.339040 -0.171989
v 0.254886 0.331334 -0.189782
v 0.247419 0.323729 -0.205842
v 0.276854 0.388202 -0.071803
v 0.257495 0.404018 -0.072238
v 0.260944 0.408433 -0.051774
v 0.280543 0.392399 -0.051510
v 0.237232 0.418132 -0.072945
v 0.240416 0.422747 -0.052225
v 0.216388 0.430616 -0.073849
v 0.219289 0.435410 -0.052810
v 0.195288 0.441538 -0.074875
v 0.197894 0.446494 -0.053480
v 0.174253 0.450969 -0.075948
v 0.176562 0.456067 -0.054184
v 0.153608 0.458980 -0.076993
v 0.155623 0.464200 -0.054869
v 0.263677 0.411839 -0.031391
v 0.283411 0.395658 -0.031302
v 0.242987 0.426285 -0.031576
v 0.221677 0.439065 -0.031832
v 0.200083 0.450250 -0.032134
v 0.178542 0.459911 -0.032455
v 0.157390 0.468120 -0.032770
v 0.265760 0.414265 -0.011011
v 0.285526 0.398003 -0.011110
v 0.245010 0.428776 -0.010917
v 0.223616 0.441611 -0.010828
v 0.201918 0.452840 -0.010744
v 0.180254 0.462538 -0.010664
v 0.158965 0.470777 -0.010588
v 0.267259 0.415736 0.009439
v 0.286955 0.399459 0.009138
v 0.246551 0.430250 0.009831
v 0.225173 0.443079 0.010289
v 0.203463 0.454298 0.010784
v 0.181761 0.463982 0.011290
v 0.160408 0.472208 0.011781
v 0.268241 0.416279 0.030035
v 0.287764 0.400048 0.029512
v 0.247678 0.430737 0.030751
v 0.226412 0.443502 0.031606
v 0.204782 0.454656 0.032543
v 0.183124 0.464279 0.033507
v 0.161777 0.472451 0.034445
v 0.268773 0.415920 0.050853
v 0.288022 0.399795 0.050081
v 0.248454 0.430264 0.051924
v 0.227398 0.442911 0.053210
v 0.205937 0.453949 0.054626
v 0.184403 0.463464 0.056087
v 0.163130 0.471542 0.057509
v 0.294987 0.370614 -0.071717
v 0.133674 0.465640 -0.077934
v 0.135410 0.470963 -0.055487
v 0.136963 0.474946 -0.033052
v 0.138389 0.477630 -0.010517
v 0.139742 0.479052 0.012229
v 0.141077 0.479252 0.035300
v 0.142450 0.478269 0.058806
v 0.143913 0.476142 0.082861
v 0.164527 0.469518 0.081079
v 0.185661 0.461572 0.079129
v 0.206993 0.452209 0.077126
v 0.228197 0.441337 0.075187
v 0.248948 0.428861 0.073429
v 0.268922 0.414688 0.071967
v 0.287796 0.398724 0.070918
v 0.305869 0.381802 0.049695
v 0.305243 0.380876 0.070398
v 0.305910 0.381965 0.029236
v 0.305300 0.381344 0.008956
v 0.303969 0.379919 -0.011213
v 0.301852 0.377669 -0.031337
v 0.298881 0.374575 -0.051483
v 0.287139 0.396843 0.092024
v 0.268746 0.412584 0.093386
v 0.268262 0.409515 0.114853
v 0.286059 0.394096 0.113131
v 0.249217 0.426527 0.095283
v 0.249290 0.423136 0.117242
v 0.228866 0.438775 0.097562
v 0.229438 0.435077 0.120102
v 0.208006 0.449431 0.100073
v 0.209003 0.445453 0.123240
v 0.186950 0.458598 0.102667
v 0.188288 0.454374 0.126473
v 0.166014 0.466376 0.105194
v 0.167598 0.461947 0.129619
v 0.267482 0.405363 0.136043
v 0.284548 0.390413 0.133902
v 0.249189 0.418533 0.138999
v 0.229939 0.430059 0.142513
v 0.210007 0.440074 0.146337
v 0.189685 0.448693 0.150253
v 0.169275 0.456022 0.154052
v 0.266413 0.400012 0.156630
v 0.282601 0.385721 0.154001
v 0.248934 0.412560 0.160245
v 0.230395 0.423535 0.164502
v 0.211036 0.433093 0.169074
v 0.191150 0.441346 0.173714
v 0.171039 0.448393 0.178193
v 0.265125 0.393328 0.176288
v 0.280268 0.379967 0.173062
v 0.248590 0.405042 0.180679
v 0.230853 0.415309 0.185775
v 0.212123 0.424304 0.191161
v 0.192695 0.432124 0.196562
v 0.172886 0.438849 0.201738
v 0.263912 0.385120 0.194669
v 0.277831 0.373165 0.190601
v 0.248390 0.395716 0.200018
v 0.231455 0.405133 0.206059
v 0.213335 0.413478 0.212317
v 0.194344 0.420811 0.218506
v 0.174814 0.427180 0.224386
v 0.263186 0.375114 0.211437
v 0.275763 0.365227 0.206089
v 0.248617 0.384293 0.217988
v 0.232364 0.392749 0.225082
v 0.214753 0.400384 0.232261
v 0.196124 0.407190 0.239254
v 0.176820 0.413177 0.245836
v 0.304084 0.379201 0.091347
v 0.145511 0.472868 0.107505
v 0.147237 0.468281 0.132498
v 0.149075 0.462172 0.157527
v 0.151006 0.454333 0.182282
v 0.153013 0.444557 0.206450
v 0.155079 0.432634 0.229721
v 0.157186 0.418356 0.251782
v 0.159317 0.401517 0.272322
v 0.178902 0.396628 0.265785
v 0.198062 0.391042 0.258517
v 0.216456 0.384789 0.250713
v 0.233745 0.377895 0.242572
v 0.249582 0.370450 0.234321
v 0.263579 0.362776 0.226293
v 0.275244 0.355373 0.218947
v 0.286137 0.354020 0.203425
v 0.283044 0.349748 0.213608
v 0.290036 0.359424 0.188649
v 0.293845 0.364727 0.171492
v 0.297267 0.369520 0.152702
v 0.300120 0.373543 0.132835
v 0.302384 0.376764 0.112271
v 0.010147 -0.256121 -0.324565
v 0.020407 -0.255759 -0.324248
v 0.020294 -0.272766 -0.306261
v 0.010091 -0.273149 -0.306552
v 0.030894 -0.255067 -0.323642
v 0.030724 -0.272029 -0.305709
v 0.041722 -0.253971 -0.322683
v 0.041491 -0.270861 -0.304841
v 0.053004 -0.252400 -0.321306
v 0.052710 -0.269182 -0.303601
v 0.064854 -0.250280 -0.319448
v 0.064493 -0.266913 -0.301935
v 0.077384 -0.247540 -0.317045
v 0.076953 -0.263974 -0.299788
v 0.020340 -0.287462 -0.286469
v 0.010113 -0.287866 -0.286733
v 0.030791 -0.286685 -0.285971
v 0.041582 -0.285449 -0.285193
v 0.052824 -0.283668 -0.284088
v 0.064630 -0.281256 -0.282610
v 0.077113 -0.278128 -0.280711
v 0.020523 -0.299946 -0.264990
v 0.010205 -0.300367 -0.265228
v 0.031069 -0.299132 -0.264547
v 0.041955 -0.297832 -0.263859
v 0.053295 -0.295956 -0.262888
v 0.065202 -0.293410 -0.261595
v 0.077790 -0.290103 -0.259940
v 0.020828 -0.310313 -0.241945
v 0.010357 -0.310750 -0.242154
v 0.031528 -0.309465 -0.241557
v 0.042571 -0.308108 -0.240960
v 0.054073 -0.306144 -0.240122
v 0.066147 -0.303475 -0.239012
v 0.078908 -0.300003 -0.237600
v 0.021234 -0.318660 -0.217451
v 0.010559 -0.319110 -0.217633
v 0.032140 -0.317783 -0.217120
v 0.043393 -0.316375 -0.216615
v 0.055110 -0.314333 -0.215911
v 0.067405 -0.311553 -0.214986
v 0.080395 -0.307931 -0.213814
v 0.021722 -0.325083 -0.191630
v 0.010803 -0.325545 -0.191782
v 0.032876 -0.324181 -0.191357
v 0.044381 -0.322730 -0.190945
v 0.056355 -0.320620 -0.190377
v 0.068914 -0.317743 -0.189638
v 0.082176 -0.313990 -0.188709
v 0.000000 -0.236782 -0.340749
v 0.010290 -0.236684 -0.340651
v -0.000000 -0.256226 -0.324656
v 0.020696 -0.236346 -0.340309
v 0.031332 -0.235700 -0.339650
v 0.042313 -0.234681 -0.338598
v 0.053755 -0.233223 -0.337082
v 0.065772 -0.231258 -0.335026
v 0.078480 -0.228720 -0.332358
v 0.091994 -0.225544 -0.329004
v 0.090709 -0.244105 -0.314033
v 0.090203 -0.260288 -0.297104
v 0.090386 -0.274198 -0.278346
v 0.091172 -0.285944 -0.257886
v 0.092471 -0.295630 -0.235853
v 0.094195 -0.303364 -0.212373
v 0.096257 -0.309252 -0.187575
v 0.098567 -0.313400 -0.161586
v 0.084175 -0.318282 -0.162409
v 0.070612 -0.322145 -0.163091
v 0.057759 -0.325104 -0.163641
v 0.045497 -0.327270 -0.164070
v 0.033709 -0.328758 -0.164386
v 0.022275 -0.329680 -0.164600
v 0.011078 -0.330151 -0.164722
v 0.000000 -0.325675 -0.191829
v 0.000000 -0.330283 -0.164760
v 0.000000 -0.319237 -0.217688
v 0.000000 -0.310874 -0.242217
v 0.000000 -0.300487 -0.265298
v 0.000000 -0.287981 -0.286811
v 0.000000 -0.273260 -0.306637
v 0.104878 -0.239909 -0.310362
v 0.119683 -0.234905 -0.306050
v 0.119063 -0.250343 -0.290034
v 0.104297 -0.255772 -0.293844
v 0.134850 -0.229050 -0.301125
v 0.134269 -0.243914 -0.285713
v 0.150107 -0.222304 -0.295619
v 0.149683 -0.236400 -0.280922
v 0.165156 -0.214642 -0.289627
v 0.165077 -0.227698 -0.275757
v 0.179603 -0.206114 -0.283511
v 0.180231 -0.217645 -0.270536
v 0.193038 -0.196670 -0.277822
v 0.194951 -0.205993 -0.265678
v 0.119353 -0.263541 -0.272157
v 0.104512 -0.269375 -0.275483
v 0.134721 -0.256571 -0.268419
v 0.150428 -0.248343 -0.264318
v 0.166296 -0.238711 -0.259937
v 0.182193 -0.227441 -0.255490
v 0.197998 -0.214270 -0.251229
v 0.120421 -0.274619 -0.252557
v 0.105418 -0.280829 -0.255410
v 0.136030 -0.267161 -0.249388
v 0.152094 -0.258305 -0.245964
v 0.168471 -0.247887 -0.242351
v 0.185046 -0.235691 -0.238632
v 0.201715 -0.221490 -0.234892
v 0.122138 -0.283698 -0.231372
v 0.106909 -0.290246 -0.233758
v 0.138029 -0.275818 -0.228771
v 0.154458 -0.266442 -0.226029
v 0.171301 -0.255399 -0.223198
v 0.188457 -0.242498 -0.220231
v 0.205825 -0.227547 -0.217057
v 0.124384 -0.290890 -0.208744
v 0.108884 -0.297737 -0.210657
v 0.140584 -0.282654 -0.206730
v 0.157368 -0.272859 -0.204710
v 0.174627 -0.261333 -0.202727
v 0.192267 -0.247907 -0.200603
v 0.210197 -0.232407 -0.198104
v 0.127044 -0.296308 -0.184817
v 0.111237 -0.303410 -0.186242
v 0.143566 -0.287776 -0.183430
v 0.160694 -0.277647 -0.182212
v 0.178322 -0.265755 -0.181201
v 0.196364 -0.251942 -0.180074
v 0.214739 -0.236053 -0.178414
v 0.106360 -0.221674 -0.324905
v 0.121342 -0.217104 -0.320067
v 0.136638 -0.211839 -0.314507
v 0.151943 -0.205885 -0.308247
v 0.166908 -0.199304 -0.301363
v 0.181001 -0.192393 -0.294163
v 0.193503 -0.185613 -0.287129
v 0.202343 -0.180394 -0.281730
v 0.205165 -0.185570 -0.273753
v 0.209133 -0.192231 -0.261789
v 0.213602 -0.198899 -0.247428
v 0.218372 -0.205056 -0.231219
v 0.223306 -0.210350 -0.213605
v 0.228326 -0.214663 -0.194998
v 0.233366 -0.217933 -0.175806
v 0.238362 -0.220098 -0.156434
v 0.219360 -0.238469 -0.158366
v 0.200637 -0.254631 -0.158970
v 0.182262 -0.268726 -0.158883
v 0.164307 -0.280897 -0.158739
v 0.146851 -0.291289 -0.159038
v 0.129999 -0.300062 -0.159734
v 0.113867 -0.307378 -0.160644
v 0.011378 -0.333015 -0.136593
v 0.022876 -0.332538 -0.136503
v 0.023515 -0.333707 -0.107566
v 0.011699 -0.334188 -0.107624
v 0.034611 -0.331600 -0.136350
v 0.035565 -0.332760 -0.107474
v 0.046703 -0.330085 -0.136131
v 0.047966 -0.331230 -0.107351
v 0.059271 -0.327876 -0.135843
v 0.060835 -0.328998 -0.107200
v 0.072433 -0.324856 -0.135484
v 0.074289 -0.325947 -0.107026
v 0.086309 -0.320908 -0.135052
v 0.088445 -0.321957 -0.106831
v 0.024188 -0.333227 -0.078039
v 0.012039 -0.333711 -0.078063
v 0.036557 -0.332280 -0.078007
v 0.049257 -0.330751 -0.077975
v 0.062397 -0.328525 -0.077950
v 0.076088 -0.325485 -0.077940
v 0.090440 -0.321516 -0.077953
v 0.024886 -0.331141 -0.048171
v 0.012395 -0.331624 -0.048161
v 0.037570 -0.330201 -0.048196
v 0.050542 -0.328694 -0.048246
v 0.063899 -0.326510 -0.048329
v 0.077737 -0.323539 -0.048452
v 0.092152 -0.319670 -0.048625
v 0.025607 -0.327488 -0.018212
v 0.012766 -0.327970 -0.018167
v 0.038595 -0.326565 -0.018292
v 0.051805 -0.325101 -0.018413
v 0.065311 -0.322996 -0.018581
v 0.079187 -0.320153 -0.018799
v 0.093507 -0.316471 -0.019074
v 0.026350 -0.322306 0.011585
v 0.013151 -0.322788 0.011668
v 0.039644 -0.321399 0.011449
v 0.053079 -0.319984 0.011259
v 0.066704 -0.317974 0.011018
v 0.080566 -0.315286 0.010727
v 0.094712 -0.311835 0.010386
v 0.027120 -0.315630 0.040969
v 0.013549 -0.316118 0.041096
v 0.040734 -0.314731 0.040769
v 0.054411 -0.313352 0.040504
v 0.068174 -0.311424 0.040185
v 0.082043 -0.308876 0.039820
v 0.096040 -0.305640 0.039419
v 0.000000 -0.333148 -0.136622
v 0.101018 -0.315916 -0.134543
v 0.103420 -0.316911 -0.106619
v 0.105564 -0.316499 -0.077995
v 0.107241 -0.314793 -0.048855
v 0.108345 -0.311853 -0.019410
v 0.109189 -0.307536 0.009996
v 0.110186 -0.301647 0.038991
v 0.111753 -0.293990 0.067202
v 0.097768 -0.297768 0.067692
v 0.083790 -0.300860 0.068176
v 0.069817 -0.303323 0.068636
v 0.055848 -0.305213 0.069053
v 0.041883 -0.306586 0.069409
v 0.027920 -0.307497 0.069686
v 0.013960 -0.308002 0.069865
v -0.000000 -0.316266 0.041140
v -0.000000 -0.308159 0.069929
v -0.000000 -0.322929 0.011696
v -0.000000 -0.328108 -0.018154
v -0.000000 -0.331761 -0.048160
v -0.000000 -0.333846 -0.078073
v 0.000000 -0.334322 -0.107644
v 0.014382 -0.298482 0.097764
v 0.028753 -0.297946 0.097522
v 0.029618 -0.287027 0.124414
v 0.014816 -0.287602 0.124729
v 0.043104 -0.296996 0.097151
v 0.044391 -0.286022 0.123932
v 0.057424 -0.295588 0.096678
v 0.059120 -0.284549 0.123318
v 0.071702 -0.293675 0.096131
v 0.073791 -0.282570 0.122605
v 0.085929 -0.291211 0.095536
v 0.088389 -0.280047 0.121830
v 0.100094 -0.288151 0.094921
v 0.102901 -0.276941 0.121027
v 0.030513 -0.274795 0.150339
v 0.015264 -0.275412 0.150734
v 0.045732 -0.273729 0.149730
v 0.060905 -0.272181 0.148950
v 0.076017 -0.270122 0.148038
v 0.091052 -0.267519 0.147036
v 0.105996 -0.264342 0.145985
v 0.031439 -0.261303 0.175270
v 0.015727 -0.261959 0.175752
v 0.047117 -0.260181 0.174522
v 0.062748 -0.258570 0.173552
v 0.078313 -0.256444 0.172407
v 0.093798 -0.253781 0.171131
v 0.109186 -0.250558 0.169769
v 0.032393 -0.246604 0.199183
v 0.016206 -0.247290 0.199757
v 0.048539 -0.245444 0.198284
v 0.064626 -0.243794 0.197106
v 0.080632 -0.241641 0.195695
v 0.096538 -0.238969 0.194098
v 0.112325 -0.235764 0.192362
v 0.033381 -0.230748 0.222056
v 0.016704 -0.231452 0.222724
v 0.050006 -0.229570 0.220998
v 0.066552 -0.227913 0.219597
v 0.082992 -0.225771 0.217896
v 0.099302 -0.223142 0.215943
v 0.115453 -0.220019 0.213782
v 0.034408 -0.213785 0.243864
v 0.017221 -0.214493 0.244626
v 0.051528 -0.212612 0.242646
v 0.068546 -0.210978 0.241014
v 0.085431 -0.208887 0.239010
v 0.102147 -0.206344 0.236678
v 0.118661 -0.203355 0.234060
v -0.000000 -0.298650 0.097851
v 0.114186 -0.284449 0.094312
v 0.117311 -0.273216 0.120230
v 0.120833 -0.260559 0.144926
v 0.124461 -0.246749 0.168367
v 0.127971 -0.232011 0.190532
v 0.131421 -0.216399 0.211460
v 0.134939 -0.199922 0.231198
v 0.138655 -0.182590 0.249796
v 0.122036 -0.185800 0.253223
v 0.105132 -0.188620 0.256315
v 0.087984 -0.191038 0.259035
v 0.070632 -0.193043 0.261345
v 0.053117 -0.194622 0.263207
v 0.035479 -0.195765 0.264584
v 0.017760 -0.196459 0.265438
v -0.000000 -0.214730 0.244889
v -0.000000 -0.196693 0.265730
v -0.000000 -0.231685 0.222957
v -0.000000 -0.247515 0.199959
v -0.000000 -0.262172 0.175922
v -0.000000 -0.275611 0.150874
v -0.000000 -0.287786 0.124842
v 0.216206 -0.171393 -0.272444
v 0.227130 -0.154052 -0.272485
v 0.235924 -0.157169 -0.257763
v 0.222741 -0.175917 -0.259300
v 0.238281 -0.134036 -0.272682
v 0.248820 -0.136265 -0.256573
v 0.249438 -0.111906 -0.272641
v 0.261340 -0.113570 -0.255388
v 0.260277 -0.088229 -0.272183
v 0.273307 -0.089494 -0.253994
v 0.270451 -0.063572 -0.271378
v 0.284422 -0.064544 -0.252437
v 0.279609 -0.038508 -0.270357
v 0.294351 -0.039253 -0.250826
v 0.243813 -0.161161 -0.241646
v 0.228903 -0.181127 -0.244282
v 0.258239 -0.139316 -0.239297
v 0.272062 -0.115914 -0.237044
v 0.285123 -0.091311 -0.234751
v 0.297143 -0.065963 -0.232465
v 0.307811 -0.040356 -0.230281
v 0.251102 -0.165346 -0.224274
v 0.234895 -0.186257 -0.227681
v 0.266793 -0.142668 -0.220977
v 0.281770 -0.118572 -0.217768
v 0.295818 -0.093421 -0.214643
v 0.308661 -0.067641 -0.211668
v 0.320005 -0.041673 -0.208930
v 0.257991 -0.169192 -0.205851
v 0.240774 -0.190807 -0.209837
v 0.274692 -0.145869 -0.201775
v 0.290612 -0.121207 -0.197740
v 0.305481 -0.095580 -0.193867
v 0.319020 -0.069392 -0.190252
v 0.330945 -0.043058 -0.186983
v 0.264522 -0.172480 -0.186703
v 0.246526 -0.194594 -0.191136
v 0.282001 -0.148693 -0.181969
v 0.298651 -0.123605 -0.177204
v 0.314163 -0.097592 -0.172648
v 0.328254 -0.071047 -0.168430
v 0.340645 -0.044368 -0.164651
v 0.270695 -0.175070 -0.167188
v 0.252119 -0.197512 -0.171972
v 0.288748 -0.150972 -0.161867
v 0.305931 -0.125585 -0.156423
v 0.321908 -0.099279 -0.151220
v 0.336394 -0.072440 -0.146422
v 0.349117 -0.045461 -0.142144
v 0.208363 -0.169297 -0.283662
v 0.216859 -0.152796 -0.285799
v 0.226335 -0.133187 -0.287511
v 0.236189 -0.111292 -0.288640
v 0.245935 -0.087774 -0.289128
v 0.255184 -0.063237 -0.289085
v 0.263573 -0.038267 -0.288665
v 0.270736 -0.013451 -0.288018
v 0.287399 -0.013606 -0.269251
v 0.302762 -0.014152 -0.249272
v 0.316818 -0.014975 -0.228290
v 0.329557 -0.015960 -0.206513
v 0.340974 -0.016991 -0.184151
v 0.351059 -0.017953 -0.161410
v 0.359804 -0.018732 -0.138501
v 0.367202 -0.019212 -0.115632
v 0.356373 -0.046194 -0.119672
v 0.343472 -0.073406 -0.124442
v 0.328760 -0.100459 -0.129814
v 0.312496 -0.126964 -0.135660
v 0.294962 -0.152538 -0.141778
v 0.276512 -0.176820 -0.147664
v 0.257521 -0.199458 -0.152742
v 0.293541 0.010675 -0.268155
v 0.298045 0.034321 -0.267017
v 0.314265 0.034190 -0.246502
v 0.309394 0.010331 -0.247851
v 0.300996 0.057433 -0.265748
v 0.317466 0.057524 -0.245128
v 0.302478 0.080109 -0.264259
v 0.319086 0.080432 -0.243635
v 0.302573 0.102448 -0.262462
v 0.319214 0.103012 -0.241928
v 0.301365 0.124549 -0.260268
v 0.317942 0.125363 -0.239909
v 0.298939 0.146511 -0.257589
v 0.315358 0.147584 -0.237485
v 0.329144 0.033949 -0.225003
v 0.323919 0.009793 -0.226554
v 0.332588 0.057592 -0.223532
v 0.334347 0.080820 -0.222040
v 0.334517 0.103732 -0.220424
v 0.333195 0.126427 -0.218579
v 0.330476 0.149002 -0.216405
v 0.342643 0.033657 -0.202724
v 0.337092 0.009147 -0.204471
v 0.346315 0.057667 -0.201161
v 0.348207 0.081275 -0.199673
v 0.348423 0.104582 -0.198147
v 0.347063 0.127684 -0.196474
v 0.344230 0.150679 -0.194542
v 0.354726 0.033372 -0.179869
v 0.348887 0.008481 -0.181807
v 0.358599 0.057779 -0.178217
v 0.360612 0.081800 -0.176733
v 0.360872 0.105533 -0.175296
v 0.359486 0.129078 -0.173790
v 0.356560 0.152531 -0.172094
v 0.365355 0.033153 -0.156643
v 0.359280 0.007882 -0.158771
v 0.369394 0.057958 -0.154902
v 0.371507 0.082395 -0.153419
v 0.371807 0.106561 -0.152068
v 0.370402 0.130553 -0.150722
v 0.367403 0.154470 -0.149255
v 0.374490 0.033060 -0.133251
v 0.368245 0.007436 -0.135568
v 0.378650 0.058237 -0.131416
v 0.380839 0.083063 -0.129930
v 0.381168 0.107636 -0.128658
v 0.379750 0.132054 -0.127466
v 0.376697 0.156413 -0.126221
v 0.276385 0.010737 -0.287259
v 0.280523 0.034284 -0.286344
v 0.283228 0.057288 -0.285189
v 0.284578 0.079849 -0.283712
v 0.284651 0.102067 -0.281831
v 0.283526 0.124040 -0.279461
v 0.281280 0.145869 -0.276520
v 0.277992 0.167652 -0.272925
v 0.295377 0.168434 -0.254335
v 0.311552 0.169774 -0.234560
v 0.326455 0.171557 -0.213796
v 0.340026 0.173668 -0.192241
v 0.352201 0.175991 -0.170090
v 0.362921 0.178410 -0.147540
v 0.372123 0.180811 -0.124787
v 0.379746 0.183077 -0.102027
v 0.384382 0.158273 -0.103186
v 0.387469 0.133525 -0.104218
v 0.388896 0.108734 -0.105265
v 0.388551 0.083806 -0.106466
v 0.386321 0.058644 -0.107963
v 0.382095 0.033151 -0.109896
v 0.375759 0.007231 -0.112405
v 0.290777 0.190345 -0.250452
v 0.285287 0.211991 -0.246022
v 0.300673 0.213915 -0.227136
v 0.306619 0.191963 -0.231076
v 0.279072 0.233048 -0.241161
v 0.293834 0.235323 -0.222878
v 0.272294 0.253191 -0.235985
v 0.286221 0.255883 -0.218441
v 0.265098 0.272076 -0.230667
v 0.277914 0.275292 -0.214024
v 0.257566 0.289272 -0.225612
v 0.268838 0.293251 -0.210049
v 0.249648 0.304309 -0.221432
v 0.258815 0.309478 -0.207061
v 0.314869 0.216494 -0.207212
v 0.321227 0.194127 -0.210694
v 0.307458 0.238379 -0.203504
v 0.299069 0.259500 -0.199728
v 0.289743 0.279587 -0.196079
v 0.279375 0.298404 -0.192924
v 0.267815 0.315726 -0.190677
v 0.327826 0.219540 -0.186450
v 0.334541 0.196688 -0.189504
v 0.319920 0.241966 -0.183240
v 0.310862 0.263709 -0.180036
v 0.300672 0.284515 -0.177025
v 0.289286 0.304154 -0.174481
v 0.276622 0.322404 -0.172702
v 0.339492 0.222866 -0.165051
v 0.346502 0.199499 -0.167705
v 0.331187 0.245847 -0.162287
v 0.321602 0.268196 -0.159569
v 0.310745 0.289670 -0.157067
v 0.298587 0.310036 -0.154986
v 0.285092 0.329062 -0.153541
v 0.349806 0.226296 -0.143221
v 0.357049 0.202414 -0.145495
v 0.341194 0.249816 -0.140862
v 0.331215 0.272732 -0.138563
v 0.319870 0.294803 -0.136471
v 0.307146 0.315791 -0.134747
v 0.293031 0.335460 -0.133551
v 0.358703 0.229658 -0.121166
v 0.366120 0.205288 -0.123075
v 0.349866 0.253678 -0.119187
v 0.339606 0.277106 -0.117262
v 0.327918 0.299699 -0.115518
v 0.314795 0.321214 -0.114082
v 0.300230 0.341409 -0.113082
v 0.273759 0.189418 -0.268622
v 0.268761 0.210910 -0.263670
v 0.263197 0.231799 -0.258155
v 0.257265 0.251757 -0.252164
v 0.251179 0.270420 -0.245825
v 0.245213 0.287284 -0.239425
v 0.239726 0.301673 -0.233376
v 0.306483 0.346720 -0.092481
v 0.321365 0.326097 -0.093309
v 0.334762 0.304144 -0.094487
v 0.346681 0.281109 -0.095912
v 0.357130 0.257238 -0.097482
v 0.366119 0.232778 -0.099093
v 0.373655 0.207975 -0.100642
v 0.381812 0.007350 -0.089426
v 0.388149 0.033479 -0.086726
v 0.392705 0.034074 -0.063665
v 0.386462 0.007861 -0.066523
v 0.392379 0.059205 -0.084692
v 0.396872 0.059923 -0.061550
v 0.394611 0.084623 -0.083178
v 0.399065 0.085498 -0.060029
v 0.394955 0.109827 -0.082040
v 0.399390 0.110889 -0.058954
v 0.393520 0.134914 -0.081130
v 0.397948 0.136189 -0.058177
v 0.390415 0.159976 -0.080304
v 0.394843 0.161487 -0.057550
v 0.395834 0.034961 -0.040580
v 0.389783 0.008827 -0.043524
v 0.399868 0.060795 -0.038431
v 0.401981 0.086412 -0.036930
v 0.402266 0.111894 -0.035932
v 0.400819 0.137323 -0.035291
v 0.397733 0.162781 -0.034861
v 0.397605 0.036163 -0.017340
v 0.391849 0.010313 -0.020259
v 0.401436 0.061819 -0.015231
v 0.403424 0.087347 -0.013796
v 0.403651 0.112815 -0.012899
v 0.402199 0.138289 -0.012402
v 0.399151 0.163835 -0.012169
v 0.398069 0.037659 0.006162
v 0.392701 0.012310 0.003400
v 0.401632 0.062965 0.008139
v 0.403456 0.088271 0.009450
v 0.403608 0.113620 0.010216
v 0.402155 0.139057 0.010556
v 0.399164 0.164624 0.010591
v 0.397193 0.039240 0.029916
v 0.392248 0.014511 0.027400
v 0.400465 0.064096 0.031702
v 0.402114 0.089095 0.032854
v 0.402191 0.114254 0.033470
v 0.400749 0.139591 0.033648
v 0.397838 0.165122 0.033485
v 0.394923 0.040653 0.053886
v 0.390367 0.016539 0.051643
v 0.397930 0.065048 0.055465
v 0.399427 0.089718 0.056451
v 0.399451 0.114656 0.056916
v 0.398043 0.139854 0.056934
v 0.395239 0.165305 0.056577
v 0.373259 -0.019277 -0.092939
v 0.385750 0.185110 -0.079414
v 0.390180 0.186874 -0.056925
v 0.393104 0.188351 -0.034497
v 0.394588 0.189521 -0.012063
v 0.394701 0.190365 0.010440
v 0.393509 0.190866 0.033078
v 0.391080 0.191003 0.055916
v 0.387480 0.190758 0.079018
v 0.391434 0.165147 0.079932
v 0.394098 0.139808 0.080478
v 0.395439 0.114765 0.080609
v 0.395425 0.090040 0.080277
v 0.394025 0.065658 0.079436
v 0.391205 0.041641 0.078036
v 0.386934 0.018014 0.076032
v 0.384222 -0.007286 0.048662
v 0.381180 -0.005201 0.073376
v 0.385577 -0.010109 0.024055
v 0.385459 -0.013127 -0.000267
v 0.384085 -0.015797 -0.024125
v 0.381622 -0.017688 -0.047408
v 0.378039 -0.018809 -0.070272
v 0.379613 0.210352 -0.078353
v 0.372012 0.235510 -0.077163
v 0.376429 0.237819 -0.055358
v 0.384041 0.212384 -0.056188
v 0.362936 0.260331 -0.075921
v 0.367327 0.262924 -0.054490
v 0.352372 0.284566 -0.074708
v 0.356719 0.287444 -0.053639
v 0.340307 0.307962 -0.073602
v 0.344587 0.311124 -0.052858
v 0.326729 0.330270 -0.072682
v 0.330915 0.333709 -0.052202
v 0.311627 0.351237 -0.072027
v 0.315685 0.354944 -0.051726
v 0.379436 0.239697 -0.033615
v 0.387006 0.214057 -0.034082
v 0.370372 0.265014 -0.033126
v 0.359791 0.289747 -0.032642
v 0.347671 0.313638 -0.032192
v 0.333990 0.336428 -0.031806
v 0.318724 0.357858 -0.031511
v 0.381101 0.241138 -0.011871
v 0.388575 0.215357 -0.011971
v 0.372138 0.266599 -0.011766
v 0.361656 0.291478 -0.011656
v 0.349627 0.315512 -0.011544
v 0.336022 0.338438 -0.011432
v 0.320812 0.359995 -0.011321
v 0.381493 0.242132 0.009936
v 0.388817 0.216273 0.010208
v 0.372693 0.267676 0.009651
v 0.362381 0.292639 0.009380
v 0.350521 0.316753 0.009148
v 0.337079 0.339753 0.008983
v 0.322017 0.361372 0.008910
v 0.380678 0.242673 0.031870
v 0.387799 0.216790 0.032519
v 0.372105 0.268244 0.031188
v 0.362034 0.293233 0.030528
v 0.350423 0.317370 0.029947
v 0.337228 0.340385 0.029501
v 0.322405 0.362006 0.029245
v 0.378725 0.242752 0.053995
v 0.385587 0.216895 0.055027
v 0.370442 0.268300 0.052907
v 0.360684 0.293264 0.051851
v 0.349400 0.317371 0.050914
v 0.336538 0.340345 0.050184
v 0.322045 0.361914 0.049748
v 0.321003 0.361112 0.070485
v 0.335075 0.339648 0.071096
v 0.347520 0.316763 0.072111
v 0.358398 0.292735 0.073409
v 0.367771 0.267842 0.074870
v 0.375702 0.242363 0.076372
v 0.382251 0.216575 0.077795
v 0.381876 0.018667 0.100454
v 0.386013 0.042026 0.102302
v 0.379431 0.041925 0.126512
v 0.375320 0.018665 0.124730
v 0.388756 0.065810 0.103586
v 0.382177 0.065594 0.127747
v 0.390140 0.089993 0.104330
v 0.383602 0.089649 0.128442
v 0.390199 0.114545 0.104559
v 0.383746 0.114065 0.128601
v 0.388966 0.139438 0.104298
v 0.382651 0.138819 0.128229
v 0.386475 0.164645 0.103571
v 0.380360 0.163885 0.127331
v 0.371571 0.041531 0.150466
v 0.367442 0.018287 0.148668
v 0.374354 0.065146 0.151717
v 0.375843 0.089114 0.152408
v 0.376091 0.113421 0.152527
v 0.375149 0.138048 0.152063
v 0.373070 0.162979 0.151005
v 0.362546 0.041038 0.173967
v 0.358418 0.017809 0.172072
v 0.365351 0.064604 0.175292
v 0.366895 0.088496 0.176021
v 0.367242 0.112706 0.176131
v 0.366453 0.137222 0.175593
v 0.364591 0.162036 0.174383
v 0.352443 0.040600 0.196815
v 0.348387 0.017448 0.194752
v 0.355219 0.064083 0.198269
v 0.356783 0.087890 0.199078
v 0.357205 0.112011 0.199204
v 0.356556 0.136439 0.198610
v 0.354905 0.161165 0.197260
v 0.341257 0.040217 0.218819
v 0.337338 0.017176 0.216523
v 0.343954 0.063611 0.220450
v 0.345503 0.087344 0.221372
v 0.345976 0.111407 0.221539
v 0.345449 0.135788 0.220906
v 0.343995 0.160476 0.219426
v 0.328958 0.039851 0.239788
v 0.325221 0.016901 0.237206
v 0.331540 0.063189 0.241637
v 0.333044 0.086898 0.242702
v 0.333546 0.110960 0.242931
v 0.333121 0.135359 0.242273
v 0.331844 0.160077 0.240675
v 0.376313 -0.004239 0.098017
v 0.382761 0.190137 0.102404
v 0.376912 0.189241 0.125913
v 0.369907 0.188199 0.149339
v 0.361719 0.187136 0.172476
v 0.352322 0.186180 0.195117
v 0.341688 0.185459 0.217055
v 0.329791 0.185098 0.238086
v 0.316605 0.185225 0.258002
v 0.318434 0.160077 0.260798
v 0.319559 0.135239 0.262503
v 0.319906 0.110735 0.263173
v 0.319398 0.086588 0.262863
v 0.317959 0.062823 0.261631
v 0.315515 0.039464 0.259531
v 0.311989 0.016536 0.256620
v 0.320255 -0.005644 0.233945
v 0.307306 -0.005939 0.252954
v 0.332122 -0.005503 0.213609
v 0.342980 -0.005364 0.192117
v 0.352904 -0.005073 0.169634
v 0.361914 -0.004571 0.146334
v 0.369804 -0.004161 0.122398
v 0.377839 0.215843 0.100842
v 0.371656 0.241524 0.099020
v 0.366558 0.240364 0.121780
v 0.372331 0.214817 0.124010
v 0.364141 0.266894 0.097093
v 0.359512 0.265590 0.119412
v 0.355222 0.291672 0.095217
v 0.351115 0.290201 0.117094
v 0.344829 0.315574 0.093547
v 0.341288 0.313905 0.115018
v 0.332889 0.338317 0.092240
v 0.329946 0.336421 0.113386
v 0.319331 0.359620 0.091454
v 0.317006 0.357467 0.112402
v 0.360357 0.239041 0.144446
v 0.365690 0.213640 0.147093
v 0.353827 0.264089 0.141613
v 0.346015 0.288470 0.138812
v 0.336837 0.311880 0.136269
v 0.326195 0.334041 0.134244
v 0.313989 0.354686 0.133009
v 0.353006 0.237711 0.166812
v 0.357876 0.212458 0.169888
v 0.347027 0.262549 0.163485
v 0.339859 0.286628 0.160143
v 0.331416 0.309618 0.157043
v 0.321583 0.331259 0.154527
v 0.310241 0.351307 0.152959
v 0.344452 0.236532 0.188676
v 0.348853 0.211413 0.192190
v 0.339050 0.261145 0.184820
v 0.332576 0.284855 0.180865
v 0.324951 0.307300 0.177095
v 0.316050 0.328233 0.173946
v 0.305735 0.347441 0.171906
v 0.334642 0.235683 0.209836
v 0.338581 0.210653 0.213795
v 0.329820 0.260101 0.205419
v 0.324062 0.283459 0.200782
v 0.317312 0.305338 0.196216
v 0.309499 0.325437 0.192218
v 0.300504 0.343511 0.189402
v 0.323520 0.235343 0.230092
v 0.327021 0.210325 0.234499
v 0.319258 0.259659 0.225085
v 0.314205 0.282778 0.219703
v 0.308352 0.304213 0.214213
v 0.301776 0.323501 0.209078
v 0.294507 0.340202 0.204970
v 0.287199 0.339165 0.218168
v 0.292538 0.323356 0.224332
v 0.297897 0.304443 0.230899
v 0.302893 0.283151 0.237437
v 0.307285 0.260057 0.243625
v 0.311030 0.235692 0.249243
v 0.314135 0.210575 0.254100
v 0.197791 -0.171452 -0.293383
v 0.184918 -0.176092 -0.302373
v 0.190810 -0.157347 -0.308544
v 0.204657 -0.154116 -0.297756
v 0.170566 -0.181533 -0.310861
v 0.175780 -0.161555 -0.318345
v 0.155333 -0.187061 -0.318713
v 0.160003 -0.166107 -0.327188
v 0.139728 -0.192230 -0.325772
v 0.143893 -0.170521 -0.335066
v 0.124109 -0.196907 -0.332001
v 0.127789 -0.174626 -0.341979
v 0.108793 -0.201042 -0.337391
v 0.112012 -0.178332 -0.347936
v 0.197915 -0.136442 -0.313162
v 0.212795 -0.134102 -0.300987
v 0.182055 -0.139694 -0.324116
v 0.165574 -0.143382 -0.333910
v 0.148823 -0.147099 -0.342592
v 0.132125 -0.150663 -0.350185
v 0.115797 -0.153949 -0.356704
v 0.205643 -0.113750 -0.316512
v 0.221509 -0.111977 -0.303259
v 0.188920 -0.116284 -0.328448
v 0.171667 -0.119250 -0.339114
v 0.154209 -0.122352 -0.348556
v 0.136859 -0.125416 -0.356798
v 0.119928 -0.128298 -0.363863
v 0.213482 -0.089688 -0.318820
v 0.230254 -0.088308 -0.304675
v 0.195931 -0.091689 -0.331594
v 0.177915 -0.094088 -0.343030
v 0.159747 -0.096673 -0.353158
v 0.141736 -0.099287 -0.362000
v 0.124187 -0.101784 -0.369575
v 0.221046 -0.064767 -0.320275
v 0.238633 -0.063669 -0.305391
v 0.202732 -0.066374 -0.333758
v 0.183999 -0.068330 -0.345856
v 0.165155 -0.070481 -0.356586
v 0.146504 -0.072687 -0.365966
v 0.128354 -0.074813 -0.374008
v 0.227984 -0.039527 -0.321060
v 0.246280 -0.038632 -0.305575
v 0.208993 -0.040832 -0.335126
v 0.189614 -0.042430 -0.347779
v 0.170152 -0.044200 -0.359025
v 0.150915 -0.046027 -0.368872
v 0.132210 -0.047792 -0.377324
v 0.094100 -0.204584 -0.341938
v 0.096883 -0.181545 -0.352940
v 0.100155 -0.156833 -0.362167
v 0.103726 -0.130855 -0.369770
v 0.107407 -0.104016 -0.375906
v 0.111009 -0.076723 -0.380727
v 0.114343 -0.049381 -0.384389
v 0.117220 -0.022397 -0.387044
v 0.135538 -0.021128 -0.379689
v 0.154721 -0.019717 -0.370893
v 0.174461 -0.018256 -0.360659
v 0.194451 -0.016838 -0.348989
v 0.214381 -0.015555 -0.335887
v 0.233944 -0.014502 -0.321356
v 0.252832 -0.013769 -0.305399
v 0.257999 0.010457 -0.304989
v 0.238644 0.009877 -0.321302
v 0.242083 0.033603 -0.320865
v 0.261780 0.034036 -0.304309
v 0.218630 0.009064 -0.336187
v 0.221739 0.033029 -0.335995
v 0.198265 0.008088 -0.349633
v 0.201059 0.032358 -0.349681
v 0.177860 0.007016 -0.361629
v 0.180352 0.031632 -0.361908
v 0.157723 0.005917 -0.372164
v 0.159928 0.030894 -0.372657
v 0.138163 0.004859 -0.381228
v 0.140096 0.030189 -0.381912
v 0.244330 0.056778 -0.319971
v 0.264250 0.057066 -0.303281
v 0.223775 0.056441 -0.335240
v 0.202895 0.056074 -0.349065
v 0.181998 0.055694 -0.361426
v 0.161393 0.055320 -0.372301
v 0.141389 0.054968 -0.381670
v 0.245456 0.079503 -0.318545
v 0.265482 0.079649 -0.301825
v 0.224805 0.079402 -0.333849
v 0.203837 0.079340 -0.347712
v 0.182859 0.079307 -0.360114
v 0.162177 0.079298 -0.371029
v 0.142098 0.079303 -0.380435
v 0.245529 0.101879 -0.316512
v 0.265549 0.101885 -0.299864
v 0.224894 0.102014 -0.331749
v 0.203949 0.102258 -0.345553
v 0.182995 0.102576 -0.357901
v 0.162337 0.102934 -0.368769
v 0.142277 0.103299 -0.378135
v 0.244620 0.124006 -0.313796
v 0.264525 0.123873 -0.297320
v 0.224110 0.124379 -0.328868
v 0.203293 0.124932 -0.342516
v 0.182467 0.125603 -0.354718
v 0.161930 0.126334 -0.365454
v 0.141980 0.127063 -0.374703
v 0.242798 0.145985 -0.310323
v 0.262482 0.145713 -0.294113
v 0.222517 0.146598 -0.325134
v 0.201933 0.147463 -0.338530
v 0.181335 0.148494 -0.350494
v 0.161014 0.149602 -0.361013
v 0.141262 0.150699 -0.370068
v 0.119491 0.003909 -0.388811
v 0.121165 0.029559 -0.389656
v 0.122295 0.054659 -0.389512
v 0.122930 0.079315 -0.388308
v 0.123120 0.103637 -0.385975
v 0.122917 0.127729 -0.382444
v 0.122370 0.151699 -0.377646
v 0.121531 0.175654 -0.371511
v 0.140177 0.174316 -0.364163
v 0.159647 0.172843 -0.355377
v 0.179659 0.171351 -0.345161
v 0.199932 0.169956 -0.333524
v 0.220184 0.168773 -0.320474
v 0.240132 0.167918 -0.306019
v 0.259495 0.167506 -0.290167
v 0.255662 0.189283 -0.285424
v 0.236719 0.189841 -0.300824
v 0.232764 0.211536 -0.294747
v 0.251179 0.210799 -0.279917
v 0.217202 0.190949 -0.314828
v 0.213775 0.212934 -0.308182
v 0.197380 0.192460 -0.327437
v 0.194468 0.214810 -0.320242
v 0.177524 0.194229 -0.338656
v 0.175102 0.216979 -0.330947
v 0.157905 0.196113 -0.348485
v 0.155938 0.219272 -0.340310
v 0.138793 0.197969 -0.356927
v 0.137237 0.221520 -0.348340
v 0.228499 0.232720 -0.287813
v 0.246269 0.231744 -0.273703
v 0.210131 0.234483 -0.300535
v 0.191412 0.236789 -0.311921
v 0.172589 0.239404 -0.322013
v 0.153915 0.242131 -0.330833
v 0.135647 0.244783 -0.338394
v 0.224154 0.253110 -0.280045
v 0.241154 0.251803 -0.266836
v 0.206501 0.255345 -0.291887
v 0.188430 0.258180 -0.302455
v 0.170180 0.261305 -0.311829
v 0.152005 0.264501 -0.320035
v 0.134163 0.267571 -0.327080
v 0.220002 0.272430 -0.271448
v 0.236090 0.270647 -0.259378
v 0.203144 0.275288 -0.282210
v 0.185755 0.278773 -0.291812
v 0.168078 0.282486 -0.300368
v 0.150379 0.286192 -0.307895
v 0.132925 0.289697 -0.314386
v 0.216473 0.290433 -0.261941
v 0.231476 0.287873 -0.251418
v 0.200445 0.294131 -0.271384
v 0.183689 0.298393 -0.279904
v 0.166515 0.302768 -0.287575
v 0.149215 0.307021 -0.294385
v 0.132075 0.310975 -0.300302
v 0.214100 0.306897 -0.251363
v 0.227887 0.303062 -0.242947
v 0.198824 0.311708 -0.259255
v 0.182549 0.316871 -0.266629
v 0.165729 0.321972 -0.273393
v 0.148696 0.326805 -0.279477
v 0.131753 0.331218 -0.284819
v 0.120460 0.199652 -0.363982
v 0.119258 0.223555 -0.355049
v 0.118038 0.247173 -0.344712
v 0.116910 0.270321 -0.332973
v 0.115987 0.292809 -0.319834
v 0.115381 0.314451 -0.305295
v 0.115203 0.335058 -0.289357
v 0.277558 0.342188 0.229095
v 0.265549 0.347651 0.239086
v 0.268631 0.329868 0.250203
v 0.281481 0.325686 0.237913
v 0.251491 0.353960 0.248826
v 0.254113 0.335022 0.261630
v 0.235701 0.360413 0.258319
v 0.238093 0.340539 0.272357
v 0.218488 0.366558 0.267445
v 0.220764 0.345952 0.282450
v 0.200167 0.372250 0.276053
v 0.202382 0.351083 0.291830
v 0.181050 0.377420 0.283984
v 0.183222 0.355831 0.300386
v 0.272185 0.309714 0.260099
v 0.285819 0.306386 0.246151
v 0.257113 0.313940 0.272926
v 0.240724 0.318609 0.284780
v 0.223161 0.323327 0.295771
v 0.204634 0.327912 0.305864
v 0.185371 0.332235 0.314993
v 0.275773 0.287537 0.268957
v 0.290054 0.284806 0.253841
v 0.260179 0.291026 0.282875
v 0.243395 0.294957 0.295684
v 0.225560 0.299043 0.307453
v 0.206850 0.303107 0.318171
v 0.187449 0.307005 0.327809
v 0.279067 0.263718 0.276856
v 0.293856 0.261458 0.260880
v 0.263049 0.266617 0.291596
v 0.245932 0.269934 0.305143
v 0.227850 0.273462 0.317533
v 0.208957 0.277039 0.328767
v 0.189406 0.280517 0.338839
v 0.281970 0.238722 0.283726
v 0.297148 0.236853 0.267127
v 0.265627 0.241138 0.299060
v 0.248246 0.243940 0.313150
v 0.229957 0.246969 0.326012
v 0.210896 0.250084 0.337655
v 0.191198 0.253144 0.348083
v 0.284443 0.213035 0.289461
v 0.299910 0.211505 0.272429
v 0.267857 0.215038 0.305207
v 0.250274 0.217387 0.319678
v 0.231817 0.219957 0.332885
v 0.212610 0.222623 0.344838
v 0.192777 0.225263 0.355545
v 0.161451 0.382003 0.291080
v 0.163557 0.360094 0.308004
v 0.165599 0.336165 0.323090
v 0.167544 0.310591 0.336337
v 0.169355 0.283747 0.347742
v 0.170999 0.256009 0.357302
v 0.172442 0.227752 0.365016
v 0.173647 0.199350 0.370880
v 0.194097 0.197248 0.361225
v 0.214042 0.195035 0.350316
v 0.233365 0.192814 0.338144
v 0.251951 0.190689 0.324700
v 0.269684 0.188764 0.309973
v 0.286447 0.187142 0.293954
v 0.302126 0.185928 0.276634
v 0.303769 0.160554 0.279625
v 0.287938 0.161455 0.297127
v 0.288849 0.136085 0.299013
v 0.304774 0.135494 0.281425
v 0.271050 0.162698 0.313317
v 0.271888 0.136951 0.315278
v 0.253214 0.164199 0.328202
v 0.253996 0.138029 0.330230
v 0.234539 0.165876 0.341794
v 0.235276 0.139256 0.343881
v 0.215136 0.167646 0.354101
v 0.215833 0.140570 0.356241
v 0.195112 0.169425 0.365134
v 0.195770 0.141908 0.367320
v 0.289107 0.111072 0.299671
v 0.305066 0.110780 0.282094
v 0.272129 0.111568 0.315916
v 0.254232 0.112228 0.330842
v 0.235515 0.113008 0.344463
v 0.216078 0.113868 0.356791
v 0.196020 0.114766 0.367839
v 0.288640 0.086453 0.299159
v 0.304570 0.086443 0.281689
v 0.271703 0.086594 0.315290
v 0.253856 0.086847 0.330098
v 0.235193 0.087191 0.343599
v 0.215812 0.087602 0.355810
v 0.195809 0.088062 0.366746
v 0.287376 0.062266 0.297539
v 0.303213 0.062515 0.280270
v 0.270541 0.062074 0.313460
v 0.252801 0.061938 0.328055
v 0.234250 0.061859 0.341345
v 0.214981 0.061834 0.353353
v 0.195086 0.061863 0.364098
v 0.285242 0.038550 0.294869
v 0.300919 0.039027 0.277894
v 0.268572 0.038051 0.310486
v 0.251003 0.037551 0.324773
v 0.232623 0.037069 0.337761
v 0.213525 0.036623 0.349477
v 0.193799 0.036234 0.359951
v 0.282165 0.015342 0.291209
v 0.297615 0.016010 0.274620
v 0.265729 0.014571 0.306427
v 0.248394 0.013737 0.320311
v 0.230252 0.012877 0.332902
v 0.211389 0.012032 0.344239
v 0.191896 0.011240 0.354361
v 0.174578 0.171129 0.374903
v 0.175192 0.143209 0.377131
v 0.175441 0.115659 0.377620
v 0.175279 0.088548 0.376425
v 0.174659 0.061945 0.373604
v 0.173535 0.035920 0.369212
v 0.171861 0.010542 0.363306
v 0.169590 -0.014120 0.355941
v 0.189326 -0.013051 0.347383
v 0.208516 -0.011878 0.337696
v 0.227073 -0.010660 0.326829
v 0.244911 -0.009455 0.314728
v 0.261940 -0.008321 0.301342
v 0.278074 -0.007319 0.286620
v 0.293225 -0.006505 0.270508
v 0.287721 -0.028446 0.265643
v 0.272943 -0.029366 0.281175
v 0.266934 -0.050622 0.275015
v 0.281260 -0.049582 0.260231
v 0.257183 -0.030567 0.295298
v 0.251617 -0.052040 0.288381
v 0.240528 -0.031967 0.308081
v 0.235399 -0.053723 0.300421
v 0.223067 -0.033488 0.319592
v 0.218370 -0.055563 0.311227
v 0.204884 -0.035053 0.329900
v 0.200618 -0.057466 0.320879
v 0.186068 -0.036585 0.339070
v 0.182231 -0.059342 0.329456
v 0.260257 -0.070879 0.268296
v 0.274043 -0.069642 0.254505
v 0.245448 -0.072601 0.280685
v 0.229716 -0.074641 0.291800
v 0.213162 -0.076840 0.301762
v 0.195878 -0.079095 0.310658
v 0.177956 -0.081310 0.318571
v 0.253123 -0.089930 0.261172
v 0.266273 -0.088354 0.248697
v 0.238881 -0.092111 0.272303
v 0.223674 -0.094638 0.282268
v 0.207620 -0.097278 0.291226
v 0.190824 -0.099919 0.299262
v 0.173382 -0.102480 0.306444
v 0.245784 -0.107594 0.253734
v 0.258210 -0.105468 0.242957
v 0.232152 -0.110453 0.263285
v 0.217482 -0.113645 0.271853
v 0.201930 -0.116837 0.279639
v 0.185617 -0.119920 0.286712
v 0.168652 -0.122841 0.293104
v 0.238673 -0.123801 0.245806
v 0.250348 -0.120815 0.237104
v 0.225607 -0.127600 0.253500
v 0.211409 -0.131644 0.260484
v 0.196302 -0.135503 0.266979
v 0.180428 -0.139085 0.273016
v 0.163906 -0.142384 0.278580
v 0.232302 -0.138509 0.237119
v 0.243344 -0.134219 0.230833
v 0.219628 -0.143550 0.242771
v 0.205738 -0.148629 0.248072
v 0.190950 -0.153264 0.253216
v 0.175426 -0.157402 0.258183
v 0.159287 -0.161100 0.262899
v 0.301432 -0.027886 0.248634
v 0.166704 -0.038007 0.347171
v 0.163295 -0.061101 0.337038
v 0.159485 -0.083394 0.325581
v 0.155395 -0.104879 0.312839
v 0.151145 -0.125549 0.298850
v 0.146858 -0.145396 0.283654
v 0.142654 -0.164412 0.267290
v 0.154936 -0.178979 0.246088
v 0.170784 -0.174861 0.242217
v 0.186092 -0.170109 0.238318
v 0.200753 -0.164594 0.234523
v 0.214612 -0.158305 0.230906
v 0.227322 -0.151694 0.227293
v 0.238370 -0.145403 0.223554
v 0.252074 -0.132057 0.223366
v 0.246075 -0.140786 0.220373
v 0.260330 -0.119406 0.226992
v 0.269255 -0.104497 0.230703
v 0.278206 -0.087647 0.234701
v 0.286703 -0.069061 0.239186
v 0.294504 -0.049033 0.243937
v 0.195926 -0.245922 -0.033130
v 0.200932 -0.244335 -0.040580
v 0.199889 -0.236014 -0.039741
v 0.194592 -0.238427 -0.032254
v 0.206793 -0.241855 -0.048192
v 0.205777 -0.233025 -0.046925
v 0.213722 -0.237965 -0.055544
v 0.212410 -0.229050 -0.053594
v 0.221853 -0.232367 -0.062192
v 0.219877 -0.223822 -0.059505
v 0.230965 -0.225242 -0.067739
v 0.228025 -0.217458 -0.064378
v 0.240750 -0.216890 -0.071793
v 0.236638 -0.210173 -0.067924
v 0.197536 -0.227084 -0.037982
v 0.192177 -0.229947 -0.030712
v 0.203321 -0.223788 -0.044704
v 0.209624 -0.219810 -0.050764
v 0.216498 -0.214967 -0.056029
v 0.223828 -0.209322 -0.060303
v 0.231460 -0.202999 -0.063374
v 0.194360 -0.217612 -0.035557
v 0.189108 -0.220634 -0.028701
v 0.199941 -0.214233 -0.041769
v 0.205903 -0.210395 -0.047271
v 0.212265 -0.206016 -0.051979
v 0.218925 -0.201103 -0.055742
v 0.225750 -0.195683 -0.058393
v 0.190829 -0.207736 -0.032643
v 0.185783 -0.210717 -0.026292
v 0.196149 -0.204487 -0.038327
v 0.201777 -0.200969 -0.043314
v 0.207718 -0.197172 -0.047555
v 0.213853 -0.193046 -0.050913
v 0.220030 -0.188528 -0.053233
v 0.187388 -0.197779 -0.029303
v 0.182599 -0.200589 -0.023475
v 0.192425 -0.194804 -0.034483
v 0.197748 -0.191728 -0.039022
v 0.203358 -0.188587 -0.042900
v 0.209100 -0.185315 -0.045993
v 0.214769 -0.181782 -0.048132
v 0.184476 -0.188106 -0.025567
v 0.179949 -0.190684 -0.020219
v 0.189245 -0.185471 -0.030315
v 0.194310 -0.182877 -0.034502
v 0.199676 -0.180400 -0.038144
v 0.205155 -0.178024 -0.041145
v 0.210457 -0.175638 -0.043335
v 0.192494 -0.252133 -0.027283
v 0.195585 -0.252495 -0.032583
v 0.191568 -0.247640 -0.026087
v 0.200123 -0.252080 -0.040060
v 0.205842 -0.250201 -0.048242
v 0.213022 -0.246401 -0.056394
v 0.221876 -0.240388 -0.063877
v 0.232100 -0.232407 -0.070158
v 0.243260 -0.222838 -0.074728
v 0.254922 -0.212060 -0.077078
v 0.250899 -0.207613 -0.073966
v 0.245504 -0.202181 -0.069857
v 0.239239 -0.196120 -0.065030
v 0.232606 -0.189786 -0.059765
v 0.226092 -0.183535 -0.054345
v 0.220107 -0.177719 -0.049063
v 0.215073 -0.172728 -0.044270
v 0.211769 -0.169364 -0.040838
v 0.207771 -0.170025 -0.039098
v 0.202551 -0.171181 -0.036516
v 0.197172 -0.172734 -0.033414
v 0.191955 -0.174623 -0.029866
v 0.187082 -0.176776 -0.025901
v 0.182531 -0.179085 -0.021467
v 0.178227 -0.181434 -0.016496
v 0.175611 -0.193104 -0.014231
v 0.174093 -0.183704 -0.010914
v 0.178022 -0.203170 -0.016992
v 0.180979 -0.213428 -0.019303
v 0.184134 -0.223402 -0.021270
v 0.187150 -0.232648 -0.022998
v 0.189719 -0.240842 -0.024584
v 0.316292 -0.107846 0.056223
v 0.313124 -0.107677 0.069379
v 0.304166 -0.108090 0.063281
v 0.306934 -0.108349 0.051542
v 0.309136 -0.108529 0.081287
v 0.300696 -0.108707 0.074149
v 0.304515 -0.110162 0.091509
v 0.296659 -0.110017 0.083839
v 0.299469 -0.112327 0.099748
v 0.292208 -0.111837 0.092154
v 0.294272 -0.114737 0.106281
v 0.287554 -0.114001 0.099332
v 0.289273 -0.117127 0.111607
v 0.282942 -0.116365 0.105763
v 0.294329 -0.107865 0.057794
v 0.296806 -0.108200 0.047296
v 0.291237 -0.108295 0.067740
v 0.287648 -0.109361 0.076937
v 0.283686 -0.110936 0.085256
v 0.279490 -0.112918 0.092841
v 0.275211 -0.115211 0.099909
v 0.284134 -0.107253 0.052928
v 0.286446 -0.107656 0.043563
v 0.281253 -0.107525 0.061998
v 0.277944 -0.108392 0.070669
v 0.274334 -0.109772 0.078863
v 0.270502 -0.111588 0.086607
v 0.266516 -0.113762 0.093953
v 0.274075 -0.106498 0.048654
v 0.276375 -0.106962 0.040380
v 0.271217 -0.106629 0.056836
v 0.268001 -0.107316 0.064899
v 0.264586 -0.108516 0.072807
v 0.261007 -0.110165 0.080492
v 0.257266 -0.112195 0.087882
v 0.264562 -0.105822 0.044791
v 0.267053 -0.106327 0.037641
v 0.261535 -0.105836 0.052071
v 0.258249 -0.106369 0.059488
v 0.254894 -0.107409 0.067001
v 0.251466 -0.108902 0.074476
v 0.247915 -0.110786 0.081756
v 0.255970 -0.105437 0.041089
v 0.258925 -0.105949 0.035132
v 0.252593 -0.105375 0.047495
v 0.249114 -0.105798 0.054296
v 0.245712 -0.106715 0.061382
v 0.242346 -0.108080 0.068568
v 0.238924 -0.109835 0.075651
v 0.326766 -0.108012 0.045374
v 0.324343 -0.106437 0.061264
v 0.318451 -0.109278 0.042258
v 0.320685 -0.106375 0.076078
v 0.316065 -0.107529 0.089217
v 0.310756 -0.109602 0.100081
v 0.305034 -0.112272 0.108251
v 0.299186 -0.115118 0.114028
v 0.293584 -0.117687 0.117873
v 0.289351 -0.119389 0.120014
v 0.285106 -0.119388 0.116689
v 0.278689 -0.118846 0.112006
v 0.271004 -0.117730 0.106695
v 0.262443 -0.116217 0.100951
v 0.253365 -0.114539 0.094904
v 0.244189 -0.112999 0.088685
v 0.235354 -0.111918 0.082426
v 0.227294 -0.111620 0.076255
v 0.230757 -0.109640 0.069643
v 0.234116 -0.107979 0.062779
v 0.237495 -0.106695 0.055885
v 0.241021 -0.105847 0.049180
v 0.244772 -0.105475 0.042879
v 0.248645 -0.105558 0.037161
v 0.252424 -0.106030 0.032252
v 0.260670 -0.106833 0.029461
v 0.255341 -0.106628 0.028869
v 0.268594 -0.107341 0.030521
v 0.277902 -0.108057 0.032029
v 0.288051 -0.108818 0.034005
v 0.298550 -0.109434 0.036443
v 0.308865 -0.109670 0.039238
v 0.231983 -0.167227 0.158952
v 0.223364 -0.175427 0.158231
v 0.220020 -0.170235 0.152076
v 0.227647 -0.162981 0.152577
v 0.215197 -0.183253 0.156248
v 0.212690 -0.177303 0.150435
v 0.207769 -0.190362 0.153105
v 0.205865 -0.183930 0.147730
v 0.201300 -0.196484 0.148953
v 0.199710 -0.189931 0.144070
v 0.195747 -0.201647 0.144149
v 0.194202 -0.195393 0.139690
v 0.191010 -0.206042 0.139129
v 0.189272 -0.200516 0.134866
v 0.215849 -0.164807 0.145258
v 0.222641 -0.158377 0.145643
v 0.209225 -0.171201 0.143831
v 0.202928 -0.177396 0.141429
v 0.197086 -0.183272 0.138135
v 0.191699 -0.188895 0.134088
v 0.186736 -0.194381 0.129441
v 0.211271 -0.159357 0.138056
v 0.217371 -0.153682 0.138437
v 0.205230 -0.165102 0.136700
v 0.199387 -0.170841 0.134450
v 0.193857 -0.176514 0.131386
v 0.188660 -0.182122 0.127580
v 0.183792 -0.187683 0.123098
v 0.206701 -0.154076 0.130735
v 0.212235 -0.149143 0.131245
v 0.201129 -0.159145 0.129291
v 0.195669 -0.164356 0.127034
v 0.190443 -0.169700 0.124058
v 0.185483 -0.175128 0.120389
v 0.180794 -0.180580 0.116031
v 0.202524 -0.149058 0.123511
v 0.207600 -0.144925 0.124336
v 0.197317 -0.153418 0.121811
v 0.192168 -0.158063 0.119399
v 0.187228 -0.163000 0.116383
v 0.182527 -0.168140 0.112751
v 0.178065 -0.173373 0.108462
v 0.199125 -0.144348 0.116580
v 0.203854 -0.141125 0.117973
v 0.194180 -0.147992 0.114450
v 0.189276 -0.152094 0.111760
v 0.184590 -0.156614 0.108591
v 0.180143 -0.161430 0.104902
v 0.175921 -0.166397 0.100620
v 0.245294 -0.161377 0.163959
v 0.235245 -0.170849 0.164476
v 0.240770 -0.158998 0.158308
v 0.225457 -0.180166 0.163446
v 0.216316 -0.188897 0.161009
v 0.208207 -0.196609 0.157306
v 0.201421 -0.202944 0.152537
v 0.195857 -0.207844 0.147144
v 0.191375 -0.211324 0.141709
v 0.188335 -0.213272 0.137531
v 0.187014 -0.210332 0.134476
v 0.184843 -0.205672 0.129893
v 0.182163 -0.199869 0.124353
v 0.179250 -0.193213 0.118009
v 0.176384 -0.185995 0.110988
v 0.173843 -0.178585 0.103476
v 0.171909 -0.171372 0.095673
v 0.170862 -0.164746 0.087781
v 0.174679 -0.159989 0.092732
v 0.178681 -0.155268 0.097079
v 0.182904 -0.150745 0.100912
v 0.187383 -0.146580 0.104327
v 0.192114 -0.142925 0.107395
v 0.196931 -0.139885 0.110100
v 0.201552 -0.137563 0.112380
v 0.207926 -0.137993 0.118098
v 0.205061 -0.136172 0.113943
v 0.212312 -0.140852 0.124009
v 0.217577 -0.144324 0.130687
v 0.223392 -0.148151 0.137759
v 0.229441 -0.152074 0.144916
v 0.235360 -0.155793 0.151863
v 0.183567 -0.215451 0.130480
v 0.180236 -0.221269 0.126055
v 0.177154 -0.216939 0.119550
v 0.180833 -0.211173 0.124930
v 0.176866 -0.227426 0.120274
v 0.173740 -0.222792 0.113220
v 0.173588 -0.233705 0.112645
v 0.170635 -0.228581 0.105562
v 0.170598 -0.239904 0.102892
v 0.167933 -0.234148 0.096339
v 0.168158 -0.245745 0.091283
v 0.165815 -0.239286 0.085735
v 0.166545 -0.250930 0.078228
v 0.164487 -0.243777 0.074040
v 0.174128 -0.211081 0.112960
v 0.177956 -0.205458 0.118916
v 0.170701 -0.216628 0.106257
v 0.167715 -0.221992 0.098597
v 0.165226 -0.227056 0.089838
v 0.163358 -0.231652 0.080100
v 0.162250 -0.235604 0.069565
v 0.171216 -0.204127 0.106127
v 0.175041 -0.198713 0.112363
v 0.167836 -0.209383 0.099254
v 0.164963 -0.214407 0.091692
v 0.162661 -0.219111 0.083417
v 0.161007 -0.223335 0.074490
v 0.160081 -0.226904 0.064999
v 0.168532 -0.196499 0.098959
v 0.172272 -0.191316 0.105277
v 0.165251 -0.201503 0.092107
v 0.162519 -0.206288 0.084793
v 0.160410 -0.210787 0.077079
v 0.158963 -0.214817 0.068983
v 0.158203 -0.218168 0.060509
v 0.166269 -0.188637 0.091510
v 0.169881 -0.183682 0.097784
v 0.163116 -0.193440 0.084810
v 0.160533 -0.198081 0.077842
v 0.158609 -0.202513 0.070735
v 0.157354 -0.206534 0.063517
v 0.156751 -0.209873 0.056153
v 0.164642 -0.180990 0.083869
v 0.168115 -0.176239 0.090035
v 0.161616 -0.185646 0.077384
v 0.159162 -0.190226 0.070787
v 0.157382 -0.194710 0.064270
v 0.156282 -0.198906 0.057954
v 0.155821 -0.202502 0.051882
v 0.186384 -0.217638 0.135954
v 0.183433 -0.223573 0.132757
v 0.180007 -0.230073 0.127565
v 0.176436 -0.236895 0.119905
v 0.173039 -0.243840 0.109469
v 0.170168 -0.250535 0.096631
v 0.168181 -0.256567 0.081933
v 0.167436 -0.261523 0.065916
v 0.166038 -0.255161 0.064133
v 0.164153 -0.247402 0.061543
v 0.162042 -0.238733 0.058418
v 0.159963 -0.229640 0.055031
v 0.158150 -0.220611 0.051642
v 0.156749 -0.212137 0.048469
v 0.155863 -0.204772 0.045739
v 0.155514 -0.199731 0.043901
v 0.155440 -0.196577 0.047200
v 0.155824 -0.192339 0.051995
v 0.156851 -0.187794 0.057545
v 0.158558 -0.183163 0.063572
v 0.160934 -0.178572 0.069845
v 0.163867 -0.174005 0.076128
v 0.167222 -0.169413 0.082186
v 0.262650 -0.200410 -0.133954
v 0.281918 -0.177689 -0.128574
v 0.286635 -0.178030 -0.110706
v 0.267222 -0.200672 -0.116570
v 0.300637 -0.153317 -0.122016
v 0.305632 -0.153621 -0.102933
v 0.318385 -0.127632 -0.115106
v 0.323615 -0.127769 -0.094669
v 0.290228 -0.178393 -0.095146
v 0.270889 -0.200645 -0.101694
v 0.309560 -0.154064 -0.085270
v 0.328186 -0.127642 -0.074019
v 0.362438 -0.046418 -0.097364
v 0.367384 -0.045967 -0.075016
v 0.354648 -0.073418 -0.080684
v 0.349530 -0.073781 -0.102614
v 0.371300 -0.044650 -0.052339
v 0.358949 -0.072056 -0.058270
v 0.374288 -0.042223 -0.029027
v 0.362659 -0.068969 -0.034864
v 0.340019 -0.100858 -0.087203
v 0.334769 -0.100987 -0.108564
v 0.344661 -0.099859 -0.065235
v 0.349317 -0.096230 -0.041547
v 0.376589 -0.030631 0.044963
v 0.368115 -0.052569 0.040928
v 0.367913 -0.057759 0.015344
v 0.377262 -0.034471 0.019891
v 0.359601 -0.071958 0.037051
v 0.358395 -0.078761 0.011110
v 0.351909 -0.087542 0.033902
v 0.350053 -0.095342 0.008492
v 0.365857 -0.063754 -0.010143
v 0.376373 -0.038609 -0.004877
v 0.354624 -0.087691 -0.015401
v 0.344813 -0.106886 -0.018070
v 0.334418 -0.109280 0.029872
v 0.333637 -0.114667 0.011637
v 0.338842 -0.111695 0.009942
v 0.340087 -0.105323 0.030700
v 0.331328 -0.121144 -0.005239
v 0.335650 -0.119698 -0.009581
v 0.327698 -0.128117 -0.019679
v 0.330896 -0.128453 -0.025998
v 0.343861 -0.105877 0.008449
v 0.345613 -0.098432 0.031889
v 0.339406 -0.116097 -0.014692
v 0.332529 -0.128314 -0.034572
v 0.311454 -0.146321 -0.044210
v 0.311307 -0.150498 -0.050459
v 0.318371 -0.144598 -0.045588
v 0.317461 -0.141245 -0.038886
v 0.308709 -0.156313 -0.057208
v 0.316523 -0.149605 -0.053163
v 0.303207 -0.164443 -0.063981
v 0.310926 -0.157857 -0.061248
v 0.325004 -0.137020 -0.037781
v 0.322976 -0.134998 -0.030835
v 0.324504 -0.140142 -0.046431
v 0.319343 -0.147599 -0.057031
v 0.270637 -0.201772 -0.078601
v 0.273091 -0.201874 -0.080407
v 0.287771 -0.185823 -0.076080
v 0.283361 -0.188125 -0.075400
v 0.273986 -0.201336 -0.083834
v 0.290838 -0.182559 -0.078079
v 0.273254 -0.200774 -0.090532
v 0.291845 -0.179705 -0.083822
v 0.300916 -0.170465 -0.069285
v 0.294525 -0.175317 -0.070280
v 0.306826 -0.163482 -0.068661
v 0.310705 -0.156606 -0.072291
v 0.332157 -0.127675 -0.050085
v 0.243223 -0.221152 -0.137409
v 0.247742 -0.221305 -0.119736
v 0.251687 -0.220824 -0.104539
v 0.254827 -0.219973 -0.092945
v 0.374038 -0.027813 0.070072
v 0.366115 -0.048967 0.066327
v 0.358142 -0.067641 0.062402
v 0.350854 -0.082813 0.058555
v 0.327744 -0.111269 0.029040
v 0.333491 -0.105522 0.048490
v 0.327322 -0.115878 0.013026
v 0.325606 -0.121381 -0.001871
v 0.322705 -0.127321 -0.014856
v 0.339208 -0.101059 0.051663
v 0.344726 -0.093773 0.054987
v 0.305304 -0.146438 -0.042498
v 0.305132 -0.149603 -0.046876
v 0.309232 -0.143396 -0.039080
v 0.303798 -0.154332 -0.052790
v 0.300672 -0.160411 -0.059010
v 0.295311 -0.168178 -0.065009
v 0.314126 -0.138751 -0.033305
v 0.318770 -0.133249 -0.025306
v 0.257189 -0.215277 -0.079208
v 0.266613 -0.200511 -0.076869
v 0.257789 -0.217461 -0.081562
v 0.256932 -0.218924 -0.085641
v 0.277694 -0.188863 -0.074446
v 0.287486 -0.177842 -0.070322
v 0.116640 -0.309756 -0.133996
v 0.133103 -0.302277 -0.133617
v 0.136078 -0.303128 -0.106506
v 0.119303 -0.310685 -0.106437
v 0.150291 -0.293320 -0.133663
v 0.153668 -0.294074 -0.107197
v 0.168075 -0.282722 -0.134446
v 0.171866 -0.283323 -0.109288
v 0.138538 -0.302821 -0.078441
v 0.121565 -0.310315 -0.078105
v 0.156572 -0.293812 -0.079418
v 0.175557 -0.282884 -0.082921
v 0.223964 -0.239667 -0.138475
v 0.228435 -0.239775 -0.119801
v 0.209339 -0.256192 -0.117290
v 0.204981 -0.256014 -0.137736
v 0.232662 -0.238942 -0.103571
v 0.213723 -0.255220 -0.098923
v 0.236566 -0.237291 -0.091140
v 0.218395 -0.252920 -0.084943
v 0.190460 -0.270703 -0.113173
v 0.186331 -0.270327 -0.136066
v 0.194728 -0.269884 -0.091105
v 0.200093 -0.267138 -0.073698
v 0.243788 -0.227774 -0.076771
v 0.231034 -0.238749 -0.071681
v 0.227983 -0.244330 -0.073439
v 0.242569 -0.231757 -0.079143
v 0.219501 -0.247760 -0.064549
v 0.214697 -0.254727 -0.065002
v 0.209842 -0.254304 -0.056034
v 0.203998 -0.262015 -0.054776
v 0.223439 -0.249175 -0.077044
v 0.240006 -0.234906 -0.083385
v 0.207712 -0.261471 -0.066678
v 0.195125 -0.270106 -0.053022
v 0.193019 -0.258459 -0.029523
v 0.188869 -0.263879 -0.023913
v 0.192232 -0.265817 -0.033183
v 0.197096 -0.259273 -0.037720
v 0.183933 -0.268443 -0.015630
v 0.186186 -0.271469 -0.025859
v 0.178920 -0.271647 -0.004115
v 0.179943 -0.275546 -0.014220
v 0.196838 -0.265486 -0.043805
v 0.202511 -0.258032 -0.046831
v 0.189078 -0.272600 -0.038579
v 0.180276 -0.278480 -0.027837
v 0.168708 -0.270299 0.047580
v 0.167791 -0.274412 0.045085
v 0.170288 -0.276993 0.023312
v 0.170955 -0.272591 0.028610
v 0.164754 -0.278069 0.042324
v 0.167533 -0.280953 0.017423
v 0.158856 -0.281970 0.040035
v 0.161478 -0.285321 0.012588
v 0.174467 -0.277402 0.002779
v 0.174465 -0.273050 0.010956
v 0.172730 -0.281249 -0.007240
v 0.166994 -0.285875 -0.016349
v 0.124352 -0.296907 0.038588
v 0.123911 -0.302376 0.009614
v 0.138258 -0.296629 0.009516
v 0.137804 -0.291757 0.038430
v 0.123707 -0.306239 -0.019779
v 0.139328 -0.299735 -0.020015
v 0.123092 -0.308806 -0.049152
v 0.139765 -0.301641 -0.049534
v 0.151308 -0.290711 0.010168
v 0.149635 -0.286624 0.038796
v 0.154589 -0.292597 -0.019637
v 0.157487 -0.293110 -0.050038
v 0.179259 -0.281113 -0.050980
v 0.189939 -0.255649 -0.023161
v 0.186086 -0.259924 -0.016614
v 0.181702 -0.263696 -0.007915
v 0.177316 -0.266367 0.003226
v 0.168023 -0.266201 0.066725
v 0.168187 -0.265052 0.049182
v 0.167203 -0.269711 0.066808
v 0.164312 -0.272764 0.066517
v 0.158689 -0.276074 0.066207
v 0.170266 -0.267057 0.032562
v 0.173400 -0.267507 0.016947
v 0.125603 -0.289553 0.066735
v 0.138610 -0.284802 0.066360
v 0.149922 -0.280166 0.066157
v 0.128061 -0.280142 0.093716
v 0.141033 -0.275597 0.093063
v 0.144883 -0.264330 0.118539
v 0.131494 -0.268905 0.119443
v 0.152264 -0.271276 0.092250
v 0.156658 -0.259992 0.117264
v 0.160845 -0.267695 0.091125
v 0.165439 -0.256816 0.114987
v 0.149717 -0.251342 0.142796
v 0.135498 -0.256176 0.143881
v 0.162919 -0.246438 0.141396
v 0.172878 -0.243173 0.138153
v 0.169076 -0.260406 0.085011
v 0.171563 -0.253361 0.101706
v 0.171812 -0.254713 0.106587
v 0.168625 -0.263005 0.087522
v 0.175053 -0.245613 0.116127
v 0.176355 -0.245445 0.123253
v 0.179075 -0.237769 0.127502
v 0.181529 -0.236277 0.136017
v 0.170189 -0.255413 0.111238
v 0.166134 -0.265150 0.089556
v 0.176371 -0.243921 0.131080
v 0.183894 -0.232264 0.146399
v 0.189826 -0.217075 0.141962
v 0.194185 -0.214202 0.148339
v 0.190961 -0.220898 0.147382
v 0.186889 -0.223441 0.139893
v 0.199716 -0.209375 0.154591
v 0.196164 -0.216015 0.154959
v 0.206807 -0.202640 0.160178
v 0.203424 -0.208624 0.161924
v 0.186582 -0.228138 0.143724
v 0.183160 -0.230345 0.135277
v 0.190824 -0.223275 0.153133
v 0.197778 -0.214868 0.162848
v 0.237146 -0.173566 0.169059
v 0.237883 -0.175050 0.173402
v 0.225243 -0.187203 0.171469
v 0.226008 -0.184211 0.167633
v 0.237787 -0.174935 0.178420
v 0.223647 -0.188580 0.175949
v 0.237257 -0.172768 0.185091
v 0.222216 -0.187077 0.182583
v 0.213397 -0.198722 0.167557
v 0.215708 -0.194090 0.164610
v 0.209701 -0.202354 0.170794
v 0.206346 -0.202443 0.176968
v 0.236474 -0.154373 0.214488
v 0.224204 -0.163335 0.216115
v 0.222541 -0.173423 0.204170
v 0.236289 -0.161947 0.204259
v 0.210842 -0.171870 0.217798
v 0.208119 -0.184281 0.203696
v 0.196644 -0.179580 0.219745
v 0.193224 -0.193813 0.203643
v 0.221849 -0.181721 0.192424
v 0.236672 -0.168270 0.194022
v 0.206298 -0.195252 0.189229
v 0.190190 -0.207650 0.185934
v 0.150943 -0.196017 0.228158
v 0.147182 -0.212237 0.209047
v 0.162735 -0.207331 0.206723
v 0.166607 -0.191472 0.225103
v 0.143474 -0.227665 0.188677
v 0.158898 -0.222554 0.186946
v 0.139611 -0.242326 0.166973
v 0.154641 -0.237236 0.165655
v 0.178082 -0.201375 0.204754
v 0.181864 -0.186073 0.222224
v 0.174374 -0.216311 0.185637
v 0.169683 -0.231323 0.164472
v 0.186822 -0.223019 0.163364
v 0.248630 -0.162656 0.168718
v 0.250782 -0.162708 0.173268
v 0.251830 -0.161444 0.178484
v 0.251854 -0.158772 0.185244
v 0.247607 -0.144709 0.213495
v 0.249444 -0.149802 0.203946
v 0.250971 -0.154722 0.194054
v 0.259968 -0.151968 0.166504
v 0.270606 -0.142030 0.162534
v 0.275696 -0.138949 0.166724
v 0.263535 -0.150517 0.171035
v 0.279951 -0.133394 0.156985
v 0.286661 -0.128680 0.160398
v 0.287336 -0.126703 0.150051
v 0.295202 -0.121066 0.152247
v 0.279438 -0.134700 0.171726
v 0.265721 -0.147992 0.176319
v 0.292709 -0.122066 0.164375
v 0.303577 -0.112624 0.153936
v 0.295309 -0.118482 0.125256
v 0.301899 -0.115260 0.122835
v 0.302316 -0.115664 0.132516
v 0.294816 -0.119880 0.133515
v 0.308530 -0.111621 0.117876
v 0.309846 -0.110654 0.128839
v 0.315022 -0.108160 0.109759
v 0.317368 -0.105751 0.121032
v 0.300291 -0.117104 0.142639
v 0.292241 -0.122378 0.142017
v 0.308712 -0.110067 0.141207
v 0.317839 -0.102263 0.134758
v 0.330772 -0.103779 0.066578
v 0.336153 -0.099177 0.072032
v 0.331179 -0.099538 0.091109
v 0.326534 -0.103864 0.083352
v 0.341295 -0.091836 0.077461
v 0.335435 -0.092613 0.099063
v 0.347059 -0.080904 0.082612
v 0.340540 -0.081861 0.106235
v 0.324691 -0.101866 0.108014
v 0.321149 -0.105441 0.098039
v 0.327344 -0.096116 0.119182
v 0.331048 -0.086025 0.129731
v 0.369412 -0.026511 0.094979
v 0.362949 -0.026410 0.119504
v 0.355248 -0.047463 0.116009
v 0.361752 -0.047362 0.091380
v 0.355004 -0.026976 0.143476
v 0.346999 -0.048664 0.140115
v 0.345973 -0.027604 0.166704
v 0.337712 -0.049799 0.163436
v 0.347407 -0.066437 0.111768
v 0.354046 -0.065837 0.087261
v 0.338430 -0.069080 0.136051
v 0.328105 -0.071850 0.159984
v 0.314020 -0.027715 0.230114
v 0.306618 -0.049033 0.226062
v 0.317720 -0.049426 0.206621
v 0.325562 -0.027770 0.210187
v 0.298187 -0.069257 0.222208
v 0.308658 -0.070173 0.203436
v 0.288851 -0.088018 0.219021
v 0.298345 -0.089469 0.201539
v 0.327992 -0.049909 0.185683
v 0.336172 -0.027824 0.188997
v 0.318395 -0.071531 0.182709
v 0.306886 -0.092029 0.181916
v 0.258020 -0.133388 0.213997
v 0.262164 -0.136743 0.203373
v 0.274614 -0.122517 0.202517
v 0.268385 -0.120131 0.215253
v 0.264993 -0.140713 0.192694
v 0.279011 -0.125927 0.189832
v 0.266266 -0.144625 0.183339
v 0.280818 -0.130090 0.179081
v 0.286832 -0.106862 0.201543
v 0.278786 -0.105000 0.216814
v 0.293196 -0.109972 0.185561
v 0.296026 -0.114880 0.171703
v 0.315122 -0.096762 0.156102
v 0.255203 -0.152175 0.161807
v 0.264511 -0.143642 0.158140
v 0.272745 -0.136166 0.153131
v 0.279427 -0.130137 0.146950
v 0.288829 -0.120734 0.125254
v 0.287244 -0.122816 0.132376
v 0.284209 -0.125800 0.139847
v 0.146874 -0.039255 0.354261
v 0.126641 -0.040322 0.360361
v 0.124086 -0.064028 0.349435
v 0.143892 -0.062668 0.343692
v 0.106062 -0.041211 0.365486
v 0.103934 -0.065180 0.354277
v 0.085196 -0.041927 0.369648
v 0.083493 -0.066123 0.358222
v 0.064098 -0.042476 0.372863
v 0.062822 -0.066858 0.361278
v 0.042828 -0.042862 0.375142
v 0.041977 -0.067383 0.363453
v 0.021443 -0.043090 0.376499
v 0.021018 -0.067699 0.364753
v 0.121216 -0.086910 0.337110
v 0.140550 -0.085268 0.331756
v 0.101538 -0.088317 0.341641
v 0.081573 -0.089480 0.345350
v 0.061380 -0.090396 0.348235
v 0.041016 -0.091057 0.350297
v 0.020536 -0.091458 0.351534
v 0.118115 -0.108960 0.323437
v 0.136951 -0.107047 0.318502
v 0.098943 -0.110608 0.327636
v 0.079491 -0.111980 0.331091
v 0.059814 -0.113066 0.333793
v 0.039970 -0.113855 0.335733
v 0.020013 -0.114336 0.336903
v 0.114871 -0.130165 0.308469
v 0.133197 -0.127997 0.303974
v 0.096221 -0.132039 0.312317
v 0.077301 -0.133604 0.315503
v 0.058164 -0.134846 0.318010
v 0.038866 -0.135751 0.319820
v 0.019460 -0.136305 0.320919
v 0.111568 -0.150517 0.292258
v 0.129391 -0.148112 0.288221
v 0.093440 -0.152597 0.295740
v 0.075057 -0.154335 0.298644
v 0.056471 -0.155714 0.300945
v 0.037732 -0.156719 0.302619
v 0.018892 -0.157334 0.303641
v 0.108294 -0.170006 0.274856
v 0.125637 -0.167382 0.271288
v 0.090671 -0.172268 0.277961
v 0.072816 -0.174154 0.280572
v 0.054775 -0.175647 0.282658
v 0.036594 -0.176733 0.284187
v 0.018320 -0.177396 0.285127
v 0.149392 -0.015038 0.363417
v 0.128794 -0.015802 0.369835
v 0.107853 -0.016423 0.375213
v 0.086625 -0.016910 0.379572
v 0.065169 -0.017272 0.382929
v 0.043541 -0.017519 0.385304
v 0.021799 -0.017660 0.386715
v -0.000000 -0.017705 0.387181
v -0.000000 -0.043165 0.376949
v -0.000000 -0.067804 0.365184
v -0.000000 -0.091592 0.351947
v -0.000000 -0.114499 0.337295
v -0.000000 -0.136492 0.321289
v -0.000000 -0.157543 0.303987
v -0.000000 -0.177620 0.285447
v 0.153633 0.172689 0.383420
v 0.132338 0.174080 0.390711
v 0.132834 0.145512 0.393010
v 0.154193 0.144418 0.385686
v 0.110741 0.175290 0.396803
v 0.111167 0.146476 0.399131
v 0.088894 0.176307 0.401725
v 0.089242 0.147298 0.404077
v 0.066846 0.177119 0.405504
v 0.067112 0.147962 0.407875
v 0.044647 0.177713 0.408168
v 0.044827 0.148454 0.410554
v 0.022349 0.178079 0.409747
v 0.022439 0.148759 0.412141
v 0.133056 0.117300 0.393450
v 0.154433 0.116510 0.386148
v 0.111363 0.118011 0.399552
v 0.089406 0.118629 0.404483
v 0.067239 0.119138 0.408270
v 0.044914 0.119520 0.410941
v 0.022483 0.119762 0.412523
v 0.132966 0.089519 0.392090
v 0.154311 0.089039 0.384865
v 0.111299 0.089971 0.398129
v 0.089362 0.090378 0.403008
v 0.067210 0.090724 0.406755
v 0.044896 0.090991 0.409398
v 0.022475 0.091164 0.410964
v 0.132531 0.062245 0.388989
v 0.153787 0.062077 0.381892
v 0.110945 0.062432 0.394921
v 0.089085 0.062622 0.399715
v 0.067006 0.062798 0.403397
v 0.044762 0.062944 0.405994
v 0.022409 0.063044 0.407533
v 0.131714 0.035550 0.384207
v 0.152820 0.035695 0.377289
v 0.110273 0.035469 0.389992
v 0.088553 0.035437 0.394669
v 0.066610 0.035438 0.398262
v 0.044500 0.035459 0.400798
v 0.022278 0.035482 0.402301
v 0.130480 0.009509 0.377803
v 0.151369 0.009966 0.371111
v 0.109252 0.009158 0.383402
v 0.087741 0.008901 0.387933
v 0.066004 0.008722 0.391417
v 0.044097 0.008611 0.393878
v 0.022077 0.008554 0.395338
v 0.152794 0.201253 0.379295
v 0.131601 0.202931 0.386495
v 0.110114 0.204376 0.392508
v 0.088384 0.205579 0.397363
v 0.066459 0.206530 0.401089
v 0.044387 0.207221 0.403716
v 0.022218 0.207642 0.405270
v -0.000000 0.207784 0.405782
v -0.000000 0.178204 0.410267
v -0.000000 0.148865 0.412664
v -0.000000 0.119846 0.413044
v -0.000000 0.091225 0.411479
v -0.000000 0.063081 0.408040
v -0.000000 0.035493 0.402796
v -0.000000 0.008538 0.395819
v 0.141637 0.385947 0.297216
v 0.121675 0.389267 0.302398
v 0.123479 0.366921 0.320183
v 0.143619 0.363790 0.314598
v 0.101588 0.391992 0.306670
v 0.103165 0.369508 0.324798
v 0.081396 0.394153 0.310073
v 0.082706 0.371575 0.328484
v 0.061121 0.395781 0.312647
v 0.062131 0.373144 0.331281
v 0.040782 0.396906 0.314434
v 0.041469 0.374236 0.333229
v 0.020401 0.397559 0.315476
v 0.020749 0.374875 0.334368
v 0.125183 0.342522 0.336064
v 0.145514 0.339597 0.330107
v 0.104642 0.344956 0.340999
v 0.083924 0.346913 0.344951
v 0.063066 0.348408 0.347957
v 0.042103 0.349457 0.350057
v 0.021069 0.350076 0.351289
v 0.126771 0.316448 0.350030
v 0.147296 0.313744 0.343736
v 0.106007 0.318712 0.355256
v 0.085044 0.320544 0.359451
v 0.063922 0.321954 0.362651
v 0.042681 0.322949 0.364891
v 0.021360 0.323540 0.366209
v 0.128224 0.289076 0.362068
v 0.148941 0.286608 0.355476
v 0.107249 0.291155 0.367553
v 0.086058 0.292848 0.371964
v 0.064694 0.294159 0.375336
v 0.043201 0.295092 0.377702
v 0.021622 0.295649 0.379097
v 0.129525 0.260781 0.372167
v 0.150422 0.258563 0.365321
v 0.108355 0.262661 0.377872
v 0.086957 0.264203 0.382468
v 0.065377 0.265405 0.385988
v 0.043661 0.266265 0.388462
v 0.021853 0.266782 0.389924
v 0.130656 0.231940 0.380313
v 0.151715 0.229986 0.373263
v 0.109314 0.233609 0.386196
v 0.087735 0.234987 0.390942
v 0.065967 0.236069 0.394581
v 0.044057 0.236848 0.397143
v 0.022052 0.237319 0.398658
v 0.139591 0.405692 0.277967
v 0.119790 0.409183 0.282724
v 0.099924 0.412029 0.286634
v 0.080004 0.414268 0.289739
v 0.060040 0.415941 0.292081
v 0.040045 0.417087 0.293702
v 0.020028 0.417746 0.294644
v -0.000000 0.417957 0.294948
v -0.000000 0.397770 0.315814
v -0.000000 0.375083 0.334739
v -0.000000 0.350279 0.351691
v -0.000000 0.323735 0.366640
v -0.000000 0.295834 0.379555
v -0.000000 0.266955 0.390404
v -0.000000 0.237478 0.399156
v 0.103108 0.201050 -0.369679
v 0.086674 0.202162 -0.374138
v 0.086001 0.226583 -0.364715
v 0.102199 0.225241 -0.360468
v 0.071027 0.203020 -0.377508
v 0.070540 0.227617 -0.367928
v 0.056035 0.203654 -0.379935
v 0.055695 0.228380 -0.370245
v 0.041567 0.204095 -0.381566
v 0.041341 0.228909 -0.371807
v 0.027493 0.204372 -0.382549
v 0.027355 0.229241 -0.372750
v 0.013681 0.204515 -0.383031
v 0.013616 0.229413 -0.373215
v 0.085327 0.250725 -0.353827
v 0.101282 0.249152 -0.349820
v 0.070057 0.251935 -0.356864
v 0.055360 0.252828 -0.359058
v 0.041120 0.253446 -0.360540
v 0.027222 0.253833 -0.361439
v 0.013554 0.254033 -0.361883
v 0.084718 0.274398 -0.341492
v 0.100444 0.272593 -0.337744
v 0.069628 0.275786 -0.344337
v 0.055068 0.276808 -0.346398
v 0.040930 0.277514 -0.347793
v 0.027110 0.277956 -0.348643
v 0.013502 0.278184 -0.349065
v 0.084245 0.297412 -0.327727
v 0.099773 0.295375 -0.324251
v 0.069305 0.298977 -0.330371
v 0.054855 0.300128 -0.332290
v 0.040798 0.300923 -0.333594
v 0.027035 0.301419 -0.334390
v 0.013469 0.301675 -0.334789
v 0.083972 0.319578 -0.312549
v 0.099356 0.317310 -0.309351
v 0.069138 0.321319 -0.314986
v 0.054761 0.322598 -0.316759
v 0.040750 0.323480 -0.317968
v 0.027014 0.324029 -0.318710
v 0.013461 0.324312 -0.319083
v 0.083970 0.340706 -0.295974
v 0.099282 0.338209 -0.293055
v 0.069178 0.342621 -0.298204
v 0.054822 0.344026 -0.299831
v 0.040812 0.344993 -0.300943
v 0.027063 0.345595 -0.301629
v 0.013488 0.345903 -0.301977
v 0.103921 0.176766 -0.377441
v 0.087278 0.177653 -0.382080
v 0.071465 0.178337 -0.385582
v 0.056342 0.178843 -0.388100
v 0.041773 0.179196 -0.389791
v 0.027618 0.179418 -0.390807
v 0.013740 0.179533 -0.391304
v -0.000000 0.179567 -0.391435
v -0.000000 0.204557 -0.383159
v -0.000000 0.229462 -0.373339
v -0.000000 0.254090 -0.362003
v -0.000000 0.278249 -0.349179
v -0.000000 0.301747 -0.334897
v -0.000000 0.324391 -0.319186
v 0.000000 0.345990 -0.302073
v 0.000000 0.366351 -0.283587
v 0.013557 0.366257 -0.283498
v 0.027199 0.365924 -0.283177
v 0.041010 0.365272 -0.282547
v 0.055075 0.364221 -0.281530
v 0.069478 0.362692 -0.280047
v 0.084304 0.360606 -0.278020
v 0.099638 0.357882 -0.275372
v 0.101938 0.003123 -0.394929
v 0.085432 0.002496 -0.399713
v 0.086634 0.028624 -0.400786
v 0.103370 0.029038 -0.395903
v 0.069822 0.002013 -0.403324
v 0.070807 0.028306 -0.404468
v 0.054961 0.001656 -0.405920
v 0.055737 0.028071 -0.407114
v 0.040697 0.001407 -0.407662
v 0.041273 0.027909 -0.408887
v 0.026882 0.001251 -0.408709
v 0.027263 0.027807 -0.409950
v 0.013366 0.001170 -0.409219
v 0.013556 0.027754 -0.410469
v 0.087456 0.054203 -0.400777
v 0.104342 0.054404 -0.395836
v 0.071484 0.054049 -0.404502
v 0.056273 0.053937 -0.407177
v 0.041672 0.053860 -0.408969
v 0.027527 0.053812 -0.410042
v 0.013687 0.053788 -0.410565
v 0.087938 0.079341 -0.399617
v 0.104901 0.079329 -0.394657
v 0.071887 0.079352 -0.403356
v 0.056597 0.079362 -0.406041
v 0.041915 0.079371 -0.407838
v 0.027690 0.079377 -0.408914
v 0.013769 0.079381 -0.409438
v 0.088120 0.104147 -0.397237
v 0.105093 0.103920 -0.392298
v 0.072052 0.104324 -0.400961
v 0.056738 0.104457 -0.403634
v 0.042026 0.104550 -0.405424
v 0.027766 0.104610 -0.406497
v 0.013808 0.104642 -0.407018
v 0.088044 0.128728 -0.393567
v 0.104963 0.128284 -0.388688
v 0.072014 0.129073 -0.397246
v 0.056723 0.129329 -0.399889
v 0.042024 0.129508 -0.401658
v 0.027770 0.129621 -0.402719
v 0.013811 0.129681 -0.403236
v 0.087750 0.153194 -0.388538
v 0.104557 0.152531 -0.383759
v 0.071806 0.153708 -0.392143
v 0.056582 0.154088 -0.394734
v 0.041933 0.154353 -0.396471
v 0.027715 0.154521 -0.397513
v 0.013786 0.154608 -0.398021
v 0.100000 -0.023449 -0.392981
v 0.083807 -0.024289 -0.397628
v 0.068495 -0.024938 -0.401138
v 0.053916 -0.025418 -0.403666
v 0.039923 -0.025753 -0.405364
v 0.026371 -0.025965 -0.406386
v 0.013112 -0.026075 -0.406887
v -0.000000 -0.026107 -0.407020
v -0.000000 0.001147 -0.409354
v -0.000000 0.027740 -0.410605
v -0.000000 0.053781 -0.410702
v -0.000000 0.079382 -0.409575
v -0.000000 0.104651 -0.407155
v -0.000000 0.129699 -0.403372
v -0.000000 0.154634 -0.398155
v 0.080277 -0.207499 -0.345648
v 0.067278 -0.209830 -0.348590
v 0.069267 -0.186318 -0.360236
v 0.082651 -0.184197 -0.357014
v 0.054985 -0.211636 -0.350849
v 0.056611 -0.187963 -0.362701
v 0.043281 -0.212979 -0.352509
v 0.044562 -0.189187 -0.364506
v 0.032049 -0.213918 -0.353654
v 0.032997 -0.190043 -0.365744
v 0.021170 -0.214514 -0.354368
v 0.021796 -0.190587 -0.366511
v 0.010526 -0.214827 -0.354734
v 0.010837 -0.190874 -0.366901
v 0.071606 -0.161130 -0.370102
v 0.085442 -0.159220 -0.366602
v 0.058523 -0.162611 -0.372773
v 0.046066 -0.163714 -0.374720
v 0.034111 -0.164485 -0.376049
v 0.022532 -0.164976 -0.376868
v 0.011203 -0.165235 -0.377281
v 0.074159 -0.134672 -0.378329
v 0.088488 -0.132976 -0.374559
v 0.060610 -0.135989 -0.381198
v 0.047709 -0.136968 -0.383283
v 0.035327 -0.137653 -0.384700
v 0.023335 -0.138089 -0.385568
v 0.011603 -0.138319 -0.386003
v 0.076791 -0.107353 -0.385056
v 0.091629 -0.105870 -0.381029
v 0.062761 -0.108502 -0.388112
v 0.049402 -0.109357 -0.390327
v 0.036581 -0.109955 -0.391827
v 0.024163 -0.110335 -0.392741
v 0.012014 -0.110535 -0.393195
v 0.079367 -0.079577 -0.390421
v 0.094702 -0.078309 -0.386159
v 0.064865 -0.080560 -0.393650
v 0.051059 -0.081290 -0.395984
v 0.037808 -0.081800 -0.397560
v 0.024974 -0.082124 -0.398515
v 0.012417 -0.082294 -0.398987
v 0.081751 -0.051754 -0.394566
v 0.097546 -0.050700 -0.390095
v 0.066814 -0.052569 -0.397947
v 0.052592 -0.053174 -0.400386
v 0.038943 -0.053597 -0.402029
v 0.025724 -0.053864 -0.403021
v 0.012790 -0.054004 -0.403508
v 0.000000 -0.214918 -0.354838
v -0.000000 -0.190957 -0.367010
v -0.000000 -0.165310 -0.377395
v -0.000000 -0.138386 -0.386122
v -0.000000 -0.110594 -0.393318
v -0.000000 -0.082343 -0.399114
v -0.000000 -0.054045 -0.403639
v 0.125687 0.478177 0.109480
v 0.106517 0.482415 0.111114
v 0.108209 0.477655 0.137008
v 0.127446 0.473482 0.134963
v 0.087908 0.485693 0.112431
v 0.089448 0.480904 0.138661
v 0.069766 0.488123 0.113455
v 0.071083 0.483330 0.139950
v 0.051997 0.489817 0.114210
v 0.053035 0.485037 0.140903
v 0.034509 0.490889 0.114719
v 0.035225 0.486129 0.141549
v 0.017208 0.491450 0.115007
v 0.017573 0.486709 0.141916
v 0.110020 0.471343 0.162988
v 0.129324 0.467247 0.160508
v 0.091099 0.474554 0.164998
v 0.072497 0.476972 0.166570
v 0.054149 0.478691 0.167738
v 0.035993 0.479804 0.168532
v 0.017965 0.480403 0.168985
v 0.111920 0.463270 0.188727
v 0.131296 0.459264 0.185796
v 0.092829 0.466434 0.191109
v 0.073978 0.468837 0.192979
v 0.055316 0.470564 0.194372
v 0.036798 0.471695 0.195323
v 0.018375 0.472313 0.195868
v 0.113877 0.453226 0.213897
v 0.133335 0.449325 0.210506
v 0.094608 0.456331 0.216662
v 0.075497 0.458712 0.218838
v 0.056513 0.460440 0.220465
v 0.037622 0.461586 0.221579
v 0.018795 0.462221 0.222220
v 0.115861 0.441003 0.238172
v 0.135414 0.437222 0.234318
v 0.096404 0.444037 0.241322
v 0.077027 0.446384 0.243810
v 0.057714 0.448105 0.245675
v 0.038450 0.449260 0.246957
v 0.019217 0.449908 0.247697
v 0.117842 0.426392 0.261223
v 0.137508 0.422747 0.256912
v 0.098186 0.429340 0.264757
v 0.078539 0.431640 0.267556
v 0.058898 0.433344 0.269660
v 0.039263 0.434499 0.271112
v 0.019630 0.435156 0.271953
v 0.124074 0.481541 0.084381
v 0.104974 0.485831 0.085635
v 0.086509 0.489132 0.086643
v 0.068573 0.491564 0.087424
v 0.051060 0.493246 0.087998
v 0.033864 0.494300 0.088384
v 0.016879 0.494844 0.088602
v -0.000000 0.494999 0.088670
v -0.000000 0.491612 0.115098
v -0.000000 0.486879 0.142032
v -0.000000 0.480582 0.169129
v -0.000000 0.472501 0.196041
v -0.000000 0.462417 0.222425
v -0.000000 0.450111 0.247934
v -0.000000 0.435364 0.272224
v 0.114701 0.471030 -0.078712
v 0.096633 0.475273 -0.079328
v 0.097863 0.480743 -0.056398
v 0.116174 0.476436 -0.055996
v 0.079341 0.478500 -0.079802
v 0.080343 0.484019 -0.056705
v 0.062697 0.480843 -0.080149
v 0.063483 0.486398 -0.056929
v 0.046570 0.482436 -0.080388
v 0.047150 0.488014 -0.057082
v 0.030831 0.483409 -0.080537
v 0.031214 0.489003 -0.057176
v 0.015351 0.483897 -0.080614
v 0.015541 0.489497 -0.057224
v 0.099006 0.484822 -0.033459
v 0.117520 0.480472 -0.033282
v 0.081288 0.488131 -0.033591
v 0.064234 0.490534 -0.033685
v 0.047711 0.492168 -0.033746
v 0.031586 0.493167 -0.033782
v 0.015727 0.493668 -0.033799
v 0.100107 0.487550 -0.010390
v 0.118787 0.483179 -0.010451
v 0.082216 0.490878 -0.010335
v 0.064983 0.493298 -0.010288
v 0.048277 0.494945 -0.010250
v 0.031965 0.495954 -0.010221
v 0.015917 0.496460 -0.010203
v 0.101210 0.488973 0.012932
v 0.120026 0.484599 0.012613
v 0.083164 0.492308 0.013190
v 0.065760 0.494736 0.013391
v 0.048870 0.496393 0.013540
v 0.032366 0.497411 0.013642
v 0.016119 0.497924 0.013699
v 0.102359 0.489132 0.036628
v 0.121287 0.484772 0.036028
v 0.084170 0.492463 0.037110
v 0.066597 0.494896 0.037483
v 0.049516 0.496560 0.037757
v 0.032806 0.497588 0.037940
v 0.016341 0.498109 0.038044
v 0.103599 0.488070 0.060822
v 0.122619 0.483739 0.059911
v 0.085272 0.491389 0.061553
v 0.067524 0.493822 0.062118
v 0.050238 0.495496 0.062532
v 0.033299 0.496534 0.062810
v 0.016592 0.497065 0.062966
v 0.113049 0.464214 -0.101547
v 0.095271 0.468367 -0.102373
v 0.078245 0.471527 -0.103008
v 0.061845 0.473823 -0.103476
v 0.045946 0.475384 -0.103799
v 0.030422 0.476339 -0.104000
v 0.015148 0.476817 -0.104104
v -0.000000 0.476948 -0.104134
v -0.000000 0.484030 -0.080635
v -0.000000 0.489632 -0.057237
v -0.000000 0.493805 -0.033803
v -0.000000 0.496599 -0.010197
v -0.000000 0.498065 0.013717
v -0.000000 0.498253 0.038076
v -0.000000 0.497214 0.063015
v 0.100481 0.376172 -0.256344
v 0.085020 0.379118 -0.258734
v 0.086068 0.396204 -0.238286
v 0.101749 0.393044 -0.236142
v 0.070070 0.381372 -0.260567
v 0.070916 0.398621 -0.239932
v 0.055545 0.383022 -0.261910
v 0.056204 0.400387 -0.241142
v 0.041361 0.384154 -0.262835
v 0.041845 0.401597 -0.241975
v 0.027432 0.384855 -0.263409
v 0.027750 0.402345 -0.242495
v 0.013673 0.385212 -0.263703
v 0.013831 0.402724 -0.242762
v 0.087376 0.411858 -0.216875
v 0.103348 0.408491 -0.214966
v 0.071962 0.414429 -0.218342
v 0.057012 0.416306 -0.219421
v 0.042434 0.417590 -0.220167
v 0.028134 0.418381 -0.220632
v 0.014021 0.418782 -0.220872
v 0.088871 0.426071 -0.194701
v 0.105186 0.422511 -0.193019
v 0.073152 0.428787 -0.195995
v 0.057927 0.430768 -0.196947
v 0.043099 0.432120 -0.197606
v 0.028567 0.432953 -0.198018
v 0.014234 0.433373 -0.198231
v 0.090481 0.438836 -0.171964
v 0.107167 0.435098 -0.170502
v 0.074430 0.441686 -0.173089
v 0.058909 0.443761 -0.173918
v 0.043811 0.445177 -0.174492
v 0.029031 0.446047 -0.174851
v 0.014462 0.446485 -0.175036
v 0.092133 0.450145 -0.148864
v 0.109201 0.446247 -0.147617
v 0.075742 0.453115 -0.149824
v 0.059916 0.455276 -0.150531
v 0.044542 0.456747 -0.151020
v 0.029506 0.457650 -0.151327
v 0.014697 0.458104 -0.151485
v 0.093754 0.459991 -0.125600
v 0.111192 0.455954 -0.124564
v 0.077032 0.463065 -0.126397
v 0.060909 0.465300 -0.126984
v 0.045263 0.466820 -0.127390
v 0.029976 0.467752 -0.127644
v 0.014928 0.468219 -0.127775
v 0.000000 0.385312 -0.263785
v -0.000000 0.402830 -0.242837
v -0.000000 0.418893 -0.220940
v -0.000000 0.433489 -0.198292
v -0.000000 0.446605 -0.175089
v -0.000000 0.458229 -0.151530
v -0.000000 0.468347 -0.127813
v 0.247681 -0.106771 0.028216
v 0.242797 -0.106360 0.032697
v 0.238151 -0.107850 0.027818
v 0.243939 -0.108199 0.023352
v 0.238345 -0.106318 0.038047
v 0.233150 -0.107888 0.033044
v 0.234283 -0.106707 0.044032
v 0.228773 -0.108346 0.038856
v 0.230587 -0.107551 0.050456
v 0.224879 -0.109238 0.045087
v 0.227132 -0.108811 0.057113
v 0.221304 -0.110521 0.051556
v 0.223769 -0.110428 0.063790
v 0.217879 -0.112140 0.058078
v 0.234342 -0.109995 0.022741
v 0.240712 -0.110296 0.018139
v 0.228921 -0.110122 0.027967
v 0.224255 -0.110676 0.033689
v 0.220151 -0.111648 0.039777
v 0.216427 -0.112989 0.046087
v 0.212901 -0.114642 0.052474
v 0.231133 -0.112749 0.017644
v 0.237861 -0.113021 0.012862
v 0.225408 -0.112956 0.022909
v 0.220490 -0.113610 0.028568
v 0.216183 -0.114674 0.034527
v 0.212298 -0.116092 0.040686
v 0.208648 -0.117800 0.046945
v 0.228318 -0.116052 0.012659
v 0.235283 -0.116317 0.007721
v 0.222369 -0.116317 0.017942
v 0.217245 -0.117057 0.023518
v 0.212756 -0.118210 0.029334
v 0.208714 -0.119708 0.035334
v 0.204931 -0.121481 0.041460
v 0.225681 -0.119807 0.007797
v 0.232793 -0.120090 0.002743
v 0.219576 -0.120106 0.013063
v 0.214296 -0.120910 0.018528
v 0.209655 -0.122139 0.024179
v 0.205472 -0.123713 0.030002
v 0.201563 -0.125552 0.035983
v 0.223005 -0.123910 0.003035
v 0.230186 -0.124235 -0.002089
v 0.216809 -0.124215 0.008248
v 0.211421 -0.125058 0.013573
v 0.206667 -0.126345 0.019037
v 0.202371 -0.127983 0.024665
v 0.198357 -0.129879 0.030482
v 0.253332 -0.107392 0.025065
v 0.220344 -0.112349 0.070274
v 0.214435 -0.114039 0.064467
v 0.209392 -0.116549 0.058792
v 0.205045 -0.119736 0.053202
v 0.201220 -0.123458 0.047656
v 0.197746 -0.127573 0.042107
v 0.194450 -0.131939 0.036513
v 0.191160 -0.136413 0.030829
v 0.195125 -0.134328 0.024923
v 0.199209 -0.132393 0.019295
v 0.203579 -0.130712 0.013885
v 0.208401 -0.129391 0.008632
v 0.213843 -0.128537 0.003475
v 0.220073 -0.128253 -0.001647
v 0.227258 -0.128647 -0.006793
v 0.238527 -0.125283 -0.007151
v 0.235564 -0.129823 -0.012026
v 0.241097 -0.121032 -0.002085
v 0.243457 -0.117171 0.003180
v 0.245791 -0.113803 0.008654
v 0.248244 -0.111019 0.014297
v 0.250794 -0.108870 0.019882
v 0.201177 -0.133846 0.107517
v 0.196251 -0.135610 0.104153
v 0.196882 -0.131557 0.098555
v 0.202170 -0.130033 0.102812
v 0.191410 -0.138262 0.100780
v 0.191945 -0.134011 0.094531
v 0.186780 -0.141624 0.097267
v 0.187368 -0.137214 0.090547
v 0.182454 -0.145548 0.093532
v 0.183151 -0.141000 0.086449
v 0.178405 -0.149866 0.089476
v 0.179230 -0.145197 0.082118
v 0.174576 -0.154411 0.084992
v 0.175530 -0.149633 0.077441
v 0.198514 -0.127786 0.093085
v 0.204052 -0.126326 0.097953
v 0.193499 -0.130171 0.088522
v 0.188953 -0.133311 0.084087
v 0.184811 -0.137034 0.079616
v 0.180986 -0.141171 0.074987
v 0.177381 -0.145551 0.070087
v 0.200924 -0.124351 0.087627
v 0.206621 -0.122868 0.092900
v 0.195860 -0.126743 0.082643
v 0.191336 -0.129875 0.077807
v 0.187253 -0.133583 0.072984
v 0.183501 -0.137700 0.068062
v 0.179967 -0.142061 0.062937
v 0.203914 -0.121291 0.082100
v 0.209717 -0.119757 0.087656
v 0.198823 -0.123714 0.076795
v 0.194323 -0.126863 0.071633
v 0.190293 -0.130577 0.066509
v 0.186604 -0.134696 0.061328
v 0.183128 -0.139059 0.055997
v 0.207290 -0.118581 0.076438
v 0.213161 -0.116988 0.082173
v 0.202193 -0.121041 0.070910
v 0.197728 -0.124212 0.065508
v 0.193753 -0.127940 0.060152
v 0.190126 -0.132068 0.054767
v 0.186703 -0.136441 0.049275
v 0.210861 -0.116177 0.070581
v 0.216765 -0.114530 0.076398
v 0.205780 -0.118670 0.064928
v 0.201363 -0.121859 0.059381
v 0.197455 -0.125593 0.053880
v 0.193896 -0.129724 0.048365
v 0.190530 -0.134102 0.042778
v 0.206075 -0.133332 0.111344
v 0.170910 -0.159011 0.079972
v 0.171974 -0.154136 0.072304
v 0.173900 -0.150005 0.064804
v 0.176538 -0.146500 0.057501
v 0.179735 -0.143505 0.050424
v 0.183339 -0.140903 0.043600
v 0.187198 -0.138578 0.037059
v 0.223650 -0.113877 0.082439
v 0.219947 -0.116419 0.088197
v 0.216355 -0.119272 0.093570
v 0.213045 -0.122459 0.098605
v 0.210173 -0.125973 0.103318
v 0.207825 -0.129675 0.107618
v 0.155613 -0.192348 0.041315
v 0.156409 -0.189067 0.034474
v 0.156940 -0.182961 0.038312
v 0.156039 -0.187105 0.045397
v 0.157887 -0.186239 0.027158
v 0.158523 -0.179569 0.030987
v 0.160046 -0.183738 0.019719
v 0.160762 -0.176725 0.023653
v 0.162845 -0.181496 0.012449
v 0.163607 -0.174269 0.016521
v 0.166159 -0.179417 0.005500
v 0.166931 -0.172071 0.009719
v 0.169837 -0.177400 -0.001012
v 0.170588 -0.170013 0.003355
v 0.158121 -0.177437 0.043152
v 0.157106 -0.182075 0.050468
v 0.159839 -0.173663 0.035756
v 0.162200 -0.170550 0.028440
v 0.165132 -0.167912 0.021354
v 0.168506 -0.165605 0.014605
v 0.172184 -0.163496 0.008291
v 0.159941 -0.172350 0.048675
v 0.158835 -0.177229 0.056172
v 0.161784 -0.168346 0.041197
v 0.164270 -0.165039 0.033855
v 0.167299 -0.162259 0.026759
v 0.170742 -0.159858 0.020001
v 0.174463 -0.157695 0.013667
v 0.162364 -0.167583 0.054598
v 0.161206 -0.172570 0.062225
v 0.164291 -0.163454 0.047052
v 0.166871 -0.160027 0.039674
v 0.169982 -0.157147 0.032549
v 0.173492 -0.154671 0.025752
v 0.177267 -0.152456 0.019359
v 0.165269 -0.163029 0.060671
v 0.164102 -0.168033 0.068373
v 0.167238 -0.158853 0.053089
v 0.169874 -0.155364 0.045691
v 0.173043 -0.152421 0.038543
v 0.176609 -0.149887 0.031705
v 0.180431 -0.147626 0.025239
v 0.168519 -0.158582 0.066653
v 0.167383 -0.163539 0.074370
v 0.170487 -0.154413 0.059081
v 0.173142 -0.150903 0.051702
v 0.176341 -0.147924 0.044561
v 0.179941 -0.145350 0.037705
v 0.183795 -0.143051 0.031181
v 0.155729 -0.198110 0.038923
v 0.156514 -0.196015 0.032054
v 0.157982 -0.193862 0.024549
v 0.160144 -0.191761 0.016863
v 0.162971 -0.189759 0.009327
v 0.166336 -0.187803 0.002103
v 0.170093 -0.185811 -0.004684
v 0.173730 -0.175341 -0.006969
v 0.174432 -0.167973 -0.002461
v 0.176023 -0.161451 0.002509
v 0.178327 -0.155630 0.007844
v 0.181169 -0.150363 0.013443
v 0.184372 -0.145502 0.019206
v 0.187761 -0.140901 0.025035
v 0.207288 -0.164563 -0.035478
v 0.208366 -0.159059 -0.031956
v 0.202288 -0.158697 -0.028036
v 0.201676 -0.164758 -0.032194
v 0.210443 -0.153558 -0.028231
v 0.204015 -0.152946 -0.023868
v 0.213264 -0.148170 -0.024284
v 0.206582 -0.147494 -0.019622
v 0.216616 -0.142988 -0.020146
v 0.209735 -0.142336 -0.015267
v 0.220244 -0.138017 -0.015838
v 0.213212 -0.137437 -0.010810
v 0.223881 -0.133242 -0.011381
v 0.216747 -0.132757 -0.006265
v 0.196657 -0.159195 -0.024284
v 0.196215 -0.165679 -0.028806
v 0.198223 -0.153211 -0.019782
v 0.200652 -0.147664 -0.015250
v 0.203685 -0.142490 -0.010650
v 0.207065 -0.137622 -0.005986
v 0.210536 -0.132993 -0.001273
v 0.191487 -0.160329 -0.020512
v 0.191054 -0.167121 -0.025201
v 0.193007 -0.154157 -0.015783
v 0.195371 -0.148512 -0.010999
v 0.198334 -0.143303 -0.006148
v 0.201654 -0.138440 -0.001246
v 0.205090 -0.133833 0.003687
v 0.186776 -0.161916 -0.016567
v 0.186296 -0.168939 -0.021309
v 0.188296 -0.155597 -0.011693
v 0.190629 -0.149873 -0.006704
v 0.193549 -0.144632 -0.001620
v 0.196831 -0.139764 0.003528
v 0.200249 -0.135161 0.008707
v 0.182437 -0.163810 -0.012323
v 0.181886 -0.171001 -0.017038
v 0.183978 -0.157386 -0.007369
v 0.186298 -0.151605 -0.002223
v 0.189190 -0.146340 0.003067
v 0.192445 -0.141467 0.008451
v 0.195854 -0.136859 0.013877
v 0.178359 -0.165874 -0.007661
v 0.177728 -0.173178 -0.012291
v 0.179928 -0.159384 -0.002679
v 0.182242 -0.153570 0.002580
v 0.185111 -0.148295 0.008044
v 0.188342 -0.143421 0.013639
v 0.191744 -0.138811 0.019290
v 0.212913 -0.165622 -0.039044
v 0.214904 -0.160606 -0.036336
v 0.217571 -0.155257 -0.033077
v 0.220802 -0.149860 -0.029406
v 0.224459 -0.144592 -0.025429
v 0.228310 -0.139492 -0.021189
v 0.232097 -0.134567 -0.016712
v 0.166828 -0.258184 0.049449
v 0.168773 -0.259924 0.034792
v 0.166780 -0.251452 0.035545
v 0.164956 -0.249975 0.048564
v 0.171646 -0.260349 0.020824
v 0.169445 -0.251820 0.022960
v 0.175219 -0.259427 0.008202
v 0.172774 -0.251066 0.011283
v 0.179250 -0.257210 -0.002569
v 0.176592 -0.249244 0.000871
v 0.183441 -0.254087 -0.011602
v 0.180747 -0.246655 -0.008383
v 0.187532 -0.250602 -0.019225
v 0.185122 -0.243693 -0.016739
v 0.164528 -0.242084 0.035218
v 0.162830 -0.240895 0.046866
v 0.167008 -0.242328 0.023805
v 0.170142 -0.241654 0.012962
v 0.173808 -0.240126 0.002944
v 0.177915 -0.237951 -0.006298
v 0.182384 -0.235373 -0.014896
v 0.162259 -0.232262 0.034210
v 0.160706 -0.231411 0.044697
v 0.164544 -0.232281 0.023808
v 0.167484 -0.231558 0.013729
v 0.170999 -0.230185 0.004170
v 0.175004 -0.228285 -0.004841
v 0.179412 -0.225982 -0.013316
v 0.160194 -0.222412 0.032927
v 0.158819 -0.221986 0.042397
v 0.162252 -0.222077 0.023419
v 0.164965 -0.221146 0.014066
v 0.168292 -0.219763 0.005039
v 0.172139 -0.217989 -0.003575
v 0.176403 -0.215863 -0.011711
v 0.158478 -0.212887 0.031804
v 0.157312 -0.213045 0.040318
v 0.160294 -0.212056 0.023099
v 0.162774 -0.210794 0.014413
v 0.165896 -0.209268 0.005943
v 0.169560 -0.207500 -0.002186
v 0.173643 -0.205473 -0.009866
v 0.157224 -0.204004 0.031314
v 0.156282 -0.204991 0.038887
v 0.158822 -0.202544 0.023315
v 0.161102 -0.200874 0.015202
v 0.164045 -0.199126 0.007250
v 0.167536 -0.197284 -0.000388
v 0.171438 -0.195295 -0.007589
v 0.282216 -0.121631 0.122709
v 0.279468 -0.124210 0.129432
v 0.271380 -0.124288 0.125112
v 0.274978 -0.121427 0.118506
v 0.275919 -0.127455 0.136261
v 0.267362 -0.127657 0.131520
v 0.271154 -0.131695 0.142689
v 0.262570 -0.131754 0.137424
v 0.264971 -0.137164 0.148286
v 0.256789 -0.136735 0.142549
v 0.257610 -0.143706 0.152851
v 0.250168 -0.142506 0.146745
v 0.249426 -0.151068 0.156240
v 0.242945 -0.148911 0.149890
v 0.262908 -0.123396 0.119839
v 0.266963 -0.120425 0.113375
v 0.258600 -0.126777 0.125911
v 0.253822 -0.130703 0.131414
v 0.248418 -0.135270 0.136180
v 0.242465 -0.140418 0.140092
v 0.236095 -0.146052 0.143039
v 0.254111 -0.121866 0.113913
v 0.258327 -0.118902 0.107628
v 0.249714 -0.125184 0.119708
v 0.245057 -0.128931 0.124917
v 0.240076 -0.133158 0.129438
v 0.234784 -0.137818 0.133162
v 0.229212 -0.142839 0.135974
v 0.245116 -0.120036 0.107590
v 0.249308 -0.117145 0.101488
v 0.240814 -0.123250 0.113167
v 0.236426 -0.126828 0.118181
v 0.231962 -0.130789 0.122573
v 0.227378 -0.135076 0.126220
v 0.222609 -0.139615 0.128976
v 0.236209 -0.118271 0.101070
v 0.240263 -0.115491 0.095132
v 0.232121 -0.121361 0.106499
v 0.228099 -0.124786 0.111417
v 0.224206 -0.128545 0.115797
v 0.220383 -0.132554 0.119498
v 0.216505 -0.136701 0.122329
v 0.227711 -0.116941 0.094543
v 0.231582 -0.114285 0.088727
v 0.223885 -0.119906 0.099900
v 0.220248 -0.123199 0.104825
v 0.216912 -0.126810 0.109311
v 0.213877 -0.130617 0.113222
v 0.211041 -0.134441 0.116330
v 0.261070 -0.197745 -0.073995
v 0.270776 -0.187765 -0.072119
v 0.262917 -0.185118 -0.068457
v 0.254380 -0.193719 -0.069979
v 0.279497 -0.178182 -0.068702
v 0.270739 -0.176727 -0.065551
v 0.286710 -0.169510 -0.064111
v 0.277470 -0.168899 -0.061519
v 0.292049 -0.162133 -0.058708
v 0.282852 -0.161898 -0.056613
v 0.295755 -0.155922 -0.052851
v 0.287103 -0.155643 -0.051063
v 0.298328 -0.150621 -0.046889
v 0.290608 -0.149961 -0.045081
v 0.254500 -0.181348 -0.063789
v 0.246994 -0.188828 -0.065127
v 0.261516 -0.173925 -0.061208
v 0.267802 -0.166801 -0.057576
v 0.273190 -0.160166 -0.053077
v 0.277805 -0.153988 -0.047857
v 0.281851 -0.148178 -0.042055
v 0.245910 -0.176882 -0.058439
v 0.239364 -0.183465 -0.059744
v 0.252132 -0.170224 -0.056012
v 0.257920 -0.163676 -0.052626
v 0.263188 -0.157392 -0.048434
v 0.267945 -0.151385 -0.043541
v 0.272224 -0.145631 -0.038046
v 0.237494 -0.172144 -0.052727
v 0.231912 -0.178027 -0.054136
v 0.242867 -0.166070 -0.050295
v 0.248042 -0.159980 -0.047009
v 0.253008 -0.154023 -0.043016
v 0.257688 -0.148241 -0.038403
v 0.261987 -0.142649 -0.033237
v 0.229455 -0.167558 -0.046949
v 0.224937 -0.172918 -0.048604
v 0.233912 -0.161900 -0.044367
v 0.238402 -0.156153 -0.041051
v 0.242942 -0.150484 -0.037156
v 0.247392 -0.144950 -0.032753
v 0.251571 -0.139580 -0.027890
v 0.221924 -0.163554 -0.041393
v 0.218645 -0.168577 -0.043460
v 0.225431 -0.158149 -0.038527
v 0.229242 -0.152634 -0.035075
v 0.233317 -0.147200 -0.031183
v 0.237463 -0.141904 -0.026909
v 0.241450 -0.136769 -0.022288
v 0.300821 -0.145928 -0.041116
v 0.293938 -0.144646 -0.038833
v 0.285556 -0.142644 -0.035804
v 0.276058 -0.140108 -0.032042
v 0.265810 -0.137264 -0.027586
v 0.255301 -0.134400 -0.022618
v 0.245047 -0.131819 -0.017359
v 0.304433 -0.141388 -0.035437
v 0.308578 -0.136579 -0.028931
v 0.301182 -0.134451 -0.025346
v 0.297540 -0.139508 -0.032372
v 0.312491 -0.131417 -0.020918
v 0.304482 -0.129434 -0.017333
v 0.315749 -0.126096 -0.011086
v 0.307153 -0.124526 -0.008058
v 0.318053 -0.120878 0.000672
v 0.308971 -0.119852 0.002610
v 0.319303 -0.116099 0.013888
v 0.309876 -0.115644 0.014342
v 0.319452 -0.112115 0.027953
v 0.309847 -0.112164 0.026698
v 0.292338 -0.132191 -0.022044
v 0.289085 -0.137313 -0.029180
v 0.295147 -0.127307 -0.014205
v 0.297360 -0.122706 -0.005494
v 0.298845 -0.118456 0.004179
v 0.299555 -0.114711 0.014593
v 0.299465 -0.111645 0.025447
v 0.282425 -0.129774 -0.018679
v 0.279468 -0.134808 -0.025601
v 0.284887 -0.125064 -0.011207
v 0.286813 -0.120733 -0.003117
v 0.288157 -0.116847 0.005617
v 0.288857 -0.113499 0.014845
v 0.288844 -0.110789 0.024372
v 0.271841 -0.127251 -0.015002
v 0.269088 -0.132110 -0.021507
v 0.274114 -0.122761 -0.008060
v 0.275954 -0.118712 -0.000670
v 0.277375 -0.115173 0.007153
v 0.278270 -0.112192 0.015299
v 0.278500 -0.109808 0.023633
v 0.261080 -0.124807 -0.010989
v 0.258450 -0.129451 -0.016979
v 0.263298 -0.120556 -0.004655
v 0.265213 -0.116783 0.002012
v 0.266885 -0.113564 0.008982
v 0.268181 -0.110921 0.016135
v 0.268878 -0.108860 0.023341
v 0.250659 -0.122661 -0.006672
v 0.248087 -0.127088 -0.012150
v 0.252918 -0.118632 -0.000930
v 0.255016 -0.115097 0.005072
v 0.257055 -0.112140 0.011295
v 0.258930 -0.109794 0.017558
v 0.260387 -0.108061 0.023654
v -0.229253 0.326369 -0.221354
v -0.234297 0.335905 -0.206953
v -0.219635 0.346418 -0.209830
v -0.215669 0.334724 -0.225449
v -0.240477 0.345085 -0.190540
v -0.224794 0.357151 -0.192649
v -0.247189 0.353900 -0.172538
v -0.230614 0.367074 -0.174151
v -0.254002 0.362227 -0.153351
v -0.236650 0.376244 -0.154607
v -0.260624 0.369944 -0.133342
v -0.242608 0.384606 -0.134329
v -0.266801 0.376924 -0.112859
v -0.248231 0.392076 -0.113638
v -0.203757 0.355747 -0.213686
v -0.200478 0.342503 -0.230408
v -0.208120 0.367770 -0.195662
v -0.213147 0.378711 -0.176530
v -0.218451 0.388675 -0.156502
v -0.223754 0.397644 -0.135850
v -0.228809 0.405573 -0.114860
v -0.187018 0.364113 -0.217977
v -0.184215 0.349772 -0.235617
v -0.190742 0.377148 -0.199163
v -0.195066 0.388964 -0.179375
v -0.199685 0.399629 -0.158821
v -0.204352 0.409143 -0.137745
v -0.208837 0.417489 -0.116399
v -0.169771 0.371637 -0.222274
v -0.167359 0.356474 -0.240668
v -0.172949 0.385453 -0.202786
v -0.176648 0.397965 -0.182411
v -0.180633 0.409207 -0.161360
v -0.184691 0.419185 -0.139857
v -0.188615 0.427900 -0.118131
v -0.152326 0.378321 -0.226378
v -0.150255 0.362538 -0.245384
v -0.155029 0.392728 -0.206332
v -0.158175 0.405775 -0.185453
v -0.161579 0.417478 -0.163951
v -0.165061 0.427844 -0.142039
v -0.168445 0.436878 -0.119934
v -0.134985 0.384134 -0.230147
v -0.133211 0.367888 -0.249643
v -0.137273 0.398982 -0.209643
v -0.139929 0.412439 -0.188337
v -0.142805 0.424507 -0.166437
v -0.145754 0.435192 -0.144150
v -0.148629 0.444496 -0.121684
v -0.235729 0.311513 -0.228866
v -0.240629 0.316684 -0.219523
v -0.226665 0.315845 -0.233332
v -0.247419 0.323729 -0.205842
v -0.254886 0.331334 -0.189782
v -0.262598 0.339040 -0.171989
v -0.270225 0.346517 -0.152948
v -0.277511 0.353572 -0.133047
v -0.284217 0.360042 -0.112646
v -0.290105 0.365766 -0.092106
v -0.272278 0.383043 -0.092253
v -0.253261 0.398568 -0.092856
v -0.233367 0.412413 -0.093816
v -0.212910 0.424650 -0.095035
v -0.192201 0.435349 -0.096412
v -0.171555 0.444583 -0.097849
v -0.151285 0.452422 -0.099247
v -0.131702 0.458939 -0.100505
v -0.129468 0.450827 -0.123260
v -0.127059 0.441300 -0.146047
v -0.124595 0.430357 -0.168663
v -0.122193 0.417999 -0.190902
v -0.119971 0.404228 -0.212562
v -0.118047 0.389044 -0.233438
v -0.116539 0.372449 -0.253326
v -0.132101 0.350240 -0.267924
v -0.115564 0.354443 -0.272023
v -0.149002 0.345361 -0.263139
v -0.165957 0.339921 -0.257762
v -0.182654 0.334039 -0.251884
v -0.198733 0.327865 -0.245639
v -0.213647 0.321671 -0.239316
v -0.276854 0.388202 -0.071803
v -0.280543 0.392399 -0.051510
v -0.260944 0.408433 -0.051774
v -0.257495 0.404018 -0.072238
v -0.283411 0.395658 -0.031302
v -0.263677 0.411839 -0.031391
v -0.285526 0.398003 -0.011110
v -0.265760 0.414265 -0.011011
v -0.286955 0.399459 0.009138
v -0.267259 0.415736 0.009439
v -0.287764 0.400048 0.029512
v -0.268241 0.416279 0.030035
v -0.288022 0.399795 0.050081
v -0.268773 0.415920 0.050853
v -0.240416 0.422746 -0.052225
v -0.237232 0.418132 -0.072945
v -0.242987 0.426285 -0.031576
v -0.245010 0.428776 -0.010917
v -0.246551 0.430250 0.009831
v -0.247678 0.430737 0.030751
v -0.248454 0.430264 0.051924
v -0.219289 0.435410 -0.052810
v -0.216388 0.430616 -0.073849
v -0.221677 0.439065 -0.031832
v -0.223616 0.441611 -0.010828
v -0.225173 0.443079 0.010289
v -0.226412 0.443502 0.031606
v -0.227398 0.442911 0.053210
v -0.197894 0.446494 -0.053480
v -0.195288 0.441538 -0.074875
v -0.200083 0.450250 -0.032134
v -0.201918 0.452840 -0.010744
v -0.203463 0.454298 0.010784
v -0.204782 0.454656 0.032543
v -0.205937 0.453949 0.054626
v -0.176562 0.456067 -0.054184
v -0.174253 0.450969 -0.075948
v -0.178542 0.459911 -0.032455
v -0.180254 0.462538 -0.010664
v -0.181761 0.463982 0.011290
v -0.183124 0.464279 0.033507
v -0.184403 0.463464 0.056087
v -0.155623 0.464200 -0.054869
v -0.153608 0.458980 -0.076993
v -0.157390 0.468120 -0.032770
v -0.158965 0.470777 -0.010588
v -0.160408 0.472208 0.011781
v -0.161777 0.472451 0.034445
v -0.163130 0.471542 0.057509
v -0.294987 0.370614 -0.071717
v -0.298881 0.374575 -0.051483
v -0.301852 0.377669 -0.031337
v -0.303969 0.379919 -0.011213
v -0.305300 0.381344 0.008956
v -0.305910 0.381965 0.029236
v -0.305869 0.381802 0.049695
v -0.305243 0.380876 0.070398
v -0.287796 0.398724 0.070918
v -0.268922 0.414688 0.071967
v -0.248948 0.428861 0.073429
v -0.228197 0.441337 0.075187
v -0.206993 0.452209 0.077126
v -0.185661 0.461572 0.079129
v -0.164527 0.469518 0.081079
v -0.143913 0.476142 0.082861
v -0.142450 0.478269 0.058806
v -0.141077 0.479252 0.035300
v -0.139742 0.479052 0.012229
v -0.138389 0.477630 -0.010517
v -0.136963 0.474946 -0.033052
v -0.135410 0.470963 -0.055487
v -0.133674 0.465640 -0.077934
v -0.287139 0.396843 0.092024
v -0.286059 0.394096 0.113131
v -0.268262 0.409515 0.114853
v -0.268746 0.412584 0.093386
v -0.284548 0.390413 0.133902
v -0.267482 0.405363 0.136043
v -0.282601 0.385721 0.154001
v -0.266413 0.400012 0.156630
v -0.280268 0.379967 0.173062
v -0.265125 0.393328 0.176288
v -0.277831 0.373165 0.190601
v -0.263912 0.385120 0.194669
v -0.275763 0.365227 0.206089
v -0.263186 0.375114 0.211437
v -0.249290 0.423136 0.117242
v -0.249217 0.426527 0.095283
v -0.249189 0.418533 0.138999
v -0.248934 0.412560 0.160245
v -0.248590 0.405042 0.180679
v -0.248390 0.395716 0.200018
v -0.248617 0.384293 0.217988
v -0.229438 0.435077 0.120102
v -0.228866 0.438775 0.097562
v -0.229939 0.430059 0.142513
v -0.230395 0.423535 0.164502
v -0.230853 0.415309 0.185775
v -0.231455 0.405133 0.206059
v -0.232364 0.392749 0.225082
v -0.209003 0.445453 0.123240
v -0.208006 0.449431 0.100073
v -0.210007 0.440074 0.146337
v -0.211036 0.433093 0.169074
v -0.212123 0.424304 0.191161
v -0.213335 0.413478 0.212317
v -0.214753 0.400384 0.232261
v -0.188288 0.454374 0.126473
v -0.186950 0.458598 0.102667
v -0.189685 0.448693 0.150253
v -0.191150 0.441346 0.173714
v -0.192695 0.432124 0.196562
v -0.194344 0.420811 0.218506
v -0.196124 0.407190 0.239254
v -0.167598 0.461947 0.129619
v -0.166014 0.466376 0.105194
v -0.169275 0.456022 0.154052
v -0.171039 0.448393 0.178193
v -0.172886 0.438849 0.201738
v -0.174814 0.427180 0.224386
v -0.176820 0.413177 0.245836
v -0.304084 0.379201 0.091347
v -0.302384 0.376764 0.112271
v -0.300120 0.373543 0.132835
v -0.297267 0.369520 0.152702
v -0.293845 0.364727 0.171492
v -0.290036 0.359424 0.188649
v -0.286136 0.354020 0.203425
v -0.283044 0.349748 0.213608
v -0.275244 0.355373 0.218946
v -0.263579 0.362776 0.226293
v -0.249582 0.370449 0.234321
v -0.233745 0.377895 0.242572
v -0.216456 0.384789 0.250713
v -0.198062 0.391042 0.258517
v -0.178902 0.396628 0.265785
v -0.159317 0.401517 0.272321
v -0.157186 0.418356 0.251782
v -0.155079 0.432634 0.229721
v -0.153013 0.444557 0.206450
v -0.151006 0.454333 0.182282
v -0.149075 0.462172 0.157527
v -0.147237 0.468281 0.132498
v -0.145511 0.472868 0.107505
v -0.010147 -0.256121 -0.324565
v -0.010091 -0.273149 -0.306552
v -0.020294 -0.272766 -0.306261
v -0.020407 -0.255759 -0.324248
v -0.010113 -0.287866 -0.286733
v -0.020340 -0.287462 -0.286469
v -0.010205 -0.300367 -0.265228
v -0.020523 -0.299946 -0.264990
v -0.010357 -0.310750 -0.242154
v -0.020828 -0.310313 -0.241945
v -0.010559 -0.319110 -0.217633
v -0.021234 -0.318660 -0.217451
v -0.010803 -0.325545 -0.191782
v -0.021722 -0.325083 -0.191630
v -0.030724 -0.272029 -0.305709
v -0.030894 -0.255067 -0.323642
v -0.030791 -0.286685 -0.285971
v -0.031069 -0.299132 -0.264547
v -0.031528 -0.309465 -0.241557
v -0.032140 -0.317783 -0.217120
v -0.032876 -0.324181 -0.191357
v -0.041491 -0.270861 -0.304841
v -0.041722 -0.253971 -0.322683
v -0.041582 -0.285449 -0.285193
v -0.041955 -0.297832 -0.263859
v -0.042571 -0.308108 -0.240960
v -0.043393 -0.316375 -0.216615
v -0.044381 -0.322730 -0.190945
v -0.052710 -0.269182 -0.303601
v -0.053004 -0.252400 -0.321306
v -0.052824 -0.283668 -0.284088
v -0.053295 -0.295956 -0.262888
v -0.054073 -0.306144 -0.240122
v -0.055110 -0.314333 -0.215911
v -0.056355 -0.320620 -0.190377
v -0.064493 -0.266913 -0.301935
v -0.064854 -0.250280 -0.319448
v -0.064630 -0.281256 -0.282610
v -0.065202 -0.293410 -0.261595
v -0.066147 -0.303475 -0.239012
v -0.067405 -0.311553 -0.214986
v -0.068914 -0.317743 -0.189638
v -0.076953 -0.263974 -0.299788
v -0.077384 -0.247540 -0.317045
v -0.077113 -0.278128 -0.280711
v -0.077790 -0.290103 -0.259940
v -0.078908 -0.300003 -0.237600
v -0.080395 -0.307931 -0.213814
v -0.082176 -0.313990 -0.188709
v -0.010290 -0.236684 -0.340651
v -0.011078 -0.330151 -0.164722
v -0.022275 -0.329681 -0.164600
v -0.033709 -0.328758 -0.164386
v -0.045497 -0.327270 -0.164070
v -0.057759 -0.325104 -0.163641
v -0.070612 -0.322145 -0.163091
v -0.084175 -0.318282 -0.162409
v -0.098567 -0.313400 -0.161586
v -0.096257 -0.309252 -0.187575
v -0.094195 -0.303364 -0.212373
v -0.092471 -0.295630 -0.235853
v -0.091172 -0.285944 -0.257886
v -0.090386 -0.274198 -0.278346
v -0.090203 -0.260288 -0.297104
v -0.090709 -0.244105 -0.314033
v -0.078480 -0.228721 -0.332358
v -0.091994 -0.225544 -0.329004
v -0.065772 -0.231258 -0.335026
v -0.053755 -0.233223 -0.337082
v -0.042313 -0.234681 -0.338598
v -0.031332 -0.235700 -0.339650
v -0.020696 -0.236346 -0.340309
v -0.104878 -0.239909 -0.310362
v -0.104297 -0.255772 -0.293844
v -0.119063 -0.250343 -0.290034
v -0.119683 -0.234905 -0.306050
v -0.104512 -0.269375 -0.275483
v -0.119353 -0.263541 -0.272157
v -0.105418 -0.280829 -0.255410
v -0.120421 -0.274619 -0.252557
v -0.106909 -0.290246 -0.233758
v -0.122138 -0.283698 -0.231372
v -0.108884 -0.297737 -0.210657
v -0.124384 -0.290890 -0.208744
v -0.111237 -0.303411 -0.186242
v -0.127044 -0.296308 -0.184817
v -0.134269 -0.243914 -0.285713
v -0.134850 -0.229050 -0.301125
v -0.134721 -0.256571 -0.268419
v -0.136030 -0.267161 -0.249388
v -0.138029 -0.275818 -0.228771
v -0.140584 -0.282654 -0.206730
v -0.143566 -0.287776 -0.183430
v -0.149683 -0.236400 -0.280922
v -0.150107 -0.222304 -0.295618
v -0.150428 -0.248343 -0.264318
v -0.152094 -0.258305 -0.245964
v -0.154458 -0.266442 -0.226029
v -0.157368 -0.272859 -0.204710
v -0.160694 -0.277647 -0.182212
v -0.165077 -0.227698 -0.275757
v -0.165156 -0.214642 -0.289627
v -0.166296 -0.238711 -0.259937
v -0.168471 -0.247887 -0.242351
v -0.171301 -0.255399 -0.223198
v -0.174627 -0.261333 -0.202727
v -0.178322 -0.265755 -0.181201
v -0.180231 -0.217645 -0.270536
v -0.179603 -0.206114 -0.283511
v -0.182193 -0.227441 -0.255490
v -0.185046 -0.235691 -0.238632
v -0.188457 -0.242498 -0.220231
v -0.192267 -0.247907 -0.200603
v -0.196364 -0.251942 -0.180074
v -0.194951 -0.205993 -0.265678
v -0.193038 -0.196670 -0.277822
v -0.197998 -0.214270 -0.251229
v -0.201715 -0.221490 -0.234892
v -0.205825 -0.227547 -0.217057
v -0.210197 -0.232407 -0.198104
v -0.214739 -0.236053 -0.178414
v -0.106360 -0.221674 -0.324905
v -0.113867 -0.307378 -0.160644
v -0.129999 -0.300062 -0.159734
v -0.146851 -0.291289 -0.159038
v -0.164307 -0.280897 -0.158739
v -0.182262 -0.268726 -0.158883
v -0.200637 -0.254631 -0.158970
v -0.219360 -0.238469 -0.158366
v -0.238362 -0.220098 -0.156434
v -0.233366 -0.217933 -0.175806
v -0.228326 -0.214663 -0.194998
v -0.223306 -0.210350 -0.213605
v -0.218372 -0.205056 -0.231219
v -0.213602 -0.198899 -0.247428
v -0.209133 -0.192231 -0.261789
v -0.205165 -0.185570 -0.273753
v -0.193503 -0.185613 -0.287129
v -0.202343 -0.180394 -0.281730
v -0.181001 -0.192393 -0.294163
v -0.166908 -0.199304 -0.301363
v -0.151943 -0.205885 -0.308247
v -0.136638 -0.211839 -0.314507
v -0.121342 -0.217104 -0.320067
v -0.011378 -0.333015 -0.136593
v -0.011699 -0.334188 -0.107624
v -0.023515 -0.333707 -0.107566
v -0.022876 -0.332538 -0.136503
v -0.012039 -0.333711 -0.078063
v -0.024188 -0.333227 -0.078039
v -0.012395 -0.331624 -0.048161
v -0.024886 -0.331141 -0.048171
v -0.012766 -0.327970 -0.018167
v -0.025607 -0.327488 -0.018212
v -0.013151 -0.322787 0.011668
v -0.026350 -0.322306 0.011585
v -0.013549 -0.316118 0.041096
v -0.027120 -0.315630 0.040969
v -0.035565 -0.332760 -0.107474
v -0.034611 -0.331600 -0.136350
v -0.036557 -0.332280 -0.078007
v -0.037570 -0.330201 -0.048196
v -0.038595 -0.326565 -0.018292
v -0.039644 -0.321399 0.011449
v -0.040734 -0.314731 0.040768
v -0.047966 -0.331230 -0.107351
v -0.046703 -0.330085 -0.136131
v -0.049257 -0.330751 -0.077975
v -0.050542 -0.328694 -0.048246
v -0.051805 -0.325101 -0.018413
v -0.053079 -0.319984 0.011259
v -0.054411 -0.313352 0.040504
v -0.060835 -0.328998 -0.107200
v -0.059271 -0.327876 -0.135843
v -0.062397 -0.328525 -0.077950
v -0.063899 -0.326510 -0.048329
v -0.065311 -0.322996 -0.018581
v -0.066704 -0.317974 0.011018
v -0.068174 -0.311424 0.040185
v -0.074289 -0.325947 -0.107026
v -0.072433 -0.324856 -0.135484
v -0.076088 -0.325485 -0.077940
v -0.077737 -0.323539 -0.048452
v -0.079187 -0.320153 -0.018799
v -0.080566 -0.315286 0.010727
v -0.082043 -0.308876 0.039820
v -0.088445 -0.321957 -0.106831
v -0.086309 -0.320908 -0.135052
v -0.090440 -0.321516 -0.077953
v -0.092152 -0.319670 -0.048625
v -0.093507 -0.316471 -0.019074
v -0.094712 -0.311835 0.010386
v -0.096040 -0.305640 0.039419
v -0.013960 -0.308002 0.069866
v -0.027920 -0.307497 0.069686
v -0.041883 -0.306586 0.069409
v -0.055848 -0.305213 0.069053
v -0.069817 -0.303323 0.068636
v -0.083790 -0.300860 0.068176
v -0.097768 -0.297768 0.067692
v -0.111753 -0.293990 0.067202
v -0.110186 -0.301647 0.038991
v -0.109189 -0.307536 0.009996
v -0.108345 -0.311853 -0.019410
v -0.107241 -0.314793 -0.048855
v -0.105564 -0.316499 -0.077995
v -0.103420 -0.316911 -0.106619
v -0.101018 -0.315916 -0.134543
v -0.014382 -0.298482 0.097764
v -0.014816 -0.287602 0.124729
v -0.029618 -0.287027 0.124414
v -0.028753 -0.297946 0.097522
v -0.015264 -0.275412 0.150734
v -0.030513 -0.274795 0.150339
v -0.015727 -0.261959 0.175752
v -0.031439 -0.261303 0.175270
v -0.016206 -0.247290 0.199757
v -0.032393 -0.246604 0.199183
v -0.016704 -0.231452 0.222724
v -0.033381 -0.230748 0.222056
v -0.017221 -0.214493 0.244626
v -0.034408 -0.213786 0.243864
v -0.044391 -0.286022 0.123932
v -0.043104 -0.296996 0.097151
v -0.045732 -0.273729 0.149730
v -0.047117 -0.260181 0.174522
v -0.048539 -0.245444 0.198284
v -0.050006 -0.229570 0.220998
v -0.051528 -0.212612 0.242646
v -0.059120 -0.284549 0.123318
v -0.057424 -0.295588 0.096678
v -0.060905 -0.272181 0.148950
v -0.062748 -0.258570 0.173552
v -0.064626 -0.243794 0.197106
v -0.066552 -0.227913 0.219597
v -0.068547 -0.210978 0.241014
v -0.073791 -0.282570 0.122605
v -0.071702 -0.293675 0.096131
v -0.076017 -0.270122 0.148038
v -0.078313 -0.256444 0.172407
v -0.080632 -0.241641 0.195695
v -0.082992 -0.225771 0.217896
v -0.085431 -0.208887 0.239010
v -0.088389 -0.280047 0.121830
v -0.085929 -0.291211 0.095536
v -0.091052 -0.267519 0.147036
v -0.093798 -0.253781 0.171131
v -0.096538 -0.238969 0.194098
v -0.099302 -0.223142 0.215943
v -0.102147 -0.206344 0.236678
v -0.102901 -0.276941 0.121027
v -0.100094 -0.288151 0.094921
v -0.105996 -0.264342 0.145985
v -0.109186 -0.250558 0.169769
v -0.112325 -0.235764 0.192362
v -0.115453 -0.220019 0.213782
v -0.118661 -0.203355 0.234060
v -0.017760 -0.196459 0.265438
v -0.035479 -0.195765 0.264584
v -0.053117 -0.194622 0.263207
v -0.070632 -0.193043 0.261345
v -0.087984 -0.191038 0.259035
v -0.105132 -0.188620 0.256315
v -0.122036 -0.185800 0.253223
v -0.138655 -0.182590 0.249796
v -0.134939 -0.199922 0.231198
v -0.131421 -0.216399 0.211460
v -0.127971 -0.232011 0.190532
v -0.124461 -0.246749 0.168367
v -0.120833 -0.260559 0.144926
v -0.117311 -0.273216 0.120230
v -0.114186 -0.284449 0.094312
v -0.216206 -0.171393 -0.272444
v -0.222741 -0.175917 -0.259300
v -0.235924 -0.157169 -0.257763
v -0.227130 -0.154052 -0.272485
v -0.228903 -0.181127 -0.244282
v -0.243813 -0.161161 -0.241646
v -0.234895 -0.186257 -0.227681
v -0.251102 -0.165346 -0.224274
v -0.240774 -0.190807 -0.209837
v -0.257991 -0.169192 -0.205851
v -0.246526 -0.194594 -0.191136
v -0.264522 -0.172480 -0.186703
v -0.252119 -0.197512 -0.171972
v -0.270695 -0.175070 -0.167188
v -0.248820 -0.136265 -0.256573
v -0.238281 -0.134036 -0.272682
v -0.258239 -0.139316 -0.239297
v -0.266793 -0.142668 -0.220977
v -0.274692 -0.145869 -0.201775
v -0.282001 -0.148693 -0.181969
v -0.288748 -0.150972 -0.161867
v -0.261340 -0.113570 -0.255388
v -0.249438 -0.111906 -0.272641
v -0.272062 -0.115914 -0.237044
v -0.281770 -0.118572 -0.217768
v -0.290612 -0.121207 -0.197740
v -0.298651 -0.123605 -0.177204
v -0.305931 -0.125585 -0.156423
v -0.273307 -0.089494 -0.253994
v -0.260277 -0.088228 -0.272183
v -0.285123 -0.091311 -0.234751
v -0.295819 -0.093421 -0.214643
v -0.305481 -0.095580 -0.193867
v -0.314163 -0.097592 -0.172648
v -0.321908 -0.099279 -0.151220
v -0.284422 -0.064544 -0.252437
v -0.270451 -0.063572 -0.271378
v -0.297143 -0.065963 -0.232465
v -0.308661 -0.067641 -0.211668
v -0.319020 -0.069392 -0.190252
v -0.328254 -0.071047 -0.168430
v -0.336394 -0.072440 -0.146422
v -0.294351 -0.039253 -0.250826
v -0.279609 -0.038508 -0.270357
v -0.307811 -0.040356 -0.230281
v -0.320005 -0.041673 -0.208930
v -0.330945 -0.043058 -0.186983
v -0.340645 -0.044368 -0.164651
v -0.349117 -0.045461 -0.142144
v -0.208363 -0.169297 -0.283662
v -0.257521 -0.199458 -0.152742
v -0.276512 -0.176820 -0.147664
v -0.294962 -0.152538 -0.141778
v -0.312496 -0.126964 -0.135660
v -0.328760 -0.100459 -0.129814
v -0.343472 -0.073406 -0.124442
v -0.356373 -0.046194 -0.119672
v -0.367202 -0.019212 -0.115632
v -0.359804 -0.018732 -0.138501
v -0.351059 -0.017953 -0.161410
v -0.340974 -0.016991 -0.184151
v -0.329557 -0.015960 -0.206513
v -0.316818 -0.014975 -0.228290
v -0.302762 -0.014152 -0.249272
v -0.287399 -0.013606 -0.269251
v -0.263573 -0.038267 -0.288665
v -0.270736 -0.013451 -0.288018
v -0.255184 -0.063237 -0.289085
v -0.245935 -0.087774 -0.289128
v -0.236189 -0.111292 -0.288640
v -0.226335 -0.133187 -0.287511
v -0.216859 -0.152796 -0.285799
v -0.293541 0.010675 -0.268155
v -0.309394 0.010331 -0.247851
v -0.314265 0.034190 -0.246502
v -0.298045 0.034321 -0.267017
v -0.323919 0.009793 -0.226554
v -0.329144 0.033949 -0.225003
v -0.337092 0.009147 -0.204471
v -0.342643 0.033657 -0.202724
v -0.348887 0.008481 -0.181807
v -0.354726 0.033372 -0.179869
v -0.359280 0.007882 -0.158771
v -0.365354 0.033153 -0.156643
v -0.368245 0.007436 -0.135568
v -0.374490 0.033060 -0.133251
v -0.317466 0.057524 -0.245128
v -0.300996 0.057433 -0.265748
v -0.332588 0.057592 -0.223532
v -0.346315 0.057667 -0.201161
v -0.358599 0.057779 -0.178217
v -0.369394 0.057958 -0.154902
v -0.378650 0.058237 -0.131416
v -0.319086 0.080432 -0.243635
v -0.302478 0.080109 -0.264259
v -0.334347 0.080820 -0.222040
v -0.348207 0.081275 -0.199673
v -0.360612 0.081800 -0.176733
v -0.371507 0.082395 -0.153419
v -0.380839 0.083063 -0.129930
v -0.319214 0.103012 -0.241928
v -0.302573 0.102448 -0.262462
v -0.334517 0.103732 -0.220424
v -0.348423 0.104582 -0.198147
v -0.360872 0.105533 -0.175296
v -0.371807 0.106561 -0.152068
v -0.381168 0.107636 -0.128658
v -0.317942 0.125363 -0.239909
v -0.301365 0.124549 -0.260268
v -0.333195 0.126427 -0.218579
v -0.347063 0.127684 -0.196474
v -0.359486 0.129078 -0.173790
v -0.370402 0.130553 -0.150722
v -0.379750 0.132054 -0.127466
v -0.315358 0.147584 -0.237485
v -0.298939 0.146511 -0.257589
v -0.330476 0.149002 -0.216405
v -0.344230 0.150679 -0.194542
v -0.356560 0.152531 -0.172094
v -0.367403 0.154470 -0.149255
v -0.376697 0.156413 -0.126221
v -0.276385 0.010737 -0.287259
v -0.375759 0.007231 -0.112405
v -0.382095 0.033151 -0.109896
v -0.386321 0.058644 -0.107963
v -0.388551 0.083806 -0.106466
v -0.388896 0.108734 -0.105265
v -0.387469 0.133525 -0.104218
v -0.384382 0.158273 -0.103186
v -0.379746 0.183077 -0.102027
v -0.372123 0.180811 -0.124787
v -0.362921 0.178410 -0.147540
v -0.352201 0.175991 -0.170090
v -0.340026 0.173668 -0.192241
v -0.326455 0.171557 -0.213796
v -0.311552 0.169774 -0.234560
v -0.295377 0.168434 -0.254335
v -0.281280 0.145869 -0.276520
v -0.277992 0.167652 -0.272925
v -0.283526 0.124040 -0.279461
v -0.284651 0.102067 -0.281831
v -0.284578 0.079849 -0.283712
v -0.283228 0.057288 -0.285189
v -0.280523 0.034284 -0.286344
v -0.290777 0.190345 -0.250452
v -0.306619 0.191963 -0.231076
v -0.300673 0.213915 -0.227136
v -0.285287 0.211991 -0.246022
v -0.321227 0.194127 -0.210694
v -0.314869 0.216494 -0.207212
v -0.334541 0.196688 -0.189504
v -0.327826 0.219540 -0.186450
v -0.346502 0.199499 -0.167705
v -0.339492 0.222866 -0.165051
v -0.357049 0.202414 -0.145495
v -0.349806 0.226296 -0.143221
v -0.366120 0.205288 -0.123075
v -0.358703 0.229658 -0.121166
v -0.293834 0.235323 -0.222878
v -0.279072 0.233047 -0.241161
v -0.307458 0.238379 -0.203504
v -0.319920 0.241966 -0.183240
v -0.331187 0.245847 -0.162287
v -0.341194 0.249816 -0.140862
v -0.349866 0.253678 -0.119187
v -0.286221 0.255883 -0.218441
v -0.272294 0.253191 -0.235985
v -0.299069 0.259500 -0.199728
v -0.310862 0.263709 -0.180036
v -0.321602 0.268196 -0.159569
v -0.331215 0.272732 -0.138563
v -0.339606 0.277106 -0.117262
v -0.277914 0.275292 -0.214024
v -0.265098 0.272076 -0.230667
v -0.289743 0.279587 -0.196079
v -0.300672 0.284515 -0.177025
v -0.310745 0.289670 -0.157067
v -0.319870 0.294803 -0.136471
v -0.327918 0.299699 -0.115518
v -0.268838 0.293251 -0.210049
v -0.257566 0.289271 -0.225612
v -0.279375 0.298404 -0.192924
v -0.289286 0.304154 -0.174481
v -0.298587 0.310036 -0.154986
v -0.307146 0.315791 -0.134747
v -0.314795 0.321214 -0.114082
v -0.258815 0.309478 -0.207061
v -0.249648 0.304309 -0.221432
v -0.267815 0.315726 -0.190677
v -0.276622 0.322404 -0.172702
v -0.285092 0.329062 -0.153541
v -0.293031 0.335460 -0.133551
v -0.300230 0.341409 -0.113082
v -0.273759 0.189418 -0.268623
v -0.373655 0.207975 -0.100642
v -0.366119 0.232778 -0.099093
v -0.357130 0.257238 -0.097482
v -0.346681 0.281109 -0.095912
v -0.334762 0.304144 -0.094487
v -0.321365 0.326097 -0.093309
v -0.306483 0.346720 -0.092481
v -0.239726 0.301673 -0.233376
v -0.245213 0.287284 -0.239425
v -0.251179 0.270420 -0.245825
v -0.257265 0.251757 -0.252164
v -0.263197 0.231799 -0.258155
v -0.268761 0.210910 -0.263670
v -0.381812 0.007350 -0.089426
v -0.386462 0.007861 -0.066523
v -0.392705 0.034074 -0.063665
v -0.388149 0.033479 -0.086726
v -0.389783 0.008827 -0.043524
v -0.395834 0.034961 -0.040580
v -0.391849 0.010313 -0.020259
v -0.397605 0.036163 -0.017340
v -0.392701 0.012310 0.003400
v -0.398069 0.037659 0.006162
v -0.392248 0.014511 0.027400
v -0.397193 0.039240 0.029916
v -0.390367 0.016539 0.051643
v -0.394923 0.040653 0.053886
v -0.396872 0.059923 -0.061550
v -0.392379 0.059205 -0.084692
v -0.399868 0.060795 -0.038431
v -0.401436 0.061819 -0.015231
v -0.401632 0.062965 0.008139
v -0.400465 0.064096 0.031702
v -0.397930 0.065048 0.055465
v -0.399065 0.085498 -0.060029
v -0.394611 0.084623 -0.083178
v -0.401981 0.086412 -0.036930
v -0.403424 0.087347 -0.013796
v -0.403456 0.088271 0.009450
v -0.402114 0.089095 0.032854
v -0.399427 0.089718 0.056451
v -0.399390 0.110889 -0.058954
v -0.394955 0.109827 -0.082040
v -0.402266 0.111894 -0.035932
v -0.403651 0.112815 -0.012899
v -0.403608 0.113620 0.010216
v -0.402191 0.114254 0.033470
v -0.399451 0.114656 0.056916
v -0.397948 0.136189 -0.058177
v -0.393520 0.134914 -0.081130
v -0.400819 0.137323 -0.035291
v -0.402199 0.138289 -0.012402
v -0.402155 0.139057 0.010556
v -0.400749 0.139591 0.033648
v -0.398043 0.139854 0.056934
v -0.394843 0.161487 -0.057550
v -0.390415 0.159976 -0.080304
v -0.397733 0.162781 -0.034861
v -0.399151 0.163835 -0.012169
v -0.399164 0.164624 0.010591
v -0.397838 0.165122 0.033485
v -0.395239 0.165305 0.056577
v -0.373259 -0.019277 -0.092939
v -0.378039 -0.018809 -0.070272
v -0.381622 -0.017688 -0.047408
v -0.384085 -0.015797 -0.024125
v -0.385459 -0.013127 -0.000267
v -0.385577 -0.010109 0.024055
v -0.384222 -0.007286 0.048662
v -0.381180 -0.005201 0.073376
v -0.386934 0.018014 0.076032
v -0.391205 0.041641 0.078036
v -0.394025 0.065658 0.079436
v -0.395425 0.090040 0.080277
v -0.395439 0.114765 0.080609
v -0.394098 0.139808 0.080478
v -0.391434 0.165147 0.079932
v -0.387480 0.190758 0.079018
v -0.391080 0.191003 0.055916
v -0.393509 0.190866 0.033078
v -0.394701 0.190365 0.010440
v -0.394588 0.189521 -0.012063
v -0.393104 0.188351 -0.034497
v -0.390180 0.186874 -0.056925
v -0.385750 0.185110 -0.079414
v -0.379613 0.210352 -0.078353
v -0.384041 0.212384 -0.056188
v -0.376429 0.237819 -0.055358
v -0.372012 0.235510 -0.077163
v -0.387006 0.214057 -0.034082
v -0.379436 0.239697 -0.033615
v -0.388575 0.215357 -0.011971
v -0.381101 0.241138 -0.011871
v -0.388817 0.216273 0.010208
v -0.381493 0.242132 0.009936
v -0.387799 0.216790 0.032519
v -0.380678 0.242673 0.031870
v -0.385587 0.216895 0.055027
v -0.378725 0.242752 0.053995
v -0.367327 0.262924 -0.054490
v -0.362936 0.260331 -0.075921
v -0.370372 0.265014 -0.033126
v -0.372138 0.266599 -0.011766
v -0.372693 0.267676 0.009651
v -0.372105 0.268244 0.031188
v -0.370442 0.268300 0.052907
v -0.356719 0.287444 -0.053638
v -0.352372 0.284566 -0.074708
v -0.359791 0.289747 -0.032642
v -0.361656 0.291478 -0.011656
v -0.362381 0.292639 0.009380
v -0.362034 0.293233 0.030528
v -0.360684 0.293264 0.051851
v -0.344587 0.311124 -0.052858
v -0.340307 0.307962 -0.073602
v -0.347671 0.313638 -0.032192
v -0.349627 0.315512 -0.011544
v -0.350521 0.316753 0.009148
v -0.350423 0.317370 0.029947
v -0.349400 0.317371 0.050914
v -0.330915 0.333709 -0.052202
v -0.326729 0.330270 -0.072682
v -0.333990 0.336428 -0.031806
v -0.336022 0.338438 -0.011432
v -0.337079 0.339753 0.008983
v -0.337228 0.340385 0.029501
v -0.336538 0.340345 0.050184
v -0.315685 0.354944 -0.051726
v -0.311627 0.351237 -0.072027
v -0.318724 0.357858 -0.031511
v -0.320812 0.359995 -0.011321
v -0.322017 0.361372 0.008910
v -0.322405 0.362006 0.029245
v -0.322045 0.361914 0.049748
v -0.382251 0.216575 0.077795
v -0.375702 0.242363 0.076372
v -0.367771 0.267842 0.074870
v -0.358398 0.292735 0.073409
v -0.347520 0.316763 0.072111
v -0.335075 0.339648 0.071096
v -0.321003 0.361112 0.070485
v -0.381876 0.018667 0.100454
v -0.375320 0.018665 0.124730
v -0.379431 0.041925 0.126512
v -0.386013 0.042026 0.102302
v -0.367442 0.018287 0.148668
v -0.371571 0.041531 0.150466
v -0.358418 0.017809 0.172072
v -0.362546 0.041038 0.173967
v -0.348387 0.017448 0.194752
v -0.352443 0.040600 0.196815
v -0.337338 0.017176 0.216523
v -0.341257 0.040217 0.218819
v -0.325221 0.016901 0.237206
v -0.328958 0.039851 0.239788
v -0.382177 0.065594 0.127747
v -0.388756 0.065810 0.103586
v -0.374354 0.065146 0.151717
v -0.365351 0.064604 0.175292
v -0.355219 0.064083 0.198269
v -0.343954 0.063611 0.220450
v -0.331540 0.063189 0.241637
v -0.383602 0.089649 0.128442
v -0.390140 0.089993 0.104330
v -0.375843 0.089114 0.152408
v -0.366895 0.088496 0.176021
v -0.356783 0.087890 0.199078
v -0.345503 0.087344 0.221372
v -0.333044 0.086898 0.242702
v -0.383746 0.114065 0.128601
v -0.390199 0.114545 0.104559
v -0.376091 0.113421 0.152527
v -0.367242 0.112706 0.176131
v -0.357205 0.112011 0.199204
v -0.345976 0.111407 0.221539
v -0.333546 0.110960 0.242931
v -0.382651 0.138819 0.128229
v -0.388966 0.139438 0.104298
v -0.375149 0.138048 0.152063
v -0.366453 0.137222 0.175593
v -0.356556 0.136439 0.198610
v -0.345449 0.135788 0.220906
v -0.333121 0.135359 0.242273
v -0.380360 0.163885 0.127331
v -0.386475 0.164645 0.103571
v -0.373070 0.162979 0.151005
v -0.364591 0.162036 0.174383
v -0.354905 0.161165 0.197260
v -0.343995 0.160476 0.219426
v -0.331844 0.160077 0.240675
v -0.376313 -0.004239 0.098017
v -0.369804 -0.004161 0.122398
v -0.361914 -0.004571 0.146334
v -0.352904 -0.005073 0.169634
v -0.342980 -0.005364 0.192117
v -0.332122 -0.005503 0.213609
v -0.320255 -0.005644 0.233945
v -0.307306 -0.005939 0.252954
v -0.311989 0.016536 0.256620
v -0.315515 0.039464 0.259531
v -0.317959 0.062823 0.261631
v -0.319398 0.086588 0.262863
v -0.319906 0.110735 0.263173
v -0.319559 0.135239 0.262503
v -0.318434 0.160077 0.260798
v -0.316605 0.185225 0.258002
v -0.329791 0.185098 0.238086
v -0.341688 0.185459 0.217055
v -0.352322 0.186180 0.195116
v -0.361719 0.187136 0.172476
v -0.369907 0.188199 0.149339
v -0.376912 0.189241 0.125913
v -0.382761 0.190137 0.102404
v -0.377839 0.215843 0.100842
v -0.372331 0.214817 0.124010
v -0.366558 0.240364 0.121780
v -0.371656 0.241524 0.099020
v -0.365690 0.213640 0.147093
v -0.360357 0.239041 0.144446
v -0.357876 0.212458 0.169888
v -0.353006 0.237711 0.166812
v -0.348853 0.211413 0.192190
v -0.344452 0.236532 0.188676
v -0.338581 0.210653 0.213795
v -0.334642 0.235683 0.209836
v -0.327021 0.210325 0.234499
v -0.323520 0.235343 0.230092
v -0.359512 0.265590 0.119412
v -0.364141 0.266894 0.097093
v -0.353827 0.264089 0.141613
v -0.347027 0.262549 0.163485
v -0.339050 0.261145 0.184820
v -0.329820 0.260101 0.205419
v -0.319258 0.259659 0.225085
v -0.351115 0.290201 0.117094
v -0.355222 0.291672 0.095217
v -0.346015 0.288470 0.138812
v -0.339859 0.286628 0.160143
v -0.332576 0.284855 0.180865
v -0.324062 0.283459 0.200782
v -0.314205 0.282778 0.219703
v -0.341288 0.313905 0.115018
v -0.344829 0.315574 0.093547
v -0.336837 0.311880 0.136269
v -0.331416 0.309618 0.157043
v -0.324951 0.307300 0.177095
v -0.317312 0.305338 0.196216
v -0.308352 0.304213 0.214213
v -0.329946 0.336421 0.113386
v -0.332889 0.338317 0.092240
v -0.326195 0.334041 0.134244
v -0.321583 0.331259 0.154527
v -0.316050 0.328233 0.173946
v -0.309499 0.325437 0.192218
v -0.301776 0.323501 0.209078
v -0.317006 0.357467 0.112402
v -0.319331 0.359620 0.091454
v -0.313989 0.354686 0.133009
v -0.310241 0.351307 0.152959
v -0.305735 0.347441 0.171906
v -0.300504 0.343511 0.189402
v -0.294507 0.340202 0.204970
v -0.314135 0.210575 0.254100
v -0.311030 0.235692 0.249243
v -0.307285 0.260057 0.243625
v -0.302893 0.283151 0.237437
v -0.297897 0.304443 0.230899
v -0.292538 0.323356 0.224332
v -0.287199 0.339165 0.218168
v -0.197791 -0.171452 -0.293383
v -0.204657 -0.154116 -0.297756
v -0.190810 -0.157347 -0.308544
v -0.184918 -0.176092 -0.302373
v -0.212795 -0.134102 -0.300987
v -0.197915 -0.136442 -0.313162
v -0.221509 -0.111977 -0.303259
v -0.205643 -0.113750 -0.316512
v -0.230254 -0.088308 -0.304675
v -0.213482 -0.089688 -0.318820
v -0.238633 -0.063669 -0.305391
v -0.221046 -0.064767 -0.320275
v -0.246280 -0.038632 -0.305575
v -0.227984 -0.039527 -0.321060
v -0.175780 -0.161555 -0.318345
v -0.170566 -0.181533 -0.310861
v -0.182055 -0.139694 -0.324116
v -0.188920 -0.116284 -0.328448
v -0.195930 -0.091689 -0.331594
v -0.202732 -0.066374 -0.333758
v -0.208993 -0.040832 -0.335126
v -0.160003 -0.166107 -0.327188
v -0.155333 -0.187062 -0.318713
v -0.165574 -0.143382 -0.333910
v -0.171667 -0.119250 -0.339114
v -0.177915 -0.094088 -0.343030
v -0.183999 -0.068330 -0.345856
v -0.189614 -0.042430 -0.347779
v -0.143893 -0.170521 -0.335066
v -0.139728 -0.192230 -0.325772
v -0.148823 -0.147099 -0.342592
v -0.154209 -0.122352 -0.348556
v -0.159747 -0.096673 -0.353158
v -0.165155 -0.070481 -0.356586
v -0.170152 -0.044200 -0.359025
v -0.127789 -0.174626 -0.341979
v -0.124109 -0.196907 -0.332000
v -0.132125 -0.150663 -0.350185
v -0.136859 -0.125416 -0.356798
v -0.141736 -0.099287 -0.362000
v -0.146504 -0.072687 -0.365966
v -0.150915 -0.046027 -0.368872
v -0.112012 -0.178332 -0.347936
v -0.108793 -0.201042 -0.337391
v -0.115797 -0.153949 -0.356704
v -0.119928 -0.128298 -0.363863
v -0.124187 -0.101784 -0.369575
v -0.128354 -0.074813 -0.374008
v -0.132210 -0.047792 -0.377324
v -0.252832 -0.013769 -0.305399
v -0.233944 -0.014502 -0.321356
v -0.214381 -0.015555 -0.335887
v -0.194451 -0.016838 -0.348989
v -0.174461 -0.018256 -0.360659
v -0.154721 -0.019717 -0.370893
v -0.135538 -0.021128 -0.379689
v -0.117220 -0.022397 -0.387044
v -0.114343 -0.049381 -0.384389
v -0.111009 -0.076723 -0.380727
v -0.107407 -0.104016 -0.375906
v -0.103726 -0.130855 -0.369770
v -0.100155 -0.156833 -0.362167
v -0.096883 -0.181545 -0.352940
v -0.094100 -0.204584 -0.341938
v -0.257999 0.010457 -0.304989
v -0.261780 0.034036 -0.304309
v -0.242083 0.033603 -0.320865
v -0.238644 0.009877 -0.321302
v -0.264250 0.057066 -0.303281
v -0.244330 0.056778 -0.319971
v -0.265482 0.079649 -0.301825
v -0.245456 0.079503 -0.318545
v -0.265549 0.101885 -0.299864
v -0.245529 0.101879 -0.316512
v -0.264525 0.123873 -0.297320
v -0.244620 0.124006 -0.313796
v -0.262482 0.145713 -0.294113
v -0.242798 0.145985 -0.310323
v -0.221739 0.033029 -0.335995
v -0.218630 0.009064 -0.336187
v -0.223775 0.056441 -0.335240
v -0.224805 0.079402 -0.333849
v -0.224894 0.102014 -0.331749
v -0.224110 0.124379 -0.328868
v -0.222517 0.146598 -0.325134
v -0.201059 0.032358 -0.349681
v -0.198265 0.008088 -0.349633
v -0.202895 0.056074 -0.349065
v -0.203837 0.079340 -0.347712
v -0.203949 0.102258 -0.345553
v -0.203293 0.124932 -0.342516
v -0.201933 0.147463 -0.338530
v -0.180352 0.031632 -0.361908
v -0.177860 0.007016 -0.361629
v -0.181998 0.055694 -0.361426
v -0.182859 0.079307 -0.360114
v -0.182995 0.102576 -0.357901
v -0.182467 0.125603 -0.354718
v -0.181335 0.148494 -0.350494
v -0.159928 0.030894 -0.372657
v -0.157723 0.005917 -0.372164
v -0.161393 0.055320 -0.372302
v -0.162177 0.079298 -0.371029
v -0.162337 0.102934 -0.368769
v -0.161930 0.126334 -0.365454
v -0.161014 0.149602 -0.361013
v -0.140096 0.030189 -0.381912
v -0.138163 0.004859 -0.381229
v -0.141389 0.054968 -0.381670
v -0.142098 0.079303 -0.380435
v -0.142277 0.103299 -0.378135
v -0.141980 0.127063 -0.374703
v -0.141262 0.150699 -0.370068
v -0.259495 0.167506 -0.290167
v -0.240132 0.167918 -0.306019
v -0.220184 0.168773 -0.320474
v -0.199932 0.169956 -0.333524
v -0.179659 0.171351 -0.345161
v -0.159647 0.172843 -0.355377
v -0.140177 0.174316 -0.364163
v -0.121531 0.175654 -0.371511
v -0.122370 0.151699 -0.377646
v -0.122917 0.127729 -0.382444
v -0.123120 0.103637 -0.385975
v -0.122930 0.079315 -0.388308
v -0.122295 0.054659 -0.389512
v -0.121165 0.029559 -0.389656
v -0.119491 0.003909 -0.388811
v -0.255662 0.189283 -0.285423
v -0.251179 0.210799 -0.279917
v -0.232764 0.211536 -0.294747
v -0.236719 0.189841 -0.300824
v -0.246269 0.231744 -0.273703
v -0.228499 0.232720 -0.287813
v -0.241154 0.251803 -0.266836
v -0.224154 0.253110 -0.280045
v -0.236090 0.270647 -0.259378
v -0.220002 0.272430 -0.271448
v -0.231476 0.287873 -0.251418
v -0.216473 0.290433 -0.261941
v -0.227887 0.303062 -0.242947
v -0.214100 0.306897 -0.251363
v -0.213775 0.212934 -0.308182
v -0.217202 0.190949 -0.314828
v -0.210131 0.234483 -0.300535
v -0.206501 0.255345 -0.291886
v -0.203144 0.275288 -0.282210
v -0.200445 0.294131 -0.271384
v -0.198824 0.311708 -0.259255
v -0.194468 0.214810 -0.320242
v -0.197380 0.192460 -0.327437
v -0.191412 0.236789 -0.311921
v -0.188430 0.258180 -0.302455
v -0.185755 0.278773 -0.291812
v -0.183689 0.298393 -0.279904
v -0.182549 0.316871 -0.266629
v -0.175102 0.216979 -0.330947
v -0.177524 0.194229 -0.338656
v -0.172589 0.239404 -0.322013
v -0.170180 0.261305 -0.311830
v -0.168078 0.282486 -0.300368
v -0.166515 0.302768 -0.287575
v -0.165729 0.321972 -0.273393
v -0.155938 0.219272 -0.340310
v -0.157905 0.196113 -0.348485
v -0.153915 0.242131 -0.330833
v -0.152005 0.264501 -0.320035
v -0.150379 0.286192 -0.307895
v -0.149215 0.307021 -0.294385
v -0.148696 0.326805 -0.279476
v -0.137237 0.221520 -0.348340
v -0.138793 0.197969 -0.356927
v -0.135647 0.244783 -0.338394
v -0.134163 0.267571 -0.327080
v -0.132925 0.289697 -0.314386
v -0.132075 0.310975 -0.300302
v -0.131753 0.331218 -0.284819
v -0.115203 0.335058 -0.289357
v -0.115381 0.314451 -0.305295
v -0.115987 0.292809 -0.319834
v -0.116910 0.270321 -0.332973
v -0.118038 0.247173 -0.344712
v -0.119258 0.223555 -0.355049
v -0.120460 0.199652 -0.363982
v -0.277558 0.342188 0.229095
v -0.281481 0.325686 0.237913
v -0.268631 0.329868 0.250203
v -0.265549 0.347651 0.239086
v -0.285819 0.306386 0.246151
v -0.272185 0.309714 0.260099
v -0.290054 0.284806 0.253841
v -0.275773 0.287537 0.268957
v -0.293856 0.261458 0.260880
v -0.279067 0.263718 0.276856
v -0.297148 0.236853 0.267127
v -0.281970 0.238722 0.283726
v -0.299910 0.211505 0.272429
v -0.284443 0.213035 0.289461
v -0.254113 0.335022 0.261629
v -0.251491 0.353960 0.248826
v -0.257113 0.313940 0.272926
v -0.260179 0.291026 0.282875
v -0.263049 0.266617 0.291596
v -0.265627 0.241138 0.299060
v -0.267857 0.215038 0.305207
v -0.238093 0.340539 0.272357
v -0.235701 0.360413 0.258319
v -0.240724 0.318609 0.284780
v -0.243395 0.294957 0.295684
v -0.245932 0.269934 0.305143
v -0.248246 0.243940 0.313150
v -0.250274 0.217387 0.319678
v -0.220764 0.345952 0.282450
v -0.218488 0.366558 0.267445
v -0.223161 0.323327 0.295770
v -0.225560 0.299043 0.307453
v -0.227850 0.273462 0.317533
v -0.229957 0.246969 0.326012
v -0.231817 0.219957 0.332885
v -0.202382 0.351083 0.291830
v -0.200167 0.372250 0.276053
v -0.204634 0.327912 0.305864
v -0.206850 0.303107 0.318171
v -0.208957 0.277039 0.328767
v -0.210896 0.250084 0.337655
v -0.212610 0.222623 0.344838
v -0.183222 0.355831 0.300386
v -0.181050 0.377420 0.283984
v -0.185371 0.332235 0.314993
v -0.187449 0.307005 0.327809
v -0.189406 0.280517 0.338839
v -0.191198 0.253144 0.348083
v -0.192777 0.225263 0.355545
v -0.302126 0.185928 0.276634
v -0.286447 0.187142 0.293954
v -0.269684 0.188764 0.309973
v -0.251951 0.190689 0.324700
v -0.233365 0.192814 0.338144
v -0.214042 0.195035 0.350316
v -0.194097 0.197248 0.361225
v -0.173647 0.199350 0.370880
v -0.172442 0.227752 0.365016
v -0.171000 0.256009 0.357302
v -0.169355 0.283747 0.347742
v -0.167544 0.310591 0.336337
v -0.165599 0.336165 0.323090
v -0.163557 0.360094 0.308004
v -0.161451 0.382003 0.291080
v -0.303769 0.160554 0.279625
v -0.304774 0.135494 0.281425
v -0.288849 0.136085 0.299013
v -0.287938 0.161455 0.297127
v -0.305066 0.110780 0.282094
v -0.289107 0.111072 0.299671
v -0.304570 0.086443 0.281689
v -0.288640 0.086453 0.299159
v -0.303213 0.062515 0.280270
v -0.287376 0.062266 0.297539
v -0.300919 0.039027 0.277894
v -0.285242 0.038550 0.294869
v -0.297615 0.016010 0.274620
v -0.282165 0.015342 0.291209
v -0.271888 0.136951 0.315278
v -0.271050 0.162698 0.313317
v -0.272129 0.111568 0.315916
v -0.271703 0.086594 0.315290
v -0.270541 0.062074 0.313460
v -0.268572 0.038051 0.310486
v -0.265729 0.014571 0.306427
v -0.253996 0.138029 0.330230
v -0.253214 0.164199 0.328202
v -0.254232 0.112228 0.330842
v -0.253856 0.086847 0.330098
v -0.252801 0.061938 0.328055
v -0.251003 0.037551 0.324774
v -0.248395 0.013737 0.320311
v -0.235276 0.139256 0.343881
v -0.234539 0.165876 0.341794
v -0.235515 0.113008 0.344463
v -0.235193 0.087191 0.343599
v -0.234250 0.061859 0.341345
v -0.232623 0.037069 0.337761
v -0.230252 0.012877 0.332902
v -0.215833 0.140570 0.356241
v -0.215136 0.167646 0.354101
v -0.216078 0.113868 0.356791
v -0.215812 0.087602 0.355810
v -0.214981 0.061834 0.353353
v -0.213525 0.036623 0.349477
v -0.211389 0.012032 0.344239
v -0.195770 0.141908 0.367321
v -0.195112 0.169425 0.365134
v -0.196020 0.114766 0.367839
v -0.195809 0.088062 0.366746
v -0.195086 0.061863 0.364098
v -0.193799 0.036234 0.359951
v -0.191896 0.011240 0.354361
v -0.293225 -0.006505 0.270508
v -0.278074 -0.007319 0.286620
v -0.261940 -0.008321 0.301342
v -0.244911 -0.009455 0.314728
v -0.227073 -0.010660 0.326829
v -0.208516 -0.011878 0.337696
v -0.189326 -0.013051 0.347383
v -0.169590 -0.014120 0.355941
v -0.171861 0.010542 0.363306
v -0.173535 0.035920 0.369212
v -0.174659 0.061945 0.373604
v -0.175279 0.088548 0.376425
v -0.175441 0.115659 0.377620
v -0.175192 0.143209 0.377131
v -0.174578 0.171129 0.374903
v -0.287721 -0.028446 0.265643
v -0.281260 -0.049582 0.260232
v -0.266934 -0.050622 0.275015
v -0.272943 -0.029366 0.281175
v -0.274043 -0.069642 0.254505
v -0.260257 -0.070879 0.268296
v -0.266273 -0.088354 0.248697
v -0.253123 -0.089930 0.261172
v -0.258210 -0.105468 0.242957
v -0.245784 -0.107594 0.253734
v -0.250349 -0.120815 0.237104
v -0.238673 -0.123801 0.245806
v -0.243344 -0.134219 0.230833
v -0.232302 -0.138509 0.237119
v -0.251617 -0.052040 0.288381
v -0.257183 -0.030567 0.295298
v -0.245448 -0.072601 0.280685
v -0.238881 -0.092111 0.272303
v -0.232152 -0.110453 0.263285
v -0.225607 -0.127600 0.253500
v -0.219628 -0.143550 0.242771
v -0.235399 -0.053723 0.300421
v -0.240528 -0.031967 0.308081
v -0.229716 -0.074641 0.291800
v -0.223674 -0.094638 0.282268
v -0.217482 -0.113645 0.271853
v -0.211409 -0.131644 0.260484
v -0.205738 -0.148629 0.248072
v -0.218370 -0.055563 0.311227
v -0.223067 -0.033488 0.319592
v -0.213162 -0.076840 0.301762
v -0.207620 -0.097278 0.291226
v -0.201930 -0.116837 0.279639
v -0.196302 -0.135503 0.266979
v -0.190950 -0.153264 0.253216
v -0.200618 -0.057466 0.320879
v -0.204884 -0.035053 0.329900
v -0.195878 -0.079095 0.310658
v -0.190824 -0.099919 0.299262
v -0.185617 -0.119920 0.286712
v -0.180428 -0.139085 0.273016
v -0.175426 -0.157402 0.258183
v -0.182231 -0.059342 0.329456
v -0.186068 -0.036585 0.339070
v -0.177956 -0.081310 0.318571
v -0.173382 -0.102480 0.306444
v -0.168652 -0.122841 0.293104
v -0.163906 -0.142384 0.278580
v -0.159287 -0.161100 0.262899
v -0.301432 -0.027886 0.248634
v -0.294504 -0.049033 0.243937
v -0.286703 -0.069061 0.239186
v -0.278206 -0.087647 0.234701
v -0.269255 -0.104497 0.230703
v -0.260330 -0.119406 0.226992
v -0.252074 -0.132057 0.223366
v -0.246075 -0.140786 0.220373
v -0.238370 -0.145403 0.223554
v -0.227322 -0.151694 0.227293
v -0.214612 -0.158305 0.230906
v -0.200753 -0.164594 0.234523
v -0.186092 -0.170109 0.238318
v -0.170784 -0.174861 0.242217
v -0.154936 -0.178979 0.246088
v -0.142654 -0.164412 0.267290
v -0.146858 -0.145396 0.283654
v -0.151145 -0.125549 0.298850
v -0.155395 -0.104879 0.312839
v -0.159485 -0.083394 0.325581
v -0.163295 -0.061101 0.337038
v -0.166704 -0.038007 0.347171
v -0.195926 -0.245922 -0.033130
v -0.194592 -0.238427 -0.032254
v -0.199889 -0.236014 -0.039741
v -0.200932 -0.244335 -0.040580
v -0.192177 -0.229947 -0.030712
v -0.197536 -0.227084 -0.037982
v -0.189108 -0.220634 -0.028701
v -0.194360 -0.217612 -0.035557
v -0.185783 -0.210717 -0.026292
v -0.190829 -0.207736 -0.032643
v -0.182599 -0.200589 -0.023475
v -0.187388 -0.197779 -0.029303
v -0.179949 -0.190684 -0.020219
v -0.184476 -0.188106 -0.025567
v -0.205777 -0.233025 -0.046925
v -0.206793 -0.241855 -0.048192
v -0.203321 -0.223788 -0.044704
v -0.199941 -0.214233 -0.041769
v -0.196149 -0.204487 -0.038327
v -0.192425 -0.194804 -0.034483
v -0.189245 -0.185471 -0.030315
v -0.212410 -0.229050 -0.053594
v -0.213722 -0.237965 -0.055544
v -0.209624 -0.219810 -0.050764
v -0.205903 -0.210395 -0.047271
v -0.201777 -0.200969 -0.043314
v -0.197748 -0.191728 -0.039022
v -0.194310 -0.182877 -0.034502
v -0.219877 -0.223822 -0.059505
v -0.221853 -0.232367 -0.062192
v -0.216498 -0.214967 -0.056029
v -0.212265 -0.206016 -0.051979
v -0.207718 -0.197172 -0.047555
v -0.203358 -0.188587 -0.042900
v -0.199677 -0.180400 -0.038144
v -0.228025 -0.217458 -0.064378
v -0.230965 -0.225242 -0.067739
v -0.223828 -0.209322 -0.060303
v -0.218925 -0.201103 -0.055742
v -0.213853 -0.193046 -0.050913
v -0.209100 -0.185315 -0.045993
v -0.205155 -0.178024 -0.041145
v -0.236638 -0.210173 -0.067924
v -0.240750 -0.216890 -0.071793
v -0.231460 -0.202999 -0.063374
v -0.225750 -0.195683 -0.058393
v -0.220030 -0.188528 -0.053233
v -0.214769 -0.181782 -0.048132
v -0.210457 -0.175638 -0.043335
v -0.192494 -0.252133 -0.027283
v -0.191568 -0.247640 -0.026087
v -0.195585 -0.252495 -0.032583
v -0.189719 -0.240842 -0.024584
v -0.187150 -0.232648 -0.022998
v -0.184134 -0.223402 -0.021270
v -0.180979 -0.213428 -0.019303
v -0.178022 -0.203170 -0.016992
v -0.175611 -0.193104 -0.014231
v -0.174093 -0.183704 -0.010914
v -0.178227 -0.181434 -0.016496
v -0.182531 -0.179085 -0.021467
v -0.187082 -0.176776 -0.025901
v -0.191955 -0.174623 -0.029866
v -0.197172 -0.172734 -0.033414
v -0.202551 -0.171181 -0.036516
v -0.207771 -0.170025 -0.039098
v -0.211769 -0.169364 -0.040838
v -0.215073 -0.172728 -0.044270
v -0.220107 -0.177719 -0.049063
v -0.226092 -0.183535 -0.054345
v -0.232606 -0.189786 -0.059765
v -0.239239 -0.196120 -0.065030
v -0.245504 -0.202181 -0.069857
v -0.250899 -0.207613 -0.073966
v -0.243260 -0.222838 -0.074728
v -0.254922 -0.212060 -0.077078
v -0.232100 -0.232407 -0.070158
v -0.221876 -0.240387 -0.063877
v -0.213022 -0.246401 -0.056394
v -0.205842 -0.250201 -0.048242
v -0.200123 -0.252080 -0.040060
v -0.316292 -0.107846 0.056223
v -0.306934 -0.108349 0.051542
v -0.304166 -0.108090 0.063281
v -0.313124 -0.107677 0.069379
v -0.296806 -0.108200 0.047296
v -0.294329 -0.107865 0.057794
v -0.286446 -0.107656 0.043563
v -0.284134 -0.107253 0.052928
v -0.276375 -0.106962 0.040380
v -0.274075 -0.106498 0.048654
v -0.267053 -0.106327 0.037641
v -0.264562 -0.105822 0.044791
v -0.258925 -0.105949 0.035132
v -0.255970 -0.105437 0.041089
v -0.300696 -0.108707 0.074149
v -0.309136 -0.108529 0.081287
v -0.291237 -0.108295 0.067740
v -0.281253 -0.107525 0.061998
v -0.271217 -0.106629 0.056836
v -0.261535 -0.105836 0.052071
v -0.252593 -0.105375 0.047495
v -0.296659 -0.110017 0.083839
v -0.304515 -0.110162 0.091509
v -0.287648 -0.109361 0.076937
v -0.277944 -0.108392 0.070669
v -0.268001 -0.107316 0.064899
v -0.258249 -0.106369 0.059488
v -0.249114 -0.105798 0.054296
v -0.292208 -0.111837 0.092154
v -0.299469 -0.112327 0.099748
v -0.283686 -0.110936 0.085256
v -0.274334 -0.109772 0.078863
v -0.264586 -0.108516 0.072807
v -0.254894 -0.107409 0.067001
v -0.245712 -0.106715 0.061382
v -0.287554 -0.114001 0.099332
v -0.294272 -0.114737 0.106281
v -0.279490 -0.112918 0.092841
v -0.270502 -0.111588 0.086607
v -0.261007 -0.110165 0.080492
v -0.251466 -0.108902 0.074476
v -0.242346 -0.108080 0.068568
v -0.282942 -0.116365 0.105763
v -0.289273 -0.117127 0.111607
v -0.275211 -0.115211 0.099909
v -0.266516 -0.113762 0.093953
v -0.257266 -0.112195 0.087882
v -0.247915 -0.110786 0.081756
v -0.238924 -0.109835 0.075651
v -0.326766 -0.108012 0.045374
v -0.318451 -0.109278 0.042258
v -0.324343 -0.106437 0.061264
v -0.308865 -0.109670 0.039238
v -0.298550 -0.109434 0.036443
v -0.288051 -0.108818 0.034005
v -0.277902 -0.108057 0.032029
v -0.268594 -0.107341 0.030521
v -0.260670 -0.106833 0.029461
v -0.255341 -0.106628 0.028869
v -0.252424 -0.106030 0.032252
v -0.248645 -0.105558 0.037161
v -0.244772 -0.105475 0.042879
v -0.241021 -0.105847 0.049180
v -0.237495 -0.106695 0.055885
v -0.234116 -0.107979 0.062779
v -0.230757 -0.109640 0.069643
v -0.227294 -0.111620 0.076255
v -0.235354 -0.111918 0.082426
v -0.244189 -0.112999 0.088685
v -0.253365 -0.114539 0.094904
v -0.262443 -0.116217 0.100951
v -0.271005 -0.117730 0.106695
v -0.278689 -0.118846 0.112006
v -0.285106 -0.119388 0.116689
v -0.293584 -0.117687 0.117873
v -0.289351 -0.119389 0.120014
v -0.299186 -0.115118 0.114028
v -0.305034 -0.112272 0.108251
v -0.310756 -0.109602 0.100081
v -0.316065 -0.107529 0.089217
v -0.320685 -0.106375 0.076078
v -0.231983 -0.167227 0.158951
v -0.227647 -0.162981 0.152577
v -0.220020 -0.170235 0.152076
v -0.223364 -0.175427 0.158231
v -0.222641 -0.158377 0.145643
v -0.215849 -0.164807 0.145258
v -0.217371 -0.153682 0.138437
v -0.211271 -0.159357 0.138056
v -0.212235 -0.149143 0.131245
v -0.206701 -0.154076 0.130735
v -0.207600 -0.144925 0.124336
v -0.202524 -0.149058 0.123511
v -0.203854 -0.141125 0.117973
v -0.199125 -0.144348 0.116580
v -0.212690 -0.177303 0.150435
v -0.215197 -0.183253 0.156248
v -0.209225 -0.171202 0.143831
v -0.205230 -0.165102 0.136700
v -0.201129 -0.159145 0.129291
v -0.197317 -0.153418 0.121811
v -0.194180 -0.147992 0.114450
v -0.205865 -0.183930 0.147730
v -0.207769 -0.190362 0.153105
v -0.202928 -0.177396 0.141429
v -0.199387 -0.170841 0.134450
v -0.195669 -0.164356 0.127034
v -0.192168 -0.158063 0.119399
v -0.189276 -0.152094 0.111760
v -0.199710 -0.189931 0.144070
v -0.201300 -0.196484 0.148953
v -0.197086 -0.183272 0.138135
v -0.193857 -0.176514 0.131386
v -0.190443 -0.169700 0.124058
v -0.187228 -0.163000 0.116383
v -0.184590 -0.156614 0.108591
v -0.194202 -0.195393 0.139690
v -0.195747 -0.201647 0.144149
v -0.191699 -0.188895 0.134088
v -0.188660 -0.182122 0.127580
v -0.185483 -0.175128 0.120389
v -0.182527 -0.168140 0.112751
v -0.180143 -0.161430 0.104902
v -0.189272 -0.200516 0.134866
v -0.191010 -0.206042 0.139129
v -0.186736 -0.194381 0.129441
v -0.183792 -0.187683 0.123098
v -0.180794 -0.180580 0.116031
v -0.178065 -0.173373 0.108462
v -0.175921 -0.166397 0.100620
v -0.245294 -0.161377 0.163959
v -0.240770 -0.158998 0.158308
v -0.235245 -0.170849 0.164476
v -0.235360 -0.155793 0.151863
v -0.229441 -0.152074 0.144916
v -0.223392 -0.148151 0.137759
v -0.217577 -0.144324 0.130687
v -0.212312 -0.140852 0.124009
v -0.207926 -0.137993 0.118098
v -0.205061 -0.136172 0.113943
v -0.201552 -0.137563 0.112380
v -0.196931 -0.139885 0.110100
v -0.192114 -0.142925 0.107395
v -0.187383 -0.146580 0.104327
v -0.182904 -0.150745 0.100912
v -0.178681 -0.155268 0.097079
v -0.174679 -0.159989 0.092732
v -0.170862 -0.164746 0.087781
v -0.171909 -0.171372 0.095673
v -0.173843 -0.178585 0.103476
v -0.176384 -0.185995 0.110988
v -0.179250 -0.193213 0.118009
v -0.182163 -0.199869 0.124353
v -0.184843 -0.205672 0.129893
v -0.187014 -0.210332 0.134476
v -0.191375 -0.211324 0.141709
v -0.188335 -0.213272 0.137531
v -0.195857 -0.207845 0.147144
v -0.201421 -0.202944 0.152537
v -0.208207 -0.196609 0.157306
v -0.216316 -0.188897 0.161009
v -0.225457 -0.180166 0.163446
v -0.183567 -0.215451 0.130480
v -0.180833 -0.211173 0.124930
v -0.177154 -0.216939 0.119550
v -0.180236 -0.221269 0.126055
v -0.177956 -0.205458 0.118916
v -0.174128 -0.211081 0.112960
v -0.175041 -0.198713 0.112363
v -0.171216 -0.204127 0.106127
v -0.172272 -0.191316 0.105277
v -0.168532 -0.196499 0.098959
v -0.169881 -0.183682 0.097784
v -0.166269 -0.188637 0.091510
v -0.168115 -0.176239 0.090035
v -0.164642 -0.180990 0.083869
v -0.173740 -0.222792 0.113220
v -0.176866 -0.227426 0.120274
v -0.170701 -0.216628 0.106257
v -0.167836 -0.209383 0.099254
v -0.165251 -0.201503 0.092107
v -0.163116 -0.193440 0.084810
v -0.161616 -0.185646 0.077384
v -0.170635 -0.228581 0.105562
v -0.173588 -0.233704 0.112645
v -0.167715 -0.221992 0.098597
v -0.164963 -0.214407 0.091692
v -0.162519 -0.206288 0.084793
v -0.160533 -0.198081 0.077842
v -0.159162 -0.190226 0.070787
v -0.167933 -0.234148 0.096339
v -0.170598 -0.239904 0.102892
v -0.165226 -0.227056 0.089838
v -0.162661 -0.219111 0.083417
v -0.160410 -0.210787 0.077079
v -0.158609 -0.202513 0.070735
v -0.157383 -0.194710 0.064270
v -0.165815 -0.239286 0.085735
v -0.168158 -0.245745 0.091283
v -0.163358 -0.231652 0.080100
v -0.161007 -0.223335 0.074490
v -0.158963 -0.214817 0.068983
v -0.157354 -0.206534 0.063517
v -0.156282 -0.198906 0.057954
v -0.164487 -0.243777 0.074040
v -0.166545 -0.250930 0.078228
v -0.162250 -0.235604 0.069565
v -0.160081 -0.226904 0.064999
v -0.158203 -0.218168 0.060509
v -0.156751 -0.209873 0.056153
v -0.155821 -0.202502 0.051882
v -0.186384 -0.217638 0.135954
v -0.167222 -0.169413 0.082186
v -0.163867 -0.174005 0.076128
v -0.160934 -0.178572 0.069845
v -0.158558 -0.183163 0.063572
v -0.156851 -0.187794 0.057545
v -0.155824 -0.192339 0.051995
v -0.155440 -0.196577 0.047200
v -0.155514 -0.199731 0.043901
v -0.155863 -0.204772 0.045739
v -0.156749 -0.212137 0.048469
v -0.158150 -0.220611 0.051642
v -0.159963 -0.229640 0.055031
v -0.162042 -0.238733 0.058418
v -0.164153 -0.247402 0.061543
v -0.166038 -0.255161 0.064133
v -0.168181 -0.256567 0.081933
v -0.167436 -0.261523 0.065916
v -0.170168 -0.250535 0.096631
v -0.173039 -0.243840 0.109469
v -0.176436 -0.236895 0.119905
v -0.180007 -0.230073 0.127565
v -0.183433 -0.223573 0.132757
v -0.262650 -0.200410 -0.133954
v -0.267222 -0.200672 -0.116570
v -0.286635 -0.178030 -0.110706
v -0.281918 -0.177689 -0.128574
v -0.270889 -0.200645 -0.101694
v -0.290228 -0.178393 -0.095146
v -0.273254 -0.200774 -0.090532
v -0.291845 -0.179705 -0.083822
v -0.305632 -0.153621 -0.102933
v -0.300637 -0.153317 -0.122016
v -0.309560 -0.154064 -0.085270
v -0.310705 -0.156606 -0.072291
v -0.270637 -0.201772 -0.078601
v -0.283361 -0.188125 -0.075400
v -0.287771 -0.185823 -0.076080
v -0.273091 -0.201874 -0.080407
v -0.294525 -0.175317 -0.070280
v -0.300916 -0.170465 -0.069285
v -0.303207 -0.164443 -0.063981
v -0.310926 -0.157857 -0.061248
v -0.290838 -0.182559 -0.078079
v -0.273986 -0.201336 -0.083834
v -0.306826 -0.163482 -0.068661
v -0.319343 -0.147599 -0.057031
v -0.311454 -0.146321 -0.044210
v -0.317461 -0.141245 -0.038886
v -0.318371 -0.144598 -0.045588
v -0.311307 -0.150498 -0.050459
v -0.322975 -0.134998 -0.030835
v -0.325004 -0.137020 -0.037781
v -0.327698 -0.128117 -0.019679
v -0.330896 -0.128453 -0.025998
v -0.316523 -0.149605 -0.053163
v -0.308709 -0.156313 -0.057208
v -0.324504 -0.140142 -0.046431
v -0.332529 -0.128314 -0.034572
v -0.334418 -0.109280 0.029872
v -0.340087 -0.105323 0.030700
v -0.338842 -0.111695 0.009942
v -0.333637 -0.114667 0.011637
v -0.345613 -0.098432 0.031889
v -0.343861 -0.105877 0.008449
v -0.351909 -0.087542 0.033902
v -0.350053 -0.095342 0.008492
v -0.335650 -0.119698 -0.009581
v -0.331328 -0.121144 -0.005239
v -0.339405 -0.116097 -0.014692
v -0.344813 -0.106886 -0.018070
v -0.376589 -0.030631 0.044963
v -0.377262 -0.034471 0.019891
v -0.367913 -0.057759 0.015344
v -0.368115 -0.052569 0.040928
v -0.376373 -0.038609 -0.004877
v -0.365857 -0.063754 -0.010143
v -0.374288 -0.042223 -0.029027
v -0.362659 -0.068969 -0.034864
v -0.358395 -0.078761 0.011110
v -0.359601 -0.071958 0.037051
v -0.354625 -0.087691 -0.015401
v -0.349317 -0.096230 -0.041547
v -0.362438 -0.046418 -0.097364
v -0.349530 -0.073781 -0.102614
v -0.354648 -0.073418 -0.080684
v -0.367384 -0.045967 -0.075016
v -0.334769 -0.100987 -0.108564
v -0.340019 -0.100858 -0.087203
v -0.318385 -0.127632 -0.115106
v -0.323615 -0.127769 -0.094669
v -0.358949 -0.072056 -0.058270
v -0.371300 -0.044650 -0.052339
v -0.344661 -0.099859 -0.065235
v -0.328186 -0.127642 -0.074019
v -0.332157 -0.127675 -0.050085
v -0.243223 -0.221152 -0.137409
v -0.247742 -0.221305 -0.119736
v -0.251687 -0.220824 -0.104539
v -0.254827 -0.219973 -0.092945
v -0.266613 -0.200511 -0.076869
v -0.257189 -0.215277 -0.079208
v -0.277694 -0.188863 -0.074446
v -0.287486 -0.177842 -0.070322
v -0.295311 -0.168178 -0.065009
v -0.257789 -0.217461 -0.081562
v -0.256932 -0.218924 -0.085641
v -0.305304 -0.146438 -0.042498
v -0.309232 -0.143396 -0.039080
v -0.305132 -0.149603 -0.046876
v -0.314126 -0.138751 -0.033305
v -0.318770 -0.133249 -0.025306
v -0.322705 -0.127321 -0.014856
v -0.303798 -0.154332 -0.052790
v -0.300672 -0.160411 -0.059010
v -0.333491 -0.105522 0.048490
v -0.327744 -0.111269 0.029040
v -0.339208 -0.101059 0.051663
v -0.344726 -0.093773 0.054987
v -0.350854 -0.082813 0.058555
v -0.327322 -0.115878 0.013026
v -0.325606 -0.121381 -0.001871
v -0.374038 -0.027813 0.070072
v -0.366115 -0.048967 0.066327
v -0.358142 -0.067641 0.062402
v -0.116640 -0.309756 -0.133996
v -0.119303 -0.310685 -0.106437
v -0.136078 -0.303128 -0.106506
v -0.133103 -0.302277 -0.133617
v -0.121565 -0.310315 -0.078105
v -0.138538 -0.302821 -0.078441
v -0.123092 -0.308806 -0.049152
v -0.139765 -0.301641 -0.049534
v -0.153668 -0.294074 -0.107197
v -0.150291 -0.293320 -0.133663
v -0.156572 -0.293812 -0.079418
v -0.157487 -0.293110 -0.050038
v -0.124352 -0.296907 0.038588
v -0.137804 -0.291757 0.038430
v -0.138258 -0.296629 0.009516
v -0.123911 -0.302376 0.009614
v -0.149635 -0.286624 0.038796
v -0.151308 -0.290711 0.010168
v -0.158857 -0.281970 0.040035
v -0.161478 -0.285321 0.012588
v -0.139328 -0.299735 -0.020015
v -0.123707 -0.306239 -0.019779
v -0.154589 -0.292597 -0.019637
v -0.166994 -0.285875 -0.016349
v -0.168708 -0.270299 0.047580
v -0.170955 -0.272591 0.028610
v -0.170288 -0.276993 0.023312
v -0.167791 -0.274412 0.045085
v -0.174465 -0.273050 0.010956
v -0.174467 -0.277402 0.002779
v -0.178920 -0.271647 -0.004115
v -0.179943 -0.275546 -0.014220
v -0.167533 -0.280953 0.017423
v -0.164754 -0.278069 0.042324
v -0.172730 -0.281249 -0.007240
v -0.180276 -0.278480 -0.027837
v -0.193019 -0.258459 -0.029523
v -0.197096 -0.259273 -0.037720
v -0.192232 -0.265817 -0.033183
v -0.188869 -0.263879 -0.023913
v -0.202511 -0.258032 -0.046831
v -0.196838 -0.265486 -0.043805
v -0.209842 -0.254304 -0.056034
v -0.203998 -0.262015 -0.054776
v -0.186186 -0.271469 -0.025859
v -0.183933 -0.268443 -0.015630
v -0.189078 -0.272600 -0.038579
v -0.195125 -0.270106 -0.053022
v -0.243788 -0.227774 -0.076771
v -0.242569 -0.231757 -0.079143
v -0.227983 -0.244330 -0.073439
v -0.231034 -0.238749 -0.071681
v -0.240006 -0.234906 -0.083385
v -0.223439 -0.249175 -0.077044
v -0.236566 -0.237291 -0.091140
v -0.218394 -0.252920 -0.084943
v -0.214697 -0.254727 -0.065002
v -0.219501 -0.247760 -0.064549
v -0.207712 -0.261471 -0.066678
v -0.200092 -0.267138 -0.073698
v -0.223964 -0.239667 -0.138475
v -0.204981 -0.256014 -0.137736
v -0.209339 -0.256192 -0.117290
v -0.228435 -0.239775 -0.119801
v -0.186331 -0.270327 -0.136066
v -0.190460 -0.270703 -0.113173
v -0.168075 -0.282722 -0.134446
v -0.171866 -0.283323 -0.109288
v -0.213723 -0.255220 -0.098923
v -0.232662 -0.238942 -0.103571
v -0.194728 -0.269884 -0.091105
v -0.175557 -0.282884 -0.082921
v -0.179259 -0.281113 -0.050980
v -0.125603 -0.289553 0.066735
v -0.138610 -0.284802 0.066360
v -0.149922 -0.280166 0.066157
v -0.158689 -0.276074 0.066207
v -0.168187 -0.265052 0.049182
v -0.168023 -0.266201 0.066725
v -0.170266 -0.267057 0.032562
v -0.173400 -0.267507 0.016947
v -0.177316 -0.266367 0.003226
v -0.167203 -0.269711 0.066808
v -0.164312 -0.272764 0.066517
v -0.189939 -0.255649 -0.023161
v -0.186086 -0.259924 -0.016614
v -0.181702 -0.263696 -0.007915
v -0.128061 -0.280142 0.093716
v -0.131494 -0.268904 0.119443
v -0.144883 -0.264330 0.118539
v -0.141033 -0.275597 0.093063
v -0.135498 -0.256176 0.143881
v -0.149717 -0.251342 0.142796
v -0.139611 -0.242326 0.166973
v -0.154641 -0.237236 0.165655
v -0.156658 -0.259992 0.117264
v -0.152264 -0.271276 0.092250
v -0.162919 -0.246438 0.141396
v -0.169683 -0.231323 0.164472
v -0.150942 -0.196017 0.228158
v -0.166607 -0.191472 0.225103
v -0.162735 -0.207331 0.206723
v -0.147182 -0.212237 0.209047
v -0.181864 -0.186073 0.222224
v -0.178082 -0.201375 0.204754
v -0.196644 -0.179580 0.219745
v -0.193224 -0.193813 0.203643
v -0.158898 -0.222554 0.186946
v -0.143474 -0.227665 0.188677
v -0.174374 -0.216311 0.185637
v -0.190190 -0.207650 0.185934
v -0.236474 -0.154373 0.214488
v -0.236289 -0.161947 0.204259
v -0.222541 -0.173423 0.204170
v -0.224204 -0.163335 0.216115
v -0.236672 -0.168270 0.194022
v -0.221849 -0.181721 0.192424
v -0.237257 -0.172768 0.185091
v -0.222216 -0.187077 0.182583
v -0.208119 -0.184281 0.203696
v -0.210842 -0.171870 0.217798
v -0.206298 -0.195252 0.189229
v -0.206346 -0.202443 0.176968
v -0.237146 -0.173566 0.169059
v -0.226008 -0.184211 0.167633
v -0.225243 -0.187203 0.171469
v -0.237883 -0.175050 0.173402
v -0.215708 -0.194090 0.164610
v -0.213397 -0.198722 0.167557
v -0.206807 -0.202640 0.160178
v -0.203424 -0.208624 0.161924
v -0.223647 -0.188580 0.175949
v -0.237787 -0.174935 0.178420
v -0.209701 -0.202354 0.170794
v -0.197778 -0.214868 0.162848
v -0.189826 -0.217075 0.141962
v -0.186889 -0.223441 0.139893
v -0.190961 -0.220898 0.147382
v -0.194185 -0.214202 0.148339
v -0.183160 -0.230345 0.135277
v -0.186582 -0.228138 0.143724
v -0.179075 -0.237769 0.127502
v -0.181529 -0.236277 0.136017
v -0.196164 -0.216015 0.154959
v -0.199716 -0.209375 0.154591
v -0.190824 -0.223275 0.153133
v -0.183894 -0.232264 0.146399
v -0.169076 -0.260406 0.085011
v -0.168625 -0.263005 0.087522
v -0.171812 -0.254713 0.106587
v -0.171563 -0.253361 0.101706
v -0.166134 -0.265150 0.089556
v -0.170189 -0.255413 0.111238
v -0.160845 -0.267695 0.091126
v -0.165439 -0.256816 0.114987
v -0.176355 -0.245445 0.123253
v -0.175053 -0.245613 0.116127
v -0.176371 -0.243921 0.131080
v -0.172878 -0.243173 0.138153
v -0.186822 -0.223019 0.163364
v -0.247607 -0.144709 0.213495
v -0.249444 -0.149802 0.203946
v -0.250971 -0.154722 0.194054
v -0.251855 -0.158772 0.185244
v -0.248630 -0.162656 0.168718
v -0.250782 -0.162708 0.173268
v -0.251830 -0.161444 0.178484
v -0.259968 -0.151968 0.166504
v -0.263535 -0.150517 0.171035
v -0.275696 -0.138949 0.166724
v -0.270606 -0.142030 0.162534
v -0.265721 -0.147992 0.176319
v -0.279438 -0.134700 0.171726
v -0.266266 -0.144625 0.183339
v -0.280818 -0.130090 0.179081
v -0.286661 -0.128680 0.160398
v -0.279951 -0.133394 0.156985
v -0.292709 -0.122066 0.164375
v -0.296026 -0.114880 0.171703
v -0.258020 -0.133388 0.213997
v -0.268385 -0.120131 0.215253
v -0.274614 -0.122517 0.202517
v -0.262164 -0.136743 0.203373
v -0.278786 -0.104999 0.216814
v -0.286832 -0.106862 0.201543
v -0.288851 -0.088018 0.219021
v -0.298345 -0.089469 0.201539
v -0.279011 -0.125927 0.189832
v -0.264993 -0.140713 0.192694
v -0.293196 -0.109972 0.185561
v -0.306886 -0.092029 0.181916
v -0.314020 -0.027715 0.230114
v -0.325562 -0.027770 0.210187
v -0.317720 -0.049426 0.206621
v -0.306618 -0.049033 0.226062
v -0.336172 -0.027824 0.188997
v -0.327992 -0.049909 0.185683
v -0.345973 -0.027604 0.166704
v -0.337712 -0.049799 0.163436
v -0.308658 -0.070173 0.203436
v -0.298187 -0.069257 0.222208
v -0.318395 -0.071531 0.182709
v -0.328105 -0.071850 0.159984
v -0.369412 -0.026511 0.094979
v -0.361752 -0.047362 0.091380
v -0.355248 -0.047463 0.116009
v -0.362949 -0.026410 0.119504
v -0.354046 -0.065837 0.087261
v -0.347407 -0.066437 0.111768
v -0.347059 -0.080904 0.082612
v -0.340540 -0.081861 0.106235
v -0.346999 -0.048664 0.140115
v -0.355004 -0.026976 0.143476
v -0.338430 -0.069080 0.136051
v -0.331048 -0.086025 0.129731
v -0.330772 -0.103779 0.066578
v -0.326534 -0.103864 0.083352
v -0.331179 -0.099538 0.091109
v -0.336153 -0.099177 0.072032
v -0.321149 -0.105441 0.098039
v -0.324691 -0.101866 0.108014
v -0.315022 -0.108160 0.109759
v -0.317368 -0.105751 0.121032
v -0.335435 -0.092613 0.099063
v -0.341295 -0.091836 0.077461
v -0.327344 -0.096116 0.119182
v -0.317839 -0.102263 0.134757
v -0.295309 -0.118482 0.125256
v -0.294816 -0.119880 0.133515
v -0.302316 -0.115664 0.132516
v -0.301899 -0.115260 0.122835
v -0.292241 -0.122378 0.142017
v -0.300290 -0.117104 0.142639
v -0.287336 -0.126703 0.150051
v -0.295202 -0.121066 0.152247
v -0.309846 -0.110654 0.128839
v -0.308530 -0.111621 0.117876
v -0.308712 -0.110067 0.141207
v -0.303577 -0.112624 0.153936
v -0.315122 -0.096762 0.156102
v -0.255203 -0.152175 0.161807
v -0.264512 -0.143642 0.158140
v -0.272745 -0.136166 0.153131
v -0.279427 -0.130137 0.146950
v -0.288829 -0.120734 0.125255
v -0.287244 -0.122816 0.132376
v -0.284209 -0.125800 0.139847
v -0.146874 -0.039255 0.354261
v -0.143892 -0.062668 0.343692
v -0.124086 -0.064028 0.349436
v -0.126641 -0.040322 0.360361
v -0.140550 -0.085268 0.331756
v -0.121216 -0.086910 0.337110
v -0.136951 -0.107047 0.318502
v -0.118115 -0.108960 0.323437
v -0.133197 -0.127997 0.303974
v -0.114871 -0.130165 0.308469
v -0.129391 -0.148112 0.288221
v -0.111568 -0.150517 0.292258
v -0.125637 -0.167382 0.271288
v -0.108294 -0.170006 0.274856
v -0.103934 -0.065180 0.354277
v -0.106062 -0.041211 0.365486
v -0.101538 -0.088317 0.341641
v -0.098943 -0.110608 0.327636
v -0.096221 -0.132039 0.312317
v -0.093440 -0.152597 0.295740
v -0.090671 -0.172268 0.277961
v -0.083493 -0.066123 0.358222
v -0.085196 -0.041927 0.369649
v -0.081573 -0.089480 0.345350
v -0.079491 -0.111980 0.331091
v -0.077301 -0.133604 0.315503
v -0.075057 -0.154335 0.298644
v -0.072816 -0.174154 0.280572
v -0.062822 -0.066858 0.361278
v -0.064098 -0.042476 0.372863
v -0.061380 -0.090396 0.348235
v -0.059814 -0.113066 0.333793
v -0.058164 -0.134846 0.318010
v -0.056471 -0.155714 0.300945
v -0.054775 -0.175647 0.282658
v -0.041977 -0.067383 0.363453
v -0.042828 -0.042862 0.375142
v -0.041016 -0.091057 0.350297
v -0.039970 -0.113855 0.335733
v -0.038866 -0.135751 0.319820
v -0.037732 -0.156719 0.302619
v -0.036594 -0.176733 0.284187
v -0.021018 -0.067699 0.364753
v -0.021443 -0.043090 0.376499
v -0.020536 -0.091458 0.351534
v -0.020013 -0.114336 0.336903
v -0.019460 -0.136305 0.320919
v -0.018892 -0.157334 0.303641
v -0.018320 -0.177396 0.285127
v -0.149392 -0.015038 0.363417
v -0.021799 -0.017660 0.386715
v -0.043541 -0.017519 0.385304
v -0.065169 -0.017272 0.382929
v -0.086625 -0.016910 0.379572
v -0.107853 -0.016423 0.375213
v -0.128794 -0.015802 0.369835
v -0.153633 0.172689 0.383420
v -0.154193 0.144418 0.385686
v -0.132834 0.145512 0.393010
v -0.132338 0.174080 0.390711
v -0.154433 0.116510 0.386148
v -0.133056 0.117300 0.393450
v -0.154311 0.089039 0.384865
v -0.132966 0.089519 0.392090
v -0.153787 0.062077 0.381892
v -0.132531 0.062245 0.388989
v -0.152820 0.035695 0.377289
v -0.131714 0.035550 0.384207
v -0.151369 0.009966 0.371111
v -0.130480 0.009509 0.377803
v -0.111167 0.146476 0.399131
v -0.110741 0.175290 0.396803
v -0.111363 0.118011 0.399552
v -0.111299 0.089971 0.398129
v -0.110945 0.062432 0.394921
v -0.110273 0.035469 0.389992
v -0.109252 0.009158 0.383402
v -0.089242 0.147298 0.404077
v -0.088894 0.176307 0.401725
v -0.089406 0.118629 0.404483
v -0.089362 0.090378 0.403008
v -0.089085 0.062622 0.399715
v -0.088553 0.035437 0.394669
v -0.087741 0.008901 0.387933
v -0.067112 0.147962 0.407875
v -0.066846 0.177119 0.405504
v -0.067239 0.119138 0.408270
v -0.067210 0.090724 0.406755
v -0.067006 0.062798 0.403397
v -0.066610 0.035438 0.398262
v -0.066004 0.008722 0.391417
v -0.044827 0.148454 0.410554
v -0.044647 0.177713 0.408168
v -0.044914 0.119520 0.410941
v -0.044896 0.090991 0.409398
v -0.044762 0.062944 0.405994
v -0.044500 0.035459 0.400798
v -0.044097 0.008611 0.393878
v -0.022439 0.148759 0.412141
v -0.022349 0.178079 0.409747
v -0.022483 0.119762 0.412523
v -0.022475 0.091164 0.410964
v -0.022409 0.063044 0.407533
v -0.022278 0.035482 0.402301
v -0.022077 0.008554 0.395338
v -0.152794 0.201253 0.379295
v -0.022218 0.207642 0.405270
v -0.044387 0.207221 0.403716
v -0.066459 0.206530 0.401089
v -0.088384 0.205579 0.397363
v -0.110115 0.204376 0.392508
v -0.131601 0.202931 0.386495
v -0.141637 0.385947 0.297216
v -0.143619 0.363790 0.314598
v -0.123479 0.366921 0.320183
v -0.121675 0.389267 0.302399
v -0.145514 0.339597 0.330107
v -0.125183 0.342522 0.336064
v -0.147296 0.313744 0.343736
v -0.126771 0.316448 0.350030
v -0.148941 0.286608 0.355476
v -0.128224 0.289076 0.362068
v -0.150422 0.258563 0.365321
v -0.129525 0.260781 0.372167
v -0.151715 0.229986 0.373263
v -0.130656 0.231940 0.380313
v -0.103165 0.369508 0.324798
v -0.101588 0.391992 0.306670
v -0.104642 0.344956 0.340999
v -0.106007 0.318712 0.355256
v -0.107249 0.291155 0.367553
v -0.108355 0.262661 0.377872
v -0.109314 0.233609 0.386196
v -0.082706 0.371575 0.328484
v -0.081396 0.394153 0.310073
v -0.083924 0.346913 0.344950
v -0.085044 0.320544 0.359451
v -0.086058 0.292848 0.371964
v -0.086957 0.264203 0.382468
v -0.087735 0.234987 0.390942
v -0.062131 0.373144 0.331281
v -0.061121 0.395781 0.312647
v -0.063066 0.348408 0.347957
v -0.063922 0.321954 0.362651
v -0.064694 0.294159 0.375336
v -0.065377 0.265405 0.385988
v -0.065967 0.236068 0.394581
v -0.041469 0.374236 0.333229
v -0.040782 0.396906 0.314434
v -0.042103 0.349457 0.350057
v -0.042681 0.322949 0.364891
v -0.043201 0.295092 0.377702
v -0.043661 0.266265 0.388462
v -0.044057 0.236848 0.397143
v -0.020749 0.374875 0.334368
v -0.020401 0.397559 0.315476
v -0.021069 0.350076 0.351289
v -0.021360 0.323540 0.366209
v -0.021622 0.295649 0.379097
v -0.021853 0.266782 0.389924
v -0.022052 0.237319 0.398658
v -0.139591 0.405692 0.277967
v -0.020028 0.417746 0.294643
v -0.040045 0.417087 0.293702
v -0.060040 0.415941 0.292081
v -0.080004 0.414268 0.289739
v -0.099924 0.412029 0.286634
v -0.119790 0.409183 0.282724
v -0.103108 0.201050 -0.369679
v -0.102199 0.225241 -0.360468
v -0.086001 0.226583 -0.364715
v -0.086674 0.202162 -0.374138
v -0.101282 0.249152 -0.349820
v -0.085327 0.250725 -0.353827
v -0.100444 0.272593 -0.337744
v -0.084718 0.274398 -0.341492
v -0.099773 0.295375 -0.324251
v -0.084245 0.297412 -0.327727
v -0.099356 0.317310 -0.309351
v -0.083972 0.319578 -0.312549
v -0.099282 0.338209 -0.293055
v -0.083970 0.340706 -0.295974
v -0.070540 0.227617 -0.367928
v -0.071027 0.203020 -0.377508
v -0.070057 0.251935 -0.356864
v -0.069628 0.275786 -0.344337
v -0.069305 0.298977 -0.330371
v -0.069138 0.321319 -0.314986
v -0.069178 0.342621 -0.298204
v -0.055695 0.228380 -0.370245
v -0.056035 0.203654 -0.379935
v -0.055360 0.252828 -0.359058
v -0.055068 0.276808 -0.346398
v -0.054855 0.300128 -0.332290
v -0.054761 0.322598 -0.316759
v -0.054822 0.344026 -0.299831
v -0.041341 0.228909 -0.371807
v -0.041567 0.204095 -0.381566
v -0.041120 0.253446 -0.360540
v -0.040930 0.277514 -0.347793
v -0.040798 0.300923 -0.333594
v -0.040750 0.323480 -0.317968
v -0.040812 0.344993 -0.300943
v -0.027355 0.229241 -0.372750
v -0.027493 0.204372 -0.382549
v -0.027222 0.253833 -0.361439
v -0.027110 0.277956 -0.348643
v -0.027035 0.301419 -0.334390
v -0.027014 0.324029 -0.318710
v -0.027063 0.345595 -0.301629
v -0.013616 0.229413 -0.373215
v -0.013681 0.204515 -0.383031
v -0.013554 0.254033 -0.361883
v -0.013502 0.278184 -0.349065
v -0.013469 0.301675 -0.334789
v -0.013461 0.324312 -0.319083
v -0.013488 0.345903 -0.301976
v -0.103921 0.176766 -0.377441
v -0.099638 0.357882 -0.275372
v -0.084304 0.360606 -0.278020
v -0.069478 0.362692 -0.280047
v -0.055075 0.364221 -0.281530
v -0.041010 0.365272 -0.282547
v -0.027199 0.365924 -0.283177
v -0.013557 0.366257 -0.283498
v -0.013740 0.179533 -0.391304
v -0.027618 0.179418 -0.390807
v -0.041773 0.179196 -0.389791
v -0.056342 0.178843 -0.388100
v -0.071465 0.178337 -0.385582
v -0.087278 0.177653 -0.382080
v -0.101938 0.003123 -0.394929
v -0.103370 0.029038 -0.395903
v -0.086634 0.028624 -0.400786
v -0.085432 0.002496 -0.399713
v -0.104342 0.054404 -0.395836
v -0.087456 0.054203 -0.400777
v -0.104901 0.079329 -0.394657
v -0.087938 0.079341 -0.399617
v -0.105093 0.103920 -0.392298
v -0.088120 0.104147 -0.397237
v -0.104963 0.128284 -0.388688
v -0.088044 0.128728 -0.393567
v -0.104557 0.152531 -0.383759
v -0.087750 0.153194 -0.388538
v -0.070807 0.028306 -0.404468
v -0.069822 0.002013 -0.403324
v -0.071484 0.054049 -0.404502
v -0.071887 0.079352 -0.403356
v -0.072052 0.104324 -0.400961
v -0.072014 0.129073 -0.397246
v -0.071806 0.153708 -0.392143
v -0.055737 0.028071 -0.407114
v -0.054961 0.001656 -0.405920
v -0.056273 0.053937 -0.407177
v -0.056597 0.079362 -0.406041
v -0.056738 0.104457 -0.403634
v -0.056723 0.129329 -0.399889
v -0.056582 0.154088 -0.394734
v -0.041273 0.027909 -0.408887
v -0.040697 0.001407 -0.407662
v -0.041672 0.053860 -0.408969
v -0.041916 0.079371 -0.407838
v -0.042026 0.104550 -0.405424
v -0.042024 0.129508 -0.401658
v -0.041933 0.154353 -0.396471
v -0.027263 0.027807 -0.409950
v -0.026882 0.001251 -0.408709
v -0.027527 0.053812 -0.410042
v -0.027690 0.079377 -0.408914
v -0.027766 0.104610 -0.406497
v -0.027770 0.129621 -0.402719
v -0.027715 0.154521 -0.397513
v -0.013556 0.027754 -0.410469
v -0.013366 0.001170 -0.409219
v -0.013687 0.053788 -0.410565
v -0.013769 0.079381 -0.409438
v -0.013808 0.104642 -0.407018
v -0.013811 0.129681 -0.403236
v -0.013786 0.154608 -0.398021
v -0.100000 -0.023449 -0.392981
v -0.013112 -0.026075 -0.406887
v -0.026371 -0.025965 -0.406386
v -0.039923 -0.025753 -0.405364
v -0.053916 -0.025418 -0.403666
v -0.068495 -0.024938 -0.401138
v -0.083807 -0.024289 -0.397628
v -0.080277 -0.207499 -0.345648
v -0.082651 -0.184197 -0.357014
v -0.069267 -0.186318 -0.360236
v -0.067278 -0.209830 -0.348590
v -0.085442 -0.159220 -0.366602
v -0.071606 -0.161130 -0.370102
v -0.088488 -0.132976 -0.374559
v -0.074160 -0.134672 -0.378329
v -0.091629 -0.105870 -0.381029
v -0.076791 -0.107353 -0.385056
v -0.094702 -0.078309 -0.386159
v -0.079367 -0.079577 -0.390421
v -0.097546 -0.050700 -0.390095
v -0.081751 -0.051754 -0.394566
v -0.056611 -0.187963 -0.362701
v -0.054985 -0.211636 -0.350849
v -0.058523 -0.162611 -0.372773
v -0.060610 -0.135989 -0.381198
v -0.062761 -0.108502 -0.388112
v -0.064865 -0.080560 -0.393650
v -0.066814 -0.052569 -0.397947
v -0.044562 -0.189187 -0.364506
v -0.043281 -0.212979 -0.352509
v -0.046066 -0.163714 -0.374720
v -0.047709 -0.136968 -0.383283
v -0.049402 -0.109357 -0.390327
v -0.051059 -0.081290 -0.395984
v -0.052592 -0.053174 -0.400386
v -0.032997 -0.190043 -0.365744
v -0.032049 -0.213918 -0.353654
v -0.034111 -0.164485 -0.376049
v -0.035327 -0.137653 -0.384700
v -0.036581 -0.109955 -0.391827
v -0.037808 -0.081800 -0.397560
v -0.038943 -0.053597 -0.402029
v -0.021796 -0.190587 -0.366511
v -0.021170 -0.214514 -0.354368
v -0.022532 -0.164976 -0.376868
v -0.023335 -0.138089 -0.385568
v -0.024163 -0.110335 -0.392741
v -0.024974 -0.082124 -0.398515
v -0.025724 -0.053864 -0.403021
v -0.010837 -0.190874 -0.366901
v -0.010526 -0.214827 -0.354734
v -0.011203 -0.165235 -0.377281
v -0.011603 -0.138319 -0.386003
v -0.012014 -0.110535 -0.393195
v -0.012417 -0.082294 -0.398987
v -0.012790 -0.054004 -0.403508
v -0.125687 0.478177 0.109480
v -0.127446 0.473482 0.134963
v -0.108209 0.477655 0.137008
v -0.106517 0.482415 0.111114
v -0.129324 0.467247 0.160508
v -0.110020 0.471343 0.162988
v -0.131296 0.459264 0.185796
v -0.111920 0.463270 0.188727
v -0.133335 0.449325 0.210506
v -0.113877 0.453226 0.213897
v -0.135414 0.437222 0.234318
v -0.115861 0.441003 0.238172
v -0.137508 0.422747 0.256912
v -0.117842 0.426392 0.261223
v -0.089448 0.480904 0.138661
v -0.087908 0.485693 0.112431
v -0.091099 0.474554 0.164998
v -0.092829 0.466434 0.191109
v -0.094608 0.456331 0.216662
v -0.096404 0.444037 0.241322
v -0.098186 0.429339 0.264757
v -0.071083 0.483330 0.139950
v -0.069766 0.488123 0.113455
v -0.072497 0.476972 0.166570
v -0.073978 0.468837 0.192979
v -0.075497 0.458712 0.218838
v -0.077027 0.446384 0.243810
v -0.078539 0.431640 0.267556
v -0.053035 0.485037 0.140903
v -0.051997 0.489817 0.114210
v -0.054149 0.478691 0.167738
v -0.055316 0.470564 0.194372
v -0.056513 0.460440 0.220465
v -0.057714 0.448105 0.245675
v -0.058898 0.433344 0.269660
v -0.035225 0.486129 0.141549
v -0.034509 0.490889 0.114719
v -0.035993 0.479804 0.168532
v -0.036798 0.471695 0.195323
v -0.037622 0.461586 0.221579
v -0.038450 0.449260 0.246957
v -0.039263 0.434499 0.271112
v -0.017573 0.486709 0.141916
v -0.017208 0.491450 0.115007
v -0.017965 0.480403 0.168985
v -0.018375 0.472313 0.195868
v -0.018795 0.462221 0.222220
v -0.019217 0.449908 0.247697
v -0.019631 0.435156 0.271953
v -0.124074 0.481541 0.084381
v -0.016879 0.494844 0.088602
v -0.033864 0.494300 0.088384
v -0.051060 0.493246 0.087998
v -0.068573 0.491564 0.087424
v -0.086509 0.489132 0.086643
v -0.104974 0.485831 0.085635
v -0.114701 0.471030 -0.078712
v -0.116174 0.476436 -0.055996
v -0.097863 0.480743 -0.056398
v -0.096633 0.475273 -0.079328
v -0.117520 0.480472 -0.033282
v -0.099006 0.484822 -0.033459
v -0.118787 0.483179 -0.010451
v -0.100107 0.487550 -0.010390
v -0.120026 0.484599 0.012613
v -0.101210 0.488973 0.012932
v -0.121287 0.484772 0.036028
v -0.102359 0.489132 0.036628
v -0.122619 0.483739 0.059911
v -0.103599 0.488070 0.060822
v -0.080343 0.484019 -0.056705
v -0.079341 0.478500 -0.079802
v -0.081288 0.488131 -0.033591
v -0.082216 0.490878 -0.010335
v -0.083164 0.492308 0.013190
v -0.084170 0.492463 0.037110
v -0.085272 0.491389 0.061553
v -0.063483 0.486398 -0.056929
v -0.062697 0.480843 -0.080149
v -0.064234 0.490534 -0.033685
v -0.064983 0.493298 -0.010288
v -0.065760 0.494736 0.013391
v -0.066597 0.494896 0.037483
v -0.067524 0.493822 0.062118
v -0.047150 0.488014 -0.057082
v -0.046570 0.482436 -0.080388
v -0.047711 0.492168 -0.033746
v -0.048277 0.494945 -0.010250
v -0.048870 0.496393 0.013540
v -0.049516 0.496560 0.037757
v -0.050238 0.495495 0.062532
v -0.031214 0.489003 -0.057176
v -0.030831 0.483409 -0.080537
v -0.031586 0.493167 -0.033782
v -0.031965 0.495954 -0.010221
v -0.032366 0.497411 0.013642
v -0.032806 0.497588 0.037940
v -0.033299 0.496534 0.062810
v -0.015541 0.489497 -0.057224
v -0.015351 0.483897 -0.080614
v -0.015727 0.493668 -0.033799
v -0.015917 0.496460 -0.010203
v -0.016119 0.497924 0.013699
v -0.016341 0.498109 0.038044
v -0.016592 0.497065 0.062966
v -0.113049 0.464214 -0.101547
v -0.015148 0.476817 -0.104104
v -0.030422 0.476339 -0.104000
v -0.045946 0.475384 -0.103799
v -0.061845 0.473823 -0.103476
v -0.078245 0.471527 -0.103008
v -0.095271 0.468367 -0.102373
v -0.100481 0.376172 -0.256344
v -0.101749 0.393044 -0.236142
v -0.086068 0.396204 -0.238286
v -0.085020 0.379118 -0.258734
v -0.103348 0.408491 -0.214966
v -0.087376 0.411858 -0.216875
v -0.105186 0.422511 -0.193019
v -0.088871 0.426071 -0.194701
v -0.107167 0.435098 -0.170502
v -0.090481 0.438836 -0.171964
v -0.109201 0.446247 -0.147617
v -0.092133 0.450145 -0.148864
v -0.111192 0.455954 -0.124564
v -0.093754 0.459991 -0.125600
v -0.070916 0.398621 -0.239932
v -0.070070 0.381372 -0.260567
v -0.071962 0.414429 -0.218342
v -0.073152 0.428787 -0.195995
v -0.074430 0.441686 -0.173089
v -0.075742 0.453115 -0.149824
v -0.077032 0.463065 -0.126397
v -0.056204 0.400387 -0.241142
v -0.055545 0.383022 -0.261910
v -0.057012 0.416306 -0.219421
v -0.057927 0.430768 -0.196947
v -0.058909 0.443761 -0.173918
v -0.059916 0.455276 -0.150531
v -0.060909 0.465300 -0.126984
v -0.041845 0.401597 -0.241975
v -0.041361 0.384154 -0.262835
v -0.042434 0.417590 -0.220167
v -0.043099 0.432120 -0.197606
v -0.043811 0.445177 -0.174492
v -0.044542 0.456747 -0.151020
v -0.045263 0.466820 -0.127390
v -0.027750 0.402345 -0.242495
v -0.027432 0.384855 -0.263409
v -0.028134 0.418381 -0.220632
v -0.028567 0.432953 -0.198018
v -0.029031 0.446047 -0.174851
v -0.029506 0.457650 -0.151327
v -0.029976 0.467752 -0.127644
v -0.013831 0.402724 -0.242762
v -0.013673 0.385212 -0.263703
v -0.014021 0.418782 -0.220872
v -0.014234 0.433373 -0.198231
v -0.014462 0.446485 -0.175036
v -0.014697 0.458104 -0.151485
v -0.014928 0.468219 -0.127775
v -0.247681 -0.106771 0.028216
v -0.243939 -0.108199 0.023352
v -0.238151 -0.107850 0.027818
v -0.242797 -0.106360 0.032697
v -0.240712 -0.110296 0.018139
v -0.234342 -0.109995 0.022741
v -0.237861 -0.113021 0.012862
v -0.231133 -0.112749 0.017644
v -0.235283 -0.116317 0.007721
v -0.228317 -0.116052 0.012659
v -0.232793 -0.120090 0.002743
v -0.225681 -0.119807 0.007797
v -0.230186 -0.124235 -0.002089
v -0.223005 -0.123910 0.003035
v -0.233150 -0.107888 0.033044
v -0.238345 -0.106318 0.038047
v -0.228921 -0.110122 0.027967
v -0.225408 -0.112956 0.022909
v -0.222369 -0.116317 0.017942
v -0.219577 -0.120106 0.013063
v -0.216809 -0.124215 0.008248
v -0.228773 -0.108346 0.038856
v -0.234283 -0.106707 0.044032
v -0.224255 -0.110676 0.033689
v -0.220490 -0.113610 0.028568
v -0.217245 -0.117057 0.023518
v -0.214296 -0.120910 0.018528
v -0.211421 -0.125058 0.013573
v -0.224879 -0.109238 0.045087
v -0.230587 -0.107551 0.050456
v -0.220151 -0.111648 0.039777
v -0.216183 -0.114674 0.034527
v -0.212756 -0.118210 0.029334
v -0.209655 -0.122139 0.024179
v -0.206667 -0.126345 0.019037
v -0.221304 -0.110521 0.051556
v -0.227132 -0.108811 0.057113
v -0.216427 -0.112989 0.046087
v -0.212298 -0.116092 0.040686
v -0.208714 -0.119708 0.035334
v -0.205472 -0.123713 0.030002
v -0.202371 -0.127983 0.024665
v -0.217879 -0.112140 0.058078
v -0.223769 -0.110428 0.063790
v -0.212901 -0.114642 0.052474
v -0.208648 -0.117800 0.046945
v -0.204931 -0.121481 0.041460
v -0.201563 -0.125552 0.035983
v -0.198357 -0.129879 0.030482
v -0.253332 -0.107392 0.025065
v -0.250794 -0.108870 0.019882
v -0.248244 -0.111019 0.014297
v -0.245791 -0.113803 0.008654
v -0.243457 -0.117171 0.003180
v -0.241097 -0.121032 -0.002085
v -0.238527 -0.125283 -0.007151
v -0.235564 -0.129823 -0.012026
v -0.227258 -0.128647 -0.006793
v -0.220073 -0.128253 -0.001647
v -0.213843 -0.128537 0.003475
v -0.208401 -0.129391 0.008632
v -0.203579 -0.130712 0.013885
v -0.199209 -0.132393 0.019295
v -0.195125 -0.134328 0.024923
v -0.191160 -0.136413 0.030829
v -0.194450 -0.131939 0.036513
v -0.197746 -0.127573 0.042107
v -0.201220 -0.123458 0.047656
v -0.205045 -0.119736 0.053202
v -0.209392 -0.116549 0.058792
v -0.214435 -0.114039 0.064467
v -0.220344 -0.112349 0.070274
v -0.201177 -0.133846 0.107517
v -0.202170 -0.130033 0.102812
v -0.196882 -0.131557 0.098555
v -0.196251 -0.135610 0.104153
v -0.204052 -0.126326 0.097953
v -0.198514 -0.127786 0.093085
v -0.206621 -0.122868 0.092900
v -0.200924 -0.124351 0.087627
v -0.209717 -0.119757 0.087656
v -0.203914 -0.121291 0.082100
v -0.213161 -0.116988 0.082173
v -0.207290 -0.118581 0.076438
v -0.216765 -0.114530 0.076398
v -0.210861 -0.116177 0.070581
v -0.191945 -0.134011 0.094531
v -0.191410 -0.138262 0.100780
v -0.193499 -0.130171 0.088522
v -0.195860 -0.126743 0.082643
v -0.198823 -0.123714 0.076795
v -0.202193 -0.121041 0.070910
v -0.205780 -0.118670 0.064928
v -0.187368 -0.137214 0.090547
v -0.186780 -0.141624 0.097267
v -0.188953 -0.133311 0.084087
v -0.191336 -0.129875 0.077807
v -0.194323 -0.126863 0.071633
v -0.197728 -0.124212 0.065508
v -0.201363 -0.121859 0.059381
v -0.183151 -0.141000 0.086449
v -0.182454 -0.145548 0.093532
v -0.184811 -0.137034 0.079616
v -0.187253 -0.133583 0.072984
v -0.190293 -0.130577 0.066509
v -0.193753 -0.127940 0.060152
v -0.197455 -0.125593 0.053880
v -0.179230 -0.145197 0.082118
v -0.178405 -0.149866 0.089476
v -0.180986 -0.141171 0.074987
v -0.183501 -0.137700 0.068062
v -0.186604 -0.134696 0.061328
v -0.190126 -0.132068 0.054767
v -0.193896 -0.129724 0.048365
v -0.175530 -0.149633 0.077441
v -0.174576 -0.154411 0.084992
v -0.177381 -0.145551 0.070087
v -0.179967 -0.142061 0.062937
v -0.183128 -0.139059 0.055997
v -0.186703 -0.136441 0.049275
v -0.190530 -0.134102 0.042778
v -0.206075 -0.133332 0.111344
v -0.207825 -0.129674 0.107618
v -0.210173 -0.125973 0.103318
v -0.213045 -0.122459 0.098605
v -0.216355 -0.119272 0.093570
v -0.219947 -0.116419 0.088197
v -0.223650 -0.113877 0.082439
v -0.187198 -0.138578 0.037059
v -0.183339 -0.140903 0.043600
v -0.179735 -0.143505 0.050424
v -0.176538 -0.146500 0.057501
v -0.173900 -0.150005 0.064804
v -0.171974 -0.154136 0.072304
v -0.170910 -0.159011 0.079972
v -0.155613 -0.192348 0.041315
v -0.156039 -0.187105 0.045397
v -0.156940 -0.182961 0.038312
v -0.156409 -0.189067 0.034474
v -0.157106 -0.182075 0.050468
v -0.158121 -0.177437 0.043152
v -0.158835 -0.177229 0.056172
v -0.159941 -0.172350 0.048675
v -0.161206 -0.172570 0.062225
v -0.162364 -0.167583 0.054598
v -0.164102 -0.168033 0.068373
v -0.165269 -0.163029 0.060671
v -0.167383 -0.163539 0.074370
v -0.168519 -0.158582 0.066653
v -0.158523 -0.179569 0.030987
v -0.157887 -0.186239 0.027158
v -0.159839 -0.173663 0.035756
v -0.161784 -0.168346 0.041197
v -0.164291 -0.163454 0.047052
v -0.167238 -0.158853 0.053089
v -0.170487 -0.154413 0.059081
v -0.160762 -0.176725 0.023653
v -0.160046 -0.183738 0.019719
v -0.162200 -0.170550 0.028440
v -0.164270 -0.165039 0.033855
v -0.166871 -0.160027 0.039674
v -0.169874 -0.155364 0.045691
v -0.173142 -0.150903 0.051702
v -0.163607 -0.174269 0.016521
v -0.162845 -0.181496 0.012449
v -0.165132 -0.167911 0.021354
v -0.167299 -0.162259 0.026759
v -0.169982 -0.157147 0.032549
v -0.173043 -0.152421 0.038543
v -0.176341 -0.147924 0.044561
v -0.166931 -0.172071 0.009719
v -0.166159 -0.179417 0.005500
v -0.168506 -0.165605 0.014605
v -0.170742 -0.159858 0.020001
v -0.173492 -0.154671 0.025752
v -0.176609 -0.149887 0.031705
v -0.179941 -0.145350 0.037705
v -0.170588 -0.170013 0.003355
v -0.169837 -0.177400 -0.001012
v -0.172184 -0.163496 0.008291
v -0.174463 -0.157695 0.013667
v -0.177267 -0.152456 0.019359
v -0.180431 -0.147626 0.025239
v -0.183795 -0.143051 0.031181
v -0.155729 -0.198110 0.038923
v -0.187761 -0.140901 0.025035
v -0.184372 -0.145502 0.019206
v -0.181169 -0.150363 0.013443
v -0.178327 -0.155630 0.007844
v -0.176023 -0.161451 0.002509
v -0.174432 -0.167973 -0.002461
v -0.173730 -0.175341 -0.006969
v -0.170093 -0.185811 -0.004684
v -0.166336 -0.187803 0.002103
v -0.162971 -0.189759 0.009327
v -0.160144 -0.191761 0.016863
v -0.157982 -0.193862 0.024549
v -0.156514 -0.196015 0.032054
v -0.207288 -0.164563 -0.035478
v -0.201676 -0.164758 -0.032194
v -0.202288 -0.158697 -0.028036
v -0.208366 -0.159059 -0.031956
v -0.196215 -0.165679 -0.028806
v -0.196657 -0.159195 -0.024284
v -0.191054 -0.167121 -0.025201
v -0.191487 -0.160329 -0.020512
v -0.186296 -0.168939 -0.021309
v -0.186776 -0.161916 -0.016567
v -0.181886 -0.171001 -0.017038
v -0.182437 -0.163810 -0.012323
v -0.177728 -0.173178 -0.012291
v -0.178359 -0.165874 -0.007661
v -0.204015 -0.152946 -0.023868
v -0.210443 -0.153558 -0.028231
v -0.198223 -0.153211 -0.019782
v -0.193007 -0.154157 -0.015783
v -0.188296 -0.155598 -0.011693
v -0.183978 -0.157386 -0.007369
v -0.179928 -0.159384 -0.002679
v -0.206582 -0.147494 -0.019622
v -0.213264 -0.148170 -0.024284
v -0.200652 -0.147664 -0.015250
v -0.195371 -0.148512 -0.010999
v -0.190629 -0.149873 -0.006704
v -0.186298 -0.151605 -0.002223
v -0.182242 -0.153570 0.002580
v -0.209735 -0.142336 -0.015267
v -0.216616 -0.142988 -0.020146
v -0.203685 -0.142490 -0.010650
v -0.198334 -0.143303 -0.006148
v -0.193549 -0.144632 -0.001620
v -0.189190 -0.146340 0.003067
v -0.185111 -0.148295 0.008044
v -0.213212 -0.137437 -0.010810
v -0.220244 -0.138017 -0.015838
v -0.207065 -0.137622 -0.005986
v -0.201654 -0.138440 -0.001246
v -0.196831 -0.139764 0.003528
v -0.192445 -0.141467 0.008451
v -0.188342 -0.143421 0.013639
v -0.216747 -0.132757 -0.006265
v -0.223881 -0.133242 -0.011381
v -0.210536 -0.132993 -0.001273
v -0.205090 -0.133833 0.003687
v -0.200249 -0.135161 0.008707
v -0.195854 -0.136859 0.013877
v -0.191744 -0.138811 0.019290
v -0.212913 -0.165622 -0.039044
v -0.232097 -0.134567 -0.016712
v -0.228310 -0.139492 -0.021189
v -0.224459 -0.144592 -0.025429
v -0.220802 -0.149860 -0.029406
v -0.217571 -0.155257 -0.033077
v -0.214904 -0.160606 -0.036336
v -0.166828 -0.258184 0.049449
v -0.164956 -0.249975 0.048564
v -0.166780 -0.251452 0.035545
v -0.168773 -0.259924 0.034792
v -0.162830 -0.240895 0.046866
v -0.164528 -0.242084 0.035218
v -0.160706 -0.231411 0.044697
v -0.162259 -0.232262 0.034210
v -0.158819 -0.221986 0.042397
v -0.160194 -0.222412 0.032927
v -0.157312 -0.213045 0.040318
v -0.158478 -0.212887 0.031804
v -0.156282 -0.204991 0.038887
v -0.157224 -0.204004 0.031314
v -0.169445 -0.251820 0.022960
v -0.171646 -0.260349 0.020824
v -0.167008 -0.242328 0.023805
v -0.164544 -0.232281 0.023808
v -0.162252 -0.222077 0.023419
v -0.160294 -0.212056 0.023099
v -0.158822 -0.202544 0.023315
v -0.172774 -0.251066 0.011283
v -0.175219 -0.259427 0.008202
v -0.170142 -0.241654 0.012962
v -0.167484 -0.231558 0.013729
v -0.164965 -0.221146 0.014066
v -0.162774 -0.210794 0.014413
v -0.161102 -0.200874 0.015202
v -0.176592 -0.249244 0.000871
v -0.179250 -0.257210 -0.002569
v -0.173808 -0.240127 0.002944
v -0.170999 -0.230185 0.004170
v -0.168292 -0.219763 0.005039
v -0.165896 -0.209268 0.005943
v -0.164045 -0.199126 0.007250
v -0.180747 -0.246655 -0.008383
v -0.183441 -0.254087 -0.011602
v -0.177915 -0.237951 -0.006298
v -0.175004 -0.228285 -0.004841
v -0.172139 -0.217989 -0.003575
v -0.169560 -0.207500 -0.002186
v -0.167536 -0.197284 -0.000388
v -0.185122 -0.243693 -0.016739
v -0.187532 -0.250602 -0.019225
v -0.182384 -0.235373 -0.014896
v -0.179412 -0.225982 -0.013316
v -0.176403 -0.215863 -0.011711
v -0.173643 -0.205473 -0.009866
v -0.171438 -0.195295 -0.007589
v -0.282216 -0.121631 0.122709
v -0.274978 -0.121427 0.118506
v -0.271380 -0.124288 0.125112
v -0.279468 -0.124210 0.129432
v -0.266963 -0.120425 0.113375
v -0.262908 -0.123396 0.119839
v -0.258327 -0.118902 0.107628
v -0.254111 -0.121866 0.113913
v -0.249308 -0.117145 0.101488
v -0.245116 -0.120036 0.107590
v -0.240263 -0.115491 0.095132
v -0.236209 -0.118271 0.101070
v -0.231582 -0.114285 0.088727
v -0.227711 -0.116941 0.094543
v -0.267362 -0.127657 0.131520
v -0.275919 -0.127455 0.136261
v -0.258600 -0.126777 0.125911
v -0.249714 -0.125184 0.119708
v -0.240814 -0.123250 0.113167
v -0.232121 -0.121361 0.106499
v -0.223885 -0.119906 0.099900
v -0.262570 -0.131754 0.137424
v -0.271154 -0.131695 0.142689
v -0.253822 -0.130703 0.131414
v -0.245057 -0.128931 0.124917
v -0.236426 -0.126828 0.118181
v -0.228099 -0.124786 0.111417
v -0.220248 -0.123199 0.104825
v -0.256789 -0.136735 0.142549
v -0.264971 -0.137164 0.148286
v -0.248418 -0.135270 0.136180
v -0.240076 -0.133158 0.129438
v -0.231962 -0.130789 0.122573
v -0.224206 -0.128545 0.115797
v -0.216912 -0.126810 0.109311
v -0.250168 -0.142506 0.146745
v -0.257610 -0.143706 0.152851
v -0.242465 -0.140418 0.140092
v -0.234784 -0.137818 0.133162
v -0.227378 -0.135076 0.126220
v -0.220383 -0.132554 0.119498
v -0.213877 -0.130617 0.113222
v -0.242945 -0.148911 0.149890
v -0.249426 -0.151068 0.156240
v -0.236095 -0.146052 0.143039
v -0.229212 -0.142839 0.135974
v -0.222609 -0.139615 0.128976
v -0.216505 -0.136701 0.122329
v -0.211041 -0.134441 0.116330
v -0.261070 -0.197745 -0.073995
v -0.254380 -0.193719 -0.069979
v -0.262917 -0.185118 -0.068457
v -0.270776 -0.187765 -0.072119
v -0.246994 -0.188828 -0.065127
v -0.254500 -0.181348 -0.063789
v -0.239364 -0.183465 -0.059744
v -0.245910 -0.176882 -0.058439
v -0.231912 -0.178027 -0.054136
v -0.237494 -0.172144 -0.052727
v -0.224937 -0.172918 -0.048604
v -0.229455 -0.167558 -0.046949
v -0.218645 -0.168577 -0.043460
v -0.221924 -0.163554 -0.041393
v -0.270739 -0.176727 -0.065551
v -0.279497 -0.178182 -0.068702
v -0.261516 -0.173925 -0.061208
v -0.252132 -0.170224 -0.056012
v -0.242867 -0.166070 -0.050295
v -0.233912 -0.161900 -0.044367
v -0.225431 -0.158149 -0.038527
v -0.277470 -0.168899 -0.061519
v -0.286710 -0.169510 -0.064111
v -0.267802 -0.166801 -0.057576
v -0.257920 -0.163676 -0.052626
v -0.248042 -0.159980 -0.047009
v -0.238402 -0.156153 -0.041051
v -0.229242 -0.152634 -0.035075
v -0.282852 -0.161898 -0.056613
v -0.292049 -0.162133 -0.058708
v -0.273190 -0.160166 -0.053077
v -0.263188 -0.157392 -0.048434
v -0.253008 -0.154023 -0.043016
v -0.242942 -0.150484 -0.037156
v -0.233317 -0.147200 -0.031183
v -0.287104 -0.155643 -0.051063
v -0.295755 -0.155922 -0.052851
v -0.277805 -0.153988 -0.047857
v -0.267945 -0.151385 -0.043541
v -0.257688 -0.148241 -0.038403
v -0.247392 -0.144950 -0.032753
v -0.237463 -0.141904 -0.026909
v -0.290608 -0.149961 -0.045081
v -0.298328 -0.150621 -0.046889
v -0.281851 -0.148178 -0.042055
v -0.272224 -0.145631 -0.038046
v -0.261987 -0.142649 -0.033237
v -0.251571 -0.139580 -0.027890
v -0.241450 -0.136769 -0.022288
v -0.245046 -0.131819 -0.017359
v -0.255301 -0.134400 -0.022618
v -0.265810 -0.137264 -0.027586
v -0.276058 -0.140108 -0.032042
v -0.285556 -0.142644 -0.035804
v -0.293938 -0.144646 -0.038833
v -0.300822 -0.145928 -0.041116
v -0.304433 -0.141388 -0.035437
v -0.297540 -0.139508 -0.032372
v -0.301182 -0.134451 -0.025346
v -0.308578 -0.136579 -0.028931
v -0.289085 -0.137313 -0.029180
v -0.292338 -0.132191 -0.022044
v -0.279468 -0.134808 -0.025601
v -0.282425 -0.129774 -0.018679
v -0.269088 -0.132110 -0.021507
v -0.271841 -0.127251 -0.015002
v -0.258450 -0.129450 -0.016979
v -0.261080 -0.124807 -0.010989
v -0.248087 -0.127088 -0.012150
v -0.250659 -0.122661 -0.006672
v -0.304482 -0.129434 -0.017333
v -0.312491 -0.131417 -0.020918
v -0.295147 -0.127307 -0.014205
v -0.284887 -0.125064 -0.011207
v -0.274114 -0.122761 -0.008060
v -0.263298 -0.120556 -0.004655
v -0.252918 -0.118632 -0.000930
v -0.307153 -0.124526 -0.008058
v -0.315749 -0.126096 -0.011086
v -0.297360 -0.122706 -0.005494
v -0.286813 -0.120733 -0.003117
v -0.275954 -0.118712 -0.000670
v -0.265213 -0.116783 0.002012
v -0.255016 -0.115097 0.005072
v -0.308971 -0.119852 0.002610
v -0.318053 -0.120878 0.000672
v -0.298845 -0.118456 0.004179
v -0.288157 -0.116847 0.005617
v -0.277375 -0.115173 0.007153
v -0.266885 -0.113564 0.008982
v -0.257055 -0.112140 0.011295
v -0.309876 -0.115644 0.014342
v -0.319303 -0.116099 0.013888
v -0.299555 -0.114711 0.014593
v -0.288857 -0.113499 0.014845
v -0.278270 -0.112192 0.015299
v -0.268181 -0.110921 0.016135
v -0.258930 -0.109794 0.017558
v -0.309847 -0.112164 0.026698
v -0.319452 -0.112115 0.027953
v -0.299466 -0.111645 0.025447
v -0.288844 -0.110789 0.024372
v -0.278500 -0.109808 0.023633
v -0.268878 -0.108860 0.023341
v -0.260387 -0.108061 0.023654
f 1 2 3
f 1 3 4
f 5 6 7
f 5 7 8
f 9 1 4
f 9 4 10
f 11 5 8
f 11 8 12
f 13 9 10
f 13 10 14
f 15 11 12
f 15 12 16
f 17 13 14
f 17 14 18
f 19 15 16
f 19 16 20
f 21 17 18
f 21 18 22
f 23 24 25
f 26 19 20
f 27 21 22
f 27 22 28
f 29 23 25
f 29 25 30
f 31 27 28
f 31 28 32
f 2 29 30
f 2 30 3
f 6 31 32
f 6 32 7
f 32 28 33
f 32 33 34
f 3 30 35
f 3 35 36
f 7 32 34
f 7 34 37
f 4 3 36
f 4 36 38
f 8 7 37
f 8 37 39
f 10 4 38
f 10 38 40
f 12 8 39
f 12 39 41
f 14 10 40
f 14 40 42
f 16 12 41
f 16 41 43
f 18 14 42
f 18 42 44
f 20 16 43
f 20 43 45
f 22 18 44
f 22 44 46
f 25 24 47
f 26 20 45
f 28 22 46
f 28 46 33
f 30 25 47
f 30 47 35
f 43 41 48
f 43 48 49
f 44 42 50
f 44 50 51
f 45 43 49
f 45 49 52
f 46 44 51
f 46 51 53
f 47 24 54
f 26 45 52
f 33 46 53
f 33 53 55
f 35 47 54
f 35 54 56
f 34 33 55
f 34 55 57
f 36 35 56
f 36 56 58
f 37 34 57
f 37 57 59
f 38 36 58
f 38 58 60
f 39 37 59
f 39 59 61
f 40 38 60
f 40 60 62
f 41 39 61
f 41 61 48
f 42 40 62
f 42 62 50
f 59 57 63
f 59 63 64
f 60 58 65
f 60 65 66
f 61 59 64
f 61 64 67
f 62 60 66
f 62 66 68
f 48 61 67
f 48 67 69
f 50 62 68
f 50 68 70
f 49 48 69
f 49 69 71
f 51 50 70
f 51 70 72
f 52 49 71
f 52 71 73
f 53 51 72
f 53 72 74
f 54 24 75
f 26 52 73
f 55 53 74
f 55 74 76
f 56 54 75
f 56 75 77
f 57 55 76
f 57 76 63
f 58 56 77
f 58 77 65
f 73 71 78
f 73 78 79
f 74 72 80
f 74 80 81
f 75 24 82
f 26 73 79
f 76 74 81
f 76 81 83
f 77 75 82
f 77 82 84
f 63 76 83
f 63 83 85
f 65 77 84
f 65 84 86
f 64 63 85
f 64 85 87
f 66 65 86
f 66 86 88
f 67 64 87
f 67 87 89
f 68 66 88
f 68 88 90
f 69 67 89
f 69 89 91
f 70 68 90
f 70 90 92
f 71 69 91
f 71 91 78
f 72 70 92
f 72 92 80
f 88 86 93
f 88 93 94
f 89 87 95
f 89 95 96
f 90 88 94
f 90 94 97
f 91 89 96
f 91 96 98
f 92 90 97
f 92 97 99
f 78 91 98
f 78 98 100
f 80 92 99
f 80 99 101
f 79 78 100
f 79 100 102
f 81 80 101
f 81 101 103
f 82 24 104
f 26 79 102
f 83 81 103
f 83 103 105
f 84 82 104
f 84 104 106
f 85 83 105
f 85 105 107
f 86 84 106
f 86 106 93
f 87 85 107
f 87 107 95
f 103 101 108
f 103 108 109
f 104 24 110
f 26 102 111
f 105 103 109
f 105 109 112
f 106 104 110
f 106 110 113
f 107 105 112
f 107 112 114
f 93 106 113
f 93 113 115
f 95 107 114
f 95 114 116
f 94 93 115
f 94 115 117
f 96 95 116
f 96 116 118
f 97 94 117
f 97 117 119
f 98 96 118
f 98 118 120
f 99 97 119
f 99 119 121
f 100 98 120
f 100 120 122
f 101 99 121
f 101 121 108
f 102 100 122
f 102 122 111
f 118 116 123
f 118 123 124
f 119 117 125
f 119 125 126
f 120 118 124
f 120 124 127
f 121 119 126
f 121 126 128
f 122 120 127
f 122 127 129
f 108 121 128
f 108 128 130
f 111 122 129
f 111 129 131
f 109 108 130
f 109 130 132
f 110 24 133
f 26 111 131
f 112 109 132
f 112 132 134
f 113 110 133
f 113 133 135
f 114 112 134
f 114 134 136
f 115 113 135
f 115 135 137
f 116 114 136
f 116 136 123
f 117 115 137
f 117 137 125
f 133 24 138
f 26 131 139
f 134 132 140
f 134 140 141
f 135 133 138
f 135 138 142
f 136 134 141
f 136 141 143
f 137 135 142
f 137 142 144
f 123 136 143
f 123 143 145
f 125 137 144
f 125 144 146
f 124 123 145
f 124 145 147
f 126 125 146
f 126 146 148
f 127 124 147
f 127 147 149
f 128 126 148
f 128 148 150
f 129 127 149
f 129 149 151
f 130 128 150
f 130 150 152
f 131 129 151
f 131 151 139
f 132 130 152
f 132 152 140
f 148 146 153
f 148 153 154
f 149 147 155
f 149 155 156
f 150 148 154
f 150 154 157
f 151 149 156
f 151 156 158
f 152 150 157
f 152 157 159
f 139 151 158
f 139 158 160
f 140 152 159
f 140 159 161
f 138 24 162
f 26 139 160
f 141 140 161
f 141 161 163
f 142 138 162
f 142 162 164
f 143 141 163
f 143 163 165
f 144 142 164
f 144 164 166
f 145 143 165
f 145 165 167
f 146 144 166
f 146 166 153
f 147 145 167
f 147 167 155
f 163 161 168
f 163 168 169
f 164 162 170
f 164 170 171
f 165 163 169
f 165 169 172
f 166 164 171
f 166 171 173
f 167 165 172
f 167 172 174
f 153 166 173
f 153 173 175
f 155 167 174
f 155 174 176
f 154 153 175
f 154 175 177
f 156 155 176
f 156 176 178
f 157 154 177
f 157 177 179
f 158 156 178
f 158 178 180
f 159 157 179
f 159 179 181
f 160 158 180
f 160 180 182
f 161 159 181
f 161 181 168
f 162 24 170
f 26 160 182
f 178 176 183
f 178 183 184
f 179 177 185
f 179 185 186
f 180 178 184
f 180 184 187
f 181 179 186
f 181 186 188
f 182 180 187
f 182 187 189
f 168 181 188
f 168 188 190
f 170 24 191
f 26 182 189
f 169 168 190
f 169 190 192
f 171 170 191
f 171 191 193
f 172 169 192
f 172 192 194
f 173 171 193
f 173 193 195
f 174 172 194
f 174 194 196
f 175 173 195
f 175 195 197
f 176 174 196
f 176 196 183
f 177 175 197
f 177 197 185
f 194 192 198
f 194 198 199
f 195 193 200
f 195 200 201
f 196 194 199
f 196 199 202
f 197 195 201
f 197 201 203
f 183 196 202
f 183 202 204
f 185 197 203
f 185 203 205
f 184 183 204
f 184 204 206
f 186 185 205
f 186 205 207
f 187 184 206
f 187 206 208
f 188 186 207
f 188 207 209
f 189 187 208
f 189 208 210
f 190 188 209
f 190 209 211
f 191 24 212
f 26 189 210
f 192 190 211
f 192 211 198
f 193 191 212
f 193 212 200
f 208 206 213
f 208 213 214
f 209 207 215
f 209 215 216
f 210 208 214
f 210 214 217
f 211 209 216
f 211 216 218
f 212 24 219
f 26 210 217
f 198 211 218
f 198 218 220
f 200 212 219
f 200 219 221
f 199 198 220
f 199 220 222
f 201 200 221
f 201 221 223
f 202 199 222
f 202 222 224
f 203 201 223
f 203 223 225
f 204 202 224
f 204 224 226
f 205 203 225
f 205 225 227
f 206 204 226
f 206 226 213
f 207 205 227
f 207 227 215
f 223 221 228
f 223 228 229
f 224 222 230
f 224 230 231
f 225 223 229
f 225 229 232
f 226 224 231
f 226 231 233
f 227 225 232
f 227 232 234
f 213 226 233
f 213 233 235
f 215 227 234
f 215 234 236
f 214 213 235
f 214 235 237
f 216 215 236
f 216 236 238
f 217 214 237
f 217 237 239
f 218 216 238
f 218 238 240
f 219 24 241
f 26 217 239
f 220 218 240
f 220 240 242
f 221 219 241
f 221 241 228
f 222 220 242
f 222 242 230
f 238 236 243
f 238 243 244
f 239 237 245
f 239 245 246
f 240 238 244
f 240 244 247
f 241 24 248
f 26 239 246
f 242 240 247
f 242 247 249
f 228 241 248
f 228 248 250
f 230 242 249
f 230 249 251
f 229 228 250
f 229 250 252
f 231 230 251
f 231 251 253
f 232 229 252
f 232 252 254
f 233 231 253
f 233 253 255
f 234 232 254
f 234 254 256
f 235 233 255
f 235 255 257
f 236 234 256
f 236 256 243
f 237 235 257
f 237 257 245
f 253 251 258
f 253 258 259
f 254 252 260
f 254 260 261
f 255 253 259
f 255 259 262
f 256 254 261
f 256 261 263
f 257 255 262
f 257 262 264
f 243 256 263
f 243 263 265
f 245 257 264
f 245 264 266
f 244 243 265
f 244 265 267
f 246 245 266
f 246 266 268
f 247 244 267
f 247 267 269
f 248 24 270
f 26 246 268
f 249 247 269
f 249 269 271
f 250 248 270
f 250 270 272
f 251 249 271
f 251 271 258
f 252 250 272
f 252 272 260
f 268 266 273
f 268 273 274
f 269 267 275
f 269 275 276
f 270 24 277
f 26 268 274
f 271 269 276
f 271 276 278
f 272 270 277
f 272 277 279
f 258 271 278
f 258 278 280
f 260 272 279
f 260 279 281
f 259 258 280
f 259 280 282
f 261 260 281
f 261 281 283
f 262 259 282
f 262 282 284
f 263 261 283
f 263 283 285
f 264 262 284
f 264 284 286
f 265 263 285
f 265 285 287
f 266 264 286
f 266 286 273
f 267 265 287
f 267 287 275
f 283 281 288
f 283 288 289
f 284 282 290
f 284 290 291
f 285 283 289
f 285 289 292
f 286 284 291
f 286 291 293
f 287 285 292
f 287 292 294
f 273 286 293
f 273 293 295
f 275 287 294
f 275 294 296
f 274 273 295
f 274 295 297
f 276 275 296
f 276 296 298
f 277 24 299
f 26 274 297
f 278 276 298
f 278 298 300
f 279 277 299
f 279 299 301
f 280 278 300
f 280 300 302
f 281 279 301
f 281 301 288
f 282 280 302
f 282 302 290
f 298 296 303
f 298 303 304
f 299 24 305
f 26 297 306
f 300 298 304
f 300 304 307
f 301 299 305
f 301 305 308
f 302 300 307
f 302 307 309
f 288 301 308
f 288 308 310
f 290 302 309
f 290 309 311
f 289 288 310
f 289 310 312
f 291 290 311
f 291 311 313
f 292 289 312
f 292 312 314
f 293 291 313
f 293 313 315
f 294 292 314
f 294 314 316
f 295 293 315
f 295 315 317
f 296 294 316
f 296 316 303
f 297 295 317
f 297 317 306
f 313 311 318
f 313 318 319
f 314 312 320
f 314 320 321
f 315 313 319
f 315 319 322
f 316 314 321
f 316 321 323
f 317 315 322
f 317 322 324
f 303 316 323
f 303 323 325
f 306 317 324
f 306 324 326
f 304 303 325
f 304 325 327
f 305 24 328
f 26 306 326
f 307 304 327
f 307 327 329
f 308 305 328
f 308 328 330
f 309 307 329
f 309 329 331
f 310 308 330
f 310 330 332
f 311 309 331
f 311 331 318
f 312 310 332
f 312 332 320
f 26 326 333
f 329 327 334
f 329 334 335
f 330 328 336
f 330 336 337
f 331 329 335
f 331 335 338
f 332 330 337
f 332 337 339
f 318 331 338
f 318 338 340
f 320 332 339
f 320 339 341
f 319 318 340
f 319 340 342
f 321 320 341
f 321 341 343
f 322 319 342
f 322 342 344
f 323 321 343
f 323 343 345
f 324 322 344
f 324 344 346
f 325 323 345
f 325 345 347
f 326 324 346
f 326 346 333
f 327 325 347
f 327 347 334
f 328 24 336
f 344 342 348
f 344 348 349
f 345 343 350
f 345 350 351
f 346 344 349
f 346 349 352
f 347 345 351
f 347 351 353
f 333 346 352
f 333 352 354
f 334 347 353
f 334 353 355
f 336 24 356
f 26 333 354
f 335 334 355
f 335 355 357
f 337 336 356
f 337 356 358
f 338 335 357
f 338 357 359
f 339 337 358
f 339 358 360
f 340 338 359
f 340 359 361
f 341 339 360
f 341 360 362
f 342 340 361
f 342 361 348
f 343 341 362
f 343 362 350
f 358 356 363
f 358 363 364
f 359 357 365
f 359 365 366
f 360 358 364
f 360 364 367
f 361 359 366
f 361 366 368
f 362 360 367
f 362 367 369
f 348 361 368
f 348 368 370
f 350 362 369
f 350 369 371
f 349 348 370
f 349 370 372
f 351 350 371
f 351 371 373
f 352 349 372
f 352 372 374
f 353 351 373
f 353 373 375
f 354 352 374
f 354 374 376
f 355 353 375
f 355 375 377
f 356 24 363
f 26 354 376
f 357 355 377
f 357 377 365
f 373 371 378
f 373 378 379
f 374 372 380
f 374 380 381
f 375 373 379
f 375 379 382
f 376 374 381
f 376 381 383
f 377 375 382
f 377 382 384
f 363 24 385
f 26 376 383
f 365 377 384
f 365 384 386
f 364 363 385
f 364 385 387
f 366 365 386
f 366 386 388
f 367 364 387
f 367 387 389
f 368 366 388
f 368 388 390
f 369 367 389
f 369 389 391
f 370 368 390
f 370 390 392
f 371 369 391
f 371 391 378
f 372 370 392
f 372 392 380
f 388 386 393
f 388 393 394
f 389 387 395
f 389 395 396
f 390 388 394
f 390 394 397
f 391 389 396
f 391 396 398
f 392 390 397
f 392 397 399
f 378 391 398
f 378 398 400
f 380 392 399
f 380 399 401
f 379 378 400
f 379 400 402
f 381 380 401
f 381 401 403
f 382 379 402
f 382 402 404
f 383 381 403
f 383 403 405
f 384 382 404
f 384 404 406
f 385 24 407
f 26 383 405
f 386 384 406
f 386 406 393
f 387 385 407
f 387 407 395
f 403 401 408
f 403 408 409
f 404 402 410
f 404 410 411
f 405 403 409
f 405 409 412
f 406 404 411
f 406 411 413
f 407 24 414
f 26 405 412
f 393 406 413
f 393 413 415
f 395 407 414
f 395 414 416
f 394 393 415
f 394 415 417
f 396 395 416
f 396 416 418
f 397 394 417
f 397 417 419
f 398 396 418
f 398 418 420
f 399 397 419
f 399 419 421
f 400 398 420
f 400 420 422
f 401 399 421
f 401 421 408
f 402 400 422
f 402 422 410
f 418 416 423
f 418 423 424
f 419 417 425
f 419 425 426
f 420 418 424
f 420 424 427
f 421 419 426
f 421 426 428
f 422 420 427
f 422 427 429
f 408 421 428
f 408 428 430
f 410 422 429
f 410 429 431
f 409 408 430
f 409 430 432
f 411 410 431
f 411 431 433
f 412 409 432
f 412 432 434
f 413 411 433
f 413 433 435
f 414 24 436
f 26 412 434
f 415 413 435
f 415 435 437
f 416 414 436
f 416 436 423
f 417 415 437
f 417 437 425
f 433 431 438
f 433 438 439
f 434 432 440
f 434 440 441
f 435 433 439
f 435 439 442
f 436 24 443
f 26 434 441
f 437 435 442
f 437 442 444
f 423 436 443
f 423 443 445
f 425 437 444
f 425 444 446
f 424 423 445
f 424 445 447
f 426 425 446
f 426 446 448
f 427 424 447
f 427 447 449
f 428 426 448
f 428 448 450
f 429 427 449
f 429 449 451
f 430 428 450
f 430 450 452
f 431 429 451
f 431 451 438
f 432 430 452
f 432 452 440
f 448 446 453
f 448 453 454
f 449 447 455
f 449 455 456
f 450 448 454
f 450 454 457
f 451 449 456
f 451 456 458
f 452 450 457
f 452 457 459
f 438 451 458
f 438 458 460
f 440 452 459
f 440 459 461
f 439 438 460
f 439 460 462
f 441 440 461
f 441 461 463
f 442 439 462
f 442 462 464
f 443 24 465
f 26 441 463
f 444 442 464
f 444 464 466
f 445 443 465
f 445 465 467
f 446 444 466
f 446 466 453
f 447 445 467
f 447 467 455
f 463 461 468
f 463 468 469
f 464 462 470
f 464 470 471
f 465 24 472
f 26 463 469
f 466 464 471
f 466 471 473
f 467 465 472
f 467 472 474
f 453 466 473
f 453 473 475
f 455 467 474
f 455 474 476
f 454 453 475
f 454 475 477
f 456 455 476
f 456 476 478
f 457 454 477
f 457 477 479
f 458 456 478
f 458 478 480
f 459 457 479
f 459 479 481
f 460 458 480
f 460 480 482
f 461 459 481
f 461 481 468
f 462 460 482
f 462 482 470
f 479 477 6
f 479 6 5
f 480 478 1
f 480 1 9
f 481 479 5
f 481 5 11
f 482 480 9
f 482 9 13
f 468 481 11
f 468 11 15
f 470 482 13
f 470 13 17
f 469 468 15
f 469 15 19
f 471 470 17
f 471 17 21
f 472 24 23
f 26 469 19
f 473 471 21
f 473 21 27
f 474 472 23
f 474 23 29
f 475 473 27
f 475 27 31
f 476 474 29
f 476 29 2
f 477 475 31
f 477 31 6
f 478 476 2
f 478 2 1
f 483 484 485
f 483 485 486
f 487 488 489
f 487 489 490
f 491 492 484
f 491 484 483
f 493 494 488
f 493 488 487
f 495 496 492
f 495 492 491
f 497 498 494
f 497 494 493
f 499 500 496
f 499 496 495
f 501 502 498
f 501 498 497
f 503 504 500
f 503 500 499
f 505 506 507
f 508 502 501
f 509 510 504
f 509 504 503
f 511 512 506
f 511 506 505
f 513 514 510
f 513 510 509
f 486 485 512
f 486 512 511
f 490 489 514
f 490 514 513
f 514 515 516
f 514 516 510
f 485 517 518
f 485 518 512
f 489 519 515
f 489 515 514
f 484 520 517
f 484 517 485
f 488 521 519
f 488 519 489
f 492 522 520
f 492 520 484
f 494 523 521
f 494 521 488
f 496 524 522
f 496 522 492
f 498 525 523
f 498 523 494
f 500 526 524
f 500 524 496
f 502 527 525
f 502 525 498
f 504 528 526
f 504 526 500
f 506 529 507
f 508 527 502
f 510 516 528
f 510 528 504
f 512 518 529
f 512 529 506
f 525 530 531
f 525 531 523
f 526 532 533
f 526 533 524
f 527 534 530
f 527 530 525
f 528 535 532
f 528 532 526
f 529 536 507
f 508 534 527
f 516 537 535
f 516 535 528
f 518 538 536
f 518 536 529
f 515 539 537
f 515 537 516
f 517 540 538
f 517 538 518
f 519 541 539
f 519 539 515
f 520 542 540
f 520 540 517
f 521 543 541
f 521 541 519
f 522 544 542
f 522 542 520
f 523 531 543
f 523 543 521
f 524 533 544
f 524 544 522
f 541 545 546
f 541 546 539
f 542 547 548
f 542 548 540
f 543 549 545
f 543 545 541
f 544 550 547
f 544 547 542
f 531 551 549
f 531 549 543
f 533 552 550
f 533 550 544
f 530 553 551
f 530 551 531
f 532 554 552
f 532 552 533
f 534 555 553
f 534 553 530
f 535 556 554
f 535 554 532
f 536 557 507
f 508 555 534
f 537 558 556
f 537 556 535
f 538 559 557
f 538 557 536
f 539 546 558
f 539 558 537
f 540 548 559
f 540 559 538
f 555 560 561
f 555 561 553
f 556 562 563
f 556 563 554
f 557 564 507
f 508 560 555
f 558 565 562
f 558 562 556
f 559 566 564
f 559 564 557
f 546 567 565
f 546 565 558
f 548 568 566
f 548 566 559
f 545 569 567
f 545 567 546
f 547 570 568
f 547 568 548
f 549 571 569
f 549 569 545
f 550 572 570
f 550 570 547
f 551 573 571
f 551 571 549
f 552 574 572
f 552 572 550
f 553 561 573
f 553 573 551
f 554 563 574
f 554 574 552
f 570 575 576
f 570 576 568
f 571 577 578
f 571 578 569
f 572 579 575
f 572 575 570
f 573 580 577
f 573 577 571
f 574 581 579
f 574 579 572
f 561 582 580
f 561 580 573
f 563 583 581
f 563 581 574
f 560 584 582
f 560 582 561
f 562 585 583
f 562 583 563
f 564 586 507
f 508 584 560
f 565 587 585
f 565 585 562
f 566 588 586
f 566 586 564
f 567 589 587
f 567 587 565
f 568 576 588
f 568 588 566
f 569 578 589
f 569 589 567
f 585 590 591
f 585 591 583
f 586 592 507
f 508 593 584
f 587 594 590
f 587 590 585
f 588 595 592
f 588 592 586
f 589 596 594
f 589 594 587
f 576 597 595
f 576 595 588
f 578 598 596
f 578 596 589
f 575 599 597
f 575 597 576
f 577 600 598
f 577 598 578
f 579 601 599
f 579 599 575
f 580 602 600
f 580 600 577
f 581 603 601
f 581 601 579
f 582 604 602
f 582 602 580
f 583 591 603
f 583 603 581
f 584 593 604
f 584 604 582
f 600 605 606
f 600 606 598
f 601 607 608
f 601 608 599
f 602 609 605
f 602 605 600
f 603 610 607
f 603 607 601
f 604 611 609
f 604 609 602
f 591 612 610
f 591 610 603
f 593 613 611
f 593 611 604
f 590 614 612
f 590 612 591
f 592 615 507
f 508 613 593
f 594 616 614
f 594 614 590
f 595 617 615
f 595 615 592
f 596 618 616
f 596 616 594
f 597 619 617
f 597 617 595
f 598 606 618
f 598 618 596
f 599 608 619
f 599 619 597
f 615 620 507
f 508 621 613
f 616 622 623
f 616 623 614
f 617 624 620
f 617 620 615
f 618 625 622
f 618 622 616
f 619 626 624
f 619 624 617
f 606 627 625
f 606 625 618
f 608 628 626
f 608 626 619
f 605 629 627
f 605 627 606
f 607 630 628
f 607 628 608
f 609 631 629
f 609 629 605
f 610 632 630
f 610 630 607
f 611 633 631
f 611 631 609
f 612 634 632
f 612 632 610
f 613 621 633
f 613 633 611
f 614 623 634
f 614 634 612
f 630 635 636
f 630 636 628
f 631 637 638
f 631 638 629
f 632 639 635
f 632 635 630
f 633 640 637
f 633 637 631
f 634 641 639
f 634 639 632
f 621 642 640
f 621 640 633
f 623 643 641
f 623 641 634
f 620 644 507
f 508 642 621
f 622 645 643
f 622 643 623
f 624 646 644
f 624 644 620
f 625 647 645
f 625 645 622
f 626 648 646
f 626 646 624
f 627 649 647
f 627 647 625
f 628 636 648
f 628 648 626
f 629 638 649
f 629 649 627
f 645 650 651
f 645 651 643
f 646 652 653
f 646 653 644
f 647 654 650
f 647 650 645
f 648 655 652
f 648 652 646
f 649 656 654
f 649 654 647
f 636 657 655
f 636 655 648
f 638 658 656
f 638 656 649
f 635 659 657
f 635 657 636
f 637 660 658
f 637 658 638
f 639 661 659
f 639 659 635
f 640 662 660
f 640 660 637
f 641 663 661
f 641 661 639
f 642 664 662
f 642 662 640
f 643 651 663
f 643 663 641
f 644 653 507
f 508 664 642
f 660 665 666
f 660 666 658
f 661 667 668
f 661 668 659
f 662 669 665
f 662 665 660
f 663 670 667
f 663 667 661
f 664 671 669
f 664 669 662
f 651 672 670
f 651 670 663
f 653 673 507
f 508 671 664
f 650 674 672
f 650 672 651
f 652 675 673
f 652 673 653
f 654 676 674
f 654 674 650
f 655 677 675
f 655 675 652
f 656 678 676
f 656 676 654
f 657 679 677
f 657 677 655
f 658 666 678
f 658 678 656
f 659 668 679
f 659 679 657
f 676 680 681
f 676 681 674
f 677 682 683
f 677 683 675
f 678 684 680
f 678 680 676
f 679 685 682
f 679 682 677
f 666 686 684
f 666 684 678
f 668 687 685
f 668 685 679
f 665 688 686
f 665 686 666
f 667 689 687
f 667 687 668
f 669 690 688
f 669 688 665
f 670 691 689
f 670 689 667
f 671 692 690
f 671 690 669
f 672 693 691
f 672 691 670
f 673 694 507
f 508 692 671
f 674 681 693
f 674 693 672
f 675 683 694
f 675 694 673
f 690 695 696
f 690 696 688
f 691 697 698
f 691 698 689
f 692 699 695
f 692 695 690
f 693 700 697
f 693 697 691
f 694 701 507
f 508 699 692
f 681 702 700
f 681 700 693
f 683 703 701
f 683 701 694
f 680 704 702
f 680 702 681
f 682 705 703
f 682 703 683
f 684 706 704
f 684 704 680
f 685 707 705
f 685 705 682
f 686 708 706
f 686 706 684
f 687 709 707
f 687 707 685
f 688 696 708
f 688 708 686
f 689 698 709
f 689 709 687
f 705 710 711
f 705 711 703
f 706 712 713
f 706 713 704
f 707 714 710
f 707 710 705
f 708 715 712
f 708 712 706
f 709 716 714
f 709 714 707
f 696 717 715
f 696 715 708
f 698 718 716
f 698 716 709
f 695 719 717
f 695 717 696
f 697 720 718
f 697 718 698
f 699 721 719
f 699 719 695
f 700 722 720
f 700 720 697
f 701 723 507
f 508 721 699
f 702 724 722
f 702 722 700
f 703 711 723
f 703 723 701
f 704 713 724
f 704 724 702
f 720 725 726
f 720 726 718
f 721 727 728
f 721 728 719
f 722 729 725
f 722 725 720
f 723 730 507
f 508 727 721
f 724 731 729
f 724 729 722
f 711 732 730
f 711 730 723
f 713 733 731
f 713 731 724
f 710 734 732
f 710 732 711
f 712 735 733
f 712 733 713
f 714 736 734
f 714 734 710
f 715 737 735
f 715 735 712
f 716 738 736
f 716 736 714
f 717 739 737
f 717 737 715
f 718 726 738
f 718 738 716
f 719 728 739
f 719 739 717
f 735 740 741
f 735 741 733
f 736 742 743
f 736 743 734
f 737 744 740
f 737 740 735
f 738 745 742
f 738 742 736
f 739 746 744
f 739 744 737
f 726 747 745
f 726 745 738
f 728 748 746
f 728 746 739
f 725 749 747
f 725 747 726
f 727 750 748
f 727 748 728
f 729 751 749
f 729 749 725
f 730 752 507
f 508 750 727
f 731 753 751
f 731 751 729
f 732 754 752
f 732 752 730
f 733 741 753
f 733 753 731
f 734 743 754
f 734 754 732
f 750 755 756
f 750 756 748
f 751 757 758
f 751 758 749
f 752 759 507
f 508 755 750
f 753 760 757
f 753 757 751
f 754 761 759
f 754 759 752
f 741 762 760
f 741 760 753
f 743 763 761
f 743 761 754
f 740 764 762
f 740 762 741
f 742 765 763
f 742 763 743
f 744 766 764
f 744 764 740
f 745 767 765
f 745 765 742
f 746 768 766
f 746 766 744
f 747 769 767
f 747 767 745
f 748 756 768
f 748 768 746
f 749 758 769
f 749 769 747
f 765 770 771
f 765 771 763
f 766 772 773
f 766 773 764
f 767 774 770
f 767 770 765
f 768 775 772
f 768 772 766
f 769 776 774
f 769 774 767
f 756 777 775
f 756 775 768
f 758 778 776
f 758 776 769
f 755 779 777
f 755 777 756
f 757 780 778
f 757 778 758
f 759 781 507
f 508 779 755
f 760 782 780
f 760 780 757
f 761 783 781
f 761 781 759
f 762 784 782
f 762 782 760
f 763 771 783
f 763 783 761
f 764 773 784
f 764 784 762
f 780 785 786
f 780 786 778
f 781 787 507
f 508 788 779
f 782 789 785
f 782 785 780
f 783 790 787
f 783 787 781
f 784 791 789
f 784 789 782
f 771 792 790
f 771 790 783
f 773 793 791
f 773 791 784
f 770 794 792
f 770 792 771
f 772 795 793
f 772 793 773
f 774 796 794
f 774 794 770
f 775 797 795
f 775 795 772
f 776 798 796
f 776 796 774
f 777 799 797
f 777 797 775
f 778 786 798
f 778 798 776
f 779 788 799
f 779 799 777
f 795 800 801
f 795 801 793
f 796 802 803
f 796 803 794
f 797 804 800
f 797 800 795
f 798 805 802
f 798 802 796
f 799 806 804
f 799 804 797
f 786 807 805
f 786 805 798
f 788 808 806
f 788 806 799
f 785 809 807
f 785 807 786
f 787 810 507
f 508 808 788
f 789 811 809
f 789 809 785
f 790 812 810
f 790 810 787
f 791 813 811
f 791 811 789
f 792 814 812
f 792 812 790
f 793 801 813
f 793 813 791
f 794 803 814
f 794 814 792
f 508 815 808
f 811 816 817
f 811 817 809
f 812 818 819
f 812 819 810
f 813 820 816
f 813 816 811
f 814 821 818
f 814 818 812
f 801 822 820
f 801 820 813
f 803 823 821
f 803 821 814
f 800 824 822
f 800 822 801
f 802 825 823
f 802 823 803
f 804 826 824
f 804 824 800
f 805 827 825
f 805 825 802
f 806 828 826
f 806 826 804
f 807 829 827
f 807 827 805
f 808 815 828
f 808 828 806
f 809 817 829
f 809 829 807
f 810 819 507
f 826 830 831
f 826 831 824
f 827 832 833
f 827 833 825
f 828 834 830
f 828 830 826
f 829 835 832
f 829 832 827
f 815 836 834
f 815 834 828
f 817 837 835
f 817 835 829
f 819 838 507
f 508 836 815
f 816 839 837
f 816 837 817
f 818 840 838
f 818 838 819
f 820 841 839
f 820 839 816
f 821 842 840
f 821 840 818
f 822 843 841
f 822 841 820
f 823 844 842
f 823 842 821
f 824 831 843
f 824 843 822
f 825 833 844
f 825 844 823
f 840 845 846
f 840 846 838
f 841 847 848
f 841 848 839
f 842 849 845
f 842 845 840
f 843 850 847
f 843 847 841
f 844 851 849
f 844 849 842
f 831 852 850
f 831 850 843
f 833 853 851
f 833 851 844
f 830 854 852
f 830 852 831
f 832 855 853
f 832 853 833
f 834 856 854
f 834 854 830
f 835 857 855
f 835 855 832
f 836 858 856
f 836 856 834
f 837 859 857
f 837 857 835
f 838 846 507
f 508 858 836
f 839 848 859
f 839 859 837
f 855 860 861
f 855 861 853
f 856 862 863
f 856 863 854
f 857 864 860
f 857 860 855
f 858 865 862
f 858 862 856
f 859 866 864
f 859 864 857
f 846 867 507
f 508 865 858
f 848 868 866
f 848 866 859
f 845 869 867
f 845 867 846
f 847 870 868
f 847 868 848
f 849 871 869
f 849 869 845
f 850 872 870
f 850 870 847
f 851 873 871
f 851 871 849
f 852 874 872
f 852 872 850
f 853 861 873
f 853 873 851
f 854 863 874
f 854 874 852
f 870 875 876
f 870 876 868
f 871 877 878
f 871 878 869
f 872 879 875
f 872 875 870
f 873 880 877
f 873 877 871
f 874 881 879
f 874 879 872
f 861 882 880
f 861 880 873
f 863 883 881
f 863 881 874
f 860 884 882
f 860 882 861
f 862 885 883
f 862 883 863
f 864 886 884
f 864 884 860
f 865 887 885
f 865 885 862
f 866 888 886
f 866 886 864
f 867 889 507
f 508 887 865
f 868 876 888
f 868 888 866
f 869 878 889
f 869 889 867
f 885 890 891
f 885 891 883
f 886 892 893
f 886 893 884
f 887 894 890
f 887 890 885
f 888 895 892
f 888 892 886
f 889 896 507
f 508 894 887
f 876 897 895
f 876 895 888
f 878 898 896
f 878 896 889
f 875 899 897
f 875 897 876
f 877 900 898
f 877 898 878
f 879 901 899
f 879 899 875
f 880 902 900
f 880 900 877
f 881 903 901
f 881 901 879
f 882 904 902
f 882 902 880
f 883 891 903
f 883 903 881
f 884 893 904
f 884 904 882
f 900 905 906
f 900 906 898
f 901 907 908
f 901 908 899
f 902 909 905
f 902 905 900
f 903 910 907
f 903 907 901
f 904 911 909
f 904 909 902
f 891 912 910
f 891 910 903
f 893 913 911
f 893 911 904
f 890 914 912
f 890 912 891
f 892 915 913
f 892 913 893
f 894 916 914
f 894 914 890
f 895 917 915
f 895 915 892
f 896 918 507
f 508 916 894
f 897 919 917
f 897 917 895
f 898 906 918
f 898 918 896
f 899 908 919
f 899 919 897
f 915 920 921
f 915 921 913
f 916 922 923
f 916 923 914
f 917 924 920
f 917 920 915
f 918 925 507
f 508 922 916
f 919 926 924
f 919 924 917
f 906 927 925
f 906 925 918
f 908 928 926
f 908 926 919
f 905 929 927
f 905 927 906
f 907 930 928
f 907 928 908
f 909 931 929
f 909 929 905
f 910 932 930
f 910 930 907
f 911 933 931
f 911 931 909
f 912 934 932
f 912 932 910
f 913 921 933
f 913 933 911
f 914 923 934
f 914 934 912
f 930 935 936
f 930 936 928
f 931 937 938
f 931 938 929
f 932 939 935
f 932 935 930
f 933 940 937
f 933 937 931
f 934 941 939
f 934 939 932
f 921 942 940
f 921 940 933
f 923 943 941
f 923 941 934
f 920 944 942
f 920 942 921
f 922 945 943
f 922 943 923
f 924 946 944
f 924 944 920
f 925 947 507
f 508 945 922
f 926 948 946
f 926 946 924
f 927 949 947
f 927 947 925
f 928 936 948
f 928 948 926
f 929 938 949
f 929 949 927
f 945 950 951
f 945 951 943
f 946 952 953
f 946 953 944
f 947 954 507
f 508 950 945
f 948 955 952
f 948 952 946
f 949 956 954
f 949 954 947
f 936 957 955
f 936 955 948
f 938 958 956
f 938 956 949
f 935 959 957
f 935 957 936
f 937 960 958
f 937 958 938
f 939 961 959
f 939 959 935
f 940 962 960
f 940 960 937
f 941 963 961
f 941 961 939
f 942 964 962
f 942 962 940
f 943 951 963
f 943 963 941
f 944 953 964
f 944 964 942
f 961 487 490
f 961 490 959
f 962 491 483
f 962 483 960
f 963 493 487
f 963 487 961
f 964 495 491
f 964 491 962
f 951 497 493
f 951 493 963
f 953 499 495
f 953 495 964
f 950 501 497
f 950 497 951
f 952 503 499
f 952 499 953
f 954 505 507
f 508 501 950
f 955 509 503
f 955 503 952
f 956 511 505
f 956 505 954
f 957 513 509
f 957 509 955
f 958 486 511
f 958 511 956
f 959 490 513
f 959 513 957
f 960 483 486
f 960 486 958
f 965 966 967
f 965 967 968
f 966 969 970
f 966 970 967
f 969 971 972
f 969 972 970
f 971 973 974
f 971 974 972
f 973 975 976
f 973 976 974
f 975 977 978
f 975 978 976
f 968 967 979
f 968 979 980
f 967 970 981
f 967 981 979
f 970 972 982
f 970 982 981
f 972 974 983
f 972 983 982
f 974 976 984
f 974 984 983
f 976 978 985
f 976 985 984
f 980 979 986
f 980 986 987
f 979 981 988
f 979 988 986
f 981 982 989
f 981 989 988
f 982 983 990
f 982 990 989
f 983 984 991
f 983 991 990
f 984 985 992
f 984 992 991
f 987 986 993
f 987 993 994
f 986 988 995
f 986 995 993
f 988 989 996
f 988 996 995
f 989 990 997
f 989 997 996
f 990 991 998
f 990 998 997
f 991 992 999
f 991 999 998
f 994 993 1000
f 994 1000 1001
f 993 995 1002
f 993 1002 1000
f 995 996 1003
f 995 1003 1002
f 996 997 1004
f 996 1004 1003
f 997 998 1005
f 997 1005 1004
f 998 999 1006
f 998 1006 1005
f 1001 1000 1007
f 1001 1007 1008
f 1000 1002 1009
f 1000 1009 1007
f 1002 1003 1010
f 1002 1010 1009
f 1003 1004 1011
f 1003 1011 1010
f 1004 1005 1012
f 1004 1012 1011
f 1005 1006 1013
f 1005 1013 1012
f 1014 1015 965
f 1014 965 1016
f 1015 1017 966
f 1015 966 965
f 1017 1018 969
f 1017 969 966
f 1018 1019 971
f 1018 971 969
f 1019 1020 973
f 1019 973 971
f 1020 1021 975
f 1020 975 973
f 1021 1022 977
f 1021 977 975
f 1022 1023 1024
f 1022 1024 977
f 977 1024 1025
f 977 1025 978
f 978 1025 1026
f 978 1026 985
f 985 1026 1027
f 985 1027 992
f 992 1027 1028
f 992 1028 999
f 999 1028 1029
f 999 1029 1006
f 1006 1029 1030
f 1006 1030 1013
f 1013 1030 1031
f 1013 1031 1032
f 1012 1013 1032
f 1012 1032 1033
f 1011 1012 1033
f 1011 1033 1034
f 1010 1011 1034
f 1010 1034 1035
f 1009 1010 1035
f 1009 1035 1036
f 1007 1009 1036
f 1007 1036 1037
f 1008 1007 1037
f 1008 1037 1038
f 1039 1008 1038
f 1039 1038 1040
f 1041 1001 1008
f 1041 1008 1039
f 1042 994 1001
f 1042 1001 1041
f 1043 987 994
f 1043 994 1042
f 1044 980 987
f 1044 987 1043
f 1045 968 980
f 1045 980 1044
f 1016 965 968
f 1016 968 1045
f 1046 1047 1048
f 1046 1048 1049
f 1047 1050 1051
f 1047 1051 1048
f 1050 1052 1053
f 1050 1053 1051
f 1052 1054 1055
f 1052 1055 1053
f 1054 1056 1057
f 1054 1057 1055
f 1056 1058 1059
f 1056 1059 1057
f 1049 1048 1060
f 1049 1060 1061
f 1048 1051 1062
f 1048 1062 1060
f 1051 1053 1063
f 1051 1063 1062
f 1053 1055 1064
f 1053 1064 1063
f 1055 1057 1065
f 1055 1065 1064
f 1057 1059 1066
f 1057 1066 1065
f 1061 1060 1067
f 1061 1067 1068
f 1060 1062 1069
f 1060 1069 1067
f 1062 1063 1070
f 1062 1070 1069
f 1063 1064 1071
f 1063 1071 1070
f 1064 1065 1072
f 1064 1072 1071
f 1065 1066 1073
f 1065 1073 1072
f 1068 1067 1074
f 1068 1074 1075
f 1067 1069 1076
f 1067 1076 1074
f 1069 1070 1077
f 1069 1077 1076
f 1070 1071 1078
f 1070 1078 1077
f 1071 1072 1079
f 1071 1079 1078
f 1072 1073 1080
f 1072 1080 1079
f 1075 1074 1081
f 1075 1081 1082
f 1074 1076 1083
f 1074 1083 1081
f 1076 1077 1084
f 1076 1084 1083
f 1077 1078 1085
f 1077 1085 1084
f 1078 1079 1086
f 1078 1086 1085
f 1079 1080 1087
f 1079 1087 1086
f 1082 1081 1088
f 1082 1088 1089
f 1081 1083 1090
f 1081 1090 1088
f 1083 1084 1091
f 1083 1091 1090
f 1084 1085 1092
f 1084 1092 1091
f 1085 1086 1093
f 1085 1093 1092
f 1086 1087 1094
f 1086 1094 1093
f 1040 1038 1046
f 1040 1046 1095
f 1038 1037 1047
f 1038 1047 1046
f 1037 1036 1050
f 1037 1050 1047
f 1036 1035 1052
f 1036 1052 1050
f 1035 1034 1054
f 1035 1054 1052
f 1034 1033 1056
f 1034 1056 1054
f 1033 1032 1058
f 1033 1058 1056
f 1032 1031 1096
f 1032 1096 1058
f 1058 1096 1097
f 1058 1097 1059
f 1059 1097 1098
f 1059 1098 1066
f 1066 1098 1099
f 1066 1099 1073
f 1073 1099 1100
f 1073 1100 1080
f 1080 1100 1101
f 1080 1101 1087
f 1087 1101 1102
f 1087 1102 1094
f 1094 1102 1103
f 1094 1103 1104
f 1093 1094 1104
f 1093 1104 1105
f 1092 1093 1105
f 1092 1105 1106
f 1091 1092 1106
f 1091 1106 1107
f 1090 1091 1107
f 1090 1107 1108
f 1088 1090 1108
f 1088 1108 1109
f 1089 1088 1109
f 1089 1109 1110
f 1111 1089 1110
f 1111 1110 1112
f 1113 1082 1089
f 1113 1089 1111
f 1114 1075 1082
f 1114 1082 1113
f 1115 1068 1075
f 1115 1075 1114
f 1116 1061 1068
f 1116 1068 1115
f 1117 1049 1061
f 1117 1061 1116
f 1095 1046 1049
f 1095 1049 1117
f 1118 1119 1120
f 1118 1120 1121
f 1119 1122 1123
f 1119 1123 1120
f 1122 1124 1125
f 1122 1125 1123
f 1124 1126 1127
f 1124 1127 1125
f 1126 1128 1129
f 1126 1129 1127
f 1128 1130 1131
f 1128 1131 1129
f 1121 1120 1132
f 1121 1132 1133
f 1120 1123 1134
f 1120 1134 1132
f 1123 1125 1135
f 1123 1135 1134
f 1125 1127 1136
f 1125 1136 1135
f 1127 1129 1137
f 1127 1137 1136
f 1129 1131 1138
f 1129 1138 1137
f 1133 1132 1139
f 1133 1139 1140
f 1132 1134 1141
f 1132 1141 1139
f 1134 1135 1142
f 1134 1142 1141
f 1135 1136 1143
f 1135 1143 1142
f 1136 1137 1144
f 1136 1144 1143
f 1137 1138 1145
f 1137 1145 1144
f 1140 1139 1146
f 1140 1146 1147
f 1139 1141 1148
f 1139 1148 1146
f 1141 1142 1149
f 1141 1149 1148
f 1142 1143 1150
f 1142 1150 1149
f 1143 1144 1151
f 1143 1151 1150
f 1144 1145 1152
f 1144 1152 1151
f 1147 1146 1153
f 1147 1153 1154
f 1146 1148 1155
f 1146 1155 1153
f 1148 1149 1156
f 1148 1156 1155
f 1149 1150 1157
f 1149 1157 1156
f 1150 1151 1158
f 1150 1158 1157
f 1151 1152 1159
f 1151 1159 1158
f 1154 1153 1160
f 1154 1160 1161
f 1153 1155 1162
f 1153 1162 1160
f 1155 1156 1163
f 1155 1163 1162
f 1156 1157 1164
f 1156 1164 1163
f 1157 1158 1165
f 1157 1165 1164
f 1158 1159 1166
f 1158 1166 1165
f 1112 1110 1118
f 1112 1118 1167
f 1110 1109 1119
f 1110 1119 1118
f 1109 1108 1122
f 1109 1122 1119
f 1108 1107 1124
f 1108 1124 1122
f 1107 1106 1126
f 1107 1126 1124
f 1106 1105 1128
f 1106 1128 1126
f 1105 1104 1130
f 1105 1130 1128
f 1104 1103 1168
f 1104 1168 1130
f 1130 1168 1169
f 1130 1169 1131
f 1131 1169 1170
f 1131 1170 1138
f 1138 1170 1171
f 1138 1171 1145
f 1145 1171 1172
f 1145 1172 1152
f 1152 1172 1173
f 1152 1173 1159
f 1159 1173 1174
f 1159 1174 1166
f 1166 1174 1175
f 1166 1175 1176
f 1165 1166 1176
f 1165 1176 1177
f 1164 1165 1177
f 1164 1177 1178
f 1163 1164 1178
f 1163 1178 1179
f 1162 1163 1179
f 1162 1179 1180
f 1160 1162 1180
f 1160 1180 1181
f 1161 1160 1181
f 1161 1181 1182
f 1183 1161 1182
f 1183 1182 1184
f 1185 1154 1161
f 1185 1161 1183
f 1186 1147 1154
f 1186 1154 1185
f 1187 1140 1147
f 1187 1147 1186
f 1188 1133 1140
f 1188 1140 1187
f 1189 1121 1133
f 1189 1133 1188
f 1167 1118 1121
f 1167 1121 1189
f 1190 1191 1192
f 1190 1192 1193
f 1191 1194 1195
f 1191 1195 1192
f 1194 1196 1197
f 1194 1197 1195
f 1196 1198 1199
f 1196 1199 1197
f 1198 1200 1201
f 1198 1201 1199
f 1200 1202 1203
f 1200 1203 1201
f 1193 1192 1204
f 1193 1204 1205
f 1192 1195 1206
f 1192 1206 1204
f 1195 1197 1207
f 1195 1207 1206
f 1197 1199 1208
f 1197 1208 1207
f 1199 1201 1209
f 1199 1209 1208
f 1201 1203 1210
f 1201 1210 1209
f 1205 1204 1211
f 1205 1211 1212
f 1204 1206 1213
f 1204 1213 1211
f 1206 1207 1214
f 1206 1214 1213
f 1207 1208 1215
f 1207 1215 1214
f 1208 1209 1216
f 1208 1216 1215
f 1209 1210 1217
f 1209 1217 1216
f 1212 1211 1218
f 1212 1218 1219
f 1211 1213 1220
f 1211 1220 1218
f 1213 1214 1221
f 1213 1221 1220
f 1214 1215 1222
f 1214 1222 1221
f 1215 1216 1223
f 1215 1223 1222
f 1216 1217 1224
f 1216 1224 1223
f 1219 1218 1225
f 1219 1225 1226
f 1218 1220 1227
f 1218 1227 1225
f 1220 1221 1228
f 1220 1228 1227
f 1221 1222 1229
f 1221 1229 1228
f 1222 1223 1230
f 1222 1230 1229
f 1223 1224 1231
f 1223 1231 1230
f 1226 1225 1232
f 1226 1232 1233
f 1225 1227 1234
f 1225 1234 1232
f 1227 1228 1235
f 1227 1235 1234
f 1228 1229 1236
f 1228 1236 1235
f 1229 1230 1237
f 1229 1237 1236
f 1230 1231 1238
f 1230 1238 1237
f 1239 1240 1190
f 1239 1190 1241
f 1240 1242 1191
f 1240 1191 1190
f 1242 1243 1194
f 1242 1194 1191
f 1243 1244 1196
f 1243 1196 1194
f 1244 1245 1198
f 1244 1198 1196
f 1245 1246 1200
f 1245 1200 1198
f 1246 1247 1202
f 1246 1202 1200
f 1247 1248 1249
f 1247 1249 1202
f 1202 1249 1250
f 1202 1250 1203
f 1203 1250 1251
f 1203 1251 1210
f 1210 1251 1252
f 1210 1252 1217
f 1217 1252 1253
f 1217 1253 1224
f 1224 1253 1254
f 1224 1254 1231
f 1231 1254 1255
f 1231 1255 1238
f 1238 1255 1256
f 1238 1256 1257
f 1237 1238 1257
f 1237 1257 1258
f 1236 1237 1258
f 1236 1258 1259
f 1235 1236 1259
f 1235 1259 1260
f 1234 1235 1260
f 1234 1260 1261
f 1232 1234 1261
f 1232 1261 1262
f 1233 1232 1262
f 1233 1262 1263
f 1264 1233 1263
f 1264 1263 1265
f 1266 1226 1233
f 1266 1233 1264
f 1267 1219 1226
f 1267 1226 1266
f 1268 1212 1219
f 1268 1219 1267
f 1269 1205 1212
f 1269 1212 1268
f 1270 1193 1205
f 1270 1205 1269
f 1241 1190 1193
f 1241 1193 1270
f 1271 1272 1273
f 1271 1273 1274
f 1272 1275 1276
f 1272 1276 1273
f 1275 1277 1278
f 1275 1278 1276
f 1277 1279 1280
f 1277 1280 1278
f 1279 1281 1282
f 1279 1282 1280
f 1281 1283 1284
f 1281 1284 1282
f 1274 1273 1285
f 1274 1285 1286
f 1273 1276 1287
f 1273 1287 1285
f 1276 1278 1288
f 1276 1288 1287
f 1278 1280 1289
f 1278 1289 1288
f 1280 1282 1290
f 1280 1290 1289
f 1282 1284 1291
f 1282 1291 1290
f 1286 1285 1292
f 1286 1292 1293
f 1285 1287 1294
f 1285 1294 1292
f 1287 1288 1295
f 1287 1295 1294
f 1288 1289 1296
f 1288 1296 1295
f 1289 1290 1297
f 1289 1297 1296
f 1290 1291 1298
f 1290 1298 1297
f 1293 1292 1299
f 1293 1299 1300
f 1292 1294 1301
f 1292 1301 1299
f 1294 1295 1302
f 1294 1302 1301
f 1295 1296 1303
f 1295 1303 1302
f 1296 1297 1304
f 1296 1304 1303
f 1297 1298 1305
f 1297 1305 1304
f 1300 1299 1306
f 1300 1306 1307
f 1299 1301 1308
f 1299 1308 1306
f 1301 1302 1309
f 1301 1309 1308
f 1302 1303 1310
f 1302 1310 1309
f 1303 1304 1311
f 1303 1311 1310
f 1304 1305 1312
f 1304 1312 1311
f 1307 1306 1313
f 1307 1313 1314
f 1306 1308 1315
f 1306 1315 1313
f 1308 1309 1316
f 1308 1316 1315
f 1309 1310 1317
f 1309 1317 1316
f 1310 1311 1318
f 1310 1318 1317
f 1311 1312 1319
f 1311 1319 1318
f 1248 1320 1271
f 1248 1271 1249
f 1320 1321 1272
f 1320 1272 1271
f 1321 1322 1275
f 1321 1275 1272
f 1322 1323 1277
f 1322 1277 1275
f 1323 1324 1279
f 1323 1279 1277
f 1324 1325 1281
f 1324 1281 1279
f 1325 1326 1283
f 1325 1283 1281
f 1326 1327 1328
f 1326 1328 1283
f 1283 1328 1329
f 1283 1329 1284
f 1284 1329 1330
f 1284 1330 1291
f 1291 1330 1331
f 1291 1331 1298
f 1298 1331 1332
f 1298 1332 1305
f 1305 1332 1333
f 1305 1333 1312
f 1312 1333 1334
f 1312 1334 1319
f 1319 1334 1335
f 1319 1335 1336
f 1318 1319 1336
f 1318 1336 1337
f 1317 1318 1337
f 1317 1337 1338
f 1316 1317 1338
f 1316 1338 1339
f 1315 1316 1339
f 1315 1339 1340
f 1313 1315 1340
f 1313 1340 1341
f 1314 1313 1341
f 1314 1341 1342
f 1255 1314 1342
f 1255 1342 1256
f 1254 1307 1314
f 1254 1314 1255
f 1253 1300 1307
f 1253 1307 1254
f 1252 1293 1300
f 1252 1300 1253
f 1251 1286 1293
f 1251 1293 1252
f 1250 1274 1286
f 1250 1286 1251
f 1249 1271 1274
f 1249 1274 1250
f 1343 1344 1345
f 1343 1345 1346
f 1344 1347 1348
f 1344 1348 1345
f 1347 1349 1350
f 1347 1350 1348
f 1349 1351 1352
f 1349 1352 1350
f 1351 1353 1354
f 1351 1354 1352
f 1353 1355 1356
f 1353 1356 1354
f 1346 1345 1357
f 1346 1357 1358
f 1345 1348 1359
f 1345 1359 1357
f 1348 1350 1360
f 1348 1360 1359
f 1350 1352 1361
f 1350 1361 1360
f 1352 1354 1362
f 1352 1362 1361
f 1354 1356 1363
f 1354 1363 1362
f 1358 1357 1364
f 1358 1364 1365
f 1357 1359 1366
f 1357 1366 1364
f 1359 1360 1367
f 1359 1367 1366
f 1360 1361 1368
f 1360 1368 1367
f 1361 1362 1369
f 1361 1369 1368
f 1362 1363 1370
f 1362 1370 1369
f 1365 1364 1371
f 1365 1371 1372
f 1364 1366 1373
f 1364 1373 1371
f 1366 1367 1374
f 1366 1374 1373
f 1367 1368 1375
f 1367 1375 1374
f 1368 1369 1376
f 1368 1376 1375
f 1369 1370 1377
f 1369 1377 1376
f 1372 1371 1378
f 1372 1378 1379
f 1371 1373 1380
f 1371 1380 1378
f 1373 1374 1381
f 1373 1381 1380
f 1374 1375 1382
f 1374 1382 1381
f 1375 1376 1383
f 1375 1383 1382
f 1376 1377 1384
f 1376 1384 1383
f 1379 1378 1385
f 1379 1385 1386
f 1378 1380 1387
f 1378 1387 1385
f 1380 1381 1388
f 1380 1388 1387
f 1381 1382 1389
f 1381 1389 1388
f 1382 1383 1390
f 1382 1390 1389
f 1383 1384 1391
f 1383 1391 1390
f 1265 1263 1343
f 1265 1343 1392
f 1263 1262 1344
f 1263 1344 1343
f 1262 1261 1347
f 1262 1347 1344
f 1261 1260 1349
f 1261 1349 1347
f 1260 1259 1351
f 1260 1351 1349
f 1259 1258 1353
f 1259 1353 1351
f 1258 1257 1355
f 1258 1355 1353
f 1257 1256 1393
f 1257 1393 1355
f 1355 1393 1394
f 1355 1394 1356
f 1356 1394 1395
f 1356 1395 1363
f 1363 1395 1396
f 1363 1396 1370
f 1370 1396 1397
f 1370 1397 1377
f 1377 1397 1398
f 1377 1398 1384
f 1384 1398 1399
f 1384 1399 1391
f 1391 1399 1400
f 1391 1400 1401
f 1390 1391 1401
f 1390 1401 1402
f 1389 1390 1402
f 1389 1402 1403
f 1388 1389 1403
f 1388 1403 1404
f 1387 1388 1404
f 1387 1404 1405
f 1385 1387 1405
f 1385 1405 1406
f 1386 1385 1406
f 1386 1406 1407
f 1408 1386 1407
f 1408 1407 1409
f 1410 1379 1386
f 1410 1386 1408
f 1411 1372 1379
f 1411 1379 1410
f 1412 1365 1372
f 1412 1372 1411
f 1413 1358 1365
f 1413 1365 1412
f 1414 1346 1358
f 1414 1358 1413
f 1392 1343 1346
f 1392 1346 1414
f 1415 1416 1417
f 1415 1417 1418
f 1416 1419 1420
f 1416 1420 1417
f 1419 1421 1422
f 1419 1422 1420
f 1421 1423 1424
f 1421 1424 1422
f 1423 1425 1426
f 1423 1426 1424
f 1425 1427 1428
f 1425 1428 1426
f 1418 1417 1429
f 1418 1429 1430
f 1417 1420 1431
f 1417 1431 1429
f 1420 1422 1432
f 1420 1432 1431
f 1422 1424 1433
f 1422 1433 1432
f 1424 1426 1434
f 1424 1434 1433
f 1426 1428 1435
f 1426 1435 1434
f 1430 1429 1436
f 1430 1436 1437
f 1429 1431 1438
f 1429 1438 1436
f 1431 1432 1439
f 1431 1439 1438
f 1432 1433 1440
f 1432 1440 1439
f 1433 1434 1441
f 1433 1441 1440
f 1434 1435 1442
f 1434 1442 1441
f 1437 1436 1443
f 1437 1443 1444
f 1436 1438 1445
f 1436 1445 1443
f 1438 1439 1446
f 1438 1446 1445
f 1439 1440 1447
f 1439 1447 1446
f 1440 1441 1448
f 1440 1448 1447
f 1441 1442 1449
f 1441 1449 1448
f 1444 1443 1450
f 1444 1450 1451
f 1443 1445 1452
f 1443 1452 1450
f 1445 1446 1453
f 1445 1453 1452
f 1446 1447 1454
f 1446 1454 1453
f 1447 1448 1455
f 1447 1455 1454
f 1448 1449 1456
f 1448 1456 1455
f 1451 1450 1457
f 1451 1457 1458
f 1450 1452 1459
f 1450 1459 1457
f 1452 1453 1460
f 1452 1460 1459
f 1453 1454 1461
f 1453 1461 1460
f 1454 1455 1462
f 1454 1462 1461
f 1455 1456 1463
f 1455 1463 1462
f 1409 1407 1415
f 1409 1415 1464
f 1407 1406 1416
f 1407 1416 1415
f 1406 1405 1419
f 1406 1419 1416
f 1405 1404 1421
f 1405 1421 1419
f 1404 1403 1423
f 1404 1423 1421
f 1403 1402 1425
f 1403 1425 1423
f 1402 1401 1427
f 1402 1427 1425
f 1401 1400 1465
f 1401 1465 1427
f 1427 1465 1466
f 1427 1466 1428
f 1428 1466 1467
f 1428 1467 1435
f 1435 1467 1468
f 1435 1468 1442
f 1442 1468 1469
f 1442 1469 1449
f 1449 1469 1470
f 1449 1470 1456
f 1456 1470 1471
f 1456 1471 1463
f 1463 1471 1472
f 1463 1472 1473
f 1462 1463 1473
f 1462 1473 1474
f 1461 1462 1474
f 1461 1474 1475
f 1460 1461 1475
f 1460 1475 1476
f 1459 1460 1476
f 1459 1476 1477
f 1457 1459 1477
f 1457 1477 1478
f 1458 1457 1478
f 1458 1478 1479
f 1480 1458 1479
f 1480 1479 1481
f 1482 1451 1458
f 1482 1458 1480
f 1483 1444 1451
f 1483 1451 1482
f 1484 1437 1444
f 1484 1444 1483
f 1485 1430 1437
f 1485 1437 1484
f 1486 1418 1430
f 1486 1430 1485
f 1464 1415 1418
f 1464 1418 1486
f 1487 1488 1489
f 1487 1489 1490
f 1488 1491 1492
f 1488 1492 1489
f 1491 1493 1494
f 1491 1494 1492
f 1493 1495 1496
f 1493 1496 1494
f 1495 1497 1498
f 1495 1498 1496
f 1497 1499 1500
f 1497 1500 1498
f 1490 1489 1501
f 1490 1501 1502
f 1489 1492 1503
f 1489 1503 1501
f 1492 1494 1504
f 1492 1504 1503
f 1494 1496 1505
f 1494 1505 1504
f 1496 1498 1506
f 1496 1506 1505
f 1498 1500 1507
f 1498 1507 1506
f 1502 1501 1508
f 1502 1508 1509
f 1501 1503 1510
f 1501 1510 1508
f 1503 1504 1511
f 1503 1511 1510
f 1504 1505 1512
f 1504 1512 1511
f 1505 1506 1513
f 1505 1513 1512
f 1506 1507 1514
f 1506 1514 1513
f 1509 1508 1515
f 1509 1515 1516
f 1508 1510 1517
f 1508 1517 1515
f 1510 1511 1518
f 1510 1518 1517
f 1511 1512 1519
f 1511 1519 1518
f 1512 1513 1520
f 1512 1520 1519
f 1513 1514 1521
f 1513 1521 1520
f 1516 1515 1522
f 1516 1522 1523
f 1515 1517 1524
f 1515 1524 1522
f 1517 1518 1525
f 1517 1525 1524
f 1518 1519 1526
f 1518 1526 1525
f 1519 1520 1527
f 1519 1527 1526
f 1520 1521 1528
f 1520 1528 1527
f 1523 1522 1529
f 1523 1529 1530
f 1522 1524 1531
f 1522 1531 1529
f 1524 1525 1532
f 1524 1532 1531
f 1525 1526 1533
f 1525 1533 1532
f 1526 1527 1534
f 1526 1534 1533
f 1527 1528 1535
f 1527 1535 1534
f 1327 1536 1487
f 1327 1487 1328
f 1536 1537 1488
f 1536 1488 1487
f 1537 1538 1491
f 1537 1491 1488
f 1538 1539 1493
f 1538 1493 1491
f 1539 1540 1495
f 1539 1495 1493
f 1540 1541 1497
f 1540 1497 1495
f 1541 1542 1499
f 1541 1499 1497
f 1542 1543 1544
f 1542 1544 1499
f 1499 1544 1545
f 1499 1545 1500
f 1500 1545 1546
f 1500 1546 1507
f 1507 1546 1547
f 1507 1547 1514
f 1514 1547 1548
f 1514 1548 1521
f 1521 1548 1549
f 1521 1549 1528
f 1528 1549 1550
f 1528 1550 1535
f 1535 1550 1551
f 1535 1551 1552
f 1534 1535 1552
f 1534 1552 1553
f 1533 1534 1553
f 1533 1553 1554
f 1532 1533 1554
f 1532 1554 1555
f 1531 1532 1555
f 1531 1555 1556
f 1529 1531 1556
f 1529 1556 1557
f 1530 1529 1557
f 1530 1557 1558
f 1334 1530 1558
f 1334 1558 1335
f 1333 1523 1530
f 1333 1530 1334
f 1332 1516 1523
f 1332 1523 1333
f 1331 1509 1516
f 1331 1516 1332
f 1330 1502 1509
f 1330 1509 1331
f 1329 1490 1502
f 1329 1502 1330
f 1328 1487 1490
f 1328 1490 1329
f 1559 1560 1561
f 1559 1561 1562
f 1560 1563 1564
f 1560 1564 1561
f 1563 1565 1566
f 1563 1566 1564
f 1565 1567 1568
f 1565 1568 1566
f 1567 1569 1570
f 1567 1570 1568
f 1569 1571 1572
f 1569 1572 1570
f 1562 1561 1573
f 1562 1573 1574
f 1561 1564 1575
f 1561 1575 1573
f 1564 1566 1576
f 1564 1576 1575
f 1566 1568 1577
f 1566 1577 1576
f 1568 1570 1578
f 1568 1578 1577
f 1570 1572 1579
f 1570 1579 1578
f 1574 1573 1580
f 1574 1580 1581
f 1573 1575 1582
f 1573 1582 1580
f 1575 1576 1583
f 1575 1583 1582
f 1576 1577 1584
f 1576 1584 1583
f 1577 1578 1585
f 1577 1585 1584
f 1578 1579 1586
f 1578 1586 1585
f 1581 1580 1587
f 1581 1587 1588
f 1580 1582 1589
f 1580 1589 1587
f 1582 1583 1590
f 1582 1590 1589
f 1583 1584 1591
f 1583 1591 1590
f 1584 1585 1592
f 1584 1592 1591
f 1585 1586 1593
f 1585 1593 1592
f 1588 1587 1594
f 1588 1594 1595
f 1587 1589 1596
f 1587 1596 1594
f 1589 1590 1597
f 1589 1597 1596
f 1590 1591 1598
f 1590 1598 1597
f 1591 1592 1599
f 1591 1599 1598
f 1592 1593 1600
f 1592 1600 1599
f 1595 1594 1601
f 1595 1601 1602
f 1594 1596 1603
f 1594 1603 1601
f 1596 1597 1604
f 1596 1604 1603
f 1597 1598 1605
f 1597 1605 1604
f 1598 1599 1606
f 1598 1606 1605
f 1599 1600 1607
f 1599 1607 1606
f 1543 1608 1559
f 1543 1559 1544
f 1608 1609 1560
f 1608 1560 1559
f 1609 1610 1563
f 1609 1563 1560
f 1610 1611 1565
f 1610 1565 1563
f 1611 1612 1567
f 1611 1567 1565
f 1612 1613 1569
f 1612 1569 1567
f 1613 1614 1571
f 1613 1571 1569
f 1614 1615 1616
f 1614 1616 1571
f 1571 1616 1617
f 1571 1617 1572
f 1572 1617 1618
f 1572 1618 1579
f 1579 1618 1619
f 1579 1619 1586
f 1586 1619 1620
f 1586 1620 1593
f 1593 1620 1621
f 1593 1621 1600
f 1600 1621 1622
f 1600 1622 1607
f 1607 1622 1623
f 1607 1623 1624
f 1606 1607 1624
f 1606 1624 1625
f 1605 1606 1625
f 1605 1625 1626
f 1604 1605 1626
f 1604 1626 1627
f 1603 1604 1627
f 1603 1627 1628
f 1601 1603 1628
f 1601 1628 1629
f 1602 1601 1629
f 1602 1629 1630
f 1550 1602 1630
f 1550 1630 1551
f 1549 1595 1602
f 1549 1602 1550
f 1548 1588 1595
f 1548 1595 1549
f 1547 1581 1588
f 1547 1588 1548
f 1546 1574 1581
f 1546 1581 1547
f 1545 1562 1574
f 1545 1574 1546
f 1544 1559 1562
f 1544 1562 1545
f 1631 1632 1633
f 1631 1633 1634
f 1632 1635 1636
f 1632 1636 1633
f 1635 1637 1638
f 1635 1638 1636
f 1637 1639 1640
f 1637 1640 1638
f 1639 1641 1642
f 1639 1642 1640
f 1641 1643 1644
f 1641 1644 1642
f 1634 1633 1645
f 1634 1645 1646
f 1633 1636 1647
f 1633 1647 1645
f 1636 1638 1648
f 1636 1648 1647
f 1638 1640 1649
f 1638 1649 1648
f 1640 1642 1650
f 1640 1650 1649
f 1642 1644 1651
f 1642 1651 1650
f 1646 1645 1652
f 1646 1652 1653
f 1645 1647 1654
f 1645 1654 1652
f 1647 1648 1655
f 1647 1655 1654
f 1648 1649 1656
f 1648 1656 1655
f 1649 1650 1657
f 1649 1657 1656
f 1650 1651 1658
f 1650 1658 1657
f 1653 1652 1659
f 1653 1659 1660
f 1652 1654 1661
f 1652 1661 1659
f 1654 1655 1662
f 1654 1662 1661
f 1655 1656 1663
f 1655 1663 1662
f 1656 1657 1664
f 1656 1664 1663
f 1657 1658 1665
f 1657 1665 1664
f 1660 1659 1666
f 1660 1666 1667
f 1659 1661 1668
f 1659 1668 1666
f 1661 1662 1669
f 1661 1669 1668
f 1662 1663 1670
f 1662 1670 1669
f 1663 1664 1671
f 1663 1671 1670
f 1664 1665 1672
f 1664 1672 1671
f 1667 1666 1673
f 1667 1673 1674
f 1666 1668 1675
f 1666 1675 1673
f 1668 1669 1676
f 1668 1676 1675
f 1669 1670 1677
f 1669 1677 1676
f 1670 1671 1678
f 1670 1678 1677
f 1671 1672 1679
f 1671 1679 1678
f 1615 1680 1631
f 1615 1631 1616
f 1680 1681 1632
f 1680 1632 1631
f 1681 1682 1635
f 1681 1635 1632
f 1682 1683 1637
f 1682 1637 1635
f 1683 1684 1639
f 1683 1639 1637
f 1684 1685 1641
f 1684 1641 1639
f 1685 1686 1643
f 1685 1643 1641
f 1686 1014 1016
f 1686 1016 1643
f 1643 1016 1045
f 1643 1045 1644
f 1644 1045 1044
f 1644 1044 1651
f 1651 1044 1043
f 1651 1043 1658
f 1658 1043 1042
f 1658 1042 1665
f 1665 1042 1041
f 1665 1041 1672
f 1672 1041 1039
f 1672 1039 1679
f 1679 1039 1040
f 1679 1040 1687
f 1678 1679 1687
f 1678 1687 1688
f 1677 1678 1688
f 1677 1688 1689
f 1676 1677 1689
f 1676 1689 1690
f 1675 1676 1690
f 1675 1690 1691
f 1673 1675 1691
f 1673 1691 1692
f 1674 1673 1692
f 1674 1692 1693
f 1622 1674 1693
f 1622 1693 1623
f 1621 1667 1674
f 1621 1674 1622
f 1620 1660 1667
f 1620 1667 1621
f 1619 1653 1660
f 1619 1660 1620
f 1618 1646 1653
f 1618 1653 1619
f 1617 1634 1646
f 1617 1646 1618
f 1616 1631 1634
f 1616 1634 1617
f 1694 1695 1696
f 1694 1696 1697
f 1695 1698 1699
f 1695 1699 1696
f 1698 1700 1701
f 1698 1701 1699
f 1700 1702 1703
f 1700 1703 1701
f 1702 1704 1705
f 1702 1705 1703
f 1704 1706 1707
f 1704 1707 1705
f 1697 1696 1708
f 1697 1708 1709
f 1696 1699 1710
f 1696 1710 1708
f 1699 1701 1711
f 1699 1711 1710
f 1701 1703 1712
f 1701 1712 1711
f 1703 1705 1713
f 1703 1713 1712
f 1705 1707 1714
f 1705 1714 1713
f 1709 1708 1715
f 1709 1715 1716
f 1708 1710 1717
f 1708 1717 1715
f 1710 1711 1718
f 1710 1718 1717
f 1711 1712 1719
f 1711 1719 1718
f 1712 1713 1720
f 1712 1720 1719
f 1713 1714 1721
f 1713 1721 1720
f 1716 1715 1722
f 1716 1722 1723
f 1715 1717 1724
f 1715 1724 1722
f 1717 1718 1725
f 1717 1725 1724
f 1718 1719 1726
f 1718 1726 1725
f 1719 1720 1727
f 1719 1727 1726
f 1720 1721 1728
f 1720 1728 1727
f 1723 1722 1729
f 1723 1729 1730
f 1722 1724 1731
f 1722 1731 1729
f 1724 1725 1732
f 1724 1732 1731
f 1725 1726 1733
f 1725 1733 1732
f 1726 1727 1734
f 1726 1734 1733
f 1727 1728 1735
f 1727 1735 1734
f 1730 1729 1736
f 1730 1736 1737
f 1729 1731 1738
f 1729 1738 1736
f 1731 1732 1739
f 1731 1739 1738
f 1732 1733 1740
f 1732 1740 1739
f 1733 1734 1741
f 1733 1741 1740
f 1734 1735 1742
f 1734 1742 1741
f 1551 1630 1694
f 1551 1694 1743
f 1630 1629 1695
f 1630 1695 1694
f 1629 1628 1698
f 1629 1698 1695
f 1628 1627 1700
f 1628 1700 1698
f 1627 1626 1702
f 1627 1702 1700
f 1626 1625 1704
f 1626 1704 1702
f 1625 1624 1706
f 1625 1706 1704
f 1624 1623 1744
f 1624 1744 1706
f 1706 1744 1745
f 1706 1745 1707
f 1707 1745 1746
f 1707 1746 1714
f 1714 1746 1747
f 1714 1747 1721
f 1721 1747 1748
f 1721 1748 1728
f 1728 1748 1749
f 1728 1749 1735
f 1735 1749 1750
f 1735 1750 1742
f 1742 1750 1751
f 1742 1751 1752
f 1741 1742 1752
f 1741 1752 1753
f 1740 1741 1753
f 1740 1753 1754
f 1739 1740 1754
f 1739 1754 1755
f 1738 1739 1755
f 1738 1755 1756
f 1736 1738 1756
f 1736 1756 1757
f 1737 1736 1757
f 1737 1757 1758
f 1759 1737 1758
f 1759 1758 1760
f 1761 1730 1737
f 1761 1737 1759
f 1762 1723 1730
f 1762 1730 1761
f 1763 1716 1723
f 1763 1723 1762
f 1764 1709 1716
f 1764 1716 1763
f 1765 1697 1709
f 1765 1709 1764
f 1743 1694 1697
f 1743 1697 1765
f 1766 1767 1768
f 1766 1768 1769
f 1767 1770 1771
f 1767 1771 1768
f 1770 1772 1773
f 1770 1773 1771
f 1772 1774 1775
f 1772 1775 1773
f 1774 1776 1777
f 1774 1777 1775
f 1776 1778 1779
f 1776 1779 1777
f 1769 1768 1780
f 1769 1780 1781
f 1768 1771 1782
f 1768 1782 1780
f 1771 1773 1783
f 1771 1783 1782
f 1773 1775 1784
f 1773 1784 1783
f 1775 1777 1785
f 1775 1785 1784
f 1777 1779 1786
f 1777 1786 1785
f 1781 1780 1787
f 1781 1787 1788
f 1780 1782 1789
f 1780 1789 1787
f 1782 1783 1790
f 1782 1790 1789
f 1783 1784 1791
f 1783 1791 1790
f 1784 1785 1792
f 1784 1792 1791
f 1785 1786 1793
f 1785 1793 1792
f 1788 1787 1794
f 1788 1794 1795
f 1787 1789 1796
f 1787 1796 1794
f 1789 1790 1797
f 1789 1797 1796
f 1790 1791 1798
f 1790 1798 1797
f 1791 1792 1799
f 1791 1799 1798
f 1792 1793 1800
f 1792 1800 1799
f 1795 1794 1801
f 1795 1801 1802
f 1794 1796 1803
f 1794 1803 1801
f 1796 1797 1804
f 1796 1804 1803
f 1797 1798 1805
f 1797 1805 1804
f 1798 1799 1806
f 1798 1806 1805
f 1799 1800 1807
f 1799 1807 1806
f 1802 1801 1808
f 1802 1808 1809
f 1801 1803 1810
f 1801 1810 1808
f 1803 1804 1811
f 1803 1811 1810
f 1804 1805 1812
f 1804 1812 1811
f 1805 1806 1813
f 1805 1813 1812
f 1806 1807 1814
f 1806 1814 1813
f 1623 1693 1766
f 1623 1766 1744
f 1693 1692 1767
f 1693 1767 1766
f 1692 1691 1770
f 1692 1770 1767
f 1691 1690 1772
f 1691 1772 1770
f 1690 1689 1774
f 1690 1774 1772
f 1689 1688 1776
f 1689 1776 1774
f 1688 1687 1778
f 1688 1778 1776
f 1687 1040 1095
f 1687 1095 1778
f 1778 1095 1117
f 1778 1117 1779
f 1779 1117 1116
f 1779 1116 1786
f 1786 1116 1115
f 1786 1115 1793
f 1793 1115 1114
f 1793 1114 1800
f 1800 1114 1113
f 1800 1113 1807
f 1807 1113 1111
f 1807 1111 1814
f 1814 1111 1112
f 1814 1112 1815
f 1813 1814 1815
f 1813 1815 1816
f 1812 1813 1816
f 1812 1816 1817
f 1811 1812 1817
f 1811 1817 1818
f 1810 1811 1818
f 1810 1818 1819
f 1808 1810 1819
f 1808 1819 1820
f 1809 1808 1820
f 1809 1820 1821
f 1750 1809 1821
f 1750 1821 1751
f 1749 1802 1809
f 1749 1809 1750
f 1748 1795 1802
f 1748 1802 1749
f 1747 1788 1795
f 1747 1795 1748
f 1746 1781 1788
f 1746 1788 1747
f 1745 1769 1781
f 1745 1781 1746
f 1744 1766 1769
f 1744 1769 1745
f 1822 1823 1824
f 1822 1824 1825
f 1823 1826 1827
f 1823 1827 1824
f 1826 1828 1829
f 1826 1829 1827
f 1828 1830 1831
f 1828 1831 1829
f 1830 1832 1833
f 1830 1833 1831
f 1832 1834 1835
f 1832 1835 1833
f 1825 1824 1836
f 1825 1836 1837
f 1824 1827 1838
f 1824 1838 1836
f 1827 1829 1839
f 1827 1839 1838
f 1829 1831 1840
f 1829 1840 1839
f 1831 1833 1841
f 1831 1841 1840
f 1833 1835 1842
f 1833 1842 1841
f 1837 1836 1843
f 1837 1843 1844
f 1836 1838 1845
f 1836 1845 1843
f 1838 1839 1846
f 1838 1846 1845
f 1839 1840 1847
f 1839 1847 1846
f 1840 1841 1848
f 1840 1848 1847
f 1841 1842 1849
f 1841 1849 1848
f 1844 1843 1850
f 1844 1850 1851
f 1843 1845 1852
f 1843 1852 1850
f 1845 1846 1853
f 1845 1853 1852
f 1846 1847 1854
f 1846 1854 1853
f 1847 1848 1855
f 1847 1855 1854
f 1848 1849 1856
f 1848 1856 1855
f 1851 1850 1857
f 1851 1857 1858
f 1850 1852 1859
f 1850 1859 1857
f 1852 1853 1860
f 1852 1860 1859
f 1853 1854 1861
f 1853 1861 1860
f 1854 1855 1862
f 1854 1862 1861
f 1855 1856 1863
f 1855 1863 1862
f 1858 1857 1864
f 1858 1864 1865
f 1857 1859 1866
f 1857 1866 1864
f 1859 1860 1867
f 1859 1867 1866
f 1860 1861 1868
f 1860 1868 1867
f 1861 1862 1869
f 1861 1869 1868
f 1862 1863 1870
f 1862 1870 1869
f 1760 1758 1822
f 1760 1822 1871
f 1758 1757 1823
f 1758 1823 1822
f 1757 1756 1826
f 1757 1826 1823
f 1756 1755 1828
f 1756 1828 1826
f 1755 1754 1830
f 1755 1830 1828
f 1754 1753 1832
f 1754 1832 1830
f 1753 1752 1834
f 1753 1834 1832
f 1752 1751 1872
f 1752 1872 1834
f 1834 1872 1873
f 1834 1873 1835
f 1835 1873 1874
f 1835 1874 1842
f 1842 1874 1875
f 1842 1875 1849
f 1849 1875 1876
f 1849 1876 1856
f 1856 1876 1877
f 1856 1877 1863
f 1863 1877 1878
f 1863 1878 1870
f 1870 1878 1879
f 1870 1879 1880
f 1869 1870 1880
f 1869 1880 1881
f 1868 1869 1881
f 1868 1881 1882
f 1867 1868 1882
f 1867 1882 1883
f 1866 1867 1883
f 1866 1883 1884
f 1864 1866 1884
f 1864 1884 1885
f 1865 1864 1885
f 1865 1885 1886
f 1887 1865 1886
f 1887 1886 1888
f 1889 1858 1865
f 1889 1865 1887
f 1890 1851 1858
f 1890 1858 1889
f 1891 1844 1851
f 1891 1851 1890
f 1892 1837 1844
f 1892 1844 1891
f 1893 1825 1837
f 1893 1837 1892
f 1871 1822 1825
f 1871 1825 1893
f 1894 1895 1896
f 1894 1896 1897
f 1895 1898 1899
f 1895 1899 1896
f 1898 1900 1901
f 1898 1901 1899
f 1900 1902 1903
f 1900 1903 1901
f 1902 1904 1905
f 1902 1905 1903
f 1904 1906 1907
f 1904 1907 1905
f 1897 1896 1908
f 1897 1908 1909
f 1896 1899 1910
f 1896 1910 1908
f 1899 1901 1911
f 1899 1911 1910
f 1901 1903 1912
f 1901 1912 1911
f 1903 1905 1913
f 1903 1913 1912
f 1905 1907 1914
f 1905 1914 1913
f 1909 1908 1915
f 1909 1915 1916
f 1908 1910 1917
f 1908 1917 1915
f 1910 1911 1918
f 1910 1918 1917
f 1911 1912 1919
f 1911 1919 1918
f 1912 1913 1920
f 1912 1920 1919
f 1913 1914 1921
f 1913 1921 1920
f 1916 1915 1922
f 1916 1922 1923
f 1915 1917 1924
f 1915 1924 1922
f 1917 1918 1925
f 1917 1925 1924
f 1918 1919 1926
f 1918 1926 1925
f 1919 1920 1927
f 1919 1927 1926
f 1920 1921 1928
f 1920 1928 1927
f 1923 1922 1929
f 1923 1929 1930
f 1922 1924 1931
f 1922 1931 1929
f 1924 1925 1932
f 1924 1932 1931
f 1925 1926 1933
f 1925 1933 1932
f 1926 1927 1934
f 1926 1934 1933
f 1927 1928 1935
f 1927 1935 1934
f 1930 1929 1936
f 1930 1936 1937
f 1929 1931 1938
f 1929 1938 1936
f 1931 1932 1939
f 1931 1939 1938
f 1932 1933 1940
f 1932 1940 1939
f 1933 1934 1941
f 1933 1941 1940
f 1934 1935 1942
f 1934 1942 1941
f 1751 1821 1894
f 1751 1894 1872
f 1821 1820 1895
f 1821 1895 1894
f 1820 1819 1898
f 1820 1898 1895
f 1819 1818 1900
f 1819 1900 1898
f 1818 1817 1902
f 1818 1902 1900
f 1817 1816 1904
f 1817 1904 1902
f 1816 1815 1906
f 1816 1906 1904
f 1815 1112 1167
f 1815 1167 1906
f 1906 1167 1189
f 1906 1189 1907
f 1907 1189 1188
f 1907 1188 1914
f 1914 1188 1187
f 1914 1187 1921
f 1921 1187 1186
f 1921 1186 1928
f 1928 1186 1185
f 1928 1185 1935
f 1935 1185 1183
f 1935 1183 1942
f 1942 1183 1184
f 1942 1184 1943
f 1941 1942 1943
f 1941 1943 1944
f 1940 1941 1944
f 1940 1944 1945
f 1939 1940 1945
f 1939 1945 1946
f 1938 1939 1946
f 1938 1946 1947
f 1936 1938 1947
f 1936 1947 1948
f 1937 1936 1948
f 1937 1948 1949
f 1878 1937 1949
f 1878 1949 1879
f 1877 1930 1937
f 1877 1937 1878
f 1876 1923 1930
f 1876 1930 1877
f 1875 1916 1923
f 1875 1923 1876
f 1874 1909 1916
f 1874 1916 1875
f 1873 1897 1909
f 1873 1909 1874
f 1872 1894 1897
f 1872 1897 1873
f 1950 1951 1952
f 1950 1952 1953
f 1951 1954 1955
f 1951 1955 1952
f 1954 1956 1957
f 1954 1957 1955
f 1956 1958 1959
f 1956 1959 1957
f 1958 1960 1961
f 1958 1961 1959
f 1960 1962 1963
f 1960 1963 1961
f 1953 1952 1964
f 1953 1964 1965
f 1952 1955 1966
f 1952 1966 1964
f 1955 1957 1967
f 1955 1967 1966
f 1957 1959 1968
f 1957 1968 1967
f 1959 1961 1969
f 1959 1969 1968
f 1961 1963 1970
f 1961 1970 1969
f 1965 1964 1971
f 1965 1971 1972
f 1964 1966 1973
f 1964 1973 1971
f 1966 1967 1974
f 1966 1974 1973
f 1967 1968 1975
f 1967 1975 1974
f 1968 1969 1976
f 1968 1976 1975
f 1969 1970 1977
f 1969 1977 1976
f 1972 1971 1978
f 1972 1978 1979
f 1971 1973 1980
f 1971 1980 1978
f 1973 1974 1981
f 1973 1981 1980
f 1974 1975 1982
f 1974 1982 1981
f 1975 1976 1983
f 1975 1983 1982
f 1976 1977 1984
f 1976 1984 1983
f 1979 1978 1985
f 1979 1985 1986
f 1978 1980 1987
f 1978 1987 1985
f 1980 1981 1988
f 1980 1988 1987
f 1981 1982 1989
f 1981 1989 1988
f 1982 1983 1990
f 1982 1990 1989
f 1983 1984 1991
f 1983 1991 1990
f 1986 1985 1992
f 1986 1992 1993
f 1985 1987 1994
f 1985 1994 1992
f 1987 1988 1995
f 1987 1995 1994
f 1988 1989 1996
f 1988 1996 1995
f 1989 1990 1997
f 1989 1997 1996
f 1990 1991 1998
f 1990 1998 1997
f 1327 1326 1950
f 1327 1950 1536
f 1326 1325 1951
f 1326 1951 1950
f 1325 1324 1954
f 1325 1954 1951
f 1324 1323 1956
f 1324 1956 1954
f 1323 1322 1958
f 1323 1958 1956
f 1322 1321 1960
f 1322 1960 1958
f 1321 1320 1962
f 1321 1962 1960
f 1320 1248 1999
f 1320 1999 1962
f 1962 1999 2000
f 1962 2000 1963
f 1963 2000 2001
f 1963 2001 1970
f 1970 2001 2002
f 1970 2002 1977
f 1977 2002 2003
f 1977 2003 1984
f 1984 2003 2004
f 1984 2004 1991
f 1991 2004 2005
f 1991 2005 1998
f 1998 2005 2006
f 1998 2006 2007
f 1997 1998 2007
f 1997 2007 2008
f 1996 1997 2008
f 1996 2008 2009
f 1995 1996 2009
f 1995 2009 2010
f 1994 1995 2010
f 1994 2010 2011
f 1992 1994 2011
f 1992 2011 2012
f 1993 1992 2012
f 1993 2012 2013
f 1542 1993 2013
f 1542 2013 1543
f 1541 1986 1993
f 1541 1993 1542
f 1540 1979 1986
f 1540 1986 1541
f 1539 1972 1979
f 1539 1979 1540
f 1538 1965 1972
f 1538 1972 1539
f 1537 1953 1965
f 1537 1965 1538
f 1536 1950 1953
f 1536 1953 1537
f 2014 2015 2016
f 2014 2016 2017
f 2015 2018 2019
f 2015 2019 2016
f 2018 2020 2021
f 2018 2021 2019
f 2020 2022 2023
f 2020 2023 2021
f 2022 2024 2025
f 2022 2025 2023
f 2024 2026 2027
f 2024 2027 2025
f 2017 2016 2028
f 2017 2028 2029
f 2016 2019 2030
f 2016 2030 2028
f 2019 2021 2031
f 2019 2031 2030
f 2021 2023 2032
f 2021 2032 2031
f 2023 2025 2033
f 2023 2033 2032
f 2025 2027 2034
f 2025 2034 2033
f 2029 2028 2035
f 2029 2035 2036
f 2028 2030 2037
f 2028 2037 2035
f 2030 2031 2038
f 2030 2038 2037
f 2031 2032 2039
f 2031 2039 2038
f 2032 2033 2040
f 2032 2040 2039
f 2033 2034 2041
f 2033 2041 2040
f 2036 2035 2042
f 2036 2042 2043
f 2035 2037 2044
f 2035 2044 2042
f 2037 2038 2045
f 2037 2045 2044
f 2038 2039 2046
f 2038 2046 2045
f 2039 2040 2047
f 2039 2047 2046
f 2040 2041 2048
f 2040 2048 2047
f 2043 2042 2049
f 2043 2049 2050
f 2042 2044 2051
f 2042 2051 2049
f 2044 2045 2052
f 2044 2052 2051
f 2045 2046 2053
f 2045 2053 2052
f 2046 2047 2054
f 2046 2054 2053
f 2047 2048 2055
f 2047 2055 2054
f 2050 2049 2056
f 2050 2056 2057
f 2049 2051 2058
f 2049 2058 2056
f 2051 2052 2059
f 2051 2059 2058
f 2052 2053 2060
f 2052 2060 2059
f 2053 2054 2061
f 2053 2061 2060
f 2054 2055 2062
f 2054 2062 2061
f 1543 2013 2014
f 1543 2014 1608
f 2013 2012 2015
f 2013 2015 2014
f 2012 2011 2018
f 2012 2018 2015
f 2011 2010 2020
f 2011 2020 2018
f 2010 2009 2022
f 2010 2022 2020
f 2009 2008 2024
f 2009 2024 2022
f 2008 2007 2026
f 2008 2026 2024
f 2007 2006 2063
f 2007 2063 2026
f 2026 2063 2064
f 2026 2064 2027
f 2027 2064 2065
f 2027 2065 2034
f 2034 2065 2066
f 2034 2066 2041
f 2041 2066 2067
f 2041 2067 2048
f 2048 2067 2068
f 2048 2068 2055
f 2055 2068 2069
f 2055 2069 2062
f 2062 2069 2070
f 2062 2070 2071
f 2061 2062 2071
f 2061 2071 2072
f 2060 2061 2072
f 2060 2072 2073
f 2059 2060 2073
f 2059 2073 2074
f 2058 2059 2074
f 2058 2074 2075
f 2056 2058 2075
f 2056 2075 2076
f 2057 2056 2076
f 2057 2076 2077
f 1614 2057 2077
f 1614 2077 1615
f 1613 2050 2057
f 1613 2057 1614
f 1612 2043 2050
f 1612 2050 1613
f 1611 2036 2043
f 1611 2043 1612
f 1610 2029 2036
f 1610 2036 1611
f 1609 2017 2029
f 1609 2029 1610
f 1608 2014 2017
f 1608 2017 1609
f 2078 2079 2080
f 2078 2080 2081
f 2079 2082 2083
f 2079 2083 2080
f 2082 2084 2085
f 2082 2085 2083
f 2084 2086 2087
f 2084 2087 2085
f 2086 2088 2089
f 2086 2089 2087
f 2088 2090 2091
f 2088 2091 2089
f 2081 2080 2092
f 2081 2092 2093
f 2080 2083 2094
f 2080 2094 2092
f 2083 2085 2095
f 2083 2095 2094
f 2085 2087 2096
f 2085 2096 2095
f 2087 2089 2097
f 2087 2097 2096
f 2089 2091 2098
f 2089 2098 2097
f 2093 2092 2099
f 2093 2099 2100
f 2092 2094 2101
f 2092 2101 2099
f 2094 2095 2102
f 2094 2102 2101
f 2095 2096 2103
f 2095 2103 2102
f 2096 2097 2104
f 2096 2104 2103
f 2097 2098 2105
f 2097 2105 2104
f 2100 2099 2106
f 2100 2106 2107
f 2099 2101 2108
f 2099 2108 2106
f 2101 2102 2109
f 2101 2109 2108
f 2102 2103 2110
f 2102 2110 2109
f 2103 2104 2111
f 2103 2111 2110
f 2104 2105 2112
f 2104 2112 2111
f 2107 2106 2113
f 2107 2113 2114
f 2106 2108 2115
f 2106 2115 2113
f 2108 2109 2116
f 2108 2116 2115
f 2109 2110 2117
f 2109 2117 2116
f 2110 2111 2118
f 2110 2118 2117
f 2111 2112 2119
f 2111 2119 2118
f 2114 2113 2120
f 2114 2120 2121
f 2113 2115 2122
f 2113 2122 2120
f 2115 2116 2123
f 2115 2123 2122
f 2116 2117 2124
f 2116 2124 2123
f 2117 2118 2125
f 2117 2125 2124
f 2118 2119 2126
f 2118 2126 2125
f 1615 2077 2078
f 1615 2078 1680
f 2077 2076 2079
f 2077 2079 2078
f 2076 2075 2082
f 2076 2082 2079
f 2075 2074 2084
f 2075 2084 2082
f 2074 2073 2086
f 2074 2086 2084
f 2073 2072 2088
f 2073 2088 2086
f 2072 2071 2090
f 2072 2090 2088
f 2071 2070 2127
f 2071 2127 2090
f 2090 2127 2128
f 2090 2128 2091
f 2091 2128 2129
f 2091 2129 2098
f 2098 2129 2130
f 2098 2130 2105
f 2105 2130 2131
f 2105 2131 2112
f 2112 2131 2132
f 2112 2132 2119
f 2119 2132 2133
f 2119 2133 2126
f 2126 2133 1023
f 2126 1023 1022
f 2125 2126 1022
f 2125 1022 1021
f 2124 2125 1021
f 2124 1021 1020
f 2123 2124 1020
f 2123 1020 1019
f 2122 2123 1019
f 2122 1019 1018
f 2120 2122 1018
f 2120 1018 1017
f 2121 2120 1017
f 2121 1017 1015
f 1686 2121 1015
f 1686 1015 1014
f 1685 2114 2121
f 1685 2121 1686
f 1684 2107 2114
f 1684 2114 1685
f 1683 2100 2107
f 1683 2107 1684
f 1682 2093 2100
f 1682 2100 1683
f 1681 2081 2093
f 1681 2093 1682
f 1680 2078 2081
f 1680 2081 1681
f 2134 2135 2136
f 2134 2136 2137
f 2135 2138 2139
f 2135 2139 2136
f 2138 2140 2141
f 2138 2141 2139
f 2140 2142 2143
f 2140 2143 2141
f 2142 2144 2145
f 2142 2145 2143
f 2144 2146 2147
f 2144 2147 2145
f 2137 2136 2148
f 2137 2148 2149
f 2136 2139 2150
f 2136 2150 2148
f 2139 2141 2151
f 2139 2151 2150
f 2141 2143 2152
f 2141 2152 2151
f 2143 2145 2153
f 2143 2153 2152
f 2145 2147 2154
f 2145 2154 2153
f 2149 2148 2155
f 2149 2155 2156
f 2148 2150 2157
f 2148 2157 2155
f 2150 2151 2158
f 2150 2158 2157
f 2151 2152 2159
f 2151 2159 2158
f 2152 2153 2160
f 2152 2160 2159
f 2153 2154 2161
f 2153 2161 2160
f 2156 2155 2162
f 2156 2162 2163
f 2155 2157 2164
f 2155 2164 2162
f 2157 2158 2165
f 2157 2165 2164
f 2158 2159 2166
f 2158 2166 2165
f 2159 2160 2167
f 2159 2167 2166
f 2160 2161 2168
f 2160 2168 2167
f 2163 2162 2169
f 2163 2169 2170
f 2162 2164 2171
f 2162 2171 2169
f 2164 2165 2172
f 2164 2172 2171
f 2165 2166 2173
f 2165 2173 2172
f 2166 2167 2174
f 2166 2174 2173
f 2167 2168 2175
f 2167 2175 2174
f 2170 2169 2176
f 2170 2176 2177
f 2169 2171 2178
f 2169 2178 2176
f 2171 2172 2179
f 2171 2179 2178
f 2172 2173 2180
f 2172 2180 2179
f 2173 2174 2181
f 2173 2181 2180
f 2174 2175 2182
f 2174 2182 2181
f 1184 1182 2134
f 1184 2134 1943
f 1182 1181 2135
f 1182 2135 2134
f 1181 1180 2138
f 1181 2138 2135
f 1180 1179 2140
f 1180 2140 2138
f 1179 1178 2142
f 1179 2142 2140
f 1178 1177 2144
f 1178 2144 2142
f 1177 1176 2146
f 1177 2146 2144
f 1176 1175 2183
f 1176 2183 2146
f 2146 2183 2184
f 2146 2184 2147
f 2147 2184 2185
f 2147 2185 2154
f 2154 2185 2186
f 2154 2186 2161
f 2161 2186 2187
f 2161 2187 2168
f 2168 2187 2188
f 2168 2188 2175
f 2175 2188 2189
f 2175 2189 2182
f 2182 2189 2190
f 2182 2190 2191
f 2181 2182 2191
f 2181 2191 2192
f 2180 2181 2192
f 2180 2192 2193
f 2179 2180 2193
f 2179 2193 2194
f 2178 2179 2194
f 2178 2194 2195
f 2176 2178 2195
f 2176 2195 2196
f 2177 2176 2196
f 2177 2196 2197
f 1949 2177 2197
f 1949 2197 1879
f 1948 2170 2177
f 1948 2177 1949
f 1947 2163 2170
f 1947 2170 1948
f 1946 2156 2163
f 1946 2163 1947
f 1945 2149 2156
f 1945 2156 1946
f 1944 2137 2149
f 1944 2149 1945
f 1943 2134 2137
f 1943 2137 1944
f 2198 2199 2200
f 2198 2200 2201
f 2199 2202 2203
f 2199 2203 2200
f 2202 2204 2205
f 2202 2205 2203
f 2204 2206 2207
f 2204 2207 2205
f 2206 2208 2209
f 2206 2209 2207
f 2208 2210 2211
f 2208 2211 2209
f 2201 2200 2212
f 2201 2212 2213
f 2200 2203 2214
f 2200 2214 2212
f 2203 2205 2215
f 2203 2215 2214
f 2205 2207 2216
f 2205 2216 2215
f 2207 2209 2217
f 2207 2217 2216
f 2209 2211 2218
f 2209 2218 2217
f 2213 2212 2219
f 2213 2219 2220
f 2212 2214 2221
f 2212 2221 2219
f 2214 2215 2222
f 2214 2222 2221
f 2215 2216 2223
f 2215 2223 2222
f 2216 2217 2224
f 2216 2224 2223
f 2217 2218 2225
f 2217 2225 2224
f 2220 2219 2226
f 2220 2226 2227
f 2219 2221 2228
f 2219 2228 2226
f 2221 2222 2229
f 2221 2229 2228
f 2222 2223 2230
f 2222 2230 2229
f 2223 2224 2231
f 2223 2231 2230
f 2224 2225 2232
f 2224 2232 2231
f 2227 2226 2233
f 2227 2233 2234
f 2226 2228 2235
f 2226 2235 2233
f 2228 2229 2236
f 2228 2236 2235
f 2229 2230 2237
f 2229 2237 2236
f 2230 2231 2238
f 2230 2238 2237
f 2231 2232 2239
f 2231 2239 2238
f 2234 2233 2240
f 2234 2240 2241
f 2233 2235 2242
f 2233 2242 2240
f 2235 2236 2243
f 2235 2243 2242
f 2236 2237 2244
f 2236 2244 2243
f 2237 2238 2245
f 2237 2245 2244
f 2238 2239 2246
f 2238 2246 2245
f 1879 2197 2198
f 1879 2198 1880
f 2197 2196 2199
f 2197 2199 2198
f 2196 2195 2202
f 2196 2202 2199
f 2195 2194 2204
f 2195 2204 2202
f 2194 2193 2206
f 2194 2206 2204
f 2193 2192 2208
f 2193 2208 2206
f 2192 2191 2210
f 2192 2210 2208
f 2191 2190 2247
f 2191 2247 2210
f 2210 2247 2248
f 2210 2248 2211
f 2211 2248 2249
f 2211 2249 2218
f 2218 2249 2250
f 2218 2250 2225
f 2225 2250 2251
f 2225 2251 2232
f 2232 2251 2252
f 2232 2252 2239
f 2239 2252 2253
f 2239 2253 2246
f 2246 2253 2254
f 2246 2254 2255
f 2245 2246 2255
f 2245 2255 2256
f 2244 2245 2256
f 2244 2256 2257
f 2243 2244 2257
f 2243 2257 2258
f 2242 2243 2258
f 2242 2258 2259
f 2240 2242 2259
f 2240 2259 2260
f 2241 2240 2260
f 2241 2260 2261
f 1886 2241 2261
f 1886 2261 1888
f 1885 2234 2241
f 1885 2241 1886
f 1884 2227 2234
f 1884 2234 1885
f 1883 2220 2227
f 1883 2227 1884
f 1882 2213 2220
f 1882 2220 1883
f 1881 2201 2213
f 1881 2213 1882
f 1880 2198 2201
f 1880 2201 1881
f 2262 2263 2264
f 2262 2264 2265
f 2263 2266 2267
f 2263 2267 2264
f 2266 2268 2269
f 2266 2269 2267
f 2268 2270 2271
f 2268 2271 2269
f 2270 2272 2273
f 2270 2273 2271
f 2272 2274 2275
f 2272 2275 2273
f 2265 2264 2276
f 2265 2276 2277
f 2264 2267 2278
f 2264 2278 2276
f 2267 2269 2279
f 2267 2279 2278
f 2269 2271 2280
f 2269 2280 2279
f 2271 2273 2281
f 2271 2281 2280
f 2273 2275 2282
f 2273 2282 2281
f 2277 2276 2283
f 2277 2283 2284
f 2276 2278 2285
f 2276 2285 2283
f 2278 2279 2286
f 2278 2286 2285
f 2279 2280 2287
f 2279 2287 2286
f 2280 2281 2288
f 2280 2288 2287
f 2281 2282 2289
f 2281 2289 2288
f 2284 2283 2290
f 2284 2290 2291
f 2283 2285 2292
f 2283 2292 2290
f 2285 2286 2293
f 2285 2293 2292
f 2286 2287 2294
f 2286 2294 2293
f 2287 2288 2295
f 2287 2295 2294
f 2288 2289 2296
f 2288 2296 2295
f 2291 2290 2297
f 2291 2297 2298
f 2290 2292 2299
f 2290 2299 2297
f 2292 2293 2300
f 2292 2300 2299
f 2293 2294 2301
f 2293 2301 2300
f 2294 2295 2302
f 2294 2302 2301
f 2295 2296 2303
f 2295 2303 2302
f 2298 2297 2304
f 2298 2304 2305
f 2297 2299 2306
f 2297 2306 2304
f 2299 2300 2307
f 2299 2307 2306
f 2300 2301 2308
f 2300 2308 2307
f 2301 2302 2309
f 2301 2309 2308
f 2302 2303 2310
f 2302 2310 2309
f 1888 2261 2262
f 1888 2262 2311
f 2261 2260 2263
f 2261 2263 2262
f 2260 2259 2266
f 2260 2266 2263
f 2259 2258 2268
f 2259 2268 2266
f 2258 2257 2270
f 2258 2270 2268
f 2257 2256 2272
f 2257 2272 2270
f 2256 2255 2274
f 2256 2274 2272
f 2255 2254 2312
f 2255 2312 2274
f 2274 2312 2313
f 2274 2313 2275
f 2275 2313 2314
f 2275 2314 2282
f 2282 2314 2315
f 2282 2315 2289
f 2289 2315 2316
f 2289 2316 2296
f 2296 2316 2317
f 2296 2317 2303
f 2303 2317 2318
f 2303 2318 2310
f 2310 2318 1472
f 2310 1472 2319
f 2309 2310 2319
f 2309 2319 2320
f 2308 2309 2320
f 2308 2320 2321
f 2307 2308 2321
f 2307 2321 2322
f 2306 2307 2322
f 2306 2322 2323
f 2304 2306 2323
f 2304 2323 2324
f 2305 2304 2324
f 2305 2324 2325
f 2326 2305 2325
f 2326 2325 2327
f 2328 2298 2305
f 2328 2305 2326
f 2329 2291 2298
f 2329 2298 2328
f 2330 2284 2291
f 2330 2291 2329
f 2331 2277 2284
f 2331 2284 2330
f 2332 2265 2277
f 2332 2277 2331
f 2311 2262 2265
f 2311 2265 2332
f 2333 2334 2335
f 2333 2335 2336
f 2334 2337 2338
f 2334 2338 2335
f 2337 2339 2340
f 2337 2340 2338
f 2339 2341 2342
f 2339 2342 2340
f 2341 2343 2344
f 2341 2344 2342
f 2343 2345 2346
f 2343 2346 2344
f 2336 2335 2347
f 2336 2347 2348
f 2335 2338 2349
f 2335 2349 2347
f 2338 2340 2350
f 2338 2350 2349
f 2340 2342 2351
f 2340 2351 2350
f 2342 2344 2352
f 2342 2352 2351
f 2344 2346 2353
f 2344 2353 2352
f 2348 2347 2354
f 2348 2354 2355
f 2347 2349 2356
f 2347 2356 2354
f 2349 2350 2357
f 2349 2357 2356
f 2350 2351 2358
f 2350 2358 2357
f 2351 2352 2359
f 2351 2359 2358
f 2352 2353 2360
f 2352 2360 2359
f 2355 2354 2361
f 2355 2361 2362
f 2354 2356 2363
f 2354 2363 2361
f 2356 2357 2364
f 2356 2364 2363
f 2357 2358 2365
f 2357 2365 2364
f 2358 2359 2366
f 2358 2366 2365
f 2359 2360 2367
f 2359 2367 2366
f 2362 2361 2368
f 2362 2368 2369
f 2361 2363 2370
f 2361 2370 2368
f 2363 2364 2371
f 2363 2371 2370
f 2364 2365 2372
f 2364 2372 2371
f 2365 2366 2373
f 2365 2373 2372
f 2366 2367 2374
f 2366 2374 2373
f 2369 2368 2375
f 2369 2375 2376
f 2368 2370 2377
f 2368 2377 2375
f 2370 2371 2378
f 2370 2378 2377
f 2371 2372 2379
f 2371 2379 2378
f 2372 2373 2380
f 2372 2380 2379
f 2373 2374 2381
f 2373 2381 2380
f 2382 2383 2333
f 2382 2333 2384
f 2383 2385 2334
f 2383 2334 2333
f 2385 2386 2337
f 2385 2337 2334
f 2386 2387 2339
f 2386 2339 2337
f 2387 2388 2341
f 2387 2341 2339
f 2388 2389 2343
f 2388 2343 2341
f 2389 2390 2345
f 2389 2345 2343
f 2390 2391 2392
f 2390 2392 2345
f 2345 2392 2393
f 2345 2393 2346
f 2346 2393 2394
f 2346 2394 2353
f 2353 2394 2395
f 2353 2395 2360
f 2360 2395 2396
f 2360 2396 2367
f 2367 2396 2397
f 2367 2397 2374
f 2374 2397 2398
f 2374 2398 2381
f 2381 2398 2399
f 2381 2399 2400
f 2380 2381 2400
f 2380 2400 2401
f 2379 2380 2401
f 2379 2401 2402
f 2378 2379 2402
f 2378 2402 2403
f 2377 2378 2403
f 2377 2403 2404
f 2375 2377 2404
f 2375 2404 2405
f 2376 2375 2405
f 2376 2405 2406
f 2407 2376 2406
f 2407 2406 2408
f 2409 2369 2376
f 2409 2376 2407
f 2410 2362 2369
f 2410 2369 2409
f 2411 2355 2362
f 2411 2362 2410
f 2412 2348 2355
f 2412 2355 2411
f 2413 2336 2348
f 2413 2348 2412
f 2384 2333 2336
f 2384 2336 2413
f 2414 2415 2416
f 2414 2416 2417
f 2415 2418 2419
f 2415 2419 2416
f 2418 2420 2421
f 2418 2421 2419
f 2420 2422 2423
f 2420 2423 2421
f 2422 2424 2425
f 2422 2425 2423
f 2424 2426 2427
f 2424 2427 2425
f 2417 2416 2428
f 2417 2428 2429
f 2416 2419 2430
f 2416 2430 2428
f 2419 2421 2431
f 2419 2431 2430
f 2421 2423 2432
f 2421 2432 2431
f 2423 2425 2433
f 2423 2433 2432
f 2425 2427 2434
f 2425 2434 2433
f 2429 2428 2435
f 2429 2435 2436
f 2428 2430 2437
f 2428 2437 2435
f 2430 2431 2438
f 2430 2438 2437
f 2431 2432 2439
f 2431 2439 2438
f 2432 2433 2440
f 2432 2440 2439
f 2433 2434 2441
f 2433 2441 2440
f 2436 2435 2442
f 2436 2442 2443
f 2435 2437 2444
f 2435 2444 2442
f 2437 2438 2445
f 2437 2445 2444
f 2438 2439 2446
f 2438 2446 2445
f 2439 2440 2447
f 2439 2447 2446
f 2440 2441 2448
f 2440 2448 2447
f 2443 2442 2449
f 2443 2449 2450
f 2442 2444 2451
f 2442 2451 2449
f 2444 2445 2452
f 2444 2452 2451
f 2445 2446 2453
f 2445 2453 2452
f 2446 2447 2454
f 2446 2454 2453
f 2447 2448 2455
f 2447 2455 2454
f 2450 2449 2456
f 2450 2456 2457
f 2449 2451 2458
f 2449 2458 2456
f 2451 2452 2459
f 2451 2459 2458
f 2452 2453 2460
f 2452 2460 2459
f 2453 2454 2461
f 2453 2461 2460
f 2454 2455 2462
f 2454 2462 2461
f 2463 2464 2414
f 2463 2414 2465
f 2464 2466 2415
f 2464 2415 2414
f 2466 2467 2418
f 2466 2418 2415
f 2467 2468 2420
f 2467 2420 2418
f 2468 2469 2422
f 2468 2422 2420
f 2469 2470 2424
f 2469 2424 2422
f 2470 2471 2426
f 2470 2426 2424
f 2471 2472 2473
f 2471 2473 2426
f 2426 2473 2474
f 2426 2474 2427
f 2427 2474 2475
f 2427 2475 2434
f 2434 2475 2476
f 2434 2476 2441
f 2441 2476 2477
f 2441 2477 2448
f 2448 2477 2478
f 2448 2478 2455
f 2455 2478 2479
f 2455 2479 2462
f 2462 2479 2480
f 2462 2480 2481
f 2461 2462 2481
f 2461 2481 2482
f 2460 2461 2482
f 2460 2482 2483
f 2459 2460 2483
f 2459 2483 2484
f 2458 2459 2484
f 2458 2484 2485
f 2456 2458 2485
f 2456 2485 2486
f 2457 2456 2486
f 2457 2486 2487
f 2488 2457 2487
f 2488 2487 2489
f 2490 2450 2457
f 2490 2457 2488
f 2491 2443 2450
f 2491 2450 2490
f 2492 2436 2443
f 2492 2443 2491
f 2493 2429 2436
f 2493 2436 2492
f 2494 2417 2429
f 2494 2429 2493
f 2465 2414 2417
f 2465 2417 2494
f 2495 2496 2497
f 2495 2497 2498
f 2496 2499 2500
f 2496 2500 2497
f 2499 2501 2502
f 2499 2502 2500
f 2501 2503 2504
f 2501 2504 2502
f 2503 2505 2506
f 2503 2506 2504
f 2505 2507 2508
f 2505 2508 2506
f 2498 2497 2509
f 2498 2509 2510
f 2497 2500 2511
f 2497 2511 2509
f 2500 2502 2512
f 2500 2512 2511
f 2502 2504 2513
f 2502 2513 2512
f 2504 2506 2514
f 2504 2514 2513
f 2506 2508 2515
f 2506 2515 2514
f 2510 2509 2516
f 2510 2516 2517
f 2509 2511 2518
f 2509 2518 2516
f 2511 2512 2519
f 2511 2519 2518
f 2512 2513 2520
f 2512 2520 2519
f 2513 2514 2521
f 2513 2521 2520
f 2514 2515 2522
f 2514 2522 2521
f 2517 2516 2523
f 2517 2523 2524
f 2516 2518 2525
f 2516 2525 2523
f 2518 2519 2526
f 2518 2526 2525
f 2519 2520 2527
f 2519 2527 2526
f 2520 2521 2528
f 2520 2528 2527
f 2521 2522 2529
f 2521 2529 2528
f 2524 2523 2530
f 2524 2530 2531
f 2523 2525 2532
f 2523 2532 2530
f 2525 2526 2533
f 2525 2533 2532
f 2526 2527 2534
f 2526 2534 2533
f 2527 2528 2535
f 2527 2535 2534
f 2528 2529 2536
f 2528 2536 2535
f 2531 2530 2537
f 2531 2537 2538
f 2530 2532 2539
f 2530 2539 2537
f 2532 2533 2540
f 2532 2540 2539
f 2533 2534 2541
f 2533 2541 2540
f 2534 2535 2542
f 2534 2542 2541
f 2535 2536 2543
f 2535 2543 2542
f 2544 2545 2495
f 2544 2495 2546
f 2545 2547 2496
f 2545 2496 2495
f 2547 2548 2499
f 2547 2499 2496
f 2548 2549 2501
f 2548 2501 2499
f 2549 2550 2503
f 2549 2503 2501
f 2550 2551 2505
f 2550 2505 2503
f 2551 2552 2507
f 2551 2507 2505
f 2552 2553 2554
f 2552 2554 2507
f 2507 2554 2555
f 2507 2555 2508
f 2508 2555 2556
f 2508 2556 2515
f 2515 2556 2557
f 2515 2557 2522
f 2522 2557 2558
f 2522 2558 2529
f 2529 2558 2559
f 2529 2559 2536
f 2536 2559 2560
f 2536 2560 2543
f 2543 2560 2561
f 2543 2561 2562
f 2542 2543 2562
f 2542 2562 2563
f 2541 2542 2563
f 2541 2563 2564
f 2540 2541 2564
f 2540 2564 2565
f 2539 2540 2565
f 2539 2565 2566
f 2537 2539 2566
f 2537 2566 2567
f 2538 2537 2567
f 2538 2567 2568
f 2569 2538 2568
f 2569 2568 2570
f 2571 2531 2538
f 2571 2538 2569
f 2572 2524 2531
f 2572 2531 2571
f 2573 2517 2524
f 2573 2524 2572
f 2574 2510 2517
f 2574 2517 2573
f 2575 2498 2510
f 2575 2510 2574
f 2546 2495 2498
f 2546 2498 2575
f 2576 2577 2578
f 2576 2578 2579
f 2577 2580 2581
f 2577 2581 2578
f 2580 2582 2583
f 2580 2583 2581
f 2582 2584 2585
f 2582 2585 2583
f 2584 2586 2587
f 2584 2587 2585
f 2586 2588 2589
f 2586 2589 2587
f 2579 2578 2590
f 2579 2590 2591
f 2578 2581 2592
f 2578 2592 2590
f 2581 2583 2593
f 2581 2593 2592
f 2583 2585 2594
f 2583 2594 2593
f 2585 2587 2595
f 2585 2595 2594
f 2587 2589 2596
f 2587 2596 2595
f 2591 2590 2597
f 2591 2597 2598
f 2590 2592 2599
f 2590 2599 2597
f 2592 2593 2600
f 2592 2600 2599
f 2593 2594 2601
f 2593 2601 2600
f 2594 2595 2602
f 2594 2602 2601
f 2595 2596 2603
f 2595 2603 2602
f 2598 2597 2604
f 2598 2604 2605
f 2597 2599 2606
f 2597 2606 2604
f 2599 2600 2607
f 2599 2607 2606
f 2600 2601 2608
f 2600 2608 2607
f 2601 2602 2609
f 2601 2609 2608
f 2602 2603 2610
f 2602 2610 2609
f 2605 2604 2611
f 2605 2611 2612
f 2604 2606 2613
f 2604 2613 2611
f 2606 2607 2614
f 2606 2614 2613
f 2607 2608 2615
f 2607 2615 2614
f 2608 2609 2616
f 2608 2616 2615
f 2609 2610 2617
f 2609 2617 2616
f 2612 2611 2618
f 2612 2618 2619
f 2611 2613 2620
f 2611 2620 2618
f 2613 2614 2621
f 2613 2621 2620
f 2614 2615 2622
f 2614 2622 2621
f 2615 2616 2623
f 2615 2623 2622
f 2616 2617 2624
f 2616 2624 2623
f 2553 2625 2576
f 2553 2576 2554
f 2625 2626 2577
f 2625 2577 2576
f 2626 2627 2580
f 2626 2580 2577
f 2627 2628 2582
f 2627 2582 2580
f 2628 2629 2584
f 2628 2584 2582
f 2629 2630 2586
f 2629 2586 2584
f 2630 2631 2588
f 2630 2588 2586
f 2631 2632 2633
f 2631 2633 2588
f 2588 2633 2634
f 2588 2634 2589
f 2589 2634 2635
f 2589 2635 2596
f 2596 2635 2636
f 2596 2636 2603
f 2603 2636 2637
f 2603 2637 2610
f 2610 2637 2638
f 2610 2638 2617
f 2617 2638 2639
f 2617 2639 2624
f 2624 2639 2640
f 2624 2640 2641
f 2623 2624 2641
f 2623 2641 2642
f 2622 2623 2642
f 2622 2642 2643
f 2621 2622 2643
f 2621 2643 2644
f 2620 2621 2644
f 2620 2644 2645
f 2618 2620 2645
f 2618 2645 2646
f 2619 2618 2646
f 2619 2646 2647
f 2560 2619 2647
f 2560 2647 2561
f 2559 2612 2619
f 2559 2619 2560
f 2558 2605 2612
f 2558 2612 2559
f 2557 2598 2605
f 2557 2605 2558
f 2556 2591 2598
f 2556 2598 2557
f 2555 2579 2591
f 2555 2591 2556
f 2554 2576 2579
f 2554 2579 2555
f 2648 2649 2650
f 2648 2650 2651
f 2649 2652 2653
f 2649 2653 2650
f 2652 2654 2655
f 2652 2655 2653
f 2651 2650 2656
f 2651 2656 2657
f 2650 2653 2658
f 2650 2658 2656
f 2653 2655 2659
f 2653 2659 2658
f 2660 2661 2662
f 2660 2662 2663
f 2661 2664 2665
f 2661 2665 2662
f 2664 2666 2667
f 2664 2667 2665
f 2663 2662 2668
f 2663 2668 2669
f 2662 2665 2670
f 2662 2670 2668
f 2665 2667 2671
f 2665 2671 2670
f 2672 2673 2674
f 2672 2674 2675
f 2673 2676 2677
f 2673 2677 2674
f 2676 2678 2679
f 2676 2679 2677
f 2675 2674 2680
f 2675 2680 2681
f 2674 2677 2682
f 2674 2682 2680
f 2677 2679 2683
f 2677 2683 2682
f 2684 2685 2686
f 2684 2686 2687
f 2685 2688 2689
f 2685 2689 2686
f 2688 2690 2691
f 2688 2691 2689
f 2687 2686 2692
f 2687 2692 2693
f 2686 2689 2694
f 2686 2694 2692
f 2689 2691 2695
f 2689 2695 2694
f 2696 2697 2698
f 2696 2698 2699
f 2697 2700 2701
f 2697 2701 2698
f 2700 2702 2703
f 2700 2703 2701
f 2699 2698 2704
f 2699 2704 2705
f 2698 2701 2706
f 2698 2706 2704
f 2701 2703 2707
f 2701 2707 2706
f 2708 2709 2710
f 2708 2710 2711
f 2709 2712 2713
f 2709 2713 2710
f 2712 2714 2715
f 2712 2715 2713
f 2711 2710 2716
f 2711 2716 2717
f 2710 2713 2718
f 2710 2718 2716
f 2713 2715 2719
f 2713 2719 2718
f 2669 2668 2655
f 2669 2655 2654
f 2668 2670 2659
f 2668 2659 2655
f 2681 2680 2667
f 2681 2667 2666
f 2680 2682 2671
f 2680 2671 2667
f 2693 2692 2679
f 2693 2679 2678
f 2692 2694 2683
f 2692 2683 2679
f 2705 2704 2691
f 2705 2691 2690
f 2704 2706 2695
f 2704 2695 2691
f 2717 2716 2703
f 2717 2703 2702
f 2716 2718 2707
f 2716 2707 2703
f 2657 2656 2715
f 2657 2715 2714
f 2656 2658 2719
f 2656 2719 2715
f 2658 2659 2720
f 2658 2720 2719
f 2670 2671 2720
f 2670 2720 2659
f 2682 2683 2720
f 2682 2720 2671
f 2694 2695 2720
f 2694 2720 2683
f 2706 2707 2720
f 2706 2720 2695
f 2718 2719 2720
f 2718 2720 2707
f 1335 1558 2648
f 1335 2648 2721
f 1558 1557 2649
f 1558 2649 2648
f 1557 1556 2652
f 1557 2652 2649
f 1556 1555 2654
f 1556 2654 2652
f 2721 2648 2651
f 2721 2651 2722
f 2722 2651 2657
f 2722 2657 2723
f 2723 2657 2714
f 2723 2714 2724
f 1551 1743 2660
f 1551 2660 1552
f 1743 1765 2661
f 1743 2661 2660
f 1765 1764 2664
f 1765 2664 2661
f 1764 1763 2666
f 1764 2666 2664
f 1552 2660 2663
f 1552 2663 1553
f 1553 2663 2669
f 1553 2669 1554
f 1554 2669 2654
f 1554 2654 1555
f 1760 2725 2672
f 1760 2672 1759
f 2725 2726 2673
f 2725 2673 2672
f 2726 2727 2676
f 2726 2676 2673
f 2727 2728 2678
f 2727 2678 2676
f 1759 2672 2675
f 1759 2675 1761
f 1761 2675 2681
f 1761 2681 1762
f 1762 2681 2666
f 1762 2666 1763
f 2463 2729 2684
f 2463 2684 2730
f 2729 2731 2685
f 2729 2685 2684
f 2731 2732 2688
f 2731 2688 2685
f 2732 2733 2690
f 2732 2690 2688
f 2730 2684 2687
f 2730 2687 2734
f 2734 2687 2693
f 2734 2693 2735
f 2735 2693 2678
f 2735 2678 2728
f 2736 2737 2696
f 2736 2696 2738
f 2737 2739 2697
f 2737 2697 2696
f 2739 2740 2700
f 2739 2700 2697
f 2740 2741 2702
f 2740 2702 2700
f 2738 2696 2699
f 2738 2699 2742
f 2742 2699 2705
f 2742 2705 2743
f 2743 2705 2690
f 2743 2690 2733
f 2391 2744 2708
f 2391 2708 2745
f 2744 2746 2709
f 2744 2709 2708
f 2746 2747 2712
f 2746 2712 2709
f 2747 2724 2714
f 2747 2714 2712
f 2745 2708 2711
f 2745 2711 2748
f 2748 2711 2717
f 2748 2717 2749
f 2749 2717 2702
f 2749 2702 2741
f 2750 2751 2752
f 2750 2752 2753
f 2751 2754 2755
f 2751 2755 2752
f 2754 2756 2757
f 2754 2757 2755
f 2753 2752 2758
f 2753 2758 2759
f 2752 2755 2760
f 2752 2760 2758
f 2755 2757 2761
f 2755 2761 2760
f 2762 2763 2764
f 2762 2764 2765
f 2763 2766 2767
f 2763 2767 2764
f 2766 2768 2769
f 2766 2769 2767
f 2765 2764 2770
f 2765 2770 2771
f 2764 2767 2772
f 2764 2772 2770
f 2767 2769 2773
f 2767 2773 2772
f 2774 2775 2776
f 2774 2776 2777
f 2775 2778 2779
f 2775 2779 2776
f 2778 2780 2781
f 2778 2781 2779
f 2777 2776 2782
f 2777 2782 2783
f 2776 2779 2784
f 2776 2784 2782
f 2779 2781 2785
f 2779 2785 2784
f 2786 2787 2788
f 2786 2788 2789
f 2787 2790 2791
f 2787 2791 2788
f 2790 2792 2793
f 2790 2793 2791
f 2789 2788 2794
f 2789 2794 2795
f 2788 2791 2796
f 2788 2796 2794
f 2791 2793 2797
f 2791 2797 2796
f 2798 2799 2800
f 2798 2800 2801
f 2799 2802 2803
f 2799 2803 2800
f 2802 2804 2805
f 2802 2805 2803
f 2801 2800 2806
f 2801 2806 2807
f 2800 2803 2808
f 2800 2808 2806
f 2803 2805 2809
f 2803 2809 2808
f 2810 2811 2812
f 2810 2812 2813
f 2811 2814 2815
f 2811 2815 2812
f 2814 2816 2817
f 2814 2817 2815
f 2813 2812 2818
f 2813 2818 2819
f 2812 2815 2820
f 2812 2820 2818
f 2815 2817 2821
f 2815 2821 2820
f 2771 2770 2757
f 2771 2757 2756
f 2770 2772 2761
f 2770 2761 2757
f 2783 2782 2769
f 2783 2769 2768
f 2782 2784 2773
f 2782 2773 2769
f 2795 2794 2781
f 2795 2781 2780
f 2794 2796 2785
f 2794 2785 2781
f 2807 2806 2793
f 2807 2793 2792
f 2806 2808 2797
f 2806 2797 2793
f 2819 2818 2805
f 2819 2805 2804
f 2818 2820 2809
f 2818 2809 2805
f 2759 2758 2817
f 2759 2817 2816
f 2758 2760 2821
f 2758 2821 2817
f 2760 2761 2822
f 2760 2822 2821
f 2772 2773 2822
f 2772 2822 2761
f 2784 2785 2822
f 2784 2822 2773
f 2796 2797 2822
f 2796 2822 2785
f 2808 2809 2822
f 2808 2822 2797
f 2820 2821 2822
f 2820 2822 2809
f 1256 1342 2750
f 1256 2750 1393
f 1342 1341 2751
f 1342 2751 2750
f 1341 1340 2754
f 1341 2754 2751
f 1340 1339 2756
f 1340 2756 2754
f 1393 2750 2753
f 1393 2753 1394
f 1394 2753 2759
f 1394 2759 1395
f 1395 2759 2816
f 1395 2816 1396
f 1335 2721 2762
f 1335 2762 1336
f 2721 2722 2763
f 2721 2763 2762
f 2722 2723 2766
f 2722 2766 2763
f 2723 2724 2768
f 2723 2768 2766
f 1336 2762 2765
f 1336 2765 1337
f 1337 2765 2771
f 1337 2771 1338
f 1338 2771 2756
f 1338 2756 1339
f 2391 2390 2774
f 2391 2774 2744
f 2390 2389 2775
f 2390 2775 2774
f 2389 2388 2778
f 2389 2778 2775
f 2388 2387 2780
f 2388 2780 2778
f 2744 2774 2777
f 2744 2777 2746
f 2746 2777 2783
f 2746 2783 2747
f 2747 2783 2768
f 2747 2768 2724
f 2382 2823 2786
f 2382 2786 2383
f 2823 2824 2787
f 2823 2787 2786
f 2824 2825 2790
f 2824 2790 2787
f 2825 2826 2792
f 2825 2792 2790
f 2383 2786 2789
f 2383 2789 2385
f 2385 2789 2795
f 2385 2795 2386
f 2386 2795 2780
f 2386 2780 2387
f 2632 2827 2798
f 2632 2798 2828
f 2827 2829 2799
f 2827 2799 2798
f 2829 2830 2802
f 2829 2802 2799
f 2830 2831 2804
f 2830 2804 2802
f 2828 2798 2801
f 2828 2801 2832
f 2832 2801 2807
f 2832 2807 2833
f 2833 2807 2792
f 2833 2792 2826
f 1400 1399 2810
f 1400 2810 2834
f 1399 1398 2811
f 1399 2811 2810
f 1398 1397 2814
f 1398 2814 2811
f 1397 1396 2816
f 1397 2816 2814
f 2834 2810 2813
f 2834 2813 2835
f 2835 2813 2819
f 2835 2819 2836
f 2836 2819 2804
f 2836 2804 2831
f 2837 2838 2839
f 2837 2839 2840
f 2838 2841 2842
f 2838 2842 2839
f 2841 2843 2844
f 2841 2844 2842
f 2840 2839 2845
f 2840 2845 2846
f 2839 2842 2847
f 2839 2847 2845
f 2842 2844 2848
f 2842 2848 2847
f 2849 2850 2851
f 2849 2851 2852
f 2850 2853 2854
f 2850 2854 2851
f 2853 2855 2856
f 2853 2856 2854
f 2852 2851 2857
f 2852 2857 2858
f 2851 2854 2859
f 2851 2859 2857
f 2854 2856 2860
f 2854 2860 2859
f 2861 2862 2863
f 2861 2863 2864
f 2862 2865 2866
f 2862 2866 2863
f 2865 2867 2868
f 2865 2868 2866
f 2864 2863 2869
f 2864 2869 2870
f 2863 2866 2871
f 2863 2871 2869
f 2866 2868 2872
f 2866 2872 2871
f 2873 2874 2875
f 2873 2875 2876
f 2874 2877 2878
f 2874 2878 2875
f 2877 2879 2880
f 2877 2880 2878
f 2876 2875 2881
f 2876 2881 2882
f 2875 2878 2883
f 2875 2883 2881
f 2878 2880 2884
f 2878 2884 2883
f 2885 2886 2887
f 2885 2887 2888
f 2886 2889 2890
f 2886 2890 2887
f 2889 2891 2892
f 2889 2892 2890
f 2888 2887 2893
f 2888 2893 2894
f 2887 2890 2895
f 2887 2895 2893
f 2890 2892 2896
f 2890 2896 2895
f 2897 2898 2899
f 2897 2899 2900
f 2898 2901 2902
f 2898 2902 2899
f 2901 2903 2904
f 2901 2904 2902
f 2900 2899 2905
f 2900 2905 2906
f 2899 2902 2907
f 2899 2907 2905
f 2902 2904 2908
f 2902 2908 2907
f 2858 2857 2844
f 2858 2844 2843
f 2857 2859 2848
f 2857 2848 2844
f 2870 2869 2856
f 2870 2856 2855
f 2869 2871 2860
f 2869 2860 2856
f 2882 2881 2868
f 2882 2868 2867
f 2881 2883 2872
f 2881 2872 2868
f 2894 2893 2880
f 2894 2880 2879
f 2893 2895 2884
f 2893 2884 2880
f 2906 2905 2892
f 2906 2892 2891
f 2905 2907 2896
f 2905 2896 2892
f 2846 2845 2904
f 2846 2904 2903
f 2845 2847 2908
f 2845 2908 2904
f 2847 2848 2909
f 2847 2909 2908
f 2859 2860 2909
f 2859 2909 2848
f 2871 2872 2909
f 2871 2909 2860
f 2883 2884 2909
f 2883 2909 2872
f 2895 2896 2909
f 2895 2909 2884
f 2907 2908 2909
f 2907 2909 2896
f 1400 2834 2837
f 1400 2837 1465
f 2834 2835 2838
f 2834 2838 2837
f 2835 2836 2841
f 2835 2841 2838
f 2836 2831 2843
f 2836 2843 2841
f 1465 2837 2840
f 1465 2840 1466
f 1466 2840 2846
f 1466 2846 1467
f 1467 2846 2903
f 1467 2903 1468
f 2632 2631 2849
f 2632 2849 2827
f 2631 2630 2850
f 2631 2850 2849
f 2630 2629 2853
f 2630 2853 2850
f 2629 2628 2855
f 2629 2855 2853
f 2827 2849 2852
f 2827 2852 2829
f 2829 2852 2858
f 2829 2858 2830
f 2830 2858 2843
f 2830 2843 2831
f 2553 2552 2861
f 2553 2861 2625
f 2552 2551 2862
f 2552 2862 2861
f 2551 2550 2865
f 2551 2865 2862
f 2550 2549 2867
f 2550 2867 2865
f 2625 2861 2864
f 2625 2864 2626
f 2626 2864 2870
f 2626 2870 2627
f 2627 2870 2855
f 2627 2855 2628
f 2544 2910 2873
f 2544 2873 2545
f 2910 2911 2874
f 2910 2874 2873
f 2911 2912 2877
f 2911 2877 2874
f 2912 2913 2879
f 2912 2879 2877
f 2545 2873 2876
f 2545 2876 2547
f 2547 2876 2882
f 2547 2882 2548
f 2548 2882 2867
f 2548 2867 2549
f 2327 2325 2885
f 2327 2885 2914
f 2325 2324 2886
f 2325 2886 2885
f 2324 2323 2889
f 2324 2889 2886
f 2323 2322 2891
f 2323 2891 2889
f 2914 2885 2888
f 2914 2888 2915
f 2915 2888 2894
f 2915 2894 2916
f 2916 2894 2879
f 2916 2879 2913
f 1472 1471 2897
f 1472 2897 2319
f 1471 1470 2898
f 1471 2898 2897
f 1470 1469 2901
f 1470 2901 2898
f 1469 1468 2903
f 1469 2903 2901
f 2319 2897 2900
f 2319 2900 2320
f 2320 2900 2906
f 2320 2906 2321
f 2321 2906 2891
f 2321 2891 2322
f 2917 2918 2919
f 2917 2919 2920
f 2918 2921 2922
f 2918 2922 2919
f 2921 2923 2924
f 2921 2924 2922
f 2920 2919 2925
f 2920 2925 2926
f 2919 2922 2927
f 2919 2927 2925
f 2922 2924 2928
f 2922 2928 2927
f 2929 2930 2931
f 2929 2931 2932
f 2930 2933 2934
f 2930 2934 2931
f 2933 2935 2936
f 2933 2936 2934
f 2932 2931 2937
f 2932 2937 2938
f 2931 2934 2939
f 2931 2939 2937
f 2934 2936 2940
f 2934 2940 2939
f 2941 2942 2943
f 2941 2943 2944
f 2942 2945 2946
f 2942 2946 2943
f 2945 2947 2948
f 2945 2948 2946
f 2944 2943 2949
f 2944 2949 2950
f 2943 2946 2951
f 2943 2951 2949
f 2946 2948 2952
f 2946 2952 2951
f 2953 2954 2955
f 2953 2955 2956
f 2954 2957 2958
f 2954 2958 2955
f 2957 2959 2960
f 2957 2960 2958
f 2956 2955 2961
f 2956 2961 2962
f 2955 2958 2963
f 2955 2963 2961
f 2958 2960 2964
f 2958 2964 2963
f 2965 2966 2967
f 2965 2967 2968
f 2966 2969 2970
f 2966 2970 2967
f 2969 2971 2972
f 2969 2972 2970
f 2968 2967 2973
f 2968 2973 2974
f 2967 2970 2975
f 2967 2975 2973
f 2970 2972 2976
f 2970 2976 2975
f 2977 2978 2979
f 2977 2979 2980
f 2978 2981 2982
f 2978 2982 2979
f 2981 2983 2984
f 2981 2984 2982
f 2980 2979 2985
f 2980 2985 2986
f 2979 2982 2987
f 2979 2987 2985
f 2982 2984 2988
f 2982 2988 2987
f 2938 2937 2924
f 2938 2924 2923
f 2937 2939 2928
f 2937 2928 2924
f 2950 2949 2936
f 2950 2936 2935
f 2949 2951 2940
f 2949 2940 2936
f 2962 2961 2948
f 2962 2948 2947
f 2961 2963 2952
f 2961 2952 2948
f 2974 2973 2960
f 2974 2960 2959
f 2973 2975 2964
f 2973 2964 2960
f 2986 2985 2972
f 2986 2972 2971
f 2985 2987 2976
f 2985 2976 2972
f 2926 2925 2984
f 2926 2984 2983
f 2925 2927 2988
f 2925 2988 2984
f 2927 2928 2989
f 2927 2989 2988
f 2939 2940 2989
f 2939 2989 2928
f 2951 2952 2989
f 2951 2989 2940
f 2963 2964 2989
f 2963 2989 2952
f 2975 2976 2989
f 2975 2989 2964
f 2987 2988 2989
f 2987 2989 2976
f 2544 2990 2917
f 2544 2917 2910
f 2990 2991 2918
f 2990 2918 2917
f 2991 2992 2921
f 2991 2921 2918
f 2992 2993 2923
f 2992 2923 2921
f 2910 2917 2920
f 2910 2920 2911
f 2911 2920 2926
f 2911 2926 2912
f 2912 2926 2983
f 2912 2983 2913
f 2472 2471 2929
f 2472 2929 2994
f 2471 2470 2930
f 2471 2930 2929
f 2470 2469 2933
f 2470 2933 2930
f 2469 2468 2935
f 2469 2935 2933
f 2994 2929 2932
f 2994 2932 2995
f 2995 2932 2938
f 2995 2938 2996
f 2996 2938 2923
f 2996 2923 2993
f 2463 2730 2941
f 2463 2941 2464
f 2730 2734 2942
f 2730 2942 2941
f 2734 2735 2945
f 2734 2945 2942
f 2735 2728 2947
f 2735 2947 2945
f 2464 2941 2944
f 2464 2944 2466
f 2466 2944 2950
f 2466 2950 2467
f 2467 2950 2935
f 2467 2935 2468
f 1760 1871 2953
f 1760 2953 2725
f 1871 1893 2954
f 1871 2954 2953
f 1893 1892 2957
f 1893 2957 2954
f 1892 1891 2959
f 1892 2959 2957
f 2725 2953 2956
f 2725 2956 2726
f 2726 2956 2962
f 2726 2962 2727
f 2727 2962 2947
f 2727 2947 2728
f 1888 2311 2965
f 1888 2965 1887
f 2311 2332 2966
f 2311 2966 2965
f 2332 2331 2969
f 2332 2969 2966
f 2331 2330 2971
f 2331 2971 2969
f 1887 2965 2968
f 1887 2968 1889
f 1889 2968 2974
f 1889 2974 1890
f 1890 2974 2959
f 1890 2959 1891
f 2327 2914 2977
f 2327 2977 2326
f 2914 2915 2978
f 2914 2978 2977
f 2915 2916 2981
f 2915 2981 2978
f 2916 2913 2983
f 2916 2983 2981
f 2326 2977 2980
f 2326 2980 2328
f 2328 2980 2986
f 2328 2986 2329
f 2329 2986 2971
f 2329 2971 2330
f 2997 2998 2999
f 2997 2999 3000
f 2998 3001 3002
f 2998 3002 2999
f 3001 3003 3004
f 3001 3004 3002
f 3003 3005 3006
f 3003 3006 3004
f 3005 3007 3008
f 3005 3008 3006
f 3007 3009 3010
f 3007 3010 3008
f 3000 2999 3011
f 3000 3011 3012
f 2999 3002 3013
f 2999 3013 3011
f 3002 3004 3014
f 3002 3014 3013
f 3004 3006 3015
f 3004 3015 3014
f 3006 3008 3016
f 3006 3016 3015
f 3008 3010 3017
f 3008 3017 3016
f 3012 3011 3018
f 3012 3018 3019
f 3011 3013 3020
f 3011 3020 3018
f 3013 3014 3021
f 3013 3021 3020
f 3014 3015 3022
f 3014 3022 3021
f 3015 3016 3023
f 3015 3023 3022
f 3016 3017 3024
f 3016 3024 3023
f 3019 3018 3025
f 3019 3025 3026
f 3018 3020 3027
f 3018 3027 3025
f 3020 3021 3028
f 3020 3028 3027
f 3021 3022 3029
f 3021 3029 3028
f 3022 3023 3030
f 3022 3030 3029
f 3023 3024 3031
f 3023 3031 3030
f 3026 3025 3032
f 3026 3032 3033
f 3025 3027 3034
f 3025 3034 3032
f 3027 3028 3035
f 3027 3035 3034
f 3028 3029 3036
f 3028 3036 3035
f 3029 3030 3037
f 3029 3037 3036
f 3030 3031 3038
f 3030 3038 3037
f 3033 3032 3039
f 3033 3039 3040
f 3032 3034 3041
f 3032 3041 3039
f 3034 3035 3042
f 3034 3042 3041
f 3035 3036 3043
f 3035 3043 3042
f 3036 3037 3044
f 3036 3044 3043
f 3037 3038 3045
f 3037 3045 3044
f 2254 3046 2997
f 2254 2997 2312
f 3046 3047 2998
f 3046 2998 2997
f 3047 3048 3001
f 3047 3001 2998
f 3048 3049 3003
f 3048 3003 3001
f 3049 3050 3005
f 3049 3005 3003
f 3050 3051 3007
f 3050 3007 3005
f 3051 3052 3009
f 3051 3009 3007
f 3052 3053 3054
f 3052 3054 3009
f 3009 3054 3055
f 3009 3055 3010
f 3010 3055 3056
f 3010 3056 3017
f 3017 3056 3057
f 3017 3057 3024
f 3024 3057 3058
f 3024 3058 3031
f 3031 3058 3059
f 3031 3059 3038
f 3038 3059 3060
f 3038 3060 3045
f 3045 3060 1481
f 3045 1481 1479
f 3044 3045 1479
f 3044 1479 1478
f 3043 3044 1478
f 3043 1478 1477
f 3042 3043 1477
f 3042 1477 1476
f 3041 3042 1476
f 3041 1476 1475
f 3039 3041 1475
f 3039 1475 1474
f 3040 3039 1474
f 3040 1474 1473
f 2318 3040 1473
f 2318 1473 1472
f 2317 3033 3040
f 2317 3040 2318
f 2316 3026 3033
f 2316 3033 2317
f 2315 3019 3026
f 2315 3026 2316
f 2314 3012 3019
f 2314 3019 2315
f 2313 3000 3012
f 2313 3012 2314
f 2312 2997 3000
f 2312 3000 2313
f 3061 3062 3063
f 3061 3063 3064
f 3062 3065 3066
f 3062 3066 3063
f 3065 3067 3068
f 3065 3068 3066
f 3067 3069 3070
f 3067 3070 3068
f 3069 3071 3072
f 3069 3072 3070
f 3071 3073 3074
f 3071 3074 3072
f 3064 3063 3075
f 3064 3075 3076
f 3063 3066 3077
f 3063 3077 3075
f 3066 3068 3078
f 3066 3078 3077
f 3068 3070 3079
f 3068 3079 3078
f 3070 3072 3080
f 3070 3080 3079
f 3072 3074 3081
f 3072 3081 3080
f 3076 3075 3082
f 3076 3082 3083
f 3075 3077 3084
f 3075 3084 3082
f 3077 3078 3085
f 3077 3085 3084
f 3078 3079 3086
f 3078 3086 3085
f 3079 3080 3087
f 3079 3087 3086
f 3080 3081 3088
f 3080 3088 3087
f 3083 3082 3089
f 3083 3089 3090
f 3082 3084 3091
f 3082 3091 3089
f 3084 3085 3092
f 3084 3092 3091
f 3085 3086 3093
f 3085 3093 3092
f 3086 3087 3094
f 3086 3094 3093
f 3087 3088 3095
f 3087 3095 3094
f 3090 3089 3096
f 3090 3096 3097
f 3089 3091 3098
f 3089 3098 3096
f 3091 3092 3099
f 3091 3099 3098
f 3092 3093 3100
f 3092 3100 3099
f 3093 3094 3101
f 3093 3101 3100
f 3094 3095 3102
f 3094 3102 3101
f 3097 3096 3103
f 3097 3103 3104
f 3096 3098 3105
f 3096 3105 3103
f 3098 3099 3106
f 3098 3106 3105
f 3099 3100 3107
f 3099 3107 3106
f 3100 3101 3108
f 3100 3108 3107
f 3101 3102 3109
f 3101 3109 3108
f 2190 3110 3061
f 2190 3061 2247
f 3110 3111 3062
f 3110 3062 3061
f 3111 3112 3065
f 3111 3065 3062
f 3112 3113 3067
f 3112 3067 3065
f 3113 3114 3069
f 3113 3069 3067
f 3114 3115 3071
f 3114 3071 3069
f 3115 3116 3073
f 3115 3073 3071
f 3116 3117 3118
f 3116 3118 3073
f 3073 3118 3119
f 3073 3119 3074
f 3074 3119 3120
f 3074 3120 3081
f 3081 3120 3121
f 3081 3121 3088
f 3088 3121 3122
f 3088 3122 3095
f 3095 3122 3123
f 3095 3123 3102
f 3102 3123 3124
f 3102 3124 3109
f 3109 3124 3053
f 3109 3053 3052
f 3108 3109 3052
f 3108 3052 3051
f 3107 3108 3051
f 3107 3051 3050
f 3106 3107 3050
f 3106 3050 3049
f 3105 3106 3049
f 3105 3049 3048
f 3103 3105 3048
f 3103 3048 3047
f 3104 3103 3047
f 3104 3047 3046
f 2253 3104 3046
f 2253 3046 2254
f 2252 3097 3104
f 2252 3104 2253
f 2251 3090 3097
f 2251 3097 2252
f 2250 3083 3090
f 2250 3090 2251
f 2249 3076 3083
f 2249 3083 2250
f 2248 3064 3076
f 2248 3076 2249
f 2247 3061 3064
f 2247 3064 2248
f 3125 3126 3127
f 3125 3127 3128
f 3126 3129 3130
f 3126 3130 3127
f 3129 3131 3132
f 3129 3132 3130
f 3131 3133 3134
f 3131 3134 3132
f 3133 3135 3136
f 3133 3136 3134
f 3135 3137 3138
f 3135 3138 3136
f 3128 3127 3139
f 3128 3139 3140
f 3127 3130 3141
f 3127 3141 3139
f 3130 3132 3142
f 3130 3142 3141
f 3132 3134 3143
f 3132 3143 3142
f 3134 3136 3144
f 3134 3144 3143
f 3136 3138 3145
f 3136 3145 3144
f 3140 3139 3146
f 3140 3146 3147
f 3139 3141 3148
f 3139 3148 3146
f 3141 3142 3149
f 3141 3149 3148
f 3142 3143 3150
f 3142 3150 3149
f 3143 3144 3151
f 3143 3151 3150
f 3144 3145 3152
f 3144 3152 3151
f 3147 3146 3153
f 3147 3153 3154
f 3146 3148 3155
f 3146 3155 3153
f 3148 3149 3156
f 3148 3156 3155
f 3149 3150 3157
f 3149 3157 3156
f 3150 3151 3158
f 3150 3158 3157
f 3151 3152 3159
f 3151 3159 3158
f 3154 3153 3160
f 3154 3160 3161
f 3153 3155 3162
f 3153 3162 3160
f 3155 3156 3163
f 3155 3163 3162
f 3156 3157 3164
f 3156 3164 3163
f 3157 3158 3165
f 3157 3165 3164
f 3158 3159 3166
f 3158 3166 3165
f 3161 3160 3167
f 3161 3167 3168
f 3160 3162 3169
f 3160 3169 3167
f 3162 3163 3170
f 3162 3170 3169
f 3163 3164 3171
f 3163 3171 3170
f 3164 3165 3172
f 3164 3172 3171
f 3165 3166 3173
f 3165 3173 3172
f 1175 3174 3125
f 1175 3125 2183
f 3174 3175 3126
f 3174 3126 3125
f 3175 3176 3129
f 3175 3129 3126
f 3176 3177 3131
f 3176 3131 3129
f 3177 3178 3133
f 3177 3133 3131
f 3178 3179 3135
f 3178 3135 3133
f 3179 3180 3137
f 3179 3137 3135
f 3180 3181 3182
f 3180 3182 3137
f 3137 3182 3183
f 3137 3183 3138
f 3138 3183 3184
f 3138 3184 3145
f 3145 3184 3185
f 3145 3185 3152
f 3152 3185 3186
f 3152 3186 3159
f 3159 3186 3187
f 3159 3187 3166
f 3166 3187 3188
f 3166 3188 3173
f 3173 3188 3117
f 3173 3117 3116
f 3172 3173 3116
f 3172 3116 3115
f 3171 3172 3115
f 3171 3115 3114
f 3170 3171 3114
f 3170 3114 3113
f 3169 3170 3113
f 3169 3113 3112
f 3167 3169 3112
f 3167 3112 3111
f 3168 3167 3111
f 3168 3111 3110
f 2189 3168 3110
f 2189 3110 2190
f 2188 3161 3168
f 2188 3168 2189
f 2187 3154 3161
f 2187 3161 2188
f 2186 3147 3154
f 2186 3154 2187
f 2185 3140 3147
f 2185 3147 2186
f 2184 3128 3140
f 2184 3140 2185
f 2183 3125 3128
f 2183 3128 2184
f 3189 3190 3191
f 3189 3191 3192
f 3190 3193 3194
f 3190 3194 3191
f 3193 3195 3196
f 3193 3196 3194
f 3195 3197 3198
f 3195 3198 3196
f 3197 3199 3200
f 3197 3200 3198
f 3199 3201 3202
f 3199 3202 3200
f 3192 3191 3203
f 3192 3203 3204
f 3191 3194 3205
f 3191 3205 3203
f 3194 3196 3206
f 3194 3206 3205
f 3196 3198 3207
f 3196 3207 3206
f 3198 3200 3208
f 3198 3208 3207
f 3200 3202 3209
f 3200 3209 3208
f 3204 3203 3210
f 3204 3210 3211
f 3203 3205 3212
f 3203 3212 3210
f 3205 3206 3213
f 3205 3213 3212
f 3206 3207 3214
f 3206 3214 3213
f 3207 3208 3215
f 3207 3215 3214
f 3208 3209 3216
f 3208 3216 3215
f 3211 3210 3217
f 3211 3217 3218
f 3210 3212 3219
f 3210 3219 3217
f 3212 3213 3220
f 3212 3220 3219
f 3213 3214 3221
f 3213 3221 3220
f 3214 3215 3222
f 3214 3222 3221
f 3215 3216 3223
f 3215 3223 3222
f 3218 3217 3224
f 3218 3224 3225
f 3217 3219 3226
f 3217 3226 3224
f 3219 3220 3227
f 3219 3227 3226
f 3220 3221 3228
f 3220 3228 3227
f 3221 3222 3229
f 3221 3229 3228
f 3222 3223 3230
f 3222 3230 3229
f 3225 3224 3231
f 3225 3231 3232
f 3224 3226 3233
f 3224 3233 3231
f 3226 3227 3234
f 3226 3234 3233
f 3227 3228 3235
f 3227 3235 3234
f 3228 3229 3236
f 3228 3236 3235
f 3229 3230 3237
f 3229 3237 3236
f 2070 3238 3189
f 2070 3189 2127
f 3238 3239 3190
f 3238 3190 3189
f 3239 3240 3193
f 3239 3193 3190
f 3240 3241 3195
f 3240 3195 3193
f 3241 3242 3197
f 3241 3197 3195
f 3242 3243 3199
f 3242 3199 3197
f 3243 3244 3201
f 3243 3201 3199
f 3244 3245 3246
f 3244 3246 3201
f 3201 3246 3247
f 3201 3247 3202
f 3202 3247 3248
f 3202 3248 3209
f 3209 3248 3249
f 3209 3249 3216
f 3216 3249 3250
f 3216 3250 3223
f 3223 3250 3251
f 3223 3251 3230
f 3230 3251 3252
f 3230 3252 3237
f 3237 3252 3253
f 3237 3253 3254
f 3236 3237 3254
f 3236 3254 3255
f 3235 3236 3255
f 3235 3255 3256
f 3234 3235 3256
f 3234 3256 3257
f 3233 3234 3257
f 3233 3257 3258
f 3231 3233 3258
f 3231 3258 3259
f 3232 3231 3259
f 3232 3259 3260
f 2133 3232 3260
f 2133 3260 1023
f 2132 3225 3232
f 2132 3232 2133
f 2131 3218 3225
f 2131 3225 2132
f 2130 3211 3218
f 2130 3218 2131
f 2129 3204 3211
f 2129 3211 2130
f 2128 3192 3204
f 2128 3204 2129
f 2127 3189 3192
f 2127 3192 2128
f 3261 3262 3263
f 3261 3263 3264
f 3262 3265 3266
f 3262 3266 3263
f 3265 3267 3268
f 3265 3268 3266
f 3267 3269 3270
f 3267 3270 3268
f 3269 3271 3272
f 3269 3272 3270
f 3271 3273 3274
f 3271 3274 3272
f 3264 3263 3275
f 3264 3275 3276
f 3263 3266 3277
f 3263 3277 3275
f 3266 3268 3278
f 3266 3278 3277
f 3268 3270 3279
f 3268 3279 3278
f 3270 3272 3280
f 3270 3280 3279
f 3272 3274 3281
f 3272 3281 3280
f 3276 3275 3282
f 3276 3282 3283
f 3275 3277 3284
f 3275 3284 3282
f 3277 3278 3285
f 3277 3285 3284
f 3278 3279 3286
f 3278 3286 3285
f 3279 3280 3287
f 3279 3287 3286
f 3280 3281 3288
f 3280 3288 3287
f 3283 3282 3289
f 3283 3289 3290
f 3282 3284 3291
f 3282 3291 3289
f 3284 3285 3292
f 3284 3292 3291
f 3285 3286 3293
f 3285 3293 3292
f 3286 3287 3294
f 3286 3294 3293
f 3287 3288 3295
f 3287 3295 3294
f 3290 3289 3296
f 3290 3296 3297
f 3289 3291 3298
f 3289 3298 3296
f 3291 3292 3299
f 3291 3299 3298
f 3292 3293 3300
f 3292 3300 3299
f 3293 3294 3301
f 3293 3301 3300
f 3294 3295 3302
f 3294 3302 3301
f 3297 3296 3303
f 3297 3303 3304
f 3296 3298 3305
f 3296 3305 3303
f 3298 3299 3306
f 3298 3306 3305
f 3299 3300 3307
f 3299 3307 3306
f 3300 3301 3308
f 3300 3308 3307
f 3301 3302 3309
f 3301 3309 3308
f 2006 3310 3261
f 2006 3261 2063
f 3310 3311 3262
f 3310 3262 3261
f 3311 3312 3265
f 3311 3265 3262
f 3312 3313 3267
f 3312 3267 3265
f 3313 3314 3269
f 3313 3269 3267
f 3314 3315 3271
f 3314 3271 3269
f 3315 3316 3273
f 3315 3273 3271
f 3316 3317 3318
f 3316 3318 3273
f 3273 3318 3319
f 3273 3319 3274
f 3274 3319 3320
f 3274 3320 3281
f 3281 3320 3321
f 3281 3321 3288
f 3288 3321 3322
f 3288 3322 3295
f 3295 3322 3323
f 3295 3323 3302
f 3302 3323 3324
f 3302 3324 3309
f 3309 3324 3245
f 3309 3245 3244
f 3308 3309 3244
f 3308 3244 3243
f 3307 3308 3243
f 3307 3243 3242
f 3306 3307 3242
f 3306 3242 3241
f 3305 3306 3241
f 3305 3241 3240
f 3303 3305 3240
f 3303 3240 3239
f 3304 3303 3239
f 3304 3239 3238
f 2069 3304 3238
f 2069 3238 2070
f 2068 3297 3304
f 2068 3304 2069
f 2067 3290 3297
f 2067 3297 2068
f 2066 3283 3290
f 2066 3290 2067
f 2065 3276 3283
f 2065 3283 2066
f 2064 3264 3276
f 2064 3276 2065
f 2063 3261 3264
f 2063 3264 2064
f 3325 3326 3327
f 3325 3327 3328
f 3326 3329 3330
f 3326 3330 3327
f 3329 3331 3332
f 3329 3332 3330
f 3331 3333 3334
f 3331 3334 3332
f 3333 3335 3336
f 3333 3336 3334
f 3335 3337 3338
f 3335 3338 3336
f 3328 3327 3339
f 3328 3339 3340
f 3327 3330 3341
f 3327 3341 3339
f 3330 3332 3342
f 3330 3342 3341
f 3332 3334 3343
f 3332 3343 3342
f 3334 3336 3344
f 3334 3344 3343
f 3336 3338 3345
f 3336 3345 3344
f 3340 3339 3346
f 3340 3346 3347
f 3339 3341 3348
f 3339 3348 3346
f 3341 3342 3349
f 3341 3349 3348
f 3342 3343 3350
f 3342 3350 3349
f 3343 3344 3351
f 3343 3351 3350
f 3344 3345 3352
f 3344 3352 3351
f 3347 3346 3353
f 3347 3353 3354
f 3346 3348 3355
f 3346 3355 3353
f 3348 3349 3356
f 3348 3356 3355
f 3349 3350 3357
f 3349 3357 3356
f 3350 3351 3358
f 3350 3358 3357
f 3351 3352 3359
f 3351 3359 3358
f 3354 3353 3360
f 3354 3360 3361
f 3353 3355 3362
f 3353 3362 3360
f 3355 3356 3363
f 3355 3363 3362
f 3356 3357 3364
f 3356 3364 3363
f 3357 3358 3365
f 3357 3365 3364
f 3358 3359 3366
f 3358 3366 3365
f 3361 3360 3367
f 3361 3367 3368
f 3360 3362 3369
f 3360 3369 3367
f 3362 3363 3370
f 3362 3370 3369
f 3363 3364 3371
f 3363 3371 3370
f 3364 3365 3372
f 3364 3372 3371
f 3365 3366 3373
f 3365 3373 3372
f 1248 1247 3325
f 1248 3325 1999
f 1247 1246 3326
f 1247 3326 3325
f 1246 1245 3329
f 1246 3329 3326
f 1245 1244 3331
f 1245 3331 3329
f 1244 1243 3333
f 1244 3333 3331
f 1243 1242 3335
f 1243 3335 3333
f 1242 1240 3337
f 1242 3337 3335
f 1240 1239 3374
f 1240 3374 3337
f 3337 3374 3375
f 3337 3375 3338
f 3338 3375 3376
f 3338 3376 3345
f 3345 3376 3377
f 3345 3377 3352
f 3352 3377 3378
f 3352 3378 3359
f 3359 3378 3379
f 3359 3379 3366
f 3366 3379 3380
f 3366 3380 3373
f 3373 3380 3317
f 3373 3317 3316
f 3372 3373 3316
f 3372 3316 3315
f 3371 3372 3315
f 3371 3315 3314
f 3370 3371 3314
f 3370 3314 3313
f 3369 3370 3313
f 3369 3313 3312
f 3367 3369 3312
f 3367 3312 3311
f 3368 3367 3311
f 3368 3311 3310
f 2005 3368 3310
f 2005 3310 2006
f 2004 3361 3368
f 2004 3368 2005
f 2003 3354 3361
f 2003 3361 2004
f 2002 3347 3354
f 2002 3354 2003
f 2001 3340 3347
f 2001 3347 2002
f 2000 3328 3340
f 2000 3340 2001
f 1999 3325 3328
f 1999 3328 2000
f 3381 3382 3383
f 3381 3383 3384
f 3382 3385 3386
f 3382 3386 3383
f 3385 3387 3388
f 3385 3388 3386
f 3387 3389 3390
f 3387 3390 3388
f 3389 3391 3392
f 3389 3392 3390
f 3391 3393 3394
f 3391 3394 3392
f 3384 3383 3395
f 3384 3395 3396
f 3383 3386 3397
f 3383 3397 3395
f 3386 3388 3398
f 3386 3398 3397
f 3388 3390 3399
f 3388 3399 3398
f 3390 3392 3400
f 3390 3400 3399
f 3392 3394 3401
f 3392 3401 3400
f 3396 3395 3402
f 3396 3402 3403
f 3395 3397 3404
f 3395 3404 3402
f 3397 3398 3405
f 3397 3405 3404
f 3398 3399 3406
f 3398 3406 3405
f 3399 3400 3407
f 3399 3407 3406
f 3400 3401 3408
f 3400 3408 3407
f 3403 3402 3409
f 3403 3409 3410
f 3402 3404 3411
f 3402 3411 3409
f 3404 3405 3412
f 3404 3412 3411
f 3405 3406 3413
f 3405 3413 3412
f 3406 3407 3414
f 3406 3414 3413
f 3407 3408 3415
f 3407 3415 3414
f 3410 3409 3416
f 3410 3416 3417
f 3409 3411 3418
f 3409 3418 3416
f 3411 3412 3419
f 3411 3419 3418
f 3412 3413 3420
f 3412 3420 3419
f 3413 3414 3421
f 3413 3421 3420
f 3414 3415 3422
f 3414 3422 3421
f 3417 3416 3423
f 3417 3423 3424
f 3416 3418 3425
f 3416 3425 3423
f 3418 3419 3426
f 3418 3426 3425
f 3419 3420 3427
f 3419 3427 3426
f 3420 3421 3428
f 3420 3428 3427
f 3421 3422 3429
f 3421 3429 3428
f 1103 3430 3381
f 1103 3381 1168
f 3430 3431 3382
f 3430 3382 3381
f 3431 3432 3385
f 3431 3385 3382
f 3432 3433 3387
f 3432 3387 3385
f 3433 3434 3389
f 3433 3389 3387
f 3434 3435 3391
f 3434 3391 3389
f 3435 3436 3393
f 3435 3393 3391
f 3436 3437 3438
f 3436 3438 3393
f 3393 3438 3439
f 3393 3439 3394
f 3394 3439 3440
f 3394 3440 3401
f 3401 3440 3441
f 3401 3441 3408
f 3408 3441 3442
f 3408 3442 3415
f 3415 3442 3443
f 3415 3443 3422
f 3422 3443 3444
f 3422 3444 3429
f 3429 3444 3181
f 3429 3181 3180
f 3428 3429 3180
f 3428 3180 3179
f 3427 3428 3179
f 3427 3179 3178
f 3426 3427 3178
f 3426 3178 3177
f 3425 3426 3177
f 3425 3177 3176
f 3423 3425 3176
f 3423 3176 3175
f 3424 3423 3175
f 3424 3175 3174
f 1174 3424 3174
f 1174 3174 1175
f 1173 3417 3424
f 1173 3424 1174
f 1172 3410 3417
f 1172 3417 1173
f 1171 3403 3410
f 1171 3410 1172
f 1170 3396 3403
f 1170 3403 1171
f 1169 3384 3396
f 1169 3396 1170
f 1168 3381 3384
f 1168 3384 1169
f 3445 3446 3447
f 3445 3447 3448
f 3446 3449 3450
f 3446 3450 3447
f 3449 3451 3452
f 3449 3452 3450
f 3451 3453 3454
f 3451 3454 3452
f 3453 3455 3456
f 3453 3456 3454
f 3455 3457 3458
f 3455 3458 3456
f 3448 3447 3459
f 3448 3459 3460
f 3447 3450 3461
f 3447 3461 3459
f 3450 3452 3462
f 3450 3462 3461
f 3452 3454 3463
f 3452 3463 3462
f 3454 3456 3464
f 3454 3464 3463
f 3456 3458 3465
f 3456 3465 3464
f 3460 3459 3466
f 3460 3466 3467
f 3459 3461 3468
f 3459 3468 3466
f 3461 3462 3469
f 3461 3469 3468
f 3462 3463 3470
f 3462 3470 3469
f 3463 3464 3471
f 3463 3471 3470
f 3464 3465 3472
f 3464 3472 3471
f 3467 3466 3473
f 3467 3473 3474
f 3466 3468 3475
f 3466 3475 3473
f 3468 3469 3476
f 3468 3476 3475
f 3469 3470 3477
f 3469 3477 3476
f 3470 3471 3478
f 3470 3478 3477
f 3471 3472 3479
f 3471 3479 3478
f 3474 3473 3480
f 3474 3480 3481
f 3473 3475 3482
f 3473 3482 3480
f 3475 3476 3483
f 3475 3483 3482
f 3476 3477 3484
f 3476 3484 3483
f 3477 3478 3485
f 3477 3485 3484
f 3478 3479 3486
f 3478 3486 3485
f 3481 3480 3487
f 3481 3487 3488
f 3480 3482 3489
f 3480 3489 3487
f 3482 3483 3490
f 3482 3490 3489
f 3483 3484 3491
f 3483 3491 3490
f 3484 3485 3492
f 3484 3492 3491
f 3485 3486 3493
f 3485 3493 3492
f 1031 3494 3445
f 1031 3445 1096
f 3494 3495 3446
f 3494 3446 3445
f 3495 3496 3449
f 3495 3449 3446
f 3496 3497 3451
f 3496 3451 3449
f 3497 3498 3453
f 3497 3453 3451
f 3498 3499 3455
f 3498 3455 3453
f 3499 3500 3457
f 3499 3457 3455
f 3500 3501 3502
f 3500 3502 3457
f 3457 3502 3503
f 3457 3503 3458
f 3458 3503 3504
f 3458 3504 3465
f 3465 3504 3505
f 3465 3505 3472
f 3472 3505 3506
f 3472 3506 3479
f 3479 3506 3507
f 3479 3507 3486
f 3486 3507 3508
f 3486 3508 3493
f 3493 3508 3437
f 3493 3437 3436
f 3492 3493 3436
f 3492 3436 3435
f 3491 3492 3435
f 3491 3435 3434
f 3490 3491 3434
f 3490 3434 3433
f 3489 3490 3433
f 3489 3433 3432
f 3487 3489 3432
f 3487 3432 3431
f 3488 3487 3431
f 3488 3431 3430
f 1102 3488 3430
f 1102 3430 1103
f 1101 3481 3488
f 1101 3488 1102
f 1100 3474 3481
f 1100 3481 1101
f 1099 3467 3474
f 1099 3474 1100
f 1098 3460 3467
f 1098 3467 1099
f 1097 3448 3460
f 1097 3460 1098
f 1096 3445 3448
f 1096 3448 1097
f 3509 3510 3511
f 3509 3511 3512
f 3510 3513 3514
f 3510 3514 3511
f 3513 3515 3516
f 3513 3516 3514
f 3515 3517 3518
f 3515 3518 3516
f 3517 3519 3520
f 3517 3520 3518
f 3519 3521 3522
f 3519 3522 3520
f 3512 3511 3523
f 3512 3523 3524
f 3511 3514 3525
f 3511 3525 3523
f 3514 3516 3526
f 3514 3526 3525
f 3516 3518 3527
f 3516 3527 3526
f 3518 3520 3528
f 3518 3528 3527
f 3520 3522 3529
f 3520 3529 3528
f 3524 3523 3530
f 3524 3530 3531
f 3523 3525 3532
f 3523 3532 3530
f 3525 3526 3533
f 3525 3533 3532
f 3526 3527 3534
f 3526 3534 3533
f 3527 3528 3535
f 3527 3535 3534
f 3528 3529 3536
f 3528 3536 3535
f 3531 3530 3537
f 3531 3537 3538
f 3530 3532 3539
f 3530 3539 3537
f 3532 3533 3540
f 3532 3540 3539
f 3533 3534 3541
f 3533 3541 3540
f 3534 3535 3542
f 3534 3542 3541
f 3535 3536 3543
f 3535 3543 3542
f 3538 3537 3544
f 3538 3544 3545
f 3537 3539 3546
f 3537 3546 3544
f 3539 3540 3547
f 3539 3547 3546
f 3540 3541 3548
f 3540 3548 3547
f 3541 3542 3549
f 3541 3549 3548
f 3542 3543 3550
f 3542 3550 3549
f 3545 3544 3551
f 3545 3551 3552
f 3544 3546 3553
f 3544 3553 3551
f 3546 3547 3554
f 3546 3554 3553
f 3547 3548 3555
f 3547 3555 3554
f 3548 3549 3556
f 3548 3556 3555
f 3549 3550 3557
f 3549 3557 3556
f 1023 3260 3509
f 1023 3509 1024
f 3260 3259 3510
f 3260 3510 3509
f 3259 3258 3513
f 3259 3513 3510
f 3258 3257 3515
f 3258 3515 3513
f 3257 3256 3517
f 3257 3517 3515
f 3256 3255 3519
f 3256 3519 3517
f 3255 3254 3521
f 3255 3521 3519
f 3254 3253 3558
f 3254 3558 3521
f 3521 3558 3559
f 3521 3559 3522
f 3522 3559 3560
f 3522 3560 3529
f 3529 3560 3561
f 3529 3561 3536
f 3536 3561 3562
f 3536 3562 3543
f 3543 3562 3563
f 3543 3563 3550
f 3550 3563 3564
f 3550 3564 3557
f 3557 3564 3501
f 3557 3501 3500
f 3556 3557 3500
f 3556 3500 3499
f 3555 3556 3499
f 3555 3499 3498
f 3554 3555 3498
f 3554 3498 3497
f 3553 3554 3497
f 3553 3497 3496
f 3551 3553 3496
f 3551 3496 3495
f 3552 3551 3495
f 3552 3495 3494
f 1030 3552 3494
f 1030 3494 1031
f 1029 3545 3552
f 1029 3552 1030
f 1028 3538 3545
f 1028 3545 1029
f 1027 3531 3538
f 1027 3538 1028
f 1026 3524 3531
f 1026 3531 1027
f 1025 3512 3524
f 1025 3524 1026
f 1024 3509 3512
f 1024 3512 1025
f 3565 3566 3567
f 3565 3567 3568
f 3566 3569 3570
f 3566 3570 3567
f 3569 3571 3572
f 3569 3572 3570
f 3571 3573 3574
f 3571 3574 3572
f 3573 3575 3576
f 3573 3576 3574
f 3575 3577 3578
f 3575 3578 3576
f 3568 3567 3579
f 3568 3579 3580
f 3567 3570 3581
f 3567 3581 3579
f 3570 3572 3582
f 3570 3582 3581
f 3572 3574 3583
f 3572 3583 3582
f 3574 3576 3584
f 3574 3584 3583
f 3576 3578 3585
f 3576 3585 3584
f 3580 3579 3586
f 3580 3586 3587
f 3579 3581 3588
f 3579 3588 3586
f 3581 3582 3589
f 3581 3589 3588
f 3582 3583 3590
f 3582 3590 3589
f 3583 3584 3591
f 3583 3591 3590
f 3584 3585 3592
f 3584 3592 3591
f 3587 3586 3593
f 3587 3593 3594
f 3586 3588 3595
f 3586 3595 3593
f 3588 3589 3596
f 3588 3596 3595
f 3589 3590 3597
f 3589 3597 3596
f 3590 3591 3598
f 3590 3598 3597
f 3591 3592 3599
f 3591 3599 3598
f 3594 3593 3600
f 3594 3600 3601
f 3593 3595 3602
f 3593 3602 3600
f 3595 3596 3603
f 3595 3603 3602
f 3596 3597 3604
f 3596 3604 3603
f 3597 3598 3605
f 3597 3605 3604
f 3598 3599 3606
f 3598 3606 3605
f 3601 3600 3607
f 3601 3607 3608
f 3600 3602 3609
f 3600 3609 3607
f 3602 3603 3610
f 3602 3610 3609
f 3603 3604 3611
f 3603 3611 3610
f 3604 3605 3612
f 3604 3612 3611
f 3605 3606 3613
f 3605 3613 3612
f 2489 2487 3565
f 2489 3565 3614
f 2487 2486 3566
f 2487 3566 3565
f 2486 2485 3569
f 2486 3569 3566
f 2485 2484 3571
f 2485 3571 3569
f 2484 2483 3573
f 2484 3573 3571
f 2483 2482 3575
f 2483 3575 3573
f 2482 2481 3577
f 2482 3577 3575
f 2481 2480 3615
f 2481 3615 3577
f 3577 3615 3616
f 3577 3616 3578
f 3578 3616 3617
f 3578 3617 3585
f 3585 3617 3618
f 3585 3618 3592
f 3592 3618 3619
f 3592 3619 3599
f 3599 3619 3620
f 3599 3620 3606
f 3606 3620 3621
f 3606 3621 3613
f 3613 3621 3622
f 3613 3622 3623
f 3612 3613 3623
f 3612 3623 3624
f 3611 3612 3624
f 3611 3624 3625
f 3610 3611 3625
f 3610 3625 3626
f 3609 3610 3626
f 3609 3626 3627
f 3607 3609 3627
f 3607 3627 3628
f 3608 3607 3628
f 3608 3628 3629
f 3630 3608 3629
f 3630 3629 3631
f 3632 3601 3608
f 3632 3608 3630
f 3633 3594 3601
f 3633 3601 3632
f 3634 3587 3594
f 3634 3594 3633
f 3635 3580 3587
f 3635 3587 3634
f 3636 3568 3580
f 3636 3580 3635
f 3614 3565 3568
f 3614 3568 3636
f 3637 3638 3639
f 3637 3639 3640
f 3638 3641 3642
f 3638 3642 3639
f 3641 3643 3644
f 3641 3644 3642
f 3643 3645 3646
f 3643 3646 3644
f 3645 3647 3648
f 3645 3648 3646
f 3647 3649 3650
f 3647 3650 3648
f 3640 3639 3651
f 3640 3651 3652
f 3639 3642 3653
f 3639 3653 3651
f 3642 3644 3654
f 3642 3654 3653
f 3644 3646 3655
f 3644 3655 3654
f 3646 3648 3656
f 3646 3656 3655
f 3648 3650 3657
f 3648 3657 3656
f 3652 3651 3658
f 3652 3658 3659
f 3651 3653 3660
f 3651 3660 3658
f 3653 3654 3661
f 3653 3661 3660
f 3654 3655 3662
f 3654 3662 3661
f 3655 3656 3663
f 3655 3663 3662
f 3656 3657 3664
f 3656 3664 3663
f 3659 3658 3665
f 3659 3665 3666
f 3658 3660 3667
f 3658 3667 3665
f 3660 3661 3668
f 3660 3668 3667
f 3661 3662 3669
f 3661 3669 3668
f 3662 3663 3670
f 3662 3670 3669
f 3663 3664 3671
f 3663 3671 3670
f 3666 3665 3672
f 3666 3672 3673
f 3665 3667 3674
f 3665 3674 3672
f 3667 3668 3675
f 3667 3675 3674
f 3668 3669 3676
f 3668 3676 3675
f 3669 3670 3677
f 3669 3677 3676
f 3670 3671 3678
f 3670 3678 3677
f 3673 3672 3679
f 3673 3679 3680
f 3672 3674 3681
f 3672 3681 3679
f 3674 3675 3682
f 3674 3682 3681
f 3675 3676 3683
f 3675 3683 3682
f 3676 3677 3684
f 3676 3684 3683
f 3677 3678 3685
f 3677 3685 3684
f 2570 2568 3637
f 2570 3637 3686
f 2568 2567 3638
f 2568 3638 3637
f 2567 2566 3641
f 2567 3641 3638
f 2566 2565 3643
f 2566 3643 3641
f 2565 2564 3645
f 2565 3645 3643
f 2564 2563 3647
f 2564 3647 3645
f 2563 2562 3649
f 2563 3649 3647
f 2562 2561 3687
f 2562 3687 3649
f 3649 3687 3688
f 3649 3688 3650
f 3650 3688 3689
f 3650 3689 3657
f 3657 3689 3690
f 3657 3690 3664
f 3664 3690 3691
f 3664 3691 3671
f 3671 3691 3692
f 3671 3692 3678
f 3678 3692 3693
f 3678 3693 3685
f 3685 3693 3622
f 3685 3622 3621
f 3684 3685 3621
f 3684 3621 3620
f 3683 3684 3620
f 3683 3620 3619
f 3682 3683 3619
f 3682 3619 3618
f 3681 3682 3618
f 3681 3618 3617
f 3679 3681 3617
f 3679 3617 3616
f 3680 3679 3616
f 3680 3616 3615
f 3694 3680 3615
f 3694 3615 2480
f 3695 3673 3680
f 3695 3680 3694
f 3696 3666 3673
f 3696 3673 3695
f 3697 3659 3666
f 3697 3666 3696
f 3698 3652 3659
f 3698 3659 3697
f 3699 3640 3652
f 3699 3652 3698
f 3686 3637 3640
f 3686 3640 3699
f 3700 3701 3702
f 3700 3702 3703
f 3701 3704 3705
f 3701 3705 3702
f 3704 3706 3707
f 3704 3707 3705
f 3706 3708 3709
f 3706 3709 3707
f 3708 3710 3711
f 3708 3711 3709
f 3710 3712 3713
f 3710 3713 3711
f 3703 3702 3714
f 3703 3714 3715
f 3702 3705 3716
f 3702 3716 3714
f 3705 3707 3717
f 3705 3717 3716
f 3707 3709 3718
f 3707 3718 3717
f 3709 3711 3719
f 3709 3719 3718
f 3711 3713 3720
f 3711 3720 3719
f 3715 3714 3721
f 3715 3721 3722
f 3714 3716 3723
f 3714 3723 3721
f 3716 3717 3724
f 3716 3724 3723
f 3717 3718 3725
f 3717 3725 3724
f 3718 3719 3726
f 3718 3726 3725
f 3719 3720 3727
f 3719 3727 3726
f 3722 3721 3728
f 3722 3728 3729
f 3721 3723 3730
f 3721 3730 3728
f 3723 3724 3731
f 3723 3731 3730
f 3724 3725 3732
f 3724 3732 3731
f 3725 3726 3733
f 3725 3733 3732
f 3726 3727 3734
f 3726 3734 3733
f 3729 3728 3735
f 3729 3735 3736
f 3728 3730 3737
f 3728 3737 3735
f 3730 3731 3738
f 3730 3738 3737
f 3731 3732 3739
f 3731 3739 3738
f 3732 3733 3740
f 3732 3740 3739
f 3733 3734 3741
f 3733 3741 3740
f 3736 3735 3742
f 3736 3742 3743
f 3735 3737 3744
f 3735 3744 3742
f 3737 3738 3745
f 3737 3745 3744
f 3738 3739 3746
f 3738 3746 3745
f 3739 3740 3747
f 3739 3747 3746
f 3740 3741 3748
f 3740 3748 3747
f 2640 3749 3700
f 2640 3700 2641
f 3749 3750 3701
f 3749 3701 3700
f 3750 3751 3704
f 3750 3704 3701
f 3751 3752 3706
f 3751 3706 3704
f 3752 3753 3708
f 3752 3708 3706
f 3753 3754 3710
f 3753 3710 3708
f 3754 3755 3712
f 3754 3712 3710
f 3755 2408 3756
f 3755 3756 3712
f 3712 3756 3757
f 3712 3757 3713
f 3713 3757 3758
f 3713 3758 3720
f 3720 3758 3759
f 3720 3759 3727
f 3727 3759 3760
f 3727 3760 3734
f 3734 3760 3761
f 3734 3761 3741
f 3741 3761 3762
f 3741 3762 3748
f 3748 3762 3622
f 3748 3622 3693
f 3747 3748 3693
f 3747 3693 3692
f 3746 3747 3692
f 3746 3692 3691
f 3745 3746 3691
f 3745 3691 3690
f 3744 3745 3690
f 3744 3690 3689
f 3742 3744 3689
f 3742 3689 3688
f 3743 3742 3688
f 3743 3688 3687
f 2647 3743 3687
f 2647 3687 2561
f 2646 3736 3743
f 2646 3743 2647
f 2645 3729 3736
f 2645 3736 2646
f 2644 3722 3729
f 2644 3729 2645
f 2643 3715 3722
f 2643 3722 2644
f 2642 3703 3715
f 2642 3715 2643
f 2641 3700 3703
f 2641 3703 2642
f 3763 3764 3765
f 3763 3765 3766
f 3764 3767 3768
f 3764 3768 3765
f 3767 3769 3770
f 3767 3770 3768
f 3769 3771 3772
f 3769 3772 3770
f 3771 3773 3774
f 3771 3774 3772
f 3773 3775 3776
f 3773 3776 3774
f 3766 3765 3777
f 3766 3777 3778
f 3765 3768 3779
f 3765 3779 3777
f 3768 3770 3780
f 3768 3780 3779
f 3770 3772 3781
f 3770 3781 3780
f 3772 3774 3782
f 3772 3782 3781
f 3774 3776 3783
f 3774 3783 3782
f 3778 3777 3784
f 3778 3784 3785
f 3777 3779 3786
f 3777 3786 3784
f 3779 3780 3787
f 3779 3787 3786
f 3780 3781 3788
f 3780 3788 3787
f 3781 3782 3789
f 3781 3789 3788
f 3782 3783 3790
f 3782 3790 3789
f 3785 3784 3791
f 3785 3791 3792
f 3784 3786 3793
f 3784 3793 3791
f 3786 3787 3794
f 3786 3794 3793
f 3787 3788 3795
f 3787 3795 3794
f 3788 3789 3796
f 3788 3796 3795
f 3789 3790 3797
f 3789 3797 3796
f 3792 3791 3798
f 3792 3798 3799
f 3791 3793 3800
f 3791 3800 3798
f 3793 3794 3801
f 3793 3801 3800
f 3794 3795 3802
f 3794 3802 3801
f 3795 3796 3803
f 3795 3803 3802
f 3796 3797 3804
f 3796 3804 3803
f 3799 3798 3805
f 3799 3805 3806
f 3798 3800 3807
f 3798 3807 3805
f 3800 3801 3808
f 3800 3808 3807
f 3801 3802 3809
f 3801 3809 3808
f 3802 3803 3810
f 3802 3810 3809
f 3803 3804 3811
f 3803 3811 3810
f 2399 3812 3763
f 2399 3763 2400
f 3812 3813 3764
f 3812 3764 3763
f 3813 3814 3767
f 3813 3767 3764
f 3814 3815 3769
f 3814 3769 3767
f 3815 3816 3771
f 3815 3771 3769
f 3816 3817 3773
f 3816 3773 3771
f 3817 3818 3775
f 3817 3775 3773
f 3818 3631 3629
f 3818 3629 3775
f 3775 3629 3628
f 3775 3628 3776
f 3776 3628 3627
f 3776 3627 3783
f 3783 3627 3626
f 3783 3626 3790
f 3790 3626 3625
f 3790 3625 3797
f 3797 3625 3624
f 3797 3624 3804
f 3804 3624 3623
f 3804 3623 3811
f 3811 3623 3622
f 3811 3622 3762
f 3810 3811 3762
f 3810 3762 3761
f 3809 3810 3761
f 3809 3761 3760
f 3808 3809 3760
f 3808 3760 3759
f 3807 3808 3759
f 3807 3759 3758
f 3805 3807 3758
f 3805 3758 3757
f 3806 3805 3757
f 3806 3757 3756
f 2406 3806 3756
f 2406 3756 2408
f 2405 3799 3806
f 2405 3806 2406
f 2404 3792 3799
f 2404 3799 2405
f 2403 3785 3792
f 2403 3792 2404
f 2402 3778 3785
f 2402 3785 2403
f 2401 3766 3778
f 2401 3778 2402
f 2400 3763 3766
f 2400 3766 2401
f 3819 3820 3821
f 3819 3821 3822
f 3820 3823 3824
f 3820 3824 3821
f 3823 3825 3826
f 3823 3826 3824
f 3825 3827 3828
f 3825 3828 3826
f 3827 3829 3830
f 3827 3830 3828
f 3829 3831 3832
f 3829 3832 3830
f 3822 3821 3833
f 3822 3833 3834
f 3821 3824 3835
f 3821 3835 3833
f 3824 3826 3836
f 3824 3836 3835
f 3826 3828 3837
f 3826 3837 3836
f 3828 3830 3838
f 3828 3838 3837
f 3830 3832 3839
f 3830 3839 3838
f 3834 3833 3840
f 3834 3840 3841
f 3833 3835 3842
f 3833 3842 3840
f 3835 3836 3843
f 3835 3843 3842
f 3836 3837 3844
f 3836 3844 3843
f 3837 3838 3845
f 3837 3845 3844
f 3838 3839 3846
f 3838 3846 3845
f 3841 3840 3847
f 3841 3847 3848
f 3840 3842 3849
f 3840 3849 3847
f 3842 3843 3850
f 3842 3850 3849
f 3843 3844 3851
f 3843 3851 3850
f 3844 3845 3852
f 3844 3852 3851
f 3845 3846 3853
f 3845 3853 3852
f 3848 3847 3854
f 3848 3854 3855
f 3847 3849 3856
f 3847 3856 3854
f 3849 3850 3857
f 3849 3857 3856
f 3850 3851 3858
f 3850 3858 3857
f 3851 3852 3859
f 3851 3859 3858
f 3852 3853 3860
f 3852 3860 3859
f 3855 3854 3861
f 3855 3861 3862
f 3854 3856 3863
f 3854 3863 3861
f 3856 3857 3864
f 3856 3864 3863
f 3857 3858 3865
f 3857 3865 3864
f 3858 3859 3866
f 3858 3866 3865
f 3859 3860 3867
f 3859 3867 3866
f 2632 2828 3819
f 2632 3819 2633
f 2828 2832 3820
f 2828 3820 3819
f 2832 2833 3823
f 2832 3823 3820
f 2833 2826 3825
f 2833 3825 3823
f 2826 2825 3827
f 2826 3827 3825
f 2825 2824 3829
f 2825 3829 3827
f 2824 2823 3831
f 2824 3831 3829
f 2823 2382 2384
f 2823 2384 3831
f 3831 2384 2413
f 3831 2413 3832
f 3832 2413 2412
f 3832 2412 3839
f 3839 2412 2411
f 3839 2411 3846
f 3846 2411 2410
f 3846 2410 3853
f 3853 2410 2409
f 3853 2409 3860
f 3860 2409 2407
f 3860 2407 3867
f 3867 2407 2408
f 3867 2408 3755
f 3866 3867 3755
f 3866 3755 3754
f 3865 3866 3754
f 3865 3754 3753
f 3864 3865 3753
f 3864 3753 3752
f 3863 3864 3752
f 3863 3752 3751
f 3861 3863 3751
f 3861 3751 3750
f 3862 3861 3750
f 3862 3750 3749
f 2639 3862 3749
f 2639 3749 2640
f 2638 3855 3862
f 2638 3862 2639
f 2637 3848 3855
f 2637 3855 2638
f 2636 3841 3848
f 2636 3848 2637
f 2635 3834 3841
f 2635 3841 2636
f 2634 3822 3834
f 2634 3834 2635
f 2633 3819 3822
f 2633 3822 2634
f 3868 3869 3870
f 3868 3870 3871
f 3869 3872 3873
f 3869 3873 3870
f 3872 3874 3875
f 3872 3875 3873
f 3874 3876 3877
f 3874 3877 3875
f 3876 3878 3879
f 3876 3879 3877
f 3878 3880 3881
f 3878 3881 3879
f 3871 3870 3882
f 3871 3882 3883
f 3870 3873 3884
f 3870 3884 3882
f 3873 3875 3885
f 3873 3885 3884
f 3875 3877 3886
f 3875 3886 3885
f 3877 3879 3887
f 3877 3887 3886
f 3879 3881 3888
f 3879 3888 3887
f 3883 3882 3889
f 3883 3889 3890
f 3882 3884 3891
f 3882 3891 3889
f 3884 3885 3892
f 3884 3892 3891
f 3885 3886 3893
f 3885 3893 3892
f 3886 3887 3894
f 3886 3894 3893
f 3887 3888 3895
f 3887 3895 3894
f 3890 3889 3896
f 3890 3896 3897
f 3889 3891 3898
f 3889 3898 3896
f 3891 3892 3899
f 3891 3899 3898
f 3892 3893 3900
f 3892 3900 3899
f 3893 3894 3901
f 3893 3901 3900
f 3894 3895 3902
f 3894 3902 3901
f 3897 3896 3903
f 3897 3903 3904
f 3896 3898 3905
f 3896 3905 3903
f 3898 3899 3906
f 3898 3906 3905
f 3899 3900 3907
f 3899 3907 3906
f 3900 3901 3908
f 3900 3908 3907
f 3901 3902 3909
f 3901 3909 3908
f 3904 3903 3910
f 3904 3910 3911
f 3903 3905 3912
f 3903 3912 3910
f 3905 3906 3913
f 3905 3913 3912
f 3906 3907 3914
f 3906 3914 3913
f 3907 3908 3915
f 3907 3915 3914
f 3908 3909 3916
f 3908 3916 3915
f 2472 2994 3868
f 2472 3868 2473
f 2994 2995 3869
f 2994 3869 3868
f 2995 2996 3872
f 2995 3872 3869
f 2996 2993 3874
f 2996 3874 3872
f 2993 2992 3876
f 2993 3876 3874
f 2992 2991 3878
f 2992 3878 3876
f 2991 2990 3880
f 2991 3880 3878
f 2990 2544 2546
f 2990 2546 3880
f 3880 2546 2575
f 3880 2575 3881
f 3881 2575 2574
f 3881 2574 3888
f 3888 2574 2573
f 3888 2573 3895
f 3895 2573 2572
f 3895 2572 3902
f 3902 2572 2571
f 3902 2571 3909
f 3909 2571 2569
f 3909 2569 3916
f 3916 2569 2570
f 3916 2570 3686
f 3915 3916 3686
f 3915 3686 3699
f 3914 3915 3699
f 3914 3699 3698
f 3913 3914 3698
f 3913 3698 3697
f 3912 3913 3697
f 3912 3697 3696
f 3910 3912 3696
f 3910 3696 3695
f 3911 3910 3695
f 3911 3695 3694
f 2479 3911 3694
f 2479 3694 2480
f 2478 3904 3911
f 2478 3911 2479
f 2477 3897 3904
f 2477 3904 2478
f 2476 3890 3897
f 2476 3897 2477
f 2475 3883 3890
f 2475 3890 2476
f 2474 3871 3883
f 2474 3883 2475
f 2473 3868 3871
f 2473 3871 2474
f 3917 3918 3919
f 3917 3919 3920
f 3918 3921 3922
f 3918 3922 3919
f 3921 3923 3924
f 3921 3924 3922
f 3923 3925 3926
f 3923 3926 3924
f 3925 3927 3928
f 3925 3928 3926
f 3927 3929 3930
f 3927 3930 3928
f 3920 3919 3931
f 3920 3931 3932
f 3919 3922 3933
f 3919 3933 3931
f 3922 3924 3934
f 3922 3934 3933
f 3924 3926 3935
f 3924 3935 3934
f 3926 3928 3936
f 3926 3936 3935
f 3928 3930 3937
f 3928 3937 3936
f 3932 3931 3938
f 3932 3938 3939
f 3931 3933 3940
f 3931 3940 3938
f 3933 3934 3941
f 3933 3941 3940
f 3934 3935 3942
f 3934 3942 3941
f 3935 3936 3943
f 3935 3943 3942
f 3936 3937 3944
f 3936 3944 3943
f 3939 3938 3945
f 3939 3945 3946
f 3938 3940 3947
f 3938 3947 3945
f 3940 3941 3948
f 3940 3948 3947
f 3941 3942 3949
f 3941 3949 3948
f 3942 3943 3950
f 3942 3950 3949
f 3943 3944 3951
f 3943 3951 3950
f 3946 3945 3952
f 3946 3952 3953
f 3945 3947 3954
f 3945 3954 3952
f 3947 3948 3955
f 3947 3955 3954
f 3948 3949 3956
f 3948 3956 3955
f 3949 3950 3957
f 3949 3957 3956
f 3950 3951 3958
f 3950 3958 3957
f 3953 3952 3959
f 3953 3959 3960
f 3952 3954 3961
f 3952 3961 3959
f 3954 3955 3962
f 3954 3962 3961
f 3955 3956 3963
f 3955 3963 3962
f 3956 3957 3964
f 3956 3964 3963
f 3957 3958 3965
f 3957 3965 3964
f 2391 2745 3917
f 2391 3917 2392
f 2745 2748 3918
f 2745 3918 3917
f 2748 2749 3921
f 2748 3921 3918
f 2749 2741 3923
f 2749 3923 3921
f 2741 2740 3925
f 2741 3925 3923
f 2740 2739 3927
f 2740 3927 3925
f 2739 2737 3929
f 2739 3929 3927
f 2737 2736 3966
f 2737 3966 3929
f 3929 3966 3967
f 3929 3967 3930
f 3930 3967 3968
f 3930 3968 3937
f 3937 3968 3969
f 3937 3969 3944
f 3944 3969 3970
f 3944 3970 3951
f 3951 3970 3971
f 3951 3971 3958
f 3958 3971 3972
f 3958 3972 3965
f 3965 3972 3631
f 3965 3631 3818
f 3964 3965 3818
f 3964 3818 3817
f 3963 3964 3817
f 3963 3817 3816
f 3962 3963 3816
f 3962 3816 3815
f 3961 3962 3815
f 3961 3815 3814
f 3959 3961 3814
f 3959 3814 3813
f 3960 3959 3813
f 3960 3813 3812
f 2398 3960 3812
f 2398 3812 2399
f 2397 3953 3960
f 2397 3960 2398
f 2396 3946 3953
f 2396 3953 2397
f 2395 3939 3946
f 2395 3946 2396
f 2394 3932 3939
f 2394 3939 2395
f 2393 3920 3932
f 2393 3932 2394
f 2392 3917 3920
f 2392 3920 2393
f 3973 3974 3975
f 3973 3975 3976
f 3974 3977 3978
f 3974 3978 3975
f 3977 3979 3980
f 3977 3980 3978
f 3979 3981 3982
f 3979 3982 3980
f 3981 3983 3984
f 3981 3984 3982
f 3983 3985 3986
f 3983 3986 3984
f 3976 3975 3987
f 3976 3987 3988
f 3975 3978 3989
f 3975 3989 3987
f 3978 3980 3990
f 3978 3990 3989
f 3980 3982 3991
f 3980 3991 3990
f 3982 3984 3992
f 3982 3992 3991
f 3984 3986 3993
f 3984 3993 3992
f 3988 3987 3994
f 3988 3994 3995
f 3987 3989 3996
f 3987 3996 3994
f 3989 3990 3997
f 3989 3997 3996
f 3990 3991 3998
f 3990 3998 3997
f 3991 3992 3999
f 3991 3999 3998
f 3992 3993 4000
f 3992 4000 3999
f 3995 3994 4001
f 3995 4001 4002
f 3994 3996 4003
f 3994 4003 4001
f 3996 3997 4004
f 3996 4004 4003
f 3997 3998 4005
f 3997 4005 4004
f 3998 3999 4006
f 3998 4006 4005
f 3999 4000 4007
f 3999 4007 4006
f 4002 4001 4008
f 4002 4008 4009
f 4001 4003 4010
f 4001 4010 4008
f 4003 4004 4011
f 4003 4011 4010
f 4004 4005 4012
f 4004 4012 4011
f 4005 4006 4013
f 4005 4013 4012
f 4006 4007 4014
f 4006 4014 4013
f 4009 4008 4015
f 4009 4015 4016
f 4008 4010 4017
f 4008 4017 4015
f 4010 4011 4018
f 4010 4018 4017
f 4011 4012 4019
f 4011 4019 4018
f 4012 4013 4020
f 4012 4020 4019
f 4013 4014 4021
f 4013 4021 4020
f 2736 2738 3973
f 2736 3973 3966
f 2738 2742 3974
f 2738 3974 3973
f 2742 2743 3977
f 2742 3977 3974
f 2743 2733 3979
f 2743 3979 3977
f 2733 2732 3981
f 2733 3981 3979
f 2732 2731 3983
f 2732 3983 3981
f 2731 2729 3985
f 2731 3985 3983
f 2729 2463 2465
f 2729 2465 3985
f 3985 2465 2494
f 3985 2494 3986
f 3986 2494 2493
f 3986 2493 3993
f 3993 2493 2492
f 3993 2492 4000
f 4000 2492 2491
f 4000 2491 4007
f 4007 2491 2490
f 4007 2490 4014
f 4014 2490 2488
f 4014 2488 4021
f 4021 2488 2489
f 4021 2489 3614
f 4020 4021 3614
f 4020 3614 3636
f 4019 4020 3636
f 4019 3636 3635
f 4018 4019 3635
f 4018 3635 3634
f 4017 4018 3634
f 4017 3634 3633
f 4015 4017 3633
f 4015 3633 3632
f 4016 4015 3632
f 4016 3632 3630
f 3972 4016 3630
f 3972 3630 3631
f 3971 4009 4016
f 3971 4016 3972
f 3970 4002 4009
f 3970 4009 3971
f 3969 3995 4002
f 3969 4002 3970
f 3968 3988 3995
f 3968 3995 3969
f 3967 3976 3988
f 3967 3988 3968
f 3966 3973 3976
f 3966 3976 3967
f 4022 4023 4024
f 4022 4024 4025
f 4023 4026 4027
f 4023 4027 4024
f 4026 4028 4029
f 4026 4029 4027
f 4028 4030 4031
f 4028 4031 4029
f 4030 4032 4033
f 4030 4033 4031
f 4032 4034 4035
f 4032 4035 4033
f 4025 4024 4036
f 4025 4036 4037
f 4024 4027 4038
f 4024 4038 4036
f 4027 4029 4039
f 4027 4039 4038
f 4029 4031 4040
f 4029 4040 4039
f 4031 4033 4041
f 4031 4041 4040
f 4033 4035 4042
f 4033 4042 4041
f 4037 4036 4043
f 4037 4043 4044
f 4036 4038 4045
f 4036 4045 4043
f 4038 4039 4046
f 4038 4046 4045
f 4039 4040 4047
f 4039 4047 4046
f 4040 4041 4048
f 4040 4048 4047
f 4041 4042 4049
f 4041 4049 4048
f 4044 4043 4050
f 4044 4050 4051
f 4043 4045 4052
f 4043 4052 4050
f 4045 4046 4053
f 4045 4053 4052
f 4046 4047 4054
f 4046 4054 4053
f 4047 4048 4055
f 4047 4055 4054
f 4048 4049 4056
f 4048 4056 4055
f 4051 4050 4057
f 4051 4057 4058
f 4050 4052 4059
f 4050 4059 4057
f 4052 4053 4060
f 4052 4060 4059
f 4053 4054 4061
f 4053 4061 4060
f 4054 4055 4062
f 4054 4062 4061
f 4055 4056 4063
f 4055 4063 4062
f 4058 4057 4064
f 4058 4064 4065
f 4057 4059 4066
f 4057 4066 4064
f 4059 4060 4067
f 4059 4067 4066
f 4060 4061 4068
f 4060 4068 4067
f 4061 4062 4069
f 4061 4069 4068
f 4062 4063 4070
f 4062 4070 4069
f 4071 4072 4022
f 4071 4022 4073
f 4072 4074 4023
f 4072 4023 4022
f 4074 4075 4026
f 4074 4026 4023
f 4075 4076 4028
f 4075 4028 4026
f 4076 4077 4030
f 4076 4030 4028
f 4077 4078 4032
f 4077 4032 4030
f 4078 4079 4034
f 4078 4034 4032
f 4079 4080 4081
f 4079 4081 4034
f 4034 4081 4082
f 4034 4082 4035
f 4035 4082 4083
f 4035 4083 4042
f 4042 4083 4084
f 4042 4084 4049
f 4049 4084 4085
f 4049 4085 4056
f 4056 4085 4086
f 4056 4086 4063
f 4063 4086 4087
f 4063 4087 4070
f 4070 4087 4088
f 4070 4088 4089
f 4069 4070 4089
f 4069 4089 4090
f 4068 4069 4090
f 4068 4090 4091
f 4067 4068 4091
f 4067 4091 4092
f 4066 4067 4092
f 4066 4092 4093
f 4064 4066 4093
f 4064 4093 4094
f 4065 4064 4094
f 4065 4094 4095
f 4096 4065 4095
f 4096 4095 4097
f 4098 4058 4065
f 4098 4065 4096
f 4099 4051 4058
f 4099 4058 4098
f 4100 4044 4051
f 4100 4051 4099
f 4101 4037 4044
f 4101 4044 4100
f 4102 4025 4037
f 4102 4037 4101
f 4073 4022 4025
f 4073 4025 4102
f 4103 4104 4105
f 4103 4105 4106
f 4104 4107 4108
f 4104 4108 4105
f 4107 4109 4110
f 4107 4110 4108
f 4109 4111 4112
f 4109 4112 4110
f 4111 4113 4114
f 4111 4114 4112
f 4113 4115 4116
f 4113 4116 4114
f 4106 4105 4117
f 4106 4117 4118
f 4105 4108 4119
f 4105 4119 4117
f 4108 4110 4120
f 4108 4120 4119
f 4110 4112 4121
f 4110 4121 4120
f 4112 4114 4122
f 4112 4122 4121
f 4114 4116 4123
f 4114 4123 4122
f 4118 4117 4124
f 4118 4124 4125
f 4117 4119 4126
f 4117 4126 4124
f 4119 4120 4127
f 4119 4127 4126
f 4120 4121 4128
f 4120 4128 4127
f 4121 4122 4129
f 4121 4129 4128
f 4122 4123 4130
f 4122 4130 4129
f 4125 4124 4131
f 4125 4131 4132
f 4124 4126 4133
f 4124 4133 4131
f 4126 4127 4134
f 4126 4134 4133
f 4127 4128 4135
f 4127 4135 4134
f 4128 4129 4136
f 4128 4136 4135
f 4129 4130 4137
f 4129 4137 4136
f 4132 4131 4138
f 4132 4138 4139
f 4131 4133 4140
f 4131 4140 4138
f 4133 4134 4141
f 4133 4141 4140
f 4134 4135 4142
f 4134 4142 4141
f 4135 4136 4143
f 4135 4143 4142
f 4136 4137 4144
f 4136 4144 4143
f 4139 4138 4145
f 4139 4145 4146
f 4138 4140 4147
f 4138 4147 4145
f 4140 4141 4148
f 4140 4148 4147
f 4141 4142 4149
f 4141 4149 4148
f 4142 4143 4150
f 4142 4150 4149
f 4143 4144 4151
f 4143 4151 4150
f 4080 4152 4103
f 4080 4103 4081
f 4152 4153 4104
f 4152 4104 4103
f 4153 4154 4107
f 4153 4107 4104
f 4154 4155 4109
f 4154 4109 4107
f 4155 4156 4111
f 4155 4111 4109
f 4156 4157 4113
f 4156 4113 4111
f 4157 4158 4115
f 4157 4115 4113
f 4158 4159 4160
f 4158 4160 4115
f 4115 4160 4161
f 4115 4161 4116
f 4116 4161 4162
f 4116 4162 4123
f 4123 4162 4163
f 4123 4163 4130
f 4130 4163 4164
f 4130 4164 4137
f 4137 4164 4165
f 4137 4165 4144
f 4144 4165 4166
f 4144 4166 4151
f 4151 4166 4167
f 4151 4167 4168
f 4150 4151 4168
f 4150 4168 4169
f 4149 4150 4169
f 4149 4169 4170
f 4148 4149 4170
f 4148 4170 4171
f 4147 4148 4171
f 4147 4171 4172
f 4145 4147 4172
f 4145 4172 4173
f 4146 4145 4173
f 4146 4173 4174
f 4087 4146 4174
f 4087 4174 4088
f 4086 4139 4146
f 4086 4146 4087
f 4085 4132 4139
f 4085 4139 4086
f 4084 4125 4132
f 4084 4132 4085
f 4083 4118 4125
f 4083 4125 4084
f 4082 4106 4118
f 4082 4118 4083
f 4081 4103 4106
f 4081 4106 4082
f 4175 4176 4177
f 4175 4177 4178
f 4176 4179 4180
f 4176 4180 4177
f 4179 4181 4182
f 4179 4182 4180
f 4181 4183 4184
f 4181 4184 4182
f 4183 4185 4186
f 4183 4186 4184
f 4185 4187 4188
f 4185 4188 4186
f 4178 4177 4189
f 4178 4189 4190
f 4177 4180 4191
f 4177 4191 4189
f 4180 4182 4192
f 4180 4192 4191
f 4182 4184 4193
f 4182 4193 4192
f 4184 4186 4194
f 4184 4194 4193
f 4186 4188 4195
f 4186 4195 4194
f 4190 4189 4196
f 4190 4196 4197
f 4189 4191 4198
f 4189 4198 4196
f 4191 4192 4199
f 4191 4199 4198
f 4192 4193 4200
f 4192 4200 4199
f 4193 4194 4201
f 4193 4201 4200
f 4194 4195 4202
f 4194 4202 4201
f 4197 4196 4203
f 4197 4203 4204
f 4196 4198 4205
f 4196 4205 4203
f 4198 4199 4206
f 4198 4206 4205
f 4199 4200 4207
f 4199 4207 4206
f 4200 4201 4208
f 4200 4208 4207
f 4201 4202 4209
f 4201 4209 4208
f 4204 4203 4210
f 4204 4210 4211
f 4203 4205 4212
f 4203 4212 4210
f 4205 4206 4213
f 4205 4213 4212
f 4206 4207 4214
f 4206 4214 4213
f 4207 4208 4215
f 4207 4215 4214
f 4208 4209 4216
f 4208 4216 4215
f 4211 4210 4217
f 4211 4217 4218
f 4210 4212 4219
f 4210 4219 4217
f 4212 4213 4220
f 4212 4220 4219
f 4213 4214 4221
f 4213 4221 4220
f 4214 4215 4222
f 4214 4222 4221
f 4215 4216 4223
f 4215 4223 4222
f 4159 4224 4175
f 4159 4175 4160
f 4224 4225 4176
f 4224 4176 4175
f 4225 4226 4179
f 4225 4179 4176
f 4226 4227 4181
f 4226 4181 4179
f 4227 4228 4183
f 4227 4183 4181
f 4228 4229 4185
f 4228 4185 4183
f 4229 4230 4187
f 4229 4187 4185
f 4230 4231 4232
f 4230 4232 4187
f 4187 4232 4233
f 4187 4233 4188
f 4188 4233 4234
f 4188 4234 4195
f 4195 4234 4235
f 4195 4235 4202
f 4202 4235 4236
f 4202 4236 4209
f 4209 4236 4237
f 4209 4237 4216
f 4216 4237 4238
f 4216 4238 4223
f 4223 4238 4239
f 4223 4239 4240
f 4222 4223 4240
f 4222 4240 4241
f 4221 4222 4241
f 4221 4241 4242
f 4220 4221 4242
f 4220 4242 4243
f 4219 4220 4243
f 4219 4243 4244
f 4217 4219 4244
f 4217 4244 4245
f 4218 4217 4245
f 4218 4245 4246
f 4166 4218 4246
f 4166 4246 4167
f 4165 4211 4218
f 4165 4218 4166
f 4164 4204 4211
f 4164 4211 4165
f 4163 4197 4204
f 4163 4204 4164
f 4162 4190 4197
f 4162 4197 4163
f 4161 4178 4190
f 4161 4190 4162
f 4160 4175 4178
f 4160 4178 4161
f 4247 4248 4249
f 4247 4249 4250
f 4248 4251 4252
f 4248 4252 4249
f 4251 4253 4254
f 4251 4254 4252
f 4253 4255 4256
f 4253 4256 4254
f 4255 4257 4258
f 4255 4258 4256
f 4257 4259 4260
f 4257 4260 4258
f 4250 4249 4261
f 4250 4261 4262
f 4249 4252 4263
f 4249 4263 4261
f 4252 4254 4264
f 4252 4264 4263
f 4254 4256 4265
f 4254 4265 4264
f 4256 4258 4266
f 4256 4266 4265
f 4258 4260 4267
f 4258 4267 4266
f 4262 4261 4268
f 4262 4268 4269
f 4261 4263 4270
f 4261 4270 4268
f 4263 4264 4271
f 4263 4271 4270
f 4264 4265 4272
f 4264 4272 4271
f 4265 4266 4273
f 4265 4273 4272
f 4266 4267 4274
f 4266 4274 4273
f 4269 4268 4275
f 4269 4275 4276
f 4268 4270 4277
f 4268 4277 4275
f 4270 4271 4278
f 4270 4278 4277
f 4271 4272 4279
f 4271 4279 4278
f 4272 4273 4280
f 4272 4280 4279
f 4273 4274 4281
f 4273 4281 4280
f 4276 4275 4282
f 4276 4282 4283
f 4275 4277 4284
f 4275 4284 4282
f 4277 4278 4285
f 4277 4285 4284
f 4278 4279 4286
f 4278 4286 4285
f 4279 4280 4287
f 4279 4287 4286
f 4280 4281 4288
f 4280 4288 4287
f 4283 4282 4289
f 4283 4289 4290
f 4282 4284 4291
f 4282 4291 4289
f 4284 4285 4292
f 4284 4292 4291
f 4285 4286 4293
f 4285 4293 4292
f 4286 4287 4294
f 4286 4294 4293
f 4287 4288 4295
f 4287 4295 4294
f 1239 1241 4247
f 1239 4247 4296
f 1241 1270 4248
f 1241 4248 4247
f 1270 1269 4251
f 1270 4251 4248
f 1269 1268 4253
f 1269 4253 4251
f 1268 1267 4255
f 1268 4255 4253
f 1267 1266 4257
f 1267 4257 4255
f 1266 1264 4259
f 1266 4259 4257
f 1264 1265 4297
f 1264 4297 4259
f 4259 4297 4298
f 4259 4298 4260
f 4260 4298 4299
f 4260 4299 4267
f 4267 4299 4300
f 4267 4300 4274
f 4274 4300 4301
f 4274 4301 4281
f 4281 4301 4302
f 4281 4302 4288
f 4288 4302 4303
f 4288 4303 4295
f 4295 4303 4304
f 4295 4304 4305
f 4294 4295 4305
f 4294 4305 4306
f 4293 4294 4306
f 4293 4306 4307
f 4292 4293 4307
f 4292 4307 4308
f 4291 4292 4308
f 4291 4308 4309
f 4289 4291 4309
f 4289 4309 4310
f 4290 4289 4310
f 4290 4310 4311
f 4312 4290 4311
f 4312 4311 4313
f 4314 4283 4290
f 4314 4290 4312
f 4315 4276 4283
f 4315 4283 4314
f 4316 4269 4276
f 4316 4276 4315
f 4317 4262 4269
f 4317 4269 4316
f 4318 4250 4262
f 4318 4262 4317
f 4296 4247 4250
f 4296 4250 4318
f 4319 4320 4321
f 4319 4321 4322
f 4320 4323 4324
f 4320 4324 4321
f 4323 4325 4326
f 4323 4326 4324
f 4325 4327 4328
f 4325 4328 4326
f 4327 4329 4330
f 4327 4330 4328
f 4329 4331 4332
f 4329 4332 4330
f 4322 4321 4333
f 4322 4333 4334
f 4321 4324 4335
f 4321 4335 4333
f 4324 4326 4336
f 4324 4336 4335
f 4326 4328 4337
f 4326 4337 4336
f 4328 4330 4338
f 4328 4338 4337
f 4330 4332 4339
f 4330 4339 4338
f 4334 4333 4340
f 4334 4340 4341
f 4333 4335 4342
f 4333 4342 4340
f 4335 4336 4343
f 4335 4343 4342
f 4336 4337 4344
f 4336 4344 4343
f 4337 4338 4345
f 4337 4345 4344
f 4338 4339 4346
f 4338 4346 4345
f 4341 4340 4347
f 4341 4347 4348
f 4340 4342 4349
f 4340 4349 4347
f 4342 4343 4350
f 4342 4350 4349
f 4343 4344 4351
f 4343 4351 4350
f 4344 4345 4352
f 4344 4352 4351
f 4345 4346 4353
f 4345 4353 4352
f 4348 4347 4354
f 4348 4354 4355
f 4347 4349 4356
f 4347 4356 4354
f 4349 4350 4357
f 4349 4357 4356
f 4350 4351 4358
f 4350 4358 4357
f 4351 4352 4359
f 4351 4359 4358
f 4352 4353 4360
f 4352 4360 4359
f 4355 4354 4361
f 4355 4361 4362
f 4354 4356 4363
f 4354 4363 4361
f 4356 4357 4364
f 4356 4364 4363
f 4357 4358 4365
f 4357 4365 4364
f 4358 4359 4366
f 4358 4366 4365
f 4359 4360 4367
f 4359 4367 4366
f 4313 4311 4319
f 4313 4319 4368
f 4311 4310 4320
f 4311 4320 4319
f 4310 4309 4323
f 4310 4323 4320
f 4309 4308 4325
f 4309 4325 4323
f 4308 4307 4327
f 4308 4327 4325
f 4307 4306 4329
f 4307 4329 4327
f 4306 4305 4331
f 4306 4331 4329
f 4305 4304 4369
f 4305 4369 4331
f 4331 4369 4370
f 4331 4370 4332
f 4332 4370 4371
f 4332 4371 4339
f 4339 4371 4372
f 4339 4372 4346
f 4346 4372 4373
f 4346 4373 4353
f 4353 4373 4374
f 4353 4374 4360
f 4360 4374 4375
f 4360 4375 4367
f 4367 4375 4376
f 4367 4376 4377
f 4366 4367 4377
f 4366 4377 4378
f 4365 4366 4378
f 4365 4378 4379
f 4364 4365 4379
f 4364 4379 4380
f 4363 4364 4380
f 4363 4380 4381
f 4361 4363 4381
f 4361 4381 4382
f 4362 4361 4382
f 4362 4382 4383
f 4384 4362 4383
f 4384 4383 4385
f 4386 4355 4362
f 4386 4362 4384
f 4387 4348 4355
f 4387 4355 4386
f 4388 4341 4348
f 4388 4348 4387
f 4389 4334 4341
f 4389 4341 4388
f 4390 4322 4334
f 4390 4334 4389
f 4368 4319 4322
f 4368 4322 4390
f 4391 4392 4393
f 4391 4393 4394
f 4392 4395 4396
f 4392 4396 4393
f 4395 4397 4398
f 4395 4398 4396
f 4397 4399 4400
f 4397 4400 4398
f 4399 4401 4402
f 4399 4402 4400
f 4401 4403 4404
f 4401 4404 4402
f 4394 4393 4405
f 4394 4405 4406
f 4393 4396 4407
f 4393 4407 4405
f 4396 4398 4408
f 4396 4408 4407
f 4398 4400 4409
f 4398 4409 4408
f 4400 4402 4410
f 4400 4410 4409
f 4402 4404 4411
f 4402 4411 4410
f 4406 4405 4412
f 4406 4412 4413
f 4405 4407 4414
f 4405 4414 4412
f 4407 4408 4415
f 4407 4415 4414
f 4408 4409 4416
f 4408 4416 4415
f 4409 4410 4417
f 4409 4417 4416
f 4410 4411 4418
f 4410 4418 4417
f 4413 4412 4419
f 4413 4419 4420
f 4412 4414 4421
f 4412 4421 4419
f 4414 4415 4422
f 4414 4422 4421
f 4415 4416 4423
f 4415 4423 4422
f 4416 4417 4424
f 4416 4424 4423
f 4417 4418 4425
f 4417 4425 4424
f 4420 4419 4426
f 4420 4426 4427
f 4419 4421 4428
f 4419 4428 4426
f 4421 4422 4429
f 4421 4429 4428
f 4422 4423 4430
f 4422 4430 4429
f 4423 4424 4431
f 4423 4431 4430
f 4424 4425 4432
f 4424 4432 4431
f 4427 4426 4433
f 4427 4433 4434
f 4426 4428 4435
f 4426 4435 4433
f 4428 4429 4436
f 4428 4436 4435
f 4429 4430 4437
f 4429 4437 4436
f 4430 4431 4438
f 4430 4438 4437
f 4431 4432 4439
f 4431 4439 4438
f 1265 1392 4391
f 1265 4391 4297
f 1392 1414 4392
f 1392 4392 4391
f 1414 1413 4395
f 1414 4395 4392
f 1413 1412 4397
f 1413 4397 4395
f 1412 1411 4399
f 1412 4399 4397
f 1411 1410 4401
f 1411 4401 4399
f 1410 1408 4403
f 1410 4403 4401
f 1408 1409 4440
f 1408 4440 4403
f 4403 4440 4441
f 4403 4441 4404
f 4404 4441 4442
f 4404 4442 4411
f 4411 4442 4443
f 4411 4443 4418
f 4418 4443 4444
f 4418 4444 4425
f 4425 4444 4445
f 4425 4445 4432
f 4432 4445 4446
f 4432 4446 4439
f 4439 4446 4447
f 4439 4447 4448
f 4438 4439 4448
f 4438 4448 4449
f 4437 4438 4449
f 4437 4449 4450
f 4436 4437 4450
f 4436 4450 4451
f 4435 4436 4451
f 4435 4451 4452
f 4433 4435 4452
f 4433 4452 4453
f 4434 4433 4453
f 4434 4453 4454
f 4303 4434 4454
f 4303 4454 4304
f 4302 4427 4434
f 4302 4434 4303
f 4301 4420 4427
f 4301 4427 4302
f 4300 4413 4420
f 4300 4420 4301
f 4299 4406 4413
f 4299 4413 4300
f 4298 4394 4406
f 4298 4406 4299
f 4297 4391 4394
f 4297 4394 4298
f 4455 4456 4457
f 4455 4457 4458
f 4456 4459 4460
f 4456 4460 4457
f 4459 4461 4462
f 4459 4462 4460
f 4461 4463 4464
f 4461 4464 4462
f 4463 4465 4466
f 4463 4466 4464
f 4465 4467 4468
f 4465 4468 4466
f 4458 4457 4469
f 4458 4469 4470
f 4457 4460 4471
f 4457 4471 4469
f 4460 4462 4472
f 4460 4472 4471
f 4462 4464 4473
f 4462 4473 4472
f 4464 4466 4474
f 4464 4474 4473
f 4466 4468 4475
f 4466 4475 4474
f 4470 4469 4476
f 4470 4476 4477
f 4469 4471 4478
f 4469 4478 4476
f 4471 4472 4479
f 4471 4479 4478
f 4472 4473 4480
f 4472 4480 4479
f 4473 4474 4481
f 4473 4481 4480
f 4474 4475 4482
f 4474 4482 4481
f 4477 4476 4483
f 4477 4483 4484
f 4476 4478 4485
f 4476 4485 4483
f 4478 4479 4486
f 4478 4486 4485
f 4479 4480 4487
f 4479 4487 4486
f 4480 4481 4488
f 4480 4488 4487
f 4481 4482 4489
f 4481 4489 4488
f 4484 4483 4490
f 4484 4490 4491
f 4483 4485 4492
f 4483 4492 4490
f 4485 4486 4493
f 4485 4493 4492
f 4486 4487 4494
f 4486 4494 4493
f 4487 4488 4495
f 4487 4495 4494
f 4488 4489 4496
f 4488 4496 4495
f 4491 4490 4497
f 4491 4497 4498
f 4490 4492 4499
f 4490 4499 4497
f 4492 4493 4500
f 4492 4500 4499
f 4493 4494 4501
f 4493 4501 4500
f 4494 4495 4502
f 4494 4502 4501
f 4495 4496 4503
f 4495 4503 4502
f 1409 1464 4455
f 1409 4455 4440
f 1464 1486 4456
f 1464 4456 4455
f 1486 1485 4459
f 1486 4459 4456
f 1485 1484 4461
f 1485 4461 4459
f 1484 1483 4463
f 1484 4463 4461
f 1483 1482 4465
f 1483 4465 4463
f 1482 1480 4467
f 1482 4467 4465
f 1480 1481 4504
f 1480 4504 4467
f 4467 4504 4505
f 4467 4505 4468
f 4468 4505 4506
f 4468 4506 4475
f 4475 4506 4507
f 4475 4507 4482
f 4482 4507 4508
f 4482 4508 4489
f 4489 4508 4509
f 4489 4509 4496
f 4496 4509 4510
f 4496 4510 4503
f 4503 4510 4511
f 4503 4511 4512
f 4502 4503 4512
f 4502 4512 4513
f 4501 4502 4513
f 4501 4513 4514
f 4500 4501 4514
f 4500 4514 4515
f 4499 4500 4515
f 4499 4515 4516
f 4497 4499 4516
f 4497 4516 4517
f 4498 4497 4517
f 4498 4517 4518
f 4446 4498 4518
f 4446 4518 4447
f 4445 4491 4498
f 4445 4498 4446
f 4444 4484 4491
f 4444 4491 4445
f 4443 4477 4484
f 4443 4484 4444
f 4442 4470 4477
f 4442 4477 4443
f 4441 4458 4470
f 4441 4470 4442
f 4440 4455 4458
f 4440 4458 4441
f 4519 4520 4521
f 4519 4521 4522
f 4520 4523 4524
f 4520 4524 4521
f 4523 4525 4526
f 4523 4526 4524
f 4525 4527 4528
f 4525 4528 4526
f 4527 4529 4530
f 4527 4530 4528
f 4529 4531 4532
f 4529 4532 4530
f 4522 4521 4533
f 4522 4533 4534
f 4521 4524 4535
f 4521 4535 4533
f 4524 4526 4536
f 4524 4536 4535
f 4526 4528 4537
f 4526 4537 4536
f 4528 4530 4538
f 4528 4538 4537
f 4530 4532 4539
f 4530 4539 4538
f 4534 4533 4540
f 4534 4540 4541
f 4533 4535 4542
f 4533 4542 4540
f 4535 4536 4543
f 4535 4543 4542
f 4536 4537 4544
f 4536 4544 4543
f 4537 4538 4545
f 4537 4545 4544
f 4538 4539 4546
f 4538 4546 4545
f 4541 4540 4547
f 4541 4547 4548
f 4540 4542 4549
f 4540 4549 4547
f 4542 4543 4550
f 4542 4550 4549
f 4543 4544 4551
f 4543 4551 4550
f 4544 4545 4552
f 4544 4552 4551
f 4545 4546 4553
f 4545 4553 4552
f 4548 4547 4554
f 4548 4554 4555
f 4547 4549 4556
f 4547 4556 4554
f 4549 4550 4557
f 4549 4557 4556
f 4550 4551 4558
f 4550 4558 4557
f 4551 4552 4559
f 4551 4559 4558
f 4552 4553 4560
f 4552 4560 4559
f 4555 4554 4561
f 4555 4561 4562
f 4554 4556 4563
f 4554 4563 4561
f 4556 4557 4564
f 4556 4564 4563
f 4557 4558 4565
f 4557 4565 4564
f 4558 4559 4566
f 4558 4566 4565
f 4559 4560 4567
f 4559 4567 4566
f 4385 4383 4519
f 4385 4519 4568
f 4383 4382 4520
f 4383 4520 4519
f 4382 4381 4523
f 4382 4523 4520
f 4381 4380 4525
f 4381 4525 4523
f 4380 4379 4527
f 4380 4527 4525
f 4379 4378 4529
f 4379 4529 4527
f 4378 4377 4531
f 4378 4531 4529
f 4377 4376 4569
f 4377 4569 4531
f 4531 4569 4570
f 4531 4570 4532
f 4532 4570 4571
f 4532 4571 4539
f 4539 4571 4572
f 4539 4572 4546
f 4546 4572 4573
f 4546 4573 4553
f 4553 4573 4574
f 4553 4574 4560
f 4560 4574 4575
f 4560 4575 4567
f 4567 4575 4576
f 4567 4576 4577
f 4566 4567 4577
f 4566 4577 4578
f 4565 4566 4578
f 4565 4578 4579
f 4564 4565 4579
f 4564 4579 4580
f 4563 4564 4580
f 4563 4580 4581
f 4561 4563 4581
f 4561 4581 4582
f 4562 4561 4582
f 4562 4582 4583
f 4584 4562 4583
f 4584 4583 4585
f 4586 4555 4562
f 4586 4562 4584
f 4587 4548 4555
f 4587 4555 4586
f 4588 4541 4548
f 4588 4548 4587
f 4589 4534 4541
f 4589 4541 4588
f 4590 4522 4534
f 4590 4534 4589
f 4568 4519 4522
f 4568 4522 4590
f 4591 4592 4593
f 4591 4593 4594
f 4592 4595 4596
f 4592 4596 4593
f 4595 4597 4598
f 4595 4598 4596
f 4597 4599 4600
f 4597 4600 4598
f 4599 4601 4602
f 4599 4602 4600
f 4601 4603 4604
f 4601 4604 4602
f 4594 4593 4605
f 4594 4605 4606
f 4593 4596 4607
f 4593 4607 4605
f 4596 4598 4608
f 4596 4608 4607
f 4598 4600 4609
f 4598 4609 4608
f 4600 4602 4610
f 4600 4610 4609
f 4602 4604 4611
f 4602 4611 4610
f 4606 4605 4612
f 4606 4612 4613
f 4605 4607 4614
f 4605 4614 4612
f 4607 4608 4615
f 4607 4615 4614
f 4608 4609 4616
f 4608 4616 4615
f 4609 4610 4617
f 4609 4617 4616
f 4610 4611 4618
f 4610 4618 4617
f 4613 4612 4619
f 4613 4619 4620
f 4612 4614 4621
f 4612 4621 4619
f 4614 4615 4622
f 4614 4622 4621
f 4615 4616 4623
f 4615 4623 4622
f 4616 4617 4624
f 4616 4624 4623
f 4617 4618 4625
f 4617 4625 4624
f 4620 4619 4626
f 4620 4626 4627
f 4619 4621 4628
f 4619 4628 4626
f 4621 4622 4629
f 4621 4629 4628
f 4622 4623 4630
f 4622 4630 4629
f 4623 4624 4631
f 4623 4631 4630
f 4624 4625 4632
f 4624 4632 4631
f 4627 4626 4633
f 4627 4633 4634
f 4626 4628 4635
f 4626 4635 4633
f 4628 4629 4636
f 4628 4636 4635
f 4629 4630 4637
f 4629 4637 4636
f 4630 4631 4638
f 4630 4638 4637
f 4631 4632 4639
f 4631 4639 4638
f 4585 4583 4591
f 4585 4591 4640
f 4583 4582 4592
f 4583 4592 4591
f 4582 4581 4595
f 4582 4595 4592
f 4581 4580 4597
f 4581 4597 4595
f 4580 4579 4599
f 4580 4599 4597
f 4579 4578 4601
f 4579 4601 4599
f 4578 4577 4603
f 4578 4603 4601
f 4577 4576 4641
f 4577 4641 4603
f 4603 4641 4642
f 4603 4642 4604
f 4604 4642 4643
f 4604 4643 4611
f 4611 4643 4644
f 4611 4644 4618
f 4618 4644 4645
f 4618 4645 4625
f 4625 4645 4646
f 4625 4646 4632
f 4632 4646 4647
f 4632 4647 4639
f 4639 4647 4648
f 4639 4648 4649
f 4638 4639 4649
f 4638 4649 4650
f 4637 4638 4650
f 4637 4650 4651
f 4636 4637 4651
f 4636 4651 4652
f 4635 4636 4652
f 4635 4652 4653
f 4633 4635 4653
f 4633 4653 4654
f 4634 4633 4654
f 4634 4654 4655
f 4656 4634 4655
f 4656 4655 4657
f 4658 4627 4634
f 4658 4634 4656
f 4659 4620 4627
f 4659 4627 4658
f 4660 4613 4620
f 4660 4620 4659
f 4661 4606 4613
f 4661 4613 4660
f 4662 4594 4606
f 4662 4606 4661
f 4640 4591 4594
f 4640 4594 4662
f 4663 4664 4665
f 4663 4665 4666
f 4664 4667 4668
f 4664 4668 4665
f 4667 4669 4670
f 4667 4670 4668
f 4669 4671 4672
f 4669 4672 4670
f 4671 4673 4674
f 4671 4674 4672
f 4673 4675 4676
f 4673 4676 4674
f 4666 4665 4677
f 4666 4677 4678
f 4665 4668 4679
f 4665 4679 4677
f 4668 4670 4680
f 4668 4680 4679
f 4670 4672 4681
f 4670 4681 4680
f 4672 4674 4682
f 4672 4682 4681
f 4674 4676 4683
f 4674 4683 4682
f 4678 4677 4684
f 4678 4684 4685
f 4677 4679 4686
f 4677 4686 4684
f 4679 4680 4687
f 4679 4687 4686
f 4680 4681 4688
f 4680 4688 4687
f 4681 4682 4689
f 4681 4689 4688
f 4682 4683 4690
f 4682 4690 4689
f 4685 4684 4691
f 4685 4691 4692
f 4684 4686 4693
f 4684 4693 4691
f 4686 4687 4694
f 4686 4694 4693
f 4687 4688 4695
f 4687 4695 4694
f 4688 4689 4696
f 4688 4696 4695
f 4689 4690 4697
f 4689 4697 4696
f 4692 4691 4698
f 4692 4698 4699
f 4691 4693 4700
f 4691 4700 4698
f 4693 4694 4701
f 4693 4701 4700
f 4694 4695 4702
f 4694 4702 4701
f 4695 4696 4703
f 4695 4703 4702
f 4696 4697 4704
f 4696 4704 4703
f 4699 4698 4705
f 4699 4705 4706
f 4698 4700 4707
f 4698 4707 4705
f 4700 4701 4708
f 4700 4708 4707
f 4701 4702 4709
f 4701 4709 4708
f 4702 4703 4710
f 4702 4710 4709
f 4703 4704 4711
f 4703 4711 4710
f 4657 4655 4663
f 4657 4663 4712
f 4655 4654 4664
f 4655 4664 4663
f 4654 4653 4667
f 4654 4667 4664
f 4653 4652 4669
f 4653 4669 4667
f 4652 4651 4671
f 4652 4671 4669
f 4651 4650 4673
f 4651 4673 4671
f 4650 4649 4675
f 4650 4675 4673
f 4649 4648 4713
f 4649 4713 4675
f 4675 4713 4714
f 4675 4714 4676
f 4676 4714 4715
f 4676 4715 4683
f 4683 4715 4716
f 4683 4716 4690
f 4690 4716 4717
f 4690 4717 4697
f 4697 4717 4718
f 4697 4718 4704
f 4704 4718 4719
f 4704 4719 4711
f 4711 4719 4080
f 4711 4080 4079
f 4710 4711 4079
f 4710 4079 4078
f 4709 4710 4078
f 4709 4078 4077
f 4708 4709 4077
f 4708 4077 4076
f 4707 4708 4076
f 4707 4076 4075
f 4705 4707 4075
f 4705 4075 4074
f 4706 4705 4074
f 4706 4074 4072
f 4720 4706 4072
f 4720 4072 4071
f 4721 4699 4706
f 4721 4706 4720
f 4722 4692 4699
f 4722 4699 4721
f 4723 4685 4692
f 4723 4692 4722
f 4724 4678 4685
f 4724 4685 4723
f 4725 4666 4678
f 4725 4678 4724
f 4712 4663 4666
f 4712 4666 4725
f 4726 4727 4728
f 4726 4728 4729
f 4727 4730 4731
f 4727 4731 4728
f 4730 4732 4733
f 4730 4733 4731
f 4732 4734 4735
f 4732 4735 4733
f 4734 4736 4737
f 4734 4737 4735
f 4736 4738 4739
f 4736 4739 4737
f 4729 4728 4740
f 4729 4740 4741
f 4728 4731 4742
f 4728 4742 4740
f 4731 4733 4743
f 4731 4743 4742
f 4733 4735 4744
f 4733 4744 4743
f 4735 4737 4745
f 4735 4745 4744
f 4737 4739 4746
f 4737 4746 4745
f 4741 4740 4747
f 4741 4747 4748
f 4740 4742 4749
f 4740 4749 4747
f 4742 4743 4750
f 4742 4750 4749
f 4743 4744 4751
f 4743 4751 4750
f 4744 4745 4752
f 4744 4752 4751
f 4745 4746 4753
f 4745 4753 4752
f 4748 4747 4754
f 4748 4754 4755
f 4747 4749 4756
f 4747 4756 4754
f 4749 4750 4757
f 4749 4757 4756
f 4750 4751 4758
f 4750 4758 4757
f 4751 4752 4759
f 4751 4759 4758
f 4752 4753 4760
f 4752 4760 4759
f 4755 4754 4761
f 4755 4761 4762
f 4754 4756 4763
f 4754 4763 4761
f 4756 4757 4764
f 4756 4764 4763
f 4757 4758 4765
f 4757 4765 4764
f 4758 4759 4766
f 4758 4766 4765
f 4759 4760 4767
f 4759 4767 4766
f 4762 4761 4768
f 4762 4768 4769
f 4761 4763 4770
f 4761 4770 4768
f 4763 4764 4771
f 4763 4771 4770
f 4764 4765 4772
f 4764 4772 4771
f 4765 4766 4773
f 4765 4773 4772
f 4766 4767 4774
f 4766 4774 4773
f 4576 4775 4726
f 4576 4726 4641
f 4775 4776 4727
f 4775 4727 4726
f 4776 4777 4730
f 4776 4730 4727
f 4777 4778 4732
f 4777 4732 4730
f 4778 4779 4734
f 4778 4734 4732
f 4779 4780 4736
f 4779 4736 4734
f 4780 4781 4738
f 4780 4738 4736
f 4781 4782 4783
f 4781 4783 4738
f 4738 4783 4784
f 4738 4784 4739
f 4739 4784 4785
f 4739 4785 4746
f 4746 4785 4786
f 4746 4786 4753
f 4753 4786 4787
f 4753 4787 4760
f 4760 4787 4788
f 4760 4788 4767
f 4767 4788 4789
f 4767 4789 4774
f 4774 4789 4790
f 4774 4790 4791
f 4773 4774 4791
f 4773 4791 4792
f 4772 4773 4792
f 4772 4792 4793
f 4771 4772 4793
f 4771 4793 4794
f 4770 4771 4794
f 4770 4794 4795
f 4768 4770 4795
f 4768 4795 4796
f 4769 4768 4796
f 4769 4796 4797
f 4647 4769 4797
f 4647 4797 4648
f 4646 4762 4769
f 4646 4769 4647
f 4645 4755 4762
f 4645 4762 4646
f 4644 4748 4755
f 4644 4755 4645
f 4643 4741 4748
f 4643 4748 4644
f 4642 4729 4741
f 4642 4741 4643
f 4641 4726 4729
f 4641 4729 4642
f 4798 4799 4800
f 4798 4800 4801
f 4799 4802 4803
f 4799 4803 4800
f 4802 4804 4805
f 4802 4805 4803
f 4804 4806 4807
f 4804 4807 4805
f 4806 4808 4809
f 4806 4809 4807
f 4808 4810 4811
f 4808 4811 4809
f 4801 4800 4812
f 4801 4812 4813
f 4800 4803 4814
f 4800 4814 4812
f 4803 4805 4815
f 4803 4815 4814
f 4805 4807 4816
f 4805 4816 4815
f 4807 4809 4817
f 4807 4817 4816
f 4809 4811 4818
f 4809 4818 4817
f 4813 4812 4819
f 4813 4819 4820
f 4812 4814 4821
f 4812 4821 4819
f 4814 4815 4822
f 4814 4822 4821
f 4815 4816 4823
f 4815 4823 4822
f 4816 4817 4824
f 4816 4824 4823
f 4817 4818 4825
f 4817 4825 4824
f 4820 4819 4826
f 4820 4826 4827
f 4819 4821 4828
f 4819 4828 4826
f 4821 4822 4829
f 4821 4829 4828
f 4822 4823 4830
f 4822 4830 4829
f 4823 4824 4831
f 4823 4831 4830
f 4824 4825 4832
f 4824 4832 4831
f 4827 4826 4833
f 4827 4833 4834
f 4826 4828 4835
f 4826 4835 4833
f 4828 4829 4836
f 4828 4836 4835
f 4829 4830 4837
f 4829 4837 4836
f 4830 4831 4838
f 4830 4838 4837
f 4831 4832 4839
f 4831 4839 4838
f 4834 4833 4840
f 4834 4840 4841
f 4833 4835 4842
f 4833 4842 4840
f 4835 4836 4843
f 4835 4843 4842
f 4836 4837 4844
f 4836 4844 4843
f 4837 4838 4845
f 4837 4845 4844
f 4838 4839 4846
f 4838 4846 4845
f 4648 4797 4798
f 4648 4798 4713
f 4797 4796 4799
f 4797 4799 4798
f 4796 4795 4802
f 4796 4802 4799
f 4795 4794 4804
f 4795 4804 4802
f 4794 4793 4806
f 4794 4806 4804
f 4793 4792 4808
f 4793 4808 4806
f 4792 4791 4810
f 4792 4810 4808
f 4791 4790 4847
f 4791 4847 4810
f 4810 4847 4848
f 4810 4848 4811
f 4811 4848 4849
f 4811 4849 4818
f 4818 4849 4850
f 4818 4850 4825
f 4825 4850 4851
f 4825 4851 4832
f 4832 4851 4852
f 4832 4852 4839
f 4839 4852 4853
f 4839 4853 4846
f 4846 4853 4159
f 4846 4159 4158
f 4845 4846 4158
f 4845 4158 4157
f 4844 4845 4157
f 4844 4157 4156
f 4843 4844 4156
f 4843 4156 4155
f 4842 4843 4155
f 4842 4155 4154
f 4840 4842 4154
f 4840 4154 4153
f 4841 4840 4153
f 4841 4153 4152
f 4719 4841 4152
f 4719 4152 4080
f 4718 4834 4841
f 4718 4841 4719
f 4717 4827 4834
f 4717 4834 4718
f 4716 4820 4827
f 4716 4827 4717
f 4715 4813 4820
f 4715 4820 4716
f 4714 4801 4813
f 4714 4813 4715
f 4713 4798 4801
f 4713 4801 4714
f 4854 4855 4856
f 4854 4856 4857
f 4855 4858 4859
f 4855 4859 4856
f 4858 4860 4861
f 4858 4861 4859
f 4860 4862 4863
f 4860 4863 4861
f 4862 4864 4865
f 4862 4865 4863
f 4864 4866 4867
f 4864 4867 4865
f 4857 4856 4868
f 4857 4868 4869
f 4856 4859 4870
f 4856 4870 4868
f 4859 4861 4871
f 4859 4871 4870
f 4861 4863 4872
f 4861 4872 4871
f 4863 4865 4873
f 4863 4873 4872
f 4865 4867 4874
f 4865 4874 4873
f 4869 4868 4875
f 4869 4875 4876
f 4868 4870 4877
f 4868 4877 4875
f 4870 4871 4878
f 4870 4878 4877
f 4871 4872 4879
f 4871 4879 4878
f 4872 4873 4880
f 4872 4880 4879
f 4873 4874 4881
f 4873 4881 4880
f 4876 4875 4882
f 4876 4882 4883
f 4875 4877 4884
f 4875 4884 4882
f 4877 4878 4885
f 4877 4885 4884
f 4878 4879 4886
f 4878 4886 4885
f 4879 4880 4887
f 4879 4887 4886
f 4880 4881 4888
f 4880 4888 4887
f 4883 4882 4889
f 4883 4889 4890
f 4882 4884 4891
f 4882 4891 4889
f 4884 4885 4892
f 4884 4892 4891
f 4885 4886 4893
f 4885 4893 4892
f 4886 4887 4894
f 4886 4894 4893
f 4887 4888 4895
f 4887 4895 4894
f 4890 4889 4896
f 4890 4896 4897
f 4889 4891 4898
f 4889 4898 4896
f 4891 4892 4899
f 4891 4899 4898
f 4892 4893 4900
f 4892 4900 4899
f 4893 4894 4901
f 4893 4901 4900
f 4894 4895 4902
f 4894 4902 4901
f 4782 4903 4854
f 4782 4854 4783
f 4903 4904 4855
f 4903 4855 4854
f 4904 4905 4858
f 4904 4858 4855
f 4905 4906 4860
f 4905 4860 4858
f 4906 4907 4862
f 4906 4862 4860
f 4907 4908 4864
f 4907 4864 4862
f 4908 4909 4866
f 4908 4866 4864
f 4909 4910 4911
f 4909 4911 4866
f 4866 4911 4912
f 4866 4912 4867
f 4867 4912 4913
f 4867 4913 4874
f 4874 4913 4914
f 4874 4914 4881
f 4881 4914 4915
f 4881 4915 4888
f 4888 4915 4916
f 4888 4916 4895
f 4895 4916 4917
f 4895 4917 4902
f 4902 4917 4918
f 4902 4918 4919
f 4901 4902 4919
f 4901 4919 4920
f 4900 4901 4920
f 4900 4920 4921
f 4899 4900 4921
f 4899 4921 4922
f 4898 4899 4922
f 4898 4922 4923
f 4896 4898 4923
f 4896 4923 4924
f 4897 4896 4924
f 4897 4924 4925
f 4789 4897 4925
f 4789 4925 4790
f 4788 4890 4897
f 4788 4897 4789
f 4787 4883 4890
f 4787 4890 4788
f 4786 4876 4883
f 4786 4883 4787
f 4785 4869 4876
f 4785 4876 4786
f 4784 4857 4869
f 4784 4869 4785
f 4783 4854 4857
f 4783 4857 4784
f 4926 4927 4928
f 4926 4928 4929
f 4927 4930 4931
f 4927 4931 4928
f 4930 4932 4933
f 4930 4933 4931
f 4932 4934 4935
f 4932 4935 4933
f 4934 4936 4937
f 4934 4937 4935
f 4936 4938 4939
f 4936 4939 4937
f 4929 4928 4940
f 4929 4940 4941
f 4928 4931 4942
f 4928 4942 4940
f 4931 4933 4943
f 4931 4943 4942
f 4933 4935 4944
f 4933 4944 4943
f 4935 4937 4945
f 4935 4945 4944
f 4937 4939 4946
f 4937 4946 4945
f 4941 4940 4947
f 4941 4947 4948
f 4940 4942 4949
f 4940 4949 4947
f 4942 4943 4950
f 4942 4950 4949
f 4943 4944 4951
f 4943 4951 4950
f 4944 4945 4952
f 4944 4952 4951
f 4945 4946 4953
f 4945 4953 4952
f 4948 4947 4954
f 4948 4954 4955
f 4947 4949 4956
f 4947 4956 4954
f 4949 4950 4957
f 4949 4957 4956
f 4950 4951 4958
f 4950 4958 4957
f 4951 4952 4959
f 4951 4959 4958
f 4952 4953 4960
f 4952 4960 4959
f 4955 4954 4961
f 4955 4961 4962
f 4954 4956 4963
f 4954 4963 4961
f 4956 4957 4964
f 4956 4964 4963
f 4957 4958 4965
f 4957 4965 4964
f 4958 4959 4966
f 4958 4966 4965
f 4959 4960 4967
f 4959 4967 4966
f 4962 4961 4968
f 4962 4968 4969
f 4961 4963 4970
f 4961 4970 4968
f 4963 4964 4971
f 4963 4971 4970
f 4964 4965 4972
f 4964 4972 4971
f 4965 4966 4973
f 4965 4973 4972
f 4966 4967 4974
f 4966 4974 4973
f 4790 4925 4926
f 4790 4926 4847
f 4925 4924 4927
f 4925 4927 4926
f 4924 4923 4930
f 4924 4930 4927
f 4923 4922 4932
f 4923 4932 4930
f 4922 4921 4934
f 4922 4934 4932
f 4921 4920 4936
f 4921 4936 4934
f 4920 4919 4938
f 4920 4938 4936
f 4919 4918 4975
f 4919 4975 4938
f 4938 4975 4976
f 4938 4976 4939
f 4939 4976 4977
f 4939 4977 4946
f 4946 4977 4978
f 4946 4978 4953
f 4953 4978 4979
f 4953 4979 4960
f 4960 4979 4980
f 4960 4980 4967
f 4967 4980 4981
f 4967 4981 4974
f 4974 4981 4231
f 4974 4231 4230
f 4973 4974 4230
f 4973 4230 4229
f 4972 4973 4229
f 4972 4229 4228
f 4971 4972 4228
f 4971 4228 4227
f 4970 4971 4227
f 4970 4227 4226
f 4968 4970 4226
f 4968 4226 4225
f 4969 4968 4225
f 4969 4225 4224
f 4853 4969 4224
f 4853 4224 4159
f 4852 4962 4969
f 4852 4969 4853
f 4851 4955 4962
f 4851 4962 4852
f 4850 4948 4955
f 4850 4955 4851
f 4849 4941 4948
f 4849 4948 4850
f 4848 4929 4941
f 4848 4941 4849
f 4847 4926 4929
f 4847 4929 4848
f 4982 4983 4984
f 4982 4984 4985
f 4983 4986 4987
f 4983 4987 4984
f 4986 4988 4989
f 4986 4989 4987
f 4988 4990 4991
f 4988 4991 4989
f 4990 4992 4993
f 4990 4993 4991
f 4992 4994 4995
f 4992 4995 4993
f 4985 4984 4996
f 4985 4996 4997
f 4984 4987 4998
f 4984 4998 4996
f 4987 4989 4999
f 4987 4999 4998
f 4989 4991 5000
f 4989 5000 4999
f 4991 4993 5001
f 4991 5001 5000
f 4993 4995 5002
f 4993 5002 5001
f 4997 4996 5003
f 4997 5003 5004
f 4996 4998 5005
f 4996 5005 5003
f 4998 4999 5006
f 4998 5006 5005
f 4999 5000 5007
f 4999 5007 5006
f 5000 5001 5008
f 5000 5008 5007
f 5001 5002 5009
f 5001 5009 5008
f 5004 5003 5010
f 5004 5010 5011
f 5003 5005 5012
f 5003 5012 5010
f 5005 5006 5013
f 5005 5013 5012
f 5006 5007 5014
f 5006 5014 5013
f 5007 5008 5015
f 5007 5015 5014
f 5008 5009 5016
f 5008 5016 5015
f 5011 5010 5017
f 5011 5017 5018
f 5010 5012 5019
f 5010 5019 5017
f 5012 5013 5020
f 5012 5020 5019
f 5013 5014 5021
f 5013 5021 5020
f 5014 5015 5022
f 5014 5022 5021
f 5015 5016 5023
f 5015 5023 5022
f 5018 5017 5024
f 5018 5024 5025
f 5017 5019 5026
f 5017 5026 5024
f 5019 5020 5027
f 5019 5027 5026
f 5020 5021 5028
f 5020 5028 5027
f 5021 5022 5029
f 5021 5029 5028
f 5022 5023 5030
f 5022 5030 5029
f 4385 4568 4982
f 4385 4982 4384
f 4568 4590 4983
f 4568 4983 4982
f 4590 4589 4986
f 4590 4986 4983
f 4589 4588 4988
f 4589 4988 4986
f 4588 4587 4990
f 4588 4990 4988
f 4587 4586 4992
f 4587 4992 4990
f 4586 4584 4994
f 4586 4994 4992
f 4584 4585 5031
f 4584 5031 4994
f 4994 5031 5032
f 4994 5032 4995
f 4995 5032 5033
f 4995 5033 5002
f 5002 5033 5034
f 5002 5034 5009
f 5009 5034 5035
f 5009 5035 5016
f 5016 5035 5036
f 5016 5036 5023
f 5023 5036 5037
f 5023 5037 5030
f 5030 5037 5038
f 5030 5038 5039
f 5029 5030 5039
f 5029 5039 5040
f 5028 5029 5040
f 5028 5040 5041
f 5027 5028 5041
f 5027 5041 5042
f 5026 5027 5042
f 5026 5042 5043
f 5024 5026 5043
f 5024 5043 5044
f 5025 5024 5044
f 5025 5044 5045
f 4368 5025 5045
f 4368 5045 4313
f 4390 5018 5025
f 4390 5025 4368
f 4389 5011 5018
f 4389 5018 4390
f 4388 5004 5011
f 4388 5011 4389
f 4387 4997 5004
f 4387 5004 4388
f 4386 4985 4997
f 4386 4997 4387
f 4384 4982 4985
f 4384 4985 4386
f 5046 5047 5048
f 5046 5048 5049
f 5047 5050 5051
f 5047 5051 5048
f 5050 5052 5053
f 5050 5053 5051
f 5052 5054 5055
f 5052 5055 5053
f 5054 5056 5057
f 5054 5057 5055
f 5056 5058 5059
f 5056 5059 5057
f 5049 5048 5060
f 5049 5060 5061
f 5048 5051 5062
f 5048 5062 5060
f 5051 5053 5063
f 5051 5063 5062
f 5053 5055 5064
f 5053 5064 5063
f 5055 5057 5065
f 5055 5065 5064
f 5057 5059 5066
f 5057 5066 5065
f 5061 5060 5067
f 5061 5067 5068
f 5060 5062 5069
f 5060 5069 5067
f 5062 5063 5070
f 5062 5070 5069
f 5063 5064 5071
f 5063 5071 5070
f 5064 5065 5072
f 5064 5072 5071
f 5065 5066 5073
f 5065 5073 5072
f 5068 5067 5074
f 5068 5074 5075
f 5067 5069 5076
f 5067 5076 5074
f 5069 5070 5077
f 5069 5077 5076
f 5070 5071 5078
f 5070 5078 5077
f 5071 5072 5079
f 5071 5079 5078
f 5072 5073 5080
f 5072 5080 5079
f 5075 5074 5081
f 5075 5081 5082
f 5074 5076 5083
f 5074 5083 5081
f 5076 5077 5084
f 5076 5084 5083
f 5077 5078 5085
f 5077 5085 5084
f 5078 5079 5086
f 5078 5086 5085
f 5079 5080 5087
f 5079 5087 5086
f 5082 5081 5088
f 5082 5088 5089
f 5081 5083 5090
f 5081 5090 5088
f 5083 5084 5091
f 5083 5091 5090
f 5084 5085 5092
f 5084 5092 5091
f 5085 5086 5093
f 5085 5093 5092
f 5086 5087 5094
f 5086 5094 5093
f 4585 4640 5046
f 4585 5046 5031
f 4640 4662 5047
f 4640 5047 5046
f 4662 4661 5050
f 4662 5050 5047
f 4661 4660 5052
f 4661 5052 5050
f 4660 4659 5054
f 4660 5054 5052
f 4659 4658 5056
f 4659 5056 5054
f 4658 4656 5058
f 4658 5058 5056
f 4656 4657 5095
f 4656 5095 5058
f 5058 5095 5096
f 5058 5096 5059
f 5059 5096 5097
f 5059 5097 5066
f 5066 5097 5098
f 5066 5098 5073
f 5073 5098 5099
f 5073 5099 5080
f 5080 5099 5100
f 5080 5100 5087
f 5087 5100 5101
f 5087 5101 5094
f 5094 5101 5102
f 5094 5102 5103
f 5093 5094 5103
f 5093 5103 5104
f 5092 5093 5104
f 5092 5104 5105
f 5091 5092 5105
f 5091 5105 5106
f 5090 5091 5106
f 5090 5106 5107
f 5088 5090 5107
f 5088 5107 5108
f 5089 5088 5108
f 5089 5108 5109
f 5037 5089 5109
f 5037 5109 5038
f 5036 5082 5089
f 5036 5089 5037
f 5035 5075 5082
f 5035 5082 5036
f 5034 5068 5075
f 5034 5075 5035
f 5033 5061 5068
f 5033 5068 5034
f 5032 5049 5061
f 5032 5061 5033
f 5031 5046 5049
f 5031 5049 5032
f 5110 5111 5112
f 5110 5112 5113
f 5111 5114 5115
f 5111 5115 5112
f 5114 5116 5117
f 5114 5117 5115
f 5116 5118 5119
f 5116 5119 5117
f 5118 5120 5121
f 5118 5121 5119
f 5120 5122 5123
f 5120 5123 5121
f 5113 5112 5124
f 5113 5124 5125
f 5112 5115 5126
f 5112 5126 5124
f 5115 5117 5127
f 5115 5127 5126
f 5117 5119 5128
f 5117 5128 5127
f 5119 5121 5129
f 5119 5129 5128
f 5121 5123 5130
f 5121 5130 5129
f 5125 5124 5131
f 5125 5131 5132
f 5124 5126 5133
f 5124 5133 5131
f 5126 5127 5134
f 5126 5134 5133
f 5127 5128 5135
f 5127 5135 5134
f 5128 5129 5136
f 5128 5136 5135
f 5129 5130 5137
f 5129 5137 5136
f 5132 5131 5138
f 5132 5138 5139
f 5131 5133 5140
f 5131 5140 5138
f 5133 5134 5141
f 5133 5141 5140
f 5134 5135 5142
f 5134 5142 5141
f 5135 5136 5143
f 5135 5143 5142
f 5136 5137 5144
f 5136 5144 5143
f 5139 5138 5145
f 5139 5145 5146
f 5138 5140 5147
f 5138 5147 5145
f 5140 5141 5148
f 5140 5148 5147
f 5141 5142 5149
f 5141 5149 5148
f 5142 5143 5150
f 5142 5150 5149
f 5143 5144 5151
f 5143 5151 5150
f 5146 5145 5152
f 5146 5152 5153
f 5145 5147 5154
f 5145 5154 5152
f 5147 5148 5155
f 5147 5155 5154
f 5148 5149 5156
f 5148 5156 5155
f 5149 5150 5157
f 5149 5157 5156
f 5150 5151 5158
f 5150 5158 5157
f 4657 4712 5110
f 4657 5110 5095
f 4712 4725 5111
f 4712 5111 5110
f 4725 4724 5114
f 4725 5114 5111
f 4724 4723 5116
f 4724 5116 5114
f 4723 4722 5118
f 4723 5118 5116
f 4722 4721 5120
f 4722 5120 5118
f 4721 4720 5122
f 4721 5122 5120
f 4720 4071 4073
f 4720 4073 5122
f 5122 4073 4102
f 5122 4102 5123
f 5123 4102 4101
f 5123 4101 5130
f 5130 4101 4100
f 5130 4100 5137
f 5137 4100 4099
f 5137 4099 5144
f 5144 4099 4098
f 5144 4098 5151
f 5151 4098 4096
f 5151 4096 5158
f 5158 4096 4097
f 5158 4097 5159
f 5157 5158 5159
f 5157 5159 5160
f 5156 5157 5160
f 5156 5160 5161
f 5155 5156 5161
f 5155 5161 5162
f 5154 5155 5162
f 5154 5162 5163
f 5152 5154 5163
f 5152 5163 5164
f 5153 5152 5164
f 5153 5164 5165
f 5101 5153 5165
f 5101 5165 5102
f 5100 5146 5153
f 5100 5153 5101
f 5099 5139 5146
f 5099 5146 5100
f 5098 5132 5139
f 5098 5139 5099
f 5097 5125 5132
f 5097 5132 5098
f 5096 5113 5125
f 5096 5125 5097
f 5095 5110 5113
f 5095 5113 5096
f 5166 5167 5168
f 5166 5168 5169
f 5167 5170 5171
f 5167 5171 5168
f 5170 5172 5173
f 5170 5173 5171
f 5172 5174 5175
f 5172 5175 5173
f 5174 5176 5177
f 5174 5177 5175
f 5176 5178 5179
f 5176 5179 5177
f 5169 5168 5180
f 5169 5180 5181
f 5168 5171 5182
f 5168 5182 5180
f 5171 5173 5183
f 5171 5183 5182
f 5173 5175 5184
f 5173 5184 5183
f 5175 5177 5185
f 5175 5185 5184
f 5177 5179 5186
f 5177 5186 5185
f 5181 5180 5187
f 5181 5187 5188
f 5180 5182 5189
f 5180 5189 5187
f 5182 5183 5190
f 5182 5190 5189
f 5183 5184 5191
f 5183 5191 5190
f 5184 5185 5192
f 5184 5192 5191
f 5185 5186 5193
f 5185 5193 5192
f 5188 5187 5194
f 5188 5194 5195
f 5187 5189 5196
f 5187 5196 5194
f 5189 5190 5197
f 5189 5197 5196
f 5190 5191 5198
f 5190 5198 5197
f 5191 5192 5199
f 5191 5199 5198
f 5192 5193 5200
f 5192 5200 5199
f 5195 5194 5201
f 5195 5201 5202
f 5194 5196 5203
f 5194 5203 5201
f 5196 5197 5204
f 5196 5204 5203
f 5197 5198 5205
f 5197 5205 5204
f 5198 5199 5206
f 5198 5206 5205
f 5199 5200 5207
f 5199 5207 5206
f 5202 5201 5208
f 5202 5208 5209
f 5201 5203 5210
f 5201 5210 5208
f 5203 5204 5211
f 5203 5211 5210
f 5204 5205 5212
f 5204 5212 5211
f 5205 5206 5213
f 5205 5213 5212
f 5206 5207 5214
f 5206 5214 5213
f 4231 4981 5166
f 4231 5166 4232
f 4981 4980 5167
f 4981 5167 5166
f 4980 4979 5170
f 4980 5170 5167
f 4979 4978 5172
f 4979 5172 5170
f 4978 4977 5174
f 4978 5174 5172
f 4977 4976 5176
f 4977 5176 5174
f 4976 4975 5178
f 4976 5178 5176
f 4975 4918 5215
f 4975 5215 5178
f 5178 5215 5216
f 5178 5216 5179
f 5179 5216 5217
f 5179 5217 5186
f 5186 5217 5218
f 5186 5218 5193
f 5193 5218 5219
f 5193 5219 5200
f 5200 5219 5220
f 5200 5220 5207
f 5207 5220 5221
f 5207 5221 5214
f 5214 5221 5222
f 5214 5222 5223
f 5213 5214 5223
f 5213 5223 5224
f 5212 5213 5224
f 5212 5224 5225
f 5211 5212 5225
f 5211 5225 5226
f 5210 5211 5226
f 5210 5226 5227
f 5208 5210 5227
f 5208 5227 5228
f 5209 5208 5228
f 5209 5228 5229
f 4238 5209 5229
f 4238 5229 4239
f 4237 5202 5209
f 4237 5209 4238
f 4236 5195 5202
f 4236 5202 4237
f 4235 5188 5195
f 4235 5195 4236
f 4234 5181 5188
f 4234 5188 4235
f 4233 5169 5181
f 4233 5181 4234
f 4232 5166 5169
f 4232 5169 4233
f 5230 5231 5232
f 5230 5232 5233
f 5231 5234 5235
f 5231 5235 5232
f 5234 5236 5237
f 5234 5237 5235
f 5236 5238 5239
f 5236 5239 5237
f 5238 5240 5241
f 5238 5241 5239
f 5240 5242 5243
f 5240 5243 5241
f 5233 5232 5244
f 5233 5244 5245
f 5232 5235 5246
f 5232 5246 5244
f 5235 5237 5247
f 5235 5247 5246
f 5237 5239 5248
f 5237 5248 5247
f 5239 5241 5249
f 5239 5249 5248
f 5241 5243 5250
f 5241 5250 5249
f 5245 5244 5251
f 5245 5251 5252
f 5244 5246 5253
f 5244 5253 5251
f 5246 5247 5254
f 5246 5254 5253
f 5247 5248 5255
f 5247 5255 5254
f 5248 5249 5256
f 5248 5256 5255
f 5249 5250 5257
f 5249 5257 5256
f 5252 5251 5258
f 5252 5258 5259
f 5251 5253 5260
f 5251 5260 5258
f 5253 5254 5261
f 5253 5261 5260
f 5254 5255 5262
f 5254 5262 5261
f 5255 5256 5263
f 5255 5263 5262
f 5256 5257 5264
f 5256 5264 5263
f 5259 5258 5265
f 5259 5265 5266
f 5258 5260 5267
f 5258 5267 5265
f 5260 5261 5268
f 5260 5268 5267
f 5261 5262 5269
f 5261 5269 5268
f 5262 5263 5270
f 5262 5270 5269
f 5263 5264 5271
f 5263 5271 5270
f 5266 5265 5272
f 5266 5272 5273
f 5265 5267 5274
f 5265 5274 5272
f 5267 5268 5275
f 5267 5275 5274
f 5268 5269 5276
f 5268 5276 5275
f 5269 5270 5277
f 5269 5277 5276
f 5270 5271 5278
f 5270 5278 5277
f 4918 4917 5230
f 4918 5230 5215
f 4917 4916 5231
f 4917 5231 5230
f 4916 4915 5234
f 4916 5234 5231
f 4915 4914 5236
f 4915 5236 5234
f 4914 4913 5238
f 4914 5238 5236
f 4913 4912 5240
f 4913 5240 5238
f 4912 4911 5242
f 4912 5242 5240
f 4911 4910 5279
f 4911 5279 5242
f 5242 5279 5280
f 5242 5280 5243
f 5243 5280 5281
f 5243 5281 5250
f 5250 5281 5282
f 5250 5282 5257
f 5257 5282 5283
f 5257 5283 5264
f 5264 5283 5284
f 5264 5284 5271
f 5271 5284 5285
f 5271 5285 5278
f 5278 5285 5286
f 5278 5286 5287
f 5277 5278 5287
f 5277 5287 5288
f 5276 5277 5288
f 5276 5288 5289
f 5275 5276 5289
f 5275 5289 5290
f 5274 5275 5290
f 5274 5290 5291
f 5272 5274 5291
f 5272 5291 5292
f 5273 5272 5292
f 5273 5292 5293
f 5221 5273 5293
f 5221 5293 5222
f 5220 5266 5273
f 5220 5273 5221
f 5219 5259 5266
f 5219 5266 5220
f 5218 5252 5259
f 5218 5259 5219
f 5217 5245 5252
f 5217 5252 5218
f 5216 5233 5245
f 5216 5245 5217
f 5215 5230 5233
f 5215 5233 5216
f 5294 5295 5296
f 5294 5296 5297
f 5295 5298 5299
f 5295 5299 5296
f 5298 5300 5301
f 5298 5301 5299
f 5300 5302 5303
f 5300 5303 5301
f 5302 5304 5305
f 5302 5305 5303
f 5304 5306 5307
f 5304 5307 5305
f 5297 5296 5308
f 5297 5308 5309
f 5296 5299 5310
f 5296 5310 5308
f 5299 5301 5311
f 5299 5311 5310
f 5301 5303 5312
f 5301 5312 5311
f 5303 5305 5313
f 5303 5313 5312
f 5305 5307 5314
f 5305 5314 5313
f 5309 5308 5315
f 5309 5315 5316
f 5308 5310 5317
f 5308 5317 5315
f 5310 5311 5318
f 5310 5318 5317
f 5311 5312 5319
f 5311 5319 5318
f 5312 5313 5320
f 5312 5320 5319
f 5313 5314 5321
f 5313 5321 5320
f 5316 5315 5322
f 5316 5322 5323
f 5315 5317 5324
f 5315 5324 5322
f 5317 5318 5325
f 5317 5325 5324
f 5318 5319 5326
f 5318 5326 5325
f 5319 5320 5327
f 5319 5327 5326
f 5320 5321 5328
f 5320 5328 5327
f 5323 5322 5329
f 5323 5329 5330
f 5322 5324 5331
f 5322 5331 5329
f 5324 5325 5332
f 5324 5332 5331
f 5325 5326 5333
f 5325 5333 5332
f 5326 5327 5334
f 5326 5334 5333
f 5327 5328 5335
f 5327 5335 5334
f 5330 5329 5336
f 5330 5336 5337
f 5329 5331 5338
f 5329 5338 5336
f 5331 5332 5339
f 5331 5339 5338
f 5332 5333 5340
f 5332 5340 5339
f 5333 5334 5341
f 5333 5341 5340
f 5334 5335 5342
f 5334 5342 5341
f 4910 5343 5294
f 4910 5294 5279
f 5343 5344 5295
f 5343 5295 5294
f 5344 5345 5298
f 5344 5298 5295
f 5345 5346 5300
f 5345 5300 5298
f 5346 5347 5302
f 5346 5302 5300
f 5347 5348 5304
f 5347 5304 5302
f 5348 5349 5306
f 5348 5306 5304
f 5349 5350 5351
f 5349 5351 5306
f 5306 5351 5352
f 5306 5352 5307
f 5307 5352 5353
f 5307 5353 5314
f 5314 5353 5354
f 5314 5354 5321
f 5321 5354 5355
f 5321 5355 5328
f 5328 5355 5356
f 5328 5356 5335
f 5335 5356 5357
f 5335 5357 5342
f 5342 5357 4511
f 5342 4511 5358
f 5341 5342 5358
f 5341 5358 5359
f 5340 5341 5359
f 5340 5359 5360
f 5339 5340 5360
f 5339 5360 5361
f 5338 5339 5361
f 5338 5361 5362
f 5336 5338 5362
f 5336 5362 5363
f 5337 5336 5363
f 5337 5363 5364
f 5285 5337 5364
f 5285 5364 5286
f 5284 5330 5337
f 5284 5337 5285
f 5283 5323 5330
f 5283 5330 5284
f 5282 5316 5323
f 5282 5323 5283
f 5281 5309 5316
f 5281 5316 5282
f 5280 5297 5309
f 5280 5309 5281
f 5279 5294 5297
f 5279 5297 5280
f 5365 5366 5367
f 5365 5367 5368
f 5366 5369 5370
f 5366 5370 5367
f 5369 5371 5372
f 5369 5372 5370
f 5371 5373 5374
f 5371 5374 5372
f 5373 5375 5376
f 5373 5376 5374
f 5375 5377 5378
f 5375 5378 5376
f 5368 5367 5379
f 5368 5379 5380
f 5367 5370 5381
f 5367 5381 5379
f 5370 5372 5382
f 5370 5382 5381
f 5372 5374 5383
f 5372 5383 5382
f 5374 5376 5384
f 5374 5384 5383
f 5376 5378 5385
f 5376 5385 5384
f 5380 5379 5386
f 5380 5386 5387
f 5379 5381 5388
f 5379 5388 5386
f 5381 5382 5389
f 5381 5389 5388
f 5382 5383 5390
f 5382 5390 5389
f 5383 5384 5391
f 5383 5391 5390
f 5384 5385 5392
f 5384 5392 5391
f 5387 5386 5393
f 5387 5393 5394
f 5386 5388 5395
f 5386 5395 5393
f 5388 5389 5396
f 5388 5396 5395
f 5389 5390 5397
f 5389 5397 5396
f 5390 5391 5398
f 5390 5398 5397
f 5391 5392 5399
f 5391 5399 5398
f 5394 5393 5400
f 5394 5400 5401
f 5393 5395 5402
f 5393 5402 5400
f 5395 5396 5403
f 5395 5403 5402
f 5396 5397 5404
f 5396 5404 5403
f 5397 5398 5405
f 5397 5405 5404
f 5398 5399 5406
f 5398 5406 5405
f 5401 5400 5407
f 5401 5407 5408
f 5400 5402 5409
f 5400 5409 5407
f 5402 5403 5410
f 5402 5410 5409
f 5403 5404 5411
f 5403 5411 5410
f 5404 5405 5412
f 5404 5412 5411
f 5405 5406 5413
f 5405 5413 5412
f 5414 5415 5365
f 5414 5365 5416
f 5415 5417 5366
f 5415 5366 5365
f 5417 5418 5369
f 5417 5369 5366
f 5418 5419 5371
f 5418 5371 5369
f 5419 5420 5373
f 5419 5373 5371
f 5420 5421 5375
f 5420 5375 5373
f 5421 5422 5377
f 5421 5377 5375
f 5422 5423 5424
f 5422 5424 5377
f 5377 5424 5425
f 5377 5425 5378
f 5378 5425 5426
f 5378 5426 5385
f 5385 5426 5427
f 5385 5427 5392
f 5392 5427 5428
f 5392 5428 5399
f 5399 5428 5429
f 5399 5429 5406
f 5406 5429 5430
f 5406 5430 5413
f 5413 5430 5431
f 5413 5431 5432
f 5412 5413 5432
f 5412 5432 5433
f 5411 5412 5433
f 5411 5433 5434
f 5410 5411 5434
f 5410 5434 5435
f 5409 5410 5435
f 5409 5435 5436
f 5407 5409 5436
f 5407 5436 5437
f 5408 5407 5437
f 5408 5437 5438
f 5439 5408 5438
f 5439 5438 5440
f 5441 5401 5408
f 5441 5408 5439
f 5442 5394 5401
f 5442 5401 5441
f 5443 5387 5394
f 5443 5394 5442
f 5444 5380 5387
f 5444 5387 5443
f 5445 5368 5380
f 5445 5380 5444
f 5416 5365 5368
f 5416 5368 5445
f 5446 5447 5448
f 5446 5448 5449
f 5447 5450 5451
f 5447 5451 5448
f 5450 5452 5453
f 5450 5453 5451
f 5452 5454 5455
f 5452 5455 5453
f 5454 5456 5457
f 5454 5457 5455
f 5456 5458 5459
f 5456 5459 5457
f 5449 5448 5460
f 5449 5460 5461
f 5448 5451 5462
f 5448 5462 5460
f 5451 5453 5463
f 5451 5463 5462
f 5453 5455 5464
f 5453 5464 5463
f 5455 5457 5465
f 5455 5465 5464
f 5457 5459 5466
f 5457 5466 5465
f 5461 5460 5467
f 5461 5467 5468
f 5460 5462 5469
f 5460 5469 5467
f 5462 5463 5470
f 5462 5470 5469
f 5463 5464 5471
f 5463 5471 5470
f 5464 5465 5472
f 5464 5472 5471
f 5465 5466 5473
f 5465 5473 5472
f 5468 5467 5474
f 5468 5474 5475
f 5467 5469 5476
f 5467 5476 5474
f 5469 5470 5477
f 5469 5477 5476
f 5470 5471 5478
f 5470 5478 5477
f 5471 5472 5479
f 5471 5479 5478
f 5472 5473 5480
f 5472 5480 5479
f 5475 5474 5481
f 5475 5481 5482
f 5474 5476 5483
f 5474 5483 5481
f 5476 5477 5484
f 5476 5484 5483
f 5477 5478 5485
f 5477 5485 5484
f 5478 5479 5486
f 5478 5486 5485
f 5479 5480 5487
f 5479 5487 5486
f 5482 5481 5488
f 5482 5488 5489
f 5481 5483 5490
f 5481 5490 5488
f 5483 5484 5491
f 5483 5491 5490
f 5484 5485 5492
f 5484 5492 5491
f 5485 5486 5493
f 5485 5493 5492
f 5486 5487 5494
f 5486 5494 5493
f 5495 5496 5446
f 5495 5446 5497
f 5496 5498 5447
f 5496 5447 5446
f 5498 5499 5450
f 5498 5450 5447
f 5499 5500 5452
f 5499 5452 5450
f 5500 5501 5454
f 5500 5454 5452
f 5501 5502 5456
f 5501 5456 5454
f 5502 5503 5458
f 5502 5458 5456
f 5503 5504 5505
f 5503 5505 5458
f 5458 5505 5506
f 5458 5506 5459
f 5459 5506 5507
f 5459 5507 5466
f 5466 5507 5508
f 5466 5508 5473
f 5473 5508 5509
f 5473 5509 5480
f 5480 5509 5510
f 5480 5510 5487
f 5487 5510 5511
f 5487 5511 5494
f 5494 5511 5512
f 5494 5512 5513
f 5493 5494 5513
f 5493 5513 5514
f 5492 5493 5514
f 5492 5514 5515
f 5491 5492 5515
f 5491 5515 5516
f 5490 5491 5516
f 5490 5516 5517
f 5488 5490 5517
f 5488 5517 5518
f 5489 5488 5518
f 5489 5518 5519
f 5520 5489 5519
f 5520 5519 5521
f 5522 5482 5489
f 5522 5489 5520
f 5523 5475 5482
f 5523 5482 5522
f 5524 5468 5475
f 5524 5475 5523
f 5525 5461 5468
f 5525 5468 5524
f 5526 5449 5461
f 5526 5461 5525
f 5497 5446 5449
f 5497 5449 5526
f 5527 5528 5529
f 5527 5529 5530
f 5528 5531 5532
f 5528 5532 5529
f 5531 5533 5534
f 5531 5534 5532
f 5533 5535 5536
f 5533 5536 5534
f 5535 5537 5538
f 5535 5538 5536
f 5537 5539 5540
f 5537 5540 5538
f 5530 5529 5541
f 5530 5541 5542
f 5529 5532 5543
f 5529 5543 5541
f 5532 5534 5544
f 5532 5544 5543
f 5534 5536 5545
f 5534 5545 5544
f 5536 5538 5546
f 5536 5546 5545
f 5538 5540 5547
f 5538 5547 5546
f 5542 5541 5548
f 5542 5548 5549
f 5541 5543 5550
f 5541 5550 5548
f 5543 5544 5551
f 5543 5551 5550
f 5544 5545 5552
f 5544 5552 5551
f 5545 5546 5553
f 5545 5553 5552
f 5546 5547 5554
f 5546 5554 5553
f 5549 5548 5555
f 5549 5555 5556
f 5548 5550 5557
f 5548 5557 5555
f 5550 5551 5558
f 5550 5558 5557
f 5551 5552 5559
f 5551 5559 5558
f 5552 5553 5560
f 5552 5560 5559
f 5553 5554 5561
f 5553 5561 5560
f 5556 5555 5562
f 5556 5562 5563
f 5555 5557 5564
f 5555 5564 5562
f 5557 5558 5565
f 5557 5565 5564
f 5558 5559 5566
f 5558 5566 5565
f 5559 5560 5567
f 5559 5567 5566
f 5560 5561 5568
f 5560 5568 5567
f 5563 5562 5569
f 5563 5569 5570
f 5562 5564 5571
f 5562 5571 5569
f 5564 5565 5572
f 5564 5572 5571
f 5565 5566 5573
f 5565 5573 5572
f 5566 5567 5574
f 5566 5574 5573
f 5567 5568 5575
f 5567 5575 5574
f 5576 5577 5527
f 5576 5527 5578
f 5577 5579 5528
f 5577 5528 5527
f 5579 5580 5531
f 5579 5531 5528
f 5580 5581 5533
f 5580 5533 5531
f 5581 5582 5535
f 5581 5535 5533
f 5582 5583 5537
f 5582 5537 5535
f 5583 5584 5539
f 5583 5539 5537
f 5584 5585 5586
f 5584 5586 5539
f 5539 5586 5587
f 5539 5587 5540
f 5540 5587 5588
f 5540 5588 5547
f 5547 5588 5589
f 5547 5589 5554
f 5554 5589 5590
f 5554 5590 5561
f 5561 5590 5591
f 5561 5591 5568
f 5568 5591 5592
f 5568 5592 5575
f 5575 5592 5593
f 5575 5593 5594
f 5574 5575 5594
f 5574 5594 5595
f 5573 5574 5595
f 5573 5595 5596
f 5572 5573 5596
f 5572 5596 5597
f 5571 5572 5597
f 5571 5597 5598
f 5569 5571 5598
f 5569 5598 5599
f 5570 5569 5599
f 5570 5599 5600
f 5601 5570 5600
f 5601 5600 5602
f 5603 5563 5570
f 5603 5570 5601
f 5604 5556 5563
f 5604 5563 5603
f 5605 5549 5556
f 5605 5556 5604
f 5606 5542 5549
f 5606 5549 5605
f 5607 5530 5542
f 5607 5542 5606
f 5578 5527 5530
f 5578 5530 5607
f 5608 5609 5610
f 5608 5610 5611
f 5609 5612 5613
f 5609 5613 5610
f 5612 5614 5615
f 5612 5615 5613
f 5614 5616 5617
f 5614 5617 5615
f 5616 5618 5619
f 5616 5619 5617
f 5618 5620 5621
f 5618 5621 5619
f 5611 5610 5622
f 5611 5622 5623
f 5610 5613 5624
f 5610 5624 5622
f 5613 5615 5625
f 5613 5625 5624
f 5615 5617 5626
f 5615 5626 5625
f 5617 5619 5627
f 5617 5627 5626
f 5619 5621 5628
f 5619 5628 5627
f 5623 5622 5629
f 5623 5629 5630
f 5622 5624 5631
f 5622 5631 5629
f 5624 5625 5632
f 5624 5632 5631
f 5625 5626 5633
f 5625 5633 5632
f 5626 5627 5634
f 5626 5634 5633
f 5627 5628 5635
f 5627 5635 5634
f 5630 5629 5636
f 5630 5636 5637
f 5629 5631 5638
f 5629 5638 5636
f 5631 5632 5639
f 5631 5639 5638
f 5632 5633 5640
f 5632 5640 5639
f 5633 5634 5641
f 5633 5641 5640
f 5634 5635 5642
f 5634 5642 5641
f 5637 5636 5643
f 5637 5643 5644
f 5636 5638 5645
f 5636 5645 5643
f 5638 5639 5646
f 5638 5646 5645
f 5639 5640 5647
f 5639 5647 5646
f 5640 5641 5648
f 5640 5648 5647
f 5641 5642 5649
f 5641 5649 5648
f 5644 5643 5650
f 5644 5650 5651
f 5643 5645 5652
f 5643 5652 5650
f 5645 5646 5653
f 5645 5653 5652
f 5646 5647 5654
f 5646 5654 5653
f 5647 5648 5655
f 5647 5655 5654
f 5648 5649 5656
f 5648 5656 5655
f 5602 5600 5608
f 5602 5608 5657
f 5600 5599 5609
f 5600 5609 5608
f 5599 5598 5612
f 5599 5612 5609
f 5598 5597 5614
f 5598 5614 5612
f 5597 5596 5616
f 5597 5616 5614
f 5596 5595 5618
f 5596 5618 5616
f 5595 5594 5620
f 5595 5620 5618
f 5594 5593 5658
f 5594 5658 5620
f 5620 5658 5659
f 5620 5659 5621
f 5621 5659 5660
f 5621 5660 5628
f 5628 5660 5661
f 5628 5661 5635
f 5635 5661 5662
f 5635 5662 5642
f 5642 5662 5663
f 5642 5663 5649
f 5649 5663 5664
f 5649 5664 5656
f 5656 5664 5665
f 5656 5665 5666
f 5655 5656 5666
f 5655 5666 5667
f 5654 5655 5667
f 5654 5667 5668
f 5653 5654 5668
f 5653 5668 5669
f 5652 5653 5669
f 5652 5669 5670
f 5650 5652 5670
f 5650 5670 5671
f 5651 5650 5671
f 5651 5671 5672
f 5673 5651 5672
f 5673 5672 5674
f 5675 5644 5651
f 5675 5651 5673
f 5676 5637 5644
f 5676 5644 5675
f 5677 5630 5637
f 5677 5637 5676
f 5678 5623 5630
f 5678 5630 5677
f 5679 5611 5623
f 5679 5623 5678
f 5657 5608 5611
f 5657 5611 5679
f 5680 5681 5682
f 5680 5682 5683
f 5681 5684 5685
f 5681 5685 5682
f 5684 5686 5687
f 5684 5687 5685
f 5683 5682 5688
f 5683 5688 5689
f 5682 5685 5690
f 5682 5690 5688
f 5685 5687 5691
f 5685 5691 5690
f 5692 5693 5694
f 5692 5694 5695
f 5693 5696 5697
f 5693 5697 5694
f 5696 5698 5699
f 5696 5699 5697
f 5695 5694 5700
f 5695 5700 5701
f 5694 5697 5702
f 5694 5702 5700
f 5697 5699 5703
f 5697 5703 5702
f 5704 5705 5706
f 5704 5706 5707
f 5705 5708 5709
f 5705 5709 5706
f 5708 5710 5711
f 5708 5711 5709
f 5707 5706 5712
f 5707 5712 5713
f 5706 5709 5714
f 5706 5714 5712
f 5709 5711 5715
f 5709 5715 5714
f 5716 5717 5718
f 5716 5718 5719
f 5717 5720 5721
f 5717 5721 5718
f 5720 5722 5723
f 5720 5723 5721
f 5719 5718 5724
f 5719 5724 5725
f 5718 5721 5726
f 5718 5726 5724
f 5721 5723 5727
f 5721 5727 5726
f 5728 5729 5730
f 5728 5730 5731
f 5729 5732 5733
f 5729 5733 5730
f 5732 5734 5735
f 5732 5735 5733
f 5731 5730 5736
f 5731 5736 5737
f 5730 5733 5738
f 5730 5738 5736
f 5733 5735 5739
f 5733 5739 5738
f 5740 5741 5742
f 5740 5742 5743
f 5741 5744 5745
f 5741 5745 5742
f 5744 5746 5747
f 5744 5747 5745
f 5743 5742 5748
f 5743 5748 5749
f 5742 5745 5750
f 5742 5750 5748
f 5745 5747 5751
f 5745 5751 5750
f 5701 5700 5687
f 5701 5687 5686
f 5700 5702 5691
f 5700 5691 5687
f 5713 5712 5699
f 5713 5699 5698
f 5712 5714 5703
f 5712 5703 5699
f 5725 5724 5711
f 5725 5711 5710
f 5724 5726 5715
f 5724 5715 5711
f 5737 5736 5723
f 5737 5723 5722
f 5736 5738 5727
f 5736 5727 5723
f 5749 5748 5735
f 5749 5735 5734
f 5748 5750 5739
f 5748 5739 5735
f 5689 5688 5747
f 5689 5747 5746
f 5688 5690 5751
f 5688 5751 5747
f 5690 5691 5752
f 5690 5752 5751
f 5702 5703 5752
f 5702 5752 5691
f 5714 5715 5752
f 5714 5752 5703
f 5726 5727 5752
f 5726 5752 5715
f 5738 5739 5752
f 5738 5752 5727
f 5750 5751 5752
f 5750 5752 5739
f 4376 5753 5680
f 4376 5680 4569
f 5753 5754 5681
f 5753 5681 5680
f 5754 5755 5684
f 5754 5684 5681
f 5755 5756 5686
f 5755 5686 5684
f 4569 5680 5683
f 4569 5683 4570
f 4570 5683 5689
f 4570 5689 4571
f 4571 5689 5746
f 4571 5746 4572
f 5440 5757 5692
f 5440 5692 5758
f 5757 5759 5693
f 5757 5693 5692
f 5759 5760 5696
f 5759 5696 5693
f 5760 5761 5698
f 5760 5698 5696
f 5758 5692 5695
f 5758 5695 5762
f 5762 5695 5701
f 5762 5701 5763
f 5763 5701 5686
f 5763 5686 5756
f 5764 5765 5704
f 5764 5704 5766
f 5765 5767 5705
f 5765 5705 5704
f 5767 5768 5708
f 5767 5708 5705
f 5768 5769 5710
f 5768 5710 5708
f 5766 5704 5707
f 5766 5707 5770
f 5770 5707 5713
f 5770 5713 5771
f 5771 5713 5698
f 5771 5698 5761
f 5495 5772 5716
f 5495 5716 5773
f 5772 5774 5717
f 5772 5717 5716
f 5774 5775 5720
f 5774 5720 5717
f 5775 5776 5722
f 5775 5722 5720
f 5773 5716 5719
f 5773 5719 5777
f 5777 5719 5725
f 5777 5725 5778
f 5778 5725 5710
f 5778 5710 5769
f 4782 4781 5728
f 4782 5728 5779
f 4781 4780 5729
f 4781 5729 5728
f 4780 4779 5732
f 4780 5732 5729
f 4779 4778 5734
f 4779 5734 5732
f 5779 5728 5731
f 5779 5731 5780
f 5780 5731 5737
f 5780 5737 5781
f 5781 5737 5722
f 5781 5722 5776
f 4576 4575 5740
f 4576 5740 4775
f 4575 4574 5741
f 4575 5741 5740
f 4574 4573 5744
f 4574 5744 5741
f 4573 4572 5746
f 4573 5746 5744
f 4775 5740 5743
f 4775 5743 4776
f 4776 5743 5749
f 4776 5749 4777
f 4777 5749 5734
f 4777 5734 4778
f 5782 5783 5784
f 5782 5784 5785
f 5783 5786 5787
f 5783 5787 5784
f 5786 5788 5789
f 5786 5789 5787
f 5785 5784 5790
f 5785 5790 5791
f 5784 5787 5792
f 5784 5792 5790
f 5787 5789 5793
f 5787 5793 5792
f 5794 5795 5796
f 5794 5796 5797
f 5795 5798 5799
f 5795 5799 5796
f 5798 5800 5801
f 5798 5801 5799
f 5797 5796 5802
f 5797 5802 5803
f 5796 5799 5804
f 5796 5804 5802
f 5799 5801 5805
f 5799 5805 5804
f 5806 5807 5808
f 5806 5808 5809
f 5807 5810 5811
f 5807 5811 5808
f 5810 5812 5813
f 5810 5813 5811
f 5809 5808 5814
f 5809 5814 5815
f 5808 5811 5816
f 5808 5816 5814
f 5811 5813 5817
f 5811 5817 5816
f 5818 5819 5820
f 5818 5820 5821
f 5819 5822 5823
f 5819 5823 5820
f 5822 5824 5825
f 5822 5825 5823
f 5821 5820 5826
f 5821 5826 5827
f 5820 5823 5828
f 5820 5828 5826
f 5823 5825 5829
f 5823 5829 5828
f 5830 5831 5832
f 5830 5832 5833
f 5831 5834 5835
f 5831 5835 5832
f 5834 5836 5837
f 5834 5837 5835
f 5833 5832 5838
f 5833 5838 5839
f 5832 5835 5840
f 5832 5840 5838
f 5835 5837 5841
f 5835 5841 5840
f 5842 5843 5844
f 5842 5844 5845
f 5843 5846 5847
f 5843 5847 5844
f 5846 5848 5849
f 5846 5849 5847
f 5845 5844 5850
f 5845 5850 5851
f 5844 5847 5852
f 5844 5852 5850
f 5847 5849 5853
f 5847 5853 5852
f 5803 5802 5789
f 5803 5789 5788
f 5802 5804 5793
f 5802 5793 5789
f 5815 5814 5801
f 5815 5801 5800
f 5814 5816 5805
f 5814 5805 5801
f 5827 5826 5813
f 5827 5813 5812
f 5826 5828 5817
f 5826 5817 5813
f 5839 5838 5825
f 5839 5825 5824
f 5838 5840 5829
f 5838 5829 5825
f 5851 5850 5837
f 5851 5837 5836
f 5850 5852 5841
f 5850 5841 5837
f 5791 5790 5849
f 5791 5849 5848
f 5790 5792 5853
f 5790 5853 5849
f 5792 5793 5854
f 5792 5854 5853
f 5804 5805 5854
f 5804 5854 5793
f 5816 5817 5854
f 5816 5854 5805
f 5828 5829 5854
f 5828 5854 5817
f 5840 5841 5854
f 5840 5854 5829
f 5852 5853 5854
f 5852 5854 5841
f 4304 4454 5782
f 4304 5782 4369
f 4454 4453 5783
f 4454 5783 5782
f 4453 4452 5786
f 4453 5786 5783
f 4452 4451 5788
f 4452 5788 5786
f 4369 5782 5785
f 4369 5785 4370
f 4370 5785 5791
f 4370 5791 4371
f 4371 5791 5848
f 4371 5848 4372
f 4447 5855 5794
f 4447 5794 4448
f 5855 5856 5795
f 5855 5795 5794
f 5856 5857 5798
f 5856 5798 5795
f 5857 5858 5800
f 5857 5800 5798
f 4448 5794 5797
f 4448 5797 4449
f 4449 5797 5803
f 4449 5803 4450
f 4450 5803 5788
f 4450 5788 4451
f 5674 5859 5806
f 5674 5806 5860
f 5859 5861 5807
f 5859 5807 5806
f 5861 5862 5810
f 5861 5810 5807
f 5862 5863 5812
f 5862 5812 5810
f 5860 5806 5809
f 5860 5809 5864
f 5864 5809 5815
f 5864 5815 5865
f 5865 5815 5800
f 5865 5800 5858
f 5414 5416 5818
f 5414 5818 5866
f 5416 5445 5819
f 5416 5819 5818
f 5445 5444 5822
f 5445 5822 5819
f 5444 5443 5824
f 5444 5824 5822
f 5866 5818 5821
f 5866 5821 5867
f 5867 5821 5827
f 5867 5827 5868
f 5868 5827 5812
f 5868 5812 5863
f 5440 5758 5830
f 5440 5830 5439
f 5758 5762 5831
f 5758 5831 5830
f 5762 5763 5834
f 5762 5834 5831
f 5763 5756 5836
f 5763 5836 5834
f 5439 5830 5833
f 5439 5833 5441
f 5441 5833 5839
f 5441 5839 5442
f 5442 5839 5824
f 5442 5824 5443
f 4376 4375 5842
f 4376 5842 5753
f 4375 4374 5843
f 4375 5843 5842
f 4374 4373 5846
f 4374 5846 5843
f 4373 4372 5848
f 4373 5848 5846
f 5753 5842 5845
f 5753 5845 5754
f 5754 5845 5851
f 5754 5851 5755
f 5755 5851 5836
f 5755 5836 5756
f 5869 5870 5871
f 5869 5871 5872
f 5870 5873 5874
f 5870 5874 5871
f 5873 5875 5876
f 5873 5876 5874
f 5872 5871 5877
f 5872 5877 5878
f 5871 5874 5879
f 5871 5879 5877
f 5874 5876 5880
f 5874 5880 5879
f 5881 5882 5883
f 5881 5883 5884
f 5882 5885 5886
f 5882 5886 5883
f 5885 5887 5888
f 5885 5888 5886
f 5884 5883 5889
f 5884 5889 5890
f 5883 5886 5891
f 5883 5891 5889
f 5886 5888 5892
f 5886 5892 5891
f 5893 5894 5895
f 5893 5895 5896
f 5894 5897 5898
f 5894 5898 5895
f 5897 5899 5900
f 5897 5900 5898
f 5896 5895 5901
f 5896 5901 5902
f 5895 5898 5903
f 5895 5903 5901
f 5898 5900 5904
f 5898 5904 5903
f 5905 5906 5907
f 5905 5907 5908
f 5906 5909 5910
f 5906 5910 5907
f 5909 5911 5912
f 5909 5912 5910
f 5908 5907 5913
f 5908 5913 5914
f 5907 5910 5915
f 5907 5915 5913
f 5910 5912 5916
f 5910 5916 5915
f 5917 5918 5919
f 5917 5919 5920
f 5918 5921 5922
f 5918 5922 5919
f 5921 5923 5924
f 5921 5924 5922
f 5920 5919 5925
f 5920 5925 5926
f 5919 5922 5927
f 5919 5927 5925
f 5922 5924 5928
f 5922 5928 5927
f 5929 5930 5931
f 5929 5931 5932
f 5930 5933 5934
f 5930 5934 5931
f 5933 5935 5936
f 5933 5936 5934
f 5932 5931 5937
f 5932 5937 5938
f 5931 5934 5939
f 5931 5939 5937
f 5934 5936 5940
f 5934 5940 5939
f 5890 5889 5876
f 5890 5876 5875
f 5889 5891 5880
f 5889 5880 5876
f 5902 5901 5888
f 5902 5888 5887
f 5901 5903 5892
f 5901 5892 5888
f 5914 5913 5900
f 5914 5900 5899
f 5913 5915 5904
f 5913 5904 5900
f 5926 5925 5912
f 5926 5912 5911
f 5925 5927 5916
f 5925 5916 5912
f 5938 5937 5924
f 5938 5924 5923
f 5937 5939 5928
f 5937 5928 5924
f 5878 5877 5936
f 5878 5936 5935
f 5877 5879 5940
f 5877 5940 5936
f 5879 5880 5941
f 5879 5941 5940
f 5891 5892 5941
f 5891 5941 5880
f 5903 5904 5941
f 5903 5941 5892
f 5915 5916 5941
f 5915 5941 5904
f 5927 5928 5941
f 5927 5941 5916
f 5939 5940 5941
f 5939 5941 5928
f 4447 4518 5869
f 4447 5869 5855
f 4518 4517 5870
f 4518 5870 5869
f 4517 4516 5873
f 4517 5873 5870
f 4516 4515 5875
f 4516 5875 5873
f 5855 5869 5872
f 5855 5872 5856
f 5856 5872 5878
f 5856 5878 5857
f 5857 5878 5935
f 5857 5935 5858
f 4511 5357 5881
f 4511 5881 4512
f 5357 5356 5882
f 5357 5882 5881
f 5356 5355 5885
f 5356 5885 5882
f 5355 5354 5887
f 5355 5887 5885
f 4512 5881 5884
f 4512 5884 4513
f 4513 5884 5890
f 4513 5890 4514
f 4514 5890 5875
f 4514 5875 4515
f 5350 5942 5893
f 5350 5893 5351
f 5942 5943 5894
f 5942 5894 5893
f 5943 5944 5897
f 5943 5897 5894
f 5944 5945 5899
f 5944 5899 5897
f 5351 5893 5896
f 5351 5896 5352
f 5352 5896 5902
f 5352 5902 5353
f 5353 5902 5887
f 5353 5887 5354
f 5576 5578 5905
f 5576 5905 5946
f 5578 5607 5906
f 5578 5906 5905
f 5607 5606 5909
f 5607 5909 5906
f 5606 5605 5911
f 5606 5911 5909
f 5946 5905 5908
f 5946 5908 5947
f 5947 5908 5914
f 5947 5914 5948
f 5948 5914 5899
f 5948 5899 5945
f 5602 5657 5917
f 5602 5917 5601
f 5657 5679 5918
f 5657 5918 5917
f 5679 5678 5921
f 5679 5921 5918
f 5678 5677 5923
f 5678 5923 5921
f 5601 5917 5920
f 5601 5920 5603
f 5603 5920 5926
f 5603 5926 5604
f 5604 5926 5911
f 5604 5911 5605
f 5674 5860 5929
f 5674 5929 5673
f 5860 5864 5930
f 5860 5930 5929
f 5864 5865 5933
f 5864 5933 5930
f 5865 5858 5935
f 5865 5935 5933
f 5673 5929 5932
f 5673 5932 5675
f 5675 5932 5938
f 5675 5938 5676
f 5676 5938 5923
f 5676 5923 5677
f 5949 5950 5951
f 5949 5951 5952
f 5950 5953 5954
f 5950 5954 5951
f 5953 5955 5956
f 5953 5956 5954
f 5952 5951 5957
f 5952 5957 5958
f 5951 5954 5959
f 5951 5959 5957
f 5954 5956 5960
f 5954 5960 5959
f 5961 5962 5963
f 5961 5963 5964
f 5962 5965 5966
f 5962 5966 5963
f 5965 5967 5968
f 5965 5968 5966
f 5964 5963 5969
f 5964 5969 5970
f 5963 5966 5971
f 5963 5971 5969
f 5966 5968 5972
f 5966 5972 5971
f 5973 5974 5975
f 5973 5975 5976
f 5974 5977 5978
f 5974 5978 5975
f 5977 5979 5980
f 5977 5980 5978
f 5976 5975 5981
f 5976 5981 5982
f 5975 5978 5983
f 5975 5983 5981
f 5978 5980 5984
f 5978 5984 5983
f 5985 5986 5987
f 5985 5987 5988
f 5986 5989 5990
f 5986 5990 5987
f 5989 5991 5992
f 5989 5992 5990
f 5988 5987 5993
f 5988 5993 5994
f 5987 5990 5995
f 5987 5995 5993
f 5990 5992 5996
f 5990 5996 5995
f 5997 5998 5999
f 5997 5999 6000
f 5998 6001 6002
f 5998 6002 5999
f 6001 6003 6004
f 6001 6004 6002
f 6000 5999 6005
f 6000 6005 6006
f 5999 6002 6007
f 5999 6007 6005
f 6002 6004 6008
f 6002 6008 6007
f 6009 6010 6011
f 6009 6011 6012
f 6010 6013 6014
f 6010 6014 6011
f 6013 6015 6016
f 6013 6016 6014
f 6012 6011 6017
f 6012 6017 6018
f 6011 6014 6019
f 6011 6019 6017
f 6014 6016 6020
f 6014 6020 6019
f 5970 5969 5956
f 5970 5956 5955
f 5969 5971 5960
f 5969 5960 5956
f 5982 5981 5968
f 5982 5968 5967
f 5981 5983 5972
f 5981 5972 5968
f 5994 5993 5980
f 5994 5980 5979
f 5993 5995 5984
f 5993 5984 5980
f 6006 6005 5992
f 6006 5992 5991
f 6005 6007 5996
f 6005 5996 5992
f 6018 6017 6004
f 6018 6004 6003
f 6017 6019 6008
f 6017 6008 6004
f 5958 5957 6016
f 5958 6016 6015
f 5957 5959 6020
f 5957 6020 6016
f 5959 5960 6021
f 5959 6021 6020
f 5971 5972 6021
f 5971 6021 5960
f 5983 5984 6021
f 5983 6021 5972
f 5995 5996 6021
f 5995 6021 5984
f 6007 6008 6021
f 6007 6021 5996
f 6019 6020 6021
f 6019 6021 6008
f 5576 5946 5949
f 5576 5949 6022
f 5946 5947 5950
f 5946 5950 5949
f 5947 5948 5953
f 5947 5953 5950
f 5948 5945 5955
f 5948 5955 5953
f 6022 5949 5952
f 6022 5952 6023
f 6023 5952 5958
f 6023 5958 6024
f 6024 5958 6015
f 6024 6015 6025
f 5350 5349 5961
f 5350 5961 5942
f 5349 5348 5962
f 5349 5962 5961
f 5348 5347 5965
f 5348 5965 5962
f 5347 5346 5967
f 5347 5967 5965
f 5942 5961 5964
f 5942 5964 5943
f 5943 5964 5970
f 5943 5970 5944
f 5944 5970 5955
f 5944 5955 5945
f 4910 4909 5973
f 4910 5973 5343
f 4909 4908 5974
f 4909 5974 5973
f 4908 4907 5977
f 4908 5977 5974
f 4907 4906 5979
f 4907 5979 5977
f 5343 5973 5976
f 5343 5976 5344
f 5344 5976 5982
f 5344 5982 5345
f 5345 5982 5967
f 5345 5967 5346
f 4782 5779 5985
f 4782 5985 4903
f 5779 5780 5986
f 5779 5986 5985
f 5780 5781 5989
f 5780 5989 5986
f 5781 5776 5991
f 5781 5991 5989
f 4903 5985 5988
f 4903 5988 4904
f 4904 5988 5994
f 4904 5994 4905
f 4905 5994 5979
f 4905 5979 4906
f 5495 5497 5997
f 5495 5997 5772
f 5497 5526 5998
f 5497 5998 5997
f 5526 5525 6001
f 5526 6001 5998
f 5525 5524 6003
f 5525 6003 6001
f 5772 5997 6000
f 5772 6000 5774
f 5774 6000 6006
f 5774 6006 5775
f 5775 6006 5991
f 5775 5991 5776
f 5521 6026 6009
f 5521 6009 5520
f 6026 6027 6010
f 6026 6010 6009
f 6027 6028 6013
f 6027 6013 6010
f 6028 6025 6015
f 6028 6015 6013
f 5520 6009 6012
f 5520 6012 5522
f 5522 6012 6018
f 5522 6018 5523
f 5523 6018 6003
f 5523 6003 5524
f 6029 6030 6031
f 6029 6031 6032
f 6030 6033 6034
f 6030 6034 6031
f 6033 6035 6036
f 6033 6036 6034
f 6035 6037 6038
f 6035 6038 6036
f 6037 6039 6040
f 6037 6040 6038
f 6039 6041 6042
f 6039 6042 6040
f 6032 6031 6043
f 6032 6043 6044
f 6031 6034 6045
f 6031 6045 6043
f 6034 6036 6046
f 6034 6046 6045
f 6036 6038 6047
f 6036 6047 6046
f 6038 6040 6048
f 6038 6048 6047
f 6040 6042 6049
f 6040 6049 6048
f 6044 6043 6050
f 6044 6050 6051
f 6043 6045 6052
f 6043 6052 6050
f 6045 6046 6053
f 6045 6053 6052
f 6046 6047 6054
f 6046 6054 6053
f 6047 6048 6055
f 6047 6055 6054
f 6048 6049 6056
f 6048 6056 6055
f 6051 6050 6057
f 6051 6057 6058
f 6050 6052 6059
f 6050 6059 6057
f 6052 6053 6060
f 6052 6060 6059
f 6053 6054 6061
f 6053 6061 6060
f 6054 6055 6062
f 6054 6062 6061
f 6055 6056 6063
f 6055 6063 6062
f 6058 6057 6064
f 6058 6064 6065
f 6057 6059 6066
f 6057 6066 6064
f 6059 6060 6067
f 6059 6067 6066
f 6060 6061 6068
f 6060 6068 6067
f 6061 6062 6069
f 6061 6069 6068
f 6062 6063 6070
f 6062 6070 6069
f 6065 6064 6071
f 6065 6071 6072
f 6064 6066 6073
f 6064 6073 6071
f 6066 6067 6074
f 6066 6074 6073
f 6067 6068 6075
f 6067 6075 6074
f 6068 6069 6076
f 6068 6076 6075
f 6069 6070 6077
f 6069 6077 6076
f 5286 5364 6029
f 5286 6029 6078
f 5364 5363 6030
f 5364 6030 6029
f 5363 5362 6033
f 5363 6033 6030
f 5362 5361 6035
f 5362 6035 6033
f 5361 5360 6037
f 5361 6037 6035
f 5360 5359 6039
f 5360 6039 6037
f 5359 5358 6041
f 5359 6041 6039
f 5358 4511 4510
f 5358 4510 6041
f 6041 4510 4509
f 6041 4509 6042
f 6042 4509 4508
f 6042 4508 6049
f 6049 4508 4507
f 6049 4507 6056
f 6056 4507 4506
f 6056 4506 6063
f 6063 4506 4505
f 6063 4505 6070
f 6070 4505 4504
f 6070 4504 6077
f 6077 4504 1481
f 6077 1481 3060
f 6076 6077 3060
f 6076 3060 3059
f 6075 6076 3059
f 6075 3059 3058
f 6074 6075 3058
f 6074 3058 3057
f 6073 6074 3057
f 6073 3057 3056
f 6071 6073 3056
f 6071 3056 3055
f 6072 6071 3055
f 6072 3055 3054
f 6079 6072 3054
f 6079 3054 3053
f 6080 6065 6072
f 6080 6072 6079
f 6081 6058 6065
f 6081 6065 6080
f 6082 6051 6058
f 6082 6058 6081
f 6083 6044 6051
f 6083 6051 6082
f 6084 6032 6044
f 6084 6044 6083
f 6078 6029 6032
f 6078 6032 6084
f 6085 6086 6087
f 6085 6087 6088
f 6086 6089 6090
f 6086 6090 6087
f 6089 6091 6092
f 6089 6092 6090
f 6091 6093 6094
f 6091 6094 6092
f 6093 6095 6096
f 6093 6096 6094
f 6095 6097 6098
f 6095 6098 6096
f 6088 6087 6099
f 6088 6099 6100
f 6087 6090 6101
f 6087 6101 6099
f 6090 6092 6102
f 6090 6102 6101
f 6092 6094 6103
f 6092 6103 6102
f 6094 6096 6104
f 6094 6104 6103
f 6096 6098 6105
f 6096 6105 6104
f 6100 6099 6106
f 6100 6106 6107
f 6099 6101 6108
f 6099 6108 6106
f 6101 6102 6109
f 6101 6109 6108
f 6102 6103 6110
f 6102 6110 6109
f 6103 6104 6111
f 6103 6111 6110
f 6104 6105 6112
f 6104 6112 6111
f 6107 6106 6113
f 6107 6113 6114
f 6106 6108 6115
f 6106 6115 6113
f 6108 6109 6116
f 6108 6116 6115
f 6109 6110 6117
f 6109 6117 6116
f 6110 6111 6118
f 6110 6118 6117
f 6111 6112 6119
f 6111 6119 6118
f 6114 6113 6120
f 6114 6120 6121
f 6113 6115 6122
f 6113 6122 6120
f 6115 6116 6123
f 6115 6123 6122
f 6116 6117 6124
f 6116 6124 6123
f 6117 6118 6125
f 6117 6125 6124
f 6118 6119 6126
f 6118 6126 6125
f 6121 6120 6127
f 6121 6127 6128
f 6120 6122 6129
f 6120 6129 6127
f 6122 6123 6130
f 6122 6130 6129
f 6123 6124 6131
f 6123 6131 6130
f 6124 6125 6132
f 6124 6132 6131
f 6125 6126 6133
f 6125 6133 6132
f 5222 5293 6085
f 5222 6085 6134
f 5293 5292 6086
f 5293 6086 6085
f 5292 5291 6089
f 5292 6089 6086
f 5291 5290 6091
f 5291 6091 6089
f 5290 5289 6093
f 5290 6093 6091
f 5289 5288 6095
f 5289 6095 6093
f 5288 5287 6097
f 5288 6097 6095
f 5287 5286 6078
f 5287 6078 6097
f 6097 6078 6084
f 6097 6084 6098
f 6098 6084 6083
f 6098 6083 6105
f 6105 6083 6082
f 6105 6082 6112
f 6112 6082 6081
f 6112 6081 6119
f 6119 6081 6080
f 6119 6080 6126
f 6126 6080 6079
f 6126 6079 6133
f 6133 6079 3053
f 6133 3053 3124
f 6132 6133 3124
f 6132 3124 3123
f 6131 6132 3123
f 6131 3123 3122
f 6130 6131 3122
f 6130 3122 3121
f 6129 6130 3121
f 6129 3121 3120
f 6127 6129 3120
f 6127 3120 3119
f 6128 6127 3119
f 6128 3119 3118
f 6135 6128 3118
f 6135 3118 3117
f 6136 6121 6128
f 6136 6128 6135
f 6137 6114 6121
f 6137 6121 6136
f 6138 6107 6114
f 6138 6114 6137
f 6139 6100 6107
f 6139 6107 6138
f 6140 6088 6100
f 6140 6100 6139
f 6134 6085 6088
f 6134 6088 6140
f 6141 6142 6143
f 6141 6143 6144
f 6142 6145 6146
f 6142 6146 6143
f 6145 6147 6148
f 6145 6148 6146
f 6147 6149 6150
f 6147 6150 6148
f 6149 6151 6152
f 6149 6152 6150
f 6151 6153 6154
f 6151 6154 6152
f 6144 6143 6155
f 6144 6155 6156
f 6143 6146 6157
f 6143 6157 6155
f 6146 6148 6158
f 6146 6158 6157
f 6148 6150 6159
f 6148 6159 6158
f 6150 6152 6160
f 6150 6160 6159
f 6152 6154 6161
f 6152 6161 6160
f 6156 6155 6162
f 6156 6162 6163
f 6155 6157 6164
f 6155 6164 6162
f 6157 6158 6165
f 6157 6165 6164
f 6158 6159 6166
f 6158 6166 6165
f 6159 6160 6167
f 6159 6167 6166
f 6160 6161 6168
f 6160 6168 6167
f 6163 6162 6169
f 6163 6169 6170
f 6162 6164 6171
f 6162 6171 6169
f 6164 6165 6172
f 6164 6172 6171
f 6165 6166 6173
f 6165 6173 6172
f 6166 6167 6174
f 6166 6174 6173
f 6167 6168 6175
f 6167 6175 6174
f 6170 6169 6176
f 6170 6176 6177
f 6169 6171 6178
f 6169 6178 6176
f 6171 6172 6179
f 6171 6179 6178
f 6172 6173 6180
f 6172 6180 6179
f 6173 6174 6181
f 6173 6181 6180
f 6174 6175 6182
f 6174 6182 6181
f 6177 6176 6183
f 6177 6183 6184
f 6176 6178 6185
f 6176 6185 6183
f 6178 6179 6186
f 6178 6186 6185
f 6179 6180 6187
f 6179 6187 6186
f 6180 6181 6188
f 6180 6188 6187
f 6181 6182 6189
f 6181 6189 6188
f 4239 5229 6141
f 4239 6141 6190
f 5229 5228 6142
f 5229 6142 6141
f 5228 5227 6145
f 5228 6145 6142
f 5227 5226 6147
f 5227 6147 6145
f 5226 5225 6149
f 5226 6149 6147
f 5225 5224 6151
f 5225 6151 6149
f 5224 5223 6153
f 5224 6153 6151
f 5223 5222 6134
f 5223 6134 6153
f 6153 6134 6140
f 6153 6140 6154
f 6154 6140 6139
f 6154 6139 6161
f 6161 6139 6138
f 6161 6138 6168
f 6168 6138 6137
f 6168 6137 6175
f 6175 6137 6136
f 6175 6136 6182
f 6182 6136 6135
f 6182 6135 6189
f 6189 6135 3117
f 6189 3117 3188
f 6188 6189 3188
f 6188 3188 3187
f 6187 6188 3187
f 6187 3187 3186
f 6186 6187 3186
f 6186 3186 3185
f 6185 6186 3185
f 6185 3185 3184
f 6183 6185 3184
f 6183 3184 3183
f 6184 6183 3183
f 6184 3183 3182
f 6191 6184 3182
f 6191 3182 3181
f 6192 6177 6184
f 6192 6184 6191
f 6193 6170 6177
f 6193 6177 6192
f 6194 6163 6170
f 6194 6170 6193
f 6195 6156 6163
f 6195 6163 6194
f 6196 6144 6156
f 6196 6156 6195
f 6190 6141 6144
f 6190 6144 6196
f 6197 6198 6199
f 6197 6199 6200
f 6198 6201 6202
f 6198 6202 6199
f 6201 6203 6204
f 6201 6204 6202
f 6203 6205 6206
f 6203 6206 6204
f 6205 6207 6208
f 6205 6208 6206
f 6207 6209 6210
f 6207 6210 6208
f 6200 6199 6211
f 6200 6211 6212
f 6199 6202 6213
f 6199 6213 6211
f 6202 6204 6214
f 6202 6214 6213
f 6204 6206 6215
f 6204 6215 6214
f 6206 6208 6216
f 6206 6216 6215
f 6208 6210 6217
f 6208 6217 6216
f 6212 6211 6218
f 6212 6218 6219
f 6211 6213 6220
f 6211 6220 6218
f 6213 6214 6221
f 6213 6221 6220
f 6214 6215 6222
f 6214 6222 6221
f 6215 6216 6223
f 6215 6223 6222
f 6216 6217 6224
f 6216 6224 6223
f 6219 6218 6225
f 6219 6225 6226
f 6218 6220 6227
f 6218 6227 6225
f 6220 6221 6228
f 6220 6228 6227
f 6221 6222 6229
f 6221 6229 6228
f 6222 6223 6230
f 6222 6230 6229
f 6223 6224 6231
f 6223 6231 6230
f 6226 6225 6232
f 6226 6232 6233
f 6225 6227 6234
f 6225 6234 6232
f 6227 6228 6235
f 6227 6235 6234
f 6228 6229 6236
f 6228 6236 6235
f 6229 6230 6237
f 6229 6237 6236
f 6230 6231 6238
f 6230 6238 6237
f 6233 6232 6239
f 6233 6239 6240
f 6232 6234 6241
f 6232 6241 6239
f 6234 6235 6242
f 6234 6242 6241
f 6235 6236 6243
f 6235 6243 6242
f 6236 6237 6244
f 6236 6244 6243
f 6237 6238 6245
f 6237 6245 6244
f 5102 5165 6197
f 5102 6197 6246
f 5165 5164 6198
f 5165 6198 6197
f 5164 5163 6201
f 5164 6201 6198
f 5163 5162 6203
f 5163 6203 6201
f 5162 5161 6205
f 5162 6205 6203
f 5161 5160 6207
f 5161 6207 6205
f 5160 5159 6209
f 5160 6209 6207
f 5159 4097 6247
f 5159 6247 6209
f 6209 6247 6248
f 6209 6248 6210
f 6210 6248 6249
f 6210 6249 6217
f 6217 6249 6250
f 6217 6250 6224
f 6224 6250 6251
f 6224 6251 6231
f 6231 6251 6252
f 6231 6252 6238
f 6238 6252 6253
f 6238 6253 6245
f 6245 6253 3253
f 6245 3253 3252
f 6244 6245 3252
f 6244 3252 3251
f 6243 6244 3251
f 6243 3251 3250
f 6242 6243 3250
f 6242 3250 3249
f 6241 6242 3249
f 6241 3249 3248
f 6239 6241 3248
f 6239 3248 3247
f 6240 6239 3247
f 6240 3247 3246
f 6254 6240 3246
f 6254 3246 3245
f 6255 6233 6240
f 6255 6240 6254
f 6256 6226 6233
f 6256 6233 6255
f 6257 6219 6226
f 6257 6226 6256
f 6258 6212 6219
f 6258 6219 6257
f 6259 6200 6212
f 6259 6212 6258
f 6246 6197 6200
f 6246 6200 6259
f 6260 6261 6262
f 6260 6262 6263
f 6261 6264 6265
f 6261 6265 6262
f 6264 6266 6267
f 6264 6267 6265
f 6266 6268 6269
f 6266 6269 6267
f 6268 6270 6271
f 6268 6271 6269
f 6270 6272 6273
f 6270 6273 6271
f 6263 6262 6274
f 6263 6274 6275
f 6262 6265 6276
f 6262 6276 6274
f 6265 6267 6277
f 6265 6277 6276
f 6267 6269 6278
f 6267 6278 6277
f 6269 6271 6279
f 6269 6279 6278
f 6271 6273 6280
f 6271 6280 6279
f 6275 6274 6281
f 6275 6281 6282
f 6274 6276 6283
f 6274 6283 6281
f 6276 6277 6284
f 6276 6284 6283
f 6277 6278 6285
f 6277 6285 6284
f 6278 6279 6286
f 6278 6286 6285
f 6279 6280 6287
f 6279 6287 6286
f 6282 6281 6288
f 6282 6288 6289
f 6281 6283 6290
f 6281 6290 6288
f 6283 6284 6291
f 6283 6291 6290
f 6284 6285 6292
f 6284 6292 6291
f 6285 6286 6293
f 6285 6293 6292
f 6286 6287 6294
f 6286 6294 6293
f 6289 6288 6295
f 6289 6295 6296
f 6288 6290 6297
f 6288 6297 6295
f 6290 6291 6298
f 6290 6298 6297
f 6291 6292 6299
f 6291 6299 6298
f 6292 6293 6300
f 6292 6300 6299
f 6293 6294 6301
f 6293 6301 6300
f 6296 6295 6302
f 6296 6302 6303
f 6295 6297 6304
f 6295 6304 6302
f 6297 6298 6305
f 6297 6305 6304
f 6298 6299 6306
f 6298 6306 6305
f 6299 6300 6307
f 6299 6307 6306
f 6300 6301 6308
f 6300 6308 6307
f 5038 5109 6260
f 5038 6260 6309
f 5109 5108 6261
f 5109 6261 6260
f 5108 5107 6264
f 5108 6264 6261
f 5107 5106 6266
f 5107 6266 6264
f 5106 5105 6268
f 5106 6268 6266
f 5105 5104 6270
f 5105 6270 6268
f 5104 5103 6272
f 5104 6272 6270
f 5103 5102 6246
f 5103 6246 6272
f 6272 6246 6259
f 6272 6259 6273
f 6273 6259 6258
f 6273 6258 6280
f 6280 6258 6257
f 6280 6257 6287
f 6287 6257 6256
f 6287 6256 6294
f 6294 6256 6255
f 6294 6255 6301
f 6301 6255 6254
f 6301 6254 6308
f 6308 6254 3245
f 6308 3245 3324
f 6307 6308 3324
f 6307 3324 3323
f 6306 6307 3323
f 6306 3323 3322
f 6305 6306 3322
f 6305 3322 3321
f 6304 6305 3321
f 6304 3321 3320
f 6302 6304 3320
f 6302 3320 3319
f 6303 6302 3319
f 6303 3319 3318
f 6310 6303 3318
f 6310 3318 3317
f 6311 6296 6303
f 6311 6303 6310
f 6312 6289 6296
f 6312 6296 6311
f 6313 6282 6289
f 6313 6289 6312
f 6314 6275 6282
f 6314 6282 6313
f 6315 6263 6275
f 6315 6275 6314
f 6309 6260 6263
f 6309 6263 6315
f 6316 6317 6318
f 6316 6318 6319
f 6317 6320 6321
f 6317 6321 6318
f 6320 6322 6323
f 6320 6323 6321
f 6322 6324 6325
f 6322 6325 6323
f 6324 6326 6327
f 6324 6327 6325
f 6326 6328 6329
f 6326 6329 6327
f 6319 6318 6330
f 6319 6330 6331
f 6318 6321 6332
f 6318 6332 6330
f 6321 6323 6333
f 6321 6333 6332
f 6323 6325 6334
f 6323 6334 6333
f 6325 6327 6335
f 6325 6335 6334
f 6327 6329 6336
f 6327 6336 6335
f 6331 6330 6337
f 6331 6337 6338
f 6330 6332 6339
f 6330 6339 6337
f 6332 6333 6340
f 6332 6340 6339
f 6333 6334 6341
f 6333 6341 6340
f 6334 6335 6342
f 6334 6342 6341
f 6335 6336 6343
f 6335 6343 6342
f 6338 6337 6344
f 6338 6344 6345
f 6337 6339 6346
f 6337 6346 6344
f 6339 6340 6347
f 6339 6347 6346
f 6340 6341 6348
f 6340 6348 6347
f 6341 6342 6349
f 6341 6349 6348
f 6342 6343 6350
f 6342 6350 6349
f 6345 6344 6351
f 6345 6351 6352
f 6344 6346 6353
f 6344 6353 6351
f 6346 6347 6354
f 6346 6354 6353
f 6347 6348 6355
f 6347 6355 6354
f 6348 6349 6356
f 6348 6356 6355
f 6349 6350 6357
f 6349 6357 6356
f 6352 6351 6358
f 6352 6358 6359
f 6351 6353 6360
f 6351 6360 6358
f 6353 6354 6361
f 6353 6361 6360
f 6354 6355 6362
f 6354 6362 6361
f 6355 6356 6363
f 6355 6363 6362
f 6356 6357 6364
f 6356 6364 6363
f 4313 5045 6316
f 4313 6316 4312
f 5045 5044 6317
f 5045 6317 6316
f 5044 5043 6320
f 5044 6320 6317
f 5043 5042 6322
f 5043 6322 6320
f 5042 5041 6324
f 5042 6324 6322
f 5041 5040 6326
f 5041 6326 6324
f 5040 5039 6328
f 5040 6328 6326
f 5039 5038 6309
f 5039 6309 6328
f 6328 6309 6315
f 6328 6315 6329
f 6329 6315 6314
f 6329 6314 6336
f 6336 6314 6313
f 6336 6313 6343
f 6343 6313 6312
f 6343 6312 6350
f 6350 6312 6311
f 6350 6311 6357
f 6357 6311 6310
f 6357 6310 6364
f 6364 6310 3317
f 6364 3317 3380
f 6363 6364 3380
f 6363 3380 3379
f 6362 6363 3379
f 6362 3379 3378
f 6361 6362 3378
f 6361 3378 3377
f 6360 6361 3377
f 6360 3377 3376
f 6358 6360 3376
f 6358 3376 3375
f 6359 6358 3375
f 6359 3375 3374
f 4296 6359 3374
f 4296 3374 1239
f 4318 6352 6359
f 4318 6359 4296
f 4317 6345 6352
f 4317 6352 4318
f 4316 6338 6345
f 4316 6345 4317
f 4315 6331 6338
f 4315 6338 4316
f 4314 6319 6331
f 4314 6331 4315
f 4312 6316 6319
f 4312 6319 4314
f 6365 6366 6367
f 6365 6367 6368
f 6366 6369 6370
f 6366 6370 6367
f 6369 6371 6372
f 6369 6372 6370
f 6371 6373 6374
f 6371 6374 6372
f 6373 6375 6376
f 6373 6376 6374
f 6375 6377 6378
f 6375 6378 6376
f 6368 6367 6379
f 6368 6379 6380
f 6367 6370 6381
f 6367 6381 6379
f 6370 6372 6382
f 6370 6382 6381
f 6372 6374 6383
f 6372 6383 6382
f 6374 6376 6384
f 6374 6384 6383
f 6376 6378 6385
f 6376 6385 6384
f 6380 6379 6386
f 6380 6386 6387
f 6379 6381 6388
f 6379 6388 6386
f 6381 6382 6389
f 6381 6389 6388
f 6382 6383 6390
f 6382 6390 6389
f 6383 6384 6391
f 6383 6391 6390
f 6384 6385 6392
f 6384 6392 6391
f 6387 6386 6393
f 6387 6393 6394
f 6386 6388 6395
f 6386 6395 6393
f 6388 6389 6396
f 6388 6396 6395
f 6389 6390 6397
f 6389 6397 6396
f 6390 6391 6398
f 6390 6398 6397
f 6391 6392 6399
f 6391 6399 6398
f 6394 6393 6400
f 6394 6400 6401
f 6393 6395 6402
f 6393 6402 6400
f 6395 6396 6403
f 6395 6403 6402
f 6396 6397 6404
f 6396 6404 6403
f 6397 6398 6405
f 6397 6405 6404
f 6398 6399 6406
f 6398 6406 6405
f 6401 6400 6407
f 6401 6407 6408
f 6400 6402 6409
f 6400 6409 6407
f 6402 6403 6410
f 6402 6410 6409
f 6403 6404 6411
f 6403 6411 6410
f 6404 6405 6412
f 6404 6412 6411
f 6405 6406 6413
f 6405 6413 6412
f 4167 4246 6365
f 4167 6365 6414
f 4246 4245 6366
f 4246 6366 6365
f 4245 4244 6369
f 4245 6369 6366
f 4244 4243 6371
f 4244 6371 6369
f 4243 4242 6373
f 4243 6373 6371
f 4242 4241 6375
f 4242 6375 6373
f 4241 4240 6377
f 4241 6377 6375
f 4240 4239 6190
f 4240 6190 6377
f 6377 6190 6196
f 6377 6196 6378
f 6378 6196 6195
f 6378 6195 6385
f 6385 6195 6194
f 6385 6194 6392
f 6392 6194 6193
f 6392 6193 6399
f 6399 6193 6192
f 6399 6192 6406
f 6406 6192 6191
f 6406 6191 6413
f 6413 6191 3181
f 6413 3181 3444
f 6412 6413 3444
f 6412 3444 3443
f 6411 6412 3443
f 6411 3443 3442
f 6410 6411 3442
f 6410 3442 3441
f 6409 6410 3441
f 6409 3441 3440
f 6407 6409 3440
f 6407 3440 3439
f 6408 6407 3439
f 6408 3439 3438
f 6415 6408 3438
f 6415 3438 3437
f 6416 6401 6408
f 6416 6408 6415
f 6417 6394 6401
f 6417 6401 6416
f 6418 6387 6394
f 6418 6394 6417
f 6419 6380 6387
f 6419 6387 6418
f 6420 6368 6380
f 6420 6380 6419
f 6414 6365 6368
f 6414 6368 6420
f 6421 6422 6423
f 6421 6423 6424
f 6422 6425 6426
f 6422 6426 6423
f 6425 6427 6428
f 6425 6428 6426
f 6427 6429 6430
f 6427 6430 6428
f 6429 6431 6432
f 6429 6432 6430
f 6431 6433 6434
f 6431 6434 6432
f 6424 6423 6435
f 6424 6435 6436
f 6423 6426 6437
f 6423 6437 6435
f 6426 6428 6438
f 6426 6438 6437
f 6428 6430 6439
f 6428 6439 6438
f 6430 6432 6440
f 6430 6440 6439
f 6432 6434 6441
f 6432 6441 6440
f 6436 6435 6442
f 6436 6442 6443
f 6435 6437 6444
f 6435 6444 6442
f 6437 6438 6445
f 6437 6445 6444
f 6438 6439 6446
f 6438 6446 6445
f 6439 6440 6447
f 6439 6447 6446
f 6440 6441 6448
f 6440 6448 6447
f 6443 6442 6449
f 6443 6449 6450
f 6442 6444 6451
f 6442 6451 6449
f 6444 6445 6452
f 6444 6452 6451
f 6445 6446 6453
f 6445 6453 6452
f 6446 6447 6454
f 6446 6454 6453
f 6447 6448 6455
f 6447 6455 6454
f 6450 6449 6456
f 6450 6456 6457
f 6449 6451 6458
f 6449 6458 6456
f 6451 6452 6459
f 6451 6459 6458
f 6452 6453 6460
f 6452 6460 6459
f 6453 6454 6461
f 6453 6461 6460
f 6454 6455 6462
f 6454 6462 6461
f 6457 6456 6463
f 6457 6463 6464
f 6456 6458 6465
f 6456 6465 6463
f 6458 6459 6466
f 6458 6466 6465
f 6459 6460 6467
f 6459 6467 6466
f 6460 6461 6468
f 6460 6468 6467
f 6461 6462 6469
f 6461 6469 6468
f 4088 4174 6421
f 4088 6421 6470
f 4174 4173 6422
f 4174 6422 6421
f 4173 4172 6425
f 4173 6425 6422
f 4172 4171 6427
f 4172 6427 6425
f 4171 4170 6429
f 4171 6429 6427
f 4170 4169 6431
f 4170 6431 6429
f 4169 4168 6433
f 4169 6433 6431
f 4168 4167 6414
f 4168 6414 6433
f 6433 6414 6420
f 6433 6420 6434
f 6434 6420 6419
f 6434 6419 6441
f 6441 6419 6418
f 6441 6418 6448
f 6448 6418 6417
f 6448 6417 6455
f 6455 6417 6416
f 6455 6416 6462
f 6462 6416 6415
f 6462 6415 6469
f 6469 6415 3437
f 6469 3437 3508
f 6468 6469 3508
f 6468 3508 3507
f 6467 6468 3507
f 6467 3507 3506
f 6466 6467 3506
f 6466 3506 3505
f 6465 6466 3505
f 6465 3505 3504
f 6463 6465 3504
f 6463 3504 3503
f 6464 6463 3503
f 6464 3503 3502
f 6471 6464 3502
f 6471 3502 3501
f 6472 6457 6464
f 6472 6464 6471
f 6473 6450 6457
f 6473 6457 6472
f 6474 6443 6450
f 6474 6450 6473
f 6475 6436 6443
f 6475 6443 6474
f 6476 6424 6436
f 6476 6436 6475
f 6470 6421 6424
f 6470 6424 6476
f 6477 6478 6479
f 6477 6479 6480
f 6478 6481 6482
f 6478 6482 6479
f 6481 6483 6484
f 6481 6484 6482
f 6483 6485 6486
f 6483 6486 6484
f 6485 6487 6488
f 6485 6488 6486
f 6487 6489 6490
f 6487 6490 6488
f 6480 6479 6491
f 6480 6491 6492
f 6479 6482 6493
f 6479 6493 6491
f 6482 6484 6494
f 6482 6494 6493
f 6484 6486 6495
f 6484 6495 6494
f 6486 6488 6496
f 6486 6496 6495
f 6488 6490 6497
f 6488 6497 6496
f 6492 6491 6498
f 6492 6498 6499
f 6491 6493 6500
f 6491 6500 6498
f 6493 6494 6501
f 6493 6501 6500
f 6494 6495 6502
f 6494 6502 6501
f 6495 6496 6503
f 6495 6503 6502
f 6496 6497 6504
f 6496 6504 6503
f 6499 6498 6505
f 6499 6505 6506
f 6498 6500 6507
f 6498 6507 6505
f 6500 6501 6508
f 6500 6508 6507
f 6501 6502 6509
f 6501 6509 6508
f 6502 6503 6510
f 6502 6510 6509
f 6503 6504 6511
f 6503 6511 6510
f 6506 6505 6512
f 6506 6512 6513
f 6505 6507 6514
f 6505 6514 6512
f 6507 6508 6515
f 6507 6515 6514
f 6508 6509 6516
f 6508 6516 6515
f 6509 6510 6517
f 6509 6517 6516
f 6510 6511 6518
f 6510 6518 6517
f 6513 6512 6519
f 6513 6519 6520
f 6512 6514 6521
f 6512 6521 6519
f 6514 6515 6522
f 6514 6522 6521
f 6515 6516 6523
f 6515 6523 6522
f 6516 6517 6524
f 6516 6524 6523
f 6517 6518 6525
f 6517 6525 6524
f 4097 4095 6477
f 4097 6477 6247
f 4095 4094 6478
f 4095 6478 6477
f 4094 4093 6481
f 4094 6481 6478
f 4093 4092 6483
f 4093 6483 6481
f 4092 4091 6485
f 4092 6485 6483
f 4091 4090 6487
f 4091 6487 6485
f 4090 4089 6489
f 4090 6489 6487
f 4089 4088 6470
f 4089 6470 6489
f 6489 6470 6476
f 6489 6476 6490
f 6490 6476 6475
f 6490 6475 6497
f 6497 6475 6474
f 6497 6474 6504
f 6504 6474 6473
f 6504 6473 6511
f 6511 6473 6472
f 6511 6472 6518
f 6518 6472 6471
f 6518 6471 6525
f 6525 6471 3501
f 6525 3501 3564
f 6524 6525 3564
f 6524 3564 3563
f 6523 6524 3563
f 6523 3563 3562
f 6522 6523 3562
f 6522 3562 3561
f 6521 6522 3561
f 6521 3561 3560
f 6519 6521 3560
f 6519 3560 3559
f 6520 6519 3559
f 6520 3559 3558
f 6253 6520 3558
f 6253 3558 3253
f 6252 6513 6520
f 6252 6520 6253
f 6251 6506 6513
f 6251 6513 6252
f 6250 6499 6506
f 6250 6506 6251
f 6249 6492 6499
f 6249 6499 6250
f 6248 6480 6492
f 6248 6492 6249
f 6247 6477 6480
f 6247 6480 6248
f 6526 6527 6528
f 6526 6528 6529
f 6527 6530 6531
f 6527 6531 6528
f 6530 6532 6533
f 6530 6533 6531
f 6532 6534 6535
f 6532 6535 6533
f 6534 6536 6537
f 6534 6537 6535
f 6536 6538 6539
f 6536 6539 6537
f 6529 6528 6540
f 6529 6540 6541
f 6528 6531 6542
f 6528 6542 6540
f 6531 6533 6543
f 6531 6543 6542
f 6533 6535 6544
f 6533 6544 6543
f 6535 6537 6545
f 6535 6545 6544
f 6537 6539 6546
f 6537 6546 6545
f 6541 6540 6547
f 6541 6547 6548
f 6540 6542 6549
f 6540 6549 6547
f 6542 6543 6550
f 6542 6550 6549
f 6543 6544 6551
f 6543 6551 6550
f 6544 6545 6552
f 6544 6552 6551
f 6545 6546 6553
f 6545 6553 6552
f 6548 6547 6554
f 6548 6554 6555
f 6547 6549 6556
f 6547 6556 6554
f 6549 6550 6557
f 6549 6557 6556
f 6550 6551 6558
f 6550 6558 6557
f 6551 6552 6559
f 6551 6559 6558
f 6552 6553 6560
f 6552 6560 6559
f 6555 6554 6561
f 6555 6561 6562
f 6554 6556 6563
f 6554 6563 6561
f 6556 6557 6564
f 6556 6564 6563
f 6557 6558 6565
f 6557 6565 6564
f 6558 6559 6566
f 6558 6566 6565
f 6559 6560 6567
f 6559 6567 6566
f 6562 6561 6568
f 6562 6568 6569
f 6561 6563 6570
f 6561 6570 6568
f 6563 6564 6571
f 6563 6571 6570
f 6564 6565 6572
f 6564 6572 6571
f 6565 6566 6573
f 6565 6573 6572
f 6566 6567 6574
f 6566 6574 6573
f 5504 6575 6526
f 5504 6526 5505
f 6575 6576 6527
f 6575 6527 6526
f 6576 6577 6530
f 6576 6530 6527
f 6577 6578 6532
f 6577 6532 6530
f 6578 6579 6534
f 6578 6534 6532
f 6579 6580 6536
f 6579 6536 6534
f 6580 6581 6538
f 6580 6538 6536
f 6581 6582 6583
f 6581 6583 6538
f 6538 6583 6584
f 6538 6584 6539
f 6539 6584 6585
f 6539 6585 6546
f 6546 6585 6586
f 6546 6586 6553
f 6553 6586 6587
f 6553 6587 6560
f 6560 6587 6588
f 6560 6588 6567
f 6567 6588 6589
f 6567 6589 6574
f 6574 6589 6590
f 6574 6590 6591
f 6573 6574 6591
f 6573 6591 6592
f 6572 6573 6592
f 6572 6592 6593
f 6571 6572 6593
f 6571 6593 6594
f 6570 6571 6594
f 6570 6594 6595
f 6568 6570 6595
f 6568 6595 6596
f 6569 6568 6596
f 6569 6596 6597
f 5511 6569 6597
f 5511 6597 5512
f 5510 6562 6569
f 5510 6569 5511
f 5509 6555 6562
f 5509 6562 5510
f 5508 6548 6555
f 5508 6555 5509
f 5507 6541 6548
f 5507 6548 5508
f 5506 6529 6541
f 5506 6541 5507
f 5505 6526 6529
f 5505 6529 5506
f 6598 6599 6600
f 6598 6600 6601
f 6599 6602 6603
f 6599 6603 6600
f 6602 6604 6605
f 6602 6605 6603
f 6604 6606 6607
f 6604 6607 6605
f 6606 6608 6609
f 6606 6609 6607
f 6608 6610 6611
f 6608 6611 6609
f 6601 6600 6612
f 6601 6612 6613
f 6600 6603 6614
f 6600 6614 6612
f 6603 6605 6615
f 6603 6615 6614
f 6605 6607 6616
f 6605 6616 6615
f 6607 6609 6617
f 6607 6617 6616
f 6609 6611 6618
f 6609 6618 6617
f 6613 6612 6619
f 6613 6619 6620
f 6612 6614 6621
f 6612 6621 6619
f 6614 6615 6622
f 6614 6622 6621
f 6615 6616 6623
f 6615 6623 6622
f 6616 6617 6624
f 6616 6624 6623
f 6617 6618 6625
f 6617 6625 6624
f 6620 6619 6626
f 6620 6626 6627
f 6619 6621 6628
f 6619 6628 6626
f 6621 6622 6629
f 6621 6629 6628
f 6622 6623 6630
f 6622 6630 6629
f 6623 6624 6631
f 6623 6631 6630
f 6624 6625 6632
f 6624 6632 6631
f 6627 6626 6633
f 6627 6633 6634
f 6626 6628 6635
f 6626 6635 6633
f 6628 6629 6636
f 6628 6636 6635
f 6629 6630 6637
f 6629 6637 6636
f 6630 6631 6638
f 6630 6638 6637
f 6631 6632 6639
f 6631 6639 6638
f 6634 6633 6640
f 6634 6640 6641
f 6633 6635 6642
f 6633 6642 6640
f 6635 6636 6643
f 6635 6643 6642
f 6636 6637 6644
f 6636 6644 6643
f 6637 6638 6645
f 6637 6645 6644
f 6638 6639 6646
f 6638 6646 6645
f 5585 6647 6598
f 5585 6598 5586
f 6647 6648 6599
f 6647 6599 6598
f 6648 6649 6602
f 6648 6602 6599
f 6649 6650 6604
f 6649 6604 6602
f 6650 6651 6606
f 6650 6606 6604
f 6651 6652 6608
f 6651 6608 6606
f 6652 6653 6610
f 6652 6610 6608
f 6653 5512 6597
f 6653 6597 6610
f 6610 6597 6596
f 6610 6596 6611
f 6611 6596 6595
f 6611 6595 6618
f 6618 6595 6594
f 6618 6594 6625
f 6625 6594 6593
f 6625 6593 6632
f 6632 6593 6592
f 6632 6592 6639
f 6639 6592 6591
f 6639 6591 6646
f 6646 6591 6590
f 6646 6590 6654
f 6645 6646 6654
f 6645 6654 6655
f 6644 6645 6655
f 6644 6655 6656
f 6643 6644 6656
f 6643 6656 6657
f 6642 6643 6657
f 6642 6657 6658
f 6640 6642 6658
f 6640 6658 6659
f 6641 6640 6659
f 6641 6659 6660
f 5592 6641 6660
f 5592 6660 5593
f 5591 6634 6641
f 5591 6641 5592
f 5590 6627 6634
f 5590 6634 5591
f 5589 6620 6627
f 5589 6627 5590
f 5588 6613 6620
f 5588 6620 5589
f 5587 6601 6613
f 5587 6613 5588
f 5586 6598 6601
f 5586 6601 5587
f 6661 6662 6663
f 6661 6663 6664
f 6662 6665 6666
f 6662 6666 6663
f 6665 6667 6668
f 6665 6668 6666
f 6667 6669 6670
f 6667 6670 6668
f 6669 6671 6672
f 6669 6672 6670
f 6671 6673 6674
f 6671 6674 6672
f 6664 6663 6675
f 6664 6675 6676
f 6663 6666 6677
f 6663 6677 6675
f 6666 6668 6678
f 6666 6678 6677
f 6668 6670 6679
f 6668 6679 6678
f 6670 6672 6680
f 6670 6680 6679
f 6672 6674 6681
f 6672 6681 6680
f 6676 6675 6682
f 6676 6682 6683
f 6675 6677 6684
f 6675 6684 6682
f 6677 6678 6685
f 6677 6685 6684
f 6678 6679 6686
f 6678 6686 6685
f 6679 6680 6687
f 6679 6687 6686
f 6680 6681 6688
f 6680 6688 6687
f 6683 6682 6689
f 6683 6689 6690
f 6682 6684 6691
f 6682 6691 6689
f 6684 6685 6692
f 6684 6692 6691
f 6685 6686 6693
f 6685 6693 6692
f 6686 6687 6694
f 6686 6694 6693
f 6687 6688 6695
f 6687 6695 6694
f 6690 6689 6696
f 6690 6696 6697
f 6689 6691 6698
f 6689 6698 6696
f 6691 6692 6699
f 6691 6699 6698
f 6692 6693 6700
f 6692 6700 6699
f 6693 6694 6701
f 6693 6701 6700
f 6694 6695 6702
f 6694 6702 6701
f 6697 6696 6703
f 6697 6703 6704
f 6696 6698 6705
f 6696 6705 6703
f 6698 6699 6706
f 6698 6706 6705
f 6699 6700 6707
f 6699 6707 6706
f 6700 6701 6708
f 6700 6708 6707
f 6701 6702 6709
f 6701 6709 6708
f 5665 5664 6661
f 5665 6661 6710
f 5664 5663 6662
f 5664 6662 6661
f 5663 5662 6665
f 5663 6665 6662
f 5662 5661 6667
f 5662 6667 6665
f 5661 5660 6669
f 5661 6669 6667
f 5660 5659 6671
f 5660 6671 6669
f 5659 5658 6673
f 5659 6673 6671
f 5658 5593 6660
f 5658 6660 6673
f 6673 6660 6659
f 6673 6659 6674
f 6674 6659 6658
f 6674 6658 6681
f 6681 6658 6657
f 6681 6657 6688
f 6688 6657 6656
f 6688 6656 6695
f 6695 6656 6655
f 6695 6655 6702
f 6702 6655 6654
f 6702 6654 6709
f 6709 6654 6590
f 6709 6590 6711
f 6708 6709 6711
f 6708 6711 6712
f 6707 6708 6712
f 6707 6712 6713
f 6706 6707 6713
f 6706 6713 6714
f 6705 6706 6714
f 6705 6714 6715
f 6703 6705 6715
f 6703 6715 6716
f 6704 6703 6716
f 6704 6716 6717
f 6718 6704 6717
f 6718 6717 5423
f 6719 6697 6704
f 6719 6704 6718
f 6720 6690 6697
f 6720 6697 6719
f 6721 6683 6690
f 6721 6690 6720
f 6722 6676 6683
f 6722 6683 6721
f 6723 6664 6676
f 6723 6676 6722
f 6710 6661 6664
f 6710 6664 6723
f 6724 6725 6726
f 6724 6726 6727
f 6725 6728 6729
f 6725 6729 6726
f 6728 6730 6731
f 6728 6731 6729
f 6730 6732 6733
f 6730 6733 6731
f 6732 6734 6735
f 6732 6735 6733
f 6734 6736 6737
f 6734 6737 6735
f 6727 6726 6738
f 6727 6738 6739
f 6726 6729 6740
f 6726 6740 6738
f 6729 6731 6741
f 6729 6741 6740
f 6731 6733 6742
f 6731 6742 6741
f 6733 6735 6743
f 6733 6743 6742
f 6735 6737 6744
f 6735 6744 6743
f 6739 6738 6745
f 6739 6745 6746
f 6738 6740 6747
f 6738 6747 6745
f 6740 6741 6748
f 6740 6748 6747
f 6741 6742 6749
f 6741 6749 6748
f 6742 6743 6750
f 6742 6750 6749
f 6743 6744 6751
f 6743 6751 6750
f 6746 6745 6752
f 6746 6752 6753
f 6745 6747 6754
f 6745 6754 6752
f 6747 6748 6755
f 6747 6755 6754
f 6748 6749 6756
f 6748 6756 6755
f 6749 6750 6757
f 6749 6757 6756
f 6750 6751 6758
f 6750 6758 6757
f 6753 6752 6759
f 6753 6759 6760
f 6752 6754 6761
f 6752 6761 6759
f 6754 6755 6762
f 6754 6762 6761
f 6755 6756 6763
f 6755 6763 6762
f 6756 6757 6764
f 6756 6764 6763
f 6757 6758 6765
f 6757 6765 6764
f 6760 6759 6766
f 6760 6766 6767
f 6759 6761 6768
f 6759 6768 6766
f 6761 6762 6769
f 6761 6769 6768
f 6762 6763 6770
f 6762 6770 6769
f 6763 6764 6771
f 6763 6771 6770
f 6764 6765 6772
f 6764 6772 6771
f 5431 5430 6724
f 5431 6724 6773
f 5430 5429 6725
f 5430 6725 6724
f 5429 5428 6728
f 5429 6728 6725
f 5428 5427 6730
f 5428 6730 6728
f 5427 5426 6732
f 5427 6732 6730
f 5426 5425 6734
f 5426 6734 6732
f 5425 5424 6736
f 5425 6736 6734
f 5424 5423 6717
f 5424 6717 6736
f 6736 6717 6716
f 6736 6716 6737
f 6737 6716 6715
f 6737 6715 6744
f 6744 6715 6714
f 6744 6714 6751
f 6751 6714 6713
f 6751 6713 6758
f 6758 6713 6712
f 6758 6712 6765
f 6765 6712 6711
f 6765 6711 6772
f 6772 6711 6590
f 6772 6590 6589
f 6771 6772 6589
f 6771 6589 6588
f 6770 6771 6588
f 6770 6588 6587
f 6769 6770 6587
f 6769 6587 6586
f 6768 6769 6586
f 6768 6586 6585
f 6766 6768 6585
f 6766 6585 6584
f 6767 6766 6584
f 6767 6584 6583
f 6774 6767 6583
f 6774 6583 6582
f 6775 6760 6767
f 6775 6767 6774
f 6776 6753 6760
f 6776 6760 6775
f 6777 6746 6753
f 6777 6753 6776
f 6778 6739 6746
f 6778 6746 6777
f 6779 6727 6739
f 6779 6739 6778
f 6773 6724 6727
f 6773 6727 6779
f 6780 6781 6782
f 6780 6782 6783
f 6781 6784 6785
f 6781 6785 6782
f 6784 6786 6787
f 6784 6787 6785
f 6786 6788 6789
f 6786 6789 6787
f 6788 6790 6791
f 6788 6791 6789
f 6790 6792 6793
f 6790 6793 6791
f 6783 6782 6794
f 6783 6794 6795
f 6782 6785 6796
f 6782 6796 6794
f 6785 6787 6797
f 6785 6797 6796
f 6787 6789 6798
f 6787 6798 6797
f 6789 6791 6799
f 6789 6799 6798
f 6791 6793 6800
f 6791 6800 6799
f 6795 6794 6801
f 6795 6801 6802
f 6794 6796 6803
f 6794 6803 6801
f 6796 6797 6804
f 6796 6804 6803
f 6797 6798 6805
f 6797 6805 6804
f 6798 6799 6806
f 6798 6806 6805
f 6799 6800 6807
f 6799 6807 6806
f 6802 6801 6808
f 6802 6808 6809
f 6801 6803 6810
f 6801 6810 6808
f 6803 6804 6811
f 6803 6811 6810
f 6804 6805 6812
f 6804 6812 6811
f 6805 6806 6813
f 6805 6813 6812
f 6806 6807 6814
f 6806 6814 6813
f 6809 6808 6815
f 6809 6815 6816
f 6808 6810 6817
f 6808 6817 6815
f 6810 6811 6818
f 6810 6818 6817
f 6811 6812 6819
f 6811 6819 6818
f 6812 6813 6820
f 6812 6820 6819
f 6813 6814 6821
f 6813 6821 6820
f 6816 6815 6822
f 6816 6822 6823
f 6815 6817 6824
f 6815 6824 6822
f 6817 6818 6825
f 6817 6825 6824
f 6818 6819 6826
f 6818 6826 6825
f 6819 6820 6827
f 6819 6827 6826
f 6820 6821 6828
f 6820 6828 6827
f 5674 5672 6780
f 5674 6780 5859
f 5672 5671 6781
f 5672 6781 6780
f 5671 5670 6784
f 5671 6784 6781
f 5670 5669 6786
f 5670 6786 6784
f 5669 5668 6788
f 5669 6788 6786
f 5668 5667 6790
f 5668 6790 6788
f 5667 5666 6792
f 5667 6792 6790
f 5666 5665 6710
f 5666 6710 6792
f 6792 6710 6723
f 6792 6723 6793
f 6793 6723 6722
f 6793 6722 6800
f 6800 6722 6721
f 6800 6721 6807
f 6807 6721 6720
f 6807 6720 6814
f 6814 6720 6719
f 6814 6719 6821
f 6821 6719 6718
f 6821 6718 6828
f 6828 6718 5423
f 6828 5423 5422
f 6827 6828 5422
f 6827 5422 5421
f 6826 6827 5421
f 6826 5421 5420
f 6825 6826 5420
f 6825 5420 5419
f 6824 6825 5419
f 6824 5419 5418
f 6822 6824 5418
f 6822 5418 5417
f 6823 6822 5417
f 6823 5417 5415
f 5866 6823 5415
f 5866 5415 5414
f 5867 6816 6823
f 5867 6823 5866
f 5868 6809 6816
f 5868 6816 5867
f 5863 6802 6809
f 5863 6809 5868
f 5862 6795 6802
f 5862 6802 5863
f 5861 6783 6795
f 5861 6795 5862
f 5859 6780 6783
f 5859 6783 5861
f 6829 6830 6831
f 6829 6831 6832
f 6830 6833 6834
f 6830 6834 6831
f 6833 6835 6836
f 6833 6836 6834
f 6835 6837 6838
f 6835 6838 6836
f 6837 6839 6840
f 6837 6840 6838
f 6839 6841 6842
f 6839 6842 6840
f 6832 6831 6843
f 6832 6843 6844
f 6831 6834 6845
f 6831 6845 6843
f 6834 6836 6846
f 6834 6846 6845
f 6836 6838 6847
f 6836 6847 6846
f 6838 6840 6848
f 6838 6848 6847
f 6840 6842 6849
f 6840 6849 6848
f 6844 6843 6850
f 6844 6850 6851
f 6843 6845 6852
f 6843 6852 6850
f 6845 6846 6853
f 6845 6853 6852
f 6846 6847 6854
f 6846 6854 6853
f 6847 6848 6855
f 6847 6855 6854
f 6848 6849 6856
f 6848 6856 6855
f 6851 6850 6857
f 6851 6857 6858
f 6850 6852 6859
f 6850 6859 6857
f 6852 6853 6860
f 6852 6860 6859
f 6853 6854 6861
f 6853 6861 6860
f 6854 6855 6862
f 6854 6862 6861
f 6855 6856 6863
f 6855 6863 6862
f 6858 6857 6864
f 6858 6864 6865
f 6857 6859 6866
f 6857 6866 6864
f 6859 6860 6867
f 6859 6867 6866
f 6860 6861 6868
f 6860 6868 6867
f 6861 6862 6869
f 6861 6869 6868
f 6862 6863 6870
f 6862 6870 6869
f 6865 6864 6871
f 6865 6871 6872
f 6864 6866 6873
f 6864 6873 6871
f 6866 6867 6874
f 6866 6874 6873
f 6867 6868 6875
f 6867 6875 6874
f 6868 6869 6876
f 6868 6876 6875
f 6869 6870 6877
f 6869 6877 6876
f 5521 5519 6829
f 5521 6829 6026
f 5519 5518 6830
f 5519 6830 6829
f 5518 5517 6833
f 5518 6833 6830
f 5517 5516 6835
f 5517 6835 6833
f 5516 5515 6837
f 5516 6837 6835
f 5515 5514 6839
f 5515 6839 6837
f 5514 5513 6841
f 5514 6841 6839
f 5513 5512 6653
f 5513 6653 6841
f 6841 6653 6652
f 6841 6652 6842
f 6842 6652 6651
f 6842 6651 6849
f 6849 6651 6650
f 6849 6650 6856
f 6856 6650 6649
f 6856 6649 6863
f 6863 6649 6648
f 6863 6648 6870
f 6870 6648 6647
f 6870 6647 6877
f 6877 6647 5585
f 6877 5585 5584
f 6876 6877 5584
f 6876 5584 5583
f 6875 6876 5583
f 6875 5583 5582
f 6874 6875 5582
f 6874 5582 5581
f 6873 6874 5581
f 6873 5581 5580
f 6871 6873 5580
f 6871 5580 5579
f 6872 6871 5579
f 6872 5579 5577
f 6022 6872 5577
f 6022 5577 5576
f 6023 6865 6872
f 6023 6872 6022
f 6024 6858 6865
f 6024 6865 6023
f 6025 6851 6858
f 6025 6858 6024
f 6028 6844 6851
f 6028 6851 6025
f 6027 6832 6844
f 6027 6844 6028
f 6026 6829 6832
f 6026 6832 6027
f 6878 6879 6880
f 6878 6880 6881
f 6879 6882 6883
f 6879 6883 6880
f 6882 6884 6885
f 6882 6885 6883
f 6884 6886 6887
f 6884 6887 6885
f 6886 6888 6889
f 6886 6889 6887
f 6888 6890 6891
f 6888 6891 6889
f 6881 6880 6892
f 6881 6892 6893
f 6880 6883 6894
f 6880 6894 6892
f 6883 6885 6895
f 6883 6895 6894
f 6885 6887 6896
f 6885 6896 6895
f 6887 6889 6897
f 6887 6897 6896
f 6889 6891 6898
f 6889 6898 6897
f 6893 6892 6899
f 6893 6899 6900
f 6892 6894 6901
f 6892 6901 6899
f 6894 6895 6902
f 6894 6902 6901
f 6895 6896 6903
f 6895 6903 6902
f 6896 6897 6904
f 6896 6904 6903
f 6897 6898 6905
f 6897 6905 6904
f 6900 6899 6906
f 6900 6906 6907
f 6899 6901 6908
f 6899 6908 6906
f 6901 6902 6909
f 6901 6909 6908
f 6902 6903 6910
f 6902 6910 6909
f 6903 6904 6911
f 6903 6911 6910
f 6904 6905 6912
f 6904 6912 6911
f 6907 6906 6913
f 6907 6913 6914
f 6906 6908 6915
f 6906 6915 6913
f 6908 6909 6916
f 6908 6916 6915
f 6909 6910 6917
f 6909 6917 6916
f 6910 6911 6918
f 6910 6918 6917
f 6911 6912 6919
f 6911 6919 6918
f 6914 6913 6920
f 6914 6920 6921
f 6913 6915 6922
f 6913 6922 6920
f 6915 6916 6923
f 6915 6923 6922
f 6916 6917 6924
f 6916 6924 6923
f 6917 6918 6925
f 6917 6925 6924
f 6918 6919 6926
f 6918 6926 6925
f 5440 5438 6878
f 5440 6878 5757
f 5438 5437 6879
f 5438 6879 6878
f 5437 5436 6882
f 5437 6882 6879
f 5436 5435 6884
f 5436 6884 6882
f 5435 5434 6886
f 5435 6886 6884
f 5434 5433 6888
f 5434 6888 6886
f 5433 5432 6890
f 5433 6890 6888
f 5432 5431 6773
f 5432 6773 6890
f 6890 6773 6779
f 6890 6779 6891
f 6891 6779 6778
f 6891 6778 6898
f 6898 6778 6777
f 6898 6777 6905
f 6905 6777 6776
f 6905 6776 6912
f 6912 6776 6775
f 6912 6775 6919
f 6919 6775 6774
f 6919 6774 6926
f 6926 6774 6582
f 6926 6582 6927
f 6925 6926 6927
f 6925 6927 6928
f 6924 6925 6928
f 6924 6928 6929
f 6923 6924 6929
f 6923 6929 6930
f 6922 6923 6930
f 6922 6930 6931
f 6920 6922 6931
f 6920 6931 6932
f 6921 6920 6932
f 6921 6932 6933
f 5766 6921 6933
f 5766 6933 5764
f 5770 6914 6921
f 5770 6921 5766
f 5771 6907 6914
f 5771 6914 5770
f 5761 6900 6907
f 5761 6907 5771
f 5760 6893 6900
f 5760 6900 5761
f 5759 6881 6893
f 5759 6893 5760
f 5757 6878 6881
f 5757 6881 5759
f 6934 6935 6936
f 6934 6936 6937
f 6935 6938 6939
f 6935 6939 6936
f 6938 6940 6941
f 6938 6941 6939
f 6940 6942 6943
f 6940 6943 6941
f 6942 6944 6945
f 6942 6945 6943
f 6944 6946 6947
f 6944 6947 6945
f 6937 6936 6948
f 6937 6948 6949
f 6936 6939 6950
f 6936 6950 6948
f 6939 6941 6951
f 6939 6951 6950
f 6941 6943 6952
f 6941 6952 6951
f 6943 6945 6953
f 6943 6953 6952
f 6945 6947 6954
f 6945 6954 6953
f 6949 6948 6955
f 6949 6955 6956
f 6948 6950 6957
f 6948 6957 6955
f 6950 6951 6958
f 6950 6958 6957
f 6951 6952 6959
f 6951 6959 6958
f 6952 6953 6960
f 6952 6960 6959
f 6953 6954 6961
f 6953 6961 6960
f 6956 6955 6962
f 6956 6962 6963
f 6955 6957 6964
f 6955 6964 6962
f 6957 6958 6965
f 6957 6965 6964
f 6958 6959 6966
f 6958 6966 6965
f 6959 6960 6967
f 6959 6967 6966
f 6960 6961 6968
f 6960 6968 6967
f 6963 6962 6969
f 6963 6969 6970
f 6962 6964 6971
f 6962 6971 6969
f 6964 6965 6972
f 6964 6972 6971
f 6965 6966 6973
f 6965 6973 6972
f 6966 6967 6974
f 6966 6974 6973
f 6967 6968 6975
f 6967 6975 6974
f 6970 6969 6976
f 6970 6976 6977
f 6969 6971 6978
f 6969 6978 6976
f 6971 6972 6979
f 6971 6979 6978
f 6972 6973 6980
f 6972 6980 6979
f 6973 6974 6981
f 6973 6981 6980
f 6974 6975 6982
f 6974 6982 6981
f 5764 6933 6934
f 5764 6934 5765
f 6933 6932 6935
f 6933 6935 6934
f 6932 6931 6938
f 6932 6938 6935
f 6931 6930 6940
f 6931 6940 6938
f 6930 6929 6942
f 6930 6942 6940
f 6929 6928 6944
f 6929 6944 6942
f 6928 6927 6946
f 6928 6946 6944
f 6927 6582 6581
f 6927 6581 6946
f 6946 6581 6580
f 6946 6580 6947
f 6947 6580 6579
f 6947 6579 6954
f 6954 6579 6578
f 6954 6578 6961
f 6961 6578 6577
f 6961 6577 6968
f 6968 6577 6576
f 6968 6576 6975
f 6975 6576 6575
f 6975 6575 6982
f 6982 6575 5504
f 6982 5504 5503
f 6981 6982 5503
f 6981 5503 5502
f 6980 6981 5502
f 6980 5502 5501
f 6979 6980 5501
f 6979 5501 5500
f 6978 6979 5500
f 6978 5500 5499
f 6976 6978 5499
f 6976 5499 5498
f 6977 6976 5498
f 6977 5498 5496
f 5773 6977 5496
f 5773 5496 5495
f 5777 6970 6977
f 5777 6977 5773
f 5778 6963 6970
f 5778 6970 5777
f 5769 6956 6963
f 5769 6963 5778
f 5768 6949 6956
f 5768 6956 5769
f 5767 6937 6949
f 5767 6949 5768
f 5765 6934 6937
f 5765 6937 5767
