iteration,tag,value
0,Curriculum/terrain_levels,3.5232443809509277
0,Episode_Reward/action_rate_l2,-0.006340572144836187
0,Episode_Reward/ang_vel_xy_l2,-0.001487433910369873
0,Episode_Reward/dof_acc_l2,-0.008659172803163528
0,Episode_Reward/dof_pos_limits,0.0
0,Episode_Reward/dof_torques_l2,-0.013980667106807232
0,Episode_Reward/feet_air_time,-0.00017508484597783536
0,Episode_Reward/flat_orientation_l2,0.0
0,Episode_Reward/lin_vel_z_l2,-0.018369438126683235
0,Episode_Reward/track_ang_vel_z_exp,0.0020642613526433706
0,Episode_Reward/track_lin_vel_xy_exp,0.0032274804543703794
0,Episode_Reward/undesired_contacts,-0.00023412701557390392
0,Episode_Termination/base_contact,0.0
0,Episode_Termination/time_out,0.01118977926671505
0,Loss/entropy,36.90674591064453
0,Loss/learning_rate,5.852766480529681e-05
0,Loss/surrogate,0.011859867721796036
0,Loss/value,0.3040945827960968
0,Metrics/base_velocity/error_vel_xy,0.7430285215377808
0,Metrics/base_velocity/error_vel_yaw,0.642891526222229
0,Metrics/success_rate,0.11388888955116272
0,Perf/collection_time,5.781826496124268
0,Perf/learning_time,0.5462706089019775
0,Perf/total_fps,15534.0
0,Policy/mean_std,1.000544786453247
0,Train/mean_episode_length,13.421052932739258
0,Train/mean_reward,-0.9458468556404114
6,Train/mean_episode_length/time,13.421052932739258
6,Train/mean_reward/time,-0.9458468556404114
94,Curriculum/terrain_levels,1.6121419668197632
94,Episode_Reward/action_rate_l2,-0.25508978962898254
94,Episode_Reward/ang_vel_xy_l2,-0.026253705844283104
94,Episode_Reward/dof_acc_l2,-0.25701168179512024
94,Episode_Reward/dof_pos_limits,0.0
94,Episode_Reward/dof_torques_l2,-0.8442405462265015
94,Episode_Reward/feet_air_time,-0.008487476967275143
94,Episode_Reward/flat_orientation_l2,0.0
94,Episode_Reward/lin_vel_z_l2,-0.07387092709541321
94,Episode_Reward/track_ang_vel_z_exp,0.19004616141319275
94,Episode_Reward/track_lin_vel_xy_exp,0.34917378425598145
94,Episode_Reward/undesired_contacts,-0.03146100789308548
94,Episode_Termination/base_contact,0.000244140625
94,Episode_Termination/time_out,0.999755859375
94,Loss/entropy,23.46063232421875
94,Loss/learning_rate,0.0006666666595265269
94,Loss/surrogate,-0.0091056227684021
94,Loss/value,0.010676867328584194
94,Metrics/base_velocity/error_vel_xy,0.578300952911377
94,Metrics/base_velocity/error_vel_yaw,0.6158229112625122
94,Metrics/success_rate,0.03611111268401146
94,Perf/collection_time,4.523349761962891
94,Perf/learning_time,0.20984625816345215
94,Perf/total_fps,20769.0
94,Policy/mean_std,0.6512895822525024
94,Train/mean_episode_length,1000.0
94,Train/mean_reward,-18.85134506225586
188,Curriculum/terrain_levels,0.4656779170036316
188,Episode_Reward/action_rate_l2,-0.18011316657066345
188,Episode_Reward/ang_vel_xy_l2,-0.009062591940164566
188,Episode_Reward/dof_acc_l2,-0.14791615307331085
188,Episode_Reward/dof_pos_limits,0.0
188,Episode_Reward/dof_torques_l2,-0.5631124973297119
188,Episode_Reward/feet_air_time,-0.008679195307195187
188,Episode_Reward/flat_orientation_l2,0.0
188,Episode_Reward/lin_vel_z_l2,-0.041763242334127426
188,Episode_Reward/track_ang_vel_z_exp,0.1466856747865677
188,Episode_Reward/track_lin_vel_xy_exp,0.4276040494441986
188,Episode_Reward/undesired_contacts,-0.014477702789008617
188,Episode_Termination/base_contact,0.0
188,Episode_Termination/time_out,1.0
188,Loss/entropy,16.486671447753906
188,Loss/learning_rate,0.00019753086962737143
188,Loss/surrogate,-0.006299172528088093
188,Loss/value,0.010054748505353928
188,Metrics/base_velocity/error_vel_xy,0.504743218421936
188,Metrics/base_velocity/error_vel_yaw,0.6924551725387573
188,Metrics/success_rate,0.08338294923305511
188,Perf/collection_time,4.46936559677124
188,Perf/learning_time,0.21297359466552734
188,Perf/total_fps,20994.0
188,Policy/mean_std,0.5547642111778259
188,Train/mean_episode_length,1000.0
188,Train/mean_reward,-7.889376163482666
282,Curriculum/terrain_levels,0.0469869002699852
282,Episode_Reward/action_rate_l2,-0.16119180619716644
282,Episode_Reward/ang_vel_xy_l2,-0.0071085668168962
282,Episode_Reward/dof_acc_l2,-0.1392163634300232
282,Episode_Reward/dof_pos_limits,0.0
282,Episode_Reward/dof_torques_l2,-0.4778467118740082
282,Episode_Reward/feet_air_time,-0.008010459132492542
282,Episode_Reward/flat_orientation_l2,0.0
282,Episode_Reward/lin_vel_z_l2,-0.04405141621828079
282,Episode_Reward/track_ang_vel_z_exp,0.17041903734207153
282,Episode_Reward/track_lin_vel_xy_exp,0.4516115188598633
282,Episode_Reward/undesired_contacts,-0.01496678963303566
282,Episode_Termination/base_contact,0.0
282,Episode_Termination/time_out,1.0
282,Loss/entropy,13.74028491973877
282,Loss/learning_rate,0.00019753086962737143
282,Loss/surrogate,-0.0059819468297064304
282,Loss/value,0.011252661235630512
282,Metrics/base_velocity/error_vel_xy,0.4917890429496765
282,Metrics/base_velocity/error_vel_yaw,0.6482021808624268
282,Metrics/success_rate,0.08472222089767456
282,Perf/collection_time,5.282870769500732
282,Perf/learning_time,0.20000100135803223
282,Perf/total_fps,17929.0
282,Policy/mean_std,0.5254908800125122
282,Train/mean_episode_length,1000.0
282,Train/mean_reward,-4.777223587036133
376,Curriculum/terrain_levels,0.01220703125
376,Episode_Reward/action_rate_l2,-0.15560641884803772
376,Episode_Reward/ang_vel_xy_l2,-0.008362245745956898
376,Episode_Reward/dof_acc_l2,-0.1406925916671753
376,Episode_Reward/dof_pos_limits,0.0
376,Episode_Reward/dof_torques_l2,-0.43719300627708435
376,Episode_Reward/feet_air_time,-0.007426664233207703
376,Episode_Reward/flat_orientation_l2,0.0
376,Episode_Reward/lin_vel_z_l2,-0.052638422697782516
376,Episode_Reward/track_ang_vel_z_exp,0.16304124891757965
376,Episode_Reward/track_lin_vel_xy_exp,0.5113717317581177
376,Episode_Reward/undesired_contacts,-0.008621672168374062
376,Episode_Termination/base_contact,0.0
376,Episode_Termination/time_out,1.0
376,Loss/entropy,12.22705364227295
376,Loss/learning_rate,0.0002962962898891419
376,Loss/surrogate,-0.003745047142729163
376,Loss/value,0.011244150809943676
376,Metrics/base_velocity/error_vel_xy,0.4375436305999756
376,Metrics/base_velocity/error_vel_yaw,0.6653395891189575
376,Metrics/success_rate,0.10868054628372192
376,Perf/collection_time,4.81303596496582
376,Perf/learning_time,0.19797205924987793
376,Perf/total_fps,19617.0
376,Policy/mean_std,0.5105677247047424
376,Train/mean_episode_length,1000.0
376,Train/mean_reward,-2.817049503326416
470,Curriculum/terrain_levels,0.0244547538459301
470,Episode_Reward/action_rate_l2,-0.15205183625221252
470,Episode_Reward/ang_vel_xy_l2,-0.008188575506210327
470,Episode_Reward/dof_acc_l2,-0.1360144466161728
470,Episode_Reward/dof_pos_limits,0.0
470,Episode_Reward/dof_torques_l2,-0.391986608505249
470,Episode_Reward/feet_air_time,-0.006966892164200544
470,Episode_Reward/flat_orientation_l2,0.0
470,Episode_Reward/lin_vel_z_l2,-0.04913514852523804
470,Episode_Reward/track_ang_vel_z_exp,0.16458673775196075
470,Episode_Reward/track_lin_vel_xy_exp,0.504249095916748
470,Episode_Reward/undesired_contacts,-0.015635328367352486
470,Episode_Termination/base_contact,0.000244140625
470,Episode_Termination/time_out,0.999755859375
470,Loss/entropy,11.40738582611084
470,Loss/learning_rate,0.00019753086962737143
470,Loss/surrogate,-0.00606675585731864
470,Loss/value,0.012458297424018383
470,Metrics/base_velocity/error_vel_xy,0.44981345534324646
470,Metrics/base_velocity/error_vel_yaw,0.6538207530975342
470,Metrics/success_rate,0.07290013879537582
470,Perf/collection_time,4.782966613769531
470,Perf/learning_time,0.1869213581085205
470,Perf/total_fps,19779.0
470,Policy/mean_std,0.5037996172904968
470,Train/mean_episode_length,1000.0
470,Train/mean_reward,-0.8709615468978882
523,Train/mean_episode_length/time,1000.0
523,Train/mean_reward/time,-18.85134506225586
564,Curriculum/terrain_levels,0.037445068359375
564,Episode_Reward/action_rate_l2,-0.15024743974208832
564,Episode_Reward/ang_vel_xy_l2,-0.007986730895936489
564,Episode_Reward/dof_acc_l2,-0.11992047727108002
564,Episode_Reward/dof_pos_limits,0.0
564,Episode_Reward/dof_torques_l2,-0.38875091075897217
564,Episode_Reward/feet_air_time,-0.006914781406521797
564,Episode_Reward/flat_orientation_l2,0.0
564,Episode_Reward/lin_vel_z_l2,-0.04785069450736046
564,Episode_Reward/track_ang_vel_z_exp,0.17461606860160828
564,Episode_Reward/track_lin_vel_xy_exp,0.49016135931015015
564,Episode_Reward/undesired_contacts,-0.03314065560698509
564,Episode_Termination/base_contact,0.00018310546875
564,Episode_Termination/time_out,0.99981689453125
564,Loss/entropy,10.682286262512207
564,Loss/learning_rate,8.77914935699664e-05
564,Loss/surrogate,-0.003566805273294449
564,Loss/value,0.011931350454688072
564,Metrics/base_velocity/error_vel_xy,0.46730947494506836
564,Metrics/base_velocity/error_vel_yaw,0.6325668096542358
564,Metrics/success_rate,0.0719246119260788
564,Perf/collection_time,4.765751838684082
564,Perf/learning_time,0.18509936332702637
564,Perf/total_fps,19855.0
564,Policy/mean_std,0.4974563717842102
564,Train/mean_episode_length,995.5700073242188
564,Train/mean_reward,-1.9110037088394165
658,Curriculum/terrain_levels,0.0515543632209301
658,Episode_Reward/action_rate_l2,-0.1474304050207138
658,Episode_Reward/ang_vel_xy_l2,-0.006594634614884853
658,Episode_Reward/dof_acc_l2,-0.10743451118469238
658,Episode_Reward/dof_pos_limits,0.0
658,Episode_Reward/dof_torques_l2,-0.3570646643638611
658,Episode_Reward/feet_air_time,-0.0068144416436553
658,Episode_Reward/flat_orientation_l2,0.0
658,Episode_Reward/lin_vel_z_l2,-0.04308609291911125
658,Episode_Reward/track_ang_vel_z_exp,0.19278287887573242
658,Episode_Reward/track_lin_vel_xy_exp,0.5072715282440186
658,Episode_Reward/undesired_contacts,-0.016921469941735268
658,Episode_Termination/base_contact,0.0029195151291787624
658,Episode_Termination/time_out,0.9970805048942566
658,Loss/entropy,10.22890853881836
658,Loss/learning_rate,0.00019753086962737143
658,Loss/surrogate,-0.0052201817743480206
658,Loss/value,0.012100419029593468
658,Metrics/base_velocity/error_vel_xy,0.4444851279258728
658,Metrics/base_velocity/error_vel_yaw,0.5974293947219849
658,Metrics/success_rate,0.1927083432674408
658,Perf/collection_time,4.982871055603027
658,Perf/learning_time,0.21380949020385742
658,Perf/total_fps,18916.0
658,Policy/mean_std,0.4942413866519928
658,Train/mean_episode_length,995.9199829101562
658,Train/mean_reward,0.43949541449546814
752,Curriculum/terrain_levels,0.0419820174574852
752,Episode_Reward/action_rate_l2,-0.14689426124095917
752,Episode_Reward/ang_vel_xy_l2,-0.007383403833955526
752,Episode_Reward/dof_acc_l2,-0.11078068614006042
752,Episode_Reward/dof_pos_limits,0.0
752,Episode_Reward/dof_torques_l2,-0.348747193813324
752,Episode_Reward/feet_air_time,-0.006676390767097473
752,Episode_Reward/flat_orientation_l2,0.0
752,Episode_Reward/lin_vel_z_l2,-0.04542873054742813
752,Episode_Reward/track_ang_vel_z_exp,0.18556484580039978
752,Episode_Reward/track_lin_vel_xy_exp,0.5262154340744019
752,Episode_Reward/undesired_contacts,-0.007689084392040968
752,Episode_Termination/base_contact,0.002197265625
752,Episode_Termination/time_out,0.997802734375
752,Loss/entropy,9.795859336853027
752,Loss/learning_rate,8.77914935699664e-05
752,Loss/surrogate,-0.004216733388602734
752,Loss/value,0.013112939894199371
752,Metrics/base_velocity/error_vel_xy,0.4453890323638916
752,Metrics/base_velocity/error_vel_yaw,0.6177157163619995
752,Metrics/success_rate,0.13164684176445007
752,Perf/collection_time,4.730978965759277
752,Perf/learning_time,0.18808794021606445
752,Perf/total_fps,19984.0
752,Policy/mean_std,0.48936134576797485
752,Train/mean_episode_length,1000.0
752,Train/mean_reward,1.1376581192016602
846,Curriculum/terrain_levels,0.0491739921271801
846,Episode_Reward/action_rate_l2,-0.14417308568954468
846,Episode_Reward/ang_vel_xy_l2,-0.007221445441246033
846,Episode_Reward/dof_acc_l2,-0.09564553201198578
846,Episode_Reward/dof_pos_limits,0.0
846,Episode_Reward/dof_torques_l2,-0.3461143672466278
846,Episode_Reward/feet_air_time,-0.0064999377354979515
846,Episode_Reward/flat_orientation_l2,0.0
846,Episode_Reward/lin_vel_z_l2,-0.043655674904584885
846,Episode_Reward/track_ang_vel_z_exp,0.2186165153980255
846,Episode_Reward/track_lin_vel_xy_exp,0.5417635440826416
846,Episode_Reward/undesired_contacts,-0.010918743908405304
846,Episode_Termination/base_contact,0.0038248698692768812
846,Episode_Termination/time_out,0.9961751699447632
846,Loss/entropy,9.564770698547363
846,Loss/learning_rate,0.00019753086962737143
846,Loss/surrogate,-0.00462593138217926
846,Loss/value,0.012474589049816132
846,Metrics/base_velocity/error_vel_xy,0.4232519567012787
846,Metrics/base_velocity/error_vel_yaw,0.5477555394172668
846,Metrics/success_rate,0.22083334624767303
846,Perf/collection_time,4.763257026672363
846,Perf/learning_time,0.19093608856201172
846,Perf/total_fps,19842.0
846,Policy/mean_std,0.4857712686061859
846,Train/mean_episode_length,998.4500122070312
846,Train/mean_reward,2.0348212718963623
940,Curriculum/terrain_levels,0.043731689453125
940,Episode_Reward/action_rate_l2,-0.14389941096305847
940,Episode_Reward/ang_vel_xy_l2,-0.007234659045934677
940,Episode_Reward/dof_acc_l2,-0.09353050589561462
940,Episode_Reward/dof_pos_limits,0.0
940,Episode_Reward/dof_torques_l2,-0.34421175718307495
940,Episode_Reward/feet_air_time,-0.00671657919883728
940,Episode_Reward/flat_orientation_l2,0.0
940,Episode_Reward/lin_vel_z_l2,-0.041552070528268814
940,Episode_Reward/track_ang_vel_z_exp,0.20356440544128418
940,Episode_Reward/track_lin_vel_xy_exp,0.5257958173751831
940,Episode_Reward/undesired_contacts,-0.01488468050956726
940,Episode_Termination/base_contact,0.0029296875
940,Episode_Termination/time_out,0.9970703125
940,Loss/entropy,9.324256896972656
940,Loss/learning_rate,0.0001316872367169708
940,Loss/surrogate,-0.00555515056475997
940,Loss/value,0.01034349575638771
940,Metrics/base_velocity/error_vel_xy,0.4338395595550537
940,Metrics/base_velocity/error_vel_yaw,0.5775930285453796
940,Metrics/success_rate,0.11815476417541504
940,Perf/collection_time,4.749860763549805
940,Perf/learning_time,0.18198013305664062
940,Perf/total_fps,19932.0
940,Policy/mean_std,0.48408445715904236
940,Train/mean_episode_length,1000.0
940,Train/mean_reward,1.3188495635986328
962,Train/mean_episode_length/time,1000.0
962,Train/mean_reward/time,-7.889376163482666
1034,Curriculum/terrain_levels,0.0432230643928051
1034,Episode_Reward/action_rate_l2,-0.14282824099063873
1034,Episode_Reward/ang_vel_xy_l2,-0.006768661551177502
1034,Episode_Reward/dof_acc_l2,-0.08744432032108307
1034,Episode_Reward/dof_pos_limits,0.0
1034,Episode_Reward/dof_torques_l2,-0.33537644147872925
1034,Episode_Reward/feet_air_time,-0.006703002378344536
1034,Episode_Reward/flat_orientation_l2,0.0
1034,Episode_Reward/lin_vel_z_l2,-0.04304366931319237
1034,Episode_Reward/track_ang_vel_z_exp,0.21562395989894867
1034,Episode_Reward/track_lin_vel_xy_exp,0.5238704681396484
1034,Episode_Reward/undesired_contacts,-0.017847906798124313
1034,Episode_Termination/base_contact,0.004150390625
1034,Episode_Termination/time_out,0.995849609375
1034,Loss/entropy,9.209012985229492
1034,Loss/learning_rate,0.0001316872367169708
1034,Loss/surrogate,-0.004845510236918926
1034,Loss/value,0.010719340294599533
1034,Metrics/base_velocity/error_vel_xy,0.43842220306396484
1034,Metrics/base_velocity/error_vel_yaw,0.5483221411705017
1034,Metrics/success_rate,0.21011905372142792
1034,Perf/collection_time,4.779880523681641
1034,Perf/learning_time,0.19139790534973145
1034,Perf/total_fps,19774.0
1034,Policy/mean_std,0.48305267095565796
1034,Train/mean_episode_length,1000.0
1034,Train/mean_reward,1.7538330554962158
1128,Curriculum/terrain_levels,0.0431416854262352
1128,Episode_Reward/action_rate_l2,-0.1417330503463745
1128,Episode_Reward/ang_vel_xy_l2,-0.006721144076436758
1128,Episode_Reward/dof_acc_l2,-0.08809991925954819
1128,Episode_Reward/dof_pos_limits,0.0
1128,Episode_Reward/dof_torques_l2,-0.34109926223754883
1128,Episode_Reward/feet_air_time,-0.006629457231611013
1128,Episode_Reward/flat_orientation_l2,0.0
1128,Episode_Reward/lin_vel_z_l2,-0.04207248613238335
1128,Episode_Reward/track_ang_vel_z_exp,0.22857078909873962
1128,Episode_Reward/track_lin_vel_xy_exp,0.5014901757240295
1128,Episode_Reward/undesired_contacts,-0.014521569013595581
1128,Episode_Termination/base_contact,0.004801432602107525
1128,Episode_Termination/time_out,0.9951986074447632
1128,Loss/entropy,9.123303413391113
1128,Loss/learning_rate,8.77914935699664e-05
1128,Loss/surrogate,-0.005530796479433775
1128,Loss/value,0.009573559276759624
1128,Metrics/base_velocity/error_vel_xy,0.45544153451919556
1128,Metrics/base_velocity/error_vel_yaw,0.5208109617233276
1128,Metrics/success_rate,0.21418651938438416
1128,Perf/collection_time,4.709954261779785
1128,Perf/learning_time,0.18593072891235352
1128,Perf/total_fps,20078.0
1128,Policy/mean_std,0.48437803983688354
1128,Train/mean_episode_length,998.5599975585938
1128,Train/mean_reward,1.594591498374939
1222,Curriculum/terrain_levels,0.0320231132209301
1222,Episode_Reward/action_rate_l2,-0.14299426972866058
1222,Episode_Reward/ang_vel_xy_l2,-0.006570814177393913
1222,Episode_Reward/dof_acc_l2,-0.08487427234649658
1222,Episode_Reward/dof_pos_limits,0.0
1222,Episode_Reward/dof_torques_l2,-0.3462623953819275
1222,Episode_Reward/feet_air_time,-0.006594746373593807
1222,Episode_Reward/flat_orientation_l2,0.0
1222,Episode_Reward/lin_vel_z_l2,-0.041297510266304016
1222,Episode_Reward/track_ang_vel_z_exp,0.24320147931575775
1222,Episode_Reward/track_lin_vel_xy_exp,0.5034406185150146
1222,Episode_Reward/undesired_contacts,-0.007606749422848225
1222,Episode_Termination/base_contact,0.005126953125
1222,Episode_Termination/time_out,0.994873046875
1222,Loss/entropy,8.87586784362793
1222,Loss/learning_rate,0.0001316872367169708
1222,Loss/surrogate,-0.005317299161106348
1222,Loss/value,0.008444134145975113
1222,Metrics/base_velocity/error_vel_xy,0.4586309790611267
1222,Metrics/base_velocity/error_vel_yaw,0.49934276938438416
1222,Metrics/success_rate,0.23526786267757416
1222,Perf/collection_time,4.979615211486816
1222,Perf/learning_time,0.18801403045654297
1222,Perf/total_fps,19023.0
1222,Policy/mean_std,0.4827263653278351
1222,Train/mean_episode_length,1000.0
1222,Train/mean_reward,2.0805258750915527
1316,Curriculum/terrain_levels,0.04632568359375
1316,Episode_Reward/action_rate_l2,-0.1421896517276764
1316,Episode_Reward/ang_vel_xy_l2,-0.006325946189463139
1316,Episode_Reward/dof_acc_l2,-0.08548521995544434
1316,Episode_Reward/dof_pos_limits,0.0
1316,Episode_Reward/dof_torques_l2,-0.3369740843772888
1316,Episode_Reward/feet_air_time,-0.006480312906205654
1316,Episode_Reward/flat_orientation_l2,0.0
1316,Episode_Reward/lin_vel_z_l2,-0.04268833249807358
1316,Episode_Reward/track_ang_vel_z_exp,0.21936659514904022
1316,Episode_Reward/track_lin_vel_xy_exp,0.5544847846031189
1316,Episode_Reward/undesired_contacts,-0.013067452237010002
1316,Episode_Termination/base_contact,0.004709879867732525
1316,Episode_Termination/time_out,0.9952901601791382
1316,Loss/entropy,8.819150924682617
1316,Loss/learning_rate,0.0001316872367169708
1316,Loss/surrogate,-0.00543264439329505
1316,Loss/value,0.010411360301077366
1316,Metrics/base_velocity/error_vel_xy,0.4179334342479706
1316,Metrics/base_velocity/error_vel_yaw,0.5412017703056335
1316,Metrics/success_rate,0.21729497611522675
1316,Perf/collection_time,4.676628112792969
1316,Perf/learning_time,0.18949270248413086
1316,Perf/total_fps,20201.0
1316,Policy/mean_std,0.4817970395088196
1316,Train/mean_episode_length,1000.0
1316,Train/mean_reward,2.7317469120025635
1410,Curriculum/terrain_levels,0.0497334823012352
1410,Episode_Reward/action_rate_l2,-0.14108356833457947
1410,Episode_Reward/ang_vel_xy_l2,-0.007474426180124283
1410,Episode_Reward/dof_acc_l2,-0.08850416541099548
1410,Episode_Reward/dof_pos_limits,0.0
1410,Episode_Reward/dof_torques_l2,-0.33486080169677734
1410,Episode_Reward/feet_air_time,-0.006120562553405762
1410,Episode_Reward/flat_orientation_l2,0.0
1410,Episode_Reward/lin_vel_z_l2,-0.04677814245223999
1410,Episode_Reward/track_ang_vel_z_exp,0.2402670830488205
1410,Episode_Reward/track_lin_vel_xy_exp,0.5168910026550293
1410,Episode_Reward/undesired_contacts,-0.02976503036916256
1410,Episode_Termination/base_contact,0.005411784164607525
1410,Episode_Termination/time_out,0.9945882558822632
1410,Loss/entropy,8.53539752960205
1410,Loss/learning_rate,0.00019753086962737143
1410,Loss/surrogate,-0.004170470405369997
1410,Loss/value,0.010585672222077847
1410,Metrics/base_velocity/error_vel_xy,0.442934513092041
1410,Metrics/base_velocity/error_vel_yaw,0.49338656663894653
1410,Metrics/success_rate,0.24409723281860352
1410,Perf/collection_time,4.710997581481934
1410,Perf/learning_time,0.19318461418151855
1410,Perf/total_fps,20044.0
1410,Policy/mean_std,0.4813266694545746
1410,Train/mean_episode_length,994.9299926757812
1410,Train/mean_reward,2.232541561126709
1449,Train/mean_episode_length/time,1000.0
1449,Train/mean_reward/time,-4.777223587036133
1504,Curriculum/terrain_levels,0.052001953125
1504,Episode_Reward/action_rate_l2,-0.14392529428005219
1504,Episode_Reward/ang_vel_xy_l2,-0.007754381746053696
1504,Episode_Reward/dof_acc_l2,-0.087699294090271
1504,Episode_Reward/dof_pos_limits,0.0
1504,Episode_Reward/dof_torques_l2,-0.34621089696884155
1504,Episode_Reward/feet_air_time,-0.006303739733994007
1504,Episode_Reward/flat_orientation_l2,0.0
1504,Episode_Reward/lin_vel_z_l2,-0.04400518164038658
1504,Episode_Reward/track_ang_vel_z_exp,0.22320184111595154
1504,Episode_Reward/track_lin_vel_xy_exp,0.5630931854248047
1504,Episode_Reward/undesired_contacts,-0.01724439486861229
1504,Episode_Termination/base_contact,0.0039876303635537624
1504,Episode_Termination/time_out,0.9960123896598816
1504,Loss/entropy,8.90106201171875
1504,Loss/learning_rate,0.0001316872367169708
1504,Loss/surrogate,-0.0028092858847230673
1504,Loss/value,0.011952373199164867
1504,Metrics/base_velocity/error_vel_xy,0.4114196300506592
1504,Metrics/base_velocity/error_vel_yaw,0.532502293586731
1504,Metrics/success_rate,0.22589287161827087
1504,Perf/collection_time,4.657454490661621
1504,Perf/learning_time,0.18917417526245117
1504,Perf/total_fps,20282.0
1504,Policy/mean_std,0.4843282401561737
1504,Train/mean_episode_length,1000.0
1504,Train/mean_reward,2.5143039226531982
1598,Curriculum/terrain_levels,0.0437113456428051
1598,Episode_Reward/action_rate_l2,-0.1401374787092209
1598,Episode_Reward/ang_vel_xy_l2,-0.005978785455226898
1598,Episode_Reward/dof_acc_l2,-0.07993391901254654
1598,Episode_Reward/dof_pos_limits,0.0
1598,Episode_Reward/dof_torques_l2,-0.3412192463874817
1598,Episode_Reward/feet_air_time,-0.005997443106025457
1598,Episode_Reward/flat_orientation_l2,0.0
1598,Episode_Reward/lin_vel_z_l2,-0.03785013407468796
1598,Episode_Reward/track_ang_vel_z_exp,0.22450938820838928
1598,Episode_Reward/track_lin_vel_xy_exp,0.504220724105835
1598,Episode_Reward/undesired_contacts,-0.03371515870094299
1598,Episode_Termination/base_contact,0.002197265625
1598,Episode_Termination/time_out,0.997802734375
1598,Loss/entropy,8.649147033691406
1598,Loss/learning_rate,0.0001316872367169708
1598,Loss/surrogate,-0.004899774678051472
1598,Loss/value,0.010887568816542625
1598,Metrics/base_velocity/error_vel_xy,0.4595433175563812
1598,Metrics/base_velocity/error_vel_yaw,0.5328108072280884
1598,Metrics/success_rate,0.15644842386245728
1598,Perf/collection_time,4.672494411468506
1598,Perf/learning_time,0.18460440635681152
1598,Perf/total_fps,20239.0
1598,Policy/mean_std,0.48081257939338684
1598,Train/mean_episode_length,1000.0
1598,Train/mean_reward,2.360271453857422
1692,Curriculum/terrain_levels,0.0505472831428051
1692,Episode_Reward/action_rate_l2,-0.14122991263866425
1692,Episode_Reward/ang_vel_xy_l2,-0.006868698634207249
1692,Episode_Reward/dof_acc_l2,-0.08007562905550003
1692,Episode_Reward/dof_pos_limits,0.0
1692,Episode_Reward/dof_torques_l2,-0.34077584743499756
1692,Episode_Reward/feet_air_time,-0.006567162927240133
1692,Episode_Reward/flat_orientation_l2,0.0
1692,Episode_Reward/lin_vel_z_l2,-0.041442014276981354
1692,Episode_Reward/track_ang_vel_z_exp,0.2247159779071808
1692,Episode_Reward/track_lin_vel_xy_exp,0.5229557752609253
1692,Episode_Reward/undesired_contacts,-0.020105907693505287
1692,Episode_Termination/base_contact,0.003662109375
1692,Episode_Termination/time_out,0.996337890625
1692,Loss/entropy,8.685369491577148
1692,Loss/learning_rate,0.0001316872367169708
1692,Loss/surrogate,-0.0045842016115784645
1692,Loss/value,0.010278871282935143
1692,Metrics/base_velocity/error_vel_xy,0.4405263066291809
1692,Metrics/base_velocity/error_vel_yaw,0.5314361453056335
1692,Metrics/success_rate,0.203505277633667
1692,Perf/collection_time,4.943842887878418
1692,Perf/learning_time,0.22040081024169922
1692,Perf/total_fps,19035.0
1692,Policy/mean_std,0.48227858543395996
1692,Train/mean_episode_length,1000.0
1692,Train/mean_reward,2.33335280418396
1786,Curriculum/terrain_levels,0.05462646484375
1786,Episode_Reward/action_rate_l2,-0.14508090913295746
1786,Episode_Reward/ang_vel_xy_l2,-0.007754798047244549
1786,Episode_Reward/dof_acc_l2,-0.08960428833961487
1786,Episode_Reward/dof_pos_limits,0.0
1786,Episode_Reward/dof_torques_l2,-0.34268587827682495
1786,Episode_Reward/feet_air_time,-0.006821854971349239
1786,Episode_Reward/flat_orientation_l2,0.0
1786,Episode_Reward/lin_vel_z_l2,-0.04357222840189934
1786,Episode_Reward/track_ang_vel_z_exp,0.22741925716400146
1786,Episode_Reward/track_lin_vel_xy_exp,0.5551874041557312
1786,Episode_Reward/undesired_contacts,-0.0153224878013134
1786,Episode_Termination/base_contact,0.00048828125
1786,Episode_Termination/time_out,0.99951171875
1786,Loss/entropy,9.008662223815918
1786,Loss/learning_rate,8.77914935699664e-05
1786,Loss/surrogate,-0.0036614981945604086
1786,Loss/value,0.010097496211528778
1786,Metrics/base_velocity/error_vel_xy,0.4176923632621765
1786,Metrics/base_velocity/error_vel_yaw,0.525780439376831
1786,Metrics/success_rate,0.32132938504219055
1786,Perf/collection_time,4.6290693283081055
1786,Perf/learning_time,0.18682456016540527
1786,Perf/total_fps,20412.0
1786,Policy/mean_std,0.4856157600879669
1786,Train/mean_episode_length,1000.0
1786,Train/mean_reward,2.2736759185791016
1880,Curriculum/terrain_levels,0.0727030485868454
1880,Episode_Reward/action_rate_l2,-0.14532464742660522
1880,Episode_Reward/ang_vel_xy_l2,-0.008462728001177311
1880,Episode_Reward/dof_acc_l2,-0.08879882097244263
1880,Episode_Reward/dof_pos_limits,0.0
1880,Episode_Reward/dof_torques_l2,-0.35508593916893005
1880,Episode_Reward/feet_air_time,-0.006578776054084301
1880,Episode_Reward/flat_orientation_l2,0.0
1880,Episode_Reward/lin_vel_z_l2,-0.043711476027965546
1880,Episode_Reward/track_ang_vel_z_exp,0.24926745891571045
1880,Episode_Reward/track_lin_vel_xy_exp,0.5188119411468506
1880,Episode_Reward/undesired_contacts,-0.023730700835585594
1880,Episode_Termination/base_contact,0.00048828125
1880,Episode_Termination/time_out,0.99951171875
1880,Loss/entropy,9.016757011413574
1880,Loss/learning_rate,0.0001316872367169708
1880,Loss/surrogate,-0.005391695536673069
1880,Loss/value,0.01065918616950512
1880,Metrics/base_velocity/error_vel_xy,0.45315811038017273
1880,Metrics/base_velocity/error_vel_yaw,0.4753892123699188
1880,Metrics/success_rate,0.24679231643676758
1880,Perf/collection_time,4.694169998168945
1880,Perf/learning_time,0.19879651069641113
1880,Perf/total_fps,20090.0
1880,Policy/mean_std,0.48545393347740173
1880,Train/mean_episode_length,1000.0
1880,Train/mean_reward,1.931175708770752
1940,Train/mean_episode_length/time,1000.0
1940,Train/mean_reward/time,-2.817049503326416
1974,Curriculum/terrain_levels,0.0732523649930954
1974,Episode_Reward/action_rate_l2,-0.14466100931167603
1974,Episode_Reward/ang_vel_xy_l2,-0.008008573204278946
1974,Episode_Reward/dof_acc_l2,-0.08992630243301392
1974,Episode_Reward/dof_pos_limits,0.0
1974,Episode_Reward/dof_torques_l2,-0.34514904022216797
1974,Episode_Reward/feet_air_time,-0.0065353140234947205
1974,Episode_Reward/flat_orientation_l2,0.0
1974,Episode_Reward/lin_vel_z_l2,-0.040940769016742706
1974,Episode_Reward/track_ang_vel_z_exp,0.25267529487609863
1974,Episode_Reward/track_lin_vel_xy_exp,0.5248600244522095
1974,Episode_Reward/undesired_contacts,-0.011469671502709389
1974,Episode_Termination/base_contact,0.00146484375
1974,Episode_Termination/time_out,0.99853515625
1974,Loss/entropy,9.236388206481934
1974,Loss/learning_rate,0.0001316872367169708
1974,Loss/surrogate,-0.004155461210757494
1974,Loss/value,0.0118477214127779
1974,Metrics/base_velocity/error_vel_xy,0.4404945373535156
1974,Metrics/base_velocity/error_vel_yaw,0.474412202835083
1974,Metrics/success_rate,0.30310848355293274
1974,Perf/collection_time,4.7967753410339355
1974,Perf/learning_time,0.19515681266784668
1974,Perf/total_fps,19692.0
1974,Policy/mean_std,0.48673972487449646
1974,Train/mean_episode_length,1000.0
1974,Train/mean_reward,2.6073672771453857
2068,Curriculum/terrain_levels,0.07073974609375
2068,Episode_Reward/action_rate_l2,-0.1462344527244568
2068,Episode_Reward/ang_vel_xy_l2,-0.008570286445319653
2068,Episode_Reward/dof_acc_l2,-0.08956148475408554
2068,Episode_Reward/dof_pos_limits,0.0
2068,Episode_Reward/dof_torques_l2,-0.35342586040496826
2068,Episode_Reward/feet_air_time,-0.0061463844031095505
2068,Episode_Reward/flat_orientation_l2,0.0
2068,Episode_Reward/lin_vel_z_l2,-0.043976183980703354
2068,Episode_Reward/track_ang_vel_z_exp,0.23431365191936493
2068,Episode_Reward/track_lin_vel_xy_exp,0.5605183243751526
2068,Episode_Reward/undesired_contacts,-0.033109065145254135
2068,Episode_Termination/base_contact,0.0009765625
2068,Episode_Termination/time_out,0.9990234375
2068,Loss/entropy,9.112208366394043
2068,Loss/learning_rate,3.9018443203531206e-05
2068,Loss/surrogate,-0.002752312459051609
2068,Loss/value,0.00934833288192749
2068,Metrics/base_velocity/error_vel_xy,0.40986427664756775
2068,Metrics/base_velocity/error_vel_yaw,0.5127930045127869
2068,Metrics/success_rate,0.30813491344451904
2068,Perf/collection_time,4.892271995544434
2068,Perf/learning_time,0.21692991256713867
2068,Perf/total_fps,19240.0
2068,Policy/mean_std,0.4882402718067169
2068,Train/mean_episode_length,1000.0
2068,Train/mean_reward,3.207034111022949
2162,Curriculum/terrain_levels,0.0723775252699852
2162,Episode_Reward/action_rate_l2,-0.1483561247587204
2162,Episode_Reward/ang_vel_xy_l2,-0.008756421506404877
2162,Episode_Reward/dof_acc_l2,-0.09285648912191391
2162,Episode_Reward/dof_pos_limits,0.0
2162,Episode_Reward/dof_torques_l2,-0.34060367941856384
2162,Episode_Reward/feet_air_time,-0.006367538124322891
2162,Episode_Reward/flat_orientation_l2,0.0
2162,Episode_Reward/lin_vel_z_l2,-0.043114714324474335
2162,Episode_Reward/track_ang_vel_z_exp,0.2559545636177063
2162,Episode_Reward/track_lin_vel_xy_exp,0.5342240333557129
2162,Episode_Reward/undesired_contacts,-0.022032177075743675
2162,Episode_Termination/base_contact,0.001220703125
2162,Episode_Termination/time_out,0.998779296875
2162,Loss/entropy,9.340787887573242
2162,Loss/learning_rate,0.0001316872367169708
2162,Loss/surrogate,-0.004488567356020212
2162,Loss/value,0.010707422159612179
2162,Metrics/base_velocity/error_vel_xy,0.43547916412353516
2162,Metrics/base_velocity/error_vel_yaw,0.46506524085998535
2162,Metrics/success_rate,0.2896164357662201
2162,Perf/collection_time,4.622575759887695
2162,Perf/learning_time,0.18965649604797363
2162,Perf/total_fps,20427.0
2162,Policy/mean_std,0.4909035563468933
2162,Train/mean_episode_length,1000.0
2162,Train/mean_reward,2.500425338745117
2256,Curriculum/terrain_levels,0.0790913924574852
2256,Episode_Reward/action_rate_l2,-0.15083077549934387
2256,Episode_Reward/ang_vel_xy_l2,-0.008626535534858704
2256,Episode_Reward/dof_acc_l2,-0.1019010990858078
2256,Episode_Reward/dof_pos_limits,0.0
2256,Episode_Reward/dof_torques_l2,-0.34559404850006104
2256,Episode_Reward/feet_air_time,-0.006726301275193691
2256,Episode_Reward/flat_orientation_l2,0.0
2256,Episode_Reward/lin_vel_z_l2,-0.047737717628479004
2256,Episode_Reward/track_ang_vel_z_exp,0.230153888463974
2256,Episode_Reward/track_lin_vel_xy_exp,0.5297116041183472
2256,Episode_Reward/undesired_contacts,-0.014092008583247662
2256,Episode_Termination/base_contact,0.0009765625
2256,Episode_Termination/time_out,0.9990234375
2256,Loss/entropy,9.56705093383789
2256,Loss/learning_rate,8.77914935699664e-05
2256,Loss/surrogate,-0.0037897159345448017
2256,Loss/value,0.011840392835438251
2256,Metrics/base_velocity/error_vel_xy,0.43724197149276733
2256,Metrics/base_velocity/error_vel_yaw,0.520007848739624
2256,Metrics/success_rate,0.17743055522441864
2256,Perf/collection_time,4.740699768066406
2256,Perf/learning_time,0.20156335830688477
2256,Perf/total_fps,19890.0
2256,Policy/mean_std,0.4936753213405609
2256,Train/mean_episode_length,1000.0
2256,Train/mean_reward,2.200153350830078
2350,Curriculum/terrain_levels,0.0819905623793602
2350,Episode_Reward/action_rate_l2,-0.1506398767232895
2350,Episode_Reward/ang_vel_xy_l2,-0.00817167479544878
2350,Episode_Reward/dof_acc_l2,-0.10123999416828156
2350,Episode_Reward/dof_pos_limits,0.0
2350,Episode_Reward/dof_torques_l2,-0.3447652757167816
2350,Episode_Reward/feet_air_time,-0.0068220822140574455
2350,Episode_Reward/flat_orientation_l2,0.0
2350,Episode_Reward/lin_vel_z_l2,-0.045053716748952866
2350,Episode_Reward/track_ang_vel_z_exp,0.25935912132263184
2350,Episode_Reward/track_lin_vel_xy_exp,0.5262101888656616
2350,Episode_Reward/undesired_contacts,-0.017408914864063263
2350,Episode_Termination/base_contact,0.000732421875
2350,Episode_Termination/time_out,0.999267578125
2350,Loss/entropy,9.840033531188965
2350,Loss/learning_rate,8.77914935699664e-05
2350,Loss/surrogate,-0.004063666798174381
2350,Loss/value,0.012221071869134903
2350,Metrics/base_velocity/error_vel_xy,0.4429563879966736
2350,Metrics/base_velocity/error_vel_yaw,0.46484941244125366
2350,Metrics/success_rate,0.307539701461792
2350,Perf/collection_time,4.801053047180176
2350,Perf/learning_time,0.19711613655090332
2350,Perf/total_fps,19668.0
2350,Policy/mean_std,0.496445894241333
2350,Train/mean_episode_length,1000.0
2350,Train/mean_reward,2.1239917278289795
2411,Train/mean_episode_length/time,1000.0
2411,Train/mean_reward/time,-0.8709615468978882
2444,Curriculum/terrain_levels,0.094818115234375
2444,Episode_Reward/action_rate_l2,-0.1522408127784729
2444,Episode_Reward/ang_vel_xy_l2,-0.008700601756572723
2444,Episode_Reward/dof_acc_l2,-0.09802377223968506
2444,Episode_Reward/dof_pos_limits,0.0
2444,Episode_Reward/dof_torques_l2,-0.3555958867073059
2444,Episode_Reward/feet_air_time,-0.006820464041084051
2444,Episode_Reward/flat_orientation_l2,0.0
2444,Episode_Reward/lin_vel_z_l2,-0.05006188154220581
2444,Episode_Reward/track_ang_vel_z_exp,0.2470446079969406
2444,Episode_Reward/track_lin_vel_xy_exp,0.5500658750534058
2444,Episode_Reward/undesired_contacts,-0.01436041109263897
2444,Episode_Termination/base_contact,0.00048828125
2444,Episode_Termination/time_out,0.99951171875
2444,Loss/entropy,9.931951522827148
2444,Loss/learning_rate,8.77914935699664e-05
2444,Loss/surrogate,-0.002504719654098153
2444,Loss/value,0.009983525611460209
2444,Metrics/base_velocity/error_vel_xy,0.4235522449016571
2444,Metrics/base_velocity/error_vel_yaw,0.48298966884613037
2444,Metrics/success_rate,0.2916666865348816
2444,Perf/collection_time,4.8445725440979
2444,Perf/learning_time,0.1860496997833252
2444,Perf/total_fps,19541.0
2444,Policy/mean_std,0.4976581633090973
2444,Train/mean_episode_length,1000.0
2444,Train/mean_reward,2.6573433876037598
2538,Curriculum/terrain_levels,0.0999654158949852
2538,Episode_Reward/action_rate_l2,-0.15200363099575043
2538,Episode_Reward/ang_vel_xy_l2,-0.009091699495911598
2538,Episode_Reward/dof_acc_l2,-0.09683945775032043
2538,Episode_Reward/dof_pos_limits,0.0
2538,Episode_Reward/dof_torques_l2,-0.34957775473594666
2538,Episode_Reward/feet_air_time,-0.006755249109119177
2538,Episode_Reward/flat_orientation_l2,0.0
2538,Episode_Reward/lin_vel_z_l2,-0.04626881331205368
2538,Episode_Reward/track_ang_vel_z_exp,0.252388060092926
2538,Episode_Reward/track_lin_vel_xy_exp,0.550335168838501
2538,Episode_Reward/undesired_contacts,-0.015430746600031853
2538,Episode_Termination/base_contact,0.000732421875
2538,Episode_Termination/time_out,0.999267578125
2538,Loss/entropy,9.798491477966309
2538,Loss/learning_rate,0.0001316872367169708
2538,Loss/surrogate,-0.005755770485848188
2538,Loss/value,0.010632779449224472
2538,Metrics/base_velocity/error_vel_xy,0.41903743147850037
2538,Metrics/base_velocity/error_vel_yaw,0.47757333517074585
2538,Metrics/success_rate,0.26299604773521423
2538,Perf/collection_time,4.844244956970215
2538,Perf/learning_time,0.21937036514282227
2538,Perf/total_fps,19413.0
2538,Policy/mean_std,0.4972452223300934
2538,Train/mean_episode_length,1000.0
2538,Train/mean_reward,2.6173055171966553
2632,Curriculum/terrain_levels,0.1134541854262352
2632,Episode_Reward/action_rate_l2,-0.15327993035316467
2632,Episode_Reward/ang_vel_xy_l2,-0.010136058554053307
2632,Episode_Reward/dof_acc_l2,-0.09329774230718613
2632,Episode_Reward/dof_pos_limits,0.0
2632,Episode_Reward/dof_torques_l2,-0.3490540385246277
2632,Episode_Reward/feet_air_time,-0.006732228212058544
2632,Episode_Reward/flat_orientation_l2,0.0
2632,Episode_Reward/lin_vel_z_l2,-0.04699006676673889
2632,Episode_Reward/track_ang_vel_z_exp,0.2576267123222351
2632,Episode_Reward/track_lin_vel_xy_exp,0.5748763084411621
2632,Episode_Reward/undesired_contacts,-0.005715277045965195
2632,Episode_Termination/base_contact,0.003173828125
2632,Episode_Termination/time_out,0.996826171875
2632,Loss/entropy,9.947747230529785
2632,Loss/learning_rate,0.0001316872367169708
2632,Loss/surrogate,-0.0055855996906757355
2632,Loss/value,0.011969177052378654
2632,Metrics/base_velocity/error_vel_xy,0.3974612355232239
2632,Metrics/base_velocity/error_vel_yaw,0.46988552808761597
2632,Metrics/success_rate,0.3543981909751892
2632,Perf/collection_time,4.83021354675293
2632,Perf/learning_time,0.20122241973876953
2632,Perf/total_fps,19537.0
2632,Policy/mean_std,0.49857214093208313
2632,Train/mean_episode_length,1000.0
2632,Train/mean_reward,2.6476550102233887
2726,Curriculum/terrain_levels,0.1298929899930954
2726,Episode_Reward/action_rate_l2,-0.1532573103904724
2726,Episode_Reward/ang_vel_xy_l2,-0.009543238207697868
2726,Episode_Reward/dof_acc_l2,-0.09441280364990234
2726,Episode_Reward/dof_pos_limits,0.0
2726,Episode_Reward/dof_torques_l2,-0.35086387395858765
2726,Episode_Reward/feet_air_time,-0.0066377874463796616
2726,Episode_Reward/flat_orientation_l2,0.0
2726,Episode_Reward/lin_vel_z_l2,-0.04820667952299118
2726,Episode_Reward/track_ang_vel_z_exp,0.2432352751493454
2726,Episode_Reward/track_lin_vel_xy_exp,0.5896151065826416
2726,Episode_Reward/undesired_contacts,-0.011417124420404434
2726,Episode_Termination/base_contact,0.00390625
2726,Episode_Termination/time_out,0.99609375
2726,Loss/entropy,9.866374015808105
2726,Loss/learning_rate,0.00019753086962737143
2726,Loss/surrogate,-0.0058062197640538216
2726,Loss/value,0.012305526994168758
2726,Metrics/base_velocity/error_vel_xy,0.3893699049949646
2726,Metrics/base_velocity/error_vel_yaw,0.4981287717819214
2726,Metrics/success_rate,0.34242725372314453
2726,Perf/collection_time,4.78521728515625
2726,Perf/learning_time,0.2111680507659912
2726,Perf/total_fps,19675.0
2726,Policy/mean_std,0.49830618500709534
2726,Train/mean_episode_length,1000.0
2726,Train/mean_reward,3.654088020324707
2820,Curriculum/terrain_levels,0.1691996306180954
2820,Episode_Reward/action_rate_l2,-0.1530640423297882
2820,Episode_Reward/ang_vel_xy_l2,-0.010810209438204765
2820,Episode_Reward/dof_acc_l2,-0.0970071479678154
2820,Episode_Reward/dof_pos_limits,0.0
2820,Episode_Reward/dof_torques_l2,-0.34652432799339294
2820,Episode_Reward/feet_air_time,-0.006527540739625692
2820,Episode_Reward/flat_orientation_l2,0.0
2820,Episode_Reward/lin_vel_z_l2,-0.05304589867591858
2820,Episode_Reward/track_ang_vel_z_exp,0.24784785509109497
2820,Episode_Reward/track_lin_vel_xy_exp,0.5812782645225525
2820,Episode_Reward/undesired_contacts,-0.015730267390608788
2820,Episode_Termination/base_contact,0.00164794921875
2820,Episode_Termination/time_out,0.99835205078125
2820,Loss/entropy,9.843499183654785
2820,Loss/learning_rate,0.0001316872367169708
2820,Loss/surrogate,-0.005811626557260752
2820,Loss/value,0.0111892344430089
2820,Metrics/base_velocity/error_vel_xy,0.394662469625473
2820,Metrics/base_velocity/error_vel_yaw,0.4812600314617157
2820,Metrics/success_rate,0.36140871047973633
2820,Perf/collection_time,4.7686638832092285
2820,Perf/learning_time,0.20404434204101562
2820,Perf/total_fps,19768.0
2820,Policy/mean_std,0.4965536594390869
2820,Train/mean_episode_length,995.6300048828125
2820,Train/mean_reward,2.426778793334961
2883,Train/mean_episode_length/time,995.5700073242188
2883,Train/mean_reward/time,-1.9110037088394165
2914,Curriculum/terrain_levels,0.17498779296875
2914,Episode_Reward/action_rate_l2,-0.1531134396791458
2914,Episode_Reward/ang_vel_xy_l2,-0.010414239019155502
2914,Episode_Reward/dof_acc_l2,-0.09780031442642212
2914,Episode_Reward/dof_pos_limits,0.0
2914,Episode_Reward/dof_torques_l2,-0.35000181198120117
2914,Episode_Reward/feet_air_time,-0.006845174357295036
2914,Episode_Reward/flat_orientation_l2,0.0
2914,Episode_Reward/lin_vel_z_l2,-0.04881522059440613
2914,Episode_Reward/track_ang_vel_z_exp,0.2277449369430542
2914,Episode_Reward/track_lin_vel_xy_exp,0.5511842370033264
2914,Episode_Reward/undesired_contacts,-0.013002477586269379
2914,Episode_Termination/base_contact,0.001220703125
2914,Episode_Termination/time_out,0.998779296875
2914,Loss/entropy,10.052574157714844
2914,Loss/learning_rate,0.0001316872367169708
2914,Loss/surrogate,-0.006946614012122154
2914,Loss/value,0.011367090977728367
2914,Metrics/base_velocity/error_vel_xy,0.4157683551311493
2914,Metrics/base_velocity/error_vel_yaw,0.5316076278686523
2914,Metrics/success_rate,0.28913694620132446
2914,Perf/collection_time,4.617798805236816
2914,Perf/learning_time,0.19189190864562988
2914,Perf/total_fps,20438.0
2914,Policy/mean_std,0.49832573533058167
2914,Train/mean_episode_length,1000.0
2914,Train/mean_reward,2.4031119346618652
3008,Curriculum/terrain_levels,0.2053934782743454
3008,Episode_Reward/action_rate_l2,-0.15527501702308655
3008,Episode_Reward/ang_vel_xy_l2,-0.011814098805189133
3008,Episode_Reward/dof_acc_l2,-0.0951462909579277
3008,Episode_Reward/dof_pos_limits,0.0
3008,Episode_Reward/dof_torques_l2,-0.3488597273826599
3008,Episode_Reward/feet_air_time,-0.006518667563796043
3008,Episode_Reward/flat_orientation_l2,0.0
3008,Episode_Reward/lin_vel_z_l2,-0.05627436935901642
3008,Episode_Reward/track_ang_vel_z_exp,0.2496938407421112
3008,Episode_Reward/track_lin_vel_xy_exp,0.6223209500312805
3008,Episode_Reward/undesired_contacts,-0.009692590683698654
3008,Episode_Termination/base_contact,0.001129150390625
3008,Episode_Termination/time_out,0.998870849609375
3008,Loss/entropy,10.185211181640625
3008,Loss/learning_rate,0.0001316872367169708
3008,Loss/surrogate,-0.005155015736818314
3008,Loss/value,0.013813533820211887
3008,Metrics/base_velocity/error_vel_xy,0.36643585562705994
3008,Metrics/base_velocity/error_vel_yaw,0.47638195753097534
3008,Metrics/success_rate,0.34892529249191284
3008,Perf/collection_time,4.975334644317627
3008,Perf/learning_time,0.24927735328674316
3008,Perf/total_fps,18815.0
3008,Policy/mean_std,0.500363290309906
3008,Train/mean_episode_length,1000.0
3008,Train/mean_reward,4.179732799530029
3102,Curriculum/terrain_levels,0.2393798828125
3102,Episode_Reward/action_rate_l2,-0.15374025702476501
3102,Episode_Reward/ang_vel_xy_l2,-0.01136140339076519
3102,Episode_Reward/dof_acc_l2,-0.09442739188671112
3102,Episode_Reward/dof_pos_limits,0.0
3102,Episode_Reward/dof_torques_l2,-0.34883517026901245
3102,Episode_Reward/feet_air_time,-0.0066451383754611015
3102,Episode_Reward/flat_orientation_l2,0.0
3102,Episode_Reward/lin_vel_z_l2,-0.05380865931510925
3102,Episode_Reward/track_ang_vel_z_exp,0.23039063811302185
3102,Episode_Reward/track_lin_vel_xy_exp,0.5704116225242615
3102,Episode_Reward/undesired_contacts,-0.011487841606140137
3102,Episode_Termination/base_contact,0.001220703125
3102,Episode_Termination/time_out,0.998779296875
3102,Loss/entropy,10.417197227478027
3102,Loss/learning_rate,0.00019753086962737143
3102,Loss/surrogate,-0.0051971860229969025
3102,Loss/value,0.010839817114174366
3102,Metrics/base_velocity/error_vel_xy,0.4028850197792053
3102,Metrics/base_velocity/error_vel_yaw,0.5260671377182007
3102,Metrics/success_rate,0.25
3102,Perf/collection_time,4.9266204833984375
3102,Perf/learning_time,0.20529580116271973
3102,Perf/total_fps,19155.0
3102,Policy/mean_std,0.502458393573761
3102,Train/mean_episode_length,1000.0
3102,Train/mean_reward,2.4371390342712402
3196,Curriculum/terrain_levels,0.2520243525505066
3196,Episode_Reward/action_rate_l2,-0.15725678205490112
3196,Episode_Reward/ang_vel_xy_l2,-0.011772308498620987
3196,Episode_Reward/dof_acc_l2,-0.09727887809276581
3196,Episode_Reward/dof_pos_limits,0.0
3196,Episode_Reward/dof_torques_l2,-0.3490273952484131
3196,Episode_Reward/feet_air_time,-0.006549042649567127
3196,Episode_Reward/flat_orientation_l2,0.0
3196,Episode_Reward/lin_vel_z_l2,-0.05410785600543022
3196,Episode_Reward/track_ang_vel_z_exp,0.25961047410964966
3196,Episode_Reward/track_lin_vel_xy_exp,0.6188478469848633
3196,Episode_Reward/undesired_contacts,-0.01538683008402586
3196,Episode_Termination/base_contact,0.00244140625
3196,Episode_Termination/time_out,0.99755859375
3196,Loss/entropy,10.507664680480957
3196,Loss/learning_rate,0.0001316872367169708
3196,Loss/surrogate,-0.005147140007466078
3196,Loss/value,0.011434405110776424
3196,Metrics/base_velocity/error_vel_xy,0.36560532450675964
3196,Metrics/base_velocity/error_vel_yaw,0.47076570987701416
3196,Metrics/success_rate,0.3363756835460663
3196,Perf/collection_time,4.939762115478516
3196,Perf/learning_time,0.1985797882080078
3196,Perf/total_fps,19131.0
3196,Policy/mean_std,0.5035955905914307
3196,Train/mean_episode_length,1000.0
3196,Train/mean_reward,3.5018680095672607
3290,Curriculum/terrain_levels,0.2556559443473816
3290,Episode_Reward/action_rate_l2,-0.15562787652015686
3290,Episode_Reward/ang_vel_xy_l2,-0.009827893227338791
3290,Episode_Reward/dof_acc_l2,-0.09918615221977234
3290,Episode_Reward/dof_pos_limits,0.0
3290,Episode_Reward/dof_torques_l2,-0.3462206721305847
3290,Episode_Reward/feet_air_time,-0.006714080926030874
3290,Episode_Reward/flat_orientation_l2,0.0
3290,Episode_Reward/lin_vel_z_l2,-0.05100370943546295
3290,Episode_Reward/track_ang_vel_z_exp,0.267955482006073
3290,Episode_Reward/track_lin_vel_xy_exp,0.5814507603645325
3290,Episode_Reward/undesired_contacts,-0.007927658967673779
3290,Episode_Termination/base_contact,0.001708984375
3290,Episode_Termination/time_out,0.998291015625
3290,Loss/entropy,10.511310577392578
3290,Loss/learning_rate,0.0001316872367169708
3290,Loss/surrogate,-0.005613347049802542
3290,Loss/value,0.011714600957930088
3290,Metrics/base_velocity/error_vel_xy,0.4076746106147766
3290,Metrics/base_velocity/error_vel_yaw,0.45071476697921753
3290,Metrics/success_rate,0.4133928716182709
3290,Perf/collection_time,4.761950492858887
3290,Perf/learning_time,0.19944453239440918
3290,Perf/total_fps,19813.0
3290,Policy/mean_std,0.5046473145484924
3290,Train/mean_episode_length,1000.0
3290,Train/mean_reward,3.725447416305542
3354,Train/mean_episode_length/time,995.9199829101562
3354,Train/mean_reward/time,0.43949541449546814
3384,Curriculum/terrain_levels,0.292694091796875
3384,Episode_Reward/action_rate_l2,-0.15988072752952576
3384,Episode_Reward/ang_vel_xy_l2,-0.011760498397052288
3384,Episode_Reward/dof_acc_l2,-0.11352982372045517
3384,Episode_Reward/dof_pos_limits,0.0
3384,Episode_Reward/dof_torques_l2,-0.35993409156799316
3384,Episode_Reward/feet_air_time,-0.006711769849061966
3384,Episode_Reward/flat_orientation_l2,0.0
3384,Episode_Reward/lin_vel_z_l2,-0.055865079164505005
3384,Episode_Reward/track_ang_vel_z_exp,0.26520535349845886
3384,Episode_Reward/track_lin_vel_xy_exp,0.5842235684394836
3384,Episode_Reward/undesired_contacts,-0.018182728439569473
3384,Episode_Termination/base_contact,0.0009765625
3384,Episode_Termination/time_out,0.9990234375
3384,Loss/entropy,10.662236213684082
3384,Loss/learning_rate,0.0001316872367169708
3384,Loss/surrogate,-0.005331957247108221
3384,Loss/value,0.010661415755748749
3384,Metrics/base_velocity/error_vel_xy,0.39430493116378784
3384,Metrics/base_velocity/error_vel_yaw,0.4607240855693817
3384,Metrics/success_rate,0.3246031701564789
3384,Perf/collection_time,4.912367343902588
3384,Perf/learning_time,0.19872379302978516
3384,Perf/total_fps,19233.0
3384,Policy/mean_std,0.5066676735877991
3384,Train/mean_episode_length,1000.0
3384,Train/mean_reward,2.3699285984039307
3478,Curriculum/terrain_levels,0.2908121943473816
3478,Episode_Reward/action_rate_l2,-0.15547117590904236
3478,Episode_Reward/ang_vel_xy_l2,-0.009739579632878304
3478,Episode_Reward/dof_acc_l2,-0.10182958841323853
3478,Episode_Reward/dof_pos_limits,0.0
3478,Episode_Reward/dof_torques_l2,-0.3488014340400696
3478,Episode_Reward/feet_air_time,-0.006584375165402889
3478,Episode_Reward/flat_orientation_l2,0.0
3478,Episode_Reward/lin_vel_z_l2,-0.047893669456243515
3478,Episode_Reward/track_ang_vel_z_exp,0.25380271673202515
3478,Episode_Reward/track_lin_vel_xy_exp,0.5713785886764526
3478,Episode_Reward/undesired_contacts,-0.005066664889454842
3478,Episode_Termination/base_contact,0.00390625
3478,Episode_Termination/time_out,0.99609375
3478,Loss/entropy,10.466639518737793
3478,Loss/learning_rate,0.0001316872367169708
3478,Loss/surrogate,-0.006017903331667185
3478,Loss/value,0.011059567332267761
3478,Metrics/base_velocity/error_vel_xy,0.41036176681518555
3478,Metrics/base_velocity/error_vel_yaw,0.4794038236141205
3478,Metrics/success_rate,0.27986112236976624
3478,Perf/collection_time,5.130740165710449
3478,Perf/learning_time,0.22540664672851562
3478,Perf/total_fps,18353.0
3478,Policy/mean_std,0.5040231347084045
3478,Train/mean_episode_length,1000.0
3478,Train/mean_reward,3.0814316272735596
3572,Curriculum/terrain_levels,0.2861124873161316
3572,Episode_Reward/action_rate_l2,-0.15565936267375946
3572,Episode_Reward/ang_vel_xy_l2,-0.009939374402165413
3572,Episode_Reward/dof_acc_l2,-0.09858743846416473
3572,Episode_Reward/dof_pos_limits,0.0
3572,Episode_Reward/dof_torques_l2,-0.3423500061035156
3572,Episode_Reward/feet_air_time,-0.006561435759067535
3572,Episode_Reward/flat_orientation_l2,0.0
3572,Episode_Reward/lin_vel_z_l2,-0.0461127869784832
3572,Episode_Reward/track_ang_vel_z_exp,0.26872676610946655
3572,Episode_Reward/track_lin_vel_xy_exp,0.5888998508453369
3572,Episode_Reward/undesired_contacts,-0.012164807878434658
3572,Episode_Termination/base_contact,0.001708984375
3572,Episode_Termination/time_out,0.998291015625
3572,Loss/entropy,10.513659477233887
3572,Loss/learning_rate,0.0001316872367169708
3572,Loss/surrogate,-0.005613251589238644
3572,Loss/value,0.010982885025441647
3572,Metrics/base_velocity/error_vel_xy,0.39122313261032104
3572,Metrics/base_velocity/error_vel_yaw,0.4517289400100708
3572,Metrics/success_rate,0.35659724473953247
3572,Perf/collection_time,5.049614429473877
3572,Perf/learning_time,0.2181565761566162
3572,Perf/total_fps,18661.0
3572,Policy/mean_std,0.5037385821342468
3572,Train/mean_episode_length,1000.0
3572,Train/mean_reward,3.823319673538208
3666,Curriculum/terrain_levels,0.2699076533317566
3666,Episode_Reward/action_rate_l2,-0.15632717311382294
3666,Episode_Reward/ang_vel_xy_l2,-0.009854093194007874
3666,Episode_Reward/dof_acc_l2,-0.08874516189098358
3666,Episode_Reward/dof_pos_limits,0.0
3666,Episode_Reward/dof_torques_l2,-0.33571621775627136
3666,Episode_Reward/feet_air_time,-0.006475809030234814
3666,Episode_Reward/flat_orientation_l2,0.0
3666,Episode_Reward/lin_vel_z_l2,-0.04877170920372009
3666,Episode_Reward/track_ang_vel_z_exp,0.2604900598526001
3666,Episode_Reward/track_lin_vel_xy_exp,0.6242080926895142
3666,Episode_Reward/undesired_contacts,-0.006962101440876722
3666,Episode_Termination/base_contact,0.00146484375
3666,Episode_Termination/time_out,0.99853515625
3666,Loss/entropy,10.611774444580078
3666,Loss/learning_rate,0.0001316872367169708
3666,Loss/surrogate,-0.007064346689730883
3666,Loss/value,0.00944176409393549
3666,Metrics/base_velocity/error_vel_xy,0.3686128556728363
3666,Metrics/base_velocity/error_vel_yaw,0.4688039720058441
3666,Metrics/success_rate,0.31947752833366394
3666,Perf/collection_time,8.535249710083008
3666,Perf/learning_time,0.3437035083770752
3666,Perf/total_fps,11071.0
3666,Policy/mean_std,0.5059129595756531
3666,Train/mean_episode_length,1000.0
3666,Train/mean_reward,4.140746593475342
3760,Curriculum/terrain_levels,0.27227783203125
3760,Episode_Reward/action_rate_l2,-0.15725883841514587
3760,Episode_Reward/ang_vel_xy_l2,-0.010536781512200832
3760,Episode_Reward/dof_acc_l2,-0.1019384115934372
3760,Episode_Reward/dof_pos_limits,0.0
3760,Episode_Reward/dof_torques_l2,-0.3435722291469574
3760,Episode_Reward/feet_air_time,-0.006541858892887831
3760,Episode_Reward/flat_orientation_l2,0.0
3760,Episode_Reward/lin_vel_z_l2,-0.05232372507452965
3760,Episode_Reward/track_ang_vel_z_exp,0.27254152297973633
3760,Episode_Reward/track_lin_vel_xy_exp,0.5969774127006531
3760,Episode_Reward/undesired_contacts,-0.0061173588037490845
3760,Episode_Termination/base_contact,0.002197265625
3760,Episode_Termination/time_out,0.997802734375
3760,Loss/entropy,10.53071403503418
3760,Loss/learning_rate,0.0001316872367169708
3760,Loss/surrogate,-0.005246492102742195
3760,Loss/value,0.010832422412931919
3760,Metrics/base_velocity/error_vel_xy,0.3863205909729004
3760,Metrics/base_velocity/error_vel_yaw,0.44574636220932007
3760,Metrics/success_rate,0.4576389193534851
3760,Perf/collection_time,5.245464324951172
3760,Perf/learning_time,0.2332749366760254
3760,Perf/total_fps,17942.0
3760,Policy/mean_std,0.5048421025276184
3760,Train/mean_episode_length,1000.0
3760,Train/mean_reward,3.5623552799224854
3823,Train/mean_episode_length/time,1000.0
3823,Train/mean_reward/time,1.1376581192016602
3854,Curriculum/terrain_levels,0.3060302734375
3854,Episode_Reward/action_rate_l2,-0.16005811095237732
3854,Episode_Reward/ang_vel_xy_l2,-0.010710865259170532
3854,Episode_Reward/dof_acc_l2,-0.10669690370559692
3854,Episode_Reward/dof_pos_limits,0.0
3854,Episode_Reward/dof_torques_l2,-0.3427545428276062
3854,Episode_Reward/feet_air_time,-0.006859567016363144
3854,Episode_Reward/flat_orientation_l2,0.0
3854,Episode_Reward/lin_vel_z_l2,-0.0525648295879364
3854,Episode_Reward/track_ang_vel_z_exp,0.2729148268699646
3854,Episode_Reward/track_lin_vel_xy_exp,0.616132378578186
3854,Episode_Reward/undesired_contacts,-0.006794044282287359
3854,Episode_Termination/base_contact,0.0
3854,Episode_Termination/time_out,1.0
3854,Loss/entropy,10.693685531616211
3854,Loss/learning_rate,0.00019753086962737143
3854,Loss/surrogate,-0.0053382012993097305
3854,Loss/value,0.011362566612660885
3854,Metrics/base_velocity/error_vel_xy,0.37246546149253845
3854,Metrics/base_velocity/error_vel_yaw,0.4388086497783661
3854,Metrics/success_rate,0.3970734477043152
3854,Perf/collection_time,4.556563377380371
3854,Perf/learning_time,0.19417572021484375
3854,Perf/total_fps,20692.0
3854,Policy/mean_std,0.508457362651825
3854,Train/mean_episode_length,1000.0
3854,Train/mean_reward,4.08388614654541
3948,Curriculum/terrain_levels,0.31640625
3948,Episode_Reward/action_rate_l2,-0.15853352844715118
3948,Episode_Reward/ang_vel_xy_l2,-0.009840432554483414
3948,Episode_Reward/dof_acc_l2,-0.10551518201828003
3948,Episode_Reward/dof_pos_limits,0.0
3948,Episode_Reward/dof_torques_l2,-0.344676673412323
3948,Episode_Reward/feet_air_time,-0.00664097722619772
3948,Episode_Reward/flat_orientation_l2,0.0
3948,Episode_Reward/lin_vel_z_l2,-0.05173421651124954
3948,Episode_Reward/track_ang_vel_z_exp,0.2928430438041687
3948,Episode_Reward/track_lin_vel_xy_exp,0.6370969414710999
3948,Episode_Reward/undesired_contacts,-0.0067756930366158485
3948,Episode_Termination/base_contact,0.0009765625
3948,Episode_Termination/time_out,0.9990234375
3948,Loss/entropy,10.725380897521973
3948,Loss/learning_rate,0.0001316872367169708
3948,Loss/surrogate,-0.006567015312612057
3948,Loss/value,0.013206323608756065
3948,Metrics/base_velocity/error_vel_xy,0.355552613735199
3948,Metrics/base_velocity/error_vel_yaw,0.40067920088768005
3948,Metrics/success_rate,0.5229166746139526
3948,Perf/collection_time,4.736771583557129
3948,Perf/learning_time,0.20645785331726074
3948,Perf/total_fps,19886.0
3948,Policy/mean_std,0.5086628794670105
3948,Train/mean_episode_length,1000.0
3948,Train/mean_reward,4.788861274719238
4042,Curriculum/terrain_levels,0.3347371518611908
4042,Episode_Reward/action_rate_l2,-0.16057726740837097
4042,Episode_Reward/ang_vel_xy_l2,-0.010665732435882092
4042,Episode_Reward/dof_acc_l2,-0.1006987914443016
4042,Episode_Reward/dof_pos_limits,0.0
4042,Episode_Reward/dof_torques_l2,-0.3451157212257385
4042,Episode_Reward/feet_air_time,-0.006512675434350967
4042,Episode_Reward/flat_orientation_l2,0.0
4042,Episode_Reward/lin_vel_z_l2,-0.05489102751016617
4042,Episode_Reward/track_ang_vel_z_exp,0.29062002897262573
4042,Episode_Reward/track_lin_vel_xy_exp,0.6268686056137085
4042,Episode_Reward/undesired_contacts,-0.007220367901027203
4042,Episode_Termination/base_contact,0.00244140625
4042,Episode_Termination/time_out,0.99755859375
4042,Loss/entropy,10.854401588439941
4042,Loss/learning_rate,0.0001316872367169708
4042,Loss/surrogate,-0.005694678984582424
4042,Loss/value,0.011012495495378971
4042,Metrics/base_velocity/error_vel_xy,0.36692970991134644
4042,Metrics/base_velocity/error_vel_yaw,0.4078310430049896
4042,Metrics/success_rate,0.5434855222702026
4042,Perf/collection_time,4.924324989318848
4042,Perf/learning_time,0.19830703735351562
4042,Perf/total_fps,19190.0
4042,Policy/mean_std,0.5096453428268433
4042,Train/mean_episode_length,1000.0
4042,Train/mean_reward,4.509329319000244
4136,Curriculum/terrain_levels,0.3313497006893158
4136,Episode_Reward/action_rate_l2,-0.15909764170646667
4136,Episode_Reward/ang_vel_xy_l2,-0.010254286229610443
4136,Episode_Reward/dof_acc_l2,-0.10331758111715317
4136,Episode_Reward/dof_pos_limits,0.0
4136,Episode_Reward/dof_torques_l2,-0.332996129989624
4136,Episode_Reward/feet_air_time,-0.0065581961534917355
4136,Episode_Reward/flat_orientation_l2,0.0
4136,Episode_Reward/lin_vel_z_l2,-0.050127267837524414
4136,Episode_Reward/track_ang_vel_z_exp,0.30627769231796265
4136,Episode_Reward/track_lin_vel_xy_exp,0.6283050775527954
4136,Episode_Reward/undesired_contacts,-0.006092672701925039
4136,Episode_Termination/base_contact,0.000244140625
4136,Episode_Termination/time_out,0.999755859375
4136,Loss/entropy,10.813709259033203
4136,Loss/learning_rate,0.0001316872367169708
4136,Loss/surrogate,-0.00637467997148633
4136,Loss/value,0.01109820045530796
4136,Metrics/base_velocity/error_vel_xy,0.3616165518760681
4136,Metrics/base_velocity/error_vel_yaw,0.37839221954345703
4136,Metrics/success_rate,0.5313327312469482
4136,Perf/collection_time,4.878423690795898
4136,Perf/learning_time,0.2107386589050293
4136,Perf/total_fps,19316.0
4136,Policy/mean_std,0.5094507932662964
4136,Train/mean_episode_length,1000.0
4136,Train/mean_reward,5.060194492340088
4230,Curriculum/terrain_levels,0.3371175229549408
4230,Episode_Reward/action_rate_l2,-0.15814261138439178
4230,Episode_Reward/ang_vel_xy_l2,-0.009453906677663326
4230,Episode_Reward/dof_acc_l2,-0.10802364349365234
4230,Episode_Reward/dof_pos_limits,0.0
4230,Episode_Reward/dof_torques_l2,-0.34384068846702576
4230,Episode_Reward/feet_air_time,-0.006604146212339401
4230,Episode_Reward/flat_orientation_l2,0.0
4230,Episode_Reward/lin_vel_z_l2,-0.04592093825340271
4230,Episode_Reward/track_ang_vel_z_exp,0.2773739695549011
4230,Episode_Reward/track_lin_vel_xy_exp,0.5777769088745117
4230,Episode_Reward/undesired_contacts,-0.006100724451243877
4230,Episode_Termination/base_contact,0.00048828125
4230,Episode_Termination/time_out,0.99951171875
4230,Loss/entropy,10.671575546264648
4230,Loss/learning_rate,0.0001316872367169708
4230,Loss/surrogate,-0.006120163947343826
4230,Loss/value,0.012113337405025959
4230,Metrics/base_velocity/error_vel_xy,0.40046367049217224
4230,Metrics/base_velocity/error_vel_yaw,0.4314514994621277
4230,Metrics/success_rate,0.4052579402923584
4230,Perf/collection_time,4.803874969482422
4230,Perf/learning_time,0.20441126823425293
4230,Perf/total_fps,19628.0
4230,Policy/mean_std,0.5080398321151733
4230,Train/mean_episode_length,1000.0
4230,Train/mean_reward,3.590373992919922
4290,Train/mean_episode_length/time,998.4500122070312
4290,Train/mean_reward/time,2.0348212718963623
4324,Curriculum/terrain_levels,0.3659159541130066
4324,Episode_Reward/action_rate_l2,-0.1594248116016388
4324,Episode_Reward/ang_vel_xy_l2,-0.009746216237545013
4324,Episode_Reward/dof_acc_l2,-0.11074775457382202
4324,Episode_Reward/dof_pos_limits,0.0
4324,Episode_Reward/dof_torques_l2,-0.34073805809020996
4324,Episode_Reward/feet_air_time,-0.0061774179339408875
4324,Episode_Reward/flat_orientation_l2,0.0
4324,Episode_Reward/lin_vel_z_l2,-0.04885123670101166
4324,Episode_Reward/track_ang_vel_z_exp,0.29317706823349
4324,Episode_Reward/track_lin_vel_xy_exp,0.6338984370231628
4324,Episode_Reward/undesired_contacts,-0.011761335656046867
4324,Episode_Termination/base_contact,0.0
4324,Episode_Termination/time_out,1.0
4324,Loss/entropy,10.831183433532715
4324,Loss/learning_rate,0.0001316872367169708
4324,Loss/surrogate,-0.005871607922017574
4324,Loss/value,0.012105701491236687
4324,Metrics/base_velocity/error_vel_xy,0.357888400554657
4324,Metrics/base_velocity/error_vel_yaw,0.4017498195171356
4324,Metrics/success_rate,0.5413194894790649
4324,Perf/collection_time,4.661529541015625
4324,Perf/learning_time,0.19734573364257812
4324,Perf/total_fps,20231.0
4324,Policy/mean_std,0.5098161101341248
4324,Train/mean_episode_length,1000.0
4324,Train/mean_reward,4.6124773025512695
4418,Curriculum/terrain_levels,0.3516744077205658
4418,Episode_Reward/action_rate_l2,-0.15892763435840607
4418,Episode_Reward/ang_vel_xy_l2,-0.009560322389006615
4418,Episode_Reward/dof_acc_l2,-0.11424195766448975
4418,Episode_Reward/dof_pos_limits,0.0
4418,Episode_Reward/dof_torques_l2,-0.3344589173793793
4418,Episode_Reward/feet_air_time,-0.0065439376048743725
4418,Episode_Reward/flat_orientation_l2,0.0
4418,Episode_Reward/lin_vel_z_l2,-0.04754246398806572
4418,Episode_Reward/track_ang_vel_z_exp,0.3070369362831116
4418,Episode_Reward/track_lin_vel_xy_exp,0.6301308870315552
4418,Episode_Reward/undesired_contacts,-0.002732885768637061
4418,Episode_Termination/base_contact,0.0009765625
4418,Episode_Termination/time_out,0.9990234375
4418,Loss/entropy,10.865488052368164
4418,Loss/learning_rate,0.0001316872367169708
4418,Loss/surrogate,-0.006667044013738632
4418,Loss/value,0.013101418502628803
4418,Metrics/base_velocity/error_vel_xy,0.35664042830467224
4418,Metrics/base_velocity/error_vel_yaw,0.3831613063812256
4418,Metrics/success_rate,0.5605654716491699
4418,Perf/collection_time,4.693914413452148
4418,Perf/learning_time,0.19140100479125977
4418,Perf/total_fps,20122.0
4418,Policy/mean_std,0.5115451216697693
4418,Train/mean_episode_length,1000.0
4418,Train/mean_reward,5.3554768562316895
4512,Curriculum/terrain_levels,0.3514811396598816
4512,Episode_Reward/action_rate_l2,-0.15941470861434937
4512,Episode_Reward/ang_vel_xy_l2,-0.009291294030845165
4512,Episode_Reward/dof_acc_l2,-0.10345233976840973
4512,Episode_Reward/dof_pos_limits,0.0
4512,Episode_Reward/dof_torques_l2,-0.3362221121788025
4512,Episode_Reward/feet_air_time,-0.006607802119106054
4512,Episode_Reward/flat_orientation_l2,0.0
4512,Episode_Reward/lin_vel_z_l2,-0.0475505068898201
4512,Episode_Reward/track_ang_vel_z_exp,0.2899104952812195
4512,Episode_Reward/track_lin_vel_xy_exp,0.6052737832069397
4512,Episode_Reward/undesired_contacts,-0.004019591957330704
4512,Episode_Termination/base_contact,0.00048828125
4512,Episode_Termination/time_out,0.99951171875
4512,Loss/entropy,10.619380950927734
4512,Loss/learning_rate,0.0001316872367169708
4512,Loss/surrogate,-0.0058906543999910355
4512,Loss/value,0.01064522098749876
4512,Metrics/base_velocity/error_vel_xy,0.3787589967250824
4512,Metrics/base_velocity/error_vel_yaw,0.4129912853240967
4512,Metrics/success_rate,0.5313327312469482
4512,Perf/collection_time,4.499914169311523
4512,Perf/learning_time,0.19340062141418457
4512,Perf/total_fps,20945.0
4512,Policy/mean_std,0.5084675550460815
4512,Train/mean_episode_length,1000.0
4512,Train/mean_reward,5.087981224060059
4606,Curriculum/terrain_levels,0.3567606806755066
4606,Episode_Reward/action_rate_l2,-0.15860946476459503
4606,Episode_Reward/ang_vel_xy_l2,-0.009427381679415703
4606,Episode_Reward/dof_acc_l2,-0.10523909330368042
4606,Episode_Reward/dof_pos_limits,0.0
4606,Episode_Reward/dof_torques_l2,-0.33279556035995483
4606,Episode_Reward/feet_air_time,-0.006580044981092215
4606,Episode_Reward/flat_orientation_l2,0.0
4606,Episode_Reward/lin_vel_z_l2,-0.047450609505176544
4606,Episode_Reward/track_ang_vel_z_exp,0.30220019817352295
4606,Episode_Reward/track_lin_vel_xy_exp,0.6288762092590332
4606,Episode_Reward/undesired_contacts,-0.002968153916299343
4606,Episode_Termination/base_contact,0.000732421875
4606,Episode_Termination/time_out,0.999267578125
4606,Loss/entropy,10.687026977539062
4606,Loss/learning_rate,0.0001316872367169708
4606,Loss/surrogate,-0.0069147441536188126
4606,Loss/value,0.011227749288082123
4606,Metrics/base_velocity/error_vel_xy,0.3570345640182495
4606,Metrics/base_velocity/error_vel_yaw,0.3906535506248474
4606,Metrics/success_rate,0.4902777671813965
4606,Perf/collection_time,4.73850154876709
4606,Perf/learning_time,0.214921236038208
4606,Perf/total_fps,19845.0
4606,Policy/mean_std,0.5090308785438538
4606,Train/mean_episode_length,1000.0
4606,Train/mean_reward,4.341268539428711
4700,Curriculum/terrain_levels,0.3499552607536316
4700,Episode_Reward/action_rate_l2,-0.15729743242263794
4700,Episode_Reward/ang_vel_xy_l2,-0.008993372321128845
4700,Episode_Reward/dof_acc_l2,-0.10671870410442352
4700,Episode_Reward/dof_pos_limits,0.0
4700,Episode_Reward/dof_torques_l2,-0.334586501121521
4700,Episode_Reward/feet_air_time,-0.0062973229214549065
4700,Episode_Reward/flat_orientation_l2,0.0
4700,Episode_Reward/lin_vel_z_l2,-0.044945284724235535
4700,Episode_Reward/track_ang_vel_z_exp,0.30180883407592773
4700,Episode_Reward/track_lin_vel_xy_exp,0.5985299348831177
4700,Episode_Reward/undesired_contacts,-0.013466723263263702
4700,Episode_Termination/base_contact,0.00146484375
4700,Episode_Termination/time_out,0.99853515625
4700,Loss/entropy,10.6331787109375
4700,Loss/learning_rate,0.0001316872367169708
4700,Loss/surrogate,-0.004479024093598127
4700,Loss/value,0.010651067830622196
4700,Metrics/base_velocity/error_vel_xy,0.39217615127563477
4700,Metrics/base_velocity/error_vel_yaw,0.3954392671585083
4700,Metrics/success_rate,0.4655753970146179
4700,Perf/collection_time,4.860620975494385
4700,Perf/learning_time,0.23817825317382812
4700,Perf/total_fps,19279.0
4700,Policy/mean_std,0.5094665884971619
4700,Train/mean_episode_length,1000.0
4700,Train/mean_reward,5.061697959899902
4759,Train/mean_episode_length/time,1000.0
4759,Train/mean_reward/time,1.3188495635986328
4794,Curriculum/terrain_levels,0.3755900263786316
4794,Episode_Reward/action_rate_l2,-0.16092386841773987
4794,Episode_Reward/ang_vel_xy_l2,-0.010756483301520348
4794,Episode_Reward/dof_acc_l2,-0.11536931246519089
4794,Episode_Reward/dof_pos_limits,0.0
4794,Episode_Reward/dof_torques_l2,-0.335941880941391
4794,Episode_Reward/feet_air_time,-0.006522204726934433
4794,Episode_Reward/flat_orientation_l2,0.0
4794,Episode_Reward/lin_vel_z_l2,-0.04873993992805481
4794,Episode_Reward/track_ang_vel_z_exp,0.2923208475112915
4794,Episode_Reward/track_lin_vel_xy_exp,0.5964581370353699
4794,Episode_Reward/undesired_contacts,-0.006983179599046707
4794,Episode_Termination/base_contact,0.000732421875
4794,Episode_Termination/time_out,0.999267578125
4794,Loss/entropy,10.714016914367676
4794,Loss/learning_rate,8.77914935699664e-05
4794,Loss/surrogate,-0.005668282974511385
4794,Loss/value,0.012218961492180824
4794,Metrics/base_velocity/error_vel_xy,0.3913406729698181
4794,Metrics/base_velocity/error_vel_yaw,0.41543397307395935
4794,Metrics/success_rate,0.4797123372554779
4794,Perf/collection_time,4.466334342956543
4794,Perf/learning_time,0.19129276275634766
4794,Perf/total_fps,21106.0
4794,Policy/mean_std,0.5100570917129517
4794,Train/mean_episode_length,1000.0
4794,Train/mean_reward,4.156541347503662
4888,Curriculum/terrain_levels,0.3899129331111908
4888,Episode_Reward/action_rate_l2,-0.15989699959754944
4888,Episode_Reward/ang_vel_xy_l2,-0.009850649163126945
4888,Episode_Reward/dof_acc_l2,-0.10845910012722015
4888,Episode_Reward/dof_pos_limits,0.0
4888,Episode_Reward/dof_torques_l2,-0.33298325538635254
4888,Episode_Reward/feet_air_time,-0.0065603903494775295
4888,Episode_Reward/flat_orientation_l2,0.0
4888,Episode_Reward/lin_vel_z_l2,-0.0476582869887352
4888,Episode_Reward/track_ang_vel_z_exp,0.29966503381729126
4888,Episode_Reward/track_lin_vel_xy_exp,0.5853139162063599
4888,Episode_Reward/undesired_contacts,-0.003319443203508854
4888,Episode_Termination/base_contact,0.000244140625
4888,Episode_Termination/time_out,0.999755859375
4888,Loss/entropy,10.611481666564941
4888,Loss/learning_rate,0.0001316872367169708
4888,Loss/surrogate,-0.005376869346946478
4888,Loss/value,0.012552652508020401
4888,Metrics/base_velocity/error_vel_xy,0.39728766679763794
4888,Metrics/base_velocity/error_vel_yaw,0.393772691488266
4888,Metrics/success_rate,0.5362013578414917
4888,Perf/collection_time,4.529663562774658
4888,Perf/learning_time,0.1932210922241211
4888,Perf/total_fps,20814.0
4888,Policy/mean_std,0.5096363425254822
4888,Train/mean_episode_length,1000.0
4888,Train/mean_reward,4.603541851043701
4982,Curriculum/terrain_levels,0.3801676630973816
4982,Episode_Reward/action_rate_l2,-0.1604943573474884
4982,Episode_Reward/ang_vel_xy_l2,-0.010529182851314545
4982,Episode_Reward/dof_acc_l2,-0.10836135596036911
4982,Episode_Reward/dof_pos_limits,0.0
4982,Episode_Reward/dof_torques_l2,-0.3200186491012573
4982,Episode_Reward/feet_air_time,-0.006604972295463085
4982,Episode_Reward/flat_orientation_l2,0.0
4982,Episode_Reward/lin_vel_z_l2,-0.04909687489271164
4982,Episode_Reward/track_ang_vel_z_exp,0.3116661608219147
4982,Episode_Reward/track_lin_vel_xy_exp,0.666827380657196
4982,Episode_Reward/undesired_contacts,-0.0035663177259266376
4982,Episode_Termination/base_contact,0.00048828125
4982,Episode_Termination/time_out,0.99951171875
4982,Loss/entropy,10.502107620239258
4982,Loss/learning_rate,0.0001316872367169708
4982,Loss/surrogate,-0.005915649235248566
4982,Loss/value,0.010532417334616184
4982,Metrics/base_velocity/error_vel_xy,0.32904472947120667
4982,Metrics/base_velocity/error_vel_yaw,0.3708965480327606
4982,Metrics/success_rate,0.6068452596664429
4982,Perf/collection_time,5.362490653991699
4982,Perf/learning_time,0.25721049308776855
4982,Perf/total_fps,17492.0
4982,Policy/mean_std,0.5091724991798401
4982,Train/mean_episode_length,1000.0
4982,Train/mean_reward,5.1659674644470215
5076,Curriculum/terrain_levels,0.380279541015625
5076,Episode_Reward/action_rate_l2,-0.1600702852010727
5076,Episode_Reward/ang_vel_xy_l2,-0.009328785352408886
5076,Episode_Reward/dof_acc_l2,-0.11700785160064697
5076,Episode_Reward/dof_pos_limits,0.0
5076,Episode_Reward/dof_torques_l2,-0.33143776655197144
5076,Episode_Reward/feet_air_time,-0.006676110439002514
5076,Episode_Reward/flat_orientation_l2,0.0
5076,Episode_Reward/lin_vel_z_l2,-0.04981347173452377
5076,Episode_Reward/track_ang_vel_z_exp,0.3112671375274658
5076,Episode_Reward/track_lin_vel_xy_exp,0.6084403991699219
5076,Episode_Reward/undesired_contacts,-0.004103604704141617
5076,Episode_Termination/base_contact,0.00146484375
5076,Episode_Termination/time_out,0.99853515625
5076,Loss/entropy,10.684950828552246
5076,Loss/learning_rate,0.0001316872367169708
5076,Loss/surrogate,-0.006705703679472208
5076,Loss/value,0.009875045157968998
5076,Metrics/base_velocity/error_vel_xy,0.37639421224594116
5076,Metrics/base_velocity/error_vel_yaw,0.3736437261104584
5076,Metrics/success_rate,0.5343483686447144
5076,Perf/collection_time,4.668181419372559
5076,Perf/learning_time,0.19966363906860352
5076,Perf/total_fps,20194.0
5076,Policy/mean_std,0.5114364624023438
5076,Train/mean_episode_length,1000.0
5076,Train/mean_reward,4.744735240936279
5170,Curriculum/terrain_levels,0.3797810971736908
5170,Episode_Reward/action_rate_l2,-0.15976539254188538
5170,Episode_Reward/ang_vel_xy_l2,-0.009372461587190628
5170,Episode_Reward/dof_acc_l2,-0.1065644770860672
5170,Episode_Reward/dof_pos_limits,0.0
5170,Episode_Reward/dof_torques_l2,-0.3235458433628082
5170,Episode_Reward/feet_air_time,-0.006312724202871323
5170,Episode_Reward/flat_orientation_l2,0.0
5170,Episode_Reward/lin_vel_z_l2,-0.049910690635442734
5170,Episode_Reward/track_ang_vel_z_exp,0.32449692487716675
5170,Episode_Reward/track_lin_vel_xy_exp,0.6561833620071411
5170,Episode_Reward/undesired_contacts,-0.001452133059501648
5170,Episode_Termination/base_contact,0.0025736491661518812
5170,Episode_Termination/time_out,0.9974263906478882
5170,Loss/entropy,10.62467098236084
5170,Loss/learning_rate,8.77914935699664e-05
5170,Loss/surrogate,-0.005046461708843708
5170,Loss/value,0.011989668011665344
5170,Metrics/base_velocity/error_vel_xy,0.33248254656791687
5170,Metrics/base_velocity/error_vel_yaw,0.34845539927482605
5170,Metrics/success_rate,0.6021329760551453
5170,Perf/collection_time,4.642643928527832
5170,Perf/learning_time,0.20418953895568848
5170,Perf/total_fps,20282.0
5170,Policy/mean_std,0.5105472803115845
5170,Train/mean_episode_length,994.0900268554688
5170,Train/mean_reward,6.080198287963867
5230,Train/mean_episode_length/time,1000.0
5230,Train/mean_reward/time,1.7538330554962158
5264,Curriculum/terrain_levels,0.3629964292049408
5264,Episode_Reward/action_rate_l2,-0.15727770328521729
5264,Episode_Reward/ang_vel_xy_l2,-0.008748628199100494
5264,Episode_Reward/dof_acc_l2,-0.10644567012786865
5264,Episode_Reward/dof_pos_limits,0.0
5264,Episode_Reward/dof_torques_l2,-0.32789817452430725
5264,Episode_Reward/feet_air_time,-0.006383683532476425
5264,Episode_Reward/flat_orientation_l2,0.0
5264,Episode_Reward/lin_vel_z_l2,-0.045138098299503326
5264,Episode_Reward/track_ang_vel_z_exp,0.32400187849998474
5264,Episode_Reward/track_lin_vel_xy_exp,0.6406306624412537
5264,Episode_Reward/undesired_contacts,-0.0011051584733650088
5264,Episode_Termination/base_contact,0.001953125
5264,Episode_Termination/time_out,0.998046875
5264,Loss/entropy,10.64264965057373
5264,Loss/learning_rate,8.77914935699664e-05
5264,Loss/surrogate,-0.005213236901909113
5264,Loss/value,0.014408119022846222
5264,Metrics/base_velocity/error_vel_xy,0.3507347106933594
5264,Metrics/base_velocity/error_vel_yaw,0.3530871272087097
5264,Metrics/success_rate,0.5949405431747437
5264,Perf/collection_time,4.582996368408203
5264,Perf/learning_time,0.18828248977661133
5264,Perf/total_fps,20603.0
5264,Policy/mean_std,0.510113537311554
5264,Train/mean_episode_length,1000.0
5264,Train/mean_reward,6.320473670959473
5358,Curriculum/terrain_levels,0.371917724609375
5358,Episode_Reward/action_rate_l2,-0.16106924414634705
5358,Episode_Reward/ang_vel_xy_l2,-0.010024599730968475
5358,Episode_Reward/dof_acc_l2,-0.10804643481969833
5358,Episode_Reward/dof_pos_limits,0.0
5358,Episode_Reward/dof_torques_l2,-0.3277016282081604
5358,Episode_Reward/feet_air_time,-0.006124259438365698
5358,Episode_Reward/flat_orientation_l2,0.0
5358,Episode_Reward/lin_vel_z_l2,-0.05250666290521622
5358,Episode_Reward/track_ang_vel_z_exp,0.329925000667572
5358,Episode_Reward/track_lin_vel_xy_exp,0.6458927989006042
5358,Episode_Reward/undesired_contacts,-0.002842129673808813
5358,Episode_Termination/base_contact,0.00048828125
5358,Episode_Termination/time_out,0.99951171875
5358,Loss/entropy,10.859552383422852
5358,Loss/learning_rate,0.0001316872367169708
5358,Loss/surrogate,-0.004329041577875614
5358,Loss/value,0.01338071096688509
5358,Metrics/base_velocity/error_vel_xy,0.3482092022895813
5358,Metrics/base_velocity/error_vel_yaw,0.3379722833633423
5358,Metrics/success_rate,0.6566137671470642
5358,Perf/collection_time,4.559674263000488
5358,Perf/learning_time,0.19077849388122559
5358,Perf/total_fps,20693.0
5358,Policy/mean_std,0.5127851963043213
5358,Train/mean_episode_length,1000.0
5358,Train/mean_reward,6.83221435546875
5452,Curriculum/terrain_levels,0.3895467221736908
5452,Episode_Reward/action_rate_l2,-0.16330602765083313
5452,Episode_Reward/ang_vel_xy_l2,-0.009504169225692749
5452,Episode_Reward/dof_acc_l2,-0.11189819872379303
5452,Episode_Reward/dof_pos_limits,0.0
5452,Episode_Reward/dof_torques_l2,-0.3249710202217102
5452,Episode_Reward/feet_air_time,-0.006410542409867048
5452,Episode_Reward/flat_orientation_l2,0.0
5452,Episode_Reward/lin_vel_z_l2,-0.04760811850428581
5452,Episode_Reward/track_ang_vel_z_exp,0.31418105959892273
5452,Episode_Reward/track_lin_vel_xy_exp,0.6432535648345947
5452,Episode_Reward/undesired_contacts,-0.0025570434518158436
5452,Episode_Termination/base_contact,0.0009765625
5452,Episode_Termination/time_out,0.9990234375
5452,Loss/entropy,10.998491287231445
5452,Loss/learning_rate,0.0001316872367169708
5452,Loss/surrogate,-0.005379886832088232
5452,Loss/value,0.012417204678058624
5452,Metrics/base_velocity/error_vel_xy,0.34699010848999023
5452,Metrics/base_velocity/error_vel_yaw,0.36775392293930054
5452,Metrics/success_rate,0.5387400984764099
5452,Perf/collection_time,4.563018321990967
5452,Perf/learning_time,0.19930028915405273
5452,Perf/total_fps,20642.0
5452,Policy/mean_std,0.5155625939369202
5452,Train/mean_episode_length,1000.0
5452,Train/mean_reward,5.872039794921875
5546,Curriculum/terrain_levels,0.395751953125
5546,Episode_Reward/action_rate_l2,-0.1620480716228485
5546,Episode_Reward/ang_vel_xy_l2,-0.009478377178311348
5546,Episode_Reward/dof_acc_l2,-0.11138670146465302
5546,Episode_Reward/dof_pos_limits,0.0
5546,Episode_Reward/dof_torques_l2,-0.32613369822502136
5546,Episode_Reward/feet_air_time,-0.006303334143012762
5546,Episode_Reward/flat_orientation_l2,0.0
5546,Episode_Reward/lin_vel_z_l2,-0.04769350215792656
5546,Episode_Reward/track_ang_vel_z_exp,0.3341139256954193
5546,Episode_Reward/track_lin_vel_xy_exp,0.6586691737174988
5546,Episode_Reward/undesired_contacts,-0.0022061006166040897
5546,Episode_Termination/base_contact,0.00048828125
5546,Episode_Termination/time_out,0.99951171875
5546,Loss/entropy,10.932544708251953
5546,Loss/learning_rate,0.0001316872367169708
5546,Loss/surrogate,-0.005889624357223511
5546,Loss/value,0.011479628272354603
5546,Metrics/base_velocity/error_vel_xy,0.3391997218132019
5546,Metrics/base_velocity/error_vel_yaw,0.3333958089351654
5546,Metrics/success_rate,0.6670138835906982
5546,Perf/collection_time,4.955860614776611
5546,Perf/learning_time,0.20191121101379395
5546,Perf/total_fps,19059.0
5546,Policy/mean_std,0.5149899125099182
5546,Train/mean_episode_length,1000.0
5546,Train/mean_reward,6.441792964935303
5640,Curriculum/terrain_levels,0.4160563349723816
5640,Episode_Reward/action_rate_l2,-0.16224363446235657
5640,Episode_Reward/ang_vel_xy_l2,-0.008966314606368542
5640,Episode_Reward/dof_acc_l2,-0.1200358122587204
5640,Episode_Reward/dof_pos_limits,0.0
5640,Episode_Reward/dof_torques_l2,-0.3306519389152527
5640,Episode_Reward/feet_air_time,-0.006406967993825674
5640,Episode_Reward/flat_orientation_l2,0.0
5640,Episode_Reward/lin_vel_z_l2,-0.050080396234989166
5640,Episode_Reward/track_ang_vel_z_exp,0.32082149386405945
5640,Episode_Reward/track_lin_vel_xy_exp,0.6173431277275085
5640,Episode_Reward/undesired_contacts,-0.01090991497039795
5640,Episode_Termination/base_contact,0.00048828125
5640,Episode_Termination/time_out,0.99951171875
5640,Loss/entropy,11.160360336303711
5640,Loss/learning_rate,0.0001316872367169708
5640,Loss/surrogate,-0.005487727001309395
5640,Loss/value,0.012204879894852638
5640,Metrics/base_velocity/error_vel_xy,0.3714938163757324
5640,Metrics/base_velocity/error_vel_yaw,0.3576774299144745
5640,Metrics/success_rate,0.5991071462631226
5640,Perf/collection_time,4.718340873718262
5640,Perf/learning_time,0.20881199836730957
5640,Perf/total_fps,19951.0
5640,Policy/mean_std,0.5170796513557434
5640,Train/mean_episode_length,1000.0
5640,Train/mean_reward,4.940664291381836
5695,Train/mean_episode_length/time,998.5599975585938
5695,Train/mean_reward/time,1.594591498374939
5734,Curriculum/terrain_levels,0.4448649287223816
5734,Episode_Reward/action_rate_l2,-0.16328230500221252
5734,Episode_Reward/ang_vel_xy_l2,-0.009870721958577633
5734,Episode_Reward/dof_acc_l2,-0.11076889932155609
5734,Episode_Reward/dof_pos_limits,0.0
5734,Episode_Reward/dof_torques_l2,-0.32607218623161316
5734,Episode_Reward/feet_air_time,-0.006093400530517101
5734,Episode_Reward/flat_orientation_l2,0.0
5734,Episode_Reward/lin_vel_z_l2,-0.048611268401145935
5734,Episode_Reward/track_ang_vel_z_exp,0.33083516359329224
5734,Episode_Reward/track_lin_vel_xy_exp,0.6689648628234863
5734,Episode_Reward/undesired_contacts,-0.000841170665808022
5734,Episode_Termination/base_contact,0.0009765625
5734,Episode_Termination/time_out,0.9990234375
5734,Loss/entropy,11.306442260742188
5734,Loss/learning_rate,0.0001316872367169708
5734,Loss/surrogate,-0.0064174458384513855
5734,Loss/value,0.011759226210415363
5734,Metrics/base_velocity/error_vel_xy,0.32812267541885376
5734,Metrics/base_velocity/error_vel_yaw,0.3334430456161499
5734,Metrics/success_rate,0.6470238566398621
5734,Perf/collection_time,4.593829154968262
5734,Perf/learning_time,0.19840669631958008
5734,Perf/total_fps,20513.0
5734,Policy/mean_std,0.520016610622406
5734,Train/mean_episode_length,1000.0
5734,Train/mean_reward,6.219386577606201
5828,Curriculum/terrain_levels,0.4534098505973816
5828,Episode_Reward/action_rate_l2,-0.16342394053936005
5828,Episode_Reward/ang_vel_xy_l2,-0.00963599979877472
5828,Episode_Reward/dof_acc_l2,-0.1152058094739914
5828,Episode_Reward/dof_pos_limits,0.0
5828,Episode_Reward/dof_torques_l2,-0.3286069333553314
5828,Episode_Reward/feet_air_time,-0.006241003982722759
5828,Episode_Reward/flat_orientation_l2,0.0
5828,Episode_Reward/lin_vel_z_l2,-0.04776764661073685
5828,Episode_Reward/track_ang_vel_z_exp,0.31424257159233093
5828,Episode_Reward/track_lin_vel_xy_exp,0.6002225279808044
5828,Episode_Reward/undesired_contacts,-0.0039038676768541336
5828,Episode_Termination/base_contact,0.002685546875
5828,Episode_Termination/time_out,0.997314453125
5828,Loss/entropy,11.514935493469238
5828,Loss/learning_rate,0.0001316872367169708
5828,Loss/surrogate,-0.005621013697236776
5828,Loss/value,0.01214645430445671
5828,Metrics/base_velocity/error_vel_xy,0.39502620697021484
5828,Metrics/base_velocity/error_vel_yaw,0.36664924025535583
5828,Metrics/success_rate,0.49077385663986206
5828,Perf/collection_time,4.410121917724609
5828,Perf/learning_time,0.18385839462280273
5828,Perf/total_fps,21398.0
5828,Policy/mean_std,0.5222325325012207
5828,Train/mean_episode_length,1000.0
5828,Train/mean_reward,5.5226731300354
5922,Curriculum/terrain_levels,0.455291748046875
5922,Episode_Reward/action_rate_l2,-0.16520002484321594
5922,Episode_Reward/ang_vel_xy_l2,-0.010294409468770027
5922,Episode_Reward/dof_acc_l2,-0.12349812686443329
5922,Episode_Reward/dof_pos_limits,0.0
5922,Episode_Reward/dof_torques_l2,-0.33248862624168396
5922,Episode_Reward/feet_air_time,-0.006690542213618755
5922,Episode_Reward/flat_orientation_l2,0.0
5922,Episode_Reward/lin_vel_z_l2,-0.05014064162969589
5922,Episode_Reward/track_ang_vel_z_exp,0.3116501569747925
5922,Episode_Reward/track_lin_vel_xy_exp,0.6546967625617981
5922,Episode_Reward/undesired_contacts,-0.005088325124233961
5922,Episode_Termination/base_contact,0.0009765625
5922,Episode_Termination/time_out,0.9990234375
5922,Loss/entropy,11.342205047607422
5922,Loss/learning_rate,0.0001316872367169708
5922,Loss/surrogate,-0.0069189779460430145
5922,Loss/value,0.010970456525683403
5922,Metrics/base_velocity/error_vel_xy,0.3352309465408325
5922,Metrics/base_velocity/error_vel_yaw,0.37421736121177673
5922,Metrics/success_rate,0.6535384058952332
5922,Perf/collection_time,4.408968925476074
5922,Perf/learning_time,0.1879122257232666
5922,Perf/total_fps,21384.0
5922,Policy/mean_std,0.5217636227607727
5922,Train/mean_episode_length,1000.0
5922,Train/mean_reward,5.571587562561035
6016,Curriculum/terrain_levels,0.4743754267692566
6016,Episode_Reward/action_rate_l2,-0.16446533799171448
6016,Episode_Reward/ang_vel_xy_l2,-0.01042911782860756
6016,Episode_Reward/dof_acc_l2,-0.12801681458950043
6016,Episode_Reward/dof_pos_limits,0.0
6016,Episode_Reward/dof_torques_l2,-0.33863720297813416
6016,Episode_Reward/feet_air_time,-0.006767959799617529
6016,Episode_Reward/flat_orientation_l2,0.0
6016,Episode_Reward/lin_vel_z_l2,-0.04969856142997742
6016,Episode_Reward/track_ang_vel_z_exp,0.2981823980808258
6016,Episode_Reward/track_lin_vel_xy_exp,0.5903840661048889
6016,Episode_Reward/undesired_contacts,-0.006760959979146719
6016,Episode_Termination/base_contact,0.0029296875
6016,Episode_Termination/time_out,0.9970703125
6016,Loss/entropy,11.337970733642578
6016,Loss/learning_rate,0.0001316872367169708
6016,Loss/surrogate,-0.004320722073316574
6016,Loss/value,0.011664165183901787
6016,Metrics/base_velocity/error_vel_xy,0.3879117965698242
6016,Metrics/base_velocity/error_vel_yaw,0.39081698656082153
6016,Metrics/success_rate,0.42445439100265503
6016,Perf/collection_time,4.469169616699219
6016,Perf/learning_time,0.1991727352142334
6016,Perf/total_fps,21057.0
6016,Policy/mean_std,0.5231066346168518
6016,Train/mean_episode_length,1000.0
6016,Train/mean_reward,4.362189769744873
6110,Curriculum/terrain_levels,0.4485575556755066
6110,Episode_Reward/action_rate_l2,-0.16539838910102844
6110,Episode_Reward/ang_vel_xy_l2,-0.009856827557086945
6110,Episode_Reward/dof_acc_l2,-0.11588157713413239
6110,Episode_Reward/dof_pos_limits,0.0
6110,Episode_Reward/dof_torques_l2,-0.32357433438301086
6110,Episode_Reward/feet_air_time,-0.006208749022334814
6110,Episode_Reward/flat_orientation_l2,0.0
6110,Episode_Reward/lin_vel_z_l2,-0.04607617110013962
6110,Episode_Reward/track_ang_vel_z_exp,0.3183556795120239
6110,Episode_Reward/track_lin_vel_xy_exp,0.6630285978317261
6110,Episode_Reward/undesired_contacts,-0.0022850194945931435
6110,Episode_Termination/base_contact,0.00146484375
6110,Episode_Termination/time_out,0.998779296875
6110,Loss/entropy,11.325051307678223
6110,Loss/learning_rate,5.852766480529681e-05
6110,Loss/surrogate,-0.0023700299207121134
6110,Loss/value,0.01244058832526207
6110,Metrics/base_velocity/error_vel_xy,0.33528006076812744
6110,Metrics/base_velocity/error_vel_yaw,0.3576321005821228
6110,Metrics/success_rate,0.5773810148239136
6110,Perf/collection_time,4.421242713928223
6110,Perf/learning_time,0.18699383735656738
6110,Perf/total_fps,21332.0
6110,Policy/mean_std,0.523061990737915
6110,Train/mean_episode_length,1000.0
6110,Train/mean_reward,6.126105785369873
6164,Train/mean_episode_length/time,1000.0
6164,Train/mean_reward/time,2.0805258750915527
6204,Curriculum/terrain_levels,0.465576171875
6204,Episode_Reward/action_rate_l2,-0.1640624701976776
6204,Episode_Reward/ang_vel_xy_l2,-0.009376912377774715
6204,Episode_Reward/dof_acc_l2,-0.11755549162626266
6204,Episode_Reward/dof_pos_limits,0.0
6204,Episode_Reward/dof_torques_l2,-0.33011338114738464
6204,Episode_Reward/feet_air_time,-0.006364744156599045
6204,Episode_Reward/flat_orientation_l2,0.0
6204,Episode_Reward/lin_vel_z_l2,-0.047628410160541534
6204,Episode_Reward/track_ang_vel_z_exp,0.29360660910606384
6204,Episode_Reward/track_lin_vel_xy_exp,0.6132793426513672
6204,Episode_Reward/undesired_contacts,-0.009130699560046196
6204,Episode_Termination/base_contact,0.00177001953125
6204,Episode_Termination/time_out,0.99822998046875
6204,Loss/entropy,11.416231155395508
6204,Loss/learning_rate,0.0001316872367169708
6204,Loss/surrogate,-0.007026652339845896
6204,Loss/value,0.013987508602440357
6204,Metrics/base_velocity/error_vel_xy,0.378333181142807
6204,Metrics/base_velocity/error_vel_yaw,0.41074055433273315
6204,Metrics/success_rate,0.470734179019928
6204,Perf/collection_time,4.438529014587402
6204,Perf/learning_time,0.1926558017730713
6204,Perf/total_fps,21226.0
6204,Policy/mean_std,0.523446798324585
6204,Train/mean_episode_length,997.0399780273438
6204,Train/mean_reward,4.811567783355713
6298,Curriculum/terrain_levels,0.476318359375
6298,Episode_Reward/action_rate_l2,-0.16625317931175232
6298,Episode_Reward/ang_vel_xy_l2,-0.010865353047847748
6298,Episode_Reward/dof_acc_l2,-0.13780154287815094
6298,Episode_Reward/dof_pos_limits,0.0
6298,Episode_Reward/dof_torques_l2,-0.33031389117240906
6298,Episode_Reward/feet_air_time,-0.006762458942830563
6298,Episode_Reward/flat_orientation_l2,0.0
6298,Episode_Reward/lin_vel_z_l2,-0.048471760004758835
6298,Episode_Reward/track_ang_vel_z_exp,0.30536675453186035
6298,Episode_Reward/track_lin_vel_xy_exp,0.6020359992980957
6298,Episode_Reward/undesired_contacts,-0.005918582901358604
6298,Episode_Termination/base_contact,0.00048828125
6298,Episode_Termination/time_out,0.99951171875
6298,Loss/entropy,11.380175590515137
6298,Loss/learning_rate,0.0001316872367169708
6298,Loss/surrogate,-0.0055120522156357765
6298,Loss/value,0.011803880333900452
6298,Metrics/base_velocity/error_vel_xy,0.3841587007045746
6298,Metrics/base_velocity/error_vel_yaw,0.37869033217430115
6298,Metrics/success_rate,0.4749338626861572
6298,Perf/collection_time,4.431612968444824
6298,Perf/learning_time,0.1918649673461914
6298,Perf/total_fps,21261.0
6298,Policy/mean_std,0.5239687561988831
6298,Train/mean_episode_length,1000.0
6298,Train/mean_reward,5.0548834800720215
6392,Curriculum/terrain_levels,0.4823201596736908
6392,Episode_Reward/action_rate_l2,-0.16538338363170624
6392,Episode_Reward/ang_vel_xy_l2,-0.009776845574378967
6392,Episode_Reward/dof_acc_l2,-0.12058661878108978
6392,Episode_Reward/dof_pos_limits,0.0
6392,Episode_Reward/dof_torques_l2,-0.3278113901615143
6392,Episode_Reward/feet_air_time,-0.0060429805889725685
6392,Episode_Reward/flat_orientation_l2,0.0
6392,Episode_Reward/lin_vel_z_l2,-0.04677881300449371
6392,Episode_Reward/track_ang_vel_z_exp,0.33354324102401733
6392,Episode_Reward/track_lin_vel_xy_exp,0.650581419467926
6392,Episode_Reward/undesired_contacts,-0.006114184390753508
6392,Episode_Termination/base_contact,0.000732421875
6392,Episode_Termination/time_out,0.999267578125
6392,Loss/entropy,11.409893989562988
6392,Loss/learning_rate,0.0001316872367169708
6392,Loss/surrogate,-0.006647821515798569
6392,Loss/value,0.012904258444905281
6392,Metrics/base_velocity/error_vel_xy,0.345796674489975
6392,Metrics/base_velocity/error_vel_yaw,0.3345608115196228
6392,Metrics/success_rate,0.6310516595840454
6392,Perf/collection_time,4.413820743560791
6392,Perf/learning_time,0.18546438217163086
6392,Perf/total_fps,21373.0
6392,Policy/mean_std,0.5252820253372192
6392,Train/mean_episode_length,1000.0
6392,Train/mean_reward,6.697418212890625
6486,Curriculum/terrain_levels,0.482940673828125
6486,Episode_Reward/action_rate_l2,-0.1662718504667282
6486,Episode_Reward/ang_vel_xy_l2,-0.009356889873743057
6486,Episode_Reward/dof_acc_l2,-0.1118430346250534
6486,Episode_Reward/dof_pos_limits,0.0
6486,Episode_Reward/dof_torques_l2,-0.32451552152633667
6486,Episode_Reward/feet_air_time,-0.006027701776474714
6486,Episode_Reward/flat_orientation_l2,0.0
6486,Episode_Reward/lin_vel_z_l2,-0.04940929263830185
6486,Episode_Reward/track_ang_vel_z_exp,0.3356491029262543
6486,Episode_Reward/track_lin_vel_xy_exp,0.660503089427948
6486,Episode_Reward/undesired_contacts,-0.0024783993139863014
6486,Episode_Termination/base_contact,0.001220703125
6486,Episode_Termination/time_out,0.998779296875
6486,Loss/entropy,11.51186752319336
6486,Loss/learning_rate,8.77914935699664e-05
6486,Loss/surrogate,-0.004960282240062952
6486,Loss/value,0.012031625024974346
6486,Metrics/base_velocity/error_vel_xy,0.33592653274536133
6486,Metrics/base_velocity/error_vel_yaw,0.33411550521850586
6486,Metrics/success_rate,0.6882035136222839
6486,Perf/collection_time,4.421364784240723
6486,Perf/learning_time,0.18730831146240234
6486,Perf/total_fps,21330.0
6486,Policy/mean_std,0.5255756974220276
6486,Train/mean_episode_length,1000.0
6486,Train/mean_reward,6.429563045501709
6580,Curriculum/terrain_levels,0.46856689453125
6580,Episode_Reward/action_rate_l2,-0.16634748876094818
6580,Episode_Reward/ang_vel_xy_l2,-0.010336975567042828
6580,Episode_Reward/dof_acc_l2,-0.11805900186300278
6580,Episode_Reward/dof_pos_limits,0.0
6580,Episode_Reward/dof_torques_l2,-0.3307819962501526
6580,Episode_Reward/feet_air_time,-0.006417311728000641
6580,Episode_Reward/flat_orientation_l2,0.0
6580,Episode_Reward/lin_vel_z_l2,-0.046394817531108856
6580,Episode_Reward/track_ang_vel_z_exp,0.31393828988075256
6580,Episode_Reward/track_lin_vel_xy_exp,0.6684082746505737
6580,Episode_Reward/undesired_contacts,-0.00825396366417408
6580,Episode_Termination/base_contact,0.000732421875
6580,Episode_Termination/time_out,0.999267578125
6580,Loss/entropy,11.6642484664917
6580,Loss/learning_rate,0.0001316872367169708
6580,Loss/surrogate,-0.006801116280257702
6580,Loss/value,0.012913213111460209
6580,Metrics/base_velocity/error_vel_xy,0.32930025458335876
6580,Metrics/base_velocity/error_vel_yaw,0.36734795570373535
6580,Metrics/success_rate,0.5478174686431885
6580,Perf/collection_time,4.408944606781006
6580,Perf/learning_time,0.18732237815856934
6580,Perf/total_fps,21387.0
6580,Policy/mean_std,0.5271400213241577
6580,Train/mean_episode_length,1000.0
6580,Train/mean_reward,5.742920398712158
6630,Train/mean_episode_length/time,1000.0
6630,Train/mean_reward/time,2.7317469120025635
6674,Curriculum/terrain_levels,0.4959920346736908
6674,Episode_Reward/action_rate_l2,-0.1693868637084961
6674,Episode_Reward/ang_vel_xy_l2,-0.010723939165472984
6674,Episode_Reward/dof_acc_l2,-0.12172925472259521
6674,Episode_Reward/dof_pos_limits,0.0
6674,Episode_Reward/dof_torques_l2,-0.3336220979690552
6674,Episode_Reward/feet_air_time,-0.006289042532444
6674,Episode_Reward/flat_orientation_l2,0.0
6674,Episode_Reward/lin_vel_z_l2,-0.04871555417776108
6674,Episode_Reward/track_ang_vel_z_exp,0.3154069185256958
6674,Episode_Reward/track_lin_vel_xy_exp,0.6200380325317383
6674,Episode_Reward/undesired_contacts,-0.0037975688464939594
6674,Episode_Termination/base_contact,0.00146484375
6674,Episode_Termination/time_out,0.99853515625
6674,Loss/entropy,11.929559707641602
6674,Loss/learning_rate,8.77914935699664e-05
6674,Loss/surrogate,-0.0041529107838869095
6674,Loss/value,0.011639302596449852
6674,Metrics/base_velocity/error_vel_xy,0.3731083869934082
6674,Metrics/base_velocity/error_vel_yaw,0.3690806031227112
6674,Metrics/success_rate,0.5437500476837158
6674,Perf/collection_time,4.605620384216309
6674,Perf/learning_time,0.19124770164489746
6674,Perf/total_fps,20493.0
6674,Policy/mean_std,0.5315356254577637
6674,Train/mean_episode_length,1000.0
6674,Train/mean_reward,5.101136207580566
6768,Curriculum/terrain_levels,0.4830424189567566
6768,Episode_Reward/action_rate_l2,-0.16933690011501312
6768,Episode_Reward/ang_vel_xy_l2,-0.010594462975859642
6768,Episode_Reward/dof_acc_l2,-0.1123502105474472
6768,Episode_Reward/dof_pos_limits,0.0
6768,Episode_Reward/dof_torques_l2,-0.331440269947052
6768,Episode_Reward/feet_air_time,-0.006041043903678656
6768,Episode_Reward/flat_orientation_l2,0.0
6768,Episode_Reward/lin_vel_z_l2,-0.049800723791122437
6768,Episode_Reward/track_ang_vel_z_exp,0.3391178548336029
6768,Episode_Reward/track_lin_vel_xy_exp,0.66725754737854
6768,Episode_Reward/undesired_contacts,-0.00278992997482419
6768,Episode_Termination/base_contact,0.001220703125
6768,Episode_Termination/time_out,0.998779296875
6768,Loss/entropy,11.622579574584961
6768,Loss/learning_rate,0.0001316872367169708
6768,Loss/surrogate,-0.004133596550673246
6768,Loss/value,0.014043952338397503
6768,Metrics/base_velocity/error_vel_xy,0.33383673429489136
6768,Metrics/base_velocity/error_vel_yaw,0.3220360279083252
6768,Metrics/success_rate,0.6525298357009888
6768,Perf/collection_time,4.3449296951293945
6768,Perf/learning_time,0.1838080883026123
6768,Perf/total_fps,21706.0
6768,Policy/mean_std,0.5271145701408386
6768,Train/mean_episode_length,1000.0
6768,Train/mean_reward,6.700042247772217
6862,Curriculum/terrain_levels,0.5058695673942566
6862,Episode_Reward/action_rate_l2,-0.1692962348461151
6862,Episode_Reward/ang_vel_xy_l2,-0.01093563623726368
6862,Episode_Reward/dof_acc_l2,-0.13841427862644196
6862,Episode_Reward/dof_pos_limits,0.0
6862,Episode_Reward/dof_torques_l2,-0.34426817297935486
6862,Episode_Reward/feet_air_time,-0.006624871399253607
6862,Episode_Reward/flat_orientation_l2,0.0
6862,Episode_Reward/lin_vel_z_l2,-0.051412876695394516
6862,Episode_Reward/track_ang_vel_z_exp,0.30733251571655273
6862,Episode_Reward/track_lin_vel_xy_exp,0.6192581653594971
6862,Episode_Reward/undesired_contacts,-0.019109219312667847
6862,Episode_Termination/base_contact,0.00146484375
6862,Episode_Termination/time_out,0.99853515625
6862,Loss/entropy,11.745302200317383
6862,Loss/learning_rate,8.77914935699664e-05
6862,Loss/surrogate,-0.004227193538099527
6862,Loss/value,0.012381955981254578
6862,Metrics/base_velocity/error_vel_xy,0.36799320578575134
6862,Metrics/base_velocity/error_vel_yaw,0.3786456286907196
6862,Metrics/success_rate,0.5316468477249146
6862,Perf/collection_time,4.331921100616455
6862,Perf/learning_time,0.19228863716125488
6862,Perf/total_fps,21728.0
6862,Policy/mean_std,0.5285426378250122
6862,Train/mean_episode_length,1000.0
6862,Train/mean_reward,4.445802688598633
6956,Curriculum/terrain_levels,0.5029398798942566
6956,Episode_Reward/action_rate_l2,-0.17010584473609924
6956,Episode_Reward/ang_vel_xy_l2,-0.010338220745325089
6956,Episode_Reward/dof_acc_l2,-0.13740751147270203
6956,Episode_Reward/dof_pos_limits,0.0
6956,Episode_Reward/dof_torques_l2,-0.33994555473327637
6956,Episode_Reward/feet_air_time,-0.006411546841263771
6956,Episode_Reward/flat_orientation_l2,0.0
6956,Episode_Reward/lin_vel_z_l2,-0.04808158800005913
6956,Episode_Reward/track_ang_vel_z_exp,0.31744784116744995
6956,Episode_Reward/track_lin_vel_xy_exp,0.658441960811615
6956,Episode_Reward/undesired_contacts,-0.005953529849648476
6956,Episode_Termination/base_contact,0.0017496745567768812
6956,Episode_Termination/time_out,0.9982503652572632
6956,Loss/entropy,11.619444847106934
6956,Loss/learning_rate,5.852766480529681e-05
6956,Loss/surrogate,-0.005254609044641256
6956,Loss/value,0.012722739949822426
6956,Metrics/base_velocity/error_vel_xy,0.3366590738296509
6956,Metrics/base_velocity/error_vel_yaw,0.3605855405330658
6956,Metrics/success_rate,0.6367063522338867
6956,Perf/collection_time,4.4833760261535645
6956,Perf/learning_time,0.20983433723449707
6956,Perf/total_fps,20946.0
6956,Policy/mean_std,0.528034508228302
6956,Train/mean_episode_length,1000.0
6956,Train/mean_reward,6.1927571296691895
7050,Curriculum/terrain_levels,0.48486328125
7050,Episode_Reward/action_rate_l2,-0.16775628924369812
7050,Episode_Reward/ang_vel_xy_l2,-0.00999709777534008
7050,Episode_Reward/dof_acc_l2,-0.11245888471603394
7050,Episode_Reward/dof_pos_limits,0.0
7050,Episode_Reward/dof_torques_l2,-0.33589550852775574
7050,Episode_Reward/feet_air_time,-0.005746891256421804
7050,Episode_Reward/flat_orientation_l2,0.0
7050,Episode_Reward/lin_vel_z_l2,-0.049796175211668015
7050,Episode_Reward/track_ang_vel_z_exp,0.33477267622947693
7050,Episode_Reward/track_lin_vel_xy_exp,0.6585947871208191
7050,Episode_Reward/undesired_contacts,-0.016100551933050156
7050,Episode_Termination/base_contact,0.000732421875
7050,Episode_Termination/time_out,0.999267578125
7050,Loss/entropy,11.675116539001465
7050,Loss/learning_rate,0.0001316872367169708
7050,Loss/surrogate,-0.0044937958009541035
7050,Loss/value,0.012319691479206085
7050,Metrics/base_velocity/error_vel_xy,0.33640843629837036
7050,Metrics/base_velocity/error_vel_yaw,0.3333556056022644
7050,Metrics/success_rate,0.6229662895202637
7050,Perf/collection_time,4.530271053314209
7050,Perf/learning_time,0.20285844802856445
7050,Perf/total_fps,20769.0
7050,Policy/mean_std,0.5295820832252502
7050,Train/mean_episode_length,1000.0
7050,Train/mean_reward,6.781844615936279
7099,Train/mean_episode_length/time,994.9299926757812
7099,Train/mean_reward/time,2.232541561126709
7144,Curriculum/terrain_levels,0.498077392578125
7144,Episode_Reward/action_rate_l2,-0.16858629882335663
7144,Episode_Reward/ang_vel_xy_l2,-0.00986250676214695
7144,Episode_Reward/dof_acc_l2,-0.12092401832342148
7144,Episode_Reward/dof_pos_limits,0.0
7144,Episode_Reward/dof_torques_l2,-0.33979976177215576
7144,Episode_Reward/feet_air_time,-0.005977397318929434
7144,Episode_Reward/flat_orientation_l2,0.0
7144,Episode_Reward/lin_vel_z_l2,-0.05043737217783928
7144,Episode_Reward/track_ang_vel_z_exp,0.31258630752563477
7144,Episode_Reward/track_lin_vel_xy_exp,0.6128199696540833
7144,Episode_Reward/undesired_contacts,-0.009853963740170002
7144,Episode_Termination/base_contact,0.001220703125
7144,Episode_Termination/time_out,0.998779296875
7144,Loss/entropy,11.836520195007324
7144,Loss/learning_rate,8.77914935699664e-05
7144,Loss/surrogate,-0.003163156798109412
7144,Loss/value,0.011502895504236221
7144,Metrics/base_velocity/error_vel_xy,0.37614208459854126
7144,Metrics/base_velocity/error_vel_yaw,0.37021100521087646
7144,Metrics/success_rate,0.5741071701049805
7144,Perf/collection_time,4.423242568969727
7144,Perf/learning_time,0.1834406852722168
7144,Perf/total_fps,21339.0
7144,Policy/mean_std,0.5310329794883728
7144,Train/mean_episode_length,998.7000122070312
7144,Train/mean_reward,4.998223304748535
7238,Curriculum/terrain_levels,0.49664306640625
7238,Episode_Reward/action_rate_l2,-0.1682209074497223
7238,Episode_Reward/ang_vel_xy_l2,-0.009507043287158012
7238,Episode_Reward/dof_acc_l2,-0.11148589849472046
7238,Episode_Reward/dof_pos_limits,0.0
7238,Episode_Reward/dof_torques_l2,-0.3254354000091553
7238,Episode_Reward/feet_air_time,-0.005747657269239426
7238,Episode_Reward/flat_orientation_l2,0.0
7238,Episode_Reward/lin_vel_z_l2,-0.0474439337849617
7238,Episode_Reward/track_ang_vel_z_exp,0.3523499369621277
7238,Episode_Reward/track_lin_vel_xy_exp,0.6666381359100342
7238,Episode_Reward/undesired_contacts,-0.0069312467239797115
7238,Episode_Termination/base_contact,0.001220703125
7238,Episode_Termination/time_out,0.998779296875
7238,Loss/entropy,11.631134986877441
7238,Loss/learning_rate,0.0001316872367169708
7238,Loss/surrogate,-0.006129479967057705
7238,Loss/value,0.012959294021129608
7238,Metrics/base_velocity/error_vel_xy,0.33131295442581177
7238,Metrics/base_velocity/error_vel_yaw,0.2995859384536743
7238,Metrics/success_rate,0.7162036895751953
7238,Perf/collection_time,4.341072082519531
7238,Perf/learning_time,0.18720149993896484
7238,Perf/total_fps,21708.0
7238,Policy/mean_std,0.5284109711647034
7238,Train/mean_episode_length,1000.0
7238,Train/mean_reward,5.589696884155273
7332,Curriculum/terrain_levels,0.504669189453125
7332,Episode_Reward/action_rate_l2,-0.16976915299892426
7332,Episode_Reward/ang_vel_xy_l2,-0.009914357215166092
7332,Episode_Reward/dof_acc_l2,-0.12237312644720078
7332,Episode_Reward/dof_pos_limits,0.0
7332,Episode_Reward/dof_torques_l2,-0.3325335383415222
7332,Episode_Reward/feet_air_time,-0.006182521115988493
7332,Episode_Reward/flat_orientation_l2,0.0
7332,Episode_Reward/lin_vel_z_l2,-0.049258437007665634
7332,Episode_Reward/track_ang_vel_z_exp,0.3109644651412964
7332,Episode_Reward/track_lin_vel_xy_exp,0.6510154008865356
7332,Episode_Reward/undesired_contacts,-0.0026557534001767635
7332,Episode_Termination/base_contact,0.002197265625
7332,Episode_Termination/time_out,0.997802734375
7332,Loss/entropy,11.861856460571289
7332,Loss/learning_rate,8.77914935699664e-05
7332,Loss/surrogate,-0.005539198871701956
7332,Loss/value,0.012986416928470135
7332,Metrics/base_velocity/error_vel_xy,0.33927711844444275
7332,Metrics/base_velocity/error_vel_yaw,0.3804774284362793
7332,Metrics/success_rate,0.6025463342666626
7332,Perf/collection_time,4.407876491546631
7332,Perf/learning_time,0.18508338928222656
7332,Perf/total_fps,21403.0
7332,Policy/mean_std,0.5314424633979797
7332,Train/mean_episode_length,1000.0
7332,Train/mean_reward,5.835744380950928
7426,Curriculum/terrain_levels,0.51513671875
7426,Episode_Reward/action_rate_l2,-0.1700212061405182
7426,Episode_Reward/ang_vel_xy_l2,-0.010088261216878891
7426,Episode_Reward/dof_acc_l2,-0.12347155064344406
7426,Episode_Reward/dof_pos_limits,0.0
7426,Episode_Reward/dof_torques_l2,-0.3483940064907074
7426,Episode_Reward/feet_air_time,-0.0057659330777823925
7426,Episode_Reward/flat_orientation_l2,0.0
7426,Episode_Reward/lin_vel_z_l2,-0.046818193048238754
7426,Episode_Reward/track_ang_vel_z_exp,0.33043670654296875
7426,Episode_Reward/track_lin_vel_xy_exp,0.6375769972801208
7426,Episode_Reward/undesired_contacts,-0.0032795134466141462
7426,Episode_Termination/base_contact,0.000732421875
7426,Episode_Termination/time_out,0.999267578125
7426,Loss/entropy,11.908387184143066
7426,Loss/learning_rate,5.852766480529681e-05
7426,Loss/surrogate,-0.005697641056030989
7426,Loss/value,0.011980801820755005
7426,Metrics/base_velocity/error_vel_xy,0.3604506850242615
7426,Metrics/base_velocity/error_vel_yaw,0.3402251601219177
7426,Metrics/success_rate,0.6297454237937927
7426,Perf/collection_time,4.397278785705566
7426,Perf/learning_time,0.1941540241241455
7426,Perf/total_fps,21410.0
7426,Policy/mean_std,0.5329347252845764
7426,Train/mean_episode_length,1000.0
7426,Train/mean_reward,5.1951446533203125
7520,Curriculum/terrain_levels,0.5302633047103882
7520,Episode_Reward/action_rate_l2,-0.171197772026062
7520,Episode_Reward/ang_vel_xy_l2,-0.009653997607529163
7520,Episode_Reward/dof_acc_l2,-0.11117929220199585
7520,Episode_Reward/dof_pos_limits,0.0
7520,Episode_Reward/dof_torques_l2,-0.3261271119117737
7520,Episode_Reward/feet_air_time,-0.006187945604324341
7520,Episode_Reward/flat_orientation_l2,0.0
7520,Episode_Reward/lin_vel_z_l2,-0.046290211379528046
7520,Episode_Reward/track_ang_vel_z_exp,0.33856409788131714
7520,Episode_Reward/track_lin_vel_xy_exp,0.6731613874435425
7520,Episode_Reward/undesired_contacts,-0.004871228709816933
7520,Episode_Termination/base_contact,0.0006510416860692203
7520,Episode_Termination/time_out,0.9993489980697632
7520,Loss/entropy,11.800334930419922
7520,Loss/learning_rate,0.0001316872367169708
7520,Loss/surrogate,-0.0065890210680663586
7520,Loss/value,0.012001133523881435
7520,Metrics/base_velocity/error_vel_xy,0.3265622854232788
7520,Metrics/base_velocity/error_vel_yaw,0.32452356815338135
7520,Metrics/success_rate,0.6720237731933594
7520,Perf/collection_time,4.367882251739502
7520,Perf/learning_time,0.18998408317565918
7520,Perf/total_fps,21567.0
7520,Policy/mean_std,0.5331804752349854
7520,Train/mean_episode_length,1000.0
7520,Train/mean_reward,6.155622482299805
7561,Train/mean_episode_length/time,1000.0
7561,Train/mean_reward/time,2.5143039226531982
7614,Curriculum/terrain_levels,0.5232035517692566
7614,Episode_Reward/action_rate_l2,-0.17122596502304077
7614,Episode_Reward/ang_vel_xy_l2,-0.009981854818761349
7614,Episode_Reward/dof_acc_l2,-0.12492731213569641
7614,Episode_Reward/dof_pos_limits,0.0
7614,Episode_Reward/dof_torques_l2,-0.32652899622917175
7614,Episode_Reward/feet_air_time,-0.006152782589197159
7614,Episode_Reward/flat_orientation_l2,0.0
7614,Episode_Reward/lin_vel_z_l2,-0.0492403581738472
7614,Episode_Reward/track_ang_vel_z_exp,0.3359711766242981
7614,Episode_Reward/track_lin_vel_xy_exp,0.6700584292411804
7614,Episode_Reward/undesired_contacts,-0.005108827259391546
7614,Episode_Termination/base_contact,0.000244140625
7614,Episode_Termination/time_out,0.999755859375
7614,Loss/entropy,11.91627311706543
7614,Loss/learning_rate,5.852766480529681e-05
7614,Loss/surrogate,-0.004244757350534201
7614,Loss/value,0.011954131536185741
7614,Metrics/base_velocity/error_vel_xy,0.3331436514854431
7614,Metrics/base_velocity/error_vel_yaw,0.3323657214641571
7614,Metrics/success_rate,0.6572421193122864
7614,Perf/collection_time,4.322895050048828
7614,Perf/learning_time,0.18595433235168457
7614,Perf/total_fps,21802.0
7614,Policy/mean_std,0.5334106087684631
7614,Train/mean_episode_length,1000.0
7614,Train/mean_reward,6.411068916320801
7708,Curriculum/terrain_levels,0.5279032588005066
7708,Episode_Reward/action_rate_l2,-0.17267930507659912
7708,Episode_Reward/ang_vel_xy_l2,-0.010076387785375118
7708,Episode_Reward/dof_acc_l2,-0.11506327241659164
7708,Episode_Reward/dof_pos_limits,0.0
7708,Episode_Reward/dof_torques_l2,-0.3239457607269287
7708,Episode_Reward/feet_air_time,-0.005784221924841404
7708,Episode_Reward/flat_orientation_l2,0.0
7708,Episode_Reward/lin_vel_z_l2,-0.05444670468568802
7708,Episode_Reward/track_ang_vel_z_exp,0.34183984994888306
7708,Episode_Reward/track_lin_vel_xy_exp,0.7165249586105347
7708,Episode_Reward/undesired_contacts,-0.0016321757575497031
7708,Episode_Termination/base_contact,0.000732421875
7708,Episode_Termination/time_out,0.999267578125
7708,Loss/entropy,11.814414024353027
7708,Loss/learning_rate,8.77914935699664e-05
7708,Loss/surrogate,-0.004811383318156004
7708,Loss/value,0.010991242714226246
7708,Metrics/base_velocity/error_vel_xy,0.2910774350166321
7708,Metrics/base_velocity/error_vel_yaw,0.31521475315093994
7708,Metrics/success_rate,0.7138888835906982
7708,Perf/collection_time,4.334604263305664
7708,Perf/learning_time,0.1829233169555664
7708,Perf/total_fps,21760.0
7708,Policy/mean_std,0.5338057279586792
7708,Train/mean_episode_length,1000.0
7708,Train/mean_reward,7.576663970947266
7802,Curriculum/terrain_levels,0.5343017578125
7802,Episode_Reward/action_rate_l2,-0.17081241309642792
7802,Episode_Reward/ang_vel_xy_l2,-0.00934546533972025
7802,Episode_Reward/dof_acc_l2,-0.11646443605422974
7802,Episode_Reward/dof_pos_limits,0.0
7802,Episode_Reward/dof_torques_l2,-0.32872432470321655
7802,Episode_Reward/feet_air_time,-0.0059578935615718365
7802,Episode_Reward/flat_orientation_l2,0.0
7802,Episode_Reward/lin_vel_z_l2,-0.04634878784418106
7802,Episode_Reward/track_ang_vel_z_exp,0.32046735286712646
7802,Episode_Reward/track_lin_vel_xy_exp,0.6531602144241333
7802,Episode_Reward/undesired_contacts,-0.006879742257297039
7802,Episode_Termination/base_contact,0.001708984375
7802,Episode_Termination/time_out,0.998291015625
7802,Loss/entropy,11.716625213623047
7802,Loss/learning_rate,5.852766480529681e-05
7802,Loss/surrogate,-0.0037839305587112904
7802,Loss/value,0.012597721070051193
7802,Metrics/base_velocity/error_vel_xy,0.3395324647426605
7802,Metrics/base_velocity/error_vel_yaw,0.3578730523586273
7802,Metrics/success_rate,0.6348379850387573
7802,Perf/collection_time,4.318683624267578
7802,Perf/learning_time,0.18422770500183105
7802,Perf/total_fps,21831.0
7802,Policy/mean_std,0.532130241394043
7802,Train/mean_episode_length,1000.0
7802,Train/mean_reward,5.572408199310303
7896,Curriculum/terrain_levels,0.5337015986442566
7896,Episode_Reward/action_rate_l2,-0.1724209487438202
7896,Episode_Reward/ang_vel_xy_l2,-0.009617531672120094
7896,Episode_Reward/dof_acc_l2,-0.12820808589458466
7896,Episode_Reward/dof_pos_limits,0.0
7896,Episode_Reward/dof_torques_l2,-0.33297812938690186
7896,Episode_Reward/feet_air_time,-0.005902948789298534
7896,Episode_Reward/flat_orientation_l2,0.0
7896,Episode_Reward/lin_vel_z_l2,-0.049558769911527634
7896,Episode_Reward/track_ang_vel_z_exp,0.3172043561935425
7896,Episode_Reward/track_lin_vel_xy_exp,0.6735132932662964
7896,Episode_Reward/undesired_contacts,-0.008194902911782265
7896,Episode_Termination/base_contact,0.000732421875
7896,Episode_Termination/time_out,0.999267578125
7896,Loss/entropy,11.896578788757324
7896,Loss/learning_rate,8.77914935699664e-05
7896,Loss/surrogate,-0.0038715656846761703
7896,Loss/value,0.012633715756237507
7896,Metrics/base_velocity/error_vel_xy,0.3299316167831421
7896,Metrics/base_velocity/error_vel_yaw,0.363590806722641
7896,Metrics/success_rate,0.5757936835289001
7896,Perf/collection_time,4.280753135681152
7896,Perf/learning_time,0.18432188034057617
7896,Perf/total_fps,22016.0
7896,Policy/mean_std,0.5345573425292969
7896,Train/mean_episode_length,1000.0
7896,Train/mean_reward,6.083243370056152
7990,Curriculum/terrain_levels,0.5360616445541382
7990,Episode_Reward/action_rate_l2,-0.17210808396339417
7990,Episode_Reward/ang_vel_xy_l2,-0.009798329323530197
7990,Episode_Reward/dof_acc_l2,-0.13636887073516846
7990,Episode_Reward/dof_pos_limits,0.0
7990,Episode_Reward/dof_torques_l2,-0.33910584449768066
7990,Episode_Reward/feet_air_time,-0.005832263268530369
7990,Episode_Reward/flat_orientation_l2,0.0
7990,Episode_Reward/lin_vel_z_l2,-0.05063524842262268
7990,Episode_Reward/track_ang_vel_z_exp,0.3430412709712982
7990,Episode_Reward/track_lin_vel_xy_exp,0.6735547780990601
7990,Episode_Reward/undesired_contacts,-0.006742457859218121
7990,Episode_Termination/base_contact,0.00146484375
7990,Episode_Termination/time_out,0.99853515625
7990,Loss/entropy,11.803645133972168
7990,Loss/learning_rate,0.0001316872367169708
7990,Loss/surrogate,-0.005570504814386368
7990,Loss/value,0.012210238724946976
7990,Metrics/base_velocity/error_vel_xy,0.3250811696052551
7990,Metrics/base_velocity/error_vel_yaw,0.31196755170822144
7990,Metrics/success_rate,0.7188493013381958
7990,Perf/collection_time,4.615930557250977
7990,Perf/learning_time,0.19205808639526367
7990,Perf/total_fps,20445.0
7990,Policy/mean_std,0.5342838764190674
7990,Train/mean_episode_length,1000.0
7990,Train/mean_reward,5.810072898864746
8024,Train/mean_episode_length/time,1000.0
8024,Train/mean_reward/time,2.360271453857422
8084,Curriculum/terrain_levels,0.5203654170036316
8084,Episode_Reward/action_rate_l2,-0.17108377814292908
8084,Episode_Reward/ang_vel_xy_l2,-0.009237795136868954
8084,Episode_Reward/dof_acc_l2,-0.11336397379636765
8084,Episode_Reward/dof_pos_limits,0.0
8084,Episode_Reward/dof_torques_l2,-0.32335364818573
8084,Episode_Reward/feet_air_time,-0.005885777994990349
8084,Episode_Reward/flat_orientation_l2,0.0
8084,Episode_Reward/lin_vel_z_l2,-0.04817219078540802
8084,Episode_Reward/track_ang_vel_z_exp,0.3500640392303467
8084,Episode_Reward/track_lin_vel_xy_exp,0.6860030889511108
8084,Episode_Reward/undesired_contacts,-0.0021697906777262688
8084,Episode_Termination/base_contact,0.0007832845440134406
8084,Episode_Termination/time_out,0.9992167353630066
8084,Loss/entropy,11.752094268798828
8084,Loss/learning_rate,8.77914935699664e-05
8084,Loss/surrogate,-0.007498609367758036
8084,Loss/value,0.01071353629231453
8084,Metrics/base_velocity/error_vel_xy,0.3178655803203583
8084,Metrics/base_velocity/error_vel_yaw,0.3072074055671692
8084,Metrics/success_rate,0.7065972089767456
8084,Perf/collection_time,4.304965019226074
8084,Perf/learning_time,0.18428897857666016
8084,Perf/total_fps,21897.0
8084,Policy/mean_std,0.533531665802002
8084,Train/mean_episode_length,1000.0
8084,Train/mean_reward,7.2542405128479
8178,Curriculum/terrain_levels,0.5241597890853882
8178,Episode_Reward/action_rate_l2,-0.17024008929729462
8178,Episode_Reward/ang_vel_xy_l2,-0.009559093043208122
8178,Episode_Reward/dof_acc_l2,-0.11445500701665878
8178,Episode_Reward/dof_pos_limits,0.0
8178,Episode_Reward/dof_torques_l2,-0.32990944385528564
8178,Episode_Reward/feet_air_time,-0.006131566595286131
8178,Episode_Reward/flat_orientation_l2,0.0
8178,Episode_Reward/lin_vel_z_l2,-0.05057637020945549
8178,Episode_Reward/track_ang_vel_z_exp,0.3328463137149811
8178,Episode_Reward/track_lin_vel_xy_exp,0.627111554145813
8178,Episode_Reward/undesired_contacts,-0.010802624747157097
8178,Episode_Termination/base_contact,0.0009765625
8178,Episode_Termination/time_out,0.9990234375
8178,Loss/entropy,11.574349403381348
8178,Loss/learning_rate,0.0001316872367169708
8178,Loss/surrogate,-0.00425637187436223
8178,Loss/value,0.011230526491999626
8178,Metrics/base_velocity/error_vel_xy,0.3598487377166748
8178,Metrics/base_velocity/error_vel_yaw,0.3363646864891052
8178,Metrics/success_rate,0.6310516595840454
8178,Perf/collection_time,4.425804138183594
8178,Perf/learning_time,0.18749642372131348
8178,Perf/total_fps,21308.0
8178,Policy/mean_std,0.5313161015510559
8178,Train/mean_episode_length,1000.0
8178,Train/mean_reward,6.21718168258667
8272,Curriculum/terrain_levels,0.532562255859375
8272,Episode_Reward/action_rate_l2,-0.1675299108028412
8272,Episode_Reward/ang_vel_xy_l2,-0.009374003857374191
8272,Episode_Reward/dof_acc_l2,-0.12423871457576752
8272,Episode_Reward/dof_pos_limits,0.0
8272,Episode_Reward/dof_torques_l2,-0.33621835708618164
8272,Episode_Reward/feet_air_time,-0.005882625468075275
8272,Episode_Reward/flat_orientation_l2,0.0
8272,Episode_Reward/lin_vel_z_l2,-0.049377646297216415
8272,Episode_Reward/track_ang_vel_z_exp,0.32786428928375244
8272,Episode_Reward/track_lin_vel_xy_exp,0.6302586793899536
8272,Episode_Reward/undesired_contacts,-0.0059909699484705925
8272,Episode_Termination/base_contact,0.001953125
8272,Episode_Termination/time_out,0.998046875
8272,Loss/entropy,11.557380676269531
8272,Loss/learning_rate,8.77914935699664e-05
8272,Loss/surrogate,-0.004228382837027311
8272,Loss/value,0.01192563958466053
8272,Metrics/base_velocity/error_vel_xy,0.3620499074459076
8272,Metrics/base_velocity/error_vel_yaw,0.3455638289451599
8272,Metrics/success_rate,0.5747851133346558
8272,Perf/collection_time,4.345132827758789
8272,Perf/learning_time,0.1839125156402588
8272,Perf/total_fps,21705.0
8272,Policy/mean_std,0.530289888381958
8272,Train/mean_episode_length,1000.0
8272,Train/mean_reward,5.853113651275635
8366,Curriculum/terrain_levels,0.537017822265625
8366,Episode_Reward/action_rate_l2,-0.16945716738700867
8366,Episode_Reward/ang_vel_xy_l2,-0.009524457156658173
8366,Episode_Reward/dof_acc_l2,-0.1250031292438507
8366,Episode_Reward/dof_pos_limits,0.0
8366,Episode_Reward/dof_torques_l2,-0.32650601863861084
8366,Episode_Reward/feet_air_time,-0.005851370748132467
8366,Episode_Reward/flat_orientation_l2,0.0
8366,Episode_Reward/lin_vel_z_l2,-0.048821620643138885
8366,Episode_Reward/track_ang_vel_z_exp,0.33780407905578613
8366,Episode_Reward/track_lin_vel_xy_exp,0.692398726940155
8366,Episode_Reward/undesired_contacts,-0.00335887772962451
8366,Episode_Termination/base_contact,0.000732421875
8366,Episode_Termination/time_out,0.999267578125
8366,Loss/entropy,11.723767280578613
8366,Loss/learning_rate,8.77914935699664e-05
8366,Loss/surrogate,-0.0042895362712442875
8366,Loss/value,0.011586014181375504
8366,Metrics/base_velocity/error_vel_xy,0.31095027923583984
8366,Metrics/base_velocity/error_vel_yaw,0.3266490697860718
8366,Metrics/success_rate,0.6400794386863708
8366,Perf/collection_time,4.318583011627197
8366,Perf/learning_time,0.1854686737060547
8366,Perf/total_fps,21825.0
8366,Policy/mean_std,0.532575249671936
8366,Train/mean_episode_length,1000.0
8366,Train/mean_reward,6.488811492919922
8460,Curriculum/terrain_levels,0.5392354726791382
8460,Episode_Reward/action_rate_l2,-0.16962139308452606
8460,Episode_Reward/ang_vel_xy_l2,-0.009099667891860008
8460,Episode_Reward/dof_acc_l2,-0.125353142619133
8460,Episode_Reward/dof_pos_limits,0.0
8460,Episode_Reward/dof_torques_l2,-0.32841044664382935
8460,Episode_Reward/feet_air_time,-0.006257812492549419
8460,Episode_Reward/flat_orientation_l2,0.0
8460,Episode_Reward/lin_vel_z_l2,-0.046826720237731934
8460,Episode_Reward/track_ang_vel_z_exp,0.32371246814727783
8460,Episode_Reward/track_lin_vel_xy_exp,0.6746225357055664
8460,Episode_Reward/undesired_contacts,-0.003430305514484644
8460,Episode_Termination/base_contact,0.0009765625
8460,Episode_Termination/time_out,0.9990234375
8460,Loss/entropy,11.607131004333496
8460,Loss/learning_rate,0.0001316872367169708
8460,Loss/surrogate,-0.0049721114337444305
8460,Loss/value,0.011782505549490452
8460,Metrics/base_velocity/error_vel_xy,0.3253304362297058
8460,Metrics/base_velocity/error_vel_yaw,0.356298565864563
8460,Metrics/success_rate,0.5963790416717529
8460,Perf/collection_time,4.477298736572266
8460,Perf/learning_time,0.19693708419799805
8460,Perf/total_fps,21031.0
8460,Policy/mean_std,0.5316360592842102
8460,Train/mean_episode_length,1000.0
8460,Train/mean_reward,6.266216278076172
8487,Train/mean_episode_length/time,1000.0
8487,Train/mean_reward/time,2.33335280418396
8554,Curriculum/terrain_levels,0.5211690664291382
8554,Episode_Reward/action_rate_l2,-0.17110714316368103
8554,Episode_Reward/ang_vel_xy_l2,-0.010200124233961105
8554,Episode_Reward/dof_acc_l2,-0.13937479257583618
8554,Episode_Reward/dof_pos_limits,0.0
8554,Episode_Reward/dof_torques_l2,-0.3323155641555786
8554,Episode_Reward/feet_air_time,-0.005740576423704624
8554,Episode_Reward/flat_orientation_l2,0.0
8554,Episode_Reward/lin_vel_z_l2,-0.05122958868741989
8554,Episode_Reward/track_ang_vel_z_exp,0.33202287554740906
8554,Episode_Reward/track_lin_vel_xy_exp,0.6677041053771973
8554,Episode_Reward/undesired_contacts,-0.002702446421608329
8554,Episode_Termination/base_contact,0.0007731119985692203
8554,Episode_Termination/time_out,0.9992269277572632
8554,Loss/entropy,11.851362228393555
8554,Loss/learning_rate,8.77914935699664e-05
8554,Loss/surrogate,-0.004646241664886475
8554,Loss/value,0.010621731169521809
8554,Metrics/base_velocity/error_vel_xy,0.3317070007324219
8554,Metrics/base_velocity/error_vel_yaw,0.33604758977890015
8554,Metrics/success_rate,0.6246362924575806
8554,Perf/collection_time,4.317694664001465
8554,Perf/learning_time,0.18390178680419922
8554,Perf/total_fps,21837.0
8554,Policy/mean_std,0.5344915390014648
8554,Train/mean_episode_length,995.6300048828125
8554,Train/mean_reward,6.665728569030762
8648,Curriculum/terrain_levels,0.5222982168197632
8648,Episode_Reward/action_rate_l2,-0.17054900527000427
8648,Episode_Reward/ang_vel_xy_l2,-0.009128051809966564
8648,Episode_Reward/dof_acc_l2,-0.10841429233551025
8648,Episode_Reward/dof_pos_limits,0.0
8648,Episode_Reward/dof_torques_l2,-0.31724661588668823
8648,Episode_Reward/feet_air_time,-0.00578601798042655
8648,Episode_Reward/flat_orientation_l2,0.0
8648,Episode_Reward/lin_vel_z_l2,-0.0442492812871933
8648,Episode_Reward/track_ang_vel_z_exp,0.342370867729187
8648,Episode_Reward/track_lin_vel_xy_exp,0.704045295715332
8648,Episode_Reward/undesired_contacts,-0.0039062488358467817
8648,Episode_Termination/base_contact,0.0012308757286518812
8648,Episode_Termination/time_out,0.9987691640853882
8648,Loss/entropy,11.708621978759766
8648,Loss/learning_rate,8.77914935699664e-05
8648,Loss/surrogate,-0.0040309373289346695
8648,Loss/value,0.011453979648649693
8648,Metrics/base_velocity/error_vel_xy,0.29691287875175476
8648,Metrics/base_velocity/error_vel_yaw,0.31470322608947754
8648,Metrics/success_rate,0.718254029750824
8648,Perf/collection_time,4.335684776306152
8648,Perf/learning_time,0.18701648712158203
8648,Perf/total_fps,21735.0
8648,Policy/mean_std,0.5337944030761719
8648,Train/mean_episode_length,1000.0
8648,Train/mean_reward,7.407251834869385
8742,Curriculum/terrain_levels,0.5322672724723816
8742,Episode_Reward/action_rate_l2,-0.17088016867637634
8742,Episode_Reward/ang_vel_xy_l2,-0.009407728910446167
8742,Episode_Reward/dof_acc_l2,-0.12207067012786865
8742,Episode_Reward/dof_pos_limits,0.0
8742,Episode_Reward/dof_torques_l2,-0.333861768245697
8742,Episode_Reward/feet_air_time,-0.005954068154096603
8742,Episode_Reward/flat_orientation_l2,0.0
8742,Episode_Reward/lin_vel_z_l2,-0.047780804336071014
8742,Episode_Reward/track_ang_vel_z_exp,0.32109320163726807
8742,Episode_Reward/track_lin_vel_xy_exp,0.6602563261985779
8742,Episode_Reward/undesired_contacts,-0.00547013571485877
8742,Episode_Termination/base_contact,0.00048828125
8742,Episode_Termination/time_out,0.99951171875
8742,Loss/entropy,11.689764022827148
8742,Loss/learning_rate,8.77914935699664e-05
8742,Loss/surrogate,-0.00663340138271451
8742,Loss/value,0.011221008375287056
8742,Metrics/base_velocity/error_vel_xy,0.3348020911216736
8742,Metrics/base_velocity/error_vel_yaw,0.3566570281982422
8742,Metrics/success_rate,0.5916666984558105
8742,Perf/collection_time,4.298318386077881
8742,Perf/learning_time,0.1846311092376709
8742,Perf/total_fps,21928.0
8742,Policy/mean_std,0.5328956842422485
8742,Train/mean_episode_length,1000.0
8742,Train/mean_reward,5.454945087432861
8836,Curriculum/terrain_levels,0.5453287959098816
8836,Episode_Reward/action_rate_l2,-0.16897258162498474
8836,Episode_Reward/ang_vel_xy_l2,-0.009420790709555149
8836,Episode_Reward/dof_acc_l2,-0.12274140119552612
8836,Episode_Reward/dof_pos_limits,0.0
8836,Episode_Reward/dof_torques_l2,-0.3331265151500702
8836,Episode_Reward/feet_air_time,-0.0059355697594583035
8836,Episode_Reward/flat_orientation_l2,0.0
8836,Episode_Reward/lin_vel_z_l2,-0.04556731879711151
8836,Episode_Reward/track_ang_vel_z_exp,0.3354227542877197
8836,Episode_Reward/track_lin_vel_xy_exp,0.6509031057357788
8836,Episode_Reward/undesired_contacts,-0.0012782406993210316
8836,Episode_Termination/base_contact,0.001708984375
8836,Episode_Termination/time_out,0.998291015625
8836,Loss/entropy,11.642338752746582
8836,Loss/learning_rate,0.0001316872367169708
8836,Loss/surrogate,-0.005101286340504885
8836,Loss/value,0.010939682833850384
8836,Metrics/base_velocity/error_vel_xy,0.34644919633865356
8836,Metrics/base_velocity/error_vel_yaw,0.32919424772262573
8836,Metrics/success_rate,0.6071263551712036
8836,Perf/collection_time,4.292411804199219
8836,Perf/learning_time,0.18419861793518066
8836,Perf/total_fps,21959.0
8836,Policy/mean_std,0.5321696400642395
8836,Train/mean_episode_length,1000.0
8836,Train/mean_reward,5.762032985687256
8930,Curriculum/terrain_levels,0.5181884765625
8930,Episode_Reward/action_rate_l2,-0.16887888312339783
8930,Episode_Reward/ang_vel_xy_l2,-0.009163880720734596
8930,Episode_Reward/dof_acc_l2,-0.11173219978809357
8930,Episode_Reward/dof_pos_limits,0.0
8930,Episode_Reward/dof_torques_l2,-0.3253001570701599
8930,Episode_Reward/feet_air_time,-0.005875128321349621
8930,Episode_Reward/flat_orientation_l2,0.0
8930,Episode_Reward/lin_vel_z_l2,-0.042253851890563965
8930,Episode_Reward/track_ang_vel_z_exp,0.3385967016220093
8930,Episode_Reward/track_lin_vel_xy_exp,0.6683305501937866
8930,Episode_Reward/undesired_contacts,-0.003893053624778986
8930,Episode_Termination/base_contact,0.00146484375
8930,Episode_Termination/time_out,0.99853515625
8930,Loss/entropy,11.478631019592285
8930,Loss/learning_rate,3.9018443203531206e-05
8930,Loss/surrogate,-0.0038309632800519466
8930,Loss/value,0.010374389588832855
8930,Metrics/base_velocity/error_vel_xy,0.3359629511833191
8930,Metrics/base_velocity/error_vel_yaw,0.32678037881851196
8930,Metrics/success_rate,0.6053241491317749
8930,Perf/collection_time,4.339378356933594
8930,Perf/learning_time,0.18539881706237793
8930,Perf/total_fps,21725.0
8930,Policy/mean_std,0.530070960521698
8930,Train/mean_episode_length,1000.0
8930,Train/mean_reward,6.802142143249512
8949,Train/mean_episode_length/time,1000.0
8949,Train/mean_reward/time,2.2736759185791016
9024,Curriculum/terrain_levels,0.5443115234375
9024,Episode_Reward/action_rate_l2,-0.16867291927337646
9024,Episode_Reward/ang_vel_xy_l2,-0.009650681167840958
9024,Episode_Reward/dof_acc_l2,-0.11606359481811523
9024,Episode_Reward/dof_pos_limits,0.0
9024,Episode_Reward/dof_torques_l2,-0.32209455966949463
9024,Episode_Reward/feet_air_time,-0.0059720538556575775
9024,Episode_Reward/flat_orientation_l2,0.0
9024,Episode_Reward/lin_vel_z_l2,-0.04493970796465874
9024,Episode_Reward/track_ang_vel_z_exp,0.3240499496459961
9024,Episode_Reward/track_lin_vel_xy_exp,0.6879539489746094
9024,Episode_Reward/undesired_contacts,-0.009105946868658066
9024,Episode_Termination/base_contact,0.001220703125
9024,Episode_Termination/time_out,0.998779296875
9024,Loss/entropy,11.488729476928711
9024,Loss/learning_rate,0.0001316872367169708
9024,Loss/surrogate,-0.005224025342613459
9024,Loss/value,0.011705118231475353
9024,Metrics/base_velocity/error_vel_xy,0.3109864890575409
9024,Metrics/base_velocity/error_vel_yaw,0.34813520312309265
9024,Metrics/success_rate,0.6447421312332153
9024,Perf/collection_time,4.455718040466309
9024,Perf/learning_time,0.2081606388092041
9024,Perf/total_fps,21077.0
9024,Policy/mean_std,0.5301221013069153
9024,Train/mean_episode_length,1000.0
9024,Train/mean_reward,6.187330722808838
9118,Curriculum/terrain_levels,0.5421854853630066
9118,Episode_Reward/action_rate_l2,-0.16963523626327515
9118,Episode_Reward/ang_vel_xy_l2,-0.010221781209111214
9118,Episode_Reward/dof_acc_l2,-0.1301671713590622
9118,Episode_Reward/dof_pos_limits,0.0
9118,Episode_Reward/dof_torques_l2,-0.32815349102020264
9118,Episode_Reward/feet_air_time,-0.006029244512319565
9118,Episode_Reward/flat_orientation_l2,0.0
9118,Episode_Reward/lin_vel_z_l2,-0.04741582274436951
9118,Episode_Reward/track_ang_vel_z_exp,0.3390480875968933
9118,Episode_Reward/track_lin_vel_xy_exp,0.681901216506958
9118,Episode_Reward/undesired_contacts,-0.0024127305950969458
9118,Episode_Termination/base_contact,0.001220703125
9118,Episode_Termination/time_out,0.998779296875
9118,Loss/entropy,11.503814697265625
9118,Loss/learning_rate,8.77914935699664e-05
9118,Loss/surrogate,-0.007143666967749596
9118,Loss/value,0.0116952545940876
9118,Metrics/base_velocity/error_vel_xy,0.3233276307582855
9118,Metrics/base_velocity/error_vel_yaw,0.31994664669036865
9118,Metrics/success_rate,0.6510581970214844
9118,Perf/collection_time,4.385589599609375
9118,Perf/learning_time,0.1836071014404297
9118,Perf/total_fps,21514.0
9118,Policy/mean_std,0.5297389030456543
9118,Train/mean_episode_length,1000.0
9118,Train/mean_reward,5.9759674072265625
9212,Curriculum/terrain_levels,0.5668742060661316
9212,Episode_Reward/action_rate_l2,-0.16788411140441895
9212,Episode_Reward/ang_vel_xy_l2,-0.009686127305030823
9212,Episode_Reward/dof_acc_l2,-0.1218114122748375
9212,Episode_Reward/dof_pos_limits,0.0
9212,Episode_Reward/dof_torques_l2,-0.3220750689506531
9212,Episode_Reward/feet_air_time,-0.005756358616054058
9212,Episode_Reward/flat_orientation_l2,0.0
9212,Episode_Reward/lin_vel_z_l2,-0.04640038311481476
9212,Episode_Reward/track_ang_vel_z_exp,0.34129518270492554
9212,Episode_Reward/track_lin_vel_xy_exp,0.7105781435966492
9212,Episode_Reward/undesired_contacts,-0.0017993053188547492
9212,Episode_Termination/base_contact,0.0002848307485692203
9212,Episode_Termination/time_out,0.9997152090072632
9212,Loss/entropy,11.515353202819824
9212,Loss/learning_rate,5.852766480529681e-05
9212,Loss/surrogate,-0.0036118158604949713
9212,Loss/value,0.012219534255564213
9212,Metrics/base_velocity/error_vel_xy,0.29682302474975586
9212,Metrics/base_velocity/error_vel_yaw,0.31702715158462524
9212,Metrics/success_rate,0.7236112356185913
9212,Perf/collection_time,4.245831489562988
9212,Perf/learning_time,0.1861104965209961
9212,Perf/total_fps,22180.0
9212,Policy/mean_std,0.5295339822769165
9212,Train/mean_episode_length,1000.0
9212,Train/mean_reward,6.738524913787842
9306,Curriculum/terrain_levels,0.5698649287223816
9306,Episode_Reward/action_rate_l2,-0.167173832654953
9306,Episode_Reward/ang_vel_xy_l2,-0.009341406635940075
9306,Episode_Reward/dof_acc_l2,-0.13252151012420654
9306,Episode_Reward/dof_pos_limits,0.0
9306,Episode_Reward/dof_torques_l2,-0.32896357774734497
9306,Episode_Reward/feet_air_time,-0.006041481159627438
9306,Episode_Reward/flat_orientation_l2,0.0
9306,Episode_Reward/lin_vel_z_l2,-0.046055249869823456
9306,Episode_Reward/track_ang_vel_z_exp,0.3373066782951355
9306,Episode_Reward/track_lin_vel_xy_exp,0.6602157354354858
9306,Episode_Reward/undesired_contacts,-0.0005833333125337958
9306,Episode_Termination/base_contact,0.00244140625
9306,Episode_Termination/time_out,0.99755859375
9306,Loss/entropy,11.453811645507812
9306,Loss/learning_rate,8.77914935699664e-05
9306,Loss/surrogate,-0.004954068921506405
9306,Loss/value,0.012614263221621513
9306,Metrics/base_velocity/error_vel_xy,0.3424112796783447
9306,Metrics/base_velocity/error_vel_yaw,0.3259848952293396
9306,Metrics/success_rate,0.6394345164299011
9306,Perf/collection_time,4.256174087524414
9306,Perf/learning_time,0.18757367134094238
9306,Perf/total_fps,22121.0
9306,Policy/mean_std,0.5280178785324097
9306,Train/mean_episode_length,1000.0
9306,Train/mean_reward,6.233564376831055
9400,Curriculum/terrain_levels,0.5767008662223816
9400,Episode_Reward/action_rate_l2,-0.16695865988731384
9400,Episode_Reward/ang_vel_xy_l2,-0.009820304811000824
9400,Episode_Reward/dof_acc_l2,-0.12878641486167908
9400,Episode_Reward/dof_pos_limits,0.0
9400,Episode_Reward/dof_torques_l2,-0.31880325078964233
9400,Episode_Reward/feet_air_time,-0.0058150868862867355
9400,Episode_Reward/flat_orientation_l2,0.0
9400,Episode_Reward/lin_vel_z_l2,-0.04504413902759552
9400,Episode_Reward/track_ang_vel_z_exp,0.3364415168762207
9400,Episode_Reward/track_lin_vel_xy_exp,0.6847014427185059
9400,Episode_Reward/undesired_contacts,-0.00890609622001648
9400,Episode_Termination/base_contact,0.000244140625
9400,Episode_Termination/time_out,0.999755859375
9400,Loss/entropy,11.278369903564453
9400,Loss/learning_rate,2.60122942563612e-05
9400,Loss/surrogate,0.0008426362182945013
9400,Loss/value,0.013067902997136116
9400,Metrics/base_velocity/error_vel_xy,0.3165411353111267
9400,Metrics/base_velocity/error_vel_yaw,0.3268699049949646
9400,Metrics/success_rate,0.655869722366333
9400,Perf/collection_time,4.213417053222656
9400,Perf/learning_time,0.1863553524017334
9400,Perf/total_fps,22342.0
9400,Policy/mean_std,0.5254804491996765
9400,Train/mean_episode_length,1000.0
9400,Train/mean_reward,7.338493824005127
9408,Train/mean_episode_length/time,1000.0
9408,Train/mean_reward/time,1.931175708770752
9494,Curriculum/terrain_levels,0.5933329463005066
9494,Episode_Reward/action_rate_l2,-0.1644878089427948
9494,Episode_Reward/ang_vel_xy_l2,-0.009081767871975899
9494,Episode_Reward/dof_acc_l2,-0.11744038760662079
9494,Episode_Reward/dof_pos_limits,0.0
9494,Episode_Reward/dof_torques_l2,-0.32073870301246643
9494,Episode_Reward/feet_air_time,-0.005991626530885696
9494,Episode_Reward/flat_orientation_l2,0.0
9494,Episode_Reward/lin_vel_z_l2,-0.04470156133174896
9494,Episode_Reward/track_ang_vel_z_exp,0.3335568308830261
9494,Episode_Reward/track_lin_vel_xy_exp,0.6708335280418396
9494,Episode_Reward/undesired_contacts,-0.003952380269765854
9494,Episode_Termination/base_contact,0.001861572265625
9494,Episode_Termination/time_out,0.998138427734375
9494,Loss/entropy,11.391288757324219
9494,Loss/learning_rate,5.852766480529681e-05
9494,Loss/surrogate,-0.004109019413590431
9494,Loss/value,0.010609197430312634
9494,Metrics/base_velocity/error_vel_xy,0.3304564952850342
9494,Metrics/base_velocity/error_vel_yaw,0.3325664699077606
9494,Metrics/success_rate,0.5920304656028748
9494,Perf/collection_time,4.344590187072754
9494,Perf/learning_time,0.19228458404541016
9494,Perf/total_fps,21667.0
9494,Policy/mean_std,0.5260847806930542
9494,Train/mean_episode_length,1000.0
9494,Train/mean_reward,7.379048824310303
9588,Curriculum/terrain_levels,0.583526611328125
9588,Episode_Reward/action_rate_l2,-0.16431711614131927
9588,Episode_Reward/ang_vel_xy_l2,-0.008769059553742409
9588,Episode_Reward/dof_acc_l2,-0.12155844271183014
9588,Episode_Reward/dof_pos_limits,0.0
9588,Episode_Reward/dof_torques_l2,-0.32503581047058105
9588,Episode_Reward/feet_air_time,-0.005889907479286194
9588,Episode_Reward/flat_orientation_l2,0.0
9588,Episode_Reward/lin_vel_z_l2,-0.045660220086574554
9588,Episode_Reward/track_ang_vel_z_exp,0.32856401801109314
9588,Episode_Reward/track_lin_vel_xy_exp,0.6733049154281616
9588,Episode_Reward/undesired_contacts,-0.005285115912556648
9588,Episode_Termination/base_contact,0.0009765625
9588,Episode_Termination/time_out,0.9990234375
9588,Loss/entropy,11.319173812866211
9588,Loss/learning_rate,8.77914935699664e-05
9588,Loss/surrogate,-0.004810098093003035
9588,Loss/value,0.011839511804282665
9588,Metrics/base_velocity/error_vel_xy,0.3282967805862427
9588,Metrics/base_velocity/error_vel_yaw,0.3447338044643402
9588,Metrics/success_rate,0.6286706328392029
9588,Perf/collection_time,4.27913761138916
9588,Perf/learning_time,0.18641257286071777
9588,Perf/total_fps,22013.0
9588,Policy/mean_std,0.5255828499794006
9588,Train/mean_episode_length,1000.0
9588,Train/mean_reward,6.299474239349365
9682,Curriculum/terrain_levels,0.6031392812728882
9682,Episode_Reward/action_rate_l2,-0.16405323147773743
9682,Episode_Reward/ang_vel_xy_l2,-0.009216278791427612
9682,Episode_Reward/dof_acc_l2,-0.12634716928005219
9682,Episode_Reward/dof_pos_limits,0.0
9682,Episode_Reward/dof_torques_l2,-0.3225747048854828
9682,Episode_Reward/feet_air_time,-0.00599857559427619
9682,Episode_Reward/flat_orientation_l2,0.0
9682,Episode_Reward/lin_vel_z_l2,-0.04484891891479492
9682,Episode_Reward/track_ang_vel_z_exp,0.32957491278648376
9682,Episode_Reward/track_lin_vel_xy_exp,0.6667546033859253
9682,Episode_Reward/undesired_contacts,-0.002418848453089595
9682,Episode_Termination/base_contact,0.000732421875
9682,Episode_Termination/time_out,0.999267578125
9682,Loss/entropy,11.380290985107422
9682,Loss/learning_rate,8.77914935699664e-05
9682,Loss/surrogate,-0.004156471695750952
9682,Loss/value,0.011849244125187397
9682,Metrics/base_velocity/error_vel_xy,0.33047011494636536
9682,Metrics/base_velocity/error_vel_yaw,0.34142693877220154
9682,Metrics/success_rate,0.6425760984420776
9682,Perf/collection_time,4.233578681945801
9682,Perf/learning_time,0.19008398056030273
9682,Perf/total_fps,22222.0
9682,Policy/mean_std,0.5263476371765137
9682,Train/mean_episode_length,1000.0
9682,Train/mean_reward,6.729372501373291
9776,Curriculum/terrain_levels,0.5999552607536316
9776,Episode_Reward/action_rate_l2,-0.16423001885414124
9776,Episode_Reward/ang_vel_xy_l2,-0.009745856747031212
9776,Episode_Reward/dof_acc_l2,-0.137168288230896
9776,Episode_Reward/dof_pos_limits,0.0
9776,Episode_Reward/dof_torques_l2,-0.32066065073013306
9776,Episode_Reward/feet_air_time,-0.005965216085314751
9776,Episode_Reward/flat_orientation_l2,0.0
9776,Episode_Reward/lin_vel_z_l2,-0.04602872580289841
9776,Episode_Reward/track_ang_vel_z_exp,0.3422365188598633
9776,Episode_Reward/track_lin_vel_xy_exp,0.6714531779289246
9776,Episode_Reward/undesired_contacts,-0.0005763889057561755
9776,Episode_Termination/base_contact,0.000244140625
9776,Episode_Termination/time_out,0.999755859375
9776,Loss/entropy,11.199251174926758
9776,Loss/learning_rate,8.77914935699664e-05
9776,Loss/surrogate,-0.0042000687681138515
9776,Loss/value,0.011326871812343597
9776,Metrics/base_velocity/error_vel_xy,0.3288300633430481
9776,Metrics/base_velocity/error_vel_yaw,0.3185669183731079
9776,Metrics/success_rate,0.6416666507720947
9776,Perf/collection_time,4.314533233642578
9776,Perf/learning_time,0.1874995231628418
9776,Perf/total_fps,21835.0
9776,Policy/mean_std,0.52484130859375
9776,Train/mean_episode_length,1000.0
9776,Train/mean_reward,6.936880111694336
9867,Train/mean_episode_length/time,1000.0
9867,Train/mean_reward/time,2.6073672771453857
9870,Curriculum/terrain_levels,0.61993408203125
9870,Episode_Reward/action_rate_l2,-0.16576237976551056
9870,Episode_Reward/ang_vel_xy_l2,-0.01038960088044405
9870,Episode_Reward/dof_acc_l2,-0.13968686759471893
9870,Episode_Reward/dof_pos_limits,0.0
9870,Episode_Reward/dof_torques_l2,-0.3252711892127991
9870,Episode_Reward/feet_air_time,-0.00584535812959075
9870,Episode_Reward/flat_orientation_l2,0.0
9870,Episode_Reward/lin_vel_z_l2,-0.04711368680000305
9870,Episode_Reward/track_ang_vel_z_exp,0.33032679557800293
9870,Episode_Reward/track_lin_vel_xy_exp,0.6778377294540405
9870,Episode_Reward/undesired_contacts,-0.003031480126082897
9870,Episode_Termination/base_contact,0.0009969075908884406
9870,Episode_Termination/time_out,0.9990031123161316
9870,Loss/entropy,11.094504356384277
9870,Loss/learning_rate,8.77914935699664e-05
9870,Loss/surrogate,-0.005434785969555378
9870,Loss/value,0.01209530234336853
9870,Metrics/base_velocity/error_vel_xy,0.3177146911621094
9870,Metrics/base_velocity/error_vel_yaw,0.33761829137802124
9870,Metrics/success_rate,0.6714451313018799
9870,Perf/collection_time,4.317584037780762
9870,Perf/learning_time,0.18787860870361328
9870,Perf/total_fps,21818.0
9870,Policy/mean_std,0.5249346494674683
9870,Train/mean_episode_length,997.2899780273438
9870,Train/mean_reward,6.9566826820373535
9964,Curriculum/terrain_levels,0.6298930048942566
9964,Episode_Reward/action_rate_l2,-0.1665351837873459
9964,Episode_Reward/ang_vel_xy_l2,-0.0100315622985363
9964,Episode_Reward/dof_acc_l2,-0.14151088893413544
9964,Episode_Reward/dof_pos_limits,0.0
9964,Episode_Reward/dof_torques_l2,-0.32382267713546753
9964,Episode_Reward/feet_air_time,-0.006275740452110767
9964,Episode_Reward/flat_orientation_l2,0.0
9964,Episode_Reward/lin_vel_z_l2,-0.046232670545578
9964,Episode_Reward/track_ang_vel_z_exp,0.3248020112514496
9964,Episode_Reward/track_lin_vel_xy_exp,0.6691679358482361
9964,Episode_Reward/undesired_contacts,-0.001518220640718937
9964,Episode_Termination/base_contact,0.00146484375
9964,Episode_Termination/time_out,0.99853515625
9964,Loss/entropy,11.309700012207031
9964,Loss/learning_rate,5.852766480529681e-05
9964,Loss/surrogate,-0.00480286730453372
9964,Loss/value,0.011390897445380688
9964,Metrics/base_velocity/error_vel_xy,0.3337869644165039
9964,Metrics/base_velocity/error_vel_yaw,0.34743207693099976
9964,Metrics/success_rate,0.5904762148857117
9964,Perf/collection_time,4.215943336486816
9964,Perf/learning_time,0.18839788436889648
9964,Perf/total_fps,22319.0
9964,Policy/mean_std,0.5272805690765381
9964,Train/mean_episode_length,1000.0
9964,Train/mean_reward,6.592584609985352
10058,Curriculum/terrain_levels,0.630889892578125
10058,Episode_Reward/action_rate_l2,-0.16523337364196777
10058,Episode_Reward/ang_vel_xy_l2,-0.009193656966090202
10058,Episode_Reward/dof_acc_l2,-0.13481932878494263
10058,Episode_Reward/dof_pos_limits,0.0
10058,Episode_Reward/dof_torques_l2,-0.3235602378845215
10058,Episode_Reward/feet_air_time,-0.005852474831044674
10058,Episode_Reward/flat_orientation_l2,0.0
10058,Episode_Reward/lin_vel_z_l2,-0.04409807175397873
10058,Episode_Reward/track_ang_vel_z_exp,0.3174360394477844
10058,Episode_Reward/track_lin_vel_xy_exp,0.6740825176239014
10058,Episode_Reward/undesired_contacts,-0.009198704734444618
10058,Episode_Termination/base_contact,0.002685546875
10058,Episode_Termination/time_out,0.997314453125
10058,Loss/entropy,11.330741882324219
10058,Loss/learning_rate,8.77914935699664e-05
10058,Loss/surrogate,-0.004640584345906973
10058,Loss/value,0.01312864851206541
10058,Metrics/base_velocity/error_vel_xy,0.325133353471756
10058,Metrics/base_velocity/error_vel_yaw,0.36187124252319336
10058,Metrics/success_rate,0.5926421880722046
10058,Perf/collection_time,4.228540420532227
10058,Perf/learning_time,0.19133329391479492
10058,Perf/total_fps,22241.0
10058,Policy/mean_std,0.5283406972885132
10058,Train/mean_episode_length,1000.0
10058,Train/mean_reward,6.369057655334473
10152,Curriculum/terrain_levels,0.6381632685661316
10152,Episode_Reward/action_rate_l2,-0.1666812151670456
10152,Episode_Reward/ang_vel_xy_l2,-0.009250662289559841
10152,Episode_Reward/dof_acc_l2,-0.1288120001554489
10152,Episode_Reward/dof_pos_limits,0.0
10152,Episode_Reward/dof_torques_l2,-0.32282429933547974
10152,Episode_Reward/feet_air_time,-0.005805131047964096
10152,Episode_Reward/flat_orientation_l2,0.0
10152,Episode_Reward/lin_vel_z_l2,-0.04419600963592529
10152,Episode_Reward/track_ang_vel_z_exp,0.32257986068725586
10152,Episode_Reward/track_lin_vel_xy_exp,0.7080219984054565
10152,Episode_Reward/undesired_contacts,-0.005798356141895056
10152,Episode_Termination/base_contact,0.0029296875
10152,Episode_Termination/time_out,0.9970703125
10152,Loss/entropy,11.369403839111328
10152,Loss/learning_rate,8.77914935699664e-05
10152,Loss/surrogate,-0.00624170433729887
10152,Loss/value,0.011763649992644787
10152,Metrics/base_velocity/error_vel_xy,0.2970581650733948
10152,Metrics/base_velocity/error_vel_yaw,0.35492056608200073
10152,Metrics/success_rate,0.6261364221572876
10152,Perf/collection_time,4.223568916320801
10152,Perf/learning_time,0.1899430751800537
10152,Perf/total_fps,22273.0
10152,Policy/mean_std,0.5280155539512634
10152,Train/mean_episode_length,1000.0
10152,Train/mean_reward,6.484742641448975
10246,Curriculum/terrain_levels,0.640350341796875
10246,Episode_Reward/action_rate_l2,-0.16467814147472382
10246,Episode_Reward/ang_vel_xy_l2,-0.009018320590257645
10246,Episode_Reward/dof_acc_l2,-0.12117236852645874
10246,Episode_Reward/dof_pos_limits,0.0
10246,Episode_Reward/dof_torques_l2,-0.327454149723053
10246,Episode_Reward/feet_air_time,-0.006041848100721836
10246,Episode_Reward/flat_orientation_l2,0.0
10246,Episode_Reward/lin_vel_z_l2,-0.04363139718770981
10246,Episode_Reward/track_ang_vel_z_exp,0.32590681314468384
10246,Episode_Reward/track_lin_vel_xy_exp,0.6271508932113647
10246,Episode_Reward/undesired_contacts,-0.0012665673857554793
10246,Episode_Termination/base_contact,0.001708984375
10246,Episode_Termination/time_out,0.998291015625
10246,Loss/entropy,11.39525032043457
10246,Loss/learning_rate,8.77914935699664e-05
10246,Loss/surrogate,-0.0038062031380832195
10246,Loss/value,0.011454756371676922
10246,Metrics/base_velocity/error_vel_xy,0.35759782791137695
10246,Metrics/base_velocity/error_vel_yaw,0.35218268632888794
10246,Metrics/success_rate,0.5310516357421875
10246,Perf/collection_time,4.2544941902160645
10246,Perf/learning_time,0.19211626052856445
10246,Perf/total_fps,22107.0
10246,Policy/mean_std,0.5285912752151489
10246,Train/mean_episode_length,1000.0
10246,Train/mean_reward,6.716859817504883
10326,Train/mean_episode_length/time,1000.0
10326,Train/mean_reward/time,3.207034111022949
10340,Curriculum/terrain_levels,0.6208903193473816
10340,Episode_Reward/action_rate_l2,-0.16636252403259277
10340,Episode_Reward/ang_vel_xy_l2,-0.00911323819309473
10340,Episode_Reward/dof_acc_l2,-0.13192100822925568
10340,Episode_Reward/dof_pos_limits,0.0
10340,Episode_Reward/dof_torques_l2,-0.3262554109096527
10340,Episode_Reward/feet_air_time,-0.005917625036090612
10340,Episode_Reward/flat_orientation_l2,0.0
10340,Episode_Reward/lin_vel_z_l2,-0.04525671526789665
10340,Episode_Reward/track_ang_vel_z_exp,0.32507869601249695
10340,Episode_Reward/track_lin_vel_xy_exp,0.6671388149261475
10340,Episode_Reward/undesired_contacts,-0.0016961803194135427
10340,Episode_Termination/base_contact,0.0029296875
10340,Episode_Termination/time_out,0.9970703125
10340,Loss/entropy,11.32526683807373
10340,Loss/learning_rate,8.77914935699664e-05
10340,Loss/surrogate,-0.00354386935941875
10340,Loss/value,0.012126979418098927
10340,Metrics/base_velocity/error_vel_xy,0.3332405090332031
10340,Metrics/base_velocity/error_vel_yaw,0.3488737940788269
10340,Metrics/success_rate,0.6151124835014343
10340,Perf/collection_time,4.283550262451172
10340,Perf/learning_time,0.1992499828338623
10340,Perf/total_fps,21929.0
10340,Policy/mean_std,0.5283282399177551
10340,Train/mean_episode_length,1000.0
10340,Train/mean_reward,6.712238788604736
10434,Curriculum/terrain_levels,0.6219889521598816
10434,Episode_Reward/action_rate_l2,-0.16922327876091003
10434,Episode_Reward/ang_vel_xy_l2,-0.010216987691819668
10434,Episode_Reward/dof_acc_l2,-0.13488680124282837
10434,Episode_Reward/dof_pos_limits,0.0
10434,Episode_Reward/dof_torques_l2,-0.33680102229118347
10434,Episode_Reward/feet_air_time,-0.005842125974595547
10434,Episode_Reward/flat_orientation_l2,0.0
10434,Episode_Reward/lin_vel_z_l2,-0.04945426434278488
10434,Episode_Reward/track_ang_vel_z_exp,0.3434005379676819
10434,Episode_Reward/track_lin_vel_xy_exp,0.6578036546707153
10434,Episode_Reward/undesired_contacts,-0.003948526922613382
10434,Episode_Termination/base_contact,0.0029296875
10434,Episode_Termination/time_out,0.9970703125
10434,Loss/entropy,11.372964859008789
10434,Loss/learning_rate,3.9018443203531206e-05
10434,Loss/surrogate,-0.005800648592412472
10434,Loss/value,0.01214087475091219
10434,Metrics/base_velocity/error_vel_xy,0.33986198902130127
10434,Metrics/base_velocity/error_vel_yaw,0.3098507523536682
10434,Metrics/success_rate,0.6753637790679932
10434,Perf/collection_time,4.222384929656982
10434,Perf/learning_time,0.186295747756958
10434,Perf/total_fps,22297.0
10434,Policy/mean_std,0.5291435122489929
10434,Train/mean_episode_length,1000.0
10434,Train/mean_reward,6.128407001495361
10528,Curriculum/terrain_levels,0.582305908203125
10528,Episode_Reward/action_rate_l2,-0.1654326170682907
10528,Episode_Reward/ang_vel_xy_l2,-0.010187446139752865
10528,Episode_Reward/dof_acc_l2,-0.13900843262672424
10528,Episode_Reward/dof_pos_limits,0.0
10528,Episode_Reward/dof_torques_l2,-0.3279833197593689
10528,Episode_Reward/feet_air_time,-0.005823477171361446
10528,Episode_Reward/flat_orientation_l2,0.0
10528,Episode_Reward/lin_vel_z_l2,-0.04846489429473877
10528,Episode_Reward/track_ang_vel_z_exp,0.34151872992515564
10528,Episode_Reward/track_lin_vel_xy_exp,0.6926182508468628
10528,Episode_Reward/undesired_contacts,-0.00421140668913722
10528,Episode_Termination/base_contact,0.0008951823110692203
10528,Episode_Termination/time_out,0.9991048574447632
10528,Loss/entropy,11.218612670898438
10528,Loss/learning_rate,5.852766480529681e-05
10528,Loss/surrogate,-0.005425067152827978
10528,Loss/value,0.011212443001568317
10528,Metrics/base_velocity/error_vel_xy,0.307404100894928
10528,Metrics/base_velocity/error_vel_yaw,0.31451866030693054
10528,Metrics/success_rate,0.7194444537162781
10528,Perf/collection_time,4.177227973937988
10528,Perf/learning_time,0.18285059928894043
10528,Perf/total_fps,22546.0
10528,Policy/mean_std,0.5260851979255676
10528,Train/mean_episode_length,999.52001953125
10528,Train/mean_reward,6.535153388977051
10622,Curriculum/terrain_levels,0.579925537109375
10622,Episode_Reward/action_rate_l2,-0.16555067896842957
10622,Episode_Reward/ang_vel_xy_l2,-0.00994754396378994
10622,Episode_Reward/dof_acc_l2,-0.12116864323616028
10622,Episode_Reward/dof_pos_limits,0.0
10622,Episode_Reward/dof_torques_l2,-0.32202962040901184
10622,Episode_Reward/feet_air_time,-0.005959283094853163
10622,Episode_Reward/flat_orientation_l2,0.0
10622,Episode_Reward/lin_vel_z_l2,-0.04380282759666443
10622,Episode_Reward/track_ang_vel_z_exp,0.35579153895378113
10622,Episode_Reward/track_lin_vel_xy_exp,0.6934642791748047
10622,Episode_Reward/undesired_contacts,-0.007206941023468971
10622,Episode_Termination/base_contact,0.00146484375
10622,Episode_Termination/time_out,0.99853515625
10622,Loss/entropy,11.187220573425293
10622,Loss/learning_rate,0.0001316872367169708
10622,Loss/surrogate,-0.0035639831330627203
10622,Loss/value,0.012248954735696316
10622,Metrics/base_velocity/error_vel_xy,0.3145521879196167
10622,Metrics/base_velocity/error_vel_yaw,0.29005518555641174
10622,Metrics/success_rate,0.6555556058883667
10622,Perf/collection_time,4.196414947509766
10622,Perf/learning_time,0.18365836143493652
10622,Perf/total_fps,22443.0
10622,Policy/mean_std,0.5269919037818909
10622,Train/mean_episode_length,1000.0
10622,Train/mean_reward,7.874899387359619
10716,Curriculum/terrain_levels,0.6101176142692566
10716,Episode_Reward/action_rate_l2,-0.1668730080127716
10716,Episode_Reward/ang_vel_xy_l2,-0.010540634393692017
10716,Episode_Reward/dof_acc_l2,-0.1252593696117401
10716,Episode_Reward/dof_pos_limits,0.0
10716,Episode_Reward/dof_torques_l2,-0.3256033658981323
10716,Episode_Reward/feet_air_time,-0.005936272442340851
10716,Episode_Reward/flat_orientation_l2,0.0
10716,Episode_Reward/lin_vel_z_l2,-0.04659699648618698
10716,Episode_Reward/track_ang_vel_z_exp,0.3362843990325928
10716,Episode_Reward/track_lin_vel_xy_exp,0.6928223371505737
10716,Episode_Reward/undesired_contacts,-0.00868147797882557
10716,Episode_Termination/base_contact,0.001953125
10716,Episode_Termination/time_out,0.998046875
10716,Loss/entropy,11.287397384643555
10716,Loss/learning_rate,8.77914935699664e-05
10716,Loss/surrogate,-0.005339254625141621
10716,Loss/value,0.010452385060489178
10716,Metrics/base_velocity/error_vel_xy,0.30641666054725647
10716,Metrics/base_velocity/error_vel_yaw,0.3256750702857971
10716,Metrics/success_rate,0.6768519282341003
10716,Perf/collection_time,4.243284225463867
10716,Perf/learning_time,0.1841576099395752
10716,Perf/total_fps,22203.0
10716,Policy/mean_std,0.5273688435554504
10716,Train/mean_episode_length,1000.0
10716,Train/mean_reward,6.362010955810547
10791,Train/mean_episode_length/time,1000.0
10791,Train/mean_reward/time,2.500425338745117
10810,Curriculum/terrain_levels,0.6106058955192566
10810,Episode_Reward/action_rate_l2,-0.16608233749866486
10810,Episode_Reward/ang_vel_xy_l2,-0.010207525454461575
10810,Episode_Reward/dof_acc_l2,-0.12732398509979248
10810,Episode_Reward/dof_pos_limits,0.0
10810,Episode_Reward/dof_torques_l2,-0.3265523910522461
10810,Episode_Reward/feet_air_time,-0.005672568455338478
10810,Episode_Reward/flat_orientation_l2,0.0
10810,Episode_Reward/lin_vel_z_l2,-0.044833093881607056
10810,Episode_Reward/track_ang_vel_z_exp,0.3474466800689697
10810,Episode_Reward/track_lin_vel_xy_exp,0.7062796354293823
10810,Episode_Reward/undesired_contacts,-0.0062628937885165215
10810,Episode_Termination/base_contact,0.002685546875
10810,Episode_Termination/time_out,0.997314453125
10810,Loss/entropy,11.222533226013184
10810,Loss/learning_rate,8.77914935699664e-05
10810,Loss/surrogate,-0.004249402321875095
10810,Loss/value,0.011327531188726425
10810,Metrics/base_velocity/error_vel_xy,0.2958003282546997
10810,Metrics/base_velocity/error_vel_yaw,0.3068886697292328
10810,Metrics/success_rate,0.7398809790611267
10810,Perf/collection_time,4.2292280197143555
10810,Perf/learning_time,0.18558883666992188
10810,Perf/total_fps,22266.0
10810,Policy/mean_std,0.5267646908760071
10810,Train/mean_episode_length,1000.0
10810,Train/mean_reward,7.43723201751709
10904,Curriculum/terrain_levels,0.62469482421875
10904,Episode_Reward/action_rate_l2,-0.16777609288692474
10904,Episode_Reward/ang_vel_xy_l2,-0.01048732828348875
10904,Episode_Reward/dof_acc_l2,-0.13710758090019226
10904,Episode_Reward/dof_pos_limits,0.0
10904,Episode_Reward/dof_torques_l2,-0.3211786150932312
10904,Episode_Reward/feet_air_time,-0.005806934088468552
10904,Episode_Reward/flat_orientation_l2,0.0
10904,Episode_Reward/lin_vel_z_l2,-0.04501601681113243
10904,Episode_Reward/track_ang_vel_z_exp,0.3547062873840332
10904,Episode_Reward/track_lin_vel_xy_exp,0.7421730756759644
10904,Episode_Reward/undesired_contacts,-0.0008055059006437659
10904,Episode_Termination/base_contact,0.001953125
10904,Episode_Termination/time_out,0.998046875
10904,Loss/entropy,11.150671005249023
10904,Loss/learning_rate,8.77914935699664e-05
10904,Loss/surrogate,-0.004828202538192272
10904,Loss/value,0.011125640943646431
10904,Metrics/base_velocity/error_vel_xy,0.2699037492275238
10904,Metrics/base_velocity/error_vel_yaw,0.2920594811439514
10904,Metrics/success_rate,0.7414681911468506
10904,Perf/collection_time,4.323651313781738
10904,Perf/learning_time,0.2080094814300537
10904,Perf/total_fps,21692.0
10904,Policy/mean_std,0.5272786021232605
10904,Train/mean_episode_length,1000.0
10904,Train/mean_reward,7.020748615264893
10998,Curriculum/terrain_levels,0.6026204824447632
10998,Episode_Reward/action_rate_l2,-0.16587820649147034
10998,Episode_Reward/ang_vel_xy_l2,-0.010013744235038757
10998,Episode_Reward/dof_acc_l2,-0.1461322009563446
10998,Episode_Reward/dof_pos_limits,0.0
10998,Episode_Reward/dof_torques_l2,-0.3253052532672882
10998,Episode_Reward/feet_air_time,-0.005912122782319784
10998,Episode_Reward/flat_orientation_l2,0.0
10998,Episode_Reward/lin_vel_z_l2,-0.04498062655329704
10998,Episode_Reward/track_ang_vel_z_exp,0.3344714641571045
10998,Episode_Reward/track_lin_vel_xy_exp,0.6960887908935547
10998,Episode_Reward/undesired_contacts,-0.000711507978849113
10998,Episode_Termination/base_contact,0.0027262370567768812
10998,Episode_Termination/time_out,0.9972738027572632
10998,Loss/entropy,11.101974487304688
10998,Loss/learning_rate,8.77914935699664e-05
10998,Loss/surrogate,-0.0047343941405415535
10998,Loss/value,0.011132140643894672
10998,Metrics/base_velocity/error_vel_xy,0.3066633343696594
10998,Metrics/base_velocity/error_vel_yaw,0.32773634791374207
10998,Metrics/success_rate,0.6824901103973389
10998,Perf/collection_time,4.300799369812012
10998,Perf/learning_time,0.19265389442443848
10998,Perf/total_fps,21877.0
10998,Policy/mean_std,0.5258457660675049
10998,Train/mean_episode_length,1000.0
10998,Train/mean_reward,7.350731372833252
11092,Curriculum/terrain_levels,0.5608012080192566
11092,Episode_Reward/action_rate_l2,-0.16572979092597961
11092,Episode_Reward/ang_vel_xy_l2,-0.009560246020555496
11092,Episode_Reward/dof_acc_l2,-0.1300911158323288
11092,Episode_Reward/dof_pos_limits,0.0
11092,Episode_Reward/dof_torques_l2,-0.3261967599391937
11092,Episode_Reward/feet_air_time,-0.005868986248970032
11092,Episode_Reward/flat_orientation_l2,0.0
11092,Episode_Reward/lin_vel_z_l2,-0.04279136657714844
11092,Episode_Reward/track_ang_vel_z_exp,0.33608347177505493
11092,Episode_Reward/track_lin_vel_xy_exp,0.7011997103691101
11092,Episode_Reward/undesired_contacts,-0.00449801329523325
11092,Episode_Termination/base_contact,0.001220703125
11092,Episode_Termination/time_out,0.998779296875
11092,Loss/entropy,11.173341751098633
11092,Loss/learning_rate,8.77914935699664e-05
11092,Loss/surrogate,-0.0037641706876456738
11092,Loss/value,0.012149481102824211
11092,Metrics/base_velocity/error_vel_xy,0.29962867498397827
11092,Metrics/base_velocity/error_vel_yaw,0.32486623525619507
11092,Metrics/success_rate,0.7014881372451782
11092,Perf/collection_time,4.294633865356445
11092,Perf/learning_time,0.1938624382019043
11092,Perf/total_fps,21901.0
11092,Policy/mean_std,0.5270907878875732
11092,Train/mean_episode_length,1000.0
11092,Train/mean_reward,6.921507835388184
11186,Curriculum/terrain_levels,0.5590718984603882
11186,Episode_Reward/action_rate_l2,-0.16803842782974243
11186,Episode_Reward/ang_vel_xy_l2,-0.010274235159158707
11186,Episode_Reward/dof_acc_l2,-0.13411399722099304
11186,Episode_Reward/dof_pos_limits,0.0
11186,Episode_Reward/dof_torques_l2,-0.33336901664733887
11186,Episode_Reward/feet_air_time,-0.0058980099856853485
11186,Episode_Reward/flat_orientation_l2,0.0
11186,Episode_Reward/lin_vel_z_l2,-0.04763181135058403
11186,Episode_Reward/track_ang_vel_z_exp,0.327584445476532
11186,Episode_Reward/track_lin_vel_xy_exp,0.6845195293426514
11186,Episode_Reward/undesired_contacts,-0.006504857912659645
11186,Episode_Termination/base_contact,0.001220703125
11186,Episode_Termination/time_out,0.998779296875
11186,Loss/entropy,11.241119384765625
11186,Loss/learning_rate,8.77914935699664e-05
11186,Loss/surrogate,-0.004539936780929565
11186,Loss/value,0.011637230403721333
11186,Metrics/base_velocity/error_vel_xy,0.3134749233722687
11186,Metrics/base_velocity/error_vel_yaw,0.3437294363975525
11186,Metrics/success_rate,0.6332341432571411
11186,Perf/collection_time,4.350743293762207
11186,Perf/learning_time,0.20255446434020996
11186,Perf/total_fps,21589.0
11186,Policy/mean_std,0.5281320214271545
11186,Train/mean_episode_length,1000.0
11186,Train/mean_reward,6.4561614990234375
11262,Train/mean_episode_length/time,1000.0
11262,Train/mean_reward/time,2.200153350830078
11280,Curriculum/terrain_levels,0.5573527216911316
11280,Episode_Reward/action_rate_l2,-0.16711339354515076
11280,Episode_Reward/ang_vel_xy_l2,-0.009687776677310467
11280,Episode_Reward/dof_acc_l2,-0.12120535224676132
11280,Episode_Reward/dof_pos_limits,0.0
11280,Episode_Reward/dof_torques_l2,-0.3209557831287384
11280,Episode_Reward/feet_air_time,-0.0058595421724021435
11280,Episode_Reward/flat_orientation_l2,0.0
11280,Episode_Reward/lin_vel_z_l2,-0.044767674058675766
11280,Episode_Reward/track_ang_vel_z_exp,0.3575436770915985
11280,Episode_Reward/track_lin_vel_xy_exp,0.6836717128753662
11280,Episode_Reward/undesired_contacts,-0.00276567367836833
11280,Episode_Termination/base_contact,0.00146484375
11280,Episode_Termination/time_out,0.99853515625
11280,Loss/entropy,11.324474334716797
11280,Loss/learning_rate,5.852766480529681e-05
11280,Loss/surrogate,-0.0039006441365927458
11280,Loss/value,0.012033581733703613
11280,Metrics/base_velocity/error_vel_xy,0.31503358483314514
11280,Metrics/base_velocity/error_vel_yaw,0.2885381877422333
11280,Metrics/success_rate,0.7772817611694336
11280,Perf/collection_time,4.361582279205322
11280,Perf/learning_time,0.1852266788482666
11280,Perf/total_fps,21620.0
11280,Policy/mean_std,0.5285158157348633
11280,Train/mean_episode_length,1000.0
11280,Train/mean_reward,7.594900608062744
11374,Curriculum/terrain_levels,0.5646566152572632
11374,Episode_Reward/action_rate_l2,-0.16665154695510864
11374,Episode_Reward/ang_vel_xy_l2,-0.009287192486226559
11374,Episode_Reward/dof_acc_l2,-0.12965290248394012
11374,Episode_Reward/dof_pos_limits,0.0
11374,Episode_Reward/dof_torques_l2,-0.33030229806900024
11374,Episode_Reward/feet_air_time,-0.005779271479696035
11374,Episode_Reward/flat_orientation_l2,0.0
11374,Episode_Reward/lin_vel_z_l2,-0.04311522841453552
11374,Episode_Reward/track_ang_vel_z_exp,0.3282034993171692
11374,Episode_Reward/track_lin_vel_xy_exp,0.6535083055496216
11374,Episode_Reward/undesired_contacts,-0.0024818782694637775
11374,Episode_Termination/base_contact,0.001953125
11374,Episode_Termination/time_out,0.998046875
11374,Loss/entropy,11.183486938476562
11374,Loss/learning_rate,8.77914935699664e-05
11374,Loss/surrogate,-0.0041228001937270164
11374,Loss/value,0.01048127468675375
11374,Metrics/base_velocity/error_vel_xy,0.3441038727760315
11374,Metrics/base_velocity/error_vel_yaw,0.33801621198654175
11374,Metrics/success_rate,0.6640046834945679
11374,Perf/collection_time,4.431389808654785
11374,Perf/learning_time,0.1930220127105713
11374,Perf/total_fps,21257.0
11374,Policy/mean_std,0.5277568697929382
11374,Train/mean_episode_length,1000.0
11374,Train/mean_reward,6.260125160217285
11468,Curriculum/terrain_levels,0.576629638671875
11468,Episode_Reward/action_rate_l2,-0.16529564559459686
11468,Episode_Reward/ang_vel_xy_l2,-0.009495038539171219
11468,Episode_Reward/dof_acc_l2,-0.1281415820121765
11468,Episode_Reward/dof_pos_limits,0.0
11468,Episode_Reward/dof_torques_l2,-0.323128342628479
11468,Episode_Reward/feet_air_time,-0.00561255868524313
11468,Episode_Reward/flat_orientation_l2,0.0
11468,Episode_Reward/lin_vel_z_l2,-0.04546773433685303
11468,Episode_Reward/track_ang_vel_z_exp,0.34328556060791016
11468,Episode_Reward/track_lin_vel_xy_exp,0.6482090353965759
11468,Episode_Reward/undesired_contacts,-0.0036513879895210266
11468,Episode_Termination/base_contact,0.000732421875
11468,Episode_Termination/time_out,0.999267578125
11468,Loss/entropy,11.071744918823242
11468,Loss/learning_rate,3.9018443203531206e-05
11468,Loss/surrogate,-0.002157828537747264
11468,Loss/value,0.01156094204634428
11468,Metrics/base_velocity/error_vel_xy,0.34351909160614014
11468,Metrics/base_velocity/error_vel_yaw,0.313396155834198
11468,Metrics/success_rate,0.6839781999588013
11468,Perf/collection_time,4.229839324951172
11468,Perf/learning_time,0.19765686988830566
11468,Perf/total_fps,22203.0
11468,Policy/mean_std,0.5270570516586304
11468,Train/mean_episode_length,1000.0
11468,Train/mean_reward,6.45827579498291
11562,Curriculum/terrain_levels,0.552215576171875
11562,Episode_Reward/action_rate_l2,-0.16658180952072144
11562,Episode_Reward/ang_vel_xy_l2,-0.009510728530585766
11562,Episode_Reward/dof_acc_l2,-0.12764590978622437
11562,Episode_Reward/dof_pos_limits,0.0
11562,Episode_Reward/dof_torques_l2,-0.31916913390159607
11562,Episode_Reward/feet_air_time,-0.00580328656360507
11562,Episode_Reward/flat_orientation_l2,0.0
11562,Episode_Reward/lin_vel_z_l2,-0.04434863477945328
11562,Episode_Reward/track_ang_vel_z_exp,0.3472404479980469
11562,Episode_Reward/track_lin_vel_xy_exp,0.7216264605522156
11562,Episode_Reward/undesired_contacts,-0.008247910998761654
11562,Episode_Termination/base_contact,0.000732421875
11562,Episode_Termination/time_out,0.999267578125
11562,Loss/entropy,11.10124397277832
11562,Loss/learning_rate,8.77914935699664e-05
11562,Loss/surrogate,-0.003705295966938138
11562,Loss/value,0.011138452216982841
11562,Metrics/base_velocity/error_vel_xy,0.2851372957229614
11562,Metrics/base_velocity/error_vel_yaw,0.30466121435165405
11562,Metrics/success_rate,0.7012896537780762
11562,Perf/collection_time,4.231441497802734
11562,Perf/learning_time,0.1881570816040039
11562,Perf/total_fps,22242.0
11562,Policy/mean_std,0.5273763537406921
11562,Train/mean_episode_length,1000.0
11562,Train/mean_reward,7.499249458312988
11656,Curriculum/terrain_levels,0.5612996816635132
11656,Episode_Reward/action_rate_l2,-0.1653384268283844
11656,Episode_Reward/ang_vel_xy_l2,-0.009271660819649696
11656,Episode_Reward/dof_acc_l2,-0.12764684855937958
11656,Episode_Reward/dof_pos_limits,0.0
11656,Episode_Reward/dof_torques_l2,-0.32352548837661743
11656,Episode_Reward/feet_air_time,-0.005652904510498047
11656,Episode_Reward/flat_orientation_l2,0.0
11656,Episode_Reward/lin_vel_z_l2,-0.04200498387217522
11656,Episode_Reward/track_ang_vel_z_exp,0.3209129571914673
11656,Episode_Reward/track_lin_vel_xy_exp,0.6998027563095093
11656,Episode_Reward/undesired_contacts,-0.006792357191443443
11656,Episode_Termination/base_contact,0.0020853679161518812
11656,Episode_Termination/time_out,0.9979146718978882
11656,Loss/entropy,11.099328994750977
11656,Loss/learning_rate,5.852766480529681e-05
11656,Loss/surrogate,-0.004226534627377987
11656,Loss/value,0.011425948701798916
11656,Metrics/base_velocity/error_vel_xy,0.30100250244140625
11656,Metrics/base_velocity/error_vel_yaw,0.36072468757629395
11656,Metrics/success_rate,0.5898809432983398
11656,Perf/collection_time,4.452846527099609
11656,Perf/learning_time,0.19031023979187012
11656,Perf/total_fps,21171.0
11656,Policy/mean_std,0.526526927947998
11656,Train/mean_episode_length,1000.0
11656,Train/mean_reward,7.4459075927734375
11743,Train/mean_episode_length/time,1000.0
11743,Train/mean_reward/time,2.1239917278289795
11750,Curriculum/terrain_levels,0.5519511103630066
11750,Episode_Reward/action_rate_l2,-0.16628842055797577
11750,Episode_Reward/ang_vel_xy_l2,-0.00984452199190855
11750,Episode_Reward/dof_acc_l2,-0.11223503202199936
11750,Episode_Reward/dof_pos_limits,0.0
11750,Episode_Reward/dof_torques_l2,-0.31795042753219604
11750,Episode_Reward/feet_air_time,-0.005902305245399475
11750,Episode_Reward/flat_orientation_l2,0.0
11750,Episode_Reward/lin_vel_z_l2,-0.045768335461616516
11750,Episode_Reward/track_ang_vel_z_exp,0.35753583908081055
11750,Episode_Reward/track_lin_vel_xy_exp,0.700499951839447
11750,Episode_Reward/undesired_contacts,-0.006149649620056152
11750,Episode_Termination/base_contact,0.000732421875
11750,Episode_Termination/time_out,0.999267578125
11750,Loss/entropy,11.092473983764648
11750,Loss/learning_rate,8.77914935699664e-05
11750,Loss/surrogate,-0.005082789342850447
11750,Loss/value,0.010391699150204659
11750,Metrics/base_velocity/error_vel_xy,0.30137234926223755
11750,Metrics/base_velocity/error_vel_yaw,0.2891169786453247
11750,Metrics/success_rate,0.7802083492279053
11750,Perf/collection_time,4.386358261108398
11750,Perf/learning_time,0.19863057136535645
11750,Perf/total_fps,21440.0
11750,Policy/mean_std,0.5263444781303406
11750,Train/mean_episode_length,1000.0
11750,Train/mean_reward,8.192763328552246
11844,Curriculum/terrain_levels,0.5473734736442566
11844,Episode_Reward/action_rate_l2,-0.16615766286849976
11844,Episode_Reward/ang_vel_xy_l2,-0.010394955985248089
11844,Episode_Reward/dof_acc_l2,-0.12726479768753052
11844,Episode_Reward/dof_pos_limits,0.0
11844,Episode_Reward/dof_torques_l2,-0.3251417875289917
11844,Episode_Reward/feet_air_time,-0.005724082700908184
11844,Episode_Reward/flat_orientation_l2,0.0
11844,Episode_Reward/lin_vel_z_l2,-0.04695959389209747
11844,Episode_Reward/track_ang_vel_z_exp,0.36382555961608887
11844,Episode_Reward/track_lin_vel_xy_exp,0.6965827941894531
11844,Episode_Reward/undesired_contacts,-0.010754509828984737
11844,Episode_Termination/base_contact,0.00103759765625
11844,Episode_Termination/time_out,0.99896240234375
11844,Loss/entropy,11.154436111450195
11844,Loss/learning_rate,3.9018443203531206e-05
11844,Loss/surrogate,-0.0033846695441752672
11844,Loss/value,0.011447317898273468
11844,Metrics/base_velocity/error_vel_xy,0.3044225871562958
11844,Metrics/base_velocity/error_vel_yaw,0.27731502056121826
11844,Metrics/success_rate,0.7239087820053101
11844,Perf/collection_time,4.49427604675293
11844,Perf/learning_time,0.200120210647583
11844,Perf/total_fps,20940.0
11844,Policy/mean_std,0.5259012579917908
11844,Train/mean_episode_length,999.3599853515625
11844,Train/mean_reward,7.600710868835449
11938,Curriculum/terrain_levels,0.5576273798942566
11938,Episode_Reward/action_rate_l2,-0.16547605395317078
11938,Episode_Reward/ang_vel_xy_l2,-0.009537894278764725
11938,Episode_Reward/dof_acc_l2,-0.14320623874664307
11938,Episode_Reward/dof_pos_limits,0.0
11938,Episode_Reward/dof_torques_l2,-0.32348233461380005
11938,Episode_Reward/feet_air_time,-0.00624620309099555
11938,Episode_Reward/flat_orientation_l2,0.0
11938,Episode_Reward/lin_vel_z_l2,-0.044130682945251465
11938,Episode_Reward/track_ang_vel_z_exp,0.3435680568218231
11938,Episode_Reward/track_lin_vel_xy_exp,0.6591168642044067
11938,Episode_Reward/undesired_contacts,-0.008226295933127403
11938,Episode_Termination/base_contact,0.00048828125
11938,Episode_Termination/time_out,0.99951171875
11938,Loss/entropy,11.22441291809082
11938,Loss/learning_rate,8.77914935699664e-05
11938,Loss/surrogate,-0.0029266048222780228
11938,Loss/value,0.011006353422999382
11938,Metrics/base_velocity/error_vel_xy,0.3358181118965149
11938,Metrics/base_velocity/error_vel_yaw,0.31782621145248413
11938,Metrics/success_rate,0.6555556058883667
11938,Perf/collection_time,4.230531692504883
11938,Perf/learning_time,0.18727564811706543
11938,Perf/total_fps,22251.0
11938,Policy/mean_std,0.5261576771736145
11938,Train/mean_episode_length,1000.0
11938,Train/mean_reward,6.467130661010742
12032,Curriculum/terrain_levels,0.5361328125
12032,Episode_Reward/action_rate_l2,-0.16576528549194336
12032,Episode_Reward/ang_vel_xy_l2,-0.009835842065513134
12032,Episode_Reward/dof_acc_l2,-0.1357319951057434
12032,Episode_Reward/dof_pos_limits,0.0
12032,Episode_Reward/dof_torques_l2,-0.32364392280578613
12032,Episode_Reward/feet_air_time,-0.005894559435546398
12032,Episode_Reward/flat_orientation_l2,0.0
12032,Episode_Reward/lin_vel_z_l2,-0.046361953020095825
12032,Episode_Reward/track_ang_vel_z_exp,0.35930222272872925
12032,Episode_Reward/track_lin_vel_xy_exp,0.6909453868865967
12032,Episode_Reward/undesired_contacts,-0.002536705695092678
12032,Episode_Termination/base_contact,0.001708984375
12032,Episode_Termination/time_out,0.998291015625
12032,Loss/entropy,11.21340560913086
12032,Loss/learning_rate,5.852766480529681e-05
12032,Loss/surrogate,-0.006011720281094313
12032,Loss/value,0.012180224992334843
12032,Metrics/base_velocity/error_vel_xy,0.3117355704307556
12032,Metrics/base_velocity/error_vel_yaw,0.2851428985595703
12032,Metrics/success_rate,0.7586309313774109
12032,Perf/collection_time,4.391692161560059
12032,Perf/learning_time,0.1930384635925293
12032,Perf/total_fps,21441.0
12032,Policy/mean_std,0.5260791182518005
12032,Train/mean_episode_length,1000.0
12032,Train/mean_reward,6.952430725097656
12126,Curriculum/terrain_levels,0.5543009638786316
12126,Episode_Reward/action_rate_l2,-0.16443900763988495
12126,Episode_Reward/ang_vel_xy_l2,-0.009841427206993103
12126,Episode_Reward/dof_acc_l2,-0.12247475236654282
12126,Episode_Reward/dof_pos_limits,0.0
12126,Episode_Reward/dof_torques_l2,-0.320144921541214
12126,Episode_Reward/feet_air_time,-0.005923226475715637
12126,Episode_Reward/flat_orientation_l2,0.0
12126,Episode_Reward/lin_vel_z_l2,-0.044681794941425323
12126,Episode_Reward/track_ang_vel_z_exp,0.3607691526412964
12126,Episode_Reward/track_lin_vel_xy_exp,0.7317120432853699
12126,Episode_Reward/undesired_contacts,-0.00687380600720644
12126,Episode_Termination/base_contact,0.000732421875
12126,Episode_Termination/time_out,0.999267578125
12126,Loss/entropy,11.132081985473633
12126,Loss/learning_rate,3.9018443203531206e-05
12126,Loss/surrogate,-0.0021395098883658648
12126,Loss/value,0.012307381257414818
12126,Metrics/base_velocity/error_vel_xy,0.2775736153125763
12126,Metrics/base_velocity/error_vel_yaw,0.28302401304244995
12126,Metrics/success_rate,0.7573742866516113
12126,Perf/collection_time,4.265048980712891
12126,Perf/learning_time,0.18880558013916016
12126,Perf/total_fps,22071.0
12126,Policy/mean_std,0.5251116752624512
12126,Train/mean_episode_length,1000.0
12126,Train/mean_reward,7.385079383850098
12213,Train/mean_episode_length/time,1000.0
12213,Train/mean_reward/time,2.6573433876037598
12220,Curriculum/terrain_levels,0.5624186396598816
12220,Episode_Reward/action_rate_l2,-0.16506102681159973
12220,Episode_Reward/ang_vel_xy_l2,-0.009905906394124031
12220,Episode_Reward/dof_acc_l2,-0.1313062161207199
12220,Episode_Reward/dof_pos_limits,0.0
12220,Episode_Reward/dof_torques_l2,-0.3202618360519409
12220,Episode_Reward/feet_air_time,-0.0061087883077561855
12220,Episode_Reward/flat_orientation_l2,0.0
12220,Episode_Reward/lin_vel_z_l2,-0.04438773915171623
12220,Episode_Reward/track_ang_vel_z_exp,0.3473547101020813
12220,Episode_Reward/track_lin_vel_xy_exp,0.6985620856285095
12220,Episode_Reward/undesired_contacts,-0.004036225378513336
12220,Episode_Termination/base_contact,0.0009765625
12220,Episode_Termination/time_out,0.9990234375
12220,Loss/entropy,11.199836730957031
12220,Loss/learning_rate,3.9018443203531206e-05
12220,Loss/surrogate,-0.004901452921330929
12220,Loss/value,0.011039960198104382
12220,Metrics/base_velocity/error_vel_xy,0.30243879556655884
12220,Metrics/base_velocity/error_vel_yaw,0.3069281578063965
12220,Metrics/success_rate,0.7512731552124023
12220,Perf/collection_time,4.329753875732422
12220,Perf/learning_time,0.19526195526123047
12220,Perf/total_fps,21724.0
12220,Policy/mean_std,0.5261487364768982
12220,Train/mean_episode_length,1000.0
12220,Train/mean_reward,8.023193359375
12314,Curriculum/terrain_levels,0.575042724609375
12314,Episode_Reward/action_rate_l2,-0.1663753092288971
12314,Episode_Reward/ang_vel_xy_l2,-0.010706166736781597
12314,Episode_Reward/dof_acc_l2,-0.13317252695560455
12314,Episode_Reward/dof_pos_limits,0.0
12314,Episode_Reward/dof_torques_l2,-0.3313862681388855
12314,Episode_Reward/feet_air_time,-0.005788586102426052
12314,Episode_Reward/flat_orientation_l2,0.0
12314,Episode_Reward/lin_vel_z_l2,-0.04443197697401047
12314,Episode_Reward/track_ang_vel_z_exp,0.34030625224113464
12314,Episode_Reward/track_lin_vel_xy_exp,0.6710590124130249
12314,Episode_Reward/undesired_contacts,-0.01066848449409008
12314,Episode_Termination/base_contact,0.000244140625
12314,Episode_Termination/time_out,0.999755859375
12314,Loss/entropy,11.137153625488281
12314,Loss/learning_rate,8.77914935699664e-05
12314,Loss/surrogate,-0.005167916417121887
12314,Loss/value,0.012278677895665169
12314,Metrics/base_velocity/error_vel_xy,0.32948020100593567
12314,Metrics/base_velocity/error_vel_yaw,0.31967848539352417
12314,Metrics/success_rate,0.6019841432571411
12314,Perf/collection_time,4.476256370544434
12314,Perf/learning_time,0.20517277717590332
12314,Perf/total_fps,20998.0
12314,Policy/mean_std,0.5265133380889893
12314,Train/mean_episode_length,1000.0
12314,Train/mean_reward,6.585604667663574
12408,Curriculum/terrain_levels,0.597808837890625
12408,Episode_Reward/action_rate_l2,-0.16811341047286987
12408,Episode_Reward/ang_vel_xy_l2,-0.011029452085494995
12408,Episode_Reward/dof_acc_l2,-0.14208507537841797
12408,Episode_Reward/dof_pos_limits,0.0
12408,Episode_Reward/dof_torques_l2,-0.3288830816745758
12408,Episode_Reward/feet_air_time,-0.005941553972661495
12408,Episode_Reward/flat_orientation_l2,0.0
12408,Episode_Reward/lin_vel_z_l2,-0.04622757062315941
12408,Episode_Reward/track_ang_vel_z_exp,0.330963671207428
12408,Episode_Reward/track_lin_vel_xy_exp,0.6906379461288452
12408,Episode_Reward/undesired_contacts,-0.02338264137506485
12408,Episode_Termination/base_contact,0.000244140625
12408,Episode_Termination/time_out,0.999755859375
12408,Loss/entropy,11.266155242919922
12408,Loss/learning_rate,1.7341530110570602e-05
12408,Loss/surrogate,-0.001416970044374466
12408,Loss/value,0.010914100334048271
12408,Metrics/base_velocity/error_vel_xy,0.30875974893569946
12408,Metrics/base_velocity/error_vel_yaw,0.33726102113723755
12408,Metrics/success_rate,0.627579391002655
12408,Perf/collection_time,4.429521560668945
12408,Perf/learning_time,0.20038342475891113
12408,Perf/total_fps,21232.0
12408,Policy/mean_std,0.5282260179519653
12408,Train/mean_episode_length,1000.0
12408,Train/mean_reward,6.270196437835693
12502,Curriculum/terrain_levels,0.5908101797103882
12502,Episode_Reward/action_rate_l2,-0.16824734210968018
12502,Episode_Reward/ang_vel_xy_l2,-0.01099151000380516
12502,Episode_Reward/dof_acc_l2,-0.13861750066280365
12502,Episode_Reward/dof_pos_limits,0.0
12502,Episode_Reward/dof_torques_l2,-0.32211044430732727
12502,Episode_Reward/feet_air_time,-0.006078372709453106
12502,Episode_Reward/flat_orientation_l2,0.0
12502,Episode_Reward/lin_vel_z_l2,-0.04650992900133133
12502,Episode_Reward/track_ang_vel_z_exp,0.3464890420436859
12502,Episode_Reward/track_lin_vel_xy_exp,0.6781721115112305
12502,Episode_Reward/undesired_contacts,-0.007054559886455536
12502,Episode_Termination/base_contact,0.00048828125
12502,Episode_Termination/time_out,0.99951171875
12502,Loss/entropy,11.324896812438965
12502,Loss/learning_rate,5.852766480529681e-05
12502,Loss/surrogate,-0.0056185065768659115
12502,Loss/value,0.010898849926888943
12502,Metrics/base_velocity/error_vel_xy,0.32333841919898987
12502,Metrics/base_velocity/error_vel_yaw,0.30777692794799805
12502,Metrics/success_rate,0.7302083969116211
12502,Perf/collection_time,4.488761901855469
12502,Perf/learning_time,0.19571757316589355
12502,Perf/total_fps,20985.0
12502,Policy/mean_std,0.5293067693710327
12502,Train/mean_episode_length,1000.0
12502,Train/mean_reward,6.246336936950684
12596,Curriculum/terrain_levels,0.611602783203125
12596,Episode_Reward/action_rate_l2,-0.1697397232055664
12596,Episode_Reward/ang_vel_xy_l2,-0.011564275249838829
12596,Episode_Reward/dof_acc_l2,-0.15610957145690918
12596,Episode_Reward/dof_pos_limits,0.0
12596,Episode_Reward/dof_torques_l2,-0.32615792751312256
12596,Episode_Reward/feet_air_time,-0.006128223147243261
12596,Episode_Reward/flat_orientation_l2,0.0
12596,Episode_Reward/lin_vel_z_l2,-0.04862884804606438
12596,Episode_Reward/track_ang_vel_z_exp,0.3434253931045532
12596,Episode_Reward/track_lin_vel_xy_exp,0.6999428272247314
12596,Episode_Reward/undesired_contacts,-0.0050041647627949715
12596,Episode_Termination/base_contact,0.000244140625
12596,Episode_Termination/time_out,0.999755859375
12596,Loss/entropy,11.428071022033691
12596,Loss/learning_rate,8.77914935699664e-05
12596,Loss/surrogate,-0.005477415397763252
12596,Loss/value,0.011301680468022823
12596,Metrics/base_velocity/error_vel_xy,0.3022296130657196
12596,Metrics/base_velocity/error_vel_yaw,0.3114802837371826
12596,Metrics/success_rate,0.719394862651825
12596,Perf/collection_time,4.761444568634033
12596,Perf/learning_time,0.224440336227417
12596,Perf/total_fps,19716.0
12596,Policy/mean_std,0.5305790305137634
12596,Train/mean_episode_length,1000.0
12596,Train/mean_reward,6.935544013977051
12690,Curriculum/terrain_levels,0.603759765625
12690,Episode_Reward/action_rate_l2,-0.16985265910625458
12690,Episode_Reward/ang_vel_xy_l2,-0.011536437086760998
12690,Episode_Reward/dof_acc_l2,-0.13031625747680664
12690,Episode_Reward/dof_pos_limits,0.0
12690,Episode_Reward/dof_torques_l2,-0.31991466879844666
12690,Episode_Reward/feet_air_time,-0.006012482102960348
12690,Episode_Reward/flat_orientation_l2,0.0
12690,Episode_Reward/lin_vel_z_l2,-0.04638225957751274
12690,Episode_Reward/track_ang_vel_z_exp,0.35969528555870056
12690,Episode_Reward/track_lin_vel_xy_exp,0.7358080744743347
12690,Episode_Reward/undesired_contacts,-0.00030833337223157287
12690,Episode_Termination/base_contact,0.000732421875
12690,Episode_Termination/time_out,0.999267578125
12690,Loss/entropy,11.478261947631836
12690,Loss/learning_rate,3.9018443203531206e-05
12690,Loss/surrogate,-0.003528859466314316
12690,Loss/value,0.012786675244569778
12690,Metrics/base_velocity/error_vel_xy,0.277515709400177
12690,Metrics/base_velocity/error_vel_yaw,0.2863460183143616
12690,Metrics/success_rate,0.7576389312744141
12690,Perf/collection_time,4.233608245849609
12690,Perf/learning_time,0.19002032279968262
12690,Perf/total_fps,22222.0
12690,Policy/mean_std,0.5304873585700989
12690,Train/mean_episode_length,1000.0
12690,Train/mean_episode_length/time,1000.0
12690,Train/mean_reward,7.256674289703369
12690,Train/mean_reward/time,2.6173055171966553
12784,Curriculum/terrain_levels,0.615509033203125
12784,Episode_Reward/action_rate_l2,-0.16803626716136932
12784,Episode_Reward/ang_vel_xy_l2,-0.011189574375748634
12784,Episode_Reward/dof_acc_l2,-0.14014020562171936
12784,Episode_Reward/dof_pos_limits,0.0
12784,Episode_Reward/dof_torques_l2,-0.32673585414886475
12784,Episode_Reward/feet_air_time,-0.00606944877654314
12784,Episode_Reward/flat_orientation_l2,0.0
12784,Episode_Reward/lin_vel_z_l2,-0.047163259238004684
12784,Episode_Reward/track_ang_vel_z_exp,0.3437891900539398
12784,Episode_Reward/track_lin_vel_xy_exp,0.7043919563293457
12784,Episode_Reward/undesired_contacts,-0.0066220201551914215
12784,Episode_Termination/base_contact,0.0
12784,Episode_Termination/time_out,1.0
12784,Loss/entropy,11.350441932678223
12784,Loss/learning_rate,8.77914935699664e-05
12784,Loss/surrogate,-0.003702278481796384
12784,Loss/value,0.011710850521922112
12784,Metrics/base_velocity/error_vel_xy,0.29848039150238037
12784,Metrics/base_velocity/error_vel_yaw,0.31224843859672546
12784,Metrics/success_rate,0.7304563522338867
12784,Perf/collection_time,4.2462615966796875
12784,Perf/learning_time,0.18557405471801758
12784,Perf/total_fps,22181.0
12784,Policy/mean_std,0.5300041437149048
12784,Train/mean_episode_length,1000.0
12784,Train/mean_reward,6.6693644523620605
12878,Curriculum/terrain_levels,0.6194967031478882
12878,Episode_Reward/action_rate_l2,-0.16716991364955902
12878,Episode_Reward/ang_vel_xy_l2,-0.010049661621451378
12878,Episode_Reward/dof_acc_l2,-0.12801562249660492
12878,Episode_Reward/dof_pos_limits,0.0
12878,Episode_Reward/dof_torques_l2,-0.31662502884864807
12878,Episode_Reward/feet_air_time,-0.006103853695094585
12878,Episode_Reward/flat_orientation_l2,0.0
12878,Episode_Reward/lin_vel_z_l2,-0.04400607943534851
12878,Episode_Reward/track_ang_vel_z_exp,0.3454059362411499
12878,Episode_Reward/track_lin_vel_xy_exp,0.7076287269592285
12878,Episode_Reward/undesired_contacts,-0.007914884947240353
12878,Episode_Termination/base_contact,0.0009765625
12878,Episode_Termination/time_out,0.9990234375
12878,Loss/entropy,11.40814208984375
12878,Loss/learning_rate,3.9018443203531206e-05
12878,Loss/surrogate,-0.0033039129339158535
12878,Loss/value,0.011358797550201416
12878,Metrics/base_velocity/error_vel_xy,0.29601627588272095
12878,Metrics/base_velocity/error_vel_yaw,0.3110479414463043
12878,Metrics/success_rate,0.7026124000549316
12878,Perf/collection_time,4.417280197143555
12878,Perf/learning_time,0.20710539817810059
12878,Perf/total_fps,21257.0
12878,Policy/mean_std,0.5308887958526611
12878,Train/mean_episode_length,1000.0
12878,Train/mean_reward,6.806762218475342
12972,Curriculum/terrain_levels,0.611053466796875
12972,Episode_Reward/action_rate_l2,-0.16646546125411987
12972,Episode_Reward/ang_vel_xy_l2,-0.010263493284583092
12972,Episode_Reward/dof_acc_l2,-0.13484466075897217
12972,Episode_Reward/dof_pos_limits,0.0
12972,Episode_Reward/dof_torques_l2,-0.31420809030532837
12972,Episode_Reward/feet_air_time,-0.005695771425962448
12972,Episode_Reward/flat_orientation_l2,0.0
12972,Episode_Reward/lin_vel_z_l2,-0.04312385246157646
12972,Episode_Reward/track_ang_vel_z_exp,0.34075474739074707
12972,Episode_Reward/track_lin_vel_xy_exp,0.7375664710998535
12972,Episode_Reward/undesired_contacts,-0.001959424000233412
12972,Episode_Termination/base_contact,0.0009765625
12972,Episode_Termination/time_out,0.9990234375
12972,Loss/entropy,11.369123458862305
12972,Loss/learning_rate,8.77914935699664e-05
12972,Loss/surrogate,-0.00391906313598156
12972,Loss/value,0.010728653520345688
12972,Metrics/base_velocity/error_vel_xy,0.2708780765533447
12972,Metrics/base_velocity/error_vel_yaw,0.31604522466659546
12972,Metrics/success_rate,0.7321428656578064
12972,Perf/collection_time,4.209054946899414
12972,Perf/learning_time,0.18675827980041504
12972,Perf/total_fps,22363.0
12972,Policy/mean_std,0.5311033129692078
12972,Train/mean_episode_length,1000.0
12972,Train/mean_reward,8.115067481994629
13066,Curriculum/terrain_levels,0.623992919921875
13066,Episode_Reward/action_rate_l2,-0.16674648225307465
13066,Episode_Reward/ang_vel_xy_l2,-0.011256692931056023
13066,Episode_Reward/dof_acc_l2,-0.12218885123729706
13066,Episode_Reward/dof_pos_limits,0.0
13066,Episode_Reward/dof_torques_l2,-0.31923624873161316
13066,Episode_Reward/feet_air_time,-0.005628446117043495
13066,Episode_Reward/flat_orientation_l2,0.0
13066,Episode_Reward/lin_vel_z_l2,-0.04730421304702759
13066,Episode_Reward/track_ang_vel_z_exp,0.3567836284637451
13066,Episode_Reward/track_lin_vel_xy_exp,0.7061590552330017
13066,Episode_Reward/undesired_contacts,-0.0014223934849724174
13066,Episode_Termination/base_contact,0.0
13066,Episode_Termination/time_out,1.0
13066,Loss/entropy,11.391251564025879
13066,Loss/learning_rate,8.77914935699664e-05
13066,Loss/surrogate,-0.0043474407866597176
13066,Loss/value,0.011065661907196045
13066,Metrics/base_velocity/error_vel_xy,0.3026498258113861
13066,Metrics/base_velocity/error_vel_yaw,0.28952839970588684
13066,Metrics/success_rate,0.773089587688446
13066,Perf/collection_time,4.177817344665527
13066,Perf/learning_time,0.1855025291442871
13066,Perf/total_fps,22529.0
13066,Policy/mean_std,0.5308100581169128
13066,Train/mean_episode_length,1000.0
13066,Train/mean_reward,7.761443138122559
13160,Curriculum/terrain_levels,0.6192423701286316
13160,Episode_Reward/action_rate_l2,-0.16556954383850098
13160,Episode_Reward/ang_vel_xy_l2,-0.00993590522557497
13160,Episode_Reward/dof_acc_l2,-0.13384845852851868
13160,Episode_Reward/dof_pos_limits,0.0
13160,Episode_Reward/dof_torques_l2,-0.31708818674087524
13160,Episode_Reward/feet_air_time,-0.006150396540760994
13160,Episode_Reward/flat_orientation_l2,0.0
13160,Episode_Reward/lin_vel_z_l2,-0.04255028814077377
13160,Episode_Reward/track_ang_vel_z_exp,0.3326793313026428
13160,Episode_Reward/track_lin_vel_xy_exp,0.6928965449333191
13160,Episode_Reward/undesired_contacts,-0.0016777775017544627
13160,Episode_Termination/base_contact,0.000732421875
13160,Episode_Termination/time_out,0.999267578125
13160,Loss/entropy,11.362289428710938
13160,Loss/learning_rate,5.852766480529681e-05
13160,Loss/surrogate,-0.004755782894790173
13160,Loss/value,0.012084784917533398
13160,Metrics/base_velocity/error_vel_xy,0.30335426330566406
13160,Metrics/base_velocity/error_vel_yaw,0.3330868184566498
13160,Metrics/success_rate,0.7209324836730957
13160,Perf/collection_time,4.249927043914795
13160,Perf/learning_time,0.18703198432922363
13160,Perf/total_fps,22155.0
13160,Policy/mean_std,0.5305600762367249
13160,Train/mean_episode_length,1000.0
13160,Train/mean_reward,6.9644341468811035
13165,Train/mean_episode_length/time,1000.0
13165,Train/mean_reward/time,2.6476550102233887
13254,Curriculum/terrain_levels,0.603485107421875
13254,Episode_Reward/action_rate_l2,-0.16500845551490784
13254,Episode_Reward/ang_vel_xy_l2,-0.010345369577407837
13254,Episode_Reward/dof_acc_l2,-0.130138099193573
13254,Episode_Reward/dof_pos_limits,0.0
13254,Episode_Reward/dof_torques_l2,-0.3177104890346527
13254,Episode_Reward/feet_air_time,-0.006128379609435797
13254,Episode_Reward/flat_orientation_l2,0.0
13254,Episode_Reward/lin_vel_z_l2,-0.043458908796310425
13254,Episode_Reward/track_ang_vel_z_exp,0.3443809449672699
13254,Episode_Reward/track_lin_vel_xy_exp,0.7109703421592712
13254,Episode_Reward/undesired_contacts,-0.004608777817338705
13254,Episode_Termination/base_contact,0.0002543131704442203
13254,Episode_Termination/time_out,0.9997457265853882
13254,Loss/entropy,11.240209579467773
13254,Loss/learning_rate,5.852766480529681e-05
13254,Loss/surrogate,-0.003443906782194972
13254,Loss/value,0.012054020538926125
13254,Metrics/base_velocity/error_vel_xy,0.29251277446746826
13254,Metrics/base_velocity/error_vel_yaw,0.3133796453475952
13254,Metrics/success_rate,0.6978175044059753
13254,Perf/collection_time,4.21127986907959
13254,Perf/learning_time,0.18967533111572266
13254,Perf/total_fps,22336.0
13254,Policy/mean_std,0.5291118025779724
13254,Train/mean_episode_length,1000.0
13254,Train/mean_reward,7.8719329833984375
13348,Curriculum/terrain_levels,0.6094564199447632
13348,Episode_Reward/action_rate_l2,-0.16461768746376038
13348,Episode_Reward/ang_vel_xy_l2,-0.00997315626591444
13348,Episode_Reward/dof_acc_l2,-0.1371399611234665
13348,Episode_Reward/dof_pos_limits,0.0
13348,Episode_Reward/dof_torques_l2,-0.3285081088542938
13348,Episode_Reward/feet_air_time,-0.006049321498721838
13348,Episode_Reward/flat_orientation_l2,0.0
13348,Episode_Reward/lin_vel_z_l2,-0.04419966787099838
13348,Episode_Reward/track_ang_vel_z_exp,0.33912143111228943
13348,Episode_Reward/track_lin_vel_xy_exp,0.6835911273956299
13348,Episode_Reward/undesired_contacts,-0.006484421901404858
13348,Episode_Termination/base_contact,0.000244140625
13348,Episode_Termination/time_out,0.999755859375
13348,Loss/entropy,11.126766204833984
13348,Loss/learning_rate,5.852766480529681e-05
13348,Loss/surrogate,-0.0024477208498865366
13348,Loss/value,0.011088481172919273
13348,Metrics/base_velocity/error_vel_xy,0.31250178813934326
13348,Metrics/base_velocity/error_vel_yaw,0.32088369131088257
13348,Metrics/success_rate,0.7075397372245789
13348,Perf/collection_time,4.528844833374023
13348,Perf/learning_time,0.2031264305114746
13348,Perf/total_fps,20774.0
13348,Policy/mean_std,0.5277842283248901
13348,Train/mean_episode_length,1000.0
13348,Train/mean_reward,6.414508819580078
13442,Curriculum/terrain_levels,0.6209818720817566
13442,Episode_Reward/action_rate_l2,-0.1653355211019516
13442,Episode_Reward/ang_vel_xy_l2,-0.009954887442290783
13442,Episode_Reward/dof_acc_l2,-0.12998643517494202
13442,Episode_Reward/dof_pos_limits,0.0
13442,Episode_Reward/dof_torques_l2,-0.31146618723869324
13442,Episode_Reward/feet_air_time,-0.0059753041714429855
13442,Episode_Reward/flat_orientation_l2,0.0
13442,Episode_Reward/lin_vel_z_l2,-0.0413973443210125
13442,Episode_Reward/track_ang_vel_z_exp,0.33155831694602966
13442,Episode_Reward/track_lin_vel_xy_exp,0.6930040717124939
13442,Episode_Reward/undesired_contacts,-0.003947960212826729
13442,Episode_Termination/base_contact,0.000244140625
13442,Episode_Termination/time_out,0.999755859375
13442,Loss/entropy,11.128674507141113
13442,Loss/learning_rate,5.852766480529681e-05
13442,Loss/surrogate,-0.0050293090753257275
13442,Loss/value,0.011356384493410587
13442,Metrics/base_velocity/error_vel_xy,0.3064406216144562
13442,Metrics/base_velocity/error_vel_yaw,0.33648940920829773
13442,Metrics/success_rate,0.7360390424728394
13442,Perf/collection_time,4.6259307861328125
13442,Perf/learning_time,0.23088288307189941
13442,Perf/total_fps,20240.0
13442,Policy/mean_std,0.5278204083442688
13442,Train/mean_episode_length,1000.0
13442,Train/mean_reward,7.684089183807373
13536,Curriculum/terrain_levels,0.65338134765625
13536,Episode_Reward/action_rate_l2,-0.1678668111562729
13536,Episode_Reward/ang_vel_xy_l2,-0.010707545094192028
13536,Episode_Reward/dof_acc_l2,-0.128444105386734
13536,Episode_Reward/dof_pos_limits,0.0
13536,Episode_Reward/dof_torques_l2,-0.32205730676651
13536,Episode_Reward/feet_air_time,-0.005932326428592205
13536,Episode_Reward/flat_orientation_l2,0.0
13536,Episode_Reward/lin_vel_z_l2,-0.0439603328704834
13536,Episode_Reward/track_ang_vel_z_exp,0.35149717330932617
13536,Episode_Reward/track_lin_vel_xy_exp,0.7250059843063354
13536,Episode_Reward/undesired_contacts,-0.0042493040673434734
13536,Episode_Termination/base_contact,0.000244140625
13536,Episode_Termination/time_out,0.999755859375
13536,Loss/entropy,11.237146377563477
13536,Loss/learning_rate,3.3749998692655936e-05
13536,Loss/surrogate,-0.002466493519023061
13536,Loss/value,0.012026519514620304
13536,Metrics/base_velocity/error_vel_xy,0.2825853228569031
13536,Metrics/base_velocity/error_vel_yaw,0.29779356718063354
13536,Metrics/success_rate,0.7085318565368652
13536,Perf/collection_time,4.321727275848389
13536,Perf/learning_time,0.1941540241241455
13536,Perf/total_fps,21768.0
13536,Policy/mean_std,0.5291128158569336
13536,Train/mean_episode_length,1000.0
13536,Train/mean_reward,7.49648904800415
13630,Curriculum/terrain_levels,0.662872314453125
13630,Episode_Reward/action_rate_l2,-0.16662240028381348
13630,Episode_Reward/ang_vel_xy_l2,-0.01023631077259779
13630,Episode_Reward/dof_acc_l2,-0.12751233577728271
13630,Episode_Reward/dof_pos_limits,0.0
13630,Episode_Reward/dof_torques_l2,-0.3253210186958313
13630,Episode_Reward/feet_air_time,-0.00606316514313221
13630,Episode_Reward/flat_orientation_l2,0.0
13630,Episode_Reward/lin_vel_z_l2,-0.045011430978775024
13630,Episode_Reward/track_ang_vel_z_exp,0.33381110429763794
13630,Episode_Reward/track_lin_vel_xy_exp,0.6568220853805542
13630,Episode_Reward/undesired_contacts,-0.007993895560503006
13630,Episode_Termination/base_contact,0.00013224284339230508
13630,Episode_Termination/time_out,0.9998677968978882
13630,Loss/entropy,11.270892143249512
13630,Loss/learning_rate,7.593750342493877e-05
13630,Loss/surrogate,-0.004292161203920841
13630,Loss/value,0.010812499560415745
13630,Metrics/base_velocity/error_vel_xy,0.3337538242340088
13630,Metrics/base_velocity/error_vel_yaw,0.3301531970500946
13630,Metrics/success_rate,0.6933532953262329
13630,Perf/collection_time,4.3792724609375
13630,Perf/learning_time,0.22971248626708984
13630,Perf/total_fps,21328.0
13630,Policy/mean_std,0.5302628874778748
13630,Train/mean_episode_length,997.469970703125
13630,Train/mean_reward,6.013027191162109
13639,Train/mean_episode_length/time,1000.0
13639,Train/mean_reward/time,3.654088020324707
13724,Curriculum/terrain_levels,0.6531575918197632
13724,Episode_Reward/action_rate_l2,-0.16706359386444092
13724,Episode_Reward/ang_vel_xy_l2,-0.011112364009022713
13724,Episode_Reward/dof_acc_l2,-0.14046193659305573
13724,Episode_Reward/dof_pos_limits,0.0
13724,Episode_Reward/dof_torques_l2,-0.32229089736938477
13724,Episode_Reward/feet_air_time,-0.006020612549036741
13724,Episode_Reward/flat_orientation_l2,0.0
13724,Episode_Reward/lin_vel_z_l2,-0.047688525170087814
13724,Episode_Reward/track_ang_vel_z_exp,0.3549160361289978
13724,Episode_Reward/track_lin_vel_xy_exp,0.7103352546691895
13724,Episode_Reward/undesired_contacts,-0.009062197990715504
13724,Episode_Termination/base_contact,0.00048828125
13724,Episode_Termination/time_out,0.99951171875
13724,Loss/entropy,11.333605766296387
13724,Loss/learning_rate,2.2500000341096893e-05
13724,Loss/surrogate,-0.003065768862143159
13724,Loss/value,0.013057136908173561
13724,Metrics/base_velocity/error_vel_xy,0.29433029890060425
13724,Metrics/base_velocity/error_vel_yaw,0.293390691280365
13724,Metrics/success_rate,0.7520337104797363
13724,Perf/collection_time,4.241766929626465
13724,Perf/learning_time,0.1934645175933838
13724,Perf/total_fps,22164.0
13724,Policy/mean_std,0.5307427644729614
13724,Train/mean_episode_length,1000.0
13724,Train/mean_reward,6.970510959625244
13818,Curriculum/terrain_levels,0.6327108144760132
13818,Episode_Reward/action_rate_l2,-0.16796526312828064
13818,Episode_Reward/ang_vel_xy_l2,-0.011379336938261986
13818,Episode_Reward/dof_acc_l2,-0.13878999650478363
13818,Episode_Reward/dof_pos_limits,0.0
13818,Episode_Reward/dof_torques_l2,-0.33024221658706665
13818,Episode_Reward/feet_air_time,-0.006157952360808849
13818,Episode_Reward/flat_orientation_l2,0.0
13818,Episode_Reward/lin_vel_z_l2,-0.047428958117961884
13818,Episode_Reward/track_ang_vel_z_exp,0.3595472574234009
13818,Episode_Reward/track_lin_vel_xy_exp,0.7066592574119568
13818,Episode_Reward/undesired_contacts,-0.004416664130985737
13818,Episode_Termination/base_contact,0.0
13818,Episode_Termination/time_out,1.0
13818,Loss/entropy,11.257729530334473
13818,Loss/learning_rate,5.062499985797331e-05
13818,Loss/surrogate,-0.00251699797809124
13818,Loss/value,0.012204766273498535
13818,Metrics/base_velocity/error_vel_xy,0.3037666976451874
13818,Metrics/base_velocity/error_vel_yaw,0.28301525115966797
13818,Metrics/success_rate,0.7388889193534851
13818,Perf/collection_time,4.387018203735352
13818,Perf/learning_time,0.20379185676574707
13818,Perf/total_fps,21413.0
13818,Policy/mean_std,0.5296807885169983
13818,Train/mean_episode_length,1000.0
13818,Train/mean_reward,7.733125686645508
13912,Curriculum/terrain_levels,0.63873291015625
13912,Episode_Reward/action_rate_l2,-0.1674828976392746
13912,Episode_Reward/ang_vel_xy_l2,-0.011402900330722332
13912,Episode_Reward/dof_acc_l2,-0.13421937823295593
13912,Episode_Reward/dof_pos_limits,0.0
13912,Episode_Reward/dof_torques_l2,-0.3289909362792969
13912,Episode_Reward/feet_air_time,-0.005877321120351553
13912,Episode_Reward/flat_orientation_l2,0.0
13912,Episode_Reward/lin_vel_z_l2,-0.04624735563993454
13912,Episode_Reward/track_ang_vel_z_exp,0.33445972204208374
13912,Episode_Reward/track_lin_vel_xy_exp,0.7240848541259766
13912,Episode_Reward/undesired_contacts,-0.0035620364360511303
13912,Episode_Termination/base_contact,0.0
13912,Episode_Termination/time_out,1.0
13912,Loss/entropy,11.446477890014648
13912,Loss/learning_rate,7.593750342493877e-05
13912,Loss/surrogate,-0.004221451468765736
13912,Loss/value,0.010767116211354733
13912,Metrics/base_velocity/error_vel_xy,0.2837824821472168
13912,Metrics/base_velocity/error_vel_yaw,0.33530229330062866
13912,Metrics/success_rate,0.7212963104248047
13912,Perf/collection_time,4.176525115966797
13912,Perf/learning_time,0.19947504997253418
13912,Perf/total_fps,22464.0
13912,Policy/mean_std,0.5312672257423401
13912,Train/mean_episode_length,1000.0
13912,Train/mean_reward,7.617186069488525
13999,Curriculum/terrain_levels,0.631256103515625
13999,Episode_Reward/action_rate_l2,-0.16799044609069824
13999,Episode_Reward/ang_vel_xy_l2,-0.010964721441268921
13999,Episode_Reward/dof_acc_l2,-0.13936714828014374
13999,Episode_Reward/dof_pos_limits,0.0
13999,Episode_Reward/dof_torques_l2,-0.32677704095840454
13999,Episode_Reward/feet_air_time,-0.005855320952832699
13999,Episode_Reward/flat_orientation_l2,0.0
13999,Episode_Reward/lin_vel_z_l2,-0.04626234620809555
13999,Episode_Reward/track_ang_vel_z_exp,0.3372514843940735
13999,Episode_Reward/track_lin_vel_xy_exp,0.7153972387313843
13999,Episode_Reward/undesired_contacts,-0.00458561209961772
13999,Episode_Termination/base_contact,0.000244140625
13999,Episode_Termination/time_out,0.999755859375
13999,Loss/entropy,11.244239807128906
13999,Loss/learning_rate,5.062499985797331e-05
13999,Loss/surrogate,-0.00426862109452486
13999,Loss/value,0.011344033293426037
13999,Metrics/base_velocity/error_vel_xy,0.29098203778266907
13999,Metrics/base_velocity/error_vel_yaw,0.3240591883659363
13999,Metrics/success_rate,0.6289517283439636
13999,Perf/collection_time,4.184178352355957
13999,Perf/learning_time,0.18770217895507812
13999,Perf/total_fps,22485.0
13999,Policy/mean_std,0.5296357870101929
13999,Train/mean_episode_length,1000.0
13999,Train/mean_reward,7.119978904724121
14113,Train/mean_episode_length/time,995.6300048828125
14113,Train/mean_reward/time,2.426778793334961
14585,Train/mean_episode_length/time,1000.0
14585,Train/mean_reward/time,2.4031119346618652
15055,Train/mean_episode_length/time,1000.0
15055,Train/mean_reward/time,4.179732799530029
15525,Train/mean_episode_length/time,1000.0
15525,Train/mean_reward/time,2.4371390342712402
16010,Train/mean_episode_length/time,1000.0
16010,Train/mean_reward/time,3.5018680095672607
16500,Train/mean_episode_length/time,1000.0
16500,Train/mean_reward/time,3.725447416305542
16974,Train/mean_episode_length/time,1000.0
16974,Train/mean_reward/time,2.3699285984039307
17448,Train/mean_episode_length/time,1000.0
17448,Train/mean_reward/time,3.0814316272735596
17918,Train/mean_episode_length/time,1000.0
17918,Train/mean_reward/time,3.823319673538208
18462,Train/mean_episode_length/time,1000.0
18462,Train/mean_reward/time,4.140746593475342
19055,Train/mean_episode_length/time,1000.0
19055,Train/mean_reward/time,3.5623552799224854
19513,Train/mean_episode_length/time,1000.0
19513,Train/mean_reward/time,4.08388614654541
19970,Train/mean_episode_length/time,1000.0
19970,Train/mean_reward/time,4.788861274719238
20441,Train/mean_episode_length/time,1000.0
20441,Train/mean_reward/time,4.509329319000244
20914,Train/mean_episode_length/time,1000.0
20914,Train/mean_reward/time,5.060194492340088
21831,Train/mean_episode_length/time,1000.0
21831,Train/mean_reward/time,3.590373992919922
22300,Train/mean_episode_length/time,1000.0
22300,Train/mean_reward/time,4.6124773025512695
22761,Train/mean_episode_length/time,1000.0
22761,Train/mean_reward/time,5.3554768562316895
23208,Train/mean_episode_length/time,1000.0
23208,Train/mean_reward/time,5.087981224060059
23669,Train/mean_episode_length/time,1000.0
23669,Train/mean_reward/time,4.341268539428711
24130,Train/mean_episode_length/time,1000.0
24130,Train/mean_reward/time,5.061697959899902
24583,Train/mean_episode_length/time,1000.0
24583,Train/mean_reward/time,4.156541347503662
25038,Train/mean_episode_length/time,1000.0
25038,Train/mean_reward/time,4.603541851043701
25502,Train/mean_episode_length/time,1000.0
25502,Train/mean_reward/time,5.1659674644470215
25970,Train/mean_episode_length/time,1000.0
25970,Train/mean_reward/time,4.744735240936279
26433,Train/mean_episode_length/time,994.0900268554688
26433,Train/mean_reward/time,6.080198287963867
26891,Train/mean_episode_length/time,1000.0
26891,Train/mean_reward/time,6.320473670959473
27342,Train/mean_episode_length/time,1000.0
27342,Train/mean_reward/time,6.83221435546875
27792,Train/mean_episode_length/time,1000.0
27792,Train/mean_reward/time,5.872039794921875
28244,Train/mean_episode_length/time,1000.0
28244,Train/mean_reward/time,6.441792964935303
28694,Train/mean_episode_length/time,1000.0
28694,Train/mean_reward/time,4.940664291381836
29143,Train/mean_episode_length/time,1000.0
29143,Train/mean_reward/time,6.219386577606201
29579,Train/mean_episode_length/time,1000.0
29579,Train/mean_reward/time,5.5226731300354
30017,Train/mean_episode_length/time,1000.0
30017,Train/mean_reward/time,5.571587562561035
30453,Train/mean_episode_length/time,1000.0
30453,Train/mean_reward/time,4.362189769744873
30888,Train/mean_episode_length/time,1000.0
30888,Train/mean_reward/time,6.126105785369873
31324,Train/mean_episode_length/time,997.0399780273438
31324,Train/mean_reward/time,4.811567783355713
31760,Train/mean_episode_length/time,1000.0
31760,Train/mean_reward/time,5.0548834800720215
32196,Train/mean_episode_length/time,1000.0
32196,Train/mean_reward/time,6.697418212890625
32631,Train/mean_episode_length/time,1000.0
32631,Train/mean_reward/time,6.429563045501709
33067,Train/mean_episode_length/time,1000.0
33067,Train/mean_reward/time,5.742920398712158
33500,Train/mean_episode_length/time,1000.0
33500,Train/mean_reward/time,5.101136207580566
33935,Train/mean_episode_length/time,1000.0
33935,Train/mean_reward/time,6.700042247772217
34366,Train/mean_episode_length/time,1000.0
34366,Train/mean_reward/time,4.445802688598633
34799,Train/mean_episode_length/time,1000.0
34799,Train/mean_reward/time,6.1927571296691895
35228,Train/mean_episode_length/time,1000.0
35228,Train/mean_reward/time,6.781844615936279
35660,Train/mean_episode_length/time,998.7000122070312
35660,Train/mean_reward/time,4.998223304748535
36093,Train/mean_episode_length/time,1000.0
36093,Train/mean_reward/time,5.589696884155273
36524,Train/mean_episode_length/time,1000.0
36524,Train/mean_reward/time,5.835744380950928
36955,Train/mean_episode_length/time,1000.0
36955,Train/mean_reward/time,5.1951446533203125
37385,Train/mean_episode_length/time,1000.0
37385,Train/mean_reward/time,6.155622482299805
37816,Train/mean_episode_length/time,1000.0
37816,Train/mean_reward/time,6.411068916320801
38243,Train/mean_episode_length/time,1000.0
38243,Train/mean_reward/time,7.576663970947266
38671,Train/mean_episode_length/time,1000.0
38671,Train/mean_reward/time,5.572408199310303
39101,Train/mean_episode_length/time,1000.0
39101,Train/mean_reward/time,6.083243370056152
39531,Train/mean_episode_length/time,1000.0
39531,Train/mean_reward/time,5.810072898864746
39958,Train/mean_episode_length/time,1000.0
39958,Train/mean_reward/time,7.2542405128479
40386,Train/mean_episode_length/time,1000.0
40386,Train/mean_reward/time,6.21718168258667
40819,Train/mean_episode_length/time,1000.0
40819,Train/mean_reward/time,5.853113651275635
41247,Train/mean_episode_length/time,1000.0
41247,Train/mean_reward/time,6.488811492919922
41675,Train/mean_episode_length/time,1000.0
41675,Train/mean_reward/time,6.266216278076172
42101,Train/mean_episode_length/time,995.6300048828125
42101,Train/mean_reward/time,6.665728569030762
42528,Train/mean_episode_length/time,1000.0
42528,Train/mean_reward/time,7.407251834869385
42956,Train/mean_episode_length/time,1000.0
42956,Train/mean_reward/time,5.454945087432861
43383,Train/mean_episode_length/time,1000.0
43383,Train/mean_reward/time,5.762032985687256
43813,Train/mean_episode_length/time,1000.0
43813,Train/mean_reward/time,6.802142143249512
44238,Train/mean_episode_length/time,1000.0
44238,Train/mean_reward/time,6.187330722808838
44662,Train/mean_episode_length/time,1000.0
44662,Train/mean_reward/time,5.9759674072265625
45084,Train/mean_episode_length/time,1000.0
45084,Train/mean_reward/time,6.738524913787842
45507,Train/mean_episode_length/time,1000.0
45507,Train/mean_reward/time,6.233564376831055
45928,Train/mean_episode_length/time,1000.0
45928,Train/mean_reward/time,7.338493824005127
46350,Train/mean_episode_length/time,1000.0
46350,Train/mean_reward/time,7.379048824310303
46774,Train/mean_episode_length/time,1000.0
46774,Train/mean_reward/time,6.299474239349365
47193,Train/mean_episode_length/time,1000.0
47193,Train/mean_reward/time,6.729372501373291
47612,Train/mean_episode_length/time,1000.0
47612,Train/mean_reward/time,6.936880111694336
48029,Train/mean_episode_length/time,997.2899780273438
48029,Train/mean_reward/time,6.9566826820373535
48447,Train/mean_episode_length/time,1000.0
48447,Train/mean_reward/time,6.592584609985352
48866,Train/mean_episode_length/time,1000.0
48866,Train/mean_reward/time,6.369057655334473
49284,Train/mean_episode_length/time,1000.0
49284,Train/mean_reward/time,6.484742641448975
49705,Train/mean_episode_length/time,1000.0
49705,Train/mean_reward/time,6.716859817504883
50128,Train/mean_episode_length/time,1000.0
50128,Train/mean_reward/time,6.712238788604736
50548,Train/mean_episode_length/time,1000.0
50548,Train/mean_reward/time,6.128407001495361
50970,Train/mean_episode_length/time,999.52001953125
50970,Train/mean_reward/time,6.535153388977051
51389,Train/mean_episode_length/time,1000.0
51389,Train/mean_reward/time,7.874899387359619
51808,Train/mean_episode_length/time,1000.0
51808,Train/mean_reward/time,6.362010955810547
52227,Train/mean_episode_length/time,1000.0
52227,Train/mean_reward/time,7.43723201751709
52647,Train/mean_episode_length/time,1000.0
52647,Train/mean_reward/time,7.020748615264893
53066,Train/mean_episode_length/time,1000.0
53066,Train/mean_reward/time,7.350731372833252
53486,Train/mean_episode_length/time,1000.0
53486,Train/mean_reward/time,6.921507835388184
53908,Train/mean_episode_length/time,1000.0
53908,Train/mean_reward/time,6.4561614990234375
54328,Train/mean_episode_length/time,1000.0
54328,Train/mean_reward/time,7.594900608062744
54750,Train/mean_episode_length/time,1000.0
54750,Train/mean_reward/time,6.260125160217285
81015,Train/mean_episode_length/time,1000.0
81015,Train/mean_reward/time,6.45827579498291
81449,Train/mean_episode_length/time,1000.0
81449,Train/mean_reward/time,7.499249458312988
81892,Train/mean_episode_length/time,1000.0
81892,Train/mean_reward/time,7.4459075927734375
82344,Train/mean_episode_length/time,1000.0
82344,Train/mean_reward/time,8.192763328552246
82781,Train/mean_episode_length/time,999.3599853515625
82781,Train/mean_reward/time,7.600710868835449
83210,Train/mean_episode_length/time,1000.0
83210,Train/mean_reward/time,6.467130661010742
83650,Train/mean_episode_length/time,1000.0
83650,Train/mean_reward/time,6.952430725097656
84085,Train/mean_episode_length/time,1000.0
84085,Train/mean_reward/time,7.385079383850098
84508,Train/mean_episode_length/time,1000.0
84508,Train/mean_reward/time,8.023193359375
84938,Train/mean_episode_length/time,1000.0
84938,Train/mean_reward/time,6.585604667663574
85375,Train/mean_episode_length/time,1000.0
85375,Train/mean_reward/time,6.270196437835693
85813,Train/mean_episode_length/time,1000.0
85813,Train/mean_reward/time,6.246336936950684
86253,Train/mean_episode_length/time,1000.0
86253,Train/mean_reward/time,6.935544013977051
86695,Train/mean_episode_length/time,1000.0
86695,Train/mean_reward/time,7.256674289703369
87125,Train/mean_episode_length/time,1000.0
87125,Train/mean_reward/time,6.6693644523620605
87567,Train/mean_episode_length/time,1000.0
87567,Train/mean_reward/time,6.806762218475342
87999,Train/mean_episode_length/time,1000.0
87999,Train/mean_reward/time,8.115067481994629
88421,Train/mean_episode_length/time,1000.0
88421,Train/mean_reward/time,7.761443138122559
88839,Train/mean_episode_length/time,1000.0
88839,Train/mean_reward/time,6.9644341468811035
89260,Train/mean_episode_length/time,1000.0
89260,Train/mean_reward/time,7.8719329833984375
89679,Train/mean_episode_length/time,1000.0
89679,Train/mean_reward/time,6.414508819580078
90128,Train/mean_episode_length/time,1000.0
90128,Train/mean_reward/time,7.684089183807373
90559,Train/mean_episode_length/time,1000.0
90559,Train/mean_reward/time,7.49648904800415
91000,Train/mean_episode_length/time,997.469970703125
91000,Train/mean_reward/time,6.013027191162109
91426,Train/mean_episode_length/time,1000.0
91426,Train/mean_reward/time,6.970510959625244
91847,Train/mean_episode_length/time,1000.0
91847,Train/mean_reward/time,7.733125686645508
92263,Train/mean_episode_length/time,1000.0
92263,Train/mean_reward/time,7.617186069488525
92647,Train/mean_episode_length/time,1000.0
92647,Train/mean_reward/time,7.119978904724121
