iteration,tag,value
0,Episode_Reward/action_rate_l2,-0.0063788266852498055
0,Episode_Reward/belly_contact_force,0.0
0,Episode_Reward/dof_torques_l2,-0.0309541504830122
0,Episode_Reward/lin_vel_z_l2,-0.021503470838069916
0,Episode_Reward/track_ang_vel_z_exp,0.002058037556707859
0,Episode_Reward/track_lin_vel_xy_miki,0.002863099332898855
0,Episode_Reward/undesired_contacts,0.0
0,Episode_Termination/base_contact,0.0
0,Episode_Termination/head_contact,0.0
0,Episode_Termination/time_out,0.011149088852107525
0,Loss/entropy,36.896156311035156
0,Loss/learning_rate,0.0002962962898891419
0,Loss/surrogate,-0.007188370451331139
0,Loss/value,0.465709924697876
0,Metrics/base_velocity/error_vel_xy,1.4522228240966797
0,Metrics/base_velocity/error_vel_yaw,0.7389559745788574
0,Metrics/success_rate,0.0416666679084301
0,Perf/collection_time,3.8907992839813232
0,Perf/learning_time,0.38323307037353516
0,Perf/total_fps,23000.0
0,Policy/mean_std,1.0000030994415283
0,Train/mean_episode_length,12.95604419708252
0,Train/mean_reward,-1.1511069536209106
4,Train/mean_episode_length/time,12.95604419708252
4,Train/mean_reward/time,-1.1511069536209106
67,Episode_Reward/action_rate_l2,-0.0047447569668293
67,Episode_Reward/belly_contact_force,0.0
67,Episode_Reward/dof_torques_l2,-0.03385944291949272
67,Episode_Reward/lin_vel_z_l2,-0.002671126276254654
67,Episode_Reward/track_ang_vel_z_exp,0.0061380015686154366
67,Episode_Reward/track_lin_vel_xy_miki,0.007254914380609989
67,Episode_Reward/undesired_contacts,0.0
67,Episode_Termination/base_contact,0.0
67,Episode_Termination/head_contact,1.0
67,Episode_Termination/time_out,0.0
67,Loss/entropy,23.85614776611328
67,Loss/learning_rate,0.0005766503745689988
67,Loss/surrogate,-0.010067656636238098
67,Loss/value,0.0024103159084916115
67,Metrics/base_velocity/error_vel_xy,1.139828085899353
67,Metrics/base_velocity/error_vel_yaw,0.42341679334640503
67,Metrics/success_rate,0.10483717918395996
67,Perf/collection_time,1.6900899410247803
67,Perf/learning_time,0.17502331733703613
67,Perf/total_fps,52706.0
67,Policy/mean_std,0.6303162574768066
67,Train/mean_episode_length,22.06999969482422
67,Train/mean_reward,-0.5299978852272034
134,Episode_Reward/action_rate_l2,-0.001799960620701313
134,Episode_Reward/belly_contact_force,0.0
134,Episode_Reward/dof_torques_l2,-0.013775147497653961
134,Episode_Reward/lin_vel_z_l2,-0.0009124189964495599
134,Episode_Reward/track_ang_vel_z_exp,0.009316581301391125
134,Episode_Reward/track_lin_vel_xy_miki,0.008934132754802704
134,Episode_Reward/undesired_contacts,0.0
134,Episode_Termination/base_contact,0.0
134,Episode_Termination/head_contact,1.0
134,Episode_Termination/time_out,0.0
134,Loss/entropy,5.627124786376953
134,Loss/learning_rate,0.00038443360244855285
134,Loss/surrogate,-0.003833204973489046
134,Loss/value,0.0011109753977507353
134,Metrics/base_velocity/error_vel_xy,1.0493499040603638
134,Metrics/base_velocity/error_vel_yaw,0.1888096183538437
134,Metrics/success_rate,0.33470773696899414
134,Perf/collection_time,1.701972484588623
134,Perf/learning_time,0.18787074089050293
134,Perf/total_fps,52017.0
134,Policy/mean_std,0.35876381397247314
134,Train/mean_episode_length,22.450000762939453
134,Train/mean_reward,0.06922419369220734
149,Train/mean_episode_length/time,22.06999969482422
149,Train/mean_reward/time,-0.5299978852272034
201,Episode_Reward/action_rate_l2,-0.0011144120944663882
201,Episode_Reward/belly_contact_force,0.0
201,Episode_Reward/dof_torques_l2,-0.00926952064037323
201,Episode_Reward/lin_vel_z_l2,-0.0006237287889234722
201,Episode_Reward/track_ang_vel_z_exp,0.011408142745494843
201,Episode_Reward/track_lin_vel_xy_miki,0.012047525495290756
201,Episode_Reward/undesired_contacts,0.0
201,Episode_Termination/base_contact,0.0
201,Episode_Termination/head_contact,1.0
201,Episode_Termination/time_out,0.0
201,Loss/entropy,-6.161743640899658
201,Loss/learning_rate,0.00017085937724914402
201,Loss/surrogate,-0.005322902463376522
201,Loss/value,0.00034323552972637117
201,Metrics/base_velocity/error_vel_xy,0.8653389811515808
201,Metrics/base_velocity/error_vel_yaw,0.120855912566185
201,Metrics/success_rate,0.4039357304573059
201,Perf/collection_time,1.5713260173797607
201,Perf/learning_time,0.1665327548980713
201,Perf/total_fps,56566.0
201,Policy/mean_std,0.24807260930538177
201,Train/mean_episode_length,24.829999923706055
201,Train/mean_reward,0.25627049803733826
268,Episode_Reward/action_rate_l2,-0.0007820756873115897
268,Episode_Reward/belly_contact_force,0.0
268,Episode_Reward/dof_torques_l2,-0.0078054554760456085
268,Episode_Reward/lin_vel_z_l2,-0.0010060970671474934
268,Episode_Reward/track_ang_vel_z_exp,0.012298908084630966
268,Episode_Reward/track_lin_vel_xy_miki,0.016281580552458763
268,Episode_Reward/undesired_contacts,0.0
268,Episode_Termination/base_contact,0.0
268,Episode_Termination/head_contact,1.0
268,Episode_Termination/time_out,0.0
268,Loss/entropy,-14.77855110168457
268,Loss/learning_rate,7.593750342493877e-05
268,Loss/surrogate,-0.001556588802486658
268,Loss/value,0.00021820706024300307
268,Metrics/base_velocity/error_vel_xy,0.7553264498710632
268,Metrics/base_velocity/error_vel_yaw,0.09396597743034363
268,Metrics/success_rate,0.4961725175380707
268,Perf/collection_time,1.6497602462768555
268,Perf/learning_time,0.17761015892028809
268,Perf/total_fps,53795.0
268,Policy/mean_std,0.18892185389995575
268,Train/mean_episode_length,26.25
268,Train/mean_episode_length/time,22.450000762939453
268,Train/mean_reward,0.35312730073928833
268,Train/mean_reward/time,0.06922419369220734
335,Episode_Reward/action_rate_l2,-0.000613246054854244
335,Episode_Reward/belly_contact_force,0.0
335,Episode_Reward/dof_torques_l2,-0.007164818700402975
335,Episode_Reward/lin_vel_z_l2,-0.0011089008767157793
335,Episode_Reward/track_ang_vel_z_exp,0.012826882302761078
335,Episode_Reward/track_lin_vel_xy_miki,0.018158305436372757
335,Episode_Reward/undesired_contacts,0.0
335,Episode_Termination/base_contact,0.0
335,Episode_Termination/head_contact,1.0
335,Episode_Termination/time_out,0.0
335,Loss/entropy,-21.056198120117188
335,Loss/learning_rate,7.593750342493877e-05
335,Loss/surrogate,-0.0029923964757472277
335,Loss/value,0.00013466537347994745
335,Metrics/base_velocity/error_vel_xy,0.71919846534729
335,Metrics/base_velocity/error_vel_yaw,0.07830329239368439
335,Metrics/success_rate,0.5113620162010193
335,Perf/collection_time,1.7012124061584473
335,Perf/learning_time,0.20982885360717773
335,Perf/total_fps,51440.0
335,Policy/mean_std,0.15358349680900574
335,Train/mean_episode_length,26.84000015258789
335,Train/mean_reward,0.4214355945587158
386,Train/mean_episode_length/time,24.829999923706055
386,Train/mean_reward/time,0.25627049803733826
402,Episode_Reward/action_rate_l2,-0.0005040387623012066
402,Episode_Reward/belly_contact_force,0.0
402,Episode_Reward/dof_torques_l2,-0.006731203757226467
402,Episode_Reward/lin_vel_z_l2,-0.00099105853587389
402,Episode_Reward/track_ang_vel_z_exp,0.013166683726012707
402,Episode_Reward/track_lin_vel_xy_miki,0.019200541079044342
402,Episode_Reward/undesired_contacts,0.0
402,Episode_Termination/base_contact,0.0
402,Episode_Termination/head_contact,1.0
402,Episode_Termination/time_out,0.0
402,Loss/entropy,-25.928903579711914
402,Loss/learning_rate,5.062499985797331e-05
402,Loss/surrogate,-0.0017406566767022014
402,Loss/value,9.592272544978186e-05
402,Metrics/base_velocity/error_vel_xy,0.7127882242202759
402,Metrics/base_velocity/error_vel_yaw,0.06845255196094513
402,Metrics/success_rate,0.5029076933860779
402,Perf/collection_time,1.5323960781097412
402,Perf/learning_time,0.1763615608215332
402,Perf/total_fps,57529.0
402,Policy/mean_std,0.12888377904891968
402,Train/mean_episode_length,26.989999771118164
402,Train/mean_reward,0.5169156789779663
469,Episode_Reward/action_rate_l2,-0.00044432267895899713
469,Episode_Reward/belly_contact_force,0.0
469,Episode_Reward/dof_torques_l2,-0.006545951124280691
469,Episode_Reward/lin_vel_z_l2,-0.0010113180615007877
469,Episode_Reward/track_ang_vel_z_exp,0.013437675312161446
469,Episode_Reward/track_lin_vel_xy_miki,0.020124150440096855
469,Episode_Reward/undesired_contacts,0.0
469,Episode_Termination/base_contact,0.0
469,Episode_Termination/head_contact,1.0
469,Episode_Termination/time_out,0.0
469,Loss/entropy,-29.78085708618164
469,Loss/learning_rate,5.062499985797331e-05
469,Loss/surrogate,-0.0011280239559710026
469,Loss/value,8.873122715158388e-05
469,Metrics/base_velocity/error_vel_xy,0.7016775608062744
469,Metrics/base_velocity/error_vel_yaw,0.06275375932455063
469,Metrics/success_rate,0.5180072784423828
469,Perf/collection_time,1.6035315990447998
469,Perf/learning_time,0.16433453559875488
469,Perf/total_fps,55606.0
469,Policy/mean_std,0.11113570630550385
469,Train/mean_episode_length,27.860000610351562
469,Train/mean_reward,0.48908790946006775
508,Train/mean_episode_length/time,26.25
508,Train/mean_reward/time,0.35312730073928833
536,Episode_Reward/action_rate_l2,-0.00041122990660369396
536,Episode_Reward/belly_contact_force,0.0
536,Episode_Reward/dof_torques_l2,-0.006421887315809727
536,Episode_Reward/lin_vel_z_l2,-0.0010656540980562568
536,Episode_Reward/track_ang_vel_z_exp,0.013620654121041298
536,Episode_Reward/track_lin_vel_xy_miki,0.02065347135066986
536,Episode_Reward/undesired_contacts,0.0
536,Episode_Termination/base_contact,0.0
536,Episode_Termination/head_contact,1.0
536,Episode_Termination/time_out,0.0
536,Loss/entropy,-32.06547927856445
536,Loss/learning_rate,5.062499985797331e-05
536,Loss/surrogate,-0.0010606120340526104
536,Loss/value,9.103702905122191e-05
536,Metrics/base_velocity/error_vel_xy,0.6981663703918457
536,Metrics/base_velocity/error_vel_yaw,0.061449676752090454
536,Metrics/success_rate,0.5186983942985535
536,Perf/collection_time,1.536158800125122
536,Perf/learning_time,0.1692335605621338
536,Perf/total_fps,57643.0
536,Policy/mean_std,0.10032600164413452
536,Train/mean_episode_length,28.15999984741211
536,Train/mean_reward,0.5013313293457031
603,Episode_Reward/action_rate_l2,-0.00039133249083533883
603,Episode_Reward/belly_contact_force,0.0
603,Episode_Reward/dof_torques_l2,-0.006472320761531591
603,Episode_Reward/lin_vel_z_l2,-0.0011613249080255628
603,Episode_Reward/track_ang_vel_z_exp,0.013801731169223785
603,Episode_Reward/track_lin_vel_xy_miki,0.020820746198296547
603,Episode_Reward/undesired_contacts,0.0
603,Episode_Termination/base_contact,0.0
603,Episode_Termination/head_contact,1.0
603,Episode_Termination/time_out,0.0
603,Loss/entropy,-33.9458122253418
603,Loss/learning_rate,5.062499985797331e-05
603,Loss/surrogate,0.000906705274246633
603,Loss/value,0.00010105768160428852
603,Metrics/base_velocity/error_vel_xy,0.7043912410736084
603,Metrics/base_velocity/error_vel_yaw,0.06300462782382965
603,Metrics/success_rate,0.5225655436515808
603,Perf/collection_time,1.973095178604126
603,Perf/learning_time,0.21778345108032227
603,Perf/total_fps,44869.0
603,Policy/mean_std,0.09283384680747986
603,Train/mean_episode_length,28.649999618530273
603,Train/mean_reward,0.53260338306427
632,Train/mean_episode_length/time,26.84000015258789
632,Train/mean_reward/time,0.4214355945587158
670,Episode_Reward/action_rate_l2,-0.00038109486922621727
670,Episode_Reward/belly_contact_force,0.0
670,Episode_Reward/dof_torques_l2,-0.006593876983970404
670,Episode_Reward/lin_vel_z_l2,-0.00129374535754323
670,Episode_Reward/track_ang_vel_z_exp,0.013842608779668808
670,Episode_Reward/track_lin_vel_xy_miki,0.021745964884757996
670,Episode_Reward/undesired_contacts,0.0
670,Episode_Termination/base_contact,0.0
670,Episode_Termination/head_contact,1.0
670,Episode_Termination/time_out,0.0
670,Loss/entropy,-35.03553771972656
670,Loss/learning_rate,3.3749998692655936e-05
670,Loss/surrogate,-0.001982694026082754
670,Loss/value,0.0001072227896656841
670,Metrics/base_velocity/error_vel_xy,0.6809811592102051
670,Metrics/base_velocity/error_vel_yaw,0.06446059048175812
670,Metrics/success_rate,0.5338780879974365
670,Perf/collection_time,1.58616042137146
670,Perf/learning_time,0.16139936447143555
670,Perf/total_fps,56252.0
670,Policy/mean_std,0.08780799061059952
670,Train/mean_episode_length,28.760000228881836
670,Train/mean_reward,0.5468270182609558
737,Episode_Reward/action_rate_l2,-0.00037639535730704665
737,Episode_Reward/belly_contact_force,0.0
737,Episode_Reward/dof_torques_l2,-0.006696189753711224
737,Episode_Reward/lin_vel_z_l2,-0.0012975129066035151
737,Episode_Reward/track_ang_vel_z_exp,0.013930408284068108
737,Episode_Reward/track_lin_vel_xy_miki,0.021823009476065636
737,Episode_Reward/undesired_contacts,0.0
737,Episode_Termination/base_contact,0.0
737,Episode_Termination/head_contact,1.0
737,Episode_Termination/time_out,0.0
737,Loss/entropy,-35.67949676513672
737,Loss/learning_rate,3.3749998692655936e-05
737,Loss/surrogate,-0.002710819011554122
737,Loss/value,0.00010698803816922009
737,Metrics/base_velocity/error_vel_xy,0.6939024925231934
737,Metrics/base_velocity/error_vel_yaw,0.06536248326301575
737,Metrics/success_rate,0.527190625667572
737,Perf/collection_time,1.5777475833892822
737,Perf/learning_time,0.17344999313354492
737,Perf/total_fps,56135.0
737,Policy/mean_std,0.08405435085296631
737,Train/mean_episode_length,28.030000686645508
737,Train/mean_reward,0.6124663949012756
747,Train/mean_episode_length/time,26.989999771118164
747,Train/mean_reward/time,0.5169156789779663
804,Episode_Reward/action_rate_l2,-0.0003731267643161118
804,Episode_Reward/belly_contact_force,0.0
804,Episode_Reward/dof_torques_l2,-0.006771986372768879
804,Episode_Reward/lin_vel_z_l2,-0.0013188680168241262
804,Episode_Reward/track_ang_vel_z_exp,0.013985449448227882
804,Episode_Reward/track_lin_vel_xy_miki,0.022059448063373566
804,Episode_Reward/undesired_contacts,0.0
804,Episode_Termination/base_contact,0.0
804,Episode_Termination/head_contact,1.0
804,Episode_Termination/time_out,0.0
804,Loss/entropy,-36.2273063659668
804,Loss/learning_rate,3.3749998692655936e-05
804,Loss/surrogate,-0.002209264552220702
804,Loss/value,0.00010214318172074854
804,Metrics/base_velocity/error_vel_xy,0.6955015659332275
804,Metrics/base_velocity/error_vel_yaw,0.06477005779743195
804,Metrics/success_rate,0.513260006904602
804,Perf/collection_time,1.6321489810943604
804,Perf/learning_time,0.1702406406402588
804,Perf/total_fps,54540.0
804,Policy/mean_std,0.08048228919506073
804,Train/mean_episode_length,28.600000381469727
804,Train/mean_reward,0.5836682915687561
871,Episode_Reward/action_rate_l2,-0.0003706695861183107
871,Episode_Reward/belly_contact_force,0.0
871,Episode_Reward/dof_torques_l2,-0.006758659612387419
871,Episode_Reward/lin_vel_z_l2,-0.001385687617585063
871,Episode_Reward/track_ang_vel_z_exp,0.014004522934556007
871,Episode_Reward/track_lin_vel_xy_miki,0.02243463322520256
871,Episode_Reward/undesired_contacts,0.0
871,Episode_Termination/base_contact,0.0
871,Episode_Termination/head_contact,1.0
871,Episode_Termination/time_out,0.0
871,Loss/entropy,-36.930946350097656
871,Loss/learning_rate,5.062499985797331e-05
871,Loss/surrogate,0.0007475262973457575
871,Loss/value,0.000107959182059858
871,Metrics/base_velocity/error_vel_xy,0.6880080103874207
871,Metrics/base_velocity/error_vel_yaw,0.0658940002322197
871,Metrics/success_rate,0.5006129145622253
871,Perf/collection_time,1.5179026126861572
871,Perf/learning_time,0.1731739044189453
871,Perf/total_fps,58131.0
871,Policy/mean_std,0.0772954449057579
871,Train/mean_episode_length,28.649999618530273
871,Train/mean_reward,0.5532830953598022
872,Train/mean_episode_length/time,27.860000610351562
872,Train/mean_reward/time,0.48908790946006775
938,Episode_Reward/action_rate_l2,-0.00037471239920705557
938,Episode_Reward/belly_contact_force,0.0
938,Episode_Reward/dof_torques_l2,-0.0068051256239414215
938,Episode_Reward/lin_vel_z_l2,-0.001395643106661737
938,Episode_Reward/track_ang_vel_z_exp,0.014030683785676956
938,Episode_Reward/track_lin_vel_xy_miki,0.023005058988928795
938,Episode_Reward/undesired_contacts,0.0
938,Episode_Termination/base_contact,0.0
938,Episode_Termination/head_contact,1.0
938,Episode_Termination/time_out,0.0
938,Loss/entropy,-37.612606048583984
938,Loss/learning_rate,3.3749998692655936e-05
938,Loss/surrogate,-0.0017799120396375656
938,Loss/value,0.00010267653124174103
938,Metrics/base_velocity/error_vel_xy,0.6759790778160095
938,Metrics/base_velocity/error_vel_yaw,0.06595943868160248
938,Metrics/success_rate,0.5000824928283691
938,Perf/collection_time,1.5276596546173096
938,Perf/learning_time,0.1644606590270996
938,Perf/total_fps,58095.0
938,Policy/mean_std,0.0745612159371376
938,Train/mean_episode_length,29.030000686645508
938,Train/mean_reward,0.5723028182983398
992,Train/mean_episode_length/time,28.15999984741211
992,Train/mean_reward/time,0.5013313293457031
1005,Episode_Reward/action_rate_l2,-0.0003808139299508184
1005,Episode_Reward/belly_contact_force,0.0
1005,Episode_Reward/dof_torques_l2,-0.006850489880889654
1005,Episode_Reward/lin_vel_z_l2,-0.001372188562527299
1005,Episode_Reward/track_ang_vel_z_exp,0.014118547551333904
1005,Episode_Reward/track_lin_vel_xy_miki,0.02347508631646633
1005,Episode_Reward/undesired_contacts,0.0
1005,Episode_Termination/base_contact,0.0
1005,Episode_Termination/head_contact,1.0
1005,Episode_Termination/time_out,0.0
1005,Loss/entropy,-38.11185073852539
1005,Loss/learning_rate,3.3749998692655936e-05
1005,Loss/surrogate,7.564684347016737e-05
1005,Loss/value,9.878927085082978e-05
1005,Metrics/base_velocity/error_vel_xy,0.6713518500328064
1005,Metrics/base_velocity/error_vel_yaw,0.06604740023612976
1005,Metrics/success_rate,0.5058170557022095
1005,Perf/collection_time,1.68519926071167
1005,Perf/learning_time,0.18841981887817383
1005,Perf/total_fps,52467.0
1005,Policy/mean_std,0.07288283854722977
1005,Train/mean_episode_length,29.1299991607666
1005,Train/mean_reward,0.5514413118362427
1072,Episode_Reward/action_rate_l2,-0.0003864510217681527
1072,Episode_Reward/belly_contact_force,0.0
1072,Episode_Reward/dof_torques_l2,-0.006948996335268021
1072,Episode_Reward/lin_vel_z_l2,-0.00134521524887532
1072,Episode_Reward/track_ang_vel_z_exp,0.014238434843719006
1072,Episode_Reward/track_lin_vel_xy_miki,0.023382660001516342
1072,Episode_Reward/undesired_contacts,-2.853881255759916e-07
1072,Episode_Termination/base_contact,0.0
1072,Episode_Termination/head_contact,1.0
1072,Episode_Termination/time_out,0.0
1072,Loss/entropy,-38.460845947265625
1072,Loss/learning_rate,3.3749998692655936e-05
1072,Loss/surrogate,-0.001399234519340098
1072,Loss/value,9.673352906247601e-05
1072,Metrics/base_velocity/error_vel_xy,0.6892182230949402
1072,Metrics/base_velocity/error_vel_yaw,0.066556416451931
1072,Metrics/success_rate,0.5012170672416687
1072,Perf/collection_time,1.6839570999145508
1072,Perf/learning_time,0.18788456916809082
1072,Perf/total_fps,52517.0
1072,Policy/mean_std,0.07139922678470612
1072,Train/mean_episode_length,29.549999237060547
1072,Train/mean_reward,0.5900763273239136
1127,Train/mean_episode_length/time,28.649999618530273
1127,Train/mean_reward/time,0.53260338306427
1139,Episode_Reward/action_rate_l2,-0.0003960606991313398
1139,Episode_Reward/belly_contact_force,0.0
1139,Episode_Reward/dof_torques_l2,-0.007063119672238827
1139,Episode_Reward/lin_vel_z_l2,-0.0013848308008164167
1139,Episode_Reward/track_ang_vel_z_exp,0.014333661645650864
1139,Episode_Reward/track_lin_vel_xy_miki,0.024082034826278687
1139,Episode_Reward/undesired_contacts,-2.893518740165746e-07
1139,Episode_Termination/base_contact,0.0
1139,Episode_Termination/head_contact,1.0
1139,Episode_Termination/time_out,0.0
1139,Loss/entropy,-38.78445816040039
1139,Loss/learning_rate,5.062499985797331e-05
1139,Loss/surrogate,0.0009447094053030014
1139,Loss/value,0.00011295171862002462
1139,Metrics/base_velocity/error_vel_xy,0.6688494682312012
1139,Metrics/base_velocity/error_vel_yaw,0.06815025955438614
1139,Metrics/success_rate,0.49945926666259766
1139,Perf/collection_time,1.6943464279174805
1139,Perf/learning_time,0.21215176582336426
1139,Perf/total_fps,51562.0
1139,Policy/mean_std,0.07019484788179398
1139,Train/mean_episode_length,29.489999771118164
1139,Train/mean_reward,0.5874625444412231
1206,Episode_Reward/action_rate_l2,-0.00040778302354738116
1206,Episode_Reward/belly_contact_force,0.0
1206,Episode_Reward/dof_torques_l2,-0.00722915306687355
1206,Episode_Reward/lin_vel_z_l2,-0.0013746970798820257
1206,Episode_Reward/track_ang_vel_z_exp,0.014425242319703102
1206,Episode_Reward/track_lin_vel_xy_miki,0.02470412477850914
1206,Episode_Reward/undesired_contacts,0.0
1206,Episode_Termination/base_contact,0.0
1206,Episode_Termination/head_contact,1.0
1206,Episode_Termination/time_out,0.0
1206,Loss/entropy,-38.86640930175781
1206,Loss/learning_rate,3.3749998692655936e-05
1206,Loss/surrogate,-0.0026751968543976545
1206,Loss/value,0.00011911935871466994
1206,Metrics/base_velocity/error_vel_xy,0.6599050164222717
1206,Metrics/base_velocity/error_vel_yaw,0.06855164468288422
1206,Metrics/success_rate,0.5032630562782288
1206,Perf/collection_time,1.9011132717132568
1206,Perf/learning_time,0.20336508750915527
1206,Perf/total_fps,46711.0
1206,Policy/mean_std,0.0695764571428299
1206,Train/mean_episode_length,28.850000381469727
1206,Train/mean_reward,0.6447100639343262
1251,Train/mean_episode_length/time,28.760000228881836
1251,Train/mean_reward/time,0.5468270182609558
1273,Episode_Reward/action_rate_l2,-0.00041387867531739175
1273,Episode_Reward/belly_contact_force,0.0
1273,Episode_Reward/dof_torques_l2,-0.0073344348929822445
1273,Episode_Reward/lin_vel_z_l2,-0.001454198732972145
1273,Episode_Reward/track_ang_vel_z_exp,0.014572268351912498
1273,Episode_Reward/track_lin_vel_xy_miki,0.02543521486222744
1273,Episode_Reward/undesired_contacts,-5.768739583800198e-07
1273,Episode_Termination/base_contact,0.0
1273,Episode_Termination/head_contact,1.0
1273,Episode_Termination/time_out,0.0
1273,Loss/entropy,-38.785362243652344
1273,Loss/learning_rate,5.062499985797331e-05
1273,Loss/surrogate,0.0011299862526357174
1273,Loss/value,0.00012351600162219256
1273,Metrics/base_velocity/error_vel_xy,0.6556104421615601
1273,Metrics/base_velocity/error_vel_yaw,0.0695064589381218
1273,Metrics/success_rate,0.5175802707672119
1273,Perf/collection_time,1.9040839672088623
1273,Perf/learning_time,0.1996307373046875
1273,Perf/total_fps,46728.0
1273,Policy/mean_std,0.0692378580570221
1273,Train/mean_episode_length,30.5
1273,Train/mean_reward,0.6304145455360413
1340,Episode_Reward/action_rate_l2,-0.00041461485670879483
1340,Episode_Reward/belly_contact_force,0.0
1340,Episode_Reward/dof_torques_l2,-0.007429149001836777
1340,Episode_Reward/lin_vel_z_l2,-0.0014426994603127241
1340,Episode_Reward/track_ang_vel_z_exp,0.014803428202867508
1340,Episode_Reward/track_lin_vel_xy_miki,0.02532641403377056
1340,Episode_Reward/undesired_contacts,-6.642512175858428e-07
1340,Episode_Termination/base_contact,0.0
1340,Episode_Termination/head_contact,1.0
1340,Episode_Termination/time_out,0.0
1340,Loss/entropy,-38.692752838134766
1340,Loss/learning_rate,3.3749998692655936e-05
1340,Loss/surrogate,-0.0017965597799047828
1340,Loss/value,0.00012532135588116944
1340,Metrics/base_velocity/error_vel_xy,0.6833187937736511
1340,Metrics/base_velocity/error_vel_yaw,0.07013556361198425
1340,Metrics/success_rate,0.523380696773529
1340,Perf/collection_time,1.7792770862579346
1340,Perf/learning_time,0.20892643928527832
1340,Perf/total_fps,49443.0
1340,Policy/mean_std,0.06894849240779877
1340,Train/mean_episode_length,30.15999984741211
1340,Train/mean_reward,0.6198290586471558
1369,Train/mean_episode_length/time,28.030000686645508
1369,Train/mean_reward/time,0.6124663949012756
1407,Episode_Reward/action_rate_l2,-0.0004165551799815148
1407,Episode_Reward/belly_contact_force,0.0
1407,Episode_Reward/dof_torques_l2,-0.007586408406496048
1407,Episode_Reward/lin_vel_z_l2,-0.001553662121295929
1407,Episode_Reward/track_ang_vel_z_exp,0.015021122992038727
1407,Episode_Reward/track_lin_vel_xy_miki,0.025822266936302185
1407,Episode_Reward/undesired_contacts,-3.863453002850292e-06
1407,Episode_Termination/base_contact,0.0
1407,Episode_Termination/head_contact,1.0
1407,Episode_Termination/time_out,0.0
1407,Loss/entropy,-38.699180603027344
1407,Loss/learning_rate,3.3749998692655936e-05
1407,Loss/surrogate,-0.002725176280364394
1407,Loss/value,0.00014460210513789207
1407,Metrics/base_velocity/error_vel_xy,0.6867040991783142
1407,Metrics/base_velocity/error_vel_yaw,0.0730457678437233
1407,Metrics/success_rate,0.5194194316864014
1407,Perf/collection_time,1.7773842811584473
1407,Perf/learning_time,0.1941816806793213
1407,Perf/total_fps,49860.0
1407,Policy/mean_std,0.06903938204050064
1407,Train/mean_episode_length,30.729999542236328
1407,Train/mean_reward,0.6000021696090698
1474,Episode_Reward/action_rate_l2,-0.00042500044219195843
1474,Episode_Reward/belly_contact_force,0.0
1474,Episode_Reward/dof_torques_l2,-0.007946183905005455
1474,Episode_Reward/lin_vel_z_l2,-0.001537706470116973
1474,Episode_Reward/track_ang_vel_z_exp,0.015283877030014992
1474,Episode_Reward/track_lin_vel_xy_miki,0.02666310779750347
1474,Episode_Reward/undesired_contacts,-9.74019985733321e-06
1474,Episode_Termination/base_contact,0.0
1474,Episode_Termination/head_contact,1.0
1474,Episode_Termination/time_out,0.0
1474,Loss/entropy,-38.031307220458984
1474,Loss/learning_rate,3.3749998692655936e-05
1474,Loss/surrogate,-0.0023476157803088427
1474,Loss/value,0.00017786165699362755
1474,Metrics/base_velocity/error_vel_xy,0.6837210655212402
1474,Metrics/base_velocity/error_vel_yaw,0.07657655328512192
1474,Metrics/success_rate,0.524288535118103
1474,Perf/collection_time,1.7776284217834473
1474,Perf/learning_time,0.1803126335144043
1474,Perf/total_fps,50207.0
1474,Policy/mean_std,0.07045537978410721
1474,Train/mean_episode_length,32.06999969482422
1474,Train/mean_reward,0.6068117022514343
1489,Train/mean_episode_length/time,28.600000381469727
1489,Train/mean_reward/time,0.5836682915687561
1541,Episode_Reward/action_rate_l2,-0.0004455397720448673
1541,Episode_Reward/belly_contact_force,0.0
1541,Episode_Reward/dof_torques_l2,-0.008947933092713356
1541,Episode_Reward/lin_vel_z_l2,-0.0013817789731547236
1541,Episode_Reward/track_ang_vel_z_exp,0.015989111736416817
1541,Episode_Reward/track_lin_vel_xy_miki,0.02882947027683258
1541,Episode_Reward/undesired_contacts,-5.321986463968642e-06
1541,Episode_Termination/base_contact,0.0
1541,Episode_Termination/head_contact,1.0
1541,Episode_Termination/time_out,0.0
1541,Loss/entropy,-37.30790710449219
1541,Loss/learning_rate,5.062499985797331e-05
1541,Loss/surrogate,-0.0007551571470685303
1541,Loss/value,0.00020482671970967203
1541,Metrics/base_velocity/error_vel_xy,0.7049629092216492
1541,Metrics/base_velocity/error_vel_yaw,0.09798302501440048
1541,Metrics/success_rate,0.5362673997879028
1541,Perf/collection_time,1.7357127666473389
1541,Perf/learning_time,0.18766283988952637
1541,Perf/total_fps,51110.0
1541,Policy/mean_std,0.07163151353597641
1541,Train/mean_episode_length,33.900001525878906
1541,Train/mean_reward,0.6819217205047607
1608,Episode_Reward/action_rate_l2,-0.0004918064223602414
1608,Episode_Reward/belly_contact_force,0.0
1608,Episode_Reward/dof_torques_l2,-0.015525160357356071
1608,Episode_Reward/lin_vel_z_l2,-0.0015357997035607696
1608,Episode_Reward/track_ang_vel_z_exp,0.02299133688211441
1608,Episode_Reward/track_lin_vel_xy_miki,0.04629635810852051
1608,Episode_Reward/undesired_contacts,-2.9849325073882937e-05
1608,Episode_Termination/base_contact,0.0
1608,Episode_Termination/head_contact,1.0
1608,Episode_Termination/time_out,0.0
1608,Loss/entropy,-34.50303649902344
1608,Loss/learning_rate,5.062499985797331e-05
1608,Loss/surrogate,-0.0008508142782375216
1608,Loss/value,0.013343686237931252
1608,Metrics/base_velocity/error_vel_xy,0.7789658904075623
1608,Metrics/base_velocity/error_vel_yaw,0.10604977607727051
1608,Metrics/success_rate,0.4899522662162781
1608,Perf/collection_time,1.7056782245635986
1608,Perf/learning_time,0.17897844314575195
1608,Perf/total_fps,52160.0
1608,Policy/mean_std,0.07838237285614014
1608,Train/mean_episode_length,49.810001373291016
1608,Train/mean_episode_length/time,28.649999618530273
1608,Train/mean_reward,1.038761854171753
1608,Train/mean_reward/time,0.5532830953598022
1675,Episode_Reward/action_rate_l2,-0.0008247282239608467
1675,Episode_Reward/belly_contact_force,0.0
1675,Episode_Reward/dof_torques_l2,-0.04873041808605194
1675,Episode_Reward/lin_vel_z_l2,-0.001537616248242557
1675,Episode_Reward/track_ang_vel_z_exp,0.06589952111244202
1675,Episode_Reward/track_lin_vel_xy_miki,0.12019042670726776
1675,Episode_Reward/undesired_contacts,-2.232109909527935e-05
1675,Episode_Termination/base_contact,0.0
1675,Episode_Termination/head_contact,0.9997050166130066
1675,Episode_Termination/time_out,0.00029500326490961015
1675,Loss/entropy,-32.51778793334961
1675,Loss/learning_rate,3.3749998692655936e-05
1675,Loss/surrogate,-0.0031995559111237526
1675,Loss/value,0.028329454362392426
1675,Metrics/base_velocity/error_vel_xy,0.9780267477035522
1675,Metrics/base_velocity/error_vel_yaw,0.12000702321529388
1675,Metrics/success_rate,0.32758480310440063
1675,Perf/collection_time,1.7145187854766846
1675,Perf/learning_time,0.2084341049194336
1675,Perf/total_fps,51121.0
1675,Policy/mean_std,0.08242341876029968
1675,Train/mean_episode_length,172.11000061035156
1675,Train/mean_reward,3.5983173847198486
1726,Train/mean_episode_length/time,29.030000686645508
1726,Train/mean_reward/time,0.5723028182983398
1742,Episode_Reward/action_rate_l2,-0.00116362189874053
1742,Episode_Reward/belly_contact_force,0.0
1742,Episode_Reward/dof_torques_l2,-0.06675409525632858
1742,Episode_Reward/lin_vel_z_l2,-0.0020110011100769043
1742,Episode_Reward/track_ang_vel_z_exp,0.09001007676124573
1742,Episode_Reward/track_lin_vel_xy_miki,0.16259059309959412
1742,Episode_Reward/undesired_contacts,0.0
1742,Episode_Termination/base_contact,0.0
1742,Episode_Termination/head_contact,0.9770406484603882
1742,Episode_Termination/time_out,0.0229593925178051
1742,Loss/entropy,-29.433334350585938
1742,Loss/learning_rate,5.062499985797331e-05
1742,Loss/surrogate,-0.0018255687318742275
1742,Loss/value,0.03361165523529053
1742,Metrics/base_velocity/error_vel_xy,0.9147495031356812
1742,Metrics/base_velocity/error_vel_yaw,0.10953579843044281
1742,Metrics/success_rate,0.3281388580799103
1742,Perf/collection_time,1.5380890369415283
1742,Perf/learning_time,0.17699933052062988
1742,Perf/total_fps,57317.0
1742,Policy/mean_std,0.09043361991643906
1742,Train/mean_episode_length,189.1300048828125
1742,Train/mean_reward,3.634230136871338
1809,Episode_Reward/action_rate_l2,-0.0016377306310459971
1809,Episode_Reward/belly_contact_force,0.0
1809,Episode_Reward/dof_torques_l2,-0.08040864765644073
1809,Episode_Reward/lin_vel_z_l2,-0.0022457772865891457
1809,Episode_Reward/track_ang_vel_z_exp,0.11107628047466278
1809,Episode_Reward/track_lin_vel_xy_miki,0.16824214160442352
1809,Episode_Reward/undesired_contacts,0.0
1809,Episode_Termination/base_contact,0.0
1809,Episode_Termination/head_contact,0.922027587890625
1809,Episode_Termination/time_out,0.078216552734375
1809,Loss/entropy,-25.58502197265625
1809,Loss/learning_rate,5.062499985797331e-05
1809,Loss/surrogate,-0.0021781260147690773
1809,Loss/value,0.023719148710370064
1809,Metrics/base_velocity/error_vel_xy,0.9621924161911011
1809,Metrics/base_velocity/error_vel_yaw,0.10735148191452026
1809,Metrics/success_rate,0.22789005935192108
1809,Perf/collection_time,1.5160930156707764
1809,Perf/learning_time,0.1676011085510254
1809,Perf/total_fps,58385.0
1809,Policy/mean_std,0.10213859379291534
1809,Train/mean_episode_length,186.36000061035156
1809,Train/mean_reward,3.233144760131836
1850,Train/mean_episode_length/time,29.1299991607666
1850,Train/mean_reward/time,0.5514413118362427
1876,Episode_Reward/action_rate_l2,-0.0019212958868592978
1876,Episode_Reward/belly_contact_force,0.0
1876,Episode_Reward/dof_torques_l2,-0.06762471795082092
1876,Episode_Reward/lin_vel_z_l2,-0.0031499522738158703
1876,Episode_Reward/track_ang_vel_z_exp,0.10315285623073578
1876,Episode_Reward/track_lin_vel_xy_miki,0.15073323249816895
1876,Episode_Reward/undesired_contacts,0.0
1876,Episode_Termination/base_contact,0.0
1876,Episode_Termination/head_contact,0.9312744140625
1876,Episode_Termination/time_out,0.0687255859375
1876,Loss/entropy,-21.75733757019043
1876,Loss/learning_rate,5.062499985797331e-05
1876,Loss/surrogate,-0.0021667976398020983
1876,Loss/value,0.027027582749724388
1876,Metrics/base_velocity/error_vel_xy,0.8830854296684265
1876,Metrics/base_velocity/error_vel_yaw,0.12427791953086853
1876,Metrics/success_rate,0.18905943632125854
1876,Perf/collection_time,1.6357121467590332
1876,Perf/learning_time,0.17054224014282227
1876,Perf/total_fps,54424.0
1876,Policy/mean_std,0.1158660501241684
1876,Train/mean_episode_length,246.61000061035156
1876,Train/mean_reward,4.129207611083984
1943,Episode_Reward/action_rate_l2,-0.0023780236952006817
1943,Episode_Reward/belly_contact_force,0.0
1943,Episode_Reward/dof_torques_l2,-0.08192523568868637
1943,Episode_Reward/lin_vel_z_l2,-0.005190768279135227
1943,Episode_Reward/track_ang_vel_z_exp,0.10315679758787155
1943,Episode_Reward/track_lin_vel_xy_miki,0.16204333305358887
1943,Episode_Reward/undesired_contacts,-6.089743328629993e-05
1943,Episode_Termination/base_contact,0.0
1943,Episode_Termination/head_contact,0.9235941767692566
1943,Episode_Termination/time_out,0.0764058455824852
1943,Loss/entropy,-18.121591567993164
1943,Loss/learning_rate,5.062499985797331e-05
1943,Loss/surrogate,-0.001787064946256578
1943,Loss/value,0.021258659660816193
1943,Metrics/base_velocity/error_vel_xy,0.7893990874290466
1943,Metrics/base_velocity/error_vel_yaw,0.14105811715126038
1943,Metrics/success_rate,0.21733388304710388
1943,Perf/collection_time,1.7352008819580078
1943,Perf/learning_time,0.19134783744812012
1943,Perf/total_fps,51025.0
1943,Policy/mean_std,0.1312521994113922
1943,Train/mean_episode_length,197.63999938964844
1943,Train/mean_reward,3.579066038131714
1973,Train/mean_episode_length/time,29.549999237060547
1973,Train/mean_reward/time,0.5900763273239136
2010,Episode_Reward/action_rate_l2,-0.0026395427994430065
2010,Episode_Reward/belly_contact_force,0.0
2010,Episode_Reward/dof_torques_l2,-0.06933869421482086
2010,Episode_Reward/lin_vel_z_l2,-0.004729238338768482
2010,Episode_Reward/track_ang_vel_z_exp,0.09148536622524261
2010,Episode_Reward/track_lin_vel_xy_miki,0.13649515807628632
2010,Episode_Reward/undesired_contacts,0.0
2010,Episode_Termination/base_contact,0.0
2010,Episode_Termination/head_contact,0.9435526728630066
2010,Episode_Termination/time_out,0.0564473494887352
2010,Loss/entropy,-14.556827545166016
2010,Loss/learning_rate,7.593750342493877e-05
2010,Loss/surrogate,-0.0024100085720419884
2010,Loss/value,0.021322330459952354
2010,Metrics/base_velocity/error_vel_xy,0.8011872172355652
2010,Metrics/base_velocity/error_vel_yaw,0.1432165801525116
2010,Metrics/success_rate,0.24252848327159882
2010,Perf/collection_time,1.6918914318084717
2010,Perf/learning_time,0.20172905921936035
2010,Perf/total_fps,51913.0
2010,Policy/mean_std,0.14972403645515442
2010,Train/mean_episode_length,206.64999389648438
2010,Train/mean_reward,3.1482014656066895
2077,Episode_Reward/action_rate_l2,-0.0027382082771509886
2077,Episode_Reward/belly_contact_force,0.0
2077,Episode_Reward/dof_torques_l2,-0.06785498559474945
2077,Episode_Reward/lin_vel_z_l2,-0.005074980668723583
2077,Episode_Reward/track_ang_vel_z_exp,0.0703168585896492
2077,Episode_Reward/track_lin_vel_xy_miki,0.1023055762052536
2077,Episode_Reward/undesired_contacts,0.0
2077,Episode_Termination/base_contact,0.0
2077,Episode_Termination/head_contact,0.940704345703125
2077,Episode_Termination/time_out,0.059295654296875
2077,Loss/entropy,-11.057417869567871
2077,Loss/learning_rate,3.3749998692655936e-05
2077,Loss/surrogate,-0.0019966894760727882
2077,Loss/value,0.016514819115400314
2077,Metrics/base_velocity/error_vel_xy,0.7975987195968628
2077,Metrics/base_velocity/error_vel_yaw,0.1524573117494583
2077,Metrics/success_rate,0.22329574823379517
2077,Perf/collection_time,1.7953782081604004
2077,Perf/learning_time,0.19999432563781738
2077,Perf/total_fps,49265.0
2077,Policy/mean_std,0.1702754646539688
2077,Train/mean_episode_length,135.97000122070312
2077,Train/mean_reward,2.007880687713623
2094,Train/mean_episode_length/time,29.489999771118164
2094,Train/mean_reward/time,0.5874625444412231
2144,Episode_Reward/action_rate_l2,-0.0027729168068617582
2144,Episode_Reward/belly_contact_force,0.0
2144,Episode_Reward/dof_torques_l2,-0.06267677992582321
2144,Episode_Reward/lin_vel_z_l2,-0.005208921618759632
2144,Episode_Reward/track_ang_vel_z_exp,0.056110065430402756
2144,Episode_Reward/track_lin_vel_xy_miki,0.12241636216640472
2144,Episode_Reward/undesired_contacts,0.0
2144,Episode_Termination/base_contact,0.0
2144,Episode_Termination/head_contact,0.9603271484375
2144,Episode_Termination/time_out,0.0396728515625
2144,Loss/entropy,-8.159979820251465
2144,Loss/learning_rate,7.593750342493877e-05
2144,Loss/surrogate,-0.0014819827629253268
2144,Loss/value,0.014998477883636951
2144,Metrics/base_velocity/error_vel_xy,0.7200457453727722
2144,Metrics/base_velocity/error_vel_yaw,0.17198368906974792
2144,Metrics/success_rate,0.46709656715393066
2144,Perf/collection_time,1.5979232788085938
2144,Perf/learning_time,0.16551709175109863
2144,Perf/total_fps,55745.0
2144,Policy/mean_std,0.19062209129333496
2144,Train/mean_episode_length,141.44000244140625
2144,Train/mean_reward,2.4294354915618896
2211,Episode_Reward/action_rate_l2,-0.0036638001911342144
2211,Episode_Reward/belly_contact_force,0.0
2211,Episode_Reward/dof_torques_l2,-0.07023788243532181
2211,Episode_Reward/lin_vel_z_l2,-0.006360824219882488
2211,Episode_Reward/track_ang_vel_z_exp,0.05810284614562988
2211,Episode_Reward/track_lin_vel_xy_miki,0.13639205694198608
2211,Episode_Reward/undesired_contacts,0.0
2211,Episode_Termination/base_contact,0.0
2211,Episode_Termination/head_contact,0.9771728515625
2211,Episode_Termination/time_out,0.0228271484375
2211,Loss/entropy,-5.910393714904785
2211,Loss/learning_rate,7.593750342493877e-05
2211,Loss/surrogate,-0.0028494657017290592
2211,Loss/value,0.017641503363847733
2211,Metrics/base_velocity/error_vel_xy,0.7254701852798462
2211,Metrics/base_velocity/error_vel_yaw,0.1981952041387558
2211,Metrics/success_rate,0.48681363463401794
2211,Perf/collection_time,1.8027262687683105
2211,Perf/learning_time,0.18409347534179688
2211,Perf/total_fps,49478.0
2211,Policy/mean_std,0.21065986156463623
2211,Train/mean_episode_length,127.0
2211,Train/mean_reward,1.9603703022003174
2218,Train/mean_episode_length/time,28.850000381469727
2218,Train/mean_reward/time,0.6447100639343262
2278,Episode_Reward/action_rate_l2,-0.0072243474423885345
2278,Episode_Reward/belly_contact_force,0.0
2278,Episode_Reward/dof_torques_l2,-0.1361479014158249
2278,Episode_Reward/lin_vel_z_l2,-0.014275911264121532
2278,Episode_Reward/track_ang_vel_z_exp,0.08914993703365326
2278,Episode_Reward/track_lin_vel_xy_miki,0.25242292881011963
2278,Episode_Reward/undesired_contacts,0.0
2278,Episode_Termination/base_contact,0.0
2278,Episode_Termination/head_contact,0.9788615107536316
2278,Episode_Termination/time_out,0.02113850973546505
2278,Loss/entropy,-4.604549884796143
2278,Loss/learning_rate,0.00011390625149942935
2278,Loss/surrogate,-0.003344045951962471
2278,Loss/value,0.015120426192879677
2278,Metrics/base_velocity/error_vel_xy,0.722636878490448
2278,Metrics/base_velocity/error_vel_yaw,0.21202103793621063
2278,Metrics/success_rate,0.49061712622642517
2278,Perf/collection_time,1.5949347019195557
2278,Perf/learning_time,0.16979289054870605
2278,Perf/total_fps,55704.0
2278,Policy/mean_std,0.2240256369113922
2278,Train/mean_episode_length,232.05999755859375
2278,Train/mean_reward,3.708754301071167
2345,Episode_Reward/action_rate_l2,-0.013334105722606182
2345,Episode_Reward/belly_contact_force,0.0
2345,Episode_Reward/dof_torques_l2,-0.21406349539756775
2345,Episode_Reward/lin_vel_z_l2,-0.028607245534658432
2345,Episode_Reward/track_ang_vel_z_exp,0.14412760734558105
2345,Episode_Reward/track_lin_vel_xy_miki,0.4267943799495697
2345,Episode_Reward/undesired_contacts,0.0
2345,Episode_Termination/base_contact,0.0
2345,Episode_Termination/head_contact,0.8512064814567566
2345,Episode_Termination/time_out,0.1487935483455658
2345,Loss/entropy,-2.2289085388183594
2345,Loss/learning_rate,0.00011390625149942935
2345,Loss/surrogate,-0.0036849670577794313
2345,Loss/value,0.027516072615981102
2345,Metrics/base_velocity/error_vel_xy,0.699967086315155
2345,Metrics/base_velocity/error_vel_yaw,0.21543541550636292
2345,Metrics/success_rate,0.5499102473258972
2345,Perf/collection_time,1.7216386795043945
2345,Perf/learning_time,0.19844341278076172
2345,Perf/total_fps,51197.0
2345,Policy/mean_std,0.2456967830657959
2345,Train/mean_episode_length,358.260009765625
2345,Train/mean_reward,6.125635147094727
2347,Train/mean_episode_length/time,30.5
2347,Train/mean_reward/time,0.6304145455360413
2412,Episode_Reward/action_rate_l2,-0.017067447304725647
2412,Episode_Reward/belly_contact_force,0.0
2412,Episode_Reward/dof_torques_l2,-0.24200277030467987
2412,Episode_Reward/lin_vel_z_l2,-0.032368626445531845
2412,Episode_Reward/track_ang_vel_z_exp,0.15170875191688538
2412,Episode_Reward/track_lin_vel_xy_miki,0.4544936418533325
2412,Episode_Reward/undesired_contacts,0.0
2412,Episode_Termination/base_contact,0.0
2412,Episode_Termination/head_contact,0.776123046875
2412,Episode_Termination/time_out,0.223876953125
2412,Loss/entropy,-0.11696334183216095
2412,Loss/learning_rate,0.00011390625149942935
2412,Loss/surrogate,-0.00354037806391716
2412,Loss/value,0.023338092491030693
2412,Metrics/base_velocity/error_vel_xy,0.7131391763687134
2412,Metrics/base_velocity/error_vel_yaw,0.2191079705953598
2412,Metrics/success_rate,0.5235952138900757
2412,Perf/collection_time,1.5515637397766113
2412,Perf/learning_time,0.17530250549316406
2412,Perf/total_fps,56926.0
2412,Policy/mean_std,0.2682216763496399
2412,Train/mean_episode_length,420.1499938964844
2412,Train/mean_reward,7.248675346374512
2479,Episode_Reward/action_rate_l2,-0.02271336317062378
2479,Episode_Reward/belly_contact_force,0.0
2479,Episode_Reward/dof_torques_l2,-0.29589900374412537
2479,Episode_Reward/lin_vel_z_l2,-0.03801192715764046
2479,Episode_Reward/track_ang_vel_z_exp,0.17661228775978088
2479,Episode_Reward/track_lin_vel_xy_miki,0.5480634570121765
2479,Episode_Reward/undesired_contacts,0.0
2479,Episode_Termination/base_contact,0.0
2479,Episode_Termination/head_contact,0.7383016347885132
2479,Episode_Termination/time_out,0.2616984248161316
2479,Loss/entropy,1.0430419445037842
2479,Loss/learning_rate,0.00011390625149942935
2479,Loss/surrogate,-0.003946120385080576
2479,Loss/value,0.024258429184556007
2479,Metrics/base_velocity/error_vel_xy,0.7278554439544678
2479,Metrics/base_velocity/error_vel_yaw,0.23109963536262512
2479,Metrics/success_rate,0.5686861872673035
2479,Perf/collection_time,1.5489437580108643
2479,Perf/learning_time,0.17179393768310547
2479,Perf/total_fps,57128.0
2479,Policy/mean_std,0.28316307067871094
2479,Train/mean_episode_length,390.9100036621094
2479,Train/mean_reward,6.464447975158691
2485,Train/mean_episode_length/time,30.15999984741211
2485,Train/mean_reward/time,0.6198290586471558
2546,Episode_Reward/action_rate_l2,-0.028098486363887787
2546,Episode_Reward/belly_contact_force,0.0
2546,Episode_Reward/dof_torques_l2,-0.3450254201889038
2546,Episode_Reward/lin_vel_z_l2,-0.04151112586259842
2546,Episode_Reward/track_ang_vel_z_exp,0.19865362346172333
2546,Episode_Reward/track_lin_vel_xy_miki,0.6210503578186035
2546,Episode_Reward/undesired_contacts,0.0
2546,Episode_Termination/base_contact,0.0
2546,Episode_Termination/head_contact,0.6562093496322632
2546,Episode_Termination/time_out,0.3437907099723816
2546,Loss/entropy,1.63150954246521
2546,Loss/learning_rate,0.00011390625149942935
2546,Loss/surrogate,-0.0037223007529973984
2546,Loss/value,0.016938062384724617
2546,Metrics/base_velocity/error_vel_xy,0.7311309576034546
2546,Metrics/base_velocity/error_vel_yaw,0.22506378591060638
2546,Metrics/success_rate,0.6288574934005737
2546,Perf/collection_time,1.6748392581939697
2546,Perf/learning_time,0.18148374557495117
2546,Perf/total_fps,52956.0
2546,Policy/mean_std,0.29270920157432556
2546,Train/mean_episode_length,463.8800048828125
2546,Train/mean_reward,7.405451774597168
2613,Episode_Reward/action_rate_l2,-0.03821682929992676
2613,Episode_Reward/belly_contact_force,0.0
2613,Episode_Reward/dof_torques_l2,-0.4472081661224365
2613,Episode_Reward/lin_vel_z_l2,-0.051638536155223846
2613,Episode_Reward/track_ang_vel_z_exp,0.2551710307598114
2613,Episode_Reward/track_lin_vel_xy_miki,0.7880219221115112
2613,Episode_Reward/undesired_contacts,0.0
2613,Episode_Termination/base_contact,0.0
2613,Episode_Termination/head_contact,0.5158284902572632
2613,Episode_Termination/time_out,0.4844157099723816
2613,Loss/entropy,2.0171866416931152
2613,Loss/learning_rate,0.00011390625149942935
2613,Loss/surrogate,-0.005039543379098177
2613,Loss/value,0.016606606543064117
2613,Metrics/base_velocity/error_vel_xy,0.6580008268356323
2613,Metrics/base_velocity/error_vel_yaw,0.21673598885536194
2613,Metrics/success_rate,0.6963278651237488
2613,Perf/collection_time,1.65018630027771
2613,Perf/learning_time,0.17986702919006348
2613,Perf/total_fps,53716.0
2613,Policy/mean_std,0.29885002970695496
2613,Train/mean_episode_length,612.9199829101562
2613,Train/mean_reward,9.635100364685059
2623,Train/mean_episode_length/time,30.729999542236328
2623,Train/mean_reward/time,0.6000021696090698
2680,Episode_Reward/action_rate_l2,-0.04249104484915733
2680,Episode_Reward/belly_contact_force,0.0
2680,Episode_Reward/dof_torques_l2,-0.4718049466609955
2680,Episode_Reward/lin_vel_z_l2,-0.05513950437307358
2680,Episode_Reward/track_ang_vel_z_exp,0.26866602897644043
2680,Episode_Reward/track_lin_vel_xy_miki,0.8220230937004089
2680,Episode_Reward/undesired_contacts,0.0
2680,Episode_Termination/base_contact,0.0
2680,Episode_Termination/head_contact,0.3921305537223816
2680,Episode_Termination/time_out,0.6078695058822632
2680,Loss/entropy,2.1582741737365723
2680,Loss/learning_rate,7.593750342493877e-05
2680,Loss/surrogate,-0.004604629706591368
2680,Loss/value,0.010763379745185375
2680,Metrics/base_velocity/error_vel_xy,0.6331138014793396
2680,Metrics/base_velocity/error_vel_yaw,0.21073463559150696
2680,Metrics/success_rate,0.731000542640686
2680,Perf/collection_time,1.7098851203918457
2680,Perf/learning_time,0.19155430793762207
2680,Perf/total_fps,51699.0
2680,Policy/mean_std,0.3040284216403961
2680,Train/mean_episode_length,705.3800048828125
2680,Train/mean_reward,11.390639305114746
2747,Episode_Reward/action_rate_l2,-0.054917529225349426
2747,Episode_Reward/belly_contact_force,0.0
2747,Episode_Reward/dof_torques_l2,-0.5836142301559448
2747,Episode_Reward/lin_vel_z_l2,-0.06466574966907501
2747,Episode_Reward/track_ang_vel_z_exp,0.3414947986602783
2747,Episode_Reward/track_lin_vel_xy_miki,1.0594850778579712
2747,Episode_Reward/undesired_contacts,0.0
2747,Episode_Termination/base_contact,0.0
2747,Episode_Termination/head_contact,0.2555745542049408
2747,Episode_Termination/time_out,0.7444254755973816
2747,Loss/entropy,1.9938507080078125
2747,Loss/learning_rate,0.00011390625149942935
2747,Loss/surrogate,-0.004391700495034456
2747,Loss/value,0.01035994291305542
2747,Metrics/base_velocity/error_vel_xy,0.38874825835227966
2747,Metrics/base_velocity/error_vel_yaw,0.20639316737651825
2747,Metrics/success_rate,0.8673611879348755
2747,Perf/collection_time,1.5870847702026367
2747,Perf/learning_time,0.17113065719604492
2747,Perf/total_fps,55911.0
2747,Policy/mean_std,0.30467528104782104
2747,Train/mean_episode_length,857.6500244140625
2747,Train/mean_reward,14.102843284606934
2751,Train/mean_episode_length/time,32.06999969482422
2751,Train/mean_reward/time,0.6068117022514343
2814,Episode_Reward/action_rate_l2,-0.06455008685588837
2814,Episode_Reward/belly_contact_force,0.0
2814,Episode_Reward/dof_torques_l2,-0.6651986241340637
2814,Episode_Reward/lin_vel_z_l2,-0.07292792201042175
2814,Episode_Reward/track_ang_vel_z_exp,0.40033063292503357
2814,Episode_Reward/track_lin_vel_xy_miki,1.246088981628418
2814,Episode_Reward/undesired_contacts,0.0
2814,Episode_Termination/base_contact,0.0
2814,Episode_Termination/head_contact,0.0929158553481102
2814,Episode_Termination/time_out,0.9070841670036316
2814,Loss/entropy,1.1607866287231445
2814,Loss/learning_rate,0.00011390625149942935
2814,Loss/surrogate,-0.004163159988820553
2814,Loss/value,0.008420486934483051
2814,Metrics/base_velocity/error_vel_xy,0.2260390967130661
2814,Metrics/base_velocity/error_vel_yaw,0.19527578353881836
2814,Metrics/success_rate,0.981249988079071
2814,Perf/collection_time,1.5713391304016113
2814,Perf/learning_time,0.1654665470123291
2814,Perf/total_fps,56600.0
2814,Policy/mean_std,0.2987925708293915
2814,Train/mean_episode_length,969.72998046875
2814,Train/mean_reward,16.961660385131836
2874,Train/mean_episode_length/time,33.900001525878906
2874,Train/mean_reward/time,0.6819217205047607
2881,Episode_Reward/action_rate_l2,-0.0636434331536293
2881,Episode_Reward/belly_contact_force,0.0
2881,Episode_Reward/dof_torques_l2,-0.6467158794403076
2881,Episode_Reward/lin_vel_z_l2,-0.0717490166425705
2881,Episode_Reward/track_ang_vel_z_exp,0.4085685610771179
2881,Episode_Reward/track_lin_vel_xy_miki,1.2695693969726562
2881,Episode_Reward/undesired_contacts,0.0
2881,Episode_Termination/base_contact,0.0
2881,Episode_Termination/head_contact,0.0396728515625
2881,Episode_Termination/time_out,0.9603271484375
2881,Loss/entropy,0.5706790685653687
2881,Loss/learning_rate,0.00011390625149942935
2881,Loss/surrogate,-0.004138362128287554
2881,Loss/value,0.009669816121459007
2881,Metrics/base_velocity/error_vel_xy,0.18892894685268402
2881,Metrics/base_velocity/error_vel_yaw,0.1862114667892456
2881,Metrics/success_rate,1.0
2881,Perf/collection_time,1.5723073482513428
2881,Perf/learning_time,0.16444134712219238
2881,Perf/total_fps,56602.0
2881,Policy/mean_std,0.2943514883518219
2881,Train/mean_episode_length,975.27001953125
2881,Train/mean_reward,17.960886001586914
2948,Episode_Reward/action_rate_l2,-0.06090974435210228
2948,Episode_Reward/belly_contact_force,0.0
2948,Episode_Reward/dof_torques_l2,-0.6074444651603699
2948,Episode_Reward/lin_vel_z_l2,-0.06056768819689751
2948,Episode_Reward/track_ang_vel_z_exp,0.4118942618370056
2948,Episode_Reward/track_lin_vel_xy_miki,1.2782652378082275
2948,Episode_Reward/undesired_contacts,0.0
2948,Episode_Termination/base_contact,0.0
2948,Episode_Termination/head_contact,0.0344645194709301
2948,Episode_Termination/time_out,0.9655355215072632
2948,Loss/entropy,-0.369149774312973
2948,Loss/learning_rate,7.593750342493877e-05
2948,Loss/surrogate,-0.003599664429202676
2948,Loss/value,0.00892917811870575
2948,Metrics/base_velocity/error_vel_xy,0.18946364521980286
2948,Metrics/base_velocity/error_vel_yaw,0.1782960593700409
2948,Metrics/success_rate,0.9895833730697632
2948,Perf/collection_time,1.5630223751068115
2948,Perf/learning_time,0.1721947193145752
2948,Perf/total_fps,56652.0
2948,Policy/mean_std,0.2847288250923157
2948,Train/mean_episode_length,968.4000244140625
2948,Train/mean_reward,19.03423309326172
3010,Train/mean_episode_length/time,49.810001373291016
3010,Train/mean_reward/time,1.038761854171753
3015,Episode_Reward/action_rate_l2,-0.059988416731357574
3015,Episode_Reward/belly_contact_force,0.0
3015,Episode_Reward/dof_torques_l2,-0.5927543640136719
3015,Episode_Reward/lin_vel_z_l2,-0.055674850940704346
3015,Episode_Reward/track_ang_vel_z_exp,0.4278583228588104
3015,Episode_Reward/track_lin_vel_xy_miki,1.3263020515441895
3015,Episode_Reward/undesired_contacts,0.0
3015,Episode_Termination/base_contact,0.0
3015,Episode_Termination/head_contact,0.029327392578125
3015,Episode_Termination/time_out,0.970672607421875
3015,Loss/entropy,-1.1509982347488403
3015,Loss/learning_rate,0.00011390625149942935
3015,Loss/surrogate,-0.0034783186856657267
3015,Loss/value,0.008073210716247559
3015,Metrics/base_velocity/error_vel_xy,0.16517972946166992
3015,Metrics/base_velocity/error_vel_yaw,0.16492405533790588
3015,Metrics/success_rate,1.0
3015,Perf/collection_time,1.5522735118865967
3015,Perf/learning_time,0.16283965110778809
3015,Perf/total_fps,57316.0
3015,Policy/mean_std,0.27870336174964905
3015,Train/mean_episode_length,991.25
3015,Train/mean_reward,20.967172622680664
3082,Episode_Reward/action_rate_l2,-0.059962622821331024
3082,Episode_Reward/belly_contact_force,0.0
3082,Episode_Reward/dof_torques_l2,-0.582585334777832
3082,Episode_Reward/lin_vel_z_l2,-0.0546107292175293
3082,Episode_Reward/track_ang_vel_z_exp,0.43105292320251465
3082,Episode_Reward/track_lin_vel_xy_miki,1.3361549377441406
3082,Episode_Reward/undesired_contacts,0.0
3082,Episode_Termination/base_contact,0.0
3082,Episode_Termination/head_contact,0.0322062186896801
3082,Episode_Termination/time_out,0.9677938222885132
3082,Loss/entropy,-1.5316991806030273
3082,Loss/learning_rate,0.00011390625149942935
3082,Loss/surrogate,-0.003388384822756052
3082,Loss/value,0.006816588807851076
3082,Metrics/base_velocity/error_vel_xy,0.1605108678340912
3082,Metrics/base_velocity/error_vel_yaw,0.16367053985595703
3082,Metrics/success_rate,1.0
3082,Perf/collection_time,1.5285489559173584
3082,Perf/learning_time,0.16280078887939453
3082,Perf/total_fps,58121.0
3082,Policy/mean_std,0.2747595012187958
3082,Train/mean_episode_length,987.7100219726562
3082,Train/mean_reward,21.052629470825195
3142,Train/mean_episode_length/time,172.11000061035156
3142,Train/mean_reward/time,3.5983173847198486
3149,Episode_Reward/action_rate_l2,-0.05896618962287903
3149,Episode_Reward/belly_contact_force,0.0
3149,Episode_Reward/dof_torques_l2,-0.5700885057449341
3149,Episode_Reward/lin_vel_z_l2,-0.05451763793826103
3149,Episode_Reward/track_ang_vel_z_exp,0.42953670024871826
3149,Episode_Reward/track_lin_vel_xy_miki,1.3303536176681519
3149,Episode_Reward/undesired_contacts,0.0
3149,Episode_Termination/base_contact,0.0
3149,Episode_Termination/head_contact,0.024810791015625
3149,Episode_Termination/time_out,0.975189208984375
3149,Loss/entropy,-1.6224485635757446
3149,Loss/learning_rate,7.593750342493877e-05
3149,Loss/surrogate,-0.003380617592483759
3149,Loss/value,0.008451839908957481
3149,Metrics/base_velocity/error_vel_xy,0.16193848848342896
3149,Metrics/base_velocity/error_vel_yaw,0.16328778862953186
3149,Metrics/success_rate,1.0
3149,Perf/collection_time,1.549424409866333
3149,Perf/learning_time,0.1673579216003418
3149,Perf/total_fps,57260.0
3149,Policy/mean_std,0.2738747000694275
3149,Train/mean_episode_length,991.9400024414062
3149,Train/mean_reward,21.591432571411133
3216,Episode_Reward/action_rate_l2,-0.05787263810634613
3216,Episode_Reward/belly_contact_force,0.0
3216,Episode_Reward/dof_torques_l2,-0.5497021079063416
3216,Episode_Reward/lin_vel_z_l2,-0.05193854495882988
3216,Episode_Reward/track_ang_vel_z_exp,0.4281339645385742
3216,Episode_Reward/track_lin_vel_xy_miki,1.3275635242462158
3216,Episode_Reward/undesired_contacts,0.0
3216,Episode_Termination/base_contact,0.0
3216,Episode_Termination/head_contact,0.0208740234375
3216,Episode_Termination/time_out,0.9791259765625
3216,Loss/entropy,-1.9854657649993896
3216,Loss/learning_rate,7.593750342493877e-05
3216,Loss/surrogate,-0.004280305467545986
3216,Loss/value,0.008990257978439331
3216,Metrics/base_velocity/error_vel_xy,0.16193720698356628
3216,Metrics/base_velocity/error_vel_yaw,0.1630294919013977
3216,Metrics/success_rate,1.0
3216,Perf/collection_time,1.7436590194702148
3216,Perf/learning_time,0.18780183792114258
3216,Perf/total_fps,50896.0
3216,Policy/mean_std,0.27098754048347473
3216,Train/mean_episode_length,986.5499877929688
3216,Train/mean_reward,21.855913162231445
3266,Train/mean_episode_length/time,189.1300048828125
3266,Train/mean_reward/time,3.634230136871338
3283,Episode_Reward/action_rate_l2,-0.057063307613134384
3283,Episode_Reward/belly_contact_force,0.0
3283,Episode_Reward/dof_torques_l2,-0.5357421636581421
3283,Episode_Reward/lin_vel_z_l2,-0.04819273203611374
3283,Episode_Reward/track_ang_vel_z_exp,0.43224555253982544
3283,Episode_Reward/track_lin_vel_xy_miki,1.348441481590271
3283,Episode_Reward/undesired_contacts,0.0
3283,Episode_Termination/base_contact,0.0
3283,Episode_Termination/head_contact,0.01495361328125
3283,Episode_Termination/time_out,0.98504638671875
3283,Loss/entropy,-2.279550075531006
3283,Loss/learning_rate,0.00011390625149942935
3283,Loss/surrogate,-0.0039633894339203835
3283,Loss/value,0.009346104227006435
3283,Metrics/base_velocity/error_vel_xy,0.15126104652881622
3283,Metrics/base_velocity/error_vel_yaw,0.15891997516155243
3283,Metrics/success_rate,1.0
3283,Perf/collection_time,1.61368727684021
3283,Perf/learning_time,0.1779344081878662
3283,Perf/total_fps,54868.0
3283,Policy/mean_std,0.2681627571582794
3283,Train/mean_episode_length,991.4500122070312
3283,Train/mean_reward,22.858728408813477
3350,Episode_Reward/action_rate_l2,-0.05749808996915817
3350,Episode_Reward/belly_contact_force,0.0
3350,Episode_Reward/dof_torques_l2,-0.5344076156616211
3350,Episode_Reward/lin_vel_z_l2,-0.04780256375670433
3350,Episode_Reward/track_ang_vel_z_exp,0.4370742440223694
3350,Episode_Reward/track_lin_vel_xy_miki,1.3643296957015991
3350,Episode_Reward/undesired_contacts,0.0
3350,Episode_Termination/base_contact,0.0
3350,Episode_Termination/head_contact,0.013376872055232525
3350,Episode_Termination/time_out,0.9866231679916382
3350,Loss/entropy,-2.5362439155578613
3350,Loss/learning_rate,0.00011390625149942935
3350,Loss/surrogate,-0.0033939064014703035
3350,Loss/value,0.005776710342615843
3350,Metrics/base_velocity/error_vel_xy,0.1457798331975937
3350,Metrics/base_velocity/error_vel_yaw,0.15627166628837585
3350,Metrics/success_rate,1.0
3350,Perf/collection_time,1.6261625289916992
3350,Perf/learning_time,0.17621493339538574
3350,Perf/total_fps,54541.0
3350,Policy/mean_std,0.26622694730758667
3350,Train/mean_episode_length,1000.0
3350,Train/mean_reward,23.008556365966797
3385,Train/mean_episode_length/time,186.36000061035156
3385,Train/mean_reward/time,3.233144760131836
3417,Episode_Reward/action_rate_l2,-0.055591221898794174
3417,Episode_Reward/belly_contact_force,0.0
3417,Episode_Reward/dof_torques_l2,-0.5004796385765076
3417,Episode_Reward/lin_vel_z_l2,-0.04189532995223999
3417,Episode_Reward/track_ang_vel_z_exp,0.43918293714523315
3417,Episode_Reward/track_lin_vel_xy_miki,1.3712120056152344
3417,Episode_Reward/undesired_contacts,0.0
3417,Episode_Termination/base_contact,0.0
3417,Episode_Termination/head_contact,0.0217997245490551
3417,Episode_Termination/time_out,0.9782003164291382
3417,Loss/entropy,-2.7692453861236572
3417,Loss/learning_rate,0.00011390625149942935
3417,Loss/surrogate,-0.003383168950676918
3417,Loss/value,0.005452518817037344
3417,Metrics/base_velocity/error_vel_xy,0.13636630773544312
3417,Metrics/base_velocity/error_vel_yaw,0.14987576007843018
3417,Metrics/success_rate,1.0
3417,Perf/collection_time,1.6190268993377686
3417,Perf/learning_time,0.1667783260345459
3417,Perf/total_fps,55047.0
3417,Policy/mean_std,0.26434987783432007
3417,Train/mean_episode_length,991.9400024414062
3417,Train/mean_reward,24.025846481323242
3484,Episode_Reward/action_rate_l2,-0.05481380224227905
3484,Episode_Reward/belly_contact_force,0.0
3484,Episode_Reward/dof_torques_l2,-0.5023328065872192
3484,Episode_Reward/lin_vel_z_l2,-0.043969132006168365
3484,Episode_Reward/track_ang_vel_z_exp,0.44170188903808594
3484,Episode_Reward/track_lin_vel_xy_miki,1.3781880140304565
3484,Episode_Reward/undesired_contacts,0.0
3484,Episode_Termination/base_contact,0.0
3484,Episode_Termination/head_contact,0.010955810546875
3484,Episode_Termination/time_out,0.989044189453125
3484,Loss/entropy,-3.0891337394714355
3484,Loss/learning_rate,0.00011390625149942935
3484,Loss/surrogate,-0.003314006607979536
3484,Loss/value,0.005695404950529337
3484,Metrics/base_velocity/error_vel_xy,0.13649481534957886
3484,Metrics/base_velocity/error_vel_yaw,0.14912131428718567
3484,Metrics/success_rate,1.0
3484,Perf/collection_time,1.552710771560669
3484,Perf/learning_time,0.17212438583374023
3484,Perf/total_fps,56993.0
3484,Policy/mean_std,0.26170438528060913
3484,Train/mean_episode_length,1000.0
3484,Train/mean_reward,24.37895393371582
3502,Train/mean_episode_length/time,246.61000061035156
3502,Train/mean_reward/time,4.129207611083984
3551,Episode_Reward/action_rate_l2,-0.05547310411930084
3551,Episode_Reward/belly_contact_force,0.0
3551,Episode_Reward/dof_torques_l2,-0.5104968547821045
3551,Episode_Reward/lin_vel_z_l2,-0.04712411388754845
3551,Episode_Reward/track_ang_vel_z_exp,0.4412257671356201
3551,Episode_Reward/track_lin_vel_xy_miki,1.373685598373413
3551,Episode_Reward/undesired_contacts,0.0
3551,Episode_Termination/base_contact,0.0
3551,Episode_Termination/head_contact,0.01214599609375
3551,Episode_Termination/time_out,0.98785400390625
3551,Loss/entropy,-3.286985397338867
3551,Loss/learning_rate,7.593750342493877e-05
3551,Loss/surrogate,-0.0033738473430275917
3551,Loss/value,0.004713782109320164
3551,Metrics/base_velocity/error_vel_xy,0.14196142554283142
3551,Metrics/base_velocity/error_vel_yaw,0.14971333742141724
3551,Metrics/success_rate,1.0
3551,Perf/collection_time,1.5847747325897217
3551,Perf/learning_time,0.15934205055236816
3551,Perf/total_fps,56363.0
3551,Policy/mean_std,0.25920602679252625
3551,Train/mean_episode_length,1000.0
3551,Train/mean_reward,24.171842575073242
3618,Episode_Reward/action_rate_l2,-0.0538911335170269
3618,Episode_Reward/belly_contact_force,0.0
3618,Episode_Reward/dof_torques_l2,-0.49240097403526306
3618,Episode_Reward/lin_vel_z_l2,-0.04208054393529892
3618,Episode_Reward/track_ang_vel_z_exp,0.43999597430229187
3618,Episode_Reward/track_lin_vel_xy_miki,1.3678926229476929
3618,Episode_Reward/undesired_contacts,0.0
3618,Episode_Termination/base_contact,0.0
3618,Episode_Termination/head_contact,0.012247721664607525
3618,Episode_Termination/time_out,0.9877523183822632
3618,Loss/entropy,-3.379958152770996
3618,Loss/learning_rate,7.593750342493877e-05
3618,Loss/surrogate,-0.004276209510862827
3618,Loss/value,0.009124011732637882
3618,Metrics/base_velocity/error_vel_xy,0.13825315237045288
3618,Metrics/base_velocity/error_vel_yaw,0.14723649621009827
3618,Metrics/success_rate,1.0
3618,Perf/collection_time,1.5433087348937988
3618,Perf/learning_time,0.16204500198364258
3618,Perf/total_fps,57644.0
3618,Policy/mean_std,0.25785529613494873
3618,Train/mean_episode_length,991.0900268554688
3618,Train/mean_reward,24.461923599243164
3639,Train/mean_episode_length/time,197.63999938964844
3639,Train/mean_reward/time,3.579066038131714
3685,Episode_Reward/action_rate_l2,-0.05376806482672691
3685,Episode_Reward/belly_contact_force,0.0
3685,Episode_Reward/dof_torques_l2,-0.49247094988822937
3685,Episode_Reward/lin_vel_z_l2,-0.04496700316667557
3685,Episode_Reward/track_ang_vel_z_exp,0.43959057331085205
3685,Episode_Reward/track_lin_vel_xy_miki,1.3603414297103882
3685,Episode_Reward/undesired_contacts,0.0
3685,Episode_Termination/base_contact,0.0
3685,Episode_Termination/head_contact,0.015655517578125
3685,Episode_Termination/time_out,0.984344482421875
3685,Loss/entropy,-3.567314386367798
3685,Loss/learning_rate,7.593750342493877e-05
3685,Loss/surrogate,-0.003974294289946556
3685,Loss/value,0.006454807706177235
3685,Metrics/base_velocity/error_vel_xy,0.1418273150920868
3685,Metrics/base_velocity/error_vel_yaw,0.14471754431724548
3685,Metrics/success_rate,1.0
3685,Perf/collection_time,1.5405957698822021
3685,Perf/learning_time,0.16557860374450684
3685,Perf/total_fps,57616.0
3685,Policy/mean_std,0.25668227672576904
3685,Train/mean_episode_length,991.489990234375
3685,Train/mean_reward,24.388486862182617
3752,Episode_Reward/action_rate_l2,-0.05338970944285393
3752,Episode_Reward/belly_contact_force,0.0
3752,Episode_Reward/dof_torques_l2,-0.48282596468925476
3752,Episode_Reward/lin_vel_z_l2,-0.042705416679382324
3752,Episode_Reward/track_ang_vel_z_exp,0.44229739904403687
3752,Episode_Reward/track_lin_vel_xy_miki,1.3746740818023682
3752,Episode_Reward/undesired_contacts,0.0
3752,Episode_Termination/base_contact,0.0
3752,Episode_Termination/head_contact,0.01427205465734005
3752,Episode_Termination/time_out,0.9857279658317566
3752,Loss/entropy,-3.4374217987060547
3752,Loss/learning_rate,7.593750342493877e-05
3752,Loss/surrogate,-0.0036225691437721252
3752,Loss/value,0.0052146343514323235
3752,Metrics/base_velocity/error_vel_xy,0.1344292014837265
3752,Metrics/base_velocity/error_vel_yaw,0.1440768986940384
3752,Metrics/success_rate,1.0
3752,Perf/collection_time,1.5298609733581543
3752,Perf/learning_time,0.17227983474731445
3752,Perf/total_fps,57753.0
3752,Policy/mean_std,0.2578873336315155
3752,Train/mean_episode_length,991.219970703125
3752,Train/mean_reward,24.608070373535156
3759,Train/mean_episode_length/time,206.64999389648438
3759,Train/mean_reward/time,3.1482014656066895
3819,Episode_Reward/action_rate_l2,-0.05277441069483757
3819,Episode_Reward/belly_contact_force,0.0
3819,Episode_Reward/dof_torques_l2,-0.478442907333374
3819,Episode_Reward/lin_vel_z_l2,-0.04110139235854149
3819,Episode_Reward/track_ang_vel_z_exp,0.4428377151489258
3819,Episode_Reward/track_lin_vel_xy_miki,1.3763870000839233
3819,Episode_Reward/undesired_contacts,0.0
3819,Episode_Termination/base_contact,0.0
3819,Episode_Termination/head_contact,0.011871337890625
3819,Episode_Termination/time_out,0.988128662109375
3819,Loss/entropy,-3.8522017002105713
3819,Loss/learning_rate,5.062499985797331e-05
3819,Loss/surrogate,-0.003848923370242119
3819,Loss/value,0.006596179213374853
3819,Metrics/base_velocity/error_vel_xy,0.13421037793159485
3819,Metrics/base_velocity/error_vel_yaw,0.14341260492801666
3819,Metrics/success_rate,1.0
3819,Perf/collection_time,1.529733657836914
3819,Perf/learning_time,0.18680953979492188
3819,Perf/total_fps,57268.0
3819,Policy/mean_std,0.2548654079437256
3819,Train/mean_episode_length,995.4000244140625
3819,Train/mean_reward,24.98544692993164
3882,Train/mean_episode_length/time,135.97000122070312
3882,Train/mean_reward/time,2.007880687713623
3886,Episode_Reward/action_rate_l2,-0.05147142708301544
3886,Episode_Reward/belly_contact_force,0.0
3886,Episode_Reward/dof_torques_l2,-0.46853309869766235
3886,Episode_Reward/lin_vel_z_l2,-0.03990530967712402
3886,Episode_Reward/track_ang_vel_z_exp,0.44681960344314575
3886,Episode_Reward/track_lin_vel_xy_miki,1.388908863067627
3886,Episode_Reward/undesired_contacts,0.0
3886,Episode_Termination/base_contact,0.0
3886,Episode_Termination/head_contact,0.01171875
3886,Episode_Termination/time_out,0.98828125
3886,Loss/entropy,-4.138858795166016
3886,Loss/learning_rate,5.062499985797331e-05
3886,Loss/surrogate,-0.003304961370304227
3886,Loss/value,0.004801836796104908
3886,Metrics/base_velocity/error_vel_xy,0.12963658571243286
3886,Metrics/base_velocity/error_vel_yaw,0.14082929491996765
3886,Metrics/success_rate,1.0
3886,Perf/collection_time,1.5386981964111328
3886,Perf/learning_time,0.16031289100646973
3886,Perf/total_fps,57859.0
3886,Policy/mean_std,0.251848042011261
3886,Train/mean_episode_length,995.4000244140625
3886,Train/mean_reward,25.150249481201172
3953,Episode_Reward/action_rate_l2,-0.0496872179210186
3953,Episode_Reward/belly_contact_force,0.0
3953,Episode_Reward/dof_torques_l2,-0.46017134189605713
3953,Episode_Reward/lin_vel_z_l2,-0.038064226508140564
3953,Episode_Reward/track_ang_vel_z_exp,0.4435137212276459
3953,Episode_Reward/track_lin_vel_xy_miki,1.3773940801620483
3953,Episode_Reward/undesired_contacts,0.0
3953,Episode_Termination/base_contact,0.0
3953,Episode_Termination/head_contact,0.010203043930232525
3953,Episode_Termination/time_out,0.9897969961166382
3953,Loss/entropy,-4.276468753814697
3953,Loss/learning_rate,7.593750342493877e-05
3953,Loss/surrogate,-0.003674284787848592
3953,Loss/value,0.006276792846620083
3953,Metrics/base_velocity/error_vel_xy,0.12956023216247559
3953,Metrics/base_velocity/error_vel_yaw,0.1391046941280365
3953,Metrics/success_rate,1.0
3953,Perf/collection_time,1.5472400188446045
3953,Perf/learning_time,0.1629009246826172
3953,Perf/total_fps,57482.0
3953,Policy/mean_std,0.2497694045305252
3953,Train/mean_episode_length,987.6599731445312
3953,Train/mean_reward,25.35984992980957
4000,Train/mean_episode_length/time,141.44000244140625
4000,Train/mean_reward/time,2.4294354915618896
4020,Episode_Reward/action_rate_l2,-0.05124133825302124
4020,Episode_Reward/belly_contact_force,0.0
4020,Episode_Reward/dof_torques_l2,-0.47213315963745117
4020,Episode_Reward/lin_vel_z_l2,-0.04002704843878746
4020,Episode_Reward/track_ang_vel_z_exp,0.44632476568222046
4020,Episode_Reward/track_lin_vel_xy_miki,1.3876192569732666
4020,Episode_Reward/undesired_contacts,0.0
4020,Episode_Termination/base_contact,0.0
4020,Episode_Termination/head_contact,0.008056640625
4020,Episode_Termination/time_out,0.991943359375
4020,Loss/entropy,-4.274533748626709
4020,Loss/learning_rate,7.593750342493877e-05
4020,Loss/surrogate,-0.0039007358718663454
4020,Loss/value,0.00456893490627408
4020,Metrics/base_velocity/error_vel_xy,0.13177263736724854
4020,Metrics/base_velocity/error_vel_yaw,0.14151006937026978
4020,Metrics/success_rate,1.0
4020,Perf/collection_time,1.5254149436950684
4020,Perf/learning_time,0.17083382606506348
4020,Perf/total_fps,57953.0
4020,Policy/mean_std,0.25013267993927
4020,Train/mean_episode_length,1000.0
4020,Train/mean_reward,25.74654197692871
4087,Episode_Reward/action_rate_l2,-0.050870381295681
4087,Episode_Reward/belly_contact_force,0.0
4087,Episode_Reward/dof_torques_l2,-0.469269722700119
4087,Episode_Reward/lin_vel_z_l2,-0.03930124267935753
4087,Episode_Reward/track_ang_vel_z_exp,0.4458247125148773
4087,Episode_Reward/track_lin_vel_xy_miki,1.382027506828308
4087,Episode_Reward/undesired_contacts,0.0
4087,Episode_Termination/base_contact,0.0
4087,Episode_Termination/head_contact,0.00732421875
4087,Episode_Termination/time_out,0.99267578125
4087,Loss/entropy,-4.542598724365234
4087,Loss/learning_rate,7.593750342493877e-05
4087,Loss/surrogate,-0.003060269169509411
4087,Loss/value,0.00458039715886116
4087,Metrics/base_velocity/error_vel_xy,0.13457529246807098
4087,Metrics/base_velocity/error_vel_yaw,0.14074917137622833
4087,Metrics/success_rate,1.0
4087,Perf/collection_time,1.5315487384796143
4087,Perf/learning_time,0.16116571426391602
4087,Perf/total_fps,58074.0
4087,Policy/mean_std,0.2474319040775299
4087,Train/mean_episode_length,995.5499877929688
4087,Train/mean_reward,25.223291397094727
4119,Train/mean_episode_length/time,127.0
4119,Train/mean_reward/time,1.9603703022003174
4154,Episode_Reward/action_rate_l2,-0.0493917241692543
4154,Episode_Reward/belly_contact_force,0.0
4154,Episode_Reward/dof_torques_l2,-0.44839856028556824
4154,Episode_Reward/lin_vel_z_l2,-0.03534659370779991
4154,Episode_Reward/track_ang_vel_z_exp,0.4475955367088318
4154,Episode_Reward/track_lin_vel_xy_miki,1.3910154104232788
4154,Episode_Reward/undesired_contacts,0.0
4154,Episode_Termination/base_contact,0.0
4154,Episode_Termination/head_contact,0.009073893539607525
4154,Episode_Termination/time_out,0.9909261465072632
4154,Loss/entropy,-4.778343200683594
4154,Loss/learning_rate,5.062499985797331e-05
4154,Loss/surrogate,-0.004034220241010189
4154,Loss/value,0.005808927118778229
4154,Metrics/base_velocity/error_vel_xy,0.12595900893211365
4154,Metrics/base_velocity/error_vel_yaw,0.13731423020362854
4154,Metrics/success_rate,1.0
4154,Perf/collection_time,1.5327200889587402
4154,Perf/learning_time,0.17139387130737305
4154,Perf/total_fps,57686.0
4154,Policy/mean_std,0.2454310953617096
4154,Train/mean_episode_length,995.4500122070312
4154,Train/mean_reward,26.043498992919922
4221,Episode_Reward/action_rate_l2,-0.04841264337301254
4221,Episode_Reward/belly_contact_force,0.0
4221,Episode_Reward/dof_torques_l2,-0.44429391622543335
4221,Episode_Reward/lin_vel_z_l2,-0.0333169661462307
4221,Episode_Reward/track_ang_vel_z_exp,0.44527924060821533
4221,Episode_Reward/track_lin_vel_xy_miki,1.3829522132873535
4221,Episode_Reward/undesired_contacts,0.0
4221,Episode_Termination/base_contact,0.0
4221,Episode_Termination/head_contact,0.01497395895421505
4221,Episode_Termination/time_out,0.9850260615348816
4221,Loss/entropy,-4.819259166717529
4221,Loss/learning_rate,7.593750342493877e-05
4221,Loss/surrogate,-0.0032266112975776196
4221,Loss/value,0.005421068053692579
4221,Metrics/base_velocity/error_vel_xy,0.12527941167354584
4221,Metrics/base_velocity/error_vel_yaw,0.1364104002714157
4221,Metrics/success_rate,1.0
4221,Perf/collection_time,1.5352070331573486
4221,Perf/learning_time,0.1584329605102539
4221,Perf/total_fps,58043.0
4221,Policy/mean_std,0.2445555031299591
4221,Train/mean_episode_length,987.1500244140625
4221,Train/mean_reward,25.932313919067383
4248,Train/mean_episode_length/time,232.05999755859375
4248,Train/mean_reward/time,3.708754301071167
4288,Episode_Reward/action_rate_l2,-0.0484866164624691
4288,Episode_Reward/belly_contact_force,0.0
4288,Episode_Reward/dof_torques_l2,-0.4502767026424408
4288,Episode_Reward/lin_vel_z_l2,-0.03571071848273277
4288,Episode_Reward/track_ang_vel_z_exp,0.44873401522636414
4288,Episode_Reward/track_lin_vel_xy_miki,1.392653465270996
4288,Episode_Reward/undesired_contacts,0.0
4288,Episode_Termination/base_contact,0.0
4288,Episode_Termination/head_contact,0.013946533203125
4288,Episode_Termination/time_out,0.986053466796875
4288,Loss/entropy,-4.641636848449707
4288,Loss/learning_rate,7.593750342493877e-05
4288,Loss/surrogate,-0.0033279017079621553
4288,Loss/value,0.005518270190805197
4288,Metrics/base_velocity/error_vel_xy,0.12490462511777878
4288,Metrics/base_velocity/error_vel_yaw,0.13607604801654816
4288,Metrics/success_rate,1.0
4288,Perf/collection_time,1.5600287914276123
4288,Perf/learning_time,0.16488385200500488
4288,Perf/total_fps,56990.0
4288,Policy/mean_std,0.24543461203575134
4288,Train/mean_episode_length,995.5
4288,Train/mean_reward,26.20819854736328
4355,Episode_Reward/action_rate_l2,-0.049063317477703094
4355,Episode_Reward/belly_contact_force,0.0
4355,Episode_Reward/dof_torques_l2,-0.45009955763816833
4355,Episode_Reward/lin_vel_z_l2,-0.03705151379108429
4355,Episode_Reward/track_ang_vel_z_exp,0.4502599835395813
4355,Episode_Reward/track_lin_vel_xy_miki,1.394392728805542
4355,Episode_Reward/undesired_contacts,0.0
4355,Episode_Termination/base_contact,0.0
4355,Episode_Termination/head_contact,0.0068359375
4355,Episode_Termination/time_out,0.9931640625
4355,Loss/entropy,-4.919647693634033
4355,Loss/learning_rate,7.593750342493877e-05
4355,Loss/surrogate,-0.0031858542934060097
4355,Loss/value,0.0051378835923969746
4355,Metrics/base_velocity/error_vel_xy,0.12644118070602417
4355,Metrics/base_velocity/error_vel_yaw,0.13555112481117249
4355,Metrics/success_rate,1.0
4355,Perf/collection_time,1.5540506839752197
4355,Perf/learning_time,0.16020846366882324
4355,Perf/total_fps,57344.0
4355,Policy/mean_std,0.24337255954742432
4355,Train/mean_episode_length,1000.0
4355,Train/mean_reward,26.003087997436523
4374,Train/mean_episode_length/time,358.260009765625
4374,Train/mean_reward/time,6.125635147094727
4422,Episode_Reward/action_rate_l2,-0.048400308936834335
4422,Episode_Reward/belly_contact_force,0.0
4422,Episode_Reward/dof_torques_l2,-0.4307592809200287
4422,Episode_Reward/lin_vel_z_l2,-0.032927505671978
4422,Episode_Reward/track_ang_vel_z_exp,0.45143580436706543
4422,Episode_Reward/track_lin_vel_xy_miki,1.4017441272735596
4422,Episode_Reward/undesired_contacts,0.0
4422,Episode_Termination/base_contact,0.0
4422,Episode_Termination/head_contact,0.0058186850510537624
4422,Episode_Termination/time_out,0.9941813349723816
4422,Loss/entropy,-5.286709785461426
4422,Loss/learning_rate,5.062499985797331e-05
4422,Loss/surrogate,-0.003092342521995306
4422,Loss/value,0.005793524440377951
4422,Metrics/base_velocity/error_vel_xy,0.11954014003276825
4422,Metrics/base_velocity/error_vel_yaw,0.1336013823747635
4422,Metrics/success_rate,1.0
4422,Perf/collection_time,1.5288031101226807
4422,Perf/learning_time,0.16408419609069824
4422,Perf/total_fps,58068.0
4422,Policy/mean_std,0.24053646624088287
4422,Train/mean_episode_length,1000.0
4422,Train/mean_reward,26.84967041015625
4489,Episode_Reward/action_rate_l2,-0.04710794612765312
4489,Episode_Reward/belly_contact_force,0.0
4489,Episode_Reward/dof_torques_l2,-0.42342719435691833
4489,Episode_Reward/lin_vel_z_l2,-0.032491013407707214
4489,Episode_Reward/track_ang_vel_z_exp,0.44827064871788025
4489,Episode_Reward/track_lin_vel_xy_miki,1.386652946472168
4489,Episode_Reward/undesired_contacts,0.0
4489,Episode_Termination/base_contact,0.0
4489,Episode_Termination/head_contact,0.010711669921875
4489,Episode_Termination/time_out,0.989288330078125
4489,Loss/entropy,-5.2665228843688965
4489,Loss/learning_rate,7.593750342493877e-05
4489,Loss/surrogate,-0.0034603243693709373
4489,Loss/value,0.00513618066906929
4489,Metrics/base_velocity/error_vel_xy,0.12225090712308884
4489,Metrics/base_velocity/error_vel_yaw,0.13295070827007294
4489,Metrics/success_rate,1.0
4489,Perf/collection_time,1.6705515384674072
4489,Perf/learning_time,0.19320368766784668
4489,Perf/total_fps,52745.0
4489,Policy/mean_std,0.2405780404806137
4489,Train/mean_episode_length,991.530029296875
4489,Train/mean_reward,26.61231803894043
4507,Train/mean_episode_length/time,420.1499938964844
4507,Train/mean_reward/time,7.248675346374512
4556,Episode_Reward/action_rate_l2,-0.047901831567287445
4556,Episode_Reward/belly_contact_force,0.0
4556,Episode_Reward/dof_torques_l2,-0.4362030029296875
4556,Episode_Reward/lin_vel_z_l2,-0.03485618159174919
4556,Episode_Reward/track_ang_vel_z_exp,0.4524233937263489
4556,Episode_Reward/track_lin_vel_xy_miki,1.4015111923217773
4556,Episode_Reward/undesired_contacts,0.0
4556,Episode_Termination/base_contact,0.0
4556,Episode_Termination/head_contact,0.005889892578125
4556,Episode_Termination/time_out,0.994110107421875
4556,Loss/entropy,-5.378881931304932
4556,Loss/learning_rate,7.593750342493877e-05
4556,Loss/surrogate,-0.003429998876526952
4556,Loss/value,0.004271072801202536
4556,Metrics/base_velocity/error_vel_xy,0.12073706090450287
4556,Metrics/base_velocity/error_vel_yaw,0.13205669820308685
4556,Metrics/success_rate,1.0
4556,Perf/collection_time,1.5463237762451172
4556,Perf/learning_time,0.15743398666381836
4556,Perf/total_fps,57698.0
4556,Policy/mean_std,0.2394467443227768
4556,Train/mean_episode_length,1000.0
4556,Train/mean_reward,26.536785125732422
4623,Episode_Reward/action_rate_l2,-0.04846034198999405
4623,Episode_Reward/belly_contact_force,0.0
4623,Episode_Reward/dof_torques_l2,-0.4389856457710266
4623,Episode_Reward/lin_vel_z_l2,-0.036210913211107254
4623,Episode_Reward/track_ang_vel_z_exp,0.44913411140441895
4623,Episode_Reward/track_lin_vel_xy_miki,1.3902772665023804
4623,Episode_Reward/undesired_contacts,0.0
4623,Episode_Termination/base_contact,0.0
4623,Episode_Termination/head_contact,0.01085408590734005
4623,Episode_Termination/time_out,0.9891459345817566
4623,Loss/entropy,-5.3268890380859375
4623,Loss/learning_rate,7.593750342493877e-05
4623,Loss/surrogate,-0.0030772013124078512
4623,Loss/value,0.0065406071953475475
4623,Metrics/base_velocity/error_vel_xy,0.12630537152290344
4623,Metrics/base_velocity/error_vel_yaw,0.13526605069637299
4623,Metrics/success_rate,1.0
4623,Perf/collection_time,1.5156712532043457
4623,Perf/learning_time,0.1630706787109375
4623,Perf/total_fps,58558.0
4623,Policy/mean_std,0.23978710174560547
4623,Train/mean_episode_length,995.6799926757812
4623,Train/mean_reward,26.360904693603516
4629,Train/mean_episode_length/time,390.9100036621094
4629,Train/mean_reward/time,6.464447975158691
4690,Episode_Reward/action_rate_l2,-0.04747360199689865
4690,Episode_Reward/belly_contact_force,0.0
4690,Episode_Reward/dof_torques_l2,-0.42824825644493103
4690,Episode_Reward/lin_vel_z_l2,-0.035495419055223465
4690,Episode_Reward/track_ang_vel_z_exp,0.45013198256492615
4690,Episode_Reward/track_lin_vel_xy_miki,1.3958144187927246
4690,Episode_Reward/undesired_contacts,0.0
4690,Episode_Termination/base_contact,0.0
4690,Episode_Termination/head_contact,0.00859578512609005
4690,Episode_Termination/time_out,0.9914042353630066
4690,Loss/entropy,-5.223446369171143
4690,Loss/learning_rate,7.593750342493877e-05
4690,Loss/surrogate,-0.0036304621025919914
4690,Loss/value,0.00553722120821476
4690,Metrics/base_velocity/error_vel_xy,0.12163929641246796
4690,Metrics/base_velocity/error_vel_yaw,0.1332465261220932
4690,Metrics/success_rate,1.0
4690,Perf/collection_time,1.5215263366699219
4690,Perf/learning_time,0.16446948051452637
4690,Perf/total_fps,58306.0
4690,Policy/mean_std,0.24036036431789398
4690,Train/mean_episode_length,995.8800048828125
4690,Train/mean_reward,26.598575592041016
4751,Train/mean_episode_length/time,463.8800048828125
4751,Train/mean_reward/time,7.405451774597168
4757,Episode_Reward/action_rate_l2,-0.04661137983202934
4757,Episode_Reward/belly_contact_force,0.0
4757,Episode_Reward/dof_torques_l2,-0.42243242263793945
4757,Episode_Reward/lin_vel_z_l2,-0.03378764167428017
4757,Episode_Reward/track_ang_vel_z_exp,0.45276594161987305
4757,Episode_Reward/track_lin_vel_xy_miki,1.4014198780059814
4757,Episode_Reward/undesired_contacts,0.0
4757,Episode_Termination/base_contact,0.0
4757,Episode_Termination/head_contact,0.004638671875
4757,Episode_Termination/time_out,0.995361328125
4757,Loss/entropy,-5.587811470031738
4757,Loss/learning_rate,7.593750342493877e-05
4757,Loss/surrogate,-0.0036751525476574898
4757,Loss/value,0.0034992126747965813
4757,Metrics/base_velocity/error_vel_xy,0.11982376873493195
4757,Metrics/base_velocity/error_vel_yaw,0.1312960684299469
4757,Metrics/success_rate,1.0
4757,Perf/collection_time,1.5092053413391113
4757,Perf/learning_time,0.16020655632019043
4757,Perf/total_fps,58885.0
4757,Policy/mean_std,0.2377535104751587
4757,Train/mean_episode_length,1000.0
4757,Train/mean_reward,27.174428939819336
4824,Episode_Reward/action_rate_l2,-0.046996038407087326
4824,Episode_Reward/belly_contact_force,0.0
4824,Episode_Reward/dof_torques_l2,-0.4182242155075073
4824,Episode_Reward/lin_vel_z_l2,-0.032420508563518524
4824,Episode_Reward/track_ang_vel_z_exp,0.45367440581321716
4824,Episode_Reward/track_lin_vel_xy_miki,1.4041516780853271
4824,Episode_Reward/undesired_contacts,0.0
4824,Episode_Termination/base_contact,0.0
4824,Episode_Termination/head_contact,0.0045674643479287624
4824,Episode_Termination/time_out,0.9954325556755066
4824,Loss/entropy,-5.651406764984131
4824,Loss/learning_rate,5.062499985797331e-05
4824,Loss/surrogate,-0.0035233430098742247
4824,Loss/value,0.006308987736701965
4824,Metrics/base_velocity/error_vel_xy,0.11918248981237411
4824,Metrics/base_velocity/error_vel_yaw,0.1299377679824829
4824,Metrics/success_rate,1.0
4824,Perf/collection_time,1.5588202476501465
4824,Perf/learning_time,0.16324067115783691
4824,Perf/total_fps,57085.0
4824,Policy/mean_std,0.23687851428985596
4824,Train/mean_episode_length,1000.0
4824,Train/mean_reward,27.066415786743164
4876,Train/mean_episode_length/time,612.9199829101562
4876,Train/mean_reward/time,9.635100364685059
4891,Episode_Reward/action_rate_l2,-0.04596927762031555
4891,Episode_Reward/belly_contact_force,0.0
4891,Episode_Reward/dof_torques_l2,-0.4151446223258972
4891,Episode_Reward/lin_vel_z_l2,-0.03101794421672821
4891,Episode_Reward/track_ang_vel_z_exp,0.4504022002220154
4891,Episode_Reward/track_lin_vel_xy_miki,1.392266035079956
4891,Episode_Reward/undesired_contacts,0.0
4891,Episode_Termination/base_contact,0.0
4891,Episode_Termination/head_contact,0.003916422836482525
4891,Episode_Termination/time_out,0.9960836172103882
4891,Loss/entropy,-5.746756553649902
4891,Loss/learning_rate,7.593750342493877e-05
4891,Loss/surrogate,-0.0034577304031699896
4891,Loss/value,0.00452338345348835
4891,Metrics/base_velocity/error_vel_xy,0.1217196136713028
4891,Metrics/base_velocity/error_vel_yaw,0.13010506331920624
4891,Metrics/success_rate,1.0
4891,Perf/collection_time,1.5390732288360596
4891,Perf/learning_time,0.16307473182678223
4891,Perf/total_fps,57752.0
4891,Policy/mean_std,0.23577259480953217
4891,Train/mean_episode_length,991.1199951171875
4891,Train/mean_reward,27.115203857421875
4958,Episode_Reward/action_rate_l2,-0.04607854783535004
4958,Episode_Reward/belly_contact_force,0.0
4958,Episode_Reward/dof_torques_l2,-0.414067804813385
4958,Episode_Reward/lin_vel_z_l2,-0.03177468106150627
4958,Episode_Reward/track_ang_vel_z_exp,0.4558507204055786
4958,Episode_Reward/track_lin_vel_xy_miki,1.4077584743499756
4958,Episode_Reward/undesired_contacts,0.0
4958,Episode_Termination/base_contact,0.0
4958,Episode_Termination/head_contact,0.006205241195857525
4958,Episode_Termination/time_out,0.9937947988510132
4958,Loss/entropy,-5.865554332733154
4958,Loss/learning_rate,5.062499985797331e-05
4958,Loss/surrogate,-0.0039364369586110115
4958,Loss/value,0.004543486051261425
4958,Metrics/base_velocity/error_vel_xy,0.11596021056175232
4958,Metrics/base_velocity/error_vel_yaw,0.12633298337459564
4958,Metrics/success_rate,1.0
4958,Perf/collection_time,1.5932350158691406
4958,Perf/learning_time,0.16996502876281738
4958,Perf/total_fps,55753.0
4958,Policy/mean_std,0.23464861512184143
4958,Train/mean_episode_length,1000.0
4958,Train/mean_reward,27.32479476928711
5001,Train/mean_episode_length/time,705.3800048828125
5001,Train/mean_reward/time,11.390639305114746
5025,Episode_Reward/action_rate_l2,-0.04616895318031311
5025,Episode_Reward/belly_contact_force,0.0
5025,Episode_Reward/dof_torques_l2,-0.4264395833015442
5025,Episode_Reward/lin_vel_z_l2,-0.03334169089794159
5025,Episode_Reward/track_ang_vel_z_exp,0.4547584056854248
5025,Episode_Reward/track_lin_vel_xy_miki,1.402014970779419
5025,Episode_Reward/undesired_contacts,0.0
5025,Episode_Termination/base_contact,0.0
5025,Episode_Termination/head_contact,0.00439453125
5025,Episode_Termination/time_out,0.99560546875
5025,Loss/entropy,-5.833011150360107
5025,Loss/learning_rate,7.593750342493877e-05
5025,Loss/surrogate,-0.004321889020502567
5025,Loss/value,0.00416543846949935
5025,Metrics/base_velocity/error_vel_xy,0.12117203325033188
5025,Metrics/base_velocity/error_vel_yaw,0.1281968057155609
5025,Metrics/success_rate,1.0
5025,Perf/collection_time,1.6548738479614258
5025,Perf/learning_time,0.1929478645324707
5025,Perf/total_fps,53199.0
5025,Policy/mean_std,0.23404116928577423
5025,Train/mean_episode_length,1000.0
5025,Train/mean_reward,27.21273422241211
5092,Episode_Reward/action_rate_l2,-0.04511784762144089
5092,Episode_Reward/belly_contact_force,0.0
5092,Episode_Reward/dof_torques_l2,-0.41009339690208435
5092,Episode_Reward/lin_vel_z_l2,-0.031491585075855255
5092,Episode_Reward/track_ang_vel_z_exp,0.451948881149292
5092,Episode_Reward/track_lin_vel_xy_miki,1.3957433700561523
5092,Episode_Reward/undesired_contacts,0.0
5092,Episode_Termination/base_contact,0.0
5092,Episode_Termination/head_contact,0.0026143393479287624
5092,Episode_Termination/time_out,0.9973856806755066
5092,Loss/entropy,-6.006524085998535
5092,Loss/learning_rate,7.593750342493877e-05
5092,Loss/surrogate,-0.00404901709407568
5092,Loss/value,0.006093726959079504
5092,Metrics/base_velocity/error_vel_xy,0.11807253211736679
5092,Metrics/base_velocity/error_vel_yaw,0.12683668732643127
5092,Metrics/success_rate,1.0
5092,Perf/collection_time,1.849635124206543
5092,Perf/learning_time,0.2027451992034912
5092,Perf/total_fps,47897.0
5092,Policy/mean_std,0.23304645717144012
5092,Train/mean_episode_length,990.6500244140625
5092,Train/mean_reward,27.207136154174805
5132,Train/mean_episode_length/time,857.6500244140625
5132,Train/mean_reward/time,14.102843284606934
5159,Episode_Reward/action_rate_l2,-0.046569518744945526
5159,Episode_Reward/belly_contact_force,0.0
5159,Episode_Reward/dof_torques_l2,-0.4258963465690613
5159,Episode_Reward/lin_vel_z_l2,-0.03556255251169205
5159,Episode_Reward/track_ang_vel_z_exp,0.45219844579696655
5159,Episode_Reward/track_lin_vel_xy_miki,1.392647624015808
5159,Episode_Reward/undesired_contacts,0.0
5159,Episode_Termination/base_contact,0.0
5159,Episode_Termination/head_contact,0.006571452133357525
5159,Episode_Termination/time_out,0.9934285879135132
5159,Loss/entropy,-5.70866584777832
5159,Loss/learning_rate,7.593750342493877e-05
5159,Loss/surrogate,-0.003758180420845747
5159,Loss/value,0.004902202636003494
5159,Metrics/base_velocity/error_vel_xy,0.12569662928581238
5159,Metrics/base_velocity/error_vel_yaw,0.13073194026947021
5159,Metrics/success_rate,1.0
5159,Perf/collection_time,1.5458149909973145
5159,Perf/learning_time,0.17536020278930664
5159,Perf/total_fps,57114.0
5159,Policy/mean_std,0.23489844799041748
5159,Train/mean_episode_length,995.8200073242188
5159,Train/mean_reward,26.805912017822266
5226,Episode_Reward/action_rate_l2,-0.046021025627851486
5226,Episode_Reward/belly_contact_force,0.0
5226,Episode_Reward/dof_torques_l2,-0.4105618894100189
5226,Episode_Reward/lin_vel_z_l2,-0.03094976209104061
5226,Episode_Reward/track_ang_vel_z_exp,0.45450323820114136
5226,Episode_Reward/track_lin_vel_xy_miki,1.409996509552002
5226,Episode_Reward/undesired_contacts,0.0
5226,Episode_Termination/base_contact,0.0
5226,Episode_Termination/head_contact,0.0045674643479287624
5226,Episode_Termination/time_out,0.9954325556755066
5226,Loss/entropy,-5.856717109680176
5226,Loss/learning_rate,7.593750342493877e-05
5226,Loss/surrogate,-0.0037174057215452194
5226,Loss/value,0.0042025125585496426
5226,Metrics/base_velocity/error_vel_xy,0.11434309184551239
5226,Metrics/base_velocity/error_vel_yaw,0.12847104668617249
5226,Metrics/success_rate,1.0
5226,Perf/collection_time,1.5816545486450195
5226,Perf/learning_time,0.1611649990081787
5226,Perf/total_fps,56405.0
5226,Policy/mean_std,0.23435427248477936
5226,Train/mean_episode_length,1000.0
5226,Train/mean_reward,27.33917808532715
5252,Train/mean_episode_length/time,969.72998046875
5252,Train/mean_reward/time,16.961660385131836
5293,Episode_Reward/action_rate_l2,-0.04535932466387749
5293,Episode_Reward/belly_contact_force,0.0
5293,Episode_Reward/dof_torques_l2,-0.40064144134521484
5293,Episode_Reward/lin_vel_z_l2,-0.02999579906463623
5293,Episode_Reward/track_ang_vel_z_exp,0.4557287096977234
5293,Episode_Reward/track_lin_vel_xy_miki,1.410048007965088
5293,Episode_Reward/undesired_contacts,0.0
5293,Episode_Termination/base_contact,0.0
5293,Episode_Termination/head_contact,0.00341796875
5293,Episode_Termination/time_out,0.99658203125
5293,Loss/entropy,-6.205776691436768
5293,Loss/learning_rate,7.593750342493877e-05
5293,Loss/surrogate,-0.0029671681113541126
5293,Loss/value,0.004088983871042728
5293,Metrics/base_velocity/error_vel_xy,0.11470484733581543
5293,Metrics/base_velocity/error_vel_yaw,0.1264365166425705
5293,Metrics/success_rate,1.0
5293,Perf/collection_time,1.5491828918457031
5293,Perf/learning_time,0.15900683403015137
5293,Perf/total_fps,57548.0
5293,Policy/mean_std,0.23179350793361664
5293,Train/mean_episode_length,1000.0
5293,Train/mean_reward,27.714216232299805
5360,Episode_Reward/action_rate_l2,-0.04538508504629135
5360,Episode_Reward/belly_contact_force,0.0
5360,Episode_Reward/dof_torques_l2,-0.4077187180519104
5360,Episode_Reward/lin_vel_z_l2,-0.031200453639030457
5360,Episode_Reward/track_ang_vel_z_exp,0.45677775144577026
5360,Episode_Reward/track_lin_vel_xy_miki,1.4077085256576538
5360,Episode_Reward/undesired_contacts,0.0
5360,Episode_Termination/base_contact,0.0
5360,Episode_Termination/head_contact,0.001953125
5360,Episode_Termination/time_out,0.998046875
5360,Loss/entropy,-6.364718437194824
5360,Loss/learning_rate,7.593750342493877e-05
5360,Loss/surrogate,-0.0034098264295607805
5360,Loss/value,0.004451301414519548
5360,Metrics/base_velocity/error_vel_xy,0.11694544553756714
5360,Metrics/base_velocity/error_vel_yaw,0.12479937076568604
5360,Metrics/success_rate,1.0
5360,Perf/collection_time,1.528465747833252
5360,Perf/learning_time,0.1645340919494629
5360,Perf/total_fps,58064.0
5360,Policy/mean_std,0.2305750697851181
5360,Train/mean_episode_length,1000.0
5360,Train/mean_reward,27.64777946472168
5370,Train/mean_episode_length/time,975.27001953125
5370,Train/mean_reward/time,17.960886001586914
5427,Episode_Reward/action_rate_l2,-0.043256353586912155
5427,Episode_Reward/belly_contact_force,0.0
5427,Episode_Reward/dof_torques_l2,-0.3865019679069519
5427,Episode_Reward/lin_vel_z_l2,-0.029344169422984123
5427,Episode_Reward/track_ang_vel_z_exp,0.4525982141494751
5427,Episode_Reward/track_lin_vel_xy_miki,1.4010604619979858
5427,Episode_Reward/undesired_contacts,0.0
5427,Episode_Termination/base_contact,0.0
5427,Episode_Termination/head_contact,0.0026143393479287624
5427,Episode_Termination/time_out,0.9973856806755066
5427,Loss/entropy,-6.574566841125488
5427,Loss/learning_rate,5.062499985797331e-05
5427,Loss/surrogate,-0.0031248030718415976
5427,Loss/value,0.004940589889883995
5427,Metrics/base_velocity/error_vel_xy,0.11580388247966766
5427,Metrics/base_velocity/error_vel_yaw,0.12749187648296356
5427,Metrics/success_rate,1.0
5427,Perf/collection_time,1.541670560836792
5427,Perf/learning_time,0.18423795700073242
5427,Perf/total_fps,56957.0
5427,Policy/mean_std,0.22889328002929688
5427,Train/mean_episode_length,995.780029296875
5427,Train/mean_reward,27.968585968017578
5485,Train/mean_episode_length/time,968.4000244140625
5485,Train/mean_reward/time,19.03423309326172
5494,Episode_Reward/action_rate_l2,-0.04448501765727997
5494,Episode_Reward/belly_contact_force,0.0
5494,Episode_Reward/dof_torques_l2,-0.39672860503196716
5494,Episode_Reward/lin_vel_z_l2,-0.030557340011000633
5494,Episode_Reward/track_ang_vel_z_exp,0.4571249485015869
5494,Episode_Reward/track_lin_vel_xy_miki,1.4100956916809082
5494,Episode_Reward/undesired_contacts,0.0
5494,Episode_Termination/base_contact,0.0
5494,Episode_Termination/head_contact,0.005320231430232525
5494,Episode_Termination/time_out,0.9946798086166382
5494,Loss/entropy,-6.457174777984619
5494,Loss/learning_rate,7.593750342493877e-05
5494,Loss/surrogate,-0.003057455411180854
5494,Loss/value,0.004617176949977875
5494,Metrics/base_velocity/error_vel_xy,0.11454489827156067
5494,Metrics/base_velocity/error_vel_yaw,0.1244032010436058
5494,Metrics/success_rate,1.0
5494,Perf/collection_time,1.5464847087860107
5494,Perf/learning_time,0.16215205192565918
5494,Perf/total_fps,57533.0
5494,Policy/mean_std,0.22917869687080383
5494,Train/mean_episode_length,1000.0
5494,Train/mean_reward,27.877946853637695
5561,Episode_Reward/action_rate_l2,-0.04526801034808159
5561,Episode_Reward/belly_contact_force,0.0
5561,Episode_Reward/dof_torques_l2,-0.40921831130981445
5561,Episode_Reward/lin_vel_z_l2,-0.032963283360004425
5561,Episode_Reward/track_ang_vel_z_exp,0.45685049891471863
5561,Episode_Reward/track_lin_vel_xy_miki,1.403822660446167
5561,Episode_Reward/undesired_contacts,0.0
5561,Episode_Termination/base_contact,0.0
5561,Episode_Termination/head_contact,0.003173828125
5561,Episode_Termination/time_out,0.996826171875
5561,Loss/entropy,-6.586191177368164
5561,Loss/learning_rate,5.062499985797331e-05
5561,Loss/surrogate,-0.0037356147076934576
5561,Loss/value,0.0040153698064386845
5561,Metrics/base_velocity/error_vel_xy,0.12140514701604843
5561,Metrics/base_velocity/error_vel_yaw,0.12466492503881454
5561,Metrics/success_rate,1.0
5561,Perf/collection_time,1.5456185340881348
5561,Perf/learning_time,0.16291475296020508
5561,Perf/total_fps,57537.0
5561,Policy/mean_std,0.22868137061595917
5561,Train/mean_episode_length,1000.0
5561,Train/mean_reward,27.744115829467773
5601,Train/mean_episode_length/time,991.25
5601,Train/mean_reward/time,20.967172622680664
5628,Episode_Reward/action_rate_l2,-0.04452262446284294
5628,Episode_Reward/belly_contact_force,0.0
5628,Episode_Reward/dof_torques_l2,-0.3985559642314911
5628,Episode_Reward/lin_vel_z_l2,-0.02896643802523613
5628,Episode_Reward/track_ang_vel_z_exp,0.45770424604415894
5628,Episode_Reward/track_lin_vel_xy_miki,1.4149179458618164
5628,Episode_Reward/undesired_contacts,0.0
5628,Episode_Termination/base_contact,0.0
5628,Episode_Termination/head_contact,0.002685546875
5628,Episode_Termination/time_out,0.997314453125
5628,Loss/entropy,-6.628077983856201
5628,Loss/learning_rate,5.062499985797331e-05
5628,Loss/surrogate,-0.0038274077232927084
5628,Loss/value,0.003522982820868492
5628,Metrics/base_velocity/error_vel_xy,0.11053070425987244
5628,Metrics/base_velocity/error_vel_yaw,0.1233825832605362
5628,Metrics/success_rate,1.0
5628,Perf/collection_time,1.5204453468322754
5628,Perf/learning_time,0.16729164123535156
5628,Perf/total_fps,58246.0
5628,Policy/mean_std,0.2279258668422699
5628,Train/mean_episode_length,1000.0
5628,Train/mean_reward,28.06827163696289
5695,Episode_Reward/action_rate_l2,-0.04449884593486786
5695,Episode_Reward/belly_contact_force,0.0
5695,Episode_Reward/dof_torques_l2,-0.3950309157371521
5695,Episode_Reward/lin_vel_z_l2,-0.028921380639076233
5695,Episode_Reward/track_ang_vel_z_exp,0.457658052444458
5695,Episode_Reward/track_lin_vel_xy_miki,1.4102065563201904
5695,Episode_Reward/undesired_contacts,0.0
5695,Episode_Termination/base_contact,0.0
5695,Episode_Termination/head_contact,0.001953125
5695,Episode_Termination/time_out,0.998046875
5695,Loss/entropy,-6.5863213539123535
5695,Loss/learning_rate,5.062499985797331e-05
5695,Loss/surrogate,-0.0032867786940187216
5695,Loss/value,0.00434449315071106
5695,Metrics/base_velocity/error_vel_xy,0.11432713270187378
5695,Metrics/base_velocity/error_vel_yaw,0.1232539638876915
5695,Metrics/success_rate,1.0
5695,Perf/collection_time,1.528923511505127
5695,Perf/learning_time,0.16841864585876465
5695,Perf/total_fps,57916.0
5695,Policy/mean_std,0.22800704836845398
5695,Train/mean_episode_length,1000.0
5695,Train/mean_reward,28.012500762939453
5719,Train/mean_episode_length/time,987.7100219726562
5719,Train/mean_reward/time,21.052629470825195
5762,Episode_Reward/action_rate_l2,-0.04340625926852226
5762,Episode_Reward/belly_contact_force,0.0
5762,Episode_Reward/dof_torques_l2,-0.3768483102321625
5762,Episode_Reward/lin_vel_z_l2,-0.026921672746539116
5762,Episode_Reward/track_ang_vel_z_exp,0.4582676887512207
5762,Episode_Reward/track_lin_vel_xy_miki,1.420431137084961
5762,Episode_Reward/undesired_contacts,0.0
5762,Episode_Termination/base_contact,0.0
5762,Episode_Termination/head_contact,0.0048828125
5762,Episode_Termination/time_out,0.9951171875
5762,Loss/entropy,-6.798068046569824
5762,Loss/learning_rate,5.062499985797331e-05
5762,Loss/surrogate,-0.0036800354719161987
5762,Loss/value,0.0039383238181471825
5762,Metrics/base_velocity/error_vel_xy,0.10538038611412048
5762,Metrics/base_velocity/error_vel_yaw,0.12237557023763657
5762,Metrics/success_rate,1.0
5762,Perf/collection_time,1.5567593574523926
5762,Perf/learning_time,0.18262314796447754
5762,Perf/total_fps,56516.0
5762,Policy/mean_std,0.22684738039970398
5762,Train/mean_episode_length,1000.0
5762,Train/mean_reward,28.254240036010742
5829,Episode_Reward/action_rate_l2,-0.04391288384795189
5829,Episode_Reward/belly_contact_force,0.0
5829,Episode_Reward/dof_torques_l2,-0.3828154504299164
5829,Episode_Reward/lin_vel_z_l2,-0.030272699892520905
5829,Episode_Reward/track_ang_vel_z_exp,0.45586293935775757
5829,Episode_Reward/track_lin_vel_xy_miki,1.4034039974212646
5829,Episode_Reward/undesired_contacts,0.0
5829,Episode_Termination/base_contact,0.0
5829,Episode_Termination/head_contact,0.0029703776817768812
5829,Episode_Termination/time_out,0.9970296621322632
5829,Loss/entropy,-6.745879173278809
5829,Loss/learning_rate,5.062499985797331e-05
5829,Loss/surrogate,-0.003815409727394581
5829,Loss/value,0.004803487099707127
5829,Metrics/base_velocity/error_vel_xy,0.11532962322235107
5829,Metrics/base_velocity/error_vel_yaw,0.12343086302280426
5829,Metrics/success_rate,1.0
5829,Perf/collection_time,1.5730047225952148
5829,Perf/learning_time,0.17580628395080566
5829,Perf/total_fps,56211.0
5829,Policy/mean_std,0.22727076709270477
5829,Train/mean_episode_length,996.0700073242188
5829,Train/mean_reward,28.206165313720703
5835,Train/mean_episode_length/time,991.9400024414062
5835,Train/mean_reward/time,21.591432571411133
5896,Episode_Reward/action_rate_l2,-0.04435345157980919
5896,Episode_Reward/belly_contact_force,0.0
5896,Episode_Reward/dof_torques_l2,-0.38488417863845825
5896,Episode_Reward/lin_vel_z_l2,-0.028113339096307755
5896,Episode_Reward/track_ang_vel_z_exp,0.45866379141807556
5896,Episode_Reward/track_lin_vel_xy_miki,1.4149410724639893
5896,Episode_Reward/undesired_contacts,0.0
5896,Episode_Termination/base_contact,0.0
5896,Episode_Termination/head_contact,0.001708984375
5896,Episode_Termination/time_out,0.998291015625
5896,Loss/entropy,-6.961381912231445
5896,Loss/learning_rate,7.593750342493877e-05
5896,Loss/surrogate,-0.003300423501059413
5896,Loss/value,0.0036477120593190193
5896,Metrics/base_velocity/error_vel_xy,0.11085250228643417
5896,Metrics/base_velocity/error_vel_yaw,0.12180310487747192
5896,Metrics/success_rate,1.0
5896,Perf/collection_time,1.5549945831298828
5896,Perf/learning_time,0.16112875938415527
5896,Perf/total_fps,57282.0
5896,Policy/mean_std,0.22562643885612488
5896,Train/mean_episode_length,1000.0
5896,Train/mean_reward,28.30875015258789
5952,Train/mean_episode_length/time,986.5499877929688
5952,Train/mean_reward/time,21.855913162231445
5963,Episode_Reward/action_rate_l2,-0.04326225072145462
5963,Episode_Reward/belly_contact_force,0.0
5963,Episode_Reward/dof_torques_l2,-0.37210819125175476
5963,Episode_Reward/lin_vel_z_l2,-0.02769242599606514
5963,Episode_Reward/track_ang_vel_z_exp,0.45874667167663574
5963,Episode_Reward/track_lin_vel_xy_miki,1.4174875020980835
5963,Episode_Reward/undesired_contacts,0.0
5963,Episode_Termination/base_contact,0.0
5963,Episode_Termination/head_contact,0.001708984375
5963,Episode_Termination/time_out,0.998291015625
5963,Loss/entropy,-6.98818826675415
5963,Loss/learning_rate,3.3749998692655936e-05
5963,Loss/surrogate,-0.0028338127303868532
5963,Loss/value,0.0034335076343268156
5963,Metrics/base_velocity/error_vel_xy,0.10862549394369125
5963,Metrics/base_velocity/error_vel_yaw,0.12135171890258789
5963,Metrics/success_rate,1.0
5963,Perf/collection_time,1.5375730991363525
5963,Perf/learning_time,0.15901660919189453
5963,Perf/total_fps,57942.0
5963,Policy/mean_std,0.22493213415145874
5963,Train/mean_episode_length,1000.0
5963,Train/mean_reward,28.262832641601562
6030,Episode_Reward/action_rate_l2,-0.043008994311094284
6030,Episode_Reward/belly_contact_force,0.0
6030,Episode_Reward/dof_torques_l2,-0.3729934096336365
6030,Episode_Reward/lin_vel_z_l2,-0.026206325739622116
6030,Episode_Reward/track_ang_vel_z_exp,0.4587591886520386
6030,Episode_Reward/track_lin_vel_xy_miki,1.4162930250167847
6030,Episode_Reward/undesired_contacts,0.0
6030,Episode_Termination/base_contact,0.0
6030,Episode_Termination/head_contact,0.000732421875
6030,Episode_Termination/time_out,0.999267578125
6030,Loss/entropy,-7.081108093261719
6030,Loss/learning_rate,7.593750342493877e-05
6030,Loss/surrogate,-0.0037401795852929354
6030,Loss/value,0.004041955340653658
6030,Metrics/base_velocity/error_vel_xy,0.1090768501162529
6030,Metrics/base_velocity/error_vel_yaw,0.12140190601348877
6030,Metrics/success_rate,1.0
6030,Perf/collection_time,1.522625207901001
6030,Perf/learning_time,0.1673877239227295
6030,Perf/total_fps,58167.0
6030,Policy/mean_std,0.22400446236133575
6030,Train/mean_episode_length,1000.0
6030,Train/mean_reward,28.645214080810547
6069,Train/mean_episode_length/time,991.4500122070312
6069,Train/mean_reward/time,22.858728408813477
6097,Episode_Reward/action_rate_l2,-0.04355734586715698
6097,Episode_Reward/belly_contact_force,0.0
6097,Episode_Reward/dof_torques_l2,-0.3806881904602051
6097,Episode_Reward/lin_vel_z_l2,-0.026130367070436478
6097,Episode_Reward/track_ang_vel_z_exp,0.45924919843673706
6097,Episode_Reward/track_lin_vel_xy_miki,1.4141433238983154
6097,Episode_Reward/undesired_contacts,0.0
6097,Episode_Termination/base_contact,0.0
6097,Episode_Termination/head_contact,0.001953125
6097,Episode_Termination/time_out,0.998046875
6097,Loss/entropy,-7.221203804016113
6097,Loss/learning_rate,7.593750342493877e-05
6097,Loss/surrogate,-0.0037479926832020283
6097,Loss/value,0.004014193546026945
6097,Metrics/base_velocity/error_vel_xy,0.11147940158843994
6097,Metrics/base_velocity/error_vel_yaw,0.12058194726705551
6097,Metrics/success_rate,1.0
6097,Perf/collection_time,1.509383201599121
6097,Perf/learning_time,0.15995049476623535
6097,Perf/total_fps,58888.0
6097,Policy/mean_std,0.22378970682621002
6097,Train/mean_episode_length,1000.0
6097,Train/mean_reward,28.3421688079834
6164,Episode_Reward/action_rate_l2,-0.04293719679117203
6164,Episode_Reward/belly_contact_force,0.0
6164,Episode_Reward/dof_torques_l2,-0.369141548871994
6164,Episode_Reward/lin_vel_z_l2,-0.025418197736144066
6164,Episode_Reward/track_ang_vel_z_exp,0.45896872878074646
6164,Episode_Reward/track_lin_vel_xy_miki,1.4151766300201416
6164,Episode_Reward/undesired_contacts,0.0
6164,Episode_Termination/base_contact,0.0
6164,Episode_Termination/head_contact,0.001220703125
6164,Episode_Termination/time_out,0.998779296875
6164,Loss/entropy,-7.2755560874938965
6164,Loss/learning_rate,7.593750342493877e-05
6164,Loss/surrogate,-0.0029333580750972033
6164,Loss/value,0.003766116686165333
6164,Metrics/base_velocity/error_vel_xy,0.11089106649160385
6164,Metrics/base_velocity/error_vel_yaw,0.12106861174106598
6164,Metrics/success_rate,1.0
6164,Perf/collection_time,1.5360174179077148
6164,Perf/learning_time,0.19717097282409668
6164,Perf/total_fps,56718.0
6164,Policy/mean_std,0.22231821715831757
6164,Train/mean_episode_length,1000.0
6164,Train/mean_reward,28.586143493652344
6184,Train/mean_episode_length/time,1000.0
6184,Train/mean_reward/time,23.008556365966797
6231,Episode_Reward/action_rate_l2,-0.04334142804145813
6231,Episode_Reward/belly_contact_force,0.0
6231,Episode_Reward/dof_torques_l2,-0.37494954466819763
6231,Episode_Reward/lin_vel_z_l2,-0.026030633598566055
6231,Episode_Reward/track_ang_vel_z_exp,0.46011120080947876
6231,Episode_Reward/track_lin_vel_xy_miki,1.4178171157836914
6231,Episode_Reward/undesired_contacts,0.0
6231,Episode_Termination/base_contact,0.0
6231,Episode_Termination/head_contact,0.0029296875
6231,Episode_Termination/time_out,0.9970703125
6231,Loss/entropy,-7.32135009765625
6231,Loss/learning_rate,7.593750342493877e-05
6231,Loss/surrogate,-0.0035833034198731184
6231,Loss/value,0.004318497609347105
6231,Metrics/base_velocity/error_vel_xy,0.10788415372371674
6231,Metrics/base_velocity/error_vel_yaw,0.1191762313246727
6231,Metrics/success_rate,1.0
6231,Perf/collection_time,1.5248098373413086
6231,Perf/learning_time,0.16310834884643555
6231,Perf/total_fps,58239.0
6231,Policy/mean_std,0.22266119718551636
6231,Train/mean_episode_length,1000.0
6231,Train/mean_reward,28.701379776000977
6298,Episode_Reward/action_rate_l2,-0.04272846877574921
6298,Episode_Reward/belly_contact_force,0.0
6298,Episode_Reward/dof_torques_l2,-0.365913450717926
6298,Episode_Reward/lin_vel_z_l2,-0.025925617665052414
6298,Episode_Reward/track_ang_vel_z_exp,0.4598925709724426
6298,Episode_Reward/track_lin_vel_xy_miki,1.4201000928878784
6298,Episode_Reward/undesired_contacts,0.0
6298,Episode_Termination/base_contact,0.0
6298,Episode_Termination/head_contact,0.00244140625
6298,Episode_Termination/time_out,0.99755859375
6298,Loss/entropy,-7.431056499481201
6298,Loss/learning_rate,7.593750342493877e-05
6298,Loss/surrogate,-0.0037343380972743034
6298,Loss/value,0.003670488251373172
6298,Metrics/base_velocity/error_vel_xy,0.10620565712451935
6298,Metrics/base_velocity/error_vel_yaw,0.11947271227836609
6298,Metrics/success_rate,1.0
6298,Perf/collection_time,1.7062249183654785
6298,Perf/learning_time,0.17929410934448242
6298,Perf/total_fps,52136.0
6298,Policy/mean_std,0.2219696342945099
6298,Train/mean_episode_length,1000.0
6298,Train/mean_reward,28.91919708251953
6301,Train/mean_episode_length/time,991.9400024414062
6301,Train/mean_reward/time,24.025846481323242
6365,Episode_Reward/action_rate_l2,-0.043197151273489
6365,Episode_Reward/belly_contact_force,0.0
6365,Episode_Reward/dof_torques_l2,-0.3708910346031189
6365,Episode_Reward/lin_vel_z_l2,-0.027075164020061493
6365,Episode_Reward/track_ang_vel_z_exp,0.46016907691955566
6365,Episode_Reward/track_lin_vel_xy_miki,1.418247938156128
6365,Episode_Reward/undesired_contacts,0.0
6365,Episode_Termination/base_contact,0.0
6365,Episode_Termination/head_contact,0.002685546875
6365,Episode_Termination/time_out,0.997314453125
6365,Loss/entropy,-7.337756156921387
6365,Loss/learning_rate,3.3749998692655936e-05
6365,Loss/surrogate,-0.003425556467846036
6365,Loss/value,0.0029052365571260452
6365,Metrics/base_velocity/error_vel_xy,0.10854820907115936
6365,Metrics/base_velocity/error_vel_yaw,0.11903868615627289
6365,Metrics/success_rate,1.0
6365,Perf/collection_time,1.5433967113494873
6365,Perf/learning_time,0.16115951538085938
6365,Perf/total_fps,57671.0
6365,Policy/mean_std,0.22260554134845734
6365,Train/mean_episode_length,1000.0
6365,Train/mean_reward,28.664121627807617
6417,Train/mean_episode_length/time,1000.0
6417,Train/mean_reward/time,24.37895393371582
6432,Episode_Reward/action_rate_l2,-0.04377814754843712
6432,Episode_Reward/belly_contact_force,0.0
6432,Episode_Reward/dof_torques_l2,-0.37343430519104004
6432,Episode_Reward/lin_vel_z_l2,-0.02716934308409691
6432,Episode_Reward/track_ang_vel_z_exp,0.4593622386455536
6432,Episode_Reward/track_lin_vel_xy_miki,1.4164632558822632
6432,Episode_Reward/undesired_contacts,0.0
6432,Episode_Termination/base_contact,0.0
6432,Episode_Termination/head_contact,0.00244140625
6432,Episode_Termination/time_out,0.99755859375
6432,Loss/entropy,-7.615603446960449
6432,Loss/learning_rate,3.3749998692655936e-05
6432,Loss/surrogate,-0.003289965447038412
6432,Loss/value,0.004742104094475508
6432,Metrics/base_velocity/error_vel_xy,0.1101502776145935
6432,Metrics/base_velocity/error_vel_yaw,0.12029179185628891
6432,Metrics/success_rate,1.0
6432,Perf/collection_time,1.5384807586669922
6432,Perf/learning_time,0.16611242294311523
6432,Perf/total_fps,57670.0
6432,Policy/mean_std,0.22090594470500946
6432,Train/mean_episode_length,1000.0
6432,Train/mean_reward,28.93556785583496
6499,Episode_Reward/action_rate_l2,-0.04367344081401825
6499,Episode_Reward/belly_contact_force,0.0
6499,Episode_Reward/dof_torques_l2,-0.3767489790916443
6499,Episode_Reward/lin_vel_z_l2,-0.025873403996229172
6499,Episode_Reward/track_ang_vel_z_exp,0.45999860763549805
6499,Episode_Reward/track_lin_vel_xy_miki,1.418089747428894
6499,Episode_Reward/undesired_contacts,0.0
6499,Episode_Termination/base_contact,0.0
6499,Episode_Termination/head_contact,0.0050557455979287624
6499,Episode_Termination/time_out,0.9949442744255066
6499,Loss/entropy,-7.249068260192871
6499,Loss/learning_rate,3.3749998692655936e-05
6499,Loss/surrogate,-0.002701068064197898
6499,Loss/value,0.0036368691362440586
6499,Metrics/base_velocity/error_vel_xy,0.10824152082204819
6499,Metrics/base_velocity/error_vel_yaw,0.11925097554922104
6499,Metrics/success_rate,1.0
6499,Perf/collection_time,1.525989055633545
6499,Perf/learning_time,0.17020416259765625
6499,Perf/total_fps,57955.0
6499,Policy/mean_std,0.2229006439447403
6499,Train/mean_episode_length,1000.0
6499,Train/mean_reward,28.545848846435547
6532,Train/mean_episode_length/time,1000.0
6532,Train/mean_reward/time,24.171842575073242
6566,Episode_Reward/action_rate_l2,-0.04300546646118164
6566,Episode_Reward/belly_contact_force,0.0
6566,Episode_Reward/dof_torques_l2,-0.36776989698410034
6566,Episode_Reward/lin_vel_z_l2,-0.024910610169172287
6566,Episode_Reward/track_ang_vel_z_exp,0.4604756236076355
6566,Episode_Reward/track_lin_vel_xy_miki,1.4215000867843628
6566,Episode_Reward/undesired_contacts,0.0
6566,Episode_Termination/base_contact,0.0
6566,Episode_Termination/head_contact,0.0029296875
6566,Episode_Termination/time_out,0.9970703125
6566,Loss/entropy,-7.402603626251221
6566,Loss/learning_rate,5.062499985797331e-05
6566,Loss/surrogate,-0.003045076271519065
6566,Loss/value,0.0030453039798885584
6566,Metrics/base_velocity/error_vel_xy,0.10414870828390121
6566,Metrics/base_velocity/error_vel_yaw,0.11854680627584457
6566,Metrics/success_rate,1.0
6566,Perf/collection_time,1.538358211517334
6566,Perf/learning_time,0.1758894920349121
6566,Perf/total_fps,57345.0
6566,Policy/mean_std,0.2218816727399826
6566,Train/mean_episode_length,1000.0
6566,Train/mean_reward,29.019176483154297
6633,Episode_Reward/action_rate_l2,-0.043349869549274445
6633,Episode_Reward/belly_contact_force,0.0
6633,Episode_Reward/dof_torques_l2,-0.36659806966781616
6633,Episode_Reward/lin_vel_z_l2,-0.024713566526770592
6633,Episode_Reward/track_ang_vel_z_exp,0.45982444286346436
6633,Episode_Reward/track_lin_vel_xy_miki,1.42134428024292
6633,Episode_Reward/undesired_contacts,0.0
6633,Episode_Termination/base_contact,0.0
6633,Episode_Termination/head_contact,0.00341796875
6633,Episode_Termination/time_out,0.99658203125
6633,Loss/entropy,-7.572857856750488
6633,Loss/learning_rate,7.593750342493877e-05
6633,Loss/surrogate,-0.0037425169721245766
6633,Loss/value,0.004453442990779877
6633,Metrics/base_velocity/error_vel_xy,0.10533115267753601
6633,Metrics/base_velocity/error_vel_yaw,0.11970745027065277
6633,Metrics/success_rate,1.0
6633,Perf/collection_time,1.7989845275878906
6633,Perf/learning_time,0.22724413871765137
6633,Perf/total_fps,48515.0
6633,Policy/mean_std,0.22116519510746002
6633,Train/mean_episode_length,1000.0
6633,Train/mean_reward,29.11716651916504
6650,Train/mean_episode_length/time,991.0900268554688
6650,Train/mean_reward/time,24.461923599243164
6700,Episode_Reward/action_rate_l2,-0.04344130679965019
6700,Episode_Reward/belly_contact_force,0.0
6700,Episode_Reward/dof_torques_l2,-0.3687100410461426
6700,Episode_Reward/lin_vel_z_l2,-0.02602945826947689
6700,Episode_Reward/track_ang_vel_z_exp,0.45804306864738464
6700,Episode_Reward/track_lin_vel_xy_miki,1.4150903224945068
6700,Episode_Reward/undesired_contacts,0.0
6700,Episode_Termination/base_contact,0.0
6700,Episode_Termination/head_contact,0.00244140625
6700,Episode_Termination/time_out,0.99755859375
6700,Loss/entropy,-7.525818824768066
6700,Loss/learning_rate,5.062499985797331e-05
6700,Loss/surrogate,-0.003762345528230071
6700,Loss/value,0.003480438841506839
6700,Metrics/base_velocity/error_vel_xy,0.10824837535619736
6700,Metrics/base_velocity/error_vel_yaw,0.11962062120437622
6700,Metrics/success_rate,1.0
6700,Perf/collection_time,1.6392977237701416
6700,Perf/learning_time,0.19016146659851074
6700,Perf/total_fps,53733.0
6700,Policy/mean_std,0.220876544713974
6700,Train/mean_episode_length,1000.0
6700,Train/mean_reward,28.909257888793945
6765,Train/mean_episode_length/time,991.489990234375
6765,Train/mean_reward/time,24.388486862182617
6767,Episode_Reward/action_rate_l2,-0.042634814977645874
6767,Episode_Reward/belly_contact_force,0.0
6767,Episode_Reward/dof_torques_l2,-0.35983985662460327
6767,Episode_Reward/lin_vel_z_l2,-0.025365006178617477
6767,Episode_Reward/track_ang_vel_z_exp,0.46071016788482666
6767,Episode_Reward/track_lin_vel_xy_miki,1.4231677055358887
6767,Episode_Reward/undesired_contacts,0.0
6767,Episode_Termination/base_contact,0.0
6767,Episode_Termination/head_contact,0.00335693359375
6767,Episode_Termination/time_out,0.99664306640625
6767,Loss/entropy,-7.88122034072876
6767,Loss/learning_rate,2.2500000341096893e-05
6767,Loss/surrogate,-0.002195844892412424
6767,Loss/value,0.003959727007895708
6767,Metrics/base_velocity/error_vel_xy,0.10440802574157715
6767,Metrics/base_velocity/error_vel_yaw,0.11804744601249695
6767,Metrics/success_rate,1.0
6767,Perf/collection_time,1.6087055206298828
6767,Perf/learning_time,0.17230439186096191
6767,Perf/total_fps,55195.0
6767,Policy/mean_std,0.21895839273929596
6767,Train/mean_episode_length,1000.0
6767,Train/mean_reward,29.083192825317383
6834,Episode_Reward/action_rate_l2,-0.04248078912496567
6834,Episode_Reward/belly_contact_force,0.0
6834,Episode_Reward/dof_torques_l2,-0.36049991846084595
6834,Episode_Reward/lin_vel_z_l2,-0.02568782866001129
6834,Episode_Reward/track_ang_vel_z_exp,0.45816802978515625
6834,Episode_Reward/track_lin_vel_xy_miki,1.4109314680099487
6834,Episode_Reward/undesired_contacts,0.0
6834,Episode_Termination/base_contact,0.0
6834,Episode_Termination/head_contact,0.003570556640625
6834,Episode_Termination/time_out,0.996429443359375
6834,Loss/entropy,-7.697144985198975
6834,Loss/learning_rate,7.593750342493877e-05
6834,Loss/surrogate,-0.0036184422206133604
6834,Loss/value,0.0037112601567059755
6834,Metrics/base_velocity/error_vel_xy,0.10735692828893661
6834,Metrics/base_velocity/error_vel_yaw,0.11688186973333359
6834,Metrics/success_rate,1.0
6834,Perf/collection_time,1.5906858444213867
6834,Perf/learning_time,0.17174363136291504
6834,Perf/total_fps,55777.0
6834,Policy/mean_std,0.22059915959835052
6834,Train/mean_episode_length,990.6599731445312
6834,Train/mean_reward,28.696008682250977
6882,Train/mean_episode_length/time,991.219970703125
6882,Train/mean_reward/time,24.608070373535156
6901,Episode_Reward/action_rate_l2,-0.04362678527832031
6901,Episode_Reward/belly_contact_force,0.0
6901,Episode_Reward/dof_torques_l2,-0.36600765585899353
6901,Episode_Reward/lin_vel_z_l2,-0.026653951033949852
6901,Episode_Reward/track_ang_vel_z_exp,0.46010369062423706
6901,Episode_Reward/track_lin_vel_xy_miki,1.42124342918396
6901,Episode_Reward/undesired_contacts,0.0
6901,Episode_Termination/base_contact,0.0
6901,Episode_Termination/head_contact,0.003173828125
6901,Episode_Termination/time_out,0.996826171875
6901,Loss/entropy,-7.80520486831665
6901,Loss/learning_rate,5.062499985797331e-05
6901,Loss/surrogate,-0.0033410394098609686
6901,Loss/value,0.00390713382512331
6901,Metrics/base_velocity/error_vel_xy,0.10552719235420227
6901,Metrics/base_velocity/error_vel_yaw,0.11896798014640808
6901,Metrics/success_rate,1.0
6901,Perf/collection_time,1.527566909790039
6901,Perf/learning_time,0.1602158546447754
6901,Perf/total_fps,58244.0
6901,Policy/mean_std,0.22008368372917175
6901,Train/mean_episode_length,1000.0
6901,Train/mean_reward,28.959718704223633
6968,Episode_Reward/action_rate_l2,-0.043072473257780075
6968,Episode_Reward/belly_contact_force,0.0
6968,Episode_Reward/dof_torques_l2,-0.35875555872917175
6968,Episode_Reward/lin_vel_z_l2,-0.024365026503801346
6968,Episode_Reward/track_ang_vel_z_exp,0.46142587065696716
6968,Episode_Reward/track_lin_vel_xy_miki,1.4228214025497437
6968,Episode_Reward/undesired_contacts,0.0
6968,Episode_Termination/base_contact,0.0
6968,Episode_Termination/head_contact,0.004892985336482525
6968,Episode_Termination/time_out,0.9951070547103882
6968,Loss/entropy,-7.625676155090332
6968,Loss/learning_rate,5.062499985797331e-05
6968,Loss/surrogate,-0.0034116001334041357
6968,Loss/value,0.003730685217306018
6968,Metrics/base_velocity/error_vel_xy,0.10376997292041779
6968,Metrics/base_velocity/error_vel_yaw,0.1168917566537857
6968,Metrics/success_rate,1.0
6968,Perf/collection_time,1.5971956253051758
6968,Perf/learning_time,0.19381117820739746
6968,Perf/total_fps,54887.0
6968,Policy/mean_std,0.22076477110385895
6968,Train/mean_episode_length,1000.0
6968,Train/mean_reward,29.057397842407227
6998,Train/mean_episode_length/time,995.4000244140625
6998,Train/mean_reward/time,24.98544692993164
7035,Episode_Reward/action_rate_l2,-0.041939735412597656
7035,Episode_Reward/belly_contact_force,0.0
7035,Episode_Reward/dof_torques_l2,-0.3531590700149536
7035,Episode_Reward/lin_vel_z_l2,-0.023924967274069786
7035,Episode_Reward/track_ang_vel_z_exp,0.45775145292282104
7035,Episode_Reward/track_lin_vel_xy_miki,1.4142941236495972
7035,Episode_Reward/undesired_contacts,0.0
7035,Episode_Termination/base_contact,0.0
7035,Episode_Termination/head_contact,0.003662109375
7035,Episode_Termination/time_out,0.996337890625
7035,Loss/entropy,-7.659959316253662
7035,Loss/learning_rate,5.062499985797331e-05
7035,Loss/surrogate,-0.00277660577557981
7035,Loss/value,0.0036144887562841177
7035,Metrics/base_velocity/error_vel_xy,0.10406436771154404
7035,Metrics/base_velocity/error_vel_yaw,0.11807924509048462
7035,Metrics/success_rate,1.0
7035,Perf/collection_time,1.5085105895996094
7035,Perf/learning_time,0.16313624382019043
7035,Perf/total_fps,58806.0
7035,Policy/mean_std,0.220701664686203
7035,Train/mean_episode_length,1000.0
7035,Train/mean_reward,29.237489700317383
7102,Episode_Reward/action_rate_l2,-0.04238676279783249
7102,Episode_Reward/belly_contact_force,0.0
7102,Episode_Reward/dof_torques_l2,-0.36061835289001465
7102,Episode_Reward/lin_vel_z_l2,-0.02454792521893978
7102,Episode_Reward/track_ang_vel_z_exp,0.4605569541454315
7102,Episode_Reward/track_lin_vel_xy_miki,1.425625205039978
7102,Episode_Reward/undesired_contacts,0.0
7102,Episode_Termination/base_contact,0.0
7102,Episode_Termination/head_contact,0.0013834636192768812
7102,Episode_Termination/time_out,0.9986165761947632
7102,Loss/entropy,-7.889993190765381
7102,Loss/learning_rate,5.062499985797331e-05
7102,Loss/surrogate,-0.0028351692017167807
7102,Loss/value,0.00283626071177423
7102,Metrics/base_velocity/error_vel_xy,0.1022091954946518
7102,Metrics/base_velocity/error_vel_yaw,0.11829303205013275
7102,Metrics/success_rate,1.0
7102,Perf/collection_time,1.5206847190856934
7102,Perf/learning_time,0.1675879955291748
7102,Perf/total_fps,58227.0
7102,Policy/mean_std,0.2187110185623169
7102,Train/mean_episode_length,1000.0
7102,Train/mean_reward,29.2991886138916
7114,Train/mean_episode_length/time,995.4000244140625
7114,Train/mean_reward/time,25.150249481201172
7169,Episode_Reward/action_rate_l2,-0.0420488640666008
7169,Episode_Reward/belly_contact_force,0.0
7169,Episode_Reward/dof_torques_l2,-0.3537149429321289
7169,Episode_Reward/lin_vel_z_l2,-0.023602193221449852
7169,Episode_Reward/track_ang_vel_z_exp,0.4613569676876068
7169,Episode_Reward/track_lin_vel_xy_miki,1.4279279708862305
7169,Episode_Reward/undesired_contacts,0.0
7169,Episode_Termination/base_contact,0.0
7169,Episode_Termination/head_contact,0.003173828125
7169,Episode_Termination/time_out,0.996826171875
7169,Loss/entropy,-7.798661231994629
7169,Loss/learning_rate,5.062499985797331e-05
7169,Loss/surrogate,-0.0034608766436576843
7169,Loss/value,0.00434720516204834
7169,Metrics/base_velocity/error_vel_xy,0.10045033693313599
7169,Metrics/base_velocity/error_vel_yaw,0.11698764562606812
7169,Metrics/success_rate,1.0
7169,Perf/collection_time,1.525402307510376
7169,Perf/learning_time,0.15868210792541504
7169,Perf/total_fps,58372.0
7169,Policy/mean_std,0.21953167021274567
7169,Train/mean_episode_length,1000.0
7169,Train/mean_reward,29.419824600219727
7231,Train/mean_episode_length/time,987.6599731445312
7231,Train/mean_reward/time,25.35984992980957
7236,Episode_Reward/action_rate_l2,-0.04249229654669762
7236,Episode_Reward/belly_contact_force,0.0
7236,Episode_Reward/dof_torques_l2,-0.3610851764678955
7236,Episode_Reward/lin_vel_z_l2,-0.024578755721449852
7236,Episode_Reward/track_ang_vel_z_exp,0.46099790930747986
7236,Episode_Reward/track_lin_vel_xy_miki,1.4222581386566162
7236,Episode_Reward/undesired_contacts,0.0
7236,Episode_Termination/base_contact,0.0
7236,Episode_Termination/head_contact,0.000732421875
7236,Episode_Termination/time_out,0.999267578125
7236,Loss/entropy,-7.696839809417725
7236,Loss/learning_rate,5.062499985797331e-05
7236,Loss/surrogate,-0.00322287087328732
7236,Loss/value,0.0033328572753816843
7236,Metrics/base_velocity/error_vel_xy,0.10526005923748016
7236,Metrics/base_velocity/error_vel_yaw,0.11760273575782776
7236,Metrics/success_rate,1.0
7236,Perf/collection_time,1.5825271606445312
7236,Perf/learning_time,0.1660308837890625
7236,Perf/total_fps,56220.0
7236,Policy/mean_std,0.22049102187156677
7236,Train/mean_episode_length,1000.0
7236,Train/mean_reward,29.119857788085938
7303,Episode_Reward/action_rate_l2,-0.04196983203291893
7303,Episode_Reward/belly_contact_force,0.0
7303,Episode_Reward/dof_torques_l2,-0.35074615478515625
7303,Episode_Reward/lin_vel_z_l2,-0.022805845364928246
7303,Episode_Reward/track_ang_vel_z_exp,0.4608723521232605
7303,Episode_Reward/track_lin_vel_xy_miki,1.4272302389144897
7303,Episode_Reward/undesired_contacts,0.0
7303,Episode_Termination/base_contact,0.0
7303,Episode_Termination/head_contact,0.001708984375
7303,Episode_Termination/time_out,0.998291015625
7303,Loss/entropy,-7.965029239654541
7303,Loss/learning_rate,5.062499985797331e-05
7303,Loss/surrogate,-0.0034006584901362658
7303,Loss/value,0.004053924698382616
7303,Metrics/base_velocity/error_vel_xy,0.09978784620761871
7303,Metrics/base_velocity/error_vel_yaw,0.11772418022155762
7303,Metrics/success_rate,1.0
7303,Perf/collection_time,1.5302486419677734
7303,Perf/learning_time,0.1681838035583496
7303,Perf/total_fps,57879.0
7303,Policy/mean_std,0.21822968125343323
7303,Train/mean_episode_length,1000.0
7303,Train/mean_reward,29.414287567138672
7347,Train/mean_episode_length/time,1000.0
7347,Train/mean_reward/time,25.74654197692871
7370,Episode_Reward/action_rate_l2,-0.04281309247016907
7370,Episode_Reward/belly_contact_force,0.0
7370,Episode_Reward/dof_torques_l2,-0.35688990354537964
7370,Episode_Reward/lin_vel_z_l2,-0.02511618286371231
7370,Episode_Reward/track_ang_vel_z_exp,0.46142804622650146
7370,Episode_Reward/track_lin_vel_xy_miki,1.4254112243652344
7370,Episode_Reward/undesired_contacts,0.0
7370,Episode_Termination/base_contact,0.0
7370,Episode_Termination/head_contact,0.002685546875
7370,Episode_Termination/time_out,0.997314453125
7370,Loss/entropy,-7.896722793579102
7370,Loss/learning_rate,3.3749998692655936e-05
7370,Loss/surrogate,-0.002850071992725134
7370,Loss/value,0.003697349224239588
7370,Metrics/base_velocity/error_vel_xy,0.1022718995809555
7370,Metrics/base_velocity/error_vel_yaw,0.11671935021877289
7370,Metrics/success_rate,1.0
7370,Perf/collection_time,1.5221359729766846
7370,Perf/learning_time,0.17787981033325195
7370,Perf/total_fps,57825.0
7370,Policy/mean_std,0.21853144466876984
7370,Train/mean_episode_length,1000.0
7370,Train/mean_reward,29.11237335205078
7437,Episode_Reward/action_rate_l2,-0.04182609170675278
7437,Episode_Reward/belly_contact_force,0.0
7437,Episode_Reward/dof_torques_l2,-0.35285282135009766
7437,Episode_Reward/lin_vel_z_l2,-0.023505397140979767
7437,Episode_Reward/track_ang_vel_z_exp,0.46146926283836365
7437,Episode_Reward/track_lin_vel_xy_miki,1.4241178035736084
7437,Episode_Reward/undesired_contacts,0.0
7437,Episode_Termination/base_contact,0.0
7437,Episode_Termination/head_contact,0.0027262370567768812
7437,Episode_Termination/time_out,0.9972738027572632
7437,Loss/entropy,-7.702272415161133
7437,Loss/learning_rate,2.2500000341096893e-05
7437,Loss/surrogate,-0.0033225880470126867
7437,Loss/value,0.0033529961947351694
7437,Metrics/base_velocity/error_vel_xy,0.10311606526374817
7437,Metrics/base_velocity/error_vel_yaw,0.11647262424230576
7437,Metrics/success_rate,1.0
7437,Perf/collection_time,1.5498435497283936
7437,Perf/learning_time,0.16427326202392578
7437,Perf/total_fps,57349.0
7437,Policy/mean_std,0.21949328482151031
7437,Train/mean_episode_length,1000.0
7437,Train/mean_reward,29.335201263427734
7464,Train/mean_episode_length/time,995.5499877929688
7464,Train/mean_reward/time,25.223291397094727
7504,Episode_Reward/action_rate_l2,-0.04307632893323898
7504,Episode_Reward/belly_contact_force,0.0
7504,Episode_Reward/dof_torques_l2,-0.35702309012413025
7504,Episode_Reward/lin_vel_z_l2,-0.023527277633547783
7504,Episode_Reward/track_ang_vel_z_exp,0.4614546000957489
7504,Episode_Reward/track_lin_vel_xy_miki,1.4268043041229248
7504,Episode_Reward/undesired_contacts,0.0
7504,Episode_Termination/base_contact,0.0
7504,Episode_Termination/head_contact,0.00048828125
7504,Episode_Termination/time_out,0.99951171875
7504,Loss/entropy,-7.969760417938232
7504,Loss/learning_rate,3.3749998692655936e-05
7504,Loss/surrogate,-0.0028625165577977896
7504,Loss/value,0.003209309186786413
7504,Metrics/base_velocity/error_vel_xy,0.10045190900564194
7504,Metrics/base_velocity/error_vel_yaw,0.11672040820121765
7504,Metrics/success_rate,1.0
7504,Perf/collection_time,1.522796392440796
7504,Perf/learning_time,0.16764426231384277
7504,Perf/total_fps,58152.0
7504,Policy/mean_std,0.2179189920425415
7504,Train/mean_episode_length,1000.0
7504,Train/mean_reward,29.388484954833984
7571,Episode_Reward/action_rate_l2,-0.04291039705276489
7571,Episode_Reward/belly_contact_force,0.0
7571,Episode_Reward/dof_torques_l2,-0.3618454933166504
7571,Episode_Reward/lin_vel_z_l2,-0.024505626410245895
7571,Episode_Reward/track_ang_vel_z_exp,0.4603581130504608
7571,Episode_Reward/track_lin_vel_xy_miki,1.4218424558639526
7571,Episode_Reward/undesired_contacts,0.0
7571,Episode_Termination/base_contact,0.0
7571,Episode_Termination/head_contact,0.002685546875
7571,Episode_Termination/time_out,0.997314453125
7571,Loss/entropy,-7.8520965576171875
7571,Loss/learning_rate,1.4999999621068127e-05
7571,Loss/surrogate,-0.0020159606356173754
7571,Loss/value,0.0033255142625421286
7571,Metrics/base_velocity/error_vel_xy,0.10629003494977951
7571,Metrics/base_velocity/error_vel_yaw,0.11851739883422852
7571,Metrics/success_rate,1.0
7571,Perf/collection_time,1.5306801795959473
7571,Perf/learning_time,0.19223999977111816
7571,Perf/total_fps,57056.0
7571,Policy/mean_std,0.2185436636209488
7571,Train/mean_episode_length,1000.0
7571,Train/mean_reward,29.060304641723633
7579,Train/mean_episode_length/time,995.4500122070312
7579,Train/mean_reward/time,26.043498992919922
7638,Episode_Reward/action_rate_l2,-0.04249952360987663
7638,Episode_Reward/belly_contact_force,0.0
7638,Episode_Reward/dof_torques_l2,-0.358428418636322
7638,Episode_Reward/lin_vel_z_l2,-0.023378849029541016
7638,Episode_Reward/track_ang_vel_z_exp,0.45854851603507996
7638,Episode_Reward/track_lin_vel_xy_miki,1.414380431175232
7638,Episode_Reward/undesired_contacts,0.0
7638,Episode_Termination/base_contact,0.0
7638,Episode_Termination/head_contact,0.0027974448166787624
7638,Episode_Termination/time_out,0.9972025752067566
7638,Loss/entropy,-7.994451522827148
7638,Loss/learning_rate,7.593750342493877e-05
7638,Loss/surrogate,-0.002942820778116584
7638,Loss/value,0.003454131307080388
7638,Metrics/base_velocity/error_vel_xy,0.10416694730520248
7638,Metrics/base_velocity/error_vel_yaw,0.11665573716163635
7638,Metrics/success_rate,1.0
7638,Perf/collection_time,1.587625503540039
7638,Perf/learning_time,0.1598358154296875
7638,Perf/total_fps,56255.0
7638,Policy/mean_std,0.21785178780555725
7638,Train/mean_episode_length,990.8599853515625
7638,Train/mean_reward,28.878742218017578
7694,Train/mean_episode_length/time,987.1500244140625
7694,Train/mean_reward/time,25.932313919067383
7705,Episode_Reward/action_rate_l2,-0.04222690686583519
7705,Episode_Reward/belly_contact_force,0.0
7705,Episode_Reward/dof_torques_l2,-0.3578120470046997
7705,Episode_Reward/lin_vel_z_l2,-0.025297001004219055
7705,Episode_Reward/track_ang_vel_z_exp,0.4607858657836914
7705,Episode_Reward/track_lin_vel_xy_miki,1.4199097156524658
7705,Episode_Reward/undesired_contacts,0.0
7705,Episode_Termination/base_contact,0.0
7705,Episode_Termination/head_contact,0.001220703125
7705,Episode_Termination/time_out,0.998779296875
7705,Loss/entropy,-7.958155155181885
7705,Loss/learning_rate,5.062499985797331e-05
7705,Loss/surrogate,-0.0026292193215340376
7705,Loss/value,0.002704048063606024
7705,Metrics/base_velocity/error_vel_xy,0.107380710542202
7705,Metrics/base_velocity/error_vel_yaw,0.11778554320335388
7705,Metrics/success_rate,1.0
7705,Perf/collection_time,1.5201764106750488
7705,Perf/learning_time,0.1651604175567627
7705,Perf/total_fps,58328.0
7705,Policy/mean_std,0.2178996205329895
7705,Train/mean_episode_length,1000.0
7705,Train/mean_reward,29.157337188720703
7772,Episode_Reward/action_rate_l2,-0.04121372103691101
7772,Episode_Reward/belly_contact_force,0.0
7772,Episode_Reward/dof_torques_l2,-0.3470313251018524
7772,Episode_Reward/lin_vel_z_l2,-0.02349785529077053
7772,Episode_Reward/track_ang_vel_z_exp,0.4606780409812927
7772,Episode_Reward/track_lin_vel_xy_miki,1.425381064414978
7772,Episode_Reward/undesired_contacts,0.0
7772,Episode_Termination/base_contact,0.0
7772,Episode_Termination/head_contact,0.001220703125
7772,Episode_Termination/time_out,0.998779296875
7772,Loss/entropy,-7.9507856369018555
7772,Loss/learning_rate,5.062499985797331e-05
7772,Loss/surrogate,-0.0035874326713383198
7772,Loss/value,0.0032500009983778
7772,Metrics/base_velocity/error_vel_xy,0.10246007144451141
7772,Metrics/base_velocity/error_vel_yaw,0.11800047010183334
7772,Metrics/success_rate,1.0
7772,Perf/collection_time,1.518599271774292
7772,Perf/learning_time,0.16350722312927246
7772,Perf/total_fps,58441.0
7772,Policy/mean_std,0.21772634983062744
7772,Train/mean_episode_length,1000.0
7772,Train/mean_reward,29.28260040283203
7811,Train/mean_episode_length/time,995.5
7811,Train/mean_reward/time,26.20819854736328
7839,Episode_Reward/action_rate_l2,-0.04151942580938339
7839,Episode_Reward/belly_contact_force,0.0
7839,Episode_Reward/dof_torques_l2,-0.344743013381958
7839,Episode_Reward/lin_vel_z_l2,-0.02242431603372097
7839,Episode_Reward/track_ang_vel_z_exp,0.461296021938324
7839,Episode_Reward/track_lin_vel_xy_miki,1.4304451942443848
7839,Episode_Reward/undesired_contacts,0.0
7839,Episode_Termination/base_contact,0.0
7839,Episode_Termination/head_contact,0.001220703125
7839,Episode_Termination/time_out,0.998779296875
7839,Loss/entropy,-8.011063575744629
7839,Loss/learning_rate,7.593750342493877e-05
7839,Loss/surrogate,-0.003494414035230875
7839,Loss/value,0.0038871755823493004
7839,Metrics/base_velocity/error_vel_xy,0.09745976328849792
7839,Metrics/base_velocity/error_vel_yaw,0.11711487174034119
7839,Metrics/success_rate,1.0
7839,Perf/collection_time,1.5452070236206055
7839,Perf/learning_time,0.1586589813232422
7839,Perf/total_fps,57694.0
7839,Policy/mean_std,0.21764950454235077
7839,Train/mean_episode_length,1000.0
7839,Train/mean_reward,29.473806381225586
7906,Episode_Reward/action_rate_l2,-0.04212374612689018
7906,Episode_Reward/belly_contact_force,0.0
7906,Episode_Reward/dof_torques_l2,-0.3495292067527771
7906,Episode_Reward/lin_vel_z_l2,-0.024515999481081963
7906,Episode_Reward/track_ang_vel_z_exp,0.46085304021835327
7906,Episode_Reward/track_lin_vel_xy_miki,1.425777792930603
7906,Episode_Reward/undesired_contacts,0.0
7906,Episode_Termination/base_contact,0.0
7906,Episode_Termination/head_contact,0.00146484375
7906,Episode_Termination/time_out,0.99853515625
7906,Loss/entropy,-8.019415855407715
7906,Loss/learning_rate,5.062499985797331e-05
7906,Loss/surrogate,-0.0028862839099019766
7906,Loss/value,0.0032782612834125757
7906,Metrics/base_velocity/error_vel_xy,0.10239426791667938
7906,Metrics/base_velocity/error_vel_yaw,0.11783897876739502
7906,Metrics/success_rate,1.0
7906,Perf/collection_time,1.557471513748169
7906,Perf/learning_time,0.16517305374145508
7906,Perf/total_fps,57065.0
7906,Policy/mean_std,0.21723145246505737
7906,Train/mean_episode_length,1000.0
7906,Train/mean_reward,29.263744354248047
7927,Train/mean_episode_length/time,1000.0
7927,Train/mean_reward/time,26.003087997436523
7973,Episode_Reward/action_rate_l2,-0.041863810271024704
7973,Episode_Reward/belly_contact_force,0.0
7973,Episode_Reward/dof_torques_l2,-0.35044074058532715
7973,Episode_Reward/lin_vel_z_l2,-0.02387310564517975
7973,Episode_Reward/track_ang_vel_z_exp,0.46051567792892456
7973,Episode_Reward/track_lin_vel_xy_miki,1.4246039390563965
7973,Episode_Reward/undesired_contacts,0.0
7973,Episode_Termination/base_contact,0.0
7973,Episode_Termination/head_contact,0.0022379558067768812
7973,Episode_Termination/time_out,0.9977620840072632
7973,Loss/entropy,-7.973097324371338
7973,Loss/learning_rate,5.062499985797331e-05
7973,Loss/surrogate,-0.004150955472141504
7973,Loss/value,0.0034600640647113323
7973,Metrics/base_velocity/error_vel_xy,0.10251267999410629
7973,Metrics/base_velocity/error_vel_yaw,0.11850593984127045
7973,Metrics/success_rate,1.0
7973,Perf/collection_time,1.540093183517456
7973,Perf/learning_time,0.165848970413208
7973,Perf/total_fps,57624.0
7973,Policy/mean_std,0.2172311395406723
7973,Train/mean_episode_length,1000.0
7973,Train/mean_reward,29.47530174255371
8040,Episode_Reward/action_rate_l2,-0.04281441494822502
8040,Episode_Reward/belly_contact_force,0.0
8040,Episode_Reward/dof_torques_l2,-0.3574279248714447
8040,Episode_Reward/lin_vel_z_l2,-0.024363165721297264
8040,Episode_Reward/track_ang_vel_z_exp,0.46090933680534363
8040,Episode_Reward/track_lin_vel_xy_miki,1.423916220664978
8040,Episode_Reward/undesired_contacts,0.0
8040,Episode_Termination/base_contact,0.0
8040,Episode_Termination/head_contact,0.0009765625
8040,Episode_Termination/time_out,0.9990234375
8040,Loss/entropy,-8.107428550720215
8040,Loss/learning_rate,5.062499985797331e-05
8040,Loss/surrogate,-0.0038186393212527037
8040,Loss/value,0.003263132181018591
8040,Metrics/base_velocity/error_vel_xy,0.10355216264724731
8040,Metrics/base_velocity/error_vel_yaw,0.11772897839546204
8040,Metrics/success_rate,1.0
8040,Perf/collection_time,1.535789966583252
8040,Perf/learning_time,0.18200039863586426
8040,Perf/total_fps,57227.0
8040,Policy/mean_std,0.21638266742229462
8040,Train/mean_episode_length,1000.0
8040,Train/mean_reward,29.275819778442383
8044,Train/mean_episode_length/time,1000.0
8044,Train/mean_reward/time,26.84967041015625
8107,Episode_Reward/action_rate_l2,-0.041321635246276855
8107,Episode_Reward/belly_contact_force,0.0
8107,Episode_Reward/dof_torques_l2,-0.35289210081100464
8107,Episode_Reward/lin_vel_z_l2,-0.02394147217273712
8107,Episode_Reward/track_ang_vel_z_exp,0.4621095061302185
8107,Episode_Reward/track_lin_vel_xy_miki,1.4237825870513916
8107,Episode_Reward/undesired_contacts,0.0
8107,Episode_Termination/base_contact,0.0
8107,Episode_Termination/head_contact,0.00146484375
8107,Episode_Termination/time_out,0.99853515625
8107,Loss/entropy,-8.218964576721191
8107,Loss/learning_rate,5.062499985797331e-05
8107,Loss/surrogate,-0.0034439845476299524
8107,Loss/value,0.0031265506986528635
8107,Metrics/base_velocity/error_vel_xy,0.10457494109869003
8107,Metrics/base_velocity/error_vel_yaw,0.11548297107219696
8107,Metrics/success_rate,1.0
8107,Perf/collection_time,1.5471339225769043
8107,Perf/learning_time,0.1663038730621338
8107,Perf/total_fps,57372.0
8107,Policy/mean_std,0.2154805064201355
8107,Train/mean_episode_length,1000.0
8107,Train/mean_reward,29.47966194152832
8161,Train/mean_episode_length/time,991.530029296875
8161,Train/mean_reward/time,26.61231803894043
8174,Episode_Reward/action_rate_l2,-0.041954975575208664
8174,Episode_Reward/belly_contact_force,0.0
8174,Episode_Reward/dof_torques_l2,-0.35021695494651794
8174,Episode_Reward/lin_vel_z_l2,-0.023932909592986107
8174,Episode_Reward/track_ang_vel_z_exp,0.46000227332115173
8174,Episode_Reward/track_lin_vel_xy_miki,1.415960669517517
8174,Episode_Reward/undesired_contacts,0.0
8174,Episode_Termination/base_contact,0.0
8174,Episode_Termination/head_contact,0.0013834636192768812
8174,Episode_Termination/time_out,0.9986165761947632
8174,Loss/entropy,-8.228339195251465
8174,Loss/learning_rate,5.062499985797331e-05
8174,Loss/surrogate,-0.0034077714662998915
8174,Loss/value,0.003565017832443118
8174,Metrics/base_velocity/error_vel_xy,0.10648423433303833
8174,Metrics/base_velocity/error_vel_yaw,0.11579429358243942
8174,Metrics/success_rate,1.0
8174,Perf/collection_time,1.5676968097686768
8174,Perf/learning_time,0.18847393989562988
8174,Perf/total_fps,55976.0
8174,Policy/mean_std,0.21536299586296082
8174,Train/mean_episode_length,995.6099853515625
8174,Train/mean_reward,29.28272819519043
8241,Episode_Reward/action_rate_l2,-0.04192641004920006
8241,Episode_Reward/belly_contact_force,0.0
8241,Episode_Reward/dof_torques_l2,-0.3459951877593994
8241,Episode_Reward/lin_vel_z_l2,-0.0235670804977417
8241,Episode_Reward/track_ang_vel_z_exp,0.4629736840724945
8241,Episode_Reward/track_lin_vel_xy_miki,1.4254720211029053
8241,Episode_Reward/undesired_contacts,0.0
8241,Episode_Termination/base_contact,0.0
8241,Episode_Termination/head_contact,0.000732421875
8241,Episode_Termination/time_out,0.999267578125
8241,Loss/entropy,-8.542617797851562
8241,Loss/learning_rate,3.3749998692655936e-05
8241,Loss/surrogate,-0.0032102663535624743
8241,Loss/value,0.0026326014194637537
8241,Metrics/base_velocity/error_vel_xy,0.10214509069919586
8241,Metrics/base_velocity/error_vel_yaw,0.11406370997428894
8241,Metrics/success_rate,1.0
8241,Perf/collection_time,1.5338120460510254
8241,Perf/learning_time,0.16233181953430176
8241,Perf/total_fps,57957.0
8241,Policy/mean_std,0.21368515491485596
8241,Train/mean_episode_length,1000.0
8241,Train/mean_reward,29.45250129699707
8277,Train/mean_episode_length/time,1000.0
8277,Train/mean_reward/time,26.536785125732422
8308,Episode_Reward/action_rate_l2,-0.040606748312711716
8308,Episode_Reward/belly_contact_force,0.0
8308,Episode_Reward/dof_torques_l2,-0.3320310711860657
8308,Episode_Reward/lin_vel_z_l2,-0.022037100046873093
8308,Episode_Reward/track_ang_vel_z_exp,0.463759183883667
8308,Episode_Reward/track_lin_vel_xy_miki,1.4296784400939941
8308,Episode_Reward/undesired_contacts,0.0
8308,Episode_Termination/base_contact,0.0
8308,Episode_Termination/head_contact,0.0009765625
8308,Episode_Termination/time_out,0.9990234375
8308,Loss/entropy,-8.769922256469727
8308,Loss/learning_rate,3.3749998692655936e-05
8308,Loss/surrogate,-0.002869898220524192
8308,Loss/value,0.0027997922152280807
8308,Metrics/base_velocity/error_vel_xy,0.09818779677152634
8308,Metrics/base_velocity/error_vel_yaw,0.11273648589849472
8308,Metrics/success_rate,1.0
8308,Perf/collection_time,1.6150667667388916
8308,Perf/learning_time,0.18192505836486816
8308,Perf/total_fps,54704.0
8308,Policy/mean_std,0.21211296319961548
8308,Train/mean_episode_length,1000.0
8308,Train/mean_reward,29.78668975830078
8375,Episode_Reward/action_rate_l2,-0.040069371461868286
8375,Episode_Reward/belly_contact_force,0.0
8375,Episode_Reward/dof_torques_l2,-0.3284931182861328
8375,Episode_Reward/lin_vel_z_l2,-0.0207919143140316
8375,Episode_Reward/track_ang_vel_z_exp,0.4637502133846283
8375,Episode_Reward/track_lin_vel_xy_miki,1.4330581426620483
8375,Episode_Reward/undesired_contacts,0.0
8375,Episode_Termination/base_contact,0.0
8375,Episode_Termination/head_contact,0.00048828125
8375,Episode_Termination/time_out,0.99951171875
8375,Loss/entropy,-8.773674964904785
8375,Loss/learning_rate,7.593750342493877e-05
8375,Loss/surrogate,-0.003923984710127115
8375,Loss/value,0.002485097385942936
8375,Metrics/base_velocity/error_vel_xy,0.09566949307918549
8375,Metrics/base_velocity/error_vel_yaw,0.11280020326375961
8375,Metrics/success_rate,1.0
8375,Perf/collection_time,1.6395728588104248
8375,Perf/learning_time,0.17960023880004883
8375,Perf/total_fps,54037.0
8375,Policy/mean_std,0.21220393478870392
8375,Train/mean_episode_length,1000.0
8375,Train/mean_reward,29.98735237121582
8395,Train/mean_episode_length/time,995.6799926757812
8395,Train/mean_reward/time,26.360904693603516
8442,Episode_Reward/action_rate_l2,-0.04175899550318718
8442,Episode_Reward/belly_contact_force,0.0
8442,Episode_Reward/dof_torques_l2,-0.34569597244262695
8442,Episode_Reward/lin_vel_z_l2,-0.022981733083724976
8442,Episode_Reward/track_ang_vel_z_exp,0.4628375768661499
8442,Episode_Reward/track_lin_vel_xy_miki,1.4264577627182007
8442,Episode_Reward/undesired_contacts,0.0
8442,Episode_Termination/base_contact,0.0
8442,Episode_Termination/head_contact,0.000732421875
8442,Episode_Termination/time_out,0.999267578125
8442,Loss/entropy,-8.708200454711914
8442,Loss/learning_rate,5.062499985797331e-05
8442,Loss/surrogate,-0.003410480683669448
8442,Loss/value,0.0033246141392737627
8442,Metrics/base_velocity/error_vel_xy,0.10252083837985992
8442,Metrics/base_velocity/error_vel_yaw,0.11410819739103317
8442,Metrics/success_rate,1.0
8442,Perf/collection_time,1.6637957096099854
8442,Perf/learning_time,0.19139838218688965
8442,Perf/total_fps,52988.0
8442,Policy/mean_std,0.21229331195354462
8442,Train/mean_episode_length,1000.0
8442,Train/mean_reward,29.718446731567383
8509,Episode_Reward/action_rate_l2,-0.040695615112781525
8509,Episode_Reward/belly_contact_force,0.0
8509,Episode_Reward/dof_torques_l2,-0.33673352003097534
8509,Episode_Reward/lin_vel_z_l2,-0.023385949432849884
8509,Episode_Reward/track_ang_vel_z_exp,0.4632432460784912
8509,Episode_Reward/track_lin_vel_xy_miki,1.4297593832015991
8509,Episode_Reward/undesired_contacts,0.0
8509,Episode_Termination/base_contact,0.0
8509,Episode_Termination/head_contact,0.0009765625
8509,Episode_Termination/time_out,0.9990234375
8509,Loss/entropy,-8.742034912109375
8509,Loss/learning_rate,3.3749998692655936e-05
8509,Loss/surrogate,-0.003228269051760435
8509,Loss/value,0.004142064601182938
8509,Metrics/base_velocity/error_vel_xy,0.09853452444076538
8509,Metrics/base_velocity/error_vel_yaw,0.11357767879962921
8509,Metrics/success_rate,1.0
8509,Perf/collection_time,1.8225822448730469
8509,Perf/learning_time,0.1948554515838623
8509,Perf/total_fps,48727.0
8509,Policy/mean_std,0.21155239641666412
8509,Train/mean_episode_length,1000.0
8509,Train/mean_reward,29.867313385009766
8510,Train/mean_episode_length/time,995.8800048828125
8510,Train/mean_reward/time,26.598575592041016
8576,Episode_Reward/action_rate_l2,-0.03979359567165375
8576,Episode_Reward/belly_contact_force,0.0
8576,Episode_Reward/dof_torques_l2,-0.3322838842868805
8576,Episode_Reward/lin_vel_z_l2,-0.02233761176466942
8576,Episode_Reward/track_ang_vel_z_exp,0.4640844762325287
8576,Episode_Reward/track_lin_vel_xy_miki,1.4301776885986328
8576,Episode_Reward/undesired_contacts,0.0
8576,Episode_Termination/base_contact,0.0
8576,Episode_Termination/head_contact,0.001953125
8576,Episode_Termination/time_out,0.998046875
8576,Loss/entropy,-9.021562576293945
8576,Loss/learning_rate,5.062499985797331e-05
8576,Loss/surrogate,-0.003222418250516057
8576,Loss/value,0.0034854665864259005
8576,Metrics/base_velocity/error_vel_xy,0.09849481284618378
8576,Metrics/base_velocity/error_vel_yaw,0.11216269433498383
8576,Metrics/success_rate,1.0
8576,Perf/collection_time,1.670457124710083
8576,Perf/learning_time,0.18788576126098633
8576,Perf/total_fps,52898.0
8576,Policy/mean_std,0.20994754135608673
8576,Train/mean_episode_length,1000.0
8576,Train/mean_reward,29.980321884155273
8627,Train/mean_episode_length/time,1000.0
8627,Train/mean_reward/time,27.174428939819336
8643,Episode_Reward/action_rate_l2,-0.04120904207229614
8643,Episode_Reward/belly_contact_force,0.0
8643,Episode_Reward/dof_torques_l2,-0.34257256984710693
8643,Episode_Reward/lin_vel_z_l2,-0.022702276706695557
8643,Episode_Reward/track_ang_vel_z_exp,0.4639846682548523
8643,Episode_Reward/track_lin_vel_xy_miki,1.427667498588562
8643,Episode_Reward/undesired_contacts,0.0
8643,Episode_Termination/base_contact,0.0
8643,Episode_Termination/head_contact,0.001708984375
8643,Episode_Termination/time_out,0.998291015625
8643,Loss/entropy,-8.928265571594238
8643,Loss/learning_rate,2.2500000341096893e-05
8643,Loss/surrogate,-0.0023430928122252226
8643,Loss/value,0.003556150011718273
8643,Metrics/base_velocity/error_vel_xy,0.1005987748503685
8643,Metrics/base_velocity/error_vel_yaw,0.1122046634554863
8643,Metrics/success_rate,1.0
8643,Perf/collection_time,1.6612799167633057
8643,Perf/learning_time,0.19605660438537598
8643,Perf/total_fps,52927.0
8643,Policy/mean_std,0.2101699709892273
8643,Train/mean_episode_length,1000.0
8643,Train/mean_reward,29.74418067932129
8710,Episode_Reward/action_rate_l2,-0.040572669357061386
8710,Episode_Reward/belly_contact_force,0.0
8710,Episode_Reward/dof_torques_l2,-0.33323583006858826
8710,Episode_Reward/lin_vel_z_l2,-0.022791847586631775
8710,Episode_Reward/track_ang_vel_z_exp,0.46387529373168945
8710,Episode_Reward/track_lin_vel_xy_miki,1.4278210401535034
8710,Episode_Reward/undesired_contacts,0.0
8710,Episode_Termination/base_contact,0.0
8710,Episode_Termination/head_contact,0.0009765625
8710,Episode_Termination/time_out,0.9990234375
8710,Loss/entropy,-8.817355155944824
8710,Loss/learning_rate,7.593750342493877e-05
8710,Loss/surrogate,-0.0034640042576938868
8710,Loss/value,0.0036113576497882605
8710,Metrics/base_velocity/error_vel_xy,0.10021355003118515
8710,Metrics/base_velocity/error_vel_yaw,0.1126977801322937
8710,Metrics/success_rate,1.0
8710,Perf/collection_time,1.6621482372283936
8710,Perf/learning_time,0.1722240447998047
8710,Perf/total_fps,53589.0
8710,Policy/mean_std,0.21097034215927124
8710,Train/mean_episode_length,1000.0
8710,Train/mean_reward,29.819185256958008
8743,Train/mean_episode_length/time,1000.0
8743,Train/mean_reward/time,27.066415786743164
8777,Episode_Reward/action_rate_l2,-0.041118696331977844
8777,Episode_Reward/belly_contact_force,0.0
8777,Episode_Reward/dof_torques_l2,-0.3375028967857361
8777,Episode_Reward/lin_vel_z_l2,-0.02446494624018669
8777,Episode_Reward/track_ang_vel_z_exp,0.4593068063259125
8777,Episode_Reward/track_lin_vel_xy_miki,1.4158315658569336
8777,Episode_Reward/undesired_contacts,0.0
8777,Episode_Termination/base_contact,0.0
8777,Episode_Termination/head_contact,0.0009053548565134406
8777,Episode_Termination/time_out,0.9990946650505066
8777,Loss/entropy,-8.750675201416016
8777,Loss/learning_rate,3.3749998692655936e-05
8777,Loss/surrogate,-0.002899231156334281
8777,Loss/value,0.003554754890501499
8777,Metrics/base_velocity/error_vel_xy,0.10254834592342377
8777,Metrics/base_velocity/error_vel_yaw,0.11535723507404327
8777,Metrics/success_rate,1.0
8777,Perf/collection_time,1.5386707782745361
8777,Perf/learning_time,0.16706252098083496
8777,Perf/total_fps,57631.0
8777,Policy/mean_std,0.2116381824016571
8777,Train/mean_episode_length,991.6400146484375
8777,Train/mean_reward,29.418663024902344
8844,Episode_Reward/action_rate_l2,-0.04171362519264221
8844,Episode_Reward/belly_contact_force,0.0
8844,Episode_Reward/dof_torques_l2,-0.34046754240989685
8844,Episode_Reward/lin_vel_z_l2,-0.024668686091899872
8844,Episode_Reward/track_ang_vel_z_exp,0.4627612829208374
8844,Episode_Reward/track_lin_vel_xy_miki,1.4268230199813843
8844,Episode_Reward/undesired_contacts,0.0
8844,Episode_Termination/base_contact,0.0
8844,Episode_Termination/head_contact,0.000244140625
8844,Episode_Termination/time_out,0.999755859375
8844,Loss/entropy,-8.775714874267578
8844,Loss/learning_rate,3.3749998692655936e-05
8844,Loss/surrogate,-0.002993418835103512
8844,Loss/value,0.0037782490253448486
8844,Metrics/base_velocity/error_vel_xy,0.10141754150390625
8844,Metrics/base_velocity/error_vel_yaw,0.1143452525138855
8844,Metrics/success_rate,1.0
8844,Perf/collection_time,1.5477750301361084
8844,Perf/learning_time,0.16817975044250488
8844,Perf/total_fps,57288.0
8844,Policy/mean_std,0.21186687052249908
8844,Train/mean_episode_length,1000.0
8844,Train/mean_reward,29.700878143310547
8858,Train/mean_episode_length/time,991.1199951171875
8858,Train/mean_reward/time,27.115203857421875
8911,Episode_Reward/action_rate_l2,-0.04112939536571503
8911,Episode_Reward/belly_contact_force,0.0
8911,Episode_Reward/dof_torques_l2,-0.3389771580696106
8911,Episode_Reward/lin_vel_z_l2,-0.024181580170989037
8911,Episode_Reward/track_ang_vel_z_exp,0.46301183104515076
8911,Episode_Reward/track_lin_vel_xy_miki,1.4276870489120483
8911,Episode_Reward/undesired_contacts,0.0
8911,Episode_Termination/base_contact,0.0
8911,Episode_Termination/head_contact,0.00048828125
8911,Episode_Termination/time_out,0.99951171875
8911,Loss/entropy,-8.638046264648438
8911,Loss/learning_rate,5.062499985797331e-05
8911,Loss/surrogate,-0.003335399553179741
8911,Loss/value,0.0036391541361808777
8911,Metrics/base_velocity/error_vel_xy,0.10098185390233994
8911,Metrics/base_velocity/error_vel_yaw,0.11402642726898193
8911,Metrics/success_rate,1.0
8911,Perf/collection_time,1.5260124206542969
8911,Perf/learning_time,0.1682147979736328
8911,Perf/total_fps,58022.0
8911,Policy/mean_std,0.21237024664878845
8911,Train/mean_episode_length,1000.0
8911,Train/mean_reward,29.704572677612305
8974,Train/mean_episode_length/time,1000.0
8974,Train/mean_reward/time,27.32479476928711
8978,Episode_Reward/action_rate_l2,-0.04160713031888008
8978,Episode_Reward/belly_contact_force,0.0
8978,Episode_Reward/dof_torques_l2,-0.3435598313808441
8978,Episode_Reward/lin_vel_z_l2,-0.024086397141218185
8978,Episode_Reward/track_ang_vel_z_exp,0.46292829513549805
8978,Episode_Reward/track_lin_vel_xy_miki,1.4295680522918701
8978,Episode_Reward/undesired_contacts,0.0
8978,Episode_Termination/base_contact,0.0
8978,Episode_Termination/head_contact,0.00048828125
8978,Episode_Termination/time_out,0.99951171875
8978,Loss/entropy,-8.58897876739502
8978,Loss/learning_rate,3.3749998692655936e-05
8978,Loss/surrogate,-0.0035270985681563616
8978,Loss/value,0.0027262340299785137
8978,Metrics/base_velocity/error_vel_xy,0.09882625937461853
8978,Metrics/base_velocity/error_vel_yaw,0.11427029967308044
8978,Metrics/success_rate,1.0
8978,Perf/collection_time,1.520270586013794
8978,Perf/learning_time,0.17768263816833496
8978,Perf/total_fps,57895.0
8978,Policy/mean_std,0.2126551866531372
8978,Train/mean_episode_length,1000.0
8978,Train/mean_reward,29.664974212646484
9045,Episode_Reward/action_rate_l2,-0.041112810373306274
9045,Episode_Reward/belly_contact_force,0.0
9045,Episode_Reward/dof_torques_l2,-0.3368252217769623
9045,Episode_Reward/lin_vel_z_l2,-0.023070484399795532
9045,Episode_Reward/track_ang_vel_z_exp,0.4616903066635132
9045,Episode_Reward/track_lin_vel_xy_miki,1.427441954612732
9045,Episode_Reward/undesired_contacts,0.0
9045,Episode_Termination/base_contact,0.0
9045,Episode_Termination/head_contact,0.001220703125
9045,Episode_Termination/time_out,0.998779296875
9045,Loss/entropy,-8.740472793579102
9045,Loss/learning_rate,7.593750342493877e-05
9045,Loss/surrogate,-0.0032049273140728474
9045,Loss/value,0.003342095296829939
9045,Metrics/base_velocity/error_vel_xy,0.10096054524183273
9045,Metrics/base_velocity/error_vel_yaw,0.11630912870168686
9045,Metrics/success_rate,1.0
9045,Perf/collection_time,1.5225374698638916
9045,Perf/learning_time,0.1632370948791504
9045,Perf/total_fps,58313.0
9045,Policy/mean_std,0.21140915155410767
9045,Train/mean_episode_length,1000.0
9045,Train/mean_reward,29.827985763549805
9089,Train/mean_episode_length/time,1000.0
9089,Train/mean_reward/time,27.21273422241211
9112,Episode_Reward/action_rate_l2,-0.04043077677488327
9112,Episode_Reward/belly_contact_force,0.0
9112,Episode_Reward/dof_torques_l2,-0.32786279916763306
9112,Episode_Reward/lin_vel_z_l2,-0.02155665121972561
9112,Episode_Reward/track_ang_vel_z_exp,0.4625716209411621
9112,Episode_Reward/track_lin_vel_xy_miki,1.4324735403060913
9112,Episode_Reward/undesired_contacts,0.0
9112,Episode_Termination/base_contact,0.0
9112,Episode_Termination/head_contact,0.00244140625
9112,Episode_Termination/time_out,0.99755859375
9112,Loss/entropy,-8.874975204467773
9112,Loss/learning_rate,5.062499985797331e-05
9112,Loss/surrogate,-0.003608433762565255
9112,Loss/value,0.004222495015710592
9112,Metrics/base_velocity/error_vel_xy,0.09612073749303818
9112,Metrics/base_velocity/error_vel_yaw,0.11483131349086761
9112,Metrics/success_rate,1.0
9112,Perf/collection_time,1.5144085884094238
9112,Perf/learning_time,0.20080137252807617
9112,Perf/total_fps,57313.0
9112,Policy/mean_std,0.2106138914823532
9112,Train/mean_episode_length,1000.0
9112,Train/mean_reward,30.045696258544922
9179,Episode_Reward/action_rate_l2,-0.041276201605796814
9179,Episode_Reward/belly_contact_force,0.0
9179,Episode_Reward/dof_torques_l2,-0.33931249380111694
9179,Episode_Reward/lin_vel_z_l2,-0.024724742397665977
9179,Episode_Reward/track_ang_vel_z_exp,0.4627619683742523
9179,Episode_Reward/track_lin_vel_xy_miki,1.4275636672973633
9179,Episode_Reward/undesired_contacts,0.0
9179,Episode_Termination/base_contact,0.0
9179,Episode_Termination/head_contact,0.00048828125
9179,Episode_Termination/time_out,0.99951171875
9179,Loss/entropy,-8.867073059082031
9179,Loss/learning_rate,3.3749998692655936e-05
9179,Loss/surrogate,-0.0036697620525956154
9179,Loss/value,0.0034825096372514963
9179,Metrics/base_velocity/error_vel_xy,0.10137468576431274
9179,Metrics/base_velocity/error_vel_yaw,0.11445882171392441
9179,Metrics/success_rate,1.0
9179,Perf/collection_time,1.53279709815979
9179,Perf/learning_time,0.16429805755615234
9179,Perf/total_fps,57924.0
9179,Policy/mean_std,0.21042849123477936
9179,Train/mean_episode_length,1000.0
9179,Train/mean_reward,29.709341049194336
9203,Train/mean_episode_length/time,990.6500244140625
9203,Train/mean_reward/time,27.207136154174805
9246,Episode_Reward/action_rate_l2,-0.04144814983010292
9246,Episode_Reward/belly_contact_force,0.0
9246,Episode_Reward/dof_torques_l2,-0.33476948738098145
9246,Episode_Reward/lin_vel_z_l2,-0.023426545783877373
9246,Episode_Reward/track_ang_vel_z_exp,0.4628269076347351
9246,Episode_Reward/track_lin_vel_xy_miki,1.428339958190918
9246,Episode_Reward/undesired_contacts,0.0
9246,Episode_Termination/base_contact,0.0
9246,Episode_Termination/head_contact,0.0009765625
9246,Episode_Termination/time_out,0.9990234375
9246,Loss/entropy,-9.200651168823242
9246,Loss/learning_rate,5.062499985797331e-05
9246,Loss/surrogate,-0.0032820836640894413
9246,Loss/value,0.0033579361625015736
9246,Metrics/base_velocity/error_vel_xy,0.10048675537109375
9246,Metrics/base_velocity/error_vel_yaw,0.11426868289709091
9246,Metrics/success_rate,1.0
9246,Perf/collection_time,1.5193700790405273
9246,Perf/learning_time,0.16119837760925293
9246,Perf/total_fps,58494.0
9246,Policy/mean_std,0.20863528549671173
9246,Train/mean_episode_length,1000.0
9246,Train/mean_reward,29.970935821533203
9313,Episode_Reward/action_rate_l2,-0.04028506577014923
9313,Episode_Reward/belly_contact_force,0.0
9313,Episode_Reward/dof_torques_l2,-0.33323025703430176
9313,Episode_Reward/lin_vel_z_l2,-0.022895127534866333
9313,Episode_Reward/track_ang_vel_z_exp,0.46315503120422363
9313,Episode_Reward/track_lin_vel_xy_miki,1.4307878017425537
9313,Episode_Reward/undesired_contacts,0.0
9313,Episode_Termination/base_contact,0.0
9313,Episode_Termination/head_contact,0.00054931640625
9313,Episode_Termination/time_out,0.99945068359375
9313,Loss/entropy,-9.293046951293945
9313,Loss/learning_rate,5.062499985797331e-05
9313,Loss/surrogate,-0.00330782076343894
9313,Loss/value,0.0026310025714337826
9313,Metrics/base_velocity/error_vel_xy,0.09735115617513657
9313,Metrics/base_velocity/error_vel_yaw,0.11371296644210815
9313,Metrics/success_rate,1.0
9313,Perf/collection_time,1.527623176574707
9313,Perf/learning_time,0.16145992279052734
9313,Perf/total_fps,58199.0
9313,Policy/mean_std,0.20810745656490326
9313,Train/mean_episode_length,1000.0
9313,Train/mean_reward,29.93280029296875
9319,Train/mean_episode_length/time,995.8200073242188
9319,Train/mean_reward/time,26.805912017822266
9380,Episode_Reward/action_rate_l2,-0.03980797901749611
9380,Episode_Reward/belly_contact_force,0.0
9380,Episode_Reward/dof_torques_l2,-0.3311142921447754
9380,Episode_Reward/lin_vel_z_l2,-0.022229935973882675
9380,Episode_Reward/track_ang_vel_z_exp,0.46371936798095703
9380,Episode_Reward/track_lin_vel_xy_miki,1.4291176795959473
9380,Episode_Reward/undesired_contacts,0.0
9380,Episode_Termination/base_contact,0.0
9380,Episode_Termination/head_contact,0.000244140625
9380,Episode_Termination/time_out,0.999755859375
9380,Loss/entropy,-9.175211906433105
9380,Loss/learning_rate,7.593750342493877e-05
9380,Loss/surrogate,-0.003647501114755869
9380,Loss/value,0.00338980951346457
9380,Metrics/base_velocity/error_vel_xy,0.09822650253772736
9380,Metrics/base_velocity/error_vel_yaw,0.1127009242773056
9380,Metrics/success_rate,1.0
9380,Perf/collection_time,1.535186767578125
9380,Perf/learning_time,0.16268467903137207
9380,Perf/total_fps,57898.0
9380,Policy/mean_std,0.20849022269248962
9380,Train/mean_episode_length,1000.0
9380,Train/mean_reward,30.071352005004883
9435,Train/mean_episode_length/time,1000.0
9435,Train/mean_reward/time,27.33917808532715
9447,Episode_Reward/action_rate_l2,-0.03843504190444946
9447,Episode_Reward/belly_contact_force,0.0
9447,Episode_Reward/dof_torques_l2,-0.31999868154525757
9447,Episode_Reward/lin_vel_z_l2,-0.021287187933921814
9447,Episode_Reward/track_ang_vel_z_exp,0.4616795480251312
9447,Episode_Reward/track_lin_vel_xy_miki,1.4267475605010986
9447,Episode_Reward/undesired_contacts,0.0
9447,Episode_Termination/base_contact,0.0
9447,Episode_Termination/head_contact,0.0021158854942768812
9447,Episode_Termination/time_out,0.9978841543197632
9447,Loss/entropy,-9.122390747070312
9447,Loss/learning_rate,5.062499985797331e-05
9447,Loss/surrogate,-0.003858090378344059
9447,Loss/value,0.0033502946607768536
9447,Metrics/base_velocity/error_vel_xy,0.09635572135448456
9447,Metrics/base_velocity/error_vel_yaw,0.11243452876806259
9447,Metrics/success_rate,1.0
9447,Perf/collection_time,1.5304763317108154
9447,Perf/learning_time,0.17018485069274902
9447,Perf/total_fps,57803.0
9447,Policy/mean_std,0.20882953703403473
9447,Train/mean_episode_length,995.4299926757812
9447,Train/mean_reward,30.19693374633789
9514,Episode_Reward/action_rate_l2,-0.03976286202669144
9514,Episode_Reward/belly_contact_force,0.0
9514,Episode_Reward/dof_torques_l2,-0.3286246061325073
9514,Episode_Reward/lin_vel_z_l2,-0.021725933998823166
9514,Episode_Reward/track_ang_vel_z_exp,0.46387654542922974
9514,Episode_Reward/track_lin_vel_xy_miki,1.432234525680542
9514,Episode_Reward/undesired_contacts,0.0
9514,Episode_Termination/base_contact,0.0
9514,Episode_Termination/head_contact,0.000732421875
9514,Episode_Termination/time_out,0.999267578125
9514,Loss/entropy,-9.129106521606445
9514,Loss/learning_rate,5.062499985797331e-05
9514,Loss/surrogate,-0.0037760825362056494
9514,Loss/value,0.0024942306336015463
9514,Metrics/base_velocity/error_vel_xy,0.09781990945339203
9514,Metrics/base_velocity/error_vel_yaw,0.11242546141147614
9514,Metrics/success_rate,1.0
9514,Perf/collection_time,1.5279219150543213
9514,Perf/learning_time,0.15869617462158203
9514,Perf/total_fps,58284.0
9514,Policy/mean_std,0.20859400928020477
9514,Train/mean_episode_length,1000.0
9514,Train/mean_reward,30.092992782592773
9553,Train/mean_episode_length/time,1000.0
9553,Train/mean_reward/time,27.714216232299805
9581,Episode_Reward/action_rate_l2,-0.04084775596857071
9581,Episode_Reward/belly_contact_force,0.0
9581,Episode_Reward/dof_torques_l2,-0.33513200283050537
9581,Episode_Reward/lin_vel_z_l2,-0.02209073305130005
9581,Episode_Reward/track_ang_vel_z_exp,0.46350133419036865
9581,Episode_Reward/track_lin_vel_xy_miki,1.4287055730819702
9581,Episode_Reward/undesired_contacts,0.0
9581,Episode_Termination/base_contact,0.0
9581,Episode_Termination/head_contact,0.000732421875
9581,Episode_Termination/time_out,0.999267578125
9581,Loss/entropy,-9.070422172546387
9581,Loss/learning_rate,3.3749998692655936e-05
9581,Loss/surrogate,-0.0029967427253723145
9581,Loss/value,0.003963647875934839
9581,Metrics/base_velocity/error_vel_xy,0.09927761554718018
9581,Metrics/base_velocity/error_vel_yaw,0.11307575553655624
9581,Metrics/success_rate,1.0
9581,Perf/collection_time,1.5266408920288086
9581,Perf/learning_time,0.1743619441986084
9581,Perf/total_fps,57791.0
9581,Policy/mean_std,0.20875853300094604
9581,Train/mean_episode_length,1000.0
9581,Train/mean_reward,29.91407012939453
9648,Episode_Reward/action_rate_l2,-0.038647763431072235
9648,Episode_Reward/belly_contact_force,0.0
9648,Episode_Reward/dof_torques_l2,-0.32155609130859375
9648,Episode_Reward/lin_vel_z_l2,-0.02133733034133911
9648,Episode_Reward/track_ang_vel_z_exp,0.464002788066864
9648,Episode_Reward/track_lin_vel_xy_miki,1.4330967664718628
9648,Episode_Reward/undesired_contacts,0.0
9648,Episode_Termination/base_contact,0.0
9648,Episode_Termination/head_contact,0.0
9648,Episode_Termination/time_out,1.0
9648,Loss/entropy,-9.295103073120117
9648,Loss/learning_rate,5.062499985797331e-05
9648,Loss/surrogate,-0.002661649137735367
9648,Loss/value,0.003829364897683263
9648,Metrics/base_velocity/error_vel_xy,0.09562240540981293
9648,Metrics/base_velocity/error_vel_yaw,0.112091064453125
9648,Metrics/success_rate,1.0
9648,Perf/collection_time,1.546344518661499
9648,Perf/learning_time,0.15990471839904785
9648,Perf/total_fps,57614.0
9648,Policy/mean_std,0.2075716257095337
9648,Train/mean_episode_length,1000.0
9648,Train/mean_reward,30.33815574645996
9668,Train/mean_episode_length/time,1000.0
9668,Train/mean_reward/time,27.64777946472168
9715,Episode_Reward/action_rate_l2,-0.03875811770558357
9715,Episode_Reward/belly_contact_force,0.0
9715,Episode_Reward/dof_torques_l2,-0.32130032777786255
9715,Episode_Reward/lin_vel_z_l2,-0.020666450262069702
9715,Episode_Reward/track_ang_vel_z_exp,0.4649817943572998
9715,Episode_Reward/track_lin_vel_xy_miki,1.4331250190734863
9715,Episode_Reward/undesired_contacts,0.0
9715,Episode_Termination/base_contact,0.0
9715,Episode_Termination/head_contact,0.0
9715,Episode_Termination/time_out,1.0
9715,Loss/entropy,-9.205228805541992
9715,Loss/learning_rate,5.062499985797331e-05
9715,Loss/surrogate,-0.003228322835639119
9715,Loss/value,0.0027104236651211977
9715,Metrics/base_velocity/error_vel_xy,0.09420377016067505
9715,Metrics/base_velocity/error_vel_yaw,0.11085648834705353
9715,Metrics/success_rate,1.0
9715,Perf/collection_time,1.496957778930664
9715,Perf/learning_time,0.16022396087646484
9715,Perf/total_fps,59319.0
9715,Policy/mean_std,0.20815227925777435
9715,Train/mean_episode_length,1000.0
9715,Train/mean_reward,30.188234329223633
9782,Episode_Reward/action_rate_l2,-0.039815451949834824
9782,Episode_Reward/belly_contact_force,0.0
9782,Episode_Reward/dof_torques_l2,-0.32717809081077576
9782,Episode_Reward/lin_vel_z_l2,-0.02173878252506256
9782,Episode_Reward/track_ang_vel_z_exp,0.46365365386009216
9782,Episode_Reward/track_lin_vel_xy_miki,1.4318008422851562
9782,Episode_Reward/undesired_contacts,0.0
9782,Episode_Termination/base_contact,0.0
9782,Episode_Termination/head_contact,0.00048828125
9782,Episode_Termination/time_out,0.99951171875
9782,Loss/entropy,-9.322210311889648
9782,Loss/learning_rate,5.062499985797331e-05
9782,Loss/surrogate,-0.0031547131948173046
9782,Loss/value,0.002672602655366063
9782,Metrics/base_velocity/error_vel_xy,0.09793167561292648
9782,Metrics/base_velocity/error_vel_yaw,0.11290895193815231
9782,Metrics/success_rate,1.0
9782,Perf/collection_time,1.5423502922058105
9782,Perf/learning_time,0.15884923934936523
9782,Perf/total_fps,57785.0
9782,Policy/mean_std,0.20733603835105896
9782,Train/mean_episode_length,1000.0
9782,Train/mean_reward,30.218215942382812
9783,Train/mean_episode_length/time,995.780029296875
9783,Train/mean_reward/time,27.968585968017578
9849,Episode_Reward/action_rate_l2,-0.04018258675932884
9849,Episode_Reward/belly_contact_force,0.0
9849,Episode_Reward/dof_torques_l2,-0.3320559561252594
9849,Episode_Reward/lin_vel_z_l2,-0.0222318097949028
9849,Episode_Reward/track_ang_vel_z_exp,0.463972806930542
9849,Episode_Reward/track_lin_vel_xy_miki,1.4315065145492554
9849,Episode_Reward/undesired_contacts,0.0
9849,Episode_Termination/base_contact,0.0
9849,Episode_Termination/head_contact,0.000732421875
9849,Episode_Termination/time_out,0.999267578125
9849,Loss/entropy,-9.322932243347168
9849,Loss/learning_rate,3.3749998692655936e-05
9849,Loss/surrogate,-0.0031263483688235283
9849,Loss/value,0.004039615858346224
9849,Metrics/base_velocity/error_vel_xy,0.09697405993938446
9849,Metrics/base_velocity/error_vel_yaw,0.11232064664363861
9849,Metrics/success_rate,1.0
9849,Perf/collection_time,1.538862943649292
9849,Perf/learning_time,0.16575837135314941
9849,Perf/total_fps,57669.0
9849,Policy/mean_std,0.20715919137001038
9849,Train/mean_episode_length,1000.0
9849,Train/mean_reward,30.083059310913086
9900,Train/mean_episode_length/time,1000.0
9900,Train/mean_reward/time,27.877946853637695
9916,Episode_Reward/action_rate_l2,-0.039927493780851364
9916,Episode_Reward/belly_contact_force,0.0
9916,Episode_Reward/dof_torques_l2,-0.33034175634384155
9916,Episode_Reward/lin_vel_z_l2,-0.02160508558154106
9916,Episode_Reward/track_ang_vel_z_exp,0.46400246024131775
9916,Episode_Reward/track_lin_vel_xy_miki,1.433851957321167
9916,Episode_Reward/undesired_contacts,0.0
9916,Episode_Termination/base_contact,0.0
9916,Episode_Termination/head_contact,0.00146484375
9916,Episode_Termination/time_out,0.99853515625
9916,Loss/entropy,-9.346142768859863
9916,Loss/learning_rate,5.062499985797331e-05
9916,Loss/surrogate,-0.0034148371778428555
9916,Loss/value,0.0026418238412588835
9916,Metrics/base_velocity/error_vel_xy,0.09539680182933807
9916,Metrics/base_velocity/error_vel_yaw,0.11216865479946136
9916,Metrics/success_rate,1.0
9916,Perf/collection_time,1.5470683574676514
9916,Perf/learning_time,0.16620469093322754
9916,Perf/total_fps,57377.0
9916,Policy/mean_std,0.20718872547149658
9916,Train/mean_episode_length,1000.0
9916,Train/mean_reward,30.078136444091797
9983,Episode_Reward/action_rate_l2,-0.039376892149448395
9983,Episode_Reward/belly_contact_force,0.0
9983,Episode_Reward/dof_torques_l2,-0.3232012987136841
9983,Episode_Reward/lin_vel_z_l2,-0.023312631994485855
9983,Episode_Reward/track_ang_vel_z_exp,0.4627005457878113
9983,Episode_Reward/track_lin_vel_xy_miki,1.4288744926452637
9983,Episode_Reward/undesired_contacts,0.0
9983,Episode_Termination/base_contact,0.0
9983,Episode_Termination/head_contact,0.000244140625
9983,Episode_Termination/time_out,0.999755859375
9983,Loss/entropy,-9.400383949279785
9983,Loss/learning_rate,5.062499985797331e-05
9983,Loss/surrogate,-0.0034008563961833715
9983,Loss/value,0.0028668218292295933
9983,Metrics/base_velocity/error_vel_xy,0.09993597120046616
9983,Metrics/base_velocity/error_vel_yaw,0.11468200385570526
9983,Metrics/success_rate,1.0
9983,Perf/collection_time,1.564887285232544
9983,Perf/learning_time,0.1601853370666504
9983,Perf/total_fps,56985.0
9983,Policy/mean_std,0.20693081617355347
9983,Train/mean_episode_length,1000.0
9983,Train/mean_reward,30.087570190429688
9999,Episode_Reward/action_rate_l2,-0.03910156339406967
9999,Episode_Reward/belly_contact_force,0.0
9999,Episode_Reward/dof_torques_l2,-0.320912629365921
9999,Episode_Reward/lin_vel_z_l2,-0.022129252552986145
9999,Episode_Reward/track_ang_vel_z_exp,0.46429991722106934
9999,Episode_Reward/track_lin_vel_xy_miki,1.432957649230957
9999,Episode_Reward/undesired_contacts,0.0
9999,Episode_Termination/base_contact,0.0
9999,Episode_Termination/head_contact,0.0
9999,Episode_Termination/time_out,1.0
9999,Loss/entropy,-9.367813110351562
9999,Loss/learning_rate,5.062499985797331e-05
9999,Loss/surrogate,-0.0034742506686598063
9999,Loss/value,0.0029456792399287224
9999,Metrics/base_velocity/error_vel_xy,0.09481855481863022
9999,Metrics/base_velocity/error_vel_yaw,0.11174013465642929
9999,Metrics/success_rate,1.0
9999,Perf/collection_time,1.5647287368774414
9999,Perf/learning_time,0.16418051719665527
9999,Perf/total_fps,56858.0
9999,Policy/mean_std,0.20697490870952606
9999,Train/mean_episode_length,1000.0
9999,Train/mean_reward,30.381580352783203
10015,Train/mean_episode_length/time,1000.0
10015,Train/mean_reward/time,27.744115829467773
10132,Train/mean_episode_length/time,1000.0
10132,Train/mean_reward/time,28.06827163696289
10247,Train/mean_episode_length/time,1000.0
10247,Train/mean_reward/time,28.012500762939453
10362,Train/mean_episode_length/time,1000.0
10362,Train/mean_reward/time,28.254240036010742
10480,Train/mean_episode_length/time,996.0700073242188
10480,Train/mean_reward/time,28.206165313720703
10597,Train/mean_episode_length/time,1000.0
10597,Train/mean_reward/time,28.30875015258789
10715,Train/mean_episode_length/time,1000.0
10715,Train/mean_reward/time,28.262832641601562
10829,Train/mean_episode_length/time,1000.0
10829,Train/mean_reward/time,28.645214080810547
10945,Train/mean_episode_length/time,1000.0
10945,Train/mean_reward/time,28.3421688079834
11061,Train/mean_episode_length/time,1000.0
11061,Train/mean_reward/time,28.586143493652344
11176,Train/mean_episode_length/time,1000.0
11176,Train/mean_reward/time,28.701379776000977
11292,Train/mean_episode_length/time,1000.0
11292,Train/mean_reward/time,28.91919708251953
11408,Train/mean_episode_length/time,1000.0
11408,Train/mean_reward/time,28.664121627807617
11522,Train/mean_episode_length/time,1000.0
11522,Train/mean_reward/time,28.93556785583496
11639,Train/mean_episode_length/time,1000.0
11639,Train/mean_reward/time,28.545848846435547
11758,Train/mean_episode_length/time,1000.0
11758,Train/mean_reward/time,29.019176483154297
11874,Train/mean_episode_length/time,1000.0
11874,Train/mean_reward/time,29.11716651916504
11991,Train/mean_episode_length/time,1000.0
11991,Train/mean_reward/time,28.909257888793945
12106,Train/mean_episode_length/time,1000.0
12106,Train/mean_reward/time,29.083192825317383
12223,Train/mean_episode_length/time,990.6599731445312
12223,Train/mean_reward/time,28.696008682250977
12339,Train/mean_episode_length/time,1000.0
12339,Train/mean_reward/time,28.959718704223633
12454,Train/mean_episode_length/time,1000.0
12454,Train/mean_reward/time,29.057397842407227
12571,Train/mean_episode_length/time,1000.0
12571,Train/mean_reward/time,29.237489700317383
12687,Train/mean_episode_length/time,1000.0
12687,Train/mean_reward/time,29.2991886138916
12804,Train/mean_episode_length/time,1000.0
12804,Train/mean_reward/time,29.419824600219727
12920,Train/mean_episode_length/time,1000.0
12920,Train/mean_reward/time,29.119857788085938
13036,Train/mean_episode_length/time,1000.0
13036,Train/mean_reward/time,29.414287567138672
13154,Train/mean_episode_length/time,1000.0
13154,Train/mean_reward/time,29.11237335205078
13269,Train/mean_episode_length/time,1000.0
13269,Train/mean_reward/time,29.335201263427734
13387,Train/mean_episode_length/time,1000.0
13387,Train/mean_reward/time,29.388484954833984
13503,Train/mean_episode_length/time,1000.0
13503,Train/mean_reward/time,29.060304641723633
13619,Train/mean_episode_length/time,990.8599853515625
13619,Train/mean_reward/time,28.878742218017578
13736,Train/mean_episode_length/time,1000.0
13736,Train/mean_reward/time,29.157337188720703
13851,Train/mean_episode_length/time,1000.0
13851,Train/mean_reward/time,29.28260040283203
13967,Train/mean_episode_length/time,1000.0
13967,Train/mean_reward/time,29.473806381225586
14083,Train/mean_episode_length/time,1000.0
14083,Train/mean_reward/time,29.263744354248047
14198,Train/mean_episode_length/time,1000.0
14198,Train/mean_reward/time,29.47530174255371
14316,Train/mean_episode_length/time,1000.0
14316,Train/mean_reward/time,29.275819778442383
14432,Train/mean_episode_length/time,1000.0
14432,Train/mean_reward/time,29.47966194152832
14549,Train/mean_episode_length/time,995.6099853515625
14549,Train/mean_reward/time,29.28272819519043
14664,Train/mean_episode_length/time,1000.0
14664,Train/mean_reward/time,29.45250129699707
14779,Train/mean_episode_length/time,1000.0
14779,Train/mean_reward/time,29.78668975830078
14895,Train/mean_episode_length/time,1000.0
14895,Train/mean_reward/time,29.98735237121582
15011,Train/mean_episode_length/time,1000.0
15011,Train/mean_reward/time,29.718446731567383
15126,Train/mean_episode_length/time,1000.0
15126,Train/mean_reward/time,29.867313385009766
15244,Train/mean_episode_length/time,1000.0
15244,Train/mean_reward/time,29.980321884155273
15363,Train/mean_episode_length/time,1000.0
15363,Train/mean_reward/time,29.74418067932129
15480,Train/mean_episode_length/time,1000.0
15480,Train/mean_reward/time,29.819185256958008
15595,Train/mean_episode_length/time,991.6400146484375
15595,Train/mean_reward/time,29.418663024902344
15710,Train/mean_episode_length/time,1000.0
15710,Train/mean_reward/time,29.700878143310547
15826,Train/mean_episode_length/time,1000.0
15826,Train/mean_reward/time,29.704572677612305
15942,Train/mean_episode_length/time,1000.0
15942,Train/mean_reward/time,29.664974212646484
16059,Train/mean_episode_length/time,1000.0
16059,Train/mean_reward/time,29.827985763549805
16174,Train/mean_episode_length/time,1000.0
16174,Train/mean_reward/time,30.045696258544922
16289,Train/mean_episode_length/time,1000.0
16289,Train/mean_reward/time,29.709341049194336
16406,Train/mean_episode_length/time,1000.0
16406,Train/mean_reward/time,29.970935821533203
16522,Train/mean_episode_length/time,1000.0
16522,Train/mean_reward/time,29.93280029296875
16639,Train/mean_episode_length/time,1000.0
16639,Train/mean_reward/time,30.071352005004883
16754,Train/mean_episode_length/time,995.4299926757812
16754,Train/mean_reward/time,30.19693374633789
16869,Train/mean_episode_length/time,1000.0
16869,Train/mean_reward/time,30.092992782592773
16986,Train/mean_episode_length/time,1000.0
16986,Train/mean_reward/time,29.91407012939453
17102,Train/mean_episode_length/time,1000.0
17102,Train/mean_reward/time,30.33815574645996
17218,Train/mean_episode_length/time,1000.0
17218,Train/mean_reward/time,30.188234329223633
17334,Train/mean_episode_length/time,1000.0
17334,Train/mean_reward/time,30.218215942382812
17449,Train/mean_episode_length/time,1000.0
17449,Train/mean_reward/time,30.083059310913086
17567,Train/mean_episode_length/time,1000.0
17567,Train/mean_reward/time,30.078136444091797
17683,Train/mean_episode_length/time,1000.0
17683,Train/mean_reward/time,30.087570190429688
17710,Train/mean_episode_length/time,1000.0
17710,Train/mean_reward/time,30.381580352783203
