# lizard mesh
v 0.070636 1.052174 -0.070595
v 0.044945 1.052531 -0.067223
v 0.000000 1.053355 0.000041
v 0.067265 1.052531 -0.044904
v 0.038228 1.052174 -0.092249
v 0.015783 1.052531 -0.079303
v 0.000000 1.052174 -0.099853
v -0.015783 1.052531 -0.079303
v -0.038228 1.052174 -0.092249
v -0.044945 1.052531 -0.067223
v -0.070636 1.052174 -0.070595
v -0.067265 1.052531 -0.044904
v -0.092290 1.052174 -0.038187
v -0.079344 1.052531 -0.015741
v -0.099894 1.052174 0.000041
v -0.079344 1.052531 0.015824
v -0.092290 1.052174 0.038269
v -0.067265 1.052531 0.044986
v -0.070636 1.052174 0.070677
v -0.044945 1.052531 0.067306
v -0.038228 1.052174 0.092332
v -0.015783 1.052531 0.079385
v 0.000000 1.052174 0.099936
v 0.015783 1.052531 0.079385
v 0.038228 1.052174 0.092332
v 0.044945 1.052531 0.067306
v 0.070636 1.052174 0.070677
v 0.067265 1.052531 0.044986
v 0.092290 1.052174 0.038269
v 0.079344 1.052531 0.015824
v 0.099894 1.052174 0.000041
v 0.079344 1.052531 -0.015741
v 0.092290 1.052174 -0.038187
v 0.098999 1.050804 -0.098958
v 0.084723 1.051236 -0.098219
v 0.098260 1.051236 -0.084682
v 0.068221 1.051453 -0.102059
v 0.102100 1.051453 -0.068180
v 0.053578 1.050804 -0.129307
v 0.040672 1.051236 -0.123161
v 0.058358 1.051236 -0.115835
v 0.023956 1.051453 -0.120394
v 0.000000 1.050804 -0.139964
v -0.009572 1.051236 -0.129347
v 0.009572 1.051236 -0.129347
v -0.023956 1.051453 -0.120394
v -0.053578 1.050804 -0.129307
v -0.058358 1.051236 -0.115835
v -0.040672 1.051236 -0.123161
v -0.068221 1.051453 -0.102059
v -0.098999 1.050804 -0.098958
v -0.098260 1.051236 -0.084682
v -0.084723 1.051236 -0.098219
v -0.102100 1.051453 -0.068180
v -0.129348 1.050804 -0.053537
v -0.123202 1.051236 -0.040630
v -0.115877 1.051236 -0.058317
v -0.120435 1.051453 -0.023915
v -0.140006 1.050804 0.000041
v -0.129389 1.051236 0.009613
v -0.129389 1.051236 -0.009530
v -0.120435 1.051453 0.023997
v -0.129348 1.050804 0.053619
v -0.115877 1.051236 0.058399
v -0.123202 1.051236 0.040713
v -0.102100 1.051453 0.068262
v -0.098999 1.050804 0.099040
v -0.084723 1.051236 0.098301
v -0.098260 1.051236 0.084765
v -0.068221 1.051453 0.102141
v -0.053578 1.050804 0.129390
v -0.040672 1.051236 0.123244
v -0.058358 1.051236 0.115918
v -0.023956 1.051453 0.120477
v 0.000000 1.050804 0.140047
v 0.009572 1.051236 0.129430
v -0.009572 1.051236 0.129430
v 0.023956 1.051453 0.120477
v 0.053578 1.050804 0.129390
v 0.058358 1.051236 0.115918
v 0.040672 1.051236 0.123244
v 0.068221 1.051453 0.102141
v 0.098999 1.050804 0.099040
v 0.098260 1.051236 0.084765
v 0.084723 1.051236 0.098301
v 0.102100 1.051453 0.068262
v 0.129348 1.050804 0.053619
v 0.123202 1.051236 0.040713
v 0.115877 1.051236 0.058399
v 0.120435 1.051453 0.023997
v 0.140006 1.050804 0.000041
v 0.129389 1.051236 -0.009530
v 0.129389 1.051236 0.009613
v 0.120435 1.051453 -0.023915
v 0.129348 1.050804 -0.053537
v 0.115877 1.051236 -0.058317
v 0.123202 1.051236 -0.040630
v 0.073595 0.929187 -0.242563
v 0.049458 0.929187 -0.248602
v 0.047820 0.965026 -0.240365
v 0.071157 0.965026 -0.234526
v 0.024847 0.929187 -0.252260
v 0.024024 0.965026 -0.243902
v 0.046465 0.986631 -0.233553
v 0.069141 0.986631 -0.227879
v 0.023344 0.986631 -0.236989
v 0.101243 0.872648 -0.244382
v 0.076797 0.872648 -0.253119
v 0.097022 0.929187 -0.234190
v 0.051610 0.872648 -0.259420
v 0.025929 0.872648 -0.263237
v -0.000000 0.872648 -0.264520
v 0.000000 0.929187 -0.253489
v 0.000000 0.965026 -0.245091
v 0.000000 0.986631 -0.238144
v 0.000000 1.000467 -0.231470
v 0.022690 1.000467 -0.230347
v 0.045163 1.000467 -0.227007
v 0.067204 1.000467 -0.221493
v 0.091150 0.986631 -0.220014
v 0.088596 1.000467 -0.213847
v 0.093808 0.965026 -0.226431
v 0.065065 1.011906 -0.214442
v 0.043725 1.011906 -0.219780
v 0.042130 1.021959 -0.211763
v 0.062691 1.021959 -0.206619
v 0.021967 1.011906 -0.223014
v 0.021166 1.021959 -0.214878
v 0.040398 1.030542 -0.203053
v 0.060113 1.030541 -0.198121
v 0.020296 1.030541 -0.206041
v 0.085776 1.011906 -0.207040
v 0.000000 1.011906 -0.224101
v 0.000000 1.021959 -0.215926
v 0.000000 1.030542 -0.207045
v 0.000000 1.037572 -0.197560
v 0.019366 1.037572 -0.196602
v 0.038548 1.037572 -0.193751
v 0.057360 1.037572 -0.189044
v 0.079249 1.030542 -0.191282
v 0.075619 1.037572 -0.182519
v 0.082647 1.021959 -0.199486
v 0.160834 0.929187 -0.195932
v 0.140845 0.929187 -0.210748
v 0.136179 0.965026 -0.203765
v 0.155506 0.965026 -0.189440
v 0.119507 0.929187 -0.223546
v 0.115549 0.965026 -0.216139
v 0.132320 0.986631 -0.197990
v 0.151099 0.986631 -0.184071
v 0.112274 0.986631 -0.210013
v 0.187073 0.872648 -0.187032
v 0.167832 0.872648 -0.204459
v 0.179273 0.929187 -0.179232
v 0.146973 0.872648 -0.219920
v 0.124707 0.872648 -0.233274
v 0.109128 1.000467 -0.204127
v 0.128613 1.000467 -0.192441
v 0.146865 1.000467 -0.178912
v 0.168423 0.986631 -0.168381
v 0.163703 1.000467 -0.163662
v 0.173335 0.965026 -0.173293
v 0.142191 1.011906 -0.173216
v 0.124519 1.011906 -0.186315
v 0.119977 1.021959 -0.179517
v 0.137005 1.021959 -0.166897
v 0.105655 1.011906 -0.197629
v 0.101801 1.021959 -0.190419
v 0.115044 1.030542 -0.172134
v 0.131371 1.030541 -0.160032
v 0.097615 1.030541 -0.182587
v 0.158493 1.011906 -0.158452
v 0.093144 1.037572 -0.174222
v 0.109775 1.037572 -0.164248
v 0.125354 1.037572 -0.152700
v 0.146432 1.030542 -0.146391
v 0.139726 1.037572 -0.139684
v 0.152712 1.021959 -0.152671
v 0.223587 0.929187 -0.119466
v 0.210789 0.929187 -0.140804
v 0.203807 0.965026 -0.136138
v 0.216180 0.965026 -0.115507
v 0.195973 0.929187 -0.160793
v 0.189482 0.965026 -0.155465
v 0.198031 0.986631 -0.132279
v 0.210054 0.986631 -0.112233
v 0.184112 0.986631 -0.151058
v 0.244423 0.872648 -0.101202
v 0.233315 0.872648 -0.124666
v 0.234232 0.929187 -0.096981
v 0.219961 0.872648 -0.146932
v 0.204500 0.872648 -0.167790
v 0.178953 1.000467 -0.146824
v 0.192482 1.000467 -0.128571
v 0.204168 1.000467 -0.109087
v 0.220055 0.986631 -0.091108
v 0.213889 1.000467 -0.088554
v 0.226472 0.965026 -0.093767
v 0.197670 1.011906 -0.105614
v 0.186356 1.011906 -0.124478
v 0.179559 1.021959 -0.119936
v 0.190460 1.021959 -0.101760
v 0.173257 1.011906 -0.142150
v 0.166938 1.021959 -0.136963
v 0.172175 1.030541 -0.115002
v 0.182628 1.030541 -0.097574
v 0.160073 1.030541 -0.131330
v 0.207081 1.011906 -0.085734
v 0.152742 1.037572 -0.125313
v 0.164289 1.037572 -0.109733
v 0.174264 1.037572 -0.093103
v 0.191323 1.030541 -0.079207
v 0.182560 1.037572 -0.075578
v 0.199528 1.021959 -0.082606
v 0.252301 0.929187 -0.024806
v 0.248643 0.929187 -0.049417
v 0.240406 0.965026 -0.047779
v 0.243943 0.965026 -0.023983
v 0.242604 0.929187 -0.073554
v 0.234568 0.965026 -0.071116
v 0.233594 0.986631 -0.046423
v 0.237030 0.986631 -0.023302
v 0.227921 0.986631 -0.069100
v 0.264562 0.872648 0.000041
v 0.263278 0.872648 -0.025887
v 0.253531 0.929187 0.000041
v 0.259461 0.872648 -0.051569
v 0.253160 0.872648 -0.076756
v 0.221534 1.000467 -0.067162
v 0.227048 1.000467 -0.045121
v 0.230389 1.000467 -0.022648
v 0.238186 0.986631 0.000041
v 0.231511 1.000467 0.000041
v 0.245132 0.965026 0.000041
v 0.223056 1.011906 -0.021926
v 0.219822 1.011906 -0.043684
v 0.211804 1.021959 -0.042089
v 0.214920 1.021959 -0.021125
v 0.214483 1.011906 -0.065023
v 0.206660 1.021959 -0.062650
v 0.203094 1.030541 -0.040357
v 0.206082 1.030541 -0.020254
v 0.198162 1.030541 -0.060072
v 0.224143 1.011906 0.000041
v 0.189086 1.037572 -0.057319
v 0.193792 1.037572 -0.038506
v 0.196643 1.037572 -0.019325
v 0.207087 1.030541 0.000041
v 0.197602 1.037572 0.000041
v 0.215967 1.021959 0.000041
v 0.242604 0.929187 0.073637
v 0.248643 0.929187 0.049499
v 0.240406 0.965026 0.047861
v 0.234568 0.965026 0.071199
v 0.252301 0.929187 0.024889
v 0.243943 0.965026 0.024066
v 0.233594 0.986631 0.046506
v 0.227921 0.986631 0.069182
v 0.237030 0.986631 0.023385
v 0.244423 0.872648 0.101285
v 0.253160 0.872648 0.076839
v 0.234232 0.929187 0.097063
v 0.259461 0.872648 0.051651
v 0.263278 0.872648 0.025970
v 0.230389 1.000467 0.022731
v 0.227048 1.000467 0.045204
v 0.221534 1.000467 0.067245
v 0.220055 0.986631 0.091191
v 0.213889 1.000467 0.088637
v 0.226472 0.965026 0.093849
v 0.214483 1.011906 0.065106
v 0.219822 1.011906 0.043767
v 0.211804 1.021959 0.042172
v 0.206660 1.021959 0.062733
v 0.223056 1.011906 0.022009
v 0.214920 1.021959 0.021207
v 0.203094 1.030541 0.040439
v 0.198162 1.030541 0.060155
v 0.206082 1.030541 0.020337
v 0.207081 1.011906 0.085817
v 0.196643 1.037572 0.019407
v 0.193792 1.037572 0.038589
v 0.189086 1.037572 0.057401
v 0.191323 1.030541 0.079290
v 0.182560 1.037572 0.075660
v 0.199528 1.021959 0.082688
v 0.195973 0.929187 0.160875
v 0.210789 0.929187 0.140886
v 0.203807 0.965026 0.136221
v 0.189482 0.965026 0.155547
v 0.223587 0.929187 0.119549
v 0.216180 0.965026 0.115590
v 0.198031 0.986631 0.132362
v 0.184112 0.986631 0.151141
v 0.210054 0.986631 0.112316
v 0.187073 0.872648 0.187115
v 0.204500 0.872648 0.167873
v 0.179273 0.929187 0.179314
v 0.219961 0.872648 0.147014
v 0.233315 0.872648 0.124748
v 0.204168 1.000467 0.109170
v 0.192482 1.000467 0.128654
v 0.178953 1.000467 0.146907
v 0.168423 0.986631 0.168464
v 0.163703 1.000467 0.163745
v 0.173335 0.965026 0.173376
v 0.173257 1.011906 0.142232
v 0.186356 1.011906 0.124560
v 0.179559 1.021959 0.120019
v 0.166938 1.021959 0.137046
v 0.197670 1.011906 0.105696
v 0.190460 1.021959 0.101842
v 0.172175 1.030541 0.115085
v 0.160073 1.030541 0.131412
v 0.182628 1.030541 0.097656
v 0.158493 1.011906 0.158534
v 0.174264 1.037572 0.093185
v 0.164289 1.037572 0.109816
v 0.152742 1.037572 0.125395
v 0.146432 1.030541 0.146474
v 0.139726 1.037572 0.139767
v 0.152712 1.021959 0.152753
v 0.119507 0.929187 0.223628
v 0.140845 0.929187 0.210831
v 0.136179 0.965026 0.203848
v 0.115549 0.965026 0.216221
v 0.160834 0.929187 0.196015
v 0.155506 0.965026 0.189523
v 0.132320 0.986631 0.198073
v 0.112274 0.986631 0.210096
v 0.151099 0.986631 0.184153
v 0.101243 0.872648 0.244464
v 0.124707 0.872648 0.233356
v 0.097022 0.929187 0.234273
v 0.146973 0.872648 0.220002
v 0.167832 0.872648 0.204542
v 0.146865 1.000467 0.178994
v 0.128613 1.000467 0.192524
v 0.109128 1.000467 0.204210
v 0.091150 0.986631 0.220096
v 0.088596 1.000467 0.213930
v 0.093808 0.965026 0.226514
v 0.105655 1.011906 0.197711
v 0.124519 1.011906 0.186397
v 0.119977 1.021959 0.179600
v 0.101801 1.021959 0.190501
v 0.142191 1.011906 0.173299
v 0.137005 1.021959 0.166979
v 0.115044 1.030541 0.172216
v 0.097615 1.030541 0.182669
v 0.131371 1.030541 0.160115
v 0.085776 1.011906 0.207122
v 0.125354 1.037572 0.152783
v 0.109775 1.037572 0.164331
v 0.093144 1.037572 0.174305
v 0.079249 1.030541 0.191364
v 0.075619 1.037572 0.182601
v 0.082647 1.021959 0.199569
v 0.024847 0.929187 0.252342
v 0.049458 0.929187 0.248684
v 0.047820 0.965026 0.240448
v 0.024024 0.965026 0.243984
v 0.073595 0.929187 0.242646
v 0.071157 0.965026 0.234609
v 0.046465 0.986631 0.233635
v 0.023344 0.986631 0.237072
v 0.069141 0.986631 0.227962
v -0.000000 0.872648 0.264603
v 0.025929 0.872648 0.263320
v 0.000000 0.929187 0.253572
v 0.051610 0.872648 0.259503
v 0.076797 0.872648 0.253201
v 0.067204 1.000467 0.221575
v 0.045163 1.000467 0.227090
v 0.022690 1.000467 0.230430
v 0.000000 0.986631 0.238227
v 0.000000 1.000467 0.231553
v 0.000000 0.965026 0.245173
v 0.021967 1.011906 0.223097
v 0.043725 1.011906 0.219863
v 0.042130 1.021959 0.211845
v 0.021166 1.021959 0.214961
v 0.065065 1.011906 0.214524
v 0.062691 1.021959 0.206701
v 0.040398 1.030541 0.203136
v 0.020296 1.030541 0.206123
v 0.060113 1.030541 0.198203
v 0.000000 1.011906 0.224184
v 0.057360 1.037572 0.189127
v 0.038548 1.037572 0.193834
v 0.019366 1.037572 0.196685
v 0.000000 1.030541 0.207128
v 0.000000 1.037572 0.197643
v 0.000000 1.021959 0.216009
v -0.073595 0.929187 0.242646
v -0.049458 0.929187 0.248684
v -0.047820 0.965026 0.240448
v -0.071157 0.965026 0.234609
v -0.024847 0.929187 0.252342
v -0.024024 0.965026 0.243984
v -0.046465 0.986631 0.233635
v -0.069141 0.986631 0.227962
v -0.023344 0.986631 0.237072
v -0.101243 0.872648 0.244464
v -0.076797 0.872648 0.253201
v -0.097022 0.929187 0.234273
v -0.051610 0.872648 0.259503
v -0.025929 0.872648 0.263320
v -0.022689 1.000467 0.230430
v -0.045163 1.000467 0.227090
v -0.067204 1.000467 0.221575
v -0.091150 0.986631 0.220096
v -0.088596 1.000467 0.213930
v -0.093808 0.965026 0.226514
v -0.065065 1.011906 0.214524
v -0.043725 1.011906 0.219863
v -0.042130 1.021959 0.211845
v -0.062691 1.021959 0.206701
v -0.021967 1.011906 0.223097
v -0.021166 1.021959 0.214961
v -0.040398 1.030542 0.203136
v -0.060113 1.030541 0.198203
v -0.020296 1.030541 0.206123
v -0.085776 1.011906 0.207122
v -0.019366 1.037572 0.196685
v -0.038548 1.037572 0.193834
v -0.057360 1.037572 0.189127
v -0.079249 1.030542 0.191364
v -0.075619 1.037572 0.182601
v -0.082647 1.021959 0.199569
v -0.160834 0.929187 0.196015
v -0.140845 0.929187 0.210831
v -0.136179 0.965026 0.203848
v -0.155506 0.965026 0.189523
v -0.119507 0.929187 0.223628
v -0.115549 0.965026 0.216221
v -0.132320 0.986631 0.198073
v -0.151099 0.986631 0.184153
v -0.112274 0.986631 0.210096
v -0.187073 0.872648 0.187115
v -0.167832 0.872648 0.204542
v -0.179273 0.929187 0.179314
v -0.146973 0.872648 0.220002
v -0.124707 0.872648 0.233356
v -0.109128 1.000467 0.204210
v -0.128613 1.000467 0.192524
v -0.146865 1.000467 0.178994
v -0.168423 0.986631 0.168464
v -0.163703 1.000467 0.163745
v -0.173334 0.965026 0.173376
v -0.142191 1.011906 0.173299
v -0.124519 1.011906 0.186397
v -0.119977 1.021959 0.179600
v -0.137005 1.021959 0.166979
v -0.105655 1.011906 0.197711
v -0.101801 1.021959 0.190501
v -0.115044 1.030542 0.172216
v -0.131371 1.030541 0.160115
v -0.097615 1.030541 0.182669
v -0.158493 1.011906 0.158534
v -0.093144 1.037572 0.174305
v -0.109775 1.037572 0.164331
v -0.125354 1.037572 0.152783
v -0.146432 1.030542 0.146474
v -0.139725 1.037572 0.139767
v -0.152712 1.021959 0.152753
v -0.223587 0.929187 0.119549
v -0.210789 0.929187 0.140886
v -0.203807 0.965026 0.136221
v -0.216180 0.965026 0.115590
v -0.195973 0.929187 0.160875
v -0.189482 0.965026 0.155547
v -0.198031 0.986631 0.132362
v -0.210054 0.986631 0.112316
v -0.184112 0.986631 0.151141
v -0.244423 0.872648 0.101285
v -0.233315 0.872648 0.124748
v -0.234232 0.929187 0.097063
v -0.219961 0.872648 0.147014
v -0.204500 0.872648 0.167873
v -0.178953 1.000467 0.146907
v -0.192482 1.000467 0.128654
v -0.204168 1.000467 0.109170
v -0.220055 0.986631 0.091191
v -0.213889 1.000467 0.088637
v -0.226472 0.965026 0.093849
v -0.197670 1.011906 0.105696
v -0.186356 1.011906 0.124560
v -0.179559 1.021959 0.120019
v -0.190460 1.021959 0.101842
v -0.173257 1.011906 0.142232
v -0.166938 1.021959 0.137046
v -0.172175 1.030542 0.115085
v -0.182628 1.030541 0.097656
v -0.160073 1.030541 0.131412
v -0.207081 1.011906 0.085817
v -0.152742 1.037572 0.125395
v -0.164289 1.037572 0.109816
v -0.174264 1.037572 0.093185
v -0.191323 1.030542 0.079290
v -0.182560 1.037572 0.075660
v -0.199528 1.021959 0.082688
v -0.252301 0.929187 0.024889
v -0.248643 0.929187 0.049499
v -0.240406 0.965026 0.047861
v -0.243943 0.965026 0.024066
v -0.242604 0.929187 0.073637
v -0.234568 0.965026 0.071199
v -0.233594 0.986631 0.046506
v -0.237030 0.986631 0.023385
v -0.227921 0.986631 0.069182
v -0.264562 0.872648 0.000041
v -0.263278 0.872648 0.025970
v -0.253531 0.929187 0.000041
v -0.259461 0.872648 0.051651
v -0.253160 0.872648 0.076839
v -0.221534 1.000467 0.067245
v -0.227048 1.000467 0.045204
v -0.230389 1.000467 0.022731
v -0.238186 0.986631 0.000041
v -0.231511 1.000467 0.000041
v -0.245132 0.965026 0.000041
v -0.223056 1.011906 0.022009
v -0.219822 1.011906 0.043767
v -0.211804 1.021959 0.042172
v -0.214920 1.021959 0.021207
v -0.214483 1.011906 0.065106
v -0.206660 1.021959 0.062733
v -0.203094 1.030542 0.040439
v -0.206082 1.030541 0.020337
v -0.198162 1.030541 0.060155
v -0.224143 1.011906 0.000041
v -0.189086 1.037572 0.057401
v -0.193792 1.037572 0.038589
v -0.196643 1.037572 0.019407
v -0.207087 1.030542 0.000041
v -0.197602 1.037572 0.000041
v -0.215967 1.021959 0.000041
v -0.242604 0.929187 -0.073554
v -0.248643 0.929187 -0.049417
v -0.240406 0.965026 -0.047779
v -0.234568 0.965026 -0.071116
v -0.252301 0.929187 -0.024806
v -0.243943 0.965026 -0.023983
v -0.233594 0.986631 -0.046423
v -0.227921 0.986631 -0.069100
v -0.237030 0.986631 -0.023302
v -0.244423 0.872648 -0.101202
v -0.253160 0.872648 -0.076756
v -0.234232 0.929187 -0.096981
v -0.259461 0.872648 -0.051569
v -0.263278 0.872648 -0.025887
v -0.230389 1.000467 -0.022648
v -0.227048 1.000467 -0.045121
v -0.221534 1.000467 -0.067162
v -0.220055 0.986631 -0.091108
v -0.213889 1.000467 -0.088554
v -0.226472 0.965026 -0.093767
v -0.214483 1.011906 -0.065023
v -0.219822 1.011906 -0.043684
v -0.211804 1.021959 -0.042089
v -0.206660 1.021959 -0.062650
v -0.223056 1.011906 -0.021926
v -0.214920 1.021959 -0.021125
v -0.203094 1.030542 -0.040357
v -0.198162 1.030541 -0.060072
v -0.206082 1.030541 -0.020254
v -0.207081 1.011906 -0.085734
v -0.196643 1.037572 -0.019325
v -0.193792 1.037572 -0.038506
v -0.189086 1.037572 -0.057319
v -0.191323 1.030542 -0.079207
v -0.182560 1.037572 -0.075578
v -0.199528 1.021959 -0.082606
v -0.195973 0.929187 -0.160793
v -0.210789 0.929187 -0.140804
v -0.203807 0.965026 -0.136138
v -0.189482 0.965026 -0.155465
v -0.223587 0.929187 -0.119466
v -0.216180 0.965026 -0.115507
v -0.198031 0.986631 -0.132279
v -0.184112 0.986631 -0.151058
v -0.210054 0.986631 -0.112233
v -0.187073 0.872648 -0.187032
v -0.204500 0.872648 -0.167790
v -0.179273 0.929187 -0.179232
v -0.219961 0.872648 -0.146932
v -0.233315 0.872648 -0.124666
v -0.204168 1.000467 -0.109087
v -0.192482 1.000467 -0.128571
v -0.178953 1.000467 -0.146824
v -0.168423 0.986631 -0.168381
v -0.163703 1.000467 -0.163662
v -0.173334 0.965026 -0.173293
v -0.173257 1.011906 -0.142150
v -0.186356 1.011906 -0.124478
v -0.179559 1.021959 -0.119936
v -0.166938 1.021959 -0.136963
v -0.197670 1.011906 -0.105614
v -0.190460 1.021959 -0.101760
v -0.172175 1.030542 -0.115002
v -0.160073 1.030541 -0.131330
v -0.182628 1.030541 -0.097574
v -0.158493 1.011906 -0.158452
v -0.174264 1.037572 -0.093103
v -0.164289 1.037572 -0.109733
v -0.152742 1.037572 -0.125313
v -0.146432 1.030542 -0.146391
v -0.139725 1.037572 -0.139684
v -0.152712 1.021959 -0.152671
v -0.119507 0.929187 -0.223546
v -0.140845 0.929187 -0.210748
v -0.136179 0.965026 -0.203765
v -0.115549 0.965026 -0.216139
v -0.160834 0.929187 -0.195932
v -0.155506 0.965026 -0.189440
v -0.132320 0.986631 -0.197990
v -0.112274 0.986631 -0.210013
v -0.151099 0.986631 -0.184071
v -0.101243 0.872648 -0.244382
v -0.124707 0.872648 -0.233274
v -0.097022 0.929187 -0.234190
v -0.146973 0.872648 -0.219920
v -0.167832 0.872648 -0.204459
v -0.146865 1.000467 -0.178912
v -0.128613 1.000467 -0.192441
v -0.109128 1.000467 -0.204127
v -0.091150 0.986631 -0.220014
v -0.088596 1.000467 -0.213847
v -0.093808 0.965026 -0.226431
v -0.105655 1.011906 -0.197629
v -0.124519 1.011906 -0.186315
v -0.119977 1.021959 -0.179517
v -0.101801 1.021959 -0.190419
v -0.142191 1.011906 -0.173216
v -0.137005 1.021959 -0.166897
v -0.115044 1.030542 -0.172134
v -0.097615 1.030541 -0.182587
v -0.131371 1.030541 -0.160032
v -0.085776 1.011906 -0.207040
v -0.125354 1.037572 -0.152700
v -0.109775 1.037572 -0.164248
v -0.093144 1.037572 -0.174222
v -0.079249 1.030542 -0.191282
v -0.075619 1.037572 -0.182519
v -0.082647 1.021959 -0.199487
v -0.024847 0.929187 -0.252260
v -0.049458 0.929187 -0.248602
v -0.047820 0.965026 -0.240365
v -0.024024 0.965026 -0.243902
v -0.073595 0.929187 -0.242563
v -0.071157 0.965026 -0.234526
v -0.046465 0.986631 -0.233553
v -0.023344 0.986631 -0.236989
v -0.069141 0.986631 -0.227879
v -0.025929 0.872648 -0.263237
v -0.051610 0.872648 -0.259420
v -0.076797 0.872648 -0.253119
v -0.067204 1.000467 -0.221493
v -0.045163 1.000467 -0.227007
v -0.022689 1.000467 -0.230347
v -0.021967 1.011906 -0.223014
v -0.043725 1.011906 -0.219780
v -0.042130 1.021959 -0.211763
v -0.021166 1.021959 -0.214878
v -0.065065 1.011906 -0.214442
v -0.062691 1.021959 -0.206619
v -0.040398 1.030542 -0.203053
v -0.020296 1.030541 -0.206041
v -0.060113 1.030541 -0.198121
v -0.057360 1.037572 -0.189044
v -0.038548 1.037572 -0.193751
v -0.019366 1.037572 -0.196602
v 0.014427 1.049606 -0.154183
v 0.029730 1.049710 -0.149420
v 0.033749 1.046991 -0.169625
v 0.016856 1.046959 -0.172832
v 0.045690 1.049606 -0.147964
v 0.050583 1.046959 -0.166124
v 0.036496 1.043011 -0.183438
v 0.018323 1.043007 -0.186226
v 0.054353 1.043007 -0.179060
v 0.000000 1.049487 -0.157482
v 0.060282 1.049487 -0.145491
v 0.066739 1.046927 -0.161081
v 0.071662 1.043003 -0.172965
v 0.000000 1.043003 -0.187219
v 0.000000 1.046927 -0.174356
v 0.146515 0.581641 -0.274074
v 0.139040 0.691600 -0.260089
v 0.163865 0.691600 -0.245200
v 0.172674 0.581641 -0.258384
v 0.131452 0.791444 -0.245893
v 0.154922 0.791444 -0.231817
v 0.187121 0.691600 -0.227962
v 0.197181 0.581641 -0.240220
v 0.176909 0.791444 -0.215520
v 0.124150 0.470089 -0.299684
v 0.118948 0.581641 -0.287125
v 0.152923 0.470089 -0.286063
v 0.112879 0.691600 -0.272473
v 0.106719 0.791444 -0.257602
v 0.197192 0.791444 -0.197150
v 0.208574 0.691600 -0.208532
v 0.219787 0.581641 -0.219746
v 0.205805 0.470089 -0.250728
v 0.229400 0.470089 -0.229359
v 0.180227 0.470089 -0.269687
v 0.072348 1.049606 -0.136922
v 0.084663 1.049710 -0.126666
v 0.096108 1.046991 -0.143795
v 0.081729 1.046959 -0.153222
v 0.098851 1.049606 -0.119213
v 0.110321 1.046959 -0.134118
v 0.103933 1.043011 -0.155505
v 0.088210 1.043007 -0.165036
v 0.118755 1.043007 -0.144626
v 0.111386 1.049487 -0.111344
v 0.123318 1.046927 -0.123276
v 0.132413 1.043003 -0.132372
v 0.030463 0.581641 -0.309277
v 0.028909 0.691600 -0.293496
v 0.057542 0.691600 -0.289240
v 0.060635 0.581641 -0.304793
v 0.027331 0.791444 -0.277477
v 0.054402 0.791444 -0.273454
v 0.085624 0.691600 -0.282214
v 0.090227 0.581641 -0.297389
v 0.080951 0.791444 -0.266811
v -0.000000 0.470089 -0.324379
v -0.000000 0.581641 -0.310785
v 0.031795 0.470089 -0.322806
v -0.000000 0.691600 -0.294926
v -0.000000 0.791444 -0.278830
v 0.094173 0.470089 -0.310398
v 0.063287 0.470089 -0.318125
v -0.090227 0.581641 -0.297389
v -0.085624 0.691600 -0.282214
v -0.057542 0.691600 -0.289240
v -0.060635 0.581641 -0.304793
v -0.080951 0.791444 -0.266811
v -0.054402 0.791444 -0.273454
v -0.028909 0.691600 -0.293496
v -0.030463 0.581641 -0.309277
v -0.027331 0.791444 -0.277477
v -0.124150 0.470089 -0.299684
v -0.118948 0.581641 -0.287125
v -0.094173 0.470089 -0.310398
v -0.112879 0.691600 -0.272473
v -0.106719 0.791444 -0.257602
v -0.031795 0.470089 -0.322806
v -0.063287 0.470089 -0.318125
v -0.045690 1.049606 -0.147964
v -0.029730 1.049710 -0.149420
v -0.033749 1.046991 -0.169625
v -0.050583 1.046959 -0.166124
v -0.014427 1.049606 -0.154183
v -0.016856 1.046959 -0.172832
v -0.036496 1.043011 -0.183438
v -0.054353 1.043007 -0.179060
v -0.018323 1.043007 -0.186226
v -0.060282 1.049487 -0.145491
v -0.071662 1.043003 -0.172965
v -0.066739 1.046927 -0.161081
v 0.240261 0.581641 -0.197139
v 0.228003 0.691600 -0.187079
v 0.245241 0.691600 -0.163823
v 0.258426 0.581641 -0.172633
v 0.215561 0.791444 -0.176868
v 0.231858 0.791444 -0.154881
v 0.260130 0.691600 -0.138999
v 0.274115 0.581641 -0.146474
v 0.245934 0.791444 -0.131411
v 0.250770 0.470089 -0.205763
v 0.257643 0.791444 -0.106678
v 0.272515 0.691600 -0.112838
v 0.287166 0.581641 -0.118907
v 0.286104 0.470089 -0.152882
v 0.299725 0.470089 -0.124109
v 0.269728 0.470089 -0.180185
v 0.119254 1.049606 -0.098810
v 0.126707 1.049710 -0.084622
v 0.143836 1.046991 -0.096067
v 0.134159 1.046959 -0.110280
v 0.136963 1.049606 -0.072306
v 0.153264 1.046959 -0.081688
v 0.155547 1.043011 -0.103892
v 0.144668 1.043007 -0.118713
v 0.165077 1.043007 -0.088169
v 0.145533 1.049487 -0.060240
v 0.161122 1.046927 -0.066698
v 0.173006 1.043003 -0.071620
v 0.297430 0.581641 -0.090186
v 0.282256 0.691600 -0.085582
v 0.289281 0.691600 -0.057500
v 0.304834 0.581641 -0.060594
v 0.266853 0.791444 -0.080910
v 0.273495 0.791444 -0.054360
v 0.293537 0.691600 -0.028867
v 0.309318 0.581641 -0.030422
v 0.277518 0.791444 -0.027290
v 0.310439 0.470089 -0.094132
v 0.278871 0.791444 0.000041
v 0.294968 0.691600 0.000041
v 0.310826 0.581641 0.000041
v 0.322847 0.470089 -0.031754
v 0.324420 0.470089 0.000041
v 0.318166 0.470089 -0.063246
v 0.148005 1.049606 -0.045649
v 0.149461 1.049710 -0.029688
v 0.169666 1.046991 -0.033707
v 0.166165 1.046959 -0.050541
v 0.154224 1.049606 -0.014385
v 0.172873 1.046959 -0.016815
v 0.183480 1.043011 -0.036455
v 0.179101 1.043007 -0.054312
v 0.186268 1.043007 -0.018282
v 0.157523 1.049487 0.000041
v 0.174397 1.046927 0.000041
v 0.187261 1.043003 0.000041
v 0.309318 0.581641 0.030504
v 0.293537 0.691600 0.028950
v 0.289281 0.691600 0.057583
v 0.304834 0.581641 0.060676
v 0.277518 0.791444 0.027372
v 0.273495 0.791444 0.054443
v 0.282256 0.691600 0.085665
v 0.297430 0.581641 0.090268
v 0.266853 0.791444 0.080992
v 0.322847 0.470089 0.031836
v 0.257643 0.791444 0.106761
v 0.272515 0.691600 0.112921
v 0.287166 0.581641 0.118989
v 0.310439 0.470089 0.094215
v 0.299725 0.470089 0.124192
v 0.318166 0.470089 0.063328
v 0.154224 1.049606 0.014468
v 0.149461 1.049710 0.029771
v 0.169666 1.046991 0.033790
v 0.172873 1.046959 0.016898
v 0.148005 1.049606 0.045732
v 0.166165 1.046959 0.050624
v 0.183480 1.043011 0.036538
v 0.186268 1.043007 0.018364
v 0.179101 1.043007 0.054394
v 0.145533 1.049487 0.060323
v 0.161122 1.046927 0.066780
v 0.173006 1.043003 0.071703
v 0.274115 0.581641 0.146556
v 0.260130 0.691600 0.139081
v 0.245241 0.691600 0.163906
v 0.258426 0.581641 0.172716
v 0.245934 0.791444 0.131494
v 0.231858 0.791444 0.154964
v 0.228003 0.691600 0.187162
v 0.240261 0.581641 0.197222
v 0.215561 0.791444 0.176951
v 0.286104 0.470089 0.152964
v 0.197192 0.791444 0.197233
v 0.208574 0.691600 0.208615
v 0.219787 0.581641 0.219828
v 0.250770 0.470089 0.205846
v 0.229400 0.470089 0.229441
v 0.269728 0.470089 0.180268
v 0.136963 1.049606 0.072389
v 0.126707 1.049710 0.084704
v 0.143836 1.046991 0.096150
v 0.153264 1.046959 0.081770
v 0.119254 1.049606 0.098893
v 0.134159 1.046959 0.110362
v 0.155547 1.043011 0.103974
v 0.165077 1.043007 0.088251
v 0.144668 1.043007 0.118796
v 0.111386 1.049487 0.111427
v 0.123318 1.046927 0.123359
v 0.132413 1.043003 0.132455
v 0.197181 0.581641 0.240303
v 0.187121 0.691600 0.228045
v 0.163865 0.691600 0.245282
v 0.172674 0.581641 0.258467
v 0.176909 0.791444 0.215602
v 0.154923 0.791444 0.231899
v 0.139040 0.691600 0.260171
v 0.146515 0.581641 0.274157
v 0.131452 0.791444 0.245976
v 0.205805 0.470089 0.250811
v 0.106719 0.791444 0.257685
v 0.112879 0.691600 0.272556
v 0.118948 0.581641 0.287207
v 0.152923 0.470089 0.286145
v 0.124150 0.470089 0.299767
v 0.180227 0.470089 0.269770
v 0.098851 1.049606 0.119295
v 0.084663 1.049710 0.126748
v 0.096108 1.046991 0.143878
v 0.110321 1.046959 0.134200
v 0.072348 1.049606 0.137005
v 0.081729 1.046959 0.153305
v 0.103933 1.043011 0.155588
v 0.118755 1.043007 0.144709
v 0.088210 1.043007 0.165118
v 0.060282 1.049487 0.145574
v 0.066739 1.046927 0.161163
v 0.071662 1.043003 0.173048
v 0.090227 0.581641 0.297472
v 0.085624 0.691600 0.282297
v 0.057542 0.691600 0.289323
v 0.060635 0.581641 0.304875
v 0.080951 0.791444 0.266894
v 0.054402 0.791444 0.273536
v 0.028909 0.691600 0.293578
v 0.030463 0.581641 0.309360
v 0.027331 0.791444 0.277560
v 0.094173 0.470089 0.310480
v -0.000000 0.791444 0.278912
v -0.000000 0.691600 0.295009
v -0.000000 0.581641 0.310867
v 0.031795 0.470089 0.322888
v -0.000000 0.470089 0.324462
v 0.063287 0.470089 0.318208
v 0.045690 1.049606 0.148046
v 0.029730 1.049710 0.149503
v 0.033749 1.046991 0.169708
v 0.050583 1.046959 0.166206
v 0.014427 1.049606 0.154265
v 0.016856 1.046959 0.172915
v 0.036496 1.043011 0.183521
v 0.054353 1.043007 0.179142
v 0.018323 1.043007 0.186309
v 0.000000 1.049487 0.157564
v 0.000000 1.046927 0.174439
v 0.000000 1.043003 0.187302
v -0.030463 0.581641 0.309360
v -0.028909 0.691600 0.293578
v -0.057542 0.691600 0.289323
v -0.060635 0.581641 0.304875
v -0.027331 0.791444 0.277560
v -0.054402 0.791444 0.273536
v -0.085624 0.691600 0.282297
v -0.090227 0.581641 0.297472
v -0.080951 0.791444 0.266894
v -0.031795 0.470089 0.322888
v -0.106719 0.791444 0.257685
v -0.112879 0.691600 0.272556
v -0.118948 0.581641 0.287207
v -0.094173 0.470089 0.310480
v -0.124150 0.470089 0.299767
v -0.063287 0.470089 0.318208
v -0.014427 1.049606 0.154265
v -0.029730 1.049710 0.149503
v -0.033749 1.046991 0.169708
v -0.016856 1.046959 0.172915
v -0.045690 1.049606 0.148046
v -0.050583 1.046959 0.166206
v -0.036496 1.043011 0.183521
v -0.018323 1.043007 0.186309
v -0.054353 1.043007 0.179142
v -0.060282 1.049487 0.145574
v -0.066739 1.046927 0.161163
v -0.071662 1.043003 0.173048
v -0.146515 0.581641 0.274157
v -0.139040 0.691600 0.260171
v -0.163865 0.691600 0.245282
v -0.172675 0.581641 0.258467
v -0.131452 0.791444 0.245976
v -0.154923 0.791444 0.231899
v -0.187121 0.691600 0.228045
v -0.197181 0.581641 0.240303
v -0.176909 0.791444 0.215602
v -0.152923 0.470089 0.286145
v -0.197192 0.791444 0.197233
v -0.208574 0.691600 0.208615
v -0.219787 0.581641 0.219828
v -0.205805 0.470089 0.250811
v -0.229400 0.470089 0.229441
v -0.180227 0.470089 0.269770
v -0.072347 1.049606 0.137005
v -0.084663 1.049710 0.126748
v -0.096108 1.046991 0.143878
v -0.081729 1.046959 0.153305
v -0.098851 1.049606 0.119295
v -0.110321 1.046959 0.134200
v -0.103933 1.043011 0.155588
v -0.088210 1.043007 0.165118
v -0.118755 1.043007 0.144709
v -0.111386 1.049487 0.111427
v -0.123318 1.046927 0.123359
v -0.132413 1.043003 0.132455
v -0.240262 0.581641 0.197222
v -0.228003 0.691600 0.187162
v -0.245241 0.691600 0.163906
v -0.258426 0.581641 0.172716
v -0.215561 0.791444 0.176951
v -0.231858 0.791444 0.154964
v -0.260130 0.691600 0.139081
v -0.274115 0.581641 0.146556
v -0.245935 0.791444 0.131494
v -0.250770 0.470089 0.205846
v -0.257643 0.791444 0.106761
v -0.272515 0.691600 0.112921
v -0.287166 0.581641 0.118989
v -0.286104 0.470089 0.152964
v -0.299725 0.470089 0.124192
v -0.269728 0.470089 0.180268
v -0.119254 1.049606 0.098893
v -0.126707 1.049710 0.084704
v -0.143836 1.046991 0.096150
v -0.134159 1.046959 0.110362
v -0.136963 1.049606 0.072389
v -0.153264 1.046959 0.081770
v -0.155546 1.043011 0.103974
v -0.144668 1.043007 0.118796
v -0.165077 1.043007 0.088251
v -0.145532 1.049487 0.060323
v -0.161122 1.046927 0.066780
v -0.173006 1.043003 0.071703
v -0.297430 0.581641 0.090268
v -0.282256 0.691600 0.085665
v -0.289281 0.691600 0.057583
v -0.304834 0.581641 0.060676
v -0.266853 0.791444 0.080992
v -0.273495 0.791444 0.054443
v -0.293537 0.691600 0.028950
v -0.309318 0.581641 0.030504
v -0.277518 0.791444 0.027372
v -0.310439 0.470089 0.094214
v -0.278871 0.791444 0.000041
v -0.294968 0.691600 0.000041
v -0.310826 0.581641 0.000041
v -0.322847 0.470089 0.031836
v -0.324420 0.470089 0.000041
v -0.318166 0.470089 0.063328
v -0.148005 1.049606 0.045732
v -0.149461 1.049710 0.029771
v -0.169666 1.046991 0.033790
v -0.166165 1.046959 0.050624
v -0.154224 1.049606 0.014468
v -0.172873 1.046959 0.016898
v -0.183480 1.043011 0.036538
v -0.179101 1.043007 0.054394
v -0.186268 1.043007 0.018364
v -0.157523 1.049487 0.000041
v -0.174397 1.046927 0.000041
v -0.187261 1.043003 0.000041
v -0.309318 0.581641 -0.030422
v -0.293537 0.691600 -0.028867
v -0.289281 0.691600 -0.057500
v -0.304834 0.581641 -0.060594
v -0.277518 0.791444 -0.027290
v -0.273495 0.791444 -0.054360
v -0.282256 0.691600 -0.085582
v -0.297431 0.581641 -0.090186
v -0.266853 0.791444 -0.080910
v -0.322847 0.470089 -0.031754
v -0.257643 0.791444 -0.106678
v -0.272515 0.691600 -0.112838
v -0.287166 0.581641 -0.118907
v -0.310439 0.470089 -0.094132
v -0.299725 0.470089 -0.124109
v -0.318166 0.470089 -0.063246
v -0.154224 1.049606 -0.014385
v -0.149461 1.049710 -0.029688
v -0.169666 1.046991 -0.033707
v -0.172873 1.046959 -0.016815
v -0.148005 1.049606 -0.045649
v -0.166165 1.046959 -0.050541
v -0.183480 1.043011 -0.036455
v -0.186268 1.043007 -0.018282
v -0.179101 1.043007 -0.054312
v -0.145532 1.049487 -0.060240
v -0.161122 1.046927 -0.066698
v -0.173006 1.043003 -0.071620
v -0.274115 0.581641 -0.146474
v -0.260130 0.691600 -0.138999
v -0.245241 0.691600 -0.163823
v -0.258426 0.581641 -0.172633
v -0.245934 0.791444 -0.131411
v -0.231858 0.791444 -0.154881
v -0.228003 0.691600 -0.187079
v -0.240262 0.581641 -0.197139
v -0.215561 0.791444 -0.176868
v -0.286104 0.470089 -0.152882
v -0.197192 0.791444 -0.197150
v -0.208574 0.691600 -0.208532
v -0.219787 0.581641 -0.219746
v -0.250770 0.470089 -0.205763
v -0.229400 0.470089 -0.229359
v -0.269728 0.470089 -0.180185
v -0.136963 1.049606 -0.072306
v -0.126707 1.049710 -0.084622
v -0.143836 1.046991 -0.096067
v -0.153264 1.046959 -0.081688
v -0.119254 1.049606 -0.098810
v -0.134159 1.046959 -0.110280
v -0.155546 1.043011 -0.103892
v -0.165077 1.043007 -0.088169
v -0.144668 1.043007 -0.118713
v -0.111386 1.049487 -0.111344
v -0.123318 1.046927 -0.123276
v -0.132413 1.043003 -0.132372
v -0.197181 0.581641 -0.240220
v -0.187121 0.691600 -0.227962
v -0.163865 0.691600 -0.245200
v -0.172675 0.581641 -0.258384
v -0.176909 0.791444 -0.215520
v -0.154923 0.791444 -0.231817
v -0.139040 0.691600 -0.260089
v -0.146515 0.581641 -0.274074
v -0.131452 0.791444 -0.245893
v -0.205805 0.470089 -0.250728
v -0.152923 0.470089 -0.286063
v -0.180227 0.470089 -0.269687
v -0.098851 1.049606 -0.119213
v -0.084663 1.049710 -0.126666
v -0.096108 1.046991 -0.143795
v -0.110321 1.046959 -0.134118
v -0.072347 1.049606 -0.136922
v -0.081729 1.046959 -0.153222
v -0.103933 1.043011 -0.155505
v -0.118755 1.043007 -0.144626
v -0.088210 1.043007 -0.165036
v -0.336334 0.191864 0.032354
v -0.331323 0.191864 0.064968
v -0.332105 0.270599 0.065811
v -0.337031 0.270599 0.032993
v -0.323459 0.191864 0.097296
v -0.324093 0.270599 0.098099
v -0.327527 0.364756 0.065154
v -0.332350 0.364756 0.032742
v -0.319579 0.364756 0.096955
v -0.331812 0.132794 -0.001072
v -0.329705 0.132794 0.030589
v -0.338184 0.191864 -0.000429
v -0.324606 0.132795 0.062293
v -0.317156 0.132795 0.094193
v -0.306854 0.132794 0.125231
v -0.312567 0.191864 0.128704
v -0.312989 0.270599 0.129446
v -0.308560 0.364756 0.127821
v -0.333978 0.364756 0.000024
v -0.338736 0.270599 -0.000098
v -0.214480 0.191864 0.260911
v -0.187577 0.191864 0.280567
v -0.188092 0.270599 0.281480
v -0.214869 0.270599 0.261717
v -0.159035 0.191864 0.297830
v -0.159560 0.270599 0.298636
v -0.185525 0.364756 0.277692
v -0.211866 0.364756 0.258179
v -0.157414 0.364756 0.294557
v -0.235060 0.132794 0.233599
v -0.210360 0.132794 0.255248
v -0.239315 0.191864 0.238723
v -0.183631 0.132795 0.274385
v -0.155516 0.132794 0.291590
v -0.125819 0.132794 0.306022
v -0.128928 0.191864 0.312241
v -0.129484 0.270599 0.312921
v -0.127790 0.364756 0.308588
v -0.236165 0.364756 0.236183
v -0.239577 0.270599 0.239430
v -0.032313 0.191864 -0.336293
v -0.064927 0.191864 -0.331282
v -0.065770 0.270599 -0.332063
v -0.032952 0.270599 -0.336990
v -0.097255 0.191864 -0.323419
v -0.098058 0.270599 -0.324052
v -0.065113 0.364756 -0.327486
v -0.032701 0.364756 -0.332309
v -0.096914 0.364756 -0.319538
v 0.001113 0.132794 -0.331770
v -0.030549 0.132794 -0.329664
v 0.000469 0.191864 -0.338142
v -0.062252 0.132795 -0.324566
v -0.094153 0.132795 -0.317118
v -0.125191 0.132794 -0.306815
v -0.128663 0.191864 -0.312527
v -0.129405 0.270599 -0.312948
v -0.127780 0.364756 -0.308519
v 0.000017 0.364756 -0.333937
v 0.000139 0.270599 -0.338695
v 0.336563 0.191864 -0.033325
v 0.331637 0.191864 -0.066034
v 0.332197 0.270599 -0.066069
v 0.337099 0.270599 -0.033223
v 0.323608 0.191864 -0.098184
v 0.324137 0.270599 -0.098304
v 0.327538 0.364756 -0.065114
v 0.332359 0.364755 -0.032699
v 0.319585 0.364756 -0.096909
v 0.331811 0.132794 -0.001072
v 0.330249 0.132794 -0.033004
v 0.338184 0.191864 -0.000428
v 0.325350 0.132794 -0.064933
v 0.317510 0.132794 -0.096411
v 0.306383 0.132794 -0.126891
v 0.312369 0.191864 -0.129357
v 0.312930 0.270599 -0.129582
v 0.308553 0.364756 -0.127766
v 0.333978 0.364756 0.000024
v 0.338736 0.270599 -0.000098
v -0.158548 0.191864 -0.298420
v -0.186934 0.191864 -0.281347
v -0.187901 0.270599 -0.281653
v -0.159415 0.270599 -0.298753
v -0.213843 0.191864 -0.261609
v -0.214681 0.270599 -0.261865
v -0.185502 0.364756 -0.277641
v -0.157396 0.364756 -0.294500
v -0.211842 0.364756 -0.258125
v -0.154363 0.132794 -0.293101
v -0.182107 0.132795 -0.276346
v -0.208852 0.132795 -0.257014
v -0.233559 0.132794 -0.235019
v -0.238682 0.191864 -0.239274
v -0.239389 0.270599 -0.239535
v -0.236141 0.364756 -0.236124
v -0.323610 0.191864 -0.098184
v -0.331638 0.191864 -0.066035
v -0.332198 0.270599 -0.066069
v -0.324138 0.270599 -0.098304
v -0.336564 0.191864 -0.033325
v -0.337099 0.270599 -0.033223
v -0.327539 0.364756 -0.065114
v -0.319585 0.364756 -0.096909
v -0.332359 0.364756 -0.032699
v -0.306386 0.132794 -0.126892
v -0.317513 0.132794 -0.096413
v -0.312370 0.191864 -0.129357
v -0.325352 0.132795 -0.064934
v -0.330251 0.132794 -0.033005
v -0.308553 0.364756 -0.127766
v -0.312930 0.270599 -0.129582
v -0.298460 0.191864 0.158589
v -0.281388 0.191864 0.186974
v -0.281695 0.270599 0.187942
v -0.298794 0.270599 0.159456
v -0.261649 0.191864 0.213884
v -0.261907 0.270599 0.214722
v -0.277683 0.364756 0.185543
v -0.294541 0.364756 0.157437
v -0.258166 0.364756 0.211883
v -0.293140 0.132794 0.154403
v -0.276386 0.132794 0.182147
v -0.257054 0.132794 0.208893
v 0.098113 0.191864 -0.323723
v 0.066042 0.191864 -0.331642
v 0.066101 0.270599 -0.332170
v 0.098312 0.270599 -0.324142
v 0.033362 0.191864 -0.336528
v 0.033263 0.270599 -0.337059
v 0.065154 0.364756 -0.327499
v 0.096946 0.364756 -0.319549
v 0.032740 0.364756 -0.332318
v 0.126303 0.132794 -0.307214
v 0.096187 0.132794 -0.317837
v 0.129132 0.191864 -0.312696
v 0.064895 0.132794 -0.325418
v 0.033035 0.132794 -0.330222
v 0.127797 0.364756 -0.308525
v 0.129544 0.270599 -0.312997
v 0.213850 0.191864 -0.261611
v 0.186992 0.191864 -0.281367
v 0.187918 0.270599 -0.281659
v 0.214683 0.270599 -0.261866
v 0.158746 0.191864 -0.298491
v 0.159474 0.270599 -0.298773
v 0.185504 0.364756 -0.277642
v 0.211842 0.364756 -0.258125
v 0.157403 0.364756 -0.294502
v 0.233558 0.132794 -0.235018
v 0.208869 0.132794 -0.257019
v 0.238681 0.191864 -0.239274
v 0.182245 0.132794 -0.276395
v 0.154831 0.132794 -0.293268
v 0.236141 0.364756 -0.236124
v 0.239389 0.270599 -0.239535
v 0.261650 0.191864 0.213885
v 0.281388 0.191864 0.186975
v 0.281695 0.270599 0.187942
v 0.261907 0.270599 0.214722
v 0.298461 0.191864 0.158590
v 0.298794 0.270599 0.159457
v 0.277683 0.364756 0.185543
v 0.258166 0.364755 0.211883
v 0.294541 0.364755 0.157437
v 0.235060 0.132794 0.233600
v 0.257055 0.132794 0.208893
v 0.239315 0.191864 0.238723
v 0.276387 0.132794 0.182148
v 0.293143 0.132794 0.154404
v 0.306856 0.132794 0.125232
v 0.312569 0.191864 0.128704
v 0.312989 0.270599 0.129446
v 0.308560 0.364756 0.127821
v 0.236165 0.364756 0.236183
v 0.239577 0.270599 0.239430
v 0.297860 0.191864 -0.159192
v 0.280547 0.191864 -0.187594
v 0.281445 0.270599 -0.188068
v 0.298616 0.270599 -0.159577
v 0.260873 0.191864 -0.214446
v 0.261676 0.270599 -0.214830
v 0.277651 0.364756 -0.185486
v 0.294519 0.364756 -0.157380
v 0.258137 0.364756 -0.211825
v 0.291718 0.132794 -0.155945
v 0.274394 0.132794 -0.183729
v 0.255213 0.132794 -0.210336
v 0.159233 0.191864 0.297903
v 0.187636 0.191864 0.280589
v 0.188109 0.270599 0.281487
v 0.159618 0.270599 0.298657
v 0.214487 0.191864 0.260915
v 0.214871 0.270599 0.261718
v 0.185527 0.364756 0.277693
v 0.157421 0.364755 0.294560
v 0.211866 0.364756 0.258179
v 0.126934 0.132794 0.306427
v 0.155987 0.132794 0.291762
v 0.129398 0.191864 0.312411
v 0.183771 0.132794 0.274437
v 0.210378 0.132794 0.255256
v 0.127807 0.364756 0.308594
v 0.129623 0.270599 0.312971
v 0.323460 0.191864 0.097296
v 0.331323 0.191864 0.064968
v 0.332105 0.270599 0.065811
v 0.324093 0.270599 0.098099
v 0.336334 0.191864 0.032354
v 0.337031 0.270599 0.032993
v 0.327527 0.364756 0.065154
v 0.319579 0.364755 0.096955
v 0.332350 0.364755 0.032742
v 0.317159 0.132794 0.094194
v 0.324607 0.132794 0.062293
v 0.329705 0.132794 0.030590
v 0.033366 0.191864 0.336605
v 0.066076 0.191864 0.331679
v 0.066110 0.270599 0.332239
v 0.033264 0.270599 0.337140
v 0.098225 0.191864 0.323651
v 0.098346 0.270599 0.324179
v 0.065155 0.364756 0.327580
v 0.032740 0.364756 0.332400
v 0.096950 0.364756 0.319626
v 0.001113 0.132794 0.331853
v 0.033046 0.132794 0.330292
v 0.000470 0.191864 0.338225
v 0.064975 0.132794 0.325393
v 0.096454 0.132794 0.317554
v 0.000017 0.364756 0.334019
v 0.000139 0.270599 0.338777
v -0.260873 0.191864 -0.214446
v -0.280548 0.191864 -0.187594
v -0.281446 0.270599 -0.188068
v -0.261677 0.270599 -0.214830
v -0.297862 0.191864 -0.159192
v -0.298616 0.270599 -0.159577
v -0.277652 0.364756 -0.185486
v -0.258138 0.364756 -0.211825
v -0.294519 0.364756 -0.157380
v -0.255214 0.132794 -0.210337
v -0.274396 0.132795 -0.183730
v -0.291721 0.132794 -0.155946
v -0.097366 0.191864 0.323345
v -0.064960 0.191864 0.331318
v -0.065780 0.270599 0.332132
v -0.098091 0.270599 0.324088
v -0.032317 0.191864 0.336369
v -0.032953 0.270599 0.337070
v -0.065114 0.364756 0.327566
v -0.096918 0.364756 0.319615
v -0.032701 0.364756 0.332391
v -0.094417 0.132794 0.316829
v -0.062330 0.132794 0.324538
v -0.030558 0.132794 0.329732
v 0.093210 0.095938 0.306178
v 0.062841 0.095783 0.313503
v 0.059981 0.075679 0.297673
v 0.090336 0.077291 0.293012
v 0.032257 0.095941 0.318514
v 0.030431 0.077314 0.305073
v 0.026479 0.071769 0.294341
v 0.044539 0.072418 0.288808
v 0.057125 0.073698 0.281056
v 0.071458 0.072347 0.283729
v 0.090402 0.071687 0.281834
v 0.122226 0.095985 0.295482
v 0.116058 0.077428 0.283842
v 0.002235 0.095988 0.320052
v 0.004235 0.077451 0.306820
v 0.010103 0.071881 0.289686
v 0.021582 0.072975 0.286523
v 0.007286 0.071483 0.296246
v 0.035477 0.074727 0.281831
v 0.056000 0.078093 0.273228
v 0.064901 0.076446 0.273777
v 0.047641 0.076563 0.276839
v 0.077853 0.074525 0.274071
v 0.104549 0.071737 0.271145
v 0.109517 0.071410 0.275655
v 0.092490 0.072787 0.273028
v -0.025276 0.074310 0.282790
v -0.022807 0.072469 0.288393
v -0.049424 0.074536 0.294413
v -0.040737 0.073481 0.283872
v -0.010186 0.071757 0.293670
v -0.021011 0.077199 0.303811
v -0.027277 0.095911 0.317482
v -0.057584 0.095664 0.311847
v -0.089418 0.095909 0.304837
v -0.085338 0.077175 0.291256
v -0.086529 0.071671 0.280430
v -0.066592 0.072363 0.281845
v -0.053867 0.074192 0.279174
v -0.013986 0.079053 0.277019
v -0.011360 0.077070 0.279043
v -0.022960 0.077808 0.278086
v -0.006388 0.074886 0.282370
v -0.035049 0.077126 0.278027
v 0.001911 0.072994 0.286437
v -0.120199 0.095985 0.294745
v -0.113495 0.077429 0.282910
v -0.102875 0.071737 0.270532
v -0.090284 0.072801 0.272211
v -0.107300 0.071410 0.274846
v -0.075383 0.074638 0.273076
v -0.055261 0.078805 0.272342
v -0.046749 0.077671 0.275361
v -0.063154 0.076810 0.272827
v -0.281162 0.071671 0.086012
v -0.292061 0.077175 0.084768
v -0.294512 0.074536 0.049364
v -0.282026 0.072363 0.066473
v -0.305463 0.095909 0.088978
v -0.311992 0.095664 0.057491
v -0.317462 0.095911 0.027302
v -0.303784 0.077199 0.021042
v -0.293631 0.071757 0.010225
v -0.288362 0.072469 0.022841
v -0.282751 0.074310 0.025316
v -0.283846 0.073481 0.040768
v -0.279159 0.074192 0.053889
v -0.271800 0.071738 0.101972
v -0.276540 0.071410 0.106089
v -0.272838 0.072801 0.089843
v -0.284875 0.077429 0.112090
v -0.273241 0.074638 0.075276
v -0.296291 0.095985 0.119096
v -0.320011 0.095988 -0.002193
v -0.306779 0.077451 -0.004194
v -0.289645 0.071881 -0.010062
v -0.286395 0.072994 -0.001870
v -0.296205 0.071483 -0.007245
v -0.282328 0.074886 0.006429
v -0.276978 0.079053 0.014027
v -0.278045 0.077808 0.023001
v -0.279001 0.077070 0.011401
v -0.277986 0.077126 0.035090
v -0.272301 0.078806 0.055302
v -0.272811 0.076810 0.063177
v -0.275320 0.077671 0.046790
v -0.136553 0.073803 0.250436
v -0.136299 0.072172 0.255246
v -0.166058 0.073553 0.246713
v -0.151499 0.073013 0.244975
v -0.124869 0.071637 0.265241
v -0.138775 0.077086 0.269475
v -0.148813 0.095887 0.280382
v -0.176274 0.095575 0.262910
v -0.203053 0.095880 0.244745
v -0.197469 0.077020 0.231425
v -0.199614 0.071393 0.217468
v -0.186382 0.071825 0.223651
v -0.182528 0.073286 0.221697
v -0.171369 0.072791 0.232553
v -0.160624 0.073887 0.237101
v -0.123425 0.078099 0.251245
v -0.121755 0.076407 0.253421
v -0.132240 0.076879 0.248598
v -0.118001 0.074508 0.257702
v -0.143299 0.076213 0.244015
v -0.110640 0.072785 0.264462
v -0.227267 0.095978 0.224301
v -0.219499 0.077366 0.213883
v -0.213275 0.071342 0.199982
v -0.205001 0.072242 0.204615
v -0.215064 0.071208 0.205446
v -0.196387 0.073753 0.208457
v -0.189233 0.077044 0.210232
v -0.183218 0.076093 0.216818
v -0.191505 0.075474 0.209867
v -0.174523 0.075740 0.224536
v -0.158370 0.077987 0.232953
v -0.152452 0.076779 0.237980
v -0.165329 0.076578 0.229945
v 0.203081 0.095880 0.244757
v 0.176510 0.095575 0.262998
v 0.166199 0.073553 0.246768
v 0.197485 0.077020 0.231433
v 0.149666 0.095887 0.280694
v 0.139853 0.077086 0.269871
v 0.125858 0.071637 0.265606
v 0.136582 0.072172 0.255354
v 0.136587 0.073803 0.250453
v 0.151516 0.073013 0.244984
v 0.160627 0.073887 0.237103
v 0.171379 0.072791 0.232559
v 0.182531 0.073286 0.221700
v 0.186392 0.071825 0.223657
v 0.199617 0.071393 0.217471
v 0.227268 0.095978 0.224303
v 0.219501 0.077366 0.213884
v 0.111497 0.072785 0.264780
v 0.118267 0.074508 0.257805
v 0.123426 0.078099 0.251249
v 0.132241 0.076879 0.248601
v 0.121790 0.076407 0.253440
v 0.143300 0.076213 0.244017
v 0.158370 0.077986 0.232954
v 0.165329 0.076578 0.229946
v 0.152452 0.076779 0.237981
v 0.174523 0.075740 0.224538
v 0.189233 0.077044 0.210233
v 0.191506 0.075474 0.209868
v 0.183218 0.076093 0.216819
v 0.196388 0.073753 0.208458
v 0.213276 0.071342 0.199983
v 0.215065 0.071208 0.205448
v 0.205001 0.072242 0.204616
v -0.228215 0.071419 0.188857
v -0.237991 0.077099 0.191531
v -0.254615 0.074408 0.159907
v -0.237303 0.071955 0.171434
v -0.248360 0.095900 0.200047
v -0.266898 0.095653 0.173266
v -0.283299 0.095907 0.146701
v -0.273321 0.077164 0.135968
v -0.268238 0.071657 0.122708
v -0.259117 0.072248 0.133478
v -0.253429 0.073812 0.134403
v -0.248801 0.072982 0.148857
v -0.239951 0.073484 0.159185
v -0.219842 0.072251 0.189366
v -0.226556 0.073821 0.176362
v -0.266161 0.072785 0.109426
v -0.259708 0.074508 0.116565
v -0.252512 0.078099 0.122522
v -0.250288 0.076868 0.131041
v -0.255121 0.076407 0.120541
v -0.245952 0.076122 0.141984
v -0.233779 0.077409 0.158239
v -0.231145 0.075684 0.165399
v -0.239453 0.076484 0.151632
v -0.318473 0.095941 -0.032216
v -0.313462 0.095783 -0.062800
v -0.297632 0.075679 -0.059940
v -0.305032 0.077314 -0.030390
v -0.306137 0.095939 -0.093169
v -0.292970 0.077291 -0.090295
v -0.281793 0.071687 -0.090361
v -0.283688 0.072347 -0.071417
v -0.281015 0.073698 -0.057084
v -0.288767 0.072418 -0.044498
v -0.294300 0.071769 -0.026438
v -0.295440 0.095985 -0.122185
v -0.283801 0.077429 -0.116017
v -0.271104 0.071737 -0.104508
v -0.272987 0.072787 -0.092449
v -0.275614 0.071410 -0.109476
v -0.274030 0.074526 -0.077812
v -0.273187 0.078094 -0.055959
v -0.276798 0.076563 -0.047599
v -0.273736 0.076446 -0.064860
v -0.281789 0.074727 -0.035436
v -0.286482 0.072975 -0.021541
v 0.283303 0.095907 0.146704
v 0.266901 0.095653 0.173267
v 0.254620 0.074408 0.159910
v 0.273328 0.077164 0.135971
v 0.248362 0.095900 0.200049
v 0.237993 0.077099 0.191533
v 0.228217 0.071419 0.188858
v 0.237305 0.071955 0.171435
v 0.239953 0.073484 0.159186
v 0.248804 0.072981 0.148858
v 0.253434 0.073812 0.134405
v 0.259124 0.072248 0.133481
v 0.268247 0.071657 0.122712
v 0.296296 0.095985 0.119098
v 0.284883 0.077429 0.112093
v 0.219844 0.072251 0.189367
v 0.226557 0.073821 0.176363
v 0.233780 0.077409 0.158239
v 0.239454 0.076484 0.151632
v 0.231146 0.075683 0.165400
v 0.245954 0.076122 0.141985
v 0.252517 0.078099 0.122524
v 0.255127 0.076407 0.120543
v 0.250292 0.076868 0.131043
v 0.259717 0.074508 0.116568
v 0.271810 0.071737 0.101976
v 0.276550 0.071410 0.106093
v 0.266171 0.072785 0.109430
v 0.134395 0.073812 -0.253399
v 0.133721 0.072248 -0.259178
v 0.160044 0.074408 -0.254638
v 0.148835 0.072981 -0.248766
v 0.123653 0.071657 -0.268553
v 0.137006 0.077164 -0.273670
v 0.147512 0.095907 -0.283565
v 0.173462 0.095653 -0.266943
v 0.200034 0.095899 -0.248329
v 0.191508 0.077099 -0.237956
v 0.188819 0.071419 -0.228175
v 0.171406 0.071955 -0.237266
v 0.159147 0.073484 -0.239911
v 0.122480 0.078099 -0.252471
v 0.120532 0.076407 -0.255091
v 0.131000 0.076868 -0.250247
v 0.116786 0.074508 -0.259762
v 0.141943 0.076122 -0.245911
v 0.103600 0.071737 -0.272361
v 0.108262 0.071410 -0.277298
v 0.110237 0.072785 -0.266428
v 0.114608 0.077429 -0.285757
v 0.121079 0.095985 -0.296980
v 0.224260 0.095977 -0.227226
v 0.213841 0.077366 -0.219458
v 0.199941 0.071342 -0.213234
v 0.189324 0.072251 -0.219801
v 0.205405 0.071208 -0.215023
v 0.176321 0.073821 -0.226515
v 0.158197 0.077409 -0.233738
v 0.151590 0.076484 -0.239412
v 0.165358 0.075684 -0.231103
v 0.026475 0.071769 -0.294260
v 0.030416 0.077314 -0.305007
v 0.059846 0.075679 -0.297769
v 0.044523 0.072418 -0.288741
v 0.032239 0.095941 -0.318452
v 0.062702 0.095783 -0.313607
v 0.092725 0.095939 -0.306760
v 0.089719 0.077291 -0.293772
v 0.089839 0.071687 -0.282516
v 0.071291 0.072347 -0.283865
v 0.057103 0.073698 -0.280995
v 0.010102 0.071881 -0.289603
v 0.007285 0.071483 -0.296163
v 0.021581 0.072974 -0.286440
v 0.004234 0.077451 -0.306737
v 0.035476 0.074727 -0.281746
v 0.002234 0.095988 -0.319969
v 0.092004 0.072787 -0.273603
v 0.077701 0.074526 -0.274186
v 0.055998 0.078093 -0.273141
v 0.047639 0.076563 -0.276753
v 0.064880 0.076446 -0.273714
v 0.281783 0.071687 -0.090357
v 0.292962 0.077291 -0.090291
v 0.297626 0.075679 -0.059938
v 0.283679 0.072347 -0.071413
v 0.306132 0.095938 -0.093167
v 0.313458 0.095783 -0.062798
v 0.318471 0.095941 -0.032215
v 0.305029 0.077314 -0.030389
v 0.294298 0.071769 -0.026437
v 0.288763 0.072418 -0.044496
v 0.281009 0.073698 -0.057081
v 0.271093 0.071737 -0.104503
v 0.275604 0.071410 -0.109472
v 0.272976 0.072787 -0.092445
v 0.283792 0.077429 -0.116013
v 0.274021 0.074525 -0.077808
v 0.295435 0.095985 -0.122182
v 0.320010 0.095988 -0.002192
v 0.306778 0.077451 -0.004193
v 0.289644 0.071881 -0.010061
v 0.286481 0.072974 -0.021540
v 0.296205 0.071483 -0.007244
v 0.281787 0.074727 -0.035435
v 0.273182 0.078093 -0.055957
v 0.273729 0.076446 -0.064857
v 0.276794 0.076563 -0.047598
v 0.282753 0.074310 0.025316
v 0.288364 0.072469 0.022842
v 0.294516 0.074536 0.049366
v 0.283850 0.073481 0.040769
v 0.293632 0.071757 0.010226
v 0.303786 0.077199 0.021043
v 0.317463 0.095911 0.027303
v 0.311995 0.095664 0.057492
v 0.305468 0.095909 0.088980
v 0.292068 0.077175 0.084772
v 0.281172 0.071671 0.086016
v 0.282033 0.072363 0.066476
v 0.279164 0.074192 0.053891
v 0.276979 0.079053 0.014028
v 0.279002 0.077070 0.011401
v 0.278046 0.077808 0.023002
v 0.282329 0.074886 0.006430
v 0.277988 0.077126 0.035091
v 0.286396 0.072994 -0.001869
v 0.272848 0.072801 0.089847
v 0.273249 0.074638 0.075279
v 0.272305 0.078805 0.055304
v 0.275323 0.077671 0.046792
v 0.272818 0.076809 0.063179
v 0.217428 0.071393 -0.199575
v 0.231389 0.077020 -0.197442
v 0.246722 0.073553 -0.166156
v 0.223613 0.071825 -0.186350
v 0.244713 0.095880 -0.203039
v 0.262953 0.095575 -0.176467
v 0.280648 0.095887 -0.149623
v 0.269822 0.077086 -0.139809
v 0.265555 0.071637 -0.125813
v 0.255305 0.072172 -0.136538
v 0.250406 0.073803 -0.136544
v 0.244940 0.073013 -0.151474
v 0.237060 0.073887 -0.160585
v 0.232515 0.072791 -0.171337
v 0.221657 0.073286 -0.182490
v 0.204574 0.072242 -0.204959
v 0.208416 0.073753 -0.196346
v 0.264728 0.072785 -0.111451
v 0.257755 0.074508 -0.118222
v 0.251203 0.078099 -0.123383
v 0.248556 0.076879 -0.132199
v 0.253392 0.076407 -0.121746
v 0.243973 0.076213 -0.143258
v 0.232912 0.077986 -0.158328
v 0.229904 0.076578 -0.165287
v 0.237938 0.076779 -0.152411
v 0.224495 0.075740 -0.174482
v 0.210191 0.077044 -0.189192
v 0.209826 0.075474 -0.191464
v 0.216777 0.076093 -0.183176
v -0.200008 0.095900 -0.248321
v -0.173226 0.095653 -0.266860
v -0.159868 0.074408 -0.254579
v -0.191492 0.077099 -0.237952
v -0.146662 0.095907 -0.283262
v -0.135930 0.077164 -0.273287
v -0.122671 0.071657 -0.268206
v -0.133440 0.072248 -0.259083
v -0.134364 0.073812 -0.253393
v -0.148817 0.072982 -0.248763
v -0.159145 0.073484 -0.239912
v -0.171394 0.071955 -0.237264
v -0.188817 0.071419 -0.228176
v -0.224262 0.095978 -0.227227
v -0.213843 0.077366 -0.219460
v -0.119057 0.095985 -0.296255
v -0.112052 0.077429 -0.284842
v -0.101935 0.071738 -0.271769
v -0.109389 0.072785 -0.266130
v -0.106052 0.071410 -0.276509
v -0.116527 0.074508 -0.259676
v -0.122483 0.078099 -0.252475
v -0.131002 0.076868 -0.250250
v -0.120502 0.076407 -0.255086
v -0.141944 0.076122 -0.245913
v -0.158198 0.077409 -0.233739
v -0.165359 0.075684 -0.231105
v -0.151591 0.076484 -0.239413
v -0.176322 0.073821 -0.226516
v -0.199942 0.071342 -0.213235
v -0.205407 0.071208 -0.215024
v -0.189325 0.072251 -0.219803
v -0.088938 0.095909 -0.305427
v -0.057451 0.095664 -0.311954
v -0.049325 0.074536 -0.294475
v -0.084730 0.077175 -0.292027
v -0.027262 0.095911 -0.317422
v -0.021002 0.077199 -0.303744
v -0.010185 0.071757 -0.293591
v -0.022801 0.072469 -0.288323
v -0.025275 0.074310 -0.282712
v -0.040728 0.073481 -0.283809
v -0.053850 0.074192 -0.279123
v -0.066435 0.072363 -0.281992
v -0.085975 0.071671 -0.281130
v 0.001910 0.072994 -0.286355
v -0.006389 0.074886 -0.282288
v -0.013987 0.079053 -0.276938
v -0.022961 0.077808 -0.278005
v -0.011360 0.077070 -0.278961
v -0.035050 0.077126 -0.277946
v -0.055263 0.078805 -0.272264
v -0.063138 0.076810 -0.272777
v -0.046750 0.077671 -0.275282
v -0.075238 0.074638 -0.273208
v -0.089806 0.072801 -0.272807
v -0.280653 0.095887 -0.149625
v -0.262957 0.095575 -0.176468
v -0.246727 0.073553 -0.166158
v -0.269830 0.077086 -0.139812
v -0.244715 0.095880 -0.203040
v -0.231392 0.077020 -0.197444
v -0.217430 0.071393 -0.199576
v -0.223616 0.071825 -0.186351
v -0.221659 0.073286 -0.182490
v -0.232517 0.072791 -0.171338
v -0.237062 0.073887 -0.160586
v -0.244943 0.073013 -0.151475
v -0.250411 0.073803 -0.136546
v -0.255313 0.072172 -0.136541
v -0.265565 0.071637 -0.125817
v -0.204575 0.072242 -0.204960
v -0.208417 0.073753 -0.196347
v -0.210192 0.077044 -0.189192
v -0.216778 0.076093 -0.183177
v -0.209827 0.075474 -0.191464
v -0.224496 0.075740 -0.174482
v -0.232913 0.077987 -0.158329
v -0.237940 0.076779 -0.152411
v -0.229905 0.076578 -0.165288
v -0.243976 0.076213 -0.143258
v -0.251208 0.078099 -0.123385
v -0.253399 0.076407 -0.121749
v -0.248560 0.076879 -0.132200
v -0.257764 0.074508 -0.118226
v -0.264739 0.072785 -0.111455
v 0.138582 0.216648 -0.138541
v 0.139998 0.221545 -0.127648
v 0.128887 0.226738 -0.128846
v 0.127689 0.221545 -0.139957
v 0.141444 0.225981 -0.116281
v 0.130122 0.231434 -0.117288
v 0.117329 0.231434 -0.130081
v 0.116323 0.225981 -0.141403
v 0.118374 0.236365 -0.118333
v 0.147378 0.206318 -0.147337
v 0.148961 0.211288 -0.137217
v 0.137258 0.211288 -0.148920
v 0.150626 0.215849 -0.126543
v 0.152307 0.219997 -0.115361
v 0.153937 0.223731 -0.103718
v 0.142860 0.229960 -0.104480
v 0.131340 0.235641 -0.105319
v 0.119413 0.240778 -0.106195
v 0.107112 0.245377 -0.107071
v 0.106236 0.240778 -0.119372
v 0.105360 0.235641 -0.131299
v 0.104522 0.229960 -0.142819
v 0.115402 0.219997 -0.152266
v 0.103759 0.223731 -0.153896
v 0.126584 0.215849 -0.150585
v 0.092328 0.233484 -0.144149
v 0.093018 0.239361 -0.132452
v 0.080348 0.242595 -0.133512
v 0.079787 0.236550 -0.145363
v 0.093744 0.244679 -0.120362
v 0.080938 0.248067 -0.121277
v 0.067394 0.245338 -0.134456
v 0.066949 0.239155 -0.146439
v 0.067864 0.250940 -0.122097
v 0.091702 0.227044 -0.155416
v 0.094473 0.249441 -0.107911
v 0.081535 0.252969 -0.108693
v 0.068341 0.255960 -0.109397
v 0.054933 0.258411 -0.110003
v 0.054564 0.253295 -0.122800
v 0.054202 0.247589 -0.135262
v 0.053862 0.241294 -0.147353
v 0.066550 0.232390 -0.158010
v 0.053556 0.234411 -0.159037
v 0.079283 0.229933 -0.156795
v 0.144190 0.233484 -0.092286
v 0.145404 0.236550 -0.079746
v 0.133553 0.242595 -0.080306
v 0.132494 0.239361 -0.092977
v 0.146480 0.239155 -0.066908
v 0.134498 0.245338 -0.067352
v 0.121318 0.248067 -0.080897
v 0.120403 0.244679 -0.093703
v 0.122138 0.250940 -0.067823
v 0.155457 0.227044 -0.091661
v 0.156836 0.229933 -0.079242
v 0.158051 0.232390 -0.066509
v 0.159078 0.234411 -0.053515
v 0.147394 0.241294 -0.053820
v 0.135303 0.247589 -0.054161
v 0.122841 0.253295 -0.054523
v 0.110044 0.258411 -0.054892
v 0.109438 0.255960 -0.068300
v 0.108734 0.252969 -0.081494
v 0.107952 0.249441 -0.094432
v 0.095176 0.253649 -0.095135
v 0.095835 0.257302 -0.082074
v 0.082660 0.261063 -0.082619
v 0.082115 0.257302 -0.095794
v 0.096431 0.260398 -0.068766
v 0.083156 0.264252 -0.069207
v 0.069248 0.264252 -0.083115
v 0.068808 0.260398 -0.096390
v 0.069651 0.267519 -0.069609
v 0.096947 0.262935 -0.055253
v 0.083587 0.266865 -0.055597
v 0.070001 0.270197 -0.055911
v 0.056227 0.272929 -0.056186
v 0.055952 0.270197 -0.069960
v 0.055638 0.266865 -0.083546
v 0.055294 0.262935 -0.096906
v 0.167239 0.177249 -0.167198
v 0.169156 0.181218 -0.160459
v 0.161849 0.186215 -0.161808
v 0.160500 0.181218 -0.169115
v 0.171519 0.185016 -0.152669
v 0.163691 0.190799 -0.153670
v 0.153711 0.190799 -0.163649
v 0.152710 0.185016 -0.171477
v 0.155162 0.196072 -0.155121
v 0.170717 0.170702 -0.170676
v 0.172798 0.172783 -0.166339
v 0.166380 0.172783 -0.172757
v 0.175608 0.175593 -0.159930
v 0.178630 0.178615 -0.152296
v 0.181721 0.181706 -0.143686
v 0.174089 0.188690 -0.143971
v 0.165812 0.195078 -0.144752
v 0.156903 0.200933 -0.145912
v 0.145954 0.200933 -0.156862
v 0.144793 0.195078 -0.165771
v 0.144012 0.188690 -0.174048
v 0.152337 0.178615 -0.178589
v 0.143727 0.181706 -0.181680
v 0.159971 0.175593 -0.175567
v 0.134537 0.192236 -0.176679
v 0.135157 0.199117 -0.168007
v 0.124868 0.202905 -0.170270
v 0.124373 0.195618 -0.179289
v 0.136091 0.205455 -0.158748
v 0.125625 0.209642 -0.160696
v 0.113996 0.206412 -0.172492
v 0.113595 0.198790 -0.181811
v 0.114612 0.213478 -0.162636
v 0.134313 0.184776 -0.184750
v 0.103109 0.216948 -0.164499
v 0.102606 0.209609 -0.174602
v 0.102280 0.201708 -0.184182
v 0.113452 0.190600 -0.190574
v 0.102165 0.193240 -0.193214
v 0.124195 0.187759 -0.187733
v 0.090502 0.204333 -0.186342
v 0.090765 0.212469 -0.176539
v 0.078531 0.214977 -0.178274
v 0.078321 0.206645 -0.188266
v 0.091173 0.220039 -0.166222
v 0.078857 0.222741 -0.167775
v 0.065959 0.217124 -0.179786
v 0.065795 0.208631 -0.189933
v 0.066215 0.225045 -0.169136
v 0.090409 0.195631 -0.195605
v 0.053301 0.226944 -0.170280
v 0.053105 0.218897 -0.181052
v 0.052981 0.210277 -0.191324
v 0.065737 0.199573 -0.199547
v 0.052937 0.201091 -0.201065
v 0.078247 0.197748 -0.197722
v 0.039937 0.211569 -0.192421
v 0.040027 0.220286 -0.182054
v 0.026778 0.221285 -0.182781
v 0.026720 0.212499 -0.193215
v 0.040167 0.228429 -0.171189
v 0.026869 0.229496 -0.171850
v 0.013417 0.221888 -0.183224
v 0.013389 0.213062 -0.193697
v 0.013462 0.230139 -0.172253
v 0.039905 0.202285 -0.202259
v 0.040352 0.235991 -0.159855
v 0.026989 0.237123 -0.160452
v 0.013521 0.237806 -0.160817
v -0.000000 0.238034 -0.160941
v -0.000000 0.230355 -0.172390
v -0.000000 0.222091 -0.183373
v -0.000000 0.213251 -0.193860
v 0.013379 0.203670 -0.203644
v -0.000000 0.203845 -0.203819
v 0.026700 0.203147 -0.203121
v 0.040573 0.242963 -0.148083
v 0.040819 0.249345 -0.135909
v 0.027293 0.250602 -0.136384
v 0.027132 0.244160 -0.148618
v 0.041082 0.255131 -0.123367
v 0.027464 0.256446 -0.123785
v 0.013670 0.251358 -0.136677
v 0.013591 0.244880 -0.148947
v 0.013755 0.257236 -0.124043
v 0.041351 0.260322 -0.110493
v 0.027640 0.261689 -0.110856
v 0.013841 0.262510 -0.111082
v -0.000000 0.262785 -0.111159
v -0.000000 0.257500 -0.124131
v -0.000000 0.251611 -0.136777
v -0.000000 0.245121 -0.149059
v 0.041616 0.264912 -0.097324
v 0.041868 0.268901 -0.083897
v 0.027978 0.270358 -0.084158
v 0.027813 0.266327 -0.097636
v 0.042100 0.272284 -0.070247
v 0.028131 0.273777 -0.070461
v 0.014009 0.271233 -0.084322
v 0.013927 0.267177 -0.097829
v 0.014085 0.274674 -0.070596
v 0.042303 0.275057 -0.056412
v 0.028265 0.276580 -0.056581
v 0.014151 0.277496 -0.056687
v -0.000000 0.277802 -0.056724
v -0.000000 0.274973 -0.070642
v -0.000000 0.271525 -0.084378
v -0.000000 0.267461 -0.097896
v 0.042469 0.277219 -0.042428
v 0.042595 0.278766 -0.028334
v 0.028458 0.280330 -0.028417
v 0.028375 0.278766 -0.042554
v 0.042674 0.279696 -0.014165
v 0.028510 0.281270 -0.014206
v 0.014247 0.281270 -0.028469
v 0.014206 0.279696 -0.042633
v 0.014273 0.282217 -0.014232
v 0.056453 0.275057 -0.042261
v 0.056622 0.276580 -0.028223
v 0.056728 0.277496 -0.014110
v 0.056765 0.277802 0.000041
v 0.042701 0.280006 0.000041
v 0.028528 0.281584 0.000041
v 0.014282 0.282533 0.000041
v -0.000000 0.282850 0.000041
v -0.000000 0.282533 -0.014241
v -0.000000 0.281584 -0.028487
v -0.000000 0.280006 -0.042660
v 0.097366 0.264912 -0.041575
v 0.097677 0.266327 -0.027772
v 0.084199 0.270358 -0.027937
v 0.083938 0.268901 -0.041827
v 0.097870 0.267177 -0.013886
v 0.084363 0.271233 -0.013968
v 0.070502 0.273777 -0.028090
v 0.070288 0.272284 -0.042058
v 0.070637 0.274674 -0.014044
v 0.110534 0.260322 -0.041310
v 0.110898 0.261689 -0.027598
v 0.111123 0.262510 -0.013800
v 0.111200 0.262785 0.000041
v 0.097937 0.267461 0.000041
v 0.084419 0.271525 0.000041
v 0.070683 0.274973 0.000041
v 0.148125 0.242963 -0.040531
v 0.148659 0.244160 -0.027091
v 0.136425 0.250602 -0.027252
v 0.135950 0.249345 -0.040778
v 0.148988 0.244880 -0.013550
v 0.136718 0.251358 -0.013629
v 0.123826 0.256446 -0.027423
v 0.123408 0.255131 -0.041041
v 0.124084 0.257236 -0.013714
v 0.159896 0.235991 -0.040311
v 0.160493 0.237123 -0.026948
v 0.160859 0.237806 -0.013480
v 0.160983 0.238034 0.000041
v 0.149100 0.245121 0.000041
v 0.136818 0.251611 0.000041
v 0.124173 0.257500 0.000041
v 0.192462 0.211569 -0.039896
v 0.193256 0.212499 -0.026679
v 0.182822 0.221285 -0.026737
v 0.182096 0.220286 -0.039985
v 0.193738 0.213062 -0.013348
v 0.183265 0.221888 -0.013376
v 0.171891 0.229496 -0.026828
v 0.171230 0.228429 -0.040126
v 0.172295 0.230139 -0.013421
v 0.201106 0.201091 -0.052896
v 0.202300 0.202285 -0.039864
v 0.191365 0.210277 -0.052940
v 0.203162 0.203147 -0.026659
v 0.203685 0.203670 -0.013338
v 0.203861 0.203845 0.000041
v 0.193901 0.213251 0.000041
v 0.183414 0.222091 0.000041
v 0.172431 0.230355 0.000041
v 0.170322 0.226944 -0.053260
v 0.181094 0.218897 -0.053064
v 0.186383 0.204333 -0.090461
v 0.188307 0.206645 -0.078280
v 0.178315 0.214977 -0.078489
v 0.176580 0.212469 -0.090724
v 0.189974 0.208631 -0.065754
v 0.179827 0.217124 -0.065918
v 0.167816 0.222741 -0.078816
v 0.166263 0.220039 -0.091132
v 0.169177 0.225045 -0.066174
v 0.193256 0.193240 -0.102124
v 0.195646 0.195631 -0.090368
v 0.184223 0.201708 -0.102239
v 0.197763 0.197748 -0.078206
v 0.199589 0.199573 -0.065696
v 0.164540 0.216948 -0.103068
v 0.174643 0.209609 -0.102565
v 0.176720 0.192236 -0.134496
v 0.179330 0.195618 -0.124332
v 0.170312 0.202905 -0.124827
v 0.168048 0.199117 -0.135116
v 0.181852 0.198789 -0.113554
v 0.172533 0.206412 -0.113954
v 0.160737 0.209642 -0.125583
v 0.158789 0.205455 -0.136050
v 0.162678 0.213478 -0.114571
v 0.184791 0.184775 -0.134272
v 0.187774 0.187759 -0.124154
v 0.190615 0.190600 -0.113411
v -0.066950 0.239155 -0.146439
v -0.067394 0.245338 -0.134456
v -0.080348 0.242595 -0.133512
v -0.079788 0.236550 -0.145363
v -0.067864 0.250940 -0.122097
v -0.080939 0.248067 -0.121277
v -0.093018 0.239361 -0.132452
v -0.092328 0.233484 -0.144149
v -0.093744 0.244679 -0.120362
v -0.053557 0.234411 -0.159037
v -0.053862 0.241294 -0.147353
v -0.066551 0.232390 -0.158010
v -0.054202 0.247589 -0.135262
v -0.054564 0.253295 -0.122800
v -0.054933 0.258411 -0.110003
v -0.068342 0.255960 -0.109397
v -0.081535 0.252969 -0.108693
v -0.094473 0.249441 -0.107911
v -0.107112 0.245377 -0.107071
v -0.106237 0.240778 -0.119372
v -0.105360 0.235641 -0.131299
v -0.104522 0.229960 -0.142819
v -0.091703 0.227044 -0.155416
v -0.103759 0.223731 -0.153896
v -0.079283 0.229933 -0.156795
v -0.116323 0.225981 -0.141403
v -0.117329 0.231434 -0.130081
v -0.128887 0.226738 -0.128846
v -0.127690 0.221545 -0.139957
v -0.118375 0.236365 -0.118333
v -0.130122 0.231434 -0.117288
v -0.139998 0.221545 -0.127648
v -0.138582 0.216648 -0.138541
v -0.141444 0.225981 -0.116282
v -0.115402 0.219997 -0.152266
v -0.119413 0.240778 -0.106195
v -0.131341 0.235641 -0.105319
v -0.142860 0.229960 -0.104480
v -0.153937 0.223731 -0.103718
v -0.152307 0.219997 -0.115361
v -0.150626 0.215849 -0.126543
v -0.148961 0.211288 -0.137217
v -0.137258 0.211288 -0.148920
v -0.147379 0.206318 -0.147337
v -0.126584 0.215849 -0.150585
v -0.068808 0.260398 -0.096390
v -0.069248 0.264252 -0.083115
v -0.082661 0.261063 -0.082619
v -0.082115 0.257302 -0.095794
v -0.069651 0.267519 -0.069609
v -0.083156 0.264252 -0.069207
v -0.095835 0.257302 -0.082074
v -0.095177 0.253649 -0.095135
v -0.096431 0.260398 -0.068766
v -0.055295 0.262935 -0.096906
v -0.055638 0.266865 -0.083546
v -0.055952 0.270197 -0.069960
v -0.056227 0.272929 -0.056186
v -0.070001 0.270197 -0.055911
v -0.083587 0.266865 -0.055597
v -0.096947 0.262935 -0.055253
v -0.110044 0.258411 -0.054892
v -0.109438 0.255960 -0.068300
v -0.108734 0.252969 -0.081494
v -0.107952 0.249441 -0.094432
v -0.120403 0.244679 -0.093703
v -0.121319 0.248067 -0.080897
v -0.133554 0.242595 -0.080306
v -0.132494 0.239361 -0.092977
v -0.122139 0.250940 -0.067823
v -0.134498 0.245338 -0.067352
v -0.145404 0.236550 -0.079746
v -0.144190 0.233484 -0.092286
v -0.146480 0.239155 -0.066908
v -0.122842 0.253295 -0.054523
v -0.135303 0.247589 -0.054161
v -0.147394 0.241294 -0.053820
v -0.159078 0.234411 -0.053515
v -0.158051 0.232390 -0.066509
v -0.156837 0.229933 -0.079242
v -0.155457 0.227044 -0.091661
v -0.013389 0.213062 -0.193697
v -0.013418 0.221888 -0.183224
v -0.026779 0.221285 -0.182781
v -0.026721 0.212499 -0.193215
v -0.013462 0.230139 -0.172253
v -0.026870 0.229496 -0.171850
v -0.040027 0.220286 -0.182054
v -0.039937 0.211569 -0.192421
v -0.040168 0.228429 -0.171189
v -0.013379 0.203670 -0.203644
v -0.013521 0.237806 -0.160817
v -0.026989 0.237123 -0.160452
v -0.040352 0.235991 -0.159855
v -0.053301 0.226944 -0.170280
v -0.053106 0.218897 -0.181052
v -0.052981 0.210277 -0.191324
v -0.039905 0.202285 -0.202259
v -0.052937 0.201091 -0.201065
v -0.026700 0.203147 -0.203121
v -0.065795 0.208631 -0.189933
v -0.065959 0.217124 -0.179786
v -0.078531 0.214977 -0.178274
v -0.078321 0.206645 -0.188266
v -0.066216 0.225045 -0.169136
v -0.078857 0.222741 -0.167775
v -0.090765 0.212469 -0.176539
v -0.090502 0.204333 -0.186342
v -0.091173 0.220039 -0.166222
v -0.065737 0.199573 -0.199547
v -0.103110 0.216948 -0.164499
v -0.102606 0.209609 -0.174602
v -0.102280 0.201708 -0.184182
v -0.090409 0.195631 -0.195605
v -0.102165 0.193240 -0.193214
v -0.078247 0.197748 -0.197722
v -0.113595 0.198790 -0.181811
v -0.113996 0.206412 -0.172492
v -0.124869 0.202905 -0.170270
v -0.124373 0.195618 -0.179289
v -0.114612 0.213478 -0.162636
v -0.125625 0.209642 -0.160696
v -0.135157 0.199117 -0.168007
v -0.134538 0.192236 -0.176679
v -0.136091 0.205455 -0.158748
v -0.113452 0.190600 -0.190574
v -0.145954 0.200933 -0.156862
v -0.144793 0.195078 -0.165771
v -0.144013 0.188690 -0.174048
v -0.134313 0.184776 -0.184750
v -0.143727 0.181706 -0.181680
v -0.124195 0.187759 -0.187733
v -0.152711 0.185016 -0.171477
v -0.153711 0.190799 -0.163650
v -0.161850 0.186216 -0.161808
v -0.160500 0.181218 -0.169115
v -0.155163 0.196072 -0.155121
v -0.163691 0.190799 -0.153670
v -0.169156 0.181218 -0.160459
v -0.167239 0.177249 -0.167198
v -0.171519 0.185016 -0.152669
v -0.152337 0.178615 -0.178589
v -0.156903 0.200933 -0.145912
v -0.165812 0.195078 -0.144752
v -0.174090 0.188691 -0.143971
v -0.181722 0.181706 -0.143686
v -0.178630 0.178615 -0.152296
v -0.175608 0.175593 -0.159930
v -0.172798 0.172783 -0.166339
v -0.166380 0.172783 -0.172757
v -0.170717 0.170702 -0.170676
v -0.159971 0.175593 -0.175567
v -0.158790 0.205455 -0.136050
v -0.160738 0.209642 -0.125583
v -0.170312 0.202905 -0.124827
v -0.168048 0.199117 -0.135116
v -0.162678 0.213478 -0.114571
v -0.172533 0.206412 -0.113954
v -0.179330 0.195618 -0.124332
v -0.176721 0.192236 -0.134496
v -0.181853 0.198789 -0.113554
v -0.164540 0.216948 -0.103068
v -0.174643 0.209609 -0.102565
v -0.184223 0.201708 -0.102239
v -0.193256 0.193240 -0.102124
v -0.190615 0.190600 -0.113411
v -0.187774 0.187759 -0.124154
v -0.184791 0.184776 -0.134272
v -0.166263 0.220039 -0.091132
v -0.167816 0.222741 -0.078816
v -0.178316 0.214977 -0.078489
v -0.176581 0.212469 -0.090724
v -0.169177 0.225045 -0.066174
v -0.179827 0.217124 -0.065918
v -0.188307 0.206645 -0.078280
v -0.186383 0.204333 -0.090461
v -0.189974 0.208631 -0.065754
v -0.170322 0.226944 -0.053260
v -0.181094 0.218897 -0.053064
v -0.191365 0.210277 -0.052940
v -0.201106 0.201091 -0.052896
v -0.199589 0.199573 -0.065696
v -0.197763 0.197748 -0.078206
v -0.195646 0.195631 -0.090368
v -0.171230 0.228429 -0.040126
v -0.171891 0.229496 -0.026828
v -0.182822 0.221285 -0.026737
v -0.182096 0.220286 -0.039985
v -0.172295 0.230139 -0.013421
v -0.183265 0.221888 -0.013376
v -0.193256 0.212499 -0.026679
v -0.192462 0.211569 -0.039896
v -0.193738 0.213062 -0.013348
v -0.159896 0.235991 -0.040311
v -0.160493 0.237123 -0.026948
v -0.160859 0.237806 -0.013480
v -0.160983 0.238034 0.000041
v -0.172431 0.230355 0.000041
v -0.183414 0.222091 0.000041
v -0.193901 0.213251 0.000041
v -0.203861 0.203845 0.000041
v -0.203685 0.203670 -0.013338
v -0.203163 0.203147 -0.026659
v -0.202301 0.202285 -0.039864
v -0.123408 0.255131 -0.041041
v -0.123826 0.256446 -0.027423
v -0.136425 0.250602 -0.027252
v -0.135950 0.249345 -0.040778
v -0.124084 0.257236 -0.013714
v -0.136718 0.251358 -0.013629
v -0.148659 0.244160 -0.027091
v -0.148125 0.242964 -0.040531
v -0.148988 0.244880 -0.013550
v -0.110535 0.260322 -0.041310
v -0.110898 0.261689 -0.027598
v -0.111123 0.262510 -0.013800
v -0.111201 0.262785 0.000041
v -0.124173 0.257500 0.000041
v -0.136818 0.251611 0.000041
v -0.149100 0.245121 0.000041
v -0.070288 0.272284 -0.042058
v -0.070503 0.273777 -0.028090
v -0.084200 0.270358 -0.027937
v -0.083938 0.268901 -0.041827
v -0.070637 0.274674 -0.014044
v -0.084363 0.271233 -0.013968
v -0.097677 0.266327 -0.027772
v -0.097366 0.264912 -0.041575
v -0.097871 0.267177 -0.013886
v -0.056453 0.275057 -0.042261
v -0.056622 0.276580 -0.028223
v -0.056728 0.277496 -0.014110
v -0.056765 0.277802 0.000041
v -0.070683 0.274973 0.000041
v -0.084420 0.271525 0.000041
v -0.097937 0.267461 0.000041
v -0.014206 0.279696 -0.042633
v -0.014247 0.281270 -0.028469
v -0.028458 0.280330 -0.028417
v -0.028375 0.278766 -0.042554
v -0.014273 0.282217 -0.014232
v -0.028510 0.281270 -0.014206
v -0.042595 0.278766 -0.028334
v -0.042470 0.277219 -0.042428
v -0.042674 0.279696 -0.014165
v -0.014151 0.277496 -0.056687
v -0.014282 0.282533 0.000041
v -0.028528 0.281584 0.000041
v -0.042701 0.280006 0.000041
v -0.042303 0.275057 -0.056412
v -0.028265 0.276580 -0.056581
v -0.013927 0.267177 -0.097829
v -0.014009 0.271233 -0.084322
v -0.027979 0.270358 -0.084158
v -0.027813 0.266327 -0.097636
v -0.014085 0.274674 -0.070596
v -0.028131 0.273777 -0.070461
v -0.041868 0.268901 -0.083897
v -0.041616 0.264912 -0.097324
v -0.042100 0.272284 -0.070247
v -0.013842 0.262510 -0.111082
v -0.041351 0.260322 -0.110493
v -0.027640 0.261689 -0.110856
v -0.013591 0.244880 -0.148947
v -0.013671 0.251358 -0.136677
v -0.027293 0.250602 -0.136384
v -0.027132 0.244160 -0.148618
v -0.013755 0.257236 -0.124043
v -0.027464 0.256446 -0.123784
v -0.040820 0.249345 -0.135909
v -0.040573 0.242964 -0.148083
v -0.041083 0.255131 -0.123367
v 0.146480 0.239155 0.066991
v 0.145404 0.236550 0.079829
v 0.133553 0.242595 0.080389
v 0.134498 0.245338 0.067435
v 0.144190 0.233484 0.092369
v 0.132494 0.239361 0.093060
v 0.121318 0.248067 0.080980
v 0.122138 0.250940 0.067905
v 0.120403 0.244679 0.093785
v 0.159078 0.234411 0.053598
v 0.158051 0.232390 0.066592
v 0.147394 0.241294 0.053903
v 0.156836 0.229933 0.079324
v 0.155457 0.227044 0.091744
v 0.153937 0.223731 0.103800
v 0.142860 0.229960 0.104563
v 0.131340 0.235641 0.105401
v 0.119413 0.240778 0.106278
v 0.107112 0.245377 0.107153
v 0.107952 0.249441 0.094514
v 0.108734 0.252969 0.081577
v 0.109438 0.255960 0.068383
v 0.122841 0.253295 0.054605
v 0.110044 0.258411 0.054974
v 0.135303 0.247589 0.054244
v 0.096431 0.260398 0.068849
v 0.095835 0.257302 0.082156
v 0.082660 0.261063 0.082702
v 0.083156 0.264252 0.069290
v 0.095176 0.253649 0.095218
v 0.082115 0.257302 0.095877
v 0.069248 0.264252 0.083197
v 0.069650 0.267519 0.069692
v 0.068808 0.260398 0.096473
v 0.096947 0.262935 0.055336
v 0.094473 0.249441 0.107994
v 0.081535 0.252969 0.108775
v 0.068341 0.255960 0.109479
v 0.054933 0.258411 0.110085
v 0.055294 0.262935 0.096988
v 0.055638 0.266865 0.083628
v 0.055952 0.270197 0.070042
v 0.070001 0.270197 0.055994
v 0.056227 0.272929 0.056269
v 0.083587 0.266865 0.055679
v 0.141444 0.225981 0.116364
v 0.139998 0.221545 0.127731
v 0.128887 0.226738 0.128928
v 0.130122 0.231434 0.117370
v 0.138582 0.216648 0.138624
v 0.127690 0.221545 0.140039
v 0.117329 0.231434 0.130163
v 0.118374 0.236365 0.118416
v 0.116323 0.225981 0.141486
v 0.152307 0.219997 0.115443
v 0.150626 0.215849 0.126625
v 0.148961 0.211288 0.137300
v 0.147379 0.206318 0.147420
v 0.137258 0.211288 0.149002
v 0.126584 0.215849 0.150667
v 0.115402 0.219997 0.152348
v 0.103759 0.223731 0.153978
v 0.104522 0.229960 0.142901
v 0.105360 0.235641 0.131382
v 0.106236 0.240778 0.119454
v 0.093744 0.244679 0.120444
v 0.093018 0.239361 0.132535
v 0.080348 0.242595 0.133595
v 0.080938 0.248067 0.121360
v 0.092328 0.233484 0.144231
v 0.079787 0.236550 0.145446
v 0.067394 0.245338 0.134539
v 0.067864 0.250940 0.122180
v 0.066949 0.239155 0.146521
v 0.091702 0.227044 0.155499
v 0.079283 0.229933 0.156878
v 0.066550 0.232390 0.158092
v 0.053556 0.234411 0.159120
v 0.053862 0.241294 0.147435
v 0.054202 0.247589 0.135345
v 0.054564 0.253295 0.122883
v 0.193738 0.213062 0.013430
v 0.193256 0.212499 0.026762
v 0.182822 0.221285 0.026820
v 0.183265 0.221888 0.013459
v 0.192462 0.211569 0.039978
v 0.182096 0.220286 0.040068
v 0.171891 0.229496 0.026911
v 0.172295 0.230139 0.013503
v 0.171230 0.228429 0.040209
v 0.203685 0.203670 0.013420
v 0.203162 0.203147 0.026741
v 0.202300 0.202285 0.039947
v 0.201106 0.201091 0.052978
v 0.191365 0.210277 0.053022
v 0.181094 0.218897 0.053147
v 0.170322 0.226944 0.053342
v 0.159896 0.235991 0.040393
v 0.160493 0.237123 0.027030
v 0.160859 0.237806 0.013562
v 0.148988 0.244880 0.013633
v 0.148659 0.244160 0.027174
v 0.136425 0.250602 0.027334
v 0.136718 0.251358 0.013712
v 0.148125 0.242963 0.040614
v 0.135950 0.249345 0.040861
v 0.123826 0.256446 0.027505
v 0.124084 0.257236 0.013796
v 0.123408 0.255131 0.041124
v 0.110534 0.260321 0.041393
v 0.110898 0.261689 0.027681
v 0.111123 0.262510 0.013883
v 0.097870 0.267177 0.013968
v 0.097677 0.266327 0.027854
v 0.084199 0.270358 0.028020
v 0.084363 0.271233 0.014050
v 0.097366 0.264912 0.041657
v 0.083938 0.268901 0.041909
v 0.070502 0.273777 0.028172
v 0.070637 0.274674 0.014126
v 0.070288 0.272284 0.042141
v 0.056453 0.275057 0.042344
v 0.056622 0.276580 0.028306
v 0.056728 0.277496 0.014192
v 0.042674 0.279696 0.014247
v 0.042595 0.278766 0.028416
v 0.028458 0.280330 0.028499
v 0.028510 0.281270 0.014288
v 0.042469 0.277219 0.042511
v 0.028375 0.278766 0.042636
v 0.014247 0.281270 0.028551
v 0.014273 0.282217 0.014314
v 0.014206 0.279696 0.042715
v 0.042303 0.275057 0.056494
v 0.028265 0.276580 0.056663
v 0.014151 0.277496 0.056770
v -0.000000 0.277802 0.056806
v -0.000000 0.280006 0.042743
v -0.000000 0.281584 0.028569
v -0.000000 0.282533 0.014324
v 0.042100 0.272284 0.070329
v 0.041868 0.268901 0.083979
v 0.027978 0.270358 0.084241
v 0.028131 0.273777 0.070544
v 0.041616 0.264912 0.097407
v 0.027813 0.266327 0.097718
v 0.014009 0.271233 0.084404
v 0.014085 0.274674 0.070678
v 0.013927 0.267177 0.097912
v 0.041351 0.260322 0.110576
v 0.027640 0.261689 0.110939
v 0.013841 0.262510 0.111164
v -0.000000 0.262785 0.111242
v -0.000000 0.267461 0.097978
v -0.000000 0.271525 0.084461
v -0.000000 0.274973 0.070725
v 0.041082 0.255131 0.123449
v 0.040819 0.249345 0.135991
v 0.027293 0.250602 0.136466
v 0.027464 0.256446 0.123867
v 0.040573 0.242963 0.148166
v 0.027132 0.244160 0.148701
v 0.013670 0.251358 0.136759
v 0.013755 0.257236 0.124125
v 0.013591 0.244880 0.149029
v 0.040352 0.235991 0.159938
v 0.026989 0.237123 0.160534
v 0.013521 0.237806 0.160900
v -0.000000 0.238034 0.161024
v -0.000000 0.245121 0.149141
v -0.000000 0.251611 0.136859
v -0.000000 0.257500 0.124214
v 0.040167 0.228429 0.171272
v 0.040027 0.220286 0.182137
v 0.026778 0.221285 0.182864
v 0.026869 0.229496 0.171932
v 0.039937 0.211569 0.192504
v 0.026720 0.212499 0.193297
v 0.013417 0.221888 0.183306
v 0.013462 0.230139 0.172336
v 0.013389 0.213062 0.193780
v 0.053301 0.226944 0.170363
v 0.053105 0.218897 0.181135
v 0.052981 0.210277 0.191406
v 0.052937 0.201091 0.201148
v 0.039905 0.202285 0.202342
v 0.026700 0.203147 0.203204
v 0.013379 0.203670 0.203726
v -0.000000 0.203845 0.203902
v -0.000000 0.213251 0.193942
v -0.000000 0.222091 0.183455
v -0.000000 0.230355 0.172473
v 0.091173 0.220039 0.166304
v 0.090765 0.212469 0.176622
v 0.078531 0.214977 0.178357
v 0.078857 0.222741 0.167858
v 0.090502 0.204333 0.186425
v 0.078321 0.206645 0.188348
v 0.065959 0.217124 0.179868
v 0.066215 0.225045 0.169218
v 0.065795 0.208631 0.190015
v 0.103109 0.216948 0.164581
v 0.102606 0.209609 0.174684
v 0.102280 0.201708 0.184264
v 0.102165 0.193240 0.193297
v 0.090409 0.195631 0.195688
v 0.078247 0.197748 0.197804
v 0.065737 0.199573 0.199630
v 0.136091 0.205455 0.158831
v 0.135157 0.199117 0.168089
v 0.124868 0.202905 0.170353
v 0.125625 0.209642 0.160779
v 0.134537 0.192236 0.176762
v 0.124373 0.195618 0.179371
v 0.113996 0.206412 0.172574
v 0.114612 0.213478 0.162719
v 0.113595 0.198789 0.181894
v 0.145954 0.200933 0.156944
v 0.144793 0.195078 0.165853
v 0.144012 0.188691 0.174131
v 0.143727 0.181706 0.181763
v 0.134313 0.184775 0.184832
v 0.124195 0.187759 0.187816
v 0.113452 0.190600 0.190656
v 0.171518 0.185016 0.152752
v 0.169156 0.181218 0.160541
v 0.161849 0.186215 0.161891
v 0.163691 0.190799 0.153752
v 0.167239 0.177249 0.167280
v 0.160500 0.181218 0.169197
v 0.153711 0.190799 0.163732
v 0.155162 0.196072 0.155204
v 0.152710 0.185016 0.171560
v 0.181721 0.181706 0.143768
v 0.178630 0.178615 0.152378
v 0.174089 0.188690 0.144054
v 0.175608 0.175593 0.160012
v 0.172798 0.172783 0.166421
v 0.170717 0.170702 0.170759
v 0.166380 0.172783 0.172840
v 0.159971 0.175593 0.175650
v 0.152337 0.178615 0.178671
v 0.156903 0.200933 0.145995
v 0.165812 0.195078 0.144835
v 0.181852 0.198789 0.113636
v 0.179330 0.195618 0.124414
v 0.170312 0.202905 0.124910
v 0.172533 0.206412 0.114037
v 0.176720 0.192236 0.134579
v 0.168048 0.199117 0.135198
v 0.160738 0.209641 0.125666
v 0.162678 0.213478 0.114653
v 0.158790 0.205455 0.136132
v 0.193256 0.193240 0.102206
v 0.190615 0.190600 0.113493
v 0.184223 0.201708 0.102322
v 0.187774 0.187759 0.124236
v 0.184791 0.184775 0.134354
v 0.164540 0.216948 0.103151
v 0.174643 0.209609 0.102647
v 0.189974 0.208631 0.065836
v 0.188307 0.206645 0.078362
v 0.178315 0.214977 0.078572
v 0.179827 0.217124 0.066000
v 0.186383 0.204333 0.090543
v 0.176580 0.212469 0.090806
v 0.167816 0.222741 0.078899
v 0.169177 0.225045 0.066257
v 0.166263 0.220039 0.091214
v 0.199589 0.199573 0.065778
v 0.197763 0.197748 0.078288
v 0.195646 0.195631 0.090450
v -0.069651 0.267519 0.069692
v -0.069248 0.264252 0.083197
v -0.082661 0.261063 0.082702
v -0.083156 0.264252 0.069290
v -0.068808 0.260398 0.096473
v -0.082115 0.257302 0.095877
v -0.095835 0.257302 0.082156
v -0.096431 0.260398 0.068849
v -0.095177 0.253649 0.095218
v -0.056227 0.272929 0.056269
v -0.055952 0.270197 0.070042
v -0.070001 0.270197 0.055994
v -0.055638 0.266865 0.083628
v -0.055295 0.262935 0.096988
v -0.054933 0.258411 0.110085
v -0.068342 0.255960 0.109479
v -0.081535 0.252969 0.108775
v -0.094473 0.249441 0.107994
v -0.107112 0.245377 0.107153
v -0.107952 0.249441 0.094514
v -0.108734 0.252969 0.081577
v -0.109438 0.255960 0.068383
v -0.096947 0.262935 0.055336
v -0.110044 0.258411 0.054974
v -0.083587 0.266865 0.055679
v -0.122139 0.250940 0.067905
v -0.121319 0.248067 0.080980
v -0.133554 0.242595 0.080389
v -0.134498 0.245338 0.067435
v -0.120403 0.244679 0.093785
v -0.132494 0.239361 0.093060
v -0.145404 0.236550 0.079829
v -0.146480 0.239155 0.066991
v -0.144190 0.233484 0.092369
v -0.122842 0.253295 0.054605
v -0.119413 0.240778 0.106278
v -0.131341 0.235641 0.105401
v -0.142860 0.229960 0.104563
v -0.153937 0.223731 0.103800
v -0.155457 0.227044 0.091744
v -0.156837 0.229933 0.079324
v -0.158051 0.232390 0.066592
v -0.147394 0.241294 0.053903
v -0.159078 0.234411 0.053598
v -0.135303 0.247589 0.054244
v -0.067864 0.250940 0.122180
v -0.067394 0.245338 0.134539
v -0.080348 0.242595 0.133595
v -0.080939 0.248067 0.121360
v -0.066950 0.239155 0.146521
v -0.079788 0.236550 0.145446
v -0.093018 0.239361 0.132535
v -0.093744 0.244679 0.120444
v -0.092328 0.233484 0.144231
v -0.054564 0.253295 0.122883
v -0.054202 0.247589 0.135344
v -0.053862 0.241294 0.147435
v -0.053557 0.234411 0.159120
v -0.066551 0.232390 0.158092
v -0.079283 0.229933 0.156878
v -0.091703 0.227044 0.155499
v -0.103759 0.223731 0.153978
v -0.104522 0.229960 0.142901
v -0.105360 0.235641 0.131382
v -0.106237 0.240778 0.119454
v -0.118375 0.236365 0.118416
v -0.117329 0.231434 0.130163
v -0.128887 0.226738 0.128928
v -0.130122 0.231434 0.117370
v -0.116323 0.225981 0.141486
v -0.127690 0.221545 0.140039
v -0.139998 0.221545 0.127731
v -0.141444 0.225981 0.116364
v -0.138582 0.216648 0.138624
v -0.115402 0.219997 0.152348
v -0.126584 0.215849 0.150667
v -0.137259 0.211288 0.149002
v -0.147379 0.206318 0.147420
v -0.148961 0.211288 0.137300
v -0.150626 0.215849 0.126625
v -0.152307 0.219997 0.115443
v -0.014273 0.282217 0.014314
v -0.014247 0.281270 0.028551
v -0.028458 0.280330 0.028499
v -0.028510 0.281270 0.014288
v -0.014206 0.279696 0.042715
v -0.028375 0.278766 0.042636
v -0.042595 0.278766 0.028416
v -0.042674 0.279696 0.014247
v -0.042470 0.277219 0.042511
v -0.014151 0.277496 0.056770
v -0.028265 0.276581 0.056663
v -0.042303 0.275057 0.056494
v -0.056453 0.275057 0.042344
v -0.056622 0.276580 0.028306
v -0.056728 0.277496 0.014192
v -0.070637 0.274674 0.014126
v -0.070503 0.273777 0.028172
v -0.084200 0.270358 0.028020
v -0.084363 0.271233 0.014050
v -0.070288 0.272284 0.042141
v -0.083938 0.268901 0.041909
v -0.097677 0.266327 0.027854
v -0.097871 0.267177 0.013968
v -0.097366 0.264912 0.041657
v -0.110535 0.260321 0.041393
v -0.110898 0.261689 0.027681
v -0.111123 0.262510 0.013883
v -0.124084 0.257236 0.013796
v -0.123826 0.256446 0.027505
v -0.136425 0.250602 0.027334
v -0.136718 0.251358 0.013712
v -0.123408 0.255131 0.041124
v -0.135950 0.249345 0.040861
v -0.148659 0.244160 0.027174
v -0.148988 0.244880 0.013633
v -0.148125 0.242963 0.040614
v -0.159896 0.235991 0.040393
v -0.160493 0.237123 0.027030
v -0.160859 0.237806 0.013562
v -0.172295 0.230139 0.013503
v -0.171891 0.229496 0.026911
v -0.182822 0.221285 0.026820
v -0.183265 0.221888 0.013459
v -0.171230 0.228429 0.040209
v -0.182096 0.220286 0.040068
v -0.193256 0.212499 0.026762
v -0.193738 0.213062 0.013430
v -0.192462 0.211569 0.039978
v -0.170322 0.226944 0.053342
v -0.181094 0.218897 0.053147
v -0.191365 0.210277 0.053022
v -0.201106 0.201091 0.052978
v -0.202301 0.202285 0.039947
v -0.203163 0.203147 0.026741
v -0.203685 0.203670 0.013420
v -0.169177 0.225045 0.066257
v -0.167816 0.222741 0.078899
v -0.178316 0.214977 0.078572
v -0.179827 0.217124 0.066000
v -0.166263 0.220039 0.091214
v -0.176581 0.212469 0.090806
v -0.188307 0.206645 0.078362
v -0.189974 0.208631 0.065836
v -0.186383 0.204333 0.090543
v -0.164540 0.216948 0.103151
v -0.174643 0.209609 0.102647
v -0.184223 0.201708 0.102322
v -0.193256 0.193240 0.102206
v -0.195646 0.195631 0.090450
v -0.197763 0.197748 0.078288
v -0.199589 0.199573 0.065778
v -0.162678 0.213478 0.114653
v -0.160738 0.209642 0.125666
v -0.170312 0.202905 0.124910
v -0.172533 0.206412 0.114037
v -0.158790 0.205455 0.136132
v -0.168048 0.199117 0.135198
v -0.179330 0.195618 0.124414
v -0.181853 0.198789 0.113636
v -0.176721 0.192236 0.134579
v -0.156903 0.200933 0.145995
v -0.165812 0.195078 0.144835
v -0.174090 0.188691 0.144054
v -0.181722 0.181706 0.143768
v -0.184791 0.184776 0.134354
v -0.187774 0.187759 0.124236
v -0.190615 0.190600 0.113493
v -0.155163 0.196072 0.155204
v -0.153711 0.190799 0.163732
v -0.161850 0.186215 0.161891
v -0.163691 0.190799 0.153752
v -0.152711 0.185016 0.171560
v -0.160500 0.181218 0.169197
v -0.169156 0.181218 0.160542
v -0.171519 0.185016 0.152752
v -0.167239 0.177249 0.167280
v -0.145954 0.200933 0.156944
v -0.144793 0.195078 0.165853
v -0.144013 0.188690 0.174131
v -0.143727 0.181706 0.181763
v -0.152337 0.178615 0.178671
v -0.159971 0.175593 0.175650
v -0.166380 0.172783 0.172840
v -0.170717 0.170702 0.170759
v -0.172798 0.172783 0.166421
v -0.175608 0.175593 0.160012
v -0.178630 0.178615 0.152378
v -0.114612 0.213478 0.162719
v -0.113996 0.206412 0.172574
v -0.124869 0.202905 0.170353
v -0.125625 0.209642 0.160779
v -0.113595 0.198789 0.181894
v -0.124373 0.195618 0.179371
v -0.135157 0.199117 0.168089
v -0.136091 0.205455 0.158831
v -0.134538 0.192236 0.176762
v -0.103110 0.216948 0.164581
v -0.102606 0.209609 0.174684
v -0.102280 0.201708 0.184264
v -0.102165 0.193240 0.193297
v -0.113452 0.190600 0.190656
v -0.124195 0.187759 0.187816
v -0.134313 0.184776 0.184832
v -0.066216 0.225045 0.169218
v -0.065959 0.217124 0.179868
v -0.078531 0.214977 0.178357
v -0.078858 0.222741 0.167858
v -0.065795 0.208631 0.190015
v -0.078321 0.206645 0.188348
v -0.090765 0.212469 0.176622
v -0.091173 0.220039 0.166304
v -0.090502 0.204333 0.186425
v -0.053301 0.226944 0.170363
v -0.053106 0.218897 0.181135
v -0.052981 0.210277 0.191406
v -0.052937 0.201091 0.201148
v -0.065737 0.199573 0.199630
v -0.078247 0.197748 0.197804
v -0.090409 0.195631 0.195688
v -0.013462 0.230139 0.172336
v -0.013418 0.221888 0.183306
v -0.026779 0.221285 0.182864
v -0.026870 0.229496 0.171932
v -0.013389 0.213062 0.193780
v -0.026721 0.212499 0.193297
v -0.040027 0.220286 0.182137
v -0.040168 0.228429 0.171272
v -0.039937 0.211569 0.192504
v -0.013521 0.237806 0.160900
v -0.013379 0.203670 0.203726
v -0.026700 0.203147 0.203204
v -0.039905 0.202285 0.202342
v -0.040352 0.235991 0.159938
v -0.026989 0.237123 0.160534
v -0.013755 0.257236 0.124125
v -0.013671 0.251358 0.136759
v -0.027293 0.250602 0.136466
v -0.027464 0.256446 0.123867
v -0.013591 0.244880 0.149029
v -0.027133 0.244160 0.148701
v -0.040820 0.249345 0.135991
v -0.041083 0.255131 0.123449
v -0.040573 0.242963 0.148166
v -0.013842 0.262510 0.111164
v -0.041351 0.260322 0.110576
v -0.027640 0.261689 0.110939
v -0.014085 0.274674 0.070678
v -0.014009 0.271233 0.084404
v -0.027979 0.270358 0.084241
v -0.028131 0.273777 0.070544
v -0.013927 0.267177 0.097912
v -0.027813 0.266327 0.097718
v -0.041868 0.268901 0.083979
v -0.042100 0.272284 0.070329
v -0.041616 0.264912 0.097407
v -0.216655 0.138605 -0.138538
v -0.221551 0.140019 -0.127646
v -0.226684 0.129163 -0.128829
v -0.221493 0.127979 -0.139929
v -0.225987 0.141463 -0.116282
v -0.231379 0.130375 -0.117296
v -0.231216 0.118298 -0.130026
v -0.225769 0.117334 -0.141309
v -0.236140 0.119263 -0.118360
v -0.206334 0.147363 -0.147337
v -0.211303 0.148946 -0.137217
v -0.211295 0.137282 -0.148916
v -0.215864 0.150611 -0.126543
v -0.220013 0.152292 -0.115361
v -0.223746 0.153922 -0.103718
v -0.229966 0.142873 -0.104487
v -0.235582 0.131553 -0.105370
v -0.240545 0.120168 -0.106367
v -0.244803 0.108922 -0.107479
v -0.240224 0.108364 -0.119435
v -0.235102 0.107678 -0.131169
v -0.229436 0.106941 -0.142594
v -0.219792 0.116436 -0.152152
v -0.223223 0.106232 -0.153627
v -0.215799 0.126880 -0.150551
v -0.236916 0.081643 -0.147796
v -0.234957 0.088504 -0.145332
v -0.240825 0.088709 -0.134259
v -0.242685 0.081497 -0.137707
v -0.232472 0.097132 -0.143801
v -0.238306 0.097622 -0.132345
v -0.245990 0.088940 -0.122959
v -0.247465 0.081851 -0.127060
v -0.243561 0.098012 -0.120669
v -0.230913 0.081790 -0.157274
v -0.228579 0.088246 -0.156101
v -0.226087 0.096620 -0.154918
v -0.248243 0.098172 -0.108942
v -0.250498 0.088886 -0.111940
v -0.251312 0.082017 -0.117396
v -0.233490 0.144196 -0.092300
v -0.236556 0.145406 -0.079763
v -0.242535 0.133675 -0.080439
v -0.239300 0.132653 -0.093086
v -0.239162 0.146482 -0.066919
v -0.245287 0.134619 -0.067435
v -0.247829 0.121763 -0.081346
v -0.244437 0.120976 -0.094069
v -0.250732 0.122586 -0.068101
v -0.227059 0.155442 -0.091661
v -0.229948 0.156821 -0.079242
v -0.232406 0.158036 -0.066509
v -0.234427 0.159063 -0.053515
v -0.241303 0.147397 -0.053818
v -0.247555 0.135431 -0.054145
v -0.253144 0.123309 -0.054469
v -0.258031 0.111173 -0.054763
v -0.255445 0.110519 -0.068958
v -0.252385 0.109809 -0.082557
v -0.248847 0.109331 -0.095300
v -0.252415 0.098033 -0.097127
v -0.256227 0.097988 -0.084326
v -0.260001 0.086037 -0.088117
v -0.254652 0.088142 -0.101310
v -0.259487 0.098741 -0.069971
v -0.263413 0.088455 -0.070448
v -0.268015 0.081136 -0.068826
v -0.266628 0.078905 -0.082838
v -0.265475 0.075677 -0.097138
v -0.259268 0.078864 -0.103115
v -0.254823 0.081011 -0.109861
v -0.262242 0.099398 -0.055015
v -0.266064 0.089285 -0.055270
v -0.269815 0.082078 -0.055588
v -0.177264 0.167224 -0.167198
v -0.181234 0.169141 -0.160459
v -0.186231 0.161834 -0.161808
v -0.181234 0.160485 -0.169115
v -0.185032 0.171503 -0.152669
v -0.190814 0.163675 -0.153670
v -0.190814 0.153696 -0.163650
v -0.185032 0.152695 -0.171477
v -0.196088 0.155147 -0.155121
v -0.172798 0.166364 -0.172757
v -0.188706 0.174074 -0.143971
v -0.195093 0.165796 -0.144752
v -0.200948 0.156888 -0.145912
v -0.200948 0.145938 -0.156862
v -0.195093 0.144778 -0.165771
v -0.188706 0.143997 -0.174048
v -0.178630 0.152322 -0.178589
v -0.181722 0.143712 -0.181680
v -0.175608 0.159956 -0.175567
v -0.192248 0.134560 -0.176671
v -0.199126 0.135181 -0.168001
v -0.202869 0.125167 -0.170223
v -0.195604 0.124659 -0.179226
v -0.205462 0.136115 -0.158744
v -0.209595 0.125925 -0.160658
v -0.206253 0.115039 -0.172331
v -0.198707 0.114598 -0.181598
v -0.213285 0.115660 -0.162505
v -0.184792 0.134332 -0.184738
v -0.216469 0.105615 -0.164188
v -0.209211 0.105099 -0.174221
v -0.201491 0.104678 -0.183676
v -0.190656 0.114364 -0.190274
v -0.193354 0.104347 -0.192504
v -0.187787 0.124454 -0.187644
v -0.211558 0.080615 -0.184836
v -0.207182 0.087048 -0.185778
v -0.214755 0.087381 -0.176515
v -0.218783 0.080657 -0.176178
v -0.204059 0.095275 -0.185258
v -0.211821 0.095699 -0.175737
v -0.221875 0.087821 -0.166553
v -0.225132 0.081223 -0.166767
v -0.219187 0.096141 -0.165594
v -0.204842 0.080503 -0.192096
v -0.199609 0.086579 -0.194139
v -0.196027 0.094802 -0.194069
v -0.272656 0.081397 -0.042406
v -0.268691 0.088918 -0.039959
v -0.271694 0.086916 -0.021950
v -0.276422 0.079319 -0.028626
v -0.264563 0.099461 -0.039867
v -0.266242 0.099431 -0.024997
v -0.266854 0.100216 -0.011406
v -0.271048 0.089654 -0.007742
v -0.275045 0.082014 0.000273
v -0.277145 0.079488 -0.007568
v -0.280988 0.076028 -0.014941
v -0.260112 0.111502 -0.040375
v -0.261571 0.111764 -0.026243
v -0.262442 0.112693 0.000663
v -0.266818 0.101045 0.001472
v -0.262317 0.112229 -0.012670
v -0.270661 0.090916 0.003873
v -0.274151 0.083377 0.008708
v -0.242975 0.148125 -0.040517
v -0.244173 0.148658 -0.027070
v -0.250601 0.136520 -0.027082
v -0.249332 0.136058 -0.040661
v -0.244893 0.148990 -0.013533
v -0.251348 0.136843 -0.013488
v -0.256405 0.124182 -0.026851
v -0.255052 0.123807 -0.040647
v -0.257164 0.124542 -0.013237
v -0.236006 0.159881 -0.040311
v -0.237139 0.160478 -0.026948
v -0.237821 0.160843 -0.013480
v -0.238050 0.160967 0.000041
v -0.245131 0.149108 0.000051
v -0.251582 0.136991 0.000119
v -0.257364 0.124793 0.000303
v -0.211584 0.192447 -0.039896
v -0.212515 0.193241 -0.026679
v -0.221300 0.182807 -0.026737
v -0.220301 0.182080 -0.039985
v -0.213078 0.193723 -0.013348
v -0.221904 0.183250 -0.013376
v -0.229511 0.171876 -0.026828
v -0.228444 0.171215 -0.040126
v -0.230155 0.172279 -0.013421
v -0.210292 0.191350 -0.052940
v -0.213267 0.193886 0.000041
v -0.222106 0.183399 0.000041
v -0.230370 0.172416 0.000041
v -0.226959 0.170306 -0.053260
v -0.218912 0.181078 -0.053064
v -0.204348 0.186368 -0.090461
v -0.206661 0.188292 -0.078280
v -0.214993 0.178300 -0.078489
v -0.212484 0.176565 -0.090724
v -0.208647 0.189959 -0.065754
v -0.217139 0.179812 -0.065918
v -0.222756 0.167801 -0.078816
v -0.220055 0.166248 -0.091132
v -0.225061 0.169161 -0.066174
v -0.201723 0.184208 -0.102239
v -0.216964 0.164525 -0.103068
v -0.209624 0.174628 -0.102565
v -0.192252 0.176705 -0.134496
v -0.195633 0.179315 -0.124332
v -0.202920 0.170296 -0.124827
v -0.199132 0.168033 -0.135116
v -0.198805 0.181837 -0.113554
v -0.206427 0.172518 -0.113954
v -0.209657 0.160722 -0.125583
v -0.205470 0.158774 -0.136050
v -0.213493 0.162662 -0.114571
v -0.239161 0.146485 0.067005
v -0.236556 0.145407 0.079847
v -0.242532 0.133682 0.080531
v -0.245277 0.134645 0.067550
v -0.233490 0.144196 0.092383
v -0.239300 0.132654 0.093169
v -0.247819 0.121788 0.081461
v -0.250698 0.122670 0.068293
v -0.244436 0.120979 0.094155
v -0.234427 0.159063 0.053598
v -0.232406 0.158036 0.066592
v -0.241300 0.147404 0.053911
v -0.229948 0.156821 0.079324
v -0.227059 0.155442 0.091744
v -0.223746 0.153922 0.103800
v -0.229966 0.142873 0.104569
v -0.235582 0.131553 0.105452
v -0.240545 0.120168 0.106450
v -0.244803 0.108922 0.107561
v -0.248842 0.109338 0.095392
v -0.252360 0.109869 0.082716
v -0.255366 0.110719 0.069303
v -0.253065 0.123509 0.054813
v -0.257844 0.111648 0.055466
v -0.247532 0.135490 0.054305
v -0.259333 0.099105 0.070491
v -0.256194 0.098092 0.084503
v -0.260059 0.086137 0.087945
v -0.263143 0.088917 0.070829
v -0.252433 0.098046 0.097200
v -0.254863 0.088152 0.101215
v -0.255582 0.081013 0.109348
v -0.260032 0.078875 0.102282
v -0.265879 0.075692 0.095682
v -0.266394 0.079029 0.081791
v -0.267514 0.081558 0.068445
v -0.261891 0.100261 0.056194
v -0.265539 0.090376 0.056517
v -0.248268 0.098172 0.109005
v -0.250701 0.088886 0.111873
v -0.251977 0.082017 0.116995
v -0.269134 0.083022 0.056052
v -0.225987 0.141462 0.116365
v -0.221551 0.140019 0.127730
v -0.226679 0.129157 0.128920
v -0.231378 0.130374 0.117379
v -0.216653 0.138602 0.138623
v -0.221477 0.127958 0.140038
v -0.231201 0.118277 0.130135
v -0.236138 0.119261 0.118446
v -0.225716 0.117266 0.141483
v -0.220013 0.152292 0.115443
v -0.215864 0.150611 0.126625
v -0.211303 0.148946 0.137300
v -0.206334 0.147363 0.147420
v -0.211290 0.137276 0.149006
v -0.215762 0.126832 0.150698
v -0.219668 0.116274 0.152452
v -0.222928 0.105847 0.154224
v -0.229311 0.106778 0.142894
v -0.235065 0.107629 0.131315
v -0.240219 0.108358 0.119525
v -0.243582 0.098001 0.120744
v -0.238271 0.097534 0.132521
v -0.241004 0.088596 0.134300
v -0.246215 0.088926 0.122890
v -0.232275 0.096835 0.144258
v -0.234903 0.088125 0.145750
v -0.243494 0.081393 0.137286
v -0.248233 0.081838 0.126596
v -0.237434 0.081300 0.147773
v -0.225577 0.095919 0.155917
v -0.228108 0.087361 0.157217
v -0.230995 0.081024 0.157897
v -0.213078 0.193723 0.013430
v -0.212515 0.193241 0.026762
v -0.221300 0.182807 0.026820
v -0.221904 0.183250 0.013459
v -0.211584 0.192447 0.039978
v -0.220301 0.182080 0.040068
v -0.229511 0.171876 0.026911
v -0.230155 0.172279 0.013503
v -0.228444 0.171215 0.040209
v -0.210292 0.191350 0.053022
v -0.218912 0.181078 0.053147
v -0.226959 0.170306 0.053342
v -0.236006 0.159881 0.040393
v -0.237139 0.160478 0.027030
v -0.237821 0.160843 0.013562
v -0.244889 0.149001 0.013637
v -0.244167 0.148674 0.027176
v -0.250551 0.136646 0.027349
v -0.251315 0.136925 0.013744
v -0.242970 0.148138 0.040617
v -0.249290 0.136164 0.040886
v -0.256239 0.124608 0.027556
v -0.257055 0.124820 0.013905
v -0.254911 0.124167 0.041208
v -0.259777 0.112355 0.041593
v -0.261176 0.112772 0.027801
v -0.262059 0.112889 0.014141
v -0.266347 0.101460 0.014624
v -0.265401 0.101451 0.028183
v -0.269304 0.091347 0.029180
v -0.270206 0.091368 0.016135
v -0.263915 0.101056 0.042061
v -0.267674 0.091085 0.042686
v -0.273357 0.083153 0.031336
v -0.273990 0.083424 0.019260
v -0.271434 0.083232 0.043780
v -0.218187 0.094845 0.167434
v -0.210265 0.094053 0.178362
v -0.211222 0.083717 0.182823
v -0.220701 0.086057 0.168940
v -0.202264 0.094264 0.187737
v -0.201824 0.085646 0.192253
v -0.197988 0.079449 0.199892
v -0.204200 0.077494 0.195641
v -0.211661 0.074726 0.192060
v -0.218447 0.077575 0.179761
v -0.224891 0.079737 0.168302
v -0.215927 0.104923 0.165208
v -0.208484 0.104281 0.175498
v -0.192545 0.104347 0.193395
v -0.194110 0.094802 0.196069
v -0.200741 0.104143 0.184816
v -0.194180 0.086579 0.199650
v -0.192137 0.080503 0.204882
v -0.205454 0.136104 0.158841
v -0.199114 0.135168 0.168102
v -0.202778 0.125065 0.170455
v -0.209527 0.125838 0.160857
v -0.192236 0.134552 0.176770
v -0.195510 0.124592 0.179440
v -0.205946 0.114694 0.172918
v -0.213056 0.115368 0.162983
v -0.198390 0.114372 0.182126
v -0.200948 0.145938 0.156944
v -0.195093 0.144778 0.165853
v -0.188706 0.143997 0.174131
v -0.181722 0.143711 0.181763
v -0.184780 0.134332 0.184834
v -0.187686 0.124454 0.187828
v -0.190315 0.114364 0.190698
v -0.185032 0.171503 0.152752
v -0.181234 0.169141 0.160542
v -0.186231 0.161834 0.161891
v -0.190814 0.163675 0.153752
v -0.177264 0.167224 0.167280
v -0.181234 0.160485 0.169197
v -0.190814 0.153696 0.163732
v -0.196088 0.155147 0.155204
v -0.185032 0.152695 0.171560
v -0.188706 0.174074 0.144054
v -0.172798 0.166364 0.172840
v -0.175608 0.159956 0.175650
v -0.178630 0.152322 0.178671
v -0.200948 0.156888 0.145995
v -0.195093 0.165796 0.144834
v -0.198805 0.181837 0.113636
v -0.195633 0.179315 0.124414
v -0.202920 0.170296 0.124910
v -0.206427 0.172518 0.114037
v -0.192252 0.176705 0.134579
v -0.199132 0.168033 0.135198
v -0.209657 0.160722 0.125666
v -0.213493 0.162662 0.114653
v -0.205470 0.158774 0.136132
v -0.201723 0.184208 0.102322
v -0.216964 0.164525 0.103151
v -0.209624 0.174628 0.102647
v -0.208647 0.189959 0.065836
v -0.206661 0.188292 0.078362
v -0.214993 0.178300 0.078572
v -0.217139 0.179812 0.066000
v -0.204348 0.186368 0.090543
v -0.212484 0.176565 0.090806
v -0.222756 0.167801 0.078899
v -0.225061 0.169161 0.066257
v -0.220055 0.166248 0.091214
v 0.247463 0.081851 -0.127059
v 0.245989 0.088940 -0.122959
v 0.240824 0.088709 -0.134259
v 0.242684 0.081497 -0.137707
v 0.243560 0.098012 -0.120668
v 0.238305 0.097622 -0.132345
v 0.234956 0.088504 -0.145332
v 0.236916 0.081643 -0.147796
v 0.232472 0.097131 -0.143801
v 0.251308 0.082017 -0.117395
v 0.250495 0.088886 -0.111939
v 0.248242 0.098172 -0.108941
v 0.244802 0.108922 -0.107479
v 0.240224 0.108364 -0.119435
v 0.235102 0.107678 -0.131168
v 0.229436 0.106941 -0.142594
v 0.223223 0.106232 -0.153627
v 0.226087 0.096619 -0.154918
v 0.228579 0.088246 -0.156101
v 0.230913 0.081789 -0.157274
v 0.225768 0.117334 -0.141309
v 0.231216 0.118298 -0.130026
v 0.226684 0.129163 -0.128829
v 0.221492 0.127979 -0.139929
v 0.236140 0.119263 -0.118360
v 0.231378 0.130375 -0.117296
v 0.221551 0.140019 -0.127646
v 0.216655 0.138605 -0.138538
v 0.225987 0.141463 -0.116282
v 0.219792 0.116436 -0.152152
v 0.240545 0.120168 -0.106367
v 0.235582 0.131553 -0.105370
v 0.229966 0.142873 -0.104487
v 0.223746 0.153922 -0.103718
v 0.220013 0.152292 -0.115361
v 0.215864 0.150611 -0.126543
v 0.211303 0.148946 -0.137217
v 0.211295 0.137282 -0.148916
v 0.206334 0.147363 -0.147337
v 0.215798 0.126880 -0.150551
v 0.268009 0.081136 -0.068824
v 0.263409 0.088455 -0.070446
v 0.259995 0.086037 -0.088115
v 0.266620 0.078905 -0.082835
v 0.259484 0.098741 -0.069970
v 0.256224 0.097988 -0.084325
v 0.252412 0.098033 -0.097126
v 0.254648 0.088142 -0.101309
v 0.254817 0.081011 -0.109859
v 0.259260 0.078864 -0.103111
v 0.265465 0.075677 -0.097134
v 0.269811 0.082078 -0.055586
v 0.266061 0.089285 -0.055269
v 0.258030 0.111173 -0.054762
v 0.255444 0.110519 -0.068958
v 0.262240 0.099398 -0.055014
v 0.252383 0.109809 -0.082556
v 0.248845 0.109331 -0.095300
v 0.244437 0.120976 -0.094069
v 0.247828 0.121763 -0.081345
v 0.242535 0.133675 -0.080439
v 0.239300 0.132653 -0.093086
v 0.250731 0.122586 -0.068100
v 0.245287 0.134619 -0.067435
v 0.236556 0.145406 -0.079763
v 0.233490 0.144196 -0.092300
v 0.239162 0.146482 -0.066919
v 0.253143 0.123309 -0.054468
v 0.247555 0.135431 -0.054145
v 0.241303 0.147397 -0.053818
v 0.234427 0.159063 -0.053515
v 0.232406 0.158036 -0.066509
v 0.229948 0.156821 -0.079242
v 0.227059 0.155442 -0.091661
v 0.225131 0.081223 -0.166767
v 0.221875 0.087821 -0.166552
v 0.214754 0.087380 -0.176515
v 0.218783 0.080657 -0.176178
v 0.219187 0.096141 -0.165594
v 0.211821 0.095699 -0.175737
v 0.207181 0.087048 -0.185778
v 0.211558 0.080615 -0.184836
v 0.204058 0.095275 -0.185258
v 0.216469 0.105615 -0.164188
v 0.209211 0.105099 -0.174221
v 0.201491 0.104678 -0.183676
v 0.193354 0.104347 -0.192504
v 0.196027 0.094802 -0.194069
v 0.199608 0.086579 -0.194139
v 0.204841 0.080503 -0.192096
v 0.198707 0.114598 -0.181598
v 0.206253 0.115039 -0.172331
v 0.202868 0.125167 -0.170223
v 0.195604 0.124659 -0.179226
v 0.213284 0.115660 -0.162505
v 0.209595 0.125924 -0.160658
v 0.199126 0.135181 -0.168001
v 0.192248 0.134560 -0.176671
v 0.205462 0.136115 -0.158744
v 0.190656 0.114364 -0.190274
v 0.200948 0.145938 -0.156862
v 0.195093 0.144778 -0.165771
v 0.188706 0.143997 -0.174048
v 0.184792 0.134332 -0.184738
v 0.181721 0.143711 -0.181680
v 0.187786 0.124454 -0.187644
v 0.185031 0.152695 -0.171477
v 0.190814 0.153696 -0.163650
v 0.186231 0.161834 -0.161808
v 0.181234 0.160485 -0.169115
v 0.196088 0.155147 -0.155121
v 0.190814 0.163675 -0.153670
v 0.181234 0.169141 -0.160459
v 0.177264 0.167223 -0.167198
v 0.185031 0.171503 -0.152669
v 0.178630 0.152322 -0.178589
v 0.200948 0.156888 -0.145912
v 0.195093 0.165796 -0.144752
v 0.188706 0.174074 -0.143971
v 0.172798 0.166364 -0.172757
v 0.175608 0.159956 -0.175567
v 0.205470 0.158774 -0.136050
v 0.209657 0.160722 -0.125583
v 0.202920 0.170296 -0.124827
v 0.199132 0.168033 -0.135116
v 0.213493 0.162662 -0.114571
v 0.206427 0.172518 -0.113954
v 0.195633 0.179315 -0.124332
v 0.192252 0.176705 -0.134496
v 0.198805 0.181837 -0.113554
v 0.216964 0.164525 -0.103068
v 0.209624 0.174628 -0.102565
v 0.201723 0.184207 -0.102239
v 0.220054 0.166248 -0.091132
v 0.222756 0.167801 -0.078816
v 0.214993 0.178300 -0.078489
v 0.212484 0.176565 -0.090724
v 0.225060 0.169161 -0.066174
v 0.217139 0.179812 -0.065918
v 0.206661 0.188291 -0.078280
v 0.204348 0.186368 -0.090461
v 0.208647 0.189959 -0.065754
v 0.226959 0.170306 -0.053260
v 0.218912 0.181078 -0.053064
v 0.210292 0.191350 -0.052940
v 0.228444 0.171215 -0.040126
v 0.229511 0.171876 -0.026828
v 0.221300 0.182807 -0.026737
v 0.220301 0.182080 -0.039985
v 0.230154 0.172279 -0.013421
v 0.221904 0.183249 -0.013376
v 0.212514 0.193241 -0.026679
v 0.211584 0.192447 -0.039896
v 0.213077 0.193723 -0.013348
v 0.236006 0.159881 -0.040311
v 0.237139 0.160478 -0.026948
v 0.237821 0.160843 -0.013480
v 0.238049 0.160967 0.000041
v 0.230370 0.172416 0.000041
v 0.222106 0.183399 0.000041
v 0.213266 0.193886 0.000041
v 0.255051 0.123807 -0.040647
v 0.256405 0.124182 -0.026851
v 0.250601 0.136520 -0.027082
v 0.249332 0.136057 -0.040661
v 0.257163 0.124542 -0.013237
v 0.251348 0.136842 -0.013488
v 0.244173 0.148658 -0.027070
v 0.242975 0.148125 -0.040517
v 0.244892 0.148990 -0.013533
v 0.260111 0.111502 -0.040375
v 0.261571 0.111764 -0.026243
v 0.262317 0.112229 -0.012670
v 0.262441 0.112693 0.000663
v 0.257364 0.124793 0.000303
v 0.251582 0.136991 0.000119
v 0.245131 0.149108 0.000051
v 0.266854 0.100216 -0.011406
v 0.266241 0.099431 -0.024997
v 0.271694 0.086916 -0.021950
v 0.271048 0.089654 -0.007742
v 0.264562 0.099461 -0.039866
v 0.268689 0.088918 -0.039959
v 0.272654 0.081397 -0.042405
v 0.276421 0.079319 -0.028625
v 0.280987 0.076028 -0.014940
v 0.277145 0.079488 -0.007568
v 0.275045 0.082014 0.000273
v 0.266817 0.101044 0.001472
v 0.270661 0.090916 0.003873
v 0.274151 0.083377 0.008709
v 0.252436 0.098045 0.097202
v 0.256197 0.098092 0.084505
v 0.260065 0.086137 0.087948
v 0.254867 0.088152 0.101216
v 0.259336 0.099105 0.070492
v 0.263147 0.088917 0.070831
v 0.267519 0.081558 0.068447
v 0.266402 0.079028 0.081794
v 0.265889 0.075692 0.095686
v 0.260040 0.078875 0.102285
v 0.255587 0.081013 0.109350
v 0.244803 0.108921 0.107561
v 0.248844 0.109338 0.095393
v 0.248269 0.098172 0.109006
v 0.252361 0.109868 0.082717
v 0.250703 0.088885 0.111874
v 0.257844 0.111647 0.055466
v 0.261892 0.100261 0.056195
v 0.255367 0.110719 0.069303
v 0.265542 0.090376 0.056518
v 0.269137 0.083022 0.056053
v 0.251980 0.082017 0.116997
v 0.250698 0.122670 0.068294
v 0.247819 0.121788 0.081461
v 0.242532 0.133682 0.080531
v 0.245277 0.134644 0.067550
v 0.244436 0.120979 0.094156
v 0.239300 0.132653 0.093169
v 0.236556 0.145407 0.079847
v 0.239161 0.146485 0.067005
v 0.233489 0.144196 0.092383
v 0.253065 0.123509 0.054813
v 0.240545 0.120168 0.106450
v 0.235582 0.131553 0.105452
v 0.229966 0.142873 0.104569
v 0.223746 0.153922 0.103800
v 0.227059 0.155442 0.091744
v 0.229948 0.156821 0.079324
v 0.232405 0.158036 0.066592
v 0.241300 0.147404 0.053911
v 0.234427 0.159063 0.053598
v 0.247532 0.135490 0.054305
v 0.237434 0.081300 0.147774
v 0.234903 0.088125 0.145750
v 0.241005 0.088596 0.134300
v 0.243494 0.081393 0.137287
v 0.232275 0.096835 0.144258
v 0.238271 0.097534 0.132521
v 0.246216 0.088926 0.122890
v 0.248235 0.081838 0.126597
v 0.243582 0.098001 0.120744
v 0.230996 0.081024 0.157897
v 0.228108 0.087361 0.157217
v 0.225577 0.095919 0.155917
v 0.222928 0.105847 0.154224
v 0.229311 0.106778 0.142894
v 0.235065 0.107629 0.131315
v 0.240219 0.108358 0.119525
v 0.225987 0.141462 0.116365
v 0.231378 0.130374 0.117379
v 0.226679 0.129157 0.128920
v 0.221551 0.140018 0.127730
v 0.236138 0.119261 0.118446
v 0.231201 0.118277 0.130135
v 0.221477 0.127958 0.140038
v 0.216653 0.138602 0.138623
v 0.225716 0.117266 0.141483
v 0.220013 0.152292 0.115443
v 0.219668 0.116274 0.152452
v 0.215762 0.126831 0.150698
v 0.211290 0.137276 0.149006
v 0.211303 0.148946 0.137300
v 0.206334 0.147363 0.147420
v 0.215864 0.150611 0.126625
v 0.271436 0.083232 0.043781
v 0.267675 0.091085 0.042687
v 0.269304 0.091347 0.029180
v 0.273357 0.083153 0.031337
v 0.263916 0.101056 0.042062
v 0.265401 0.101451 0.028183
v 0.270206 0.091367 0.016135
v 0.273990 0.083424 0.019260
v 0.266347 0.101460 0.014624
v 0.259777 0.112355 0.041593
v 0.261176 0.112772 0.027801
v 0.262058 0.112889 0.014141
v 0.257054 0.124820 0.013905
v 0.256238 0.124608 0.027556
v 0.250551 0.136646 0.027349
v 0.251315 0.136925 0.013744
v 0.254911 0.124167 0.041208
v 0.249290 0.136164 0.040886
v 0.244167 0.148674 0.027176
v 0.244888 0.149000 0.013637
v 0.242970 0.148138 0.040617
v 0.236006 0.159881 0.040393
v 0.237139 0.160478 0.027030
v 0.237821 0.160843 0.013562
v 0.230154 0.172279 0.013503
v 0.229511 0.171876 0.026911
v 0.221300 0.182807 0.026820
v 0.221904 0.183249 0.013459
v 0.228444 0.171215 0.040209
v 0.220301 0.182080 0.040068
v 0.212514 0.193241 0.026762
v 0.213077 0.193723 0.013430
v 0.211584 0.192447 0.039978
v 0.226959 0.170306 0.053342
v 0.218912 0.181078 0.053147
v 0.210292 0.191350 0.053022
v 0.225060 0.169161 0.066257
v 0.222756 0.167801 0.078899
v 0.214993 0.178300 0.078572
v 0.217139 0.179812 0.066000
v 0.220054 0.166248 0.091214
v 0.212484 0.176565 0.090806
v 0.206661 0.188292 0.078362
v 0.208647 0.189959 0.065836
v 0.204348 0.186368 0.090543
v 0.216964 0.164525 0.103151
v 0.209624 0.174628 0.102647
v 0.201723 0.184207 0.102322
v 0.213493 0.162662 0.114653
v 0.209657 0.160722 0.125666
v 0.202920 0.170296 0.124910
v 0.206427 0.172518 0.114037
v 0.205470 0.158774 0.136132
v 0.199132 0.168033 0.135198
v 0.195633 0.179315 0.124414
v 0.198805 0.181837 0.113636
v 0.192252 0.176705 0.134579
v 0.200948 0.156888 0.145995
v 0.195093 0.165796 0.144834
v 0.188706 0.174074 0.144054
v 0.196088 0.155147 0.155204
v 0.190814 0.153696 0.163732
v 0.186231 0.161834 0.161891
v 0.190814 0.163675 0.153752
v 0.185031 0.152695 0.171560
v 0.181234 0.160485 0.169197
v 0.181234 0.169141 0.160541
v 0.185031 0.171503 0.152752
v 0.177264 0.167224 0.167280
v 0.200948 0.145938 0.156944
v 0.195093 0.144778 0.165853
v 0.188706 0.143997 0.174131
v 0.181721 0.143711 0.181763
v 0.178630 0.152322 0.178671
v 0.175608 0.159956 0.175649
v 0.172798 0.166364 0.172840
v 0.213056 0.115368 0.162983
v 0.205946 0.114694 0.172918
v 0.202777 0.125065 0.170455
v 0.209527 0.125838 0.160857
v 0.198390 0.114372 0.182126
v 0.195510 0.124592 0.179440
v 0.199114 0.135168 0.168102
v 0.205454 0.136104 0.158841
v 0.192236 0.134552 0.176770
v 0.215927 0.104923 0.165208
v 0.208484 0.104281 0.175498
v 0.200740 0.104143 0.184816
v 0.192545 0.104347 0.193395
v 0.190315 0.114364 0.190698
v 0.187685 0.124454 0.187828
v 0.184780 0.134332 0.184834
v 0.211662 0.074726 0.192061
v 0.204201 0.077494 0.195642
v 0.211222 0.083717 0.182823
v 0.218447 0.077575 0.179761
v 0.197988 0.079449 0.199892
v 0.201824 0.085646 0.192253
v 0.202264 0.094264 0.187737
v 0.210265 0.094053 0.178362
v 0.218186 0.094845 0.167434
v 0.220701 0.086056 0.168940
v 0.224891 0.079737 0.168302
v 0.192137 0.080503 0.204883
v 0.194180 0.086579 0.199650
v 0.194110 0.094802 0.196069
v 0.147732 0.081300 -0.237393
v 0.145709 0.088125 -0.234862
v 0.134258 0.088596 -0.240963
v 0.137245 0.081393 -0.243452
v 0.144217 0.096835 -0.232234
v 0.132480 0.097534 -0.238230
v 0.122848 0.088926 -0.246173
v 0.126555 0.081838 -0.248192
v 0.120703 0.098001 -0.243540
v 0.157856 0.081024 -0.230954
v 0.157176 0.087361 -0.228066
v 0.155876 0.095919 -0.225536
v 0.154183 0.105847 -0.222887
v 0.142853 0.106778 -0.229270
v 0.131274 0.107629 -0.235024
v 0.119484 0.108358 -0.240178
v 0.107520 0.108922 -0.244761
v 0.108964 0.098172 -0.248226
v 0.111831 0.088886 -0.250660
v 0.116954 0.082017 -0.251935
v 0.097148 0.098033 -0.252399
v 0.084352 0.097988 -0.256203
v 0.088017 0.086037 -0.260145
v 0.101185 0.088142 -0.254835
v 0.070008 0.098741 -0.259447
v 0.070473 0.088455 -0.263388
v 0.068845 0.081136 -0.267996
v 0.082711 0.078905 -0.266806
v 0.096614 0.075677 -0.266202
v 0.102517 0.078864 -0.260100
v 0.109339 0.081011 -0.255554
v 0.095341 0.109331 -0.248804
v 0.082597 0.109809 -0.252342
v 0.054803 0.111173 -0.257988
v 0.055055 0.099398 -0.262199
v 0.068999 0.110519 -0.255403
v 0.055310 0.089285 -0.266020
v 0.055628 0.082078 -0.269770
v 0.141441 0.117266 -0.225675
v 0.139997 0.127958 -0.221436
v 0.128879 0.129157 -0.226638
v 0.130094 0.118277 -0.231159
v 0.138582 0.138602 -0.216612
v 0.127688 0.140018 -0.221509
v 0.117338 0.130374 -0.231337
v 0.118404 0.119261 -0.236097
v 0.116324 0.141462 -0.225946
v 0.152411 0.116274 -0.219627
v 0.150657 0.126832 -0.215721
v 0.148965 0.137276 -0.211249
v 0.147378 0.147363 -0.206292
v 0.137258 0.148946 -0.211262
v 0.126584 0.150611 -0.215823
v 0.115402 0.152292 -0.219972
v 0.103759 0.153922 -0.223705
v 0.104528 0.142873 -0.229925
v 0.105411 0.131553 -0.235541
v 0.106408 0.120168 -0.240503
v 0.094110 0.120976 -0.244395
v 0.093127 0.132653 -0.239259
v 0.080480 0.133675 -0.242493
v 0.081386 0.121763 -0.247787
v 0.092341 0.144196 -0.233448
v 0.079804 0.145406 -0.236515
v 0.067476 0.134619 -0.245246
v 0.068141 0.122586 -0.250690
v 0.066960 0.146482 -0.239121
v 0.091702 0.155442 -0.227018
v 0.079283 0.156821 -0.229907
v 0.066550 0.158036 -0.232364
v 0.053556 0.159063 -0.234386
v 0.053860 0.147397 -0.241262
v 0.054186 0.135431 -0.247514
v 0.054510 0.123309 -0.253102
v 0.042446 0.081397 -0.272612
v 0.040000 0.088918 -0.268648
v 0.021991 0.086916 -0.271653
v 0.028666 0.079319 -0.276380
v 0.039907 0.099461 -0.264521
v 0.025038 0.099431 -0.266200
v 0.011448 0.100216 -0.266813
v 0.007783 0.089654 -0.271007
v -0.000232 0.082014 -0.275004
v 0.007609 0.079488 -0.277104
v 0.014981 0.076028 -0.280946
v 0.040416 0.111502 -0.260070
v 0.026284 0.111764 -0.261530
v -0.000622 0.112693 -0.262400
v -0.001431 0.101045 -0.266776
v 0.012711 0.112229 -0.262276
v -0.003832 0.090916 -0.270620
v -0.008667 0.083377 -0.274110
v 0.040688 0.123807 -0.255010
v 0.040703 0.136057 -0.249290
v 0.027123 0.136520 -0.250559
v 0.026892 0.124182 -0.256364
v 0.040558 0.148125 -0.242934
v 0.027111 0.148658 -0.244132
v 0.013529 0.136843 -0.251306
v 0.013278 0.124542 -0.257122
v 0.013574 0.148990 -0.244851
v 0.040352 0.159881 -0.235965
v 0.026989 0.160478 -0.237097
v 0.013521 0.160843 -0.237780
v -0.000000 0.160967 -0.238008
v -0.000010 0.149108 -0.245090
v -0.000078 0.136991 -0.251540
v -0.000262 0.124793 -0.257323
v 0.040167 0.171215 -0.228403
v 0.040027 0.182080 -0.220260
v 0.026778 0.182807 -0.221259
v 0.026869 0.171876 -0.229470
v 0.039937 0.192447 -0.211543
v 0.026720 0.193241 -0.212473
v 0.013417 0.183250 -0.221862
v 0.013462 0.172279 -0.230113
v 0.013389 0.193723 -0.213036
v 0.053301 0.170306 -0.226918
v 0.053105 0.181078 -0.218871
v 0.052981 0.191350 -0.210251
v -0.000000 0.193886 -0.213225
v -0.000000 0.183399 -0.222065
v -0.000000 0.172416 -0.230329
v 0.091173 0.166248 -0.220013
v 0.090765 0.176565 -0.212443
v 0.078531 0.178300 -0.214951
v 0.078857 0.167801 -0.222715
v 0.090502 0.186368 -0.204307
v 0.078321 0.188292 -0.206619
v 0.065959 0.179812 -0.217098
v 0.066215 0.169161 -0.225019
v 0.065795 0.189959 -0.208605
v 0.103109 0.164525 -0.216922
v 0.102606 0.174628 -0.209583
v 0.102280 0.184207 -0.201682
v 0.136091 0.158774 -0.205429
v 0.135157 0.168033 -0.199091
v 0.124868 0.170296 -0.202879
v 0.125625 0.160722 -0.209616
v 0.134537 0.176705 -0.192211
v 0.124373 0.179315 -0.195592
v 0.113996 0.172518 -0.206386
v 0.114612 0.162662 -0.213452
v 0.113595 0.181837 -0.198764
v 0.145954 0.156888 -0.200907
v 0.144793 0.165796 -0.195052
v 0.144012 0.174074 -0.188665
v 0.171518 0.152695 -0.184990
v 0.169156 0.160485 -0.181193
v 0.161849 0.161834 -0.186190
v 0.163691 0.153696 -0.190773
v 0.167239 0.167223 -0.177223
v 0.160500 0.169141 -0.181193
v 0.153711 0.163675 -0.190773
v 0.155162 0.155147 -0.196046
v 0.152710 0.171503 -0.184990
v 0.174089 0.143997 -0.188665
v 0.156903 0.145938 -0.200907
v 0.165812 0.144778 -0.195052
v 0.182085 0.114372 -0.198349
v 0.179399 0.124592 -0.195469
v 0.170413 0.125065 -0.202736
v 0.172876 0.114694 -0.205905
v 0.176729 0.134552 -0.192195
v 0.168061 0.135168 -0.199073
v 0.160816 0.125838 -0.209486
v 0.162942 0.115368 -0.213015
v 0.158799 0.136104 -0.205413
v 0.184774 0.104143 -0.200699
v 0.165166 0.104923 -0.215886
v 0.175457 0.104281 -0.208443
v 0.199851 0.079449 -0.197947
v 0.192211 0.085646 -0.201783
v 0.182781 0.083717 -0.211180
v 0.195600 0.077494 -0.204159
v 0.187696 0.094264 -0.202223
v 0.178321 0.094053 -0.210224
v 0.167393 0.094845 -0.218145
v 0.168899 0.086057 -0.220660
v 0.168261 0.079737 -0.224850
v 0.179719 0.077575 -0.218406
v 0.192019 0.074726 -0.211620
v -0.070451 0.099105 -0.259294
v -0.084464 0.098092 -0.256156
v -0.087906 0.086137 -0.260024
v -0.070790 0.088917 -0.263106
v -0.097160 0.098046 -0.252394
v -0.101175 0.088152 -0.254825
v -0.109309 0.081013 -0.255546
v -0.102244 0.078875 -0.259999
v -0.095645 0.075692 -0.265848
v -0.081753 0.079029 -0.266361
v -0.068406 0.081558 -0.267478
v -0.055425 0.111648 -0.257803
v -0.069262 0.110719 -0.255326
v -0.056153 0.100261 -0.261851
v -0.082676 0.109869 -0.252320
v -0.056477 0.090376 -0.265500
v -0.107520 0.108922 -0.244762
v -0.108965 0.098172 -0.248228
v -0.095351 0.109339 -0.248802
v -0.111833 0.088886 -0.250662
v -0.116956 0.082017 -0.251939
v -0.056012 0.083022 -0.269096
v -0.120703 0.098001 -0.243541
v -0.132480 0.097534 -0.238230
v -0.134259 0.088596 -0.240964
v -0.122849 0.088926 -0.246175
v -0.144217 0.096836 -0.232234
v -0.145709 0.088125 -0.234862
v -0.137246 0.081393 -0.243453
v -0.126556 0.081838 -0.248194
v -0.147732 0.081300 -0.237393
v -0.119484 0.108358 -0.240178
v -0.131274 0.107629 -0.235024
v -0.142853 0.106778 -0.229270
v -0.154183 0.105847 -0.222887
v -0.155876 0.095919 -0.225536
v -0.157176 0.087361 -0.228067
v -0.157856 0.081024 -0.230955
v -0.068253 0.122670 -0.250657
v -0.067509 0.134644 -0.245236
v -0.080490 0.133682 -0.242491
v -0.081420 0.121788 -0.247778
v -0.066964 0.146485 -0.239120
v -0.079805 0.145407 -0.236515
v -0.093128 0.132654 -0.239259
v -0.094115 0.120979 -0.244395
v -0.092341 0.144196 -0.233448
v -0.054772 0.123509 -0.253024
v -0.054264 0.135490 -0.247490
v -0.053869 0.147404 -0.241259
v -0.053557 0.159063 -0.234386
v -0.066551 0.158036 -0.232364
v -0.079283 0.156821 -0.229907
v -0.091703 0.155442 -0.227018
v -0.103759 0.153922 -0.223705
v -0.104528 0.142873 -0.229925
v -0.105411 0.131553 -0.235541
v -0.106409 0.120168 -0.240504
v -0.138582 0.138603 -0.216612
v -0.139997 0.127958 -0.221436
v -0.128879 0.129157 -0.226638
v -0.127689 0.140019 -0.221509
v -0.141441 0.117266 -0.225675
v -0.130094 0.118277 -0.231159
v -0.117338 0.130374 -0.231337
v -0.116324 0.141463 -0.225946
v -0.118405 0.119261 -0.236097
v -0.147379 0.147363 -0.206292
v -0.148965 0.137276 -0.211249
v -0.137259 0.148946 -0.211262
v -0.150657 0.126832 -0.215721
v -0.152411 0.116274 -0.219627
v -0.115402 0.152292 -0.219972
v -0.126584 0.150611 -0.215823
v -0.167393 0.094845 -0.218145
v -0.178321 0.094053 -0.210224
v -0.182782 0.083717 -0.211180
v -0.168899 0.086057 -0.220660
v -0.187696 0.094264 -0.202223
v -0.192212 0.085646 -0.201783
v -0.199851 0.079449 -0.197947
v -0.195600 0.077494 -0.204159
v -0.192020 0.074726 -0.211621
v -0.179720 0.077575 -0.218406
v -0.168261 0.079737 -0.224850
v -0.165167 0.104924 -0.215886
v -0.175457 0.104281 -0.208443
v -0.184774 0.104143 -0.200699
v -0.162942 0.115369 -0.213015
v -0.160816 0.125838 -0.209486
v -0.170414 0.125065 -0.202736
v -0.172876 0.114694 -0.205905
v -0.158799 0.136104 -0.205413
v -0.168061 0.135168 -0.199073
v -0.179399 0.124592 -0.195469
v -0.182085 0.114372 -0.198349
v -0.176729 0.134552 -0.192195
v -0.156903 0.145938 -0.200907
v -0.165812 0.144778 -0.195052
v -0.174090 0.143997 -0.188665
v -0.155163 0.155147 -0.196046
v -0.153711 0.163675 -0.190773
v -0.161850 0.161834 -0.186190
v -0.163691 0.153696 -0.190773
v -0.152711 0.171503 -0.184990
v -0.160500 0.169141 -0.181193
v -0.169156 0.160485 -0.181193
v -0.171519 0.152695 -0.184990
v -0.167239 0.167224 -0.177223
v -0.145954 0.156888 -0.200907
v -0.144793 0.165796 -0.195052
v -0.144013 0.174074 -0.188665
v -0.114612 0.162662 -0.213452
v -0.113996 0.172518 -0.206386
v -0.124869 0.170296 -0.202879
v -0.125625 0.160722 -0.209616
v -0.113595 0.181837 -0.198764
v -0.124373 0.179315 -0.195592
v -0.135157 0.168033 -0.199091
v -0.136091 0.158774 -0.205429
v -0.134538 0.176705 -0.192211
v -0.103110 0.164525 -0.216922
v -0.102606 0.174628 -0.209583
v -0.102280 0.184208 -0.201682
v -0.066216 0.169161 -0.225019
v -0.065959 0.179812 -0.217098
v -0.078531 0.178300 -0.214951
v -0.078858 0.167801 -0.222715
v -0.065795 0.189959 -0.208605
v -0.078321 0.188292 -0.206619
v -0.090765 0.176565 -0.212443
v -0.091173 0.166248 -0.220013
v -0.090502 0.186368 -0.204307
v -0.053301 0.170306 -0.226918
v -0.053106 0.181078 -0.218871
v -0.052981 0.191350 -0.210251
v -0.013462 0.172279 -0.230113
v -0.013418 0.183250 -0.221862
v -0.026779 0.182807 -0.221259
v -0.026870 0.171876 -0.229470
v -0.013389 0.193723 -0.213036
v -0.026721 0.193241 -0.212473
v -0.040027 0.182080 -0.220260
v -0.040168 0.171215 -0.228403
v -0.039937 0.192447 -0.211543
v -0.013521 0.160843 -0.237780
v -0.040352 0.159881 -0.235965
v -0.026989 0.160478 -0.237097
v -0.013864 0.124820 -0.257013
v -0.013703 0.136925 -0.251274
v -0.027308 0.136646 -0.250510
v -0.027515 0.124608 -0.256197
v -0.013596 0.149000 -0.244847
v -0.027134 0.148674 -0.244126
v -0.040845 0.136164 -0.249249
v -0.041167 0.124167 -0.254869
v -0.040576 0.148138 -0.242929
v -0.014100 0.112889 -0.262017
v -0.041552 0.112355 -0.259736
v -0.027760 0.112772 -0.261135
v -0.019219 0.083424 -0.273949
v -0.016094 0.091367 -0.270165
v -0.029139 0.091347 -0.269263
v -0.031295 0.083153 -0.273316
v -0.014583 0.101460 -0.266306
v -0.028142 0.101451 -0.265359
v -0.042646 0.091085 -0.267634
v -0.043740 0.083232 -0.271395
v -0.042021 0.101056 -0.263875
v 0.138579 0.138605 0.216696
v 0.139970 0.127979 0.221534
v 0.128871 0.129163 0.226725
v 0.127687 0.140019 0.221592
v 0.141350 0.117334 0.225810
v 0.130067 0.118298 0.231257
v 0.117337 0.130375 0.231420
v 0.116324 0.141463 0.226028
v 0.118401 0.119263 0.236181
v 0.147378 0.147363 0.206375
v 0.148957 0.137282 0.211336
v 0.137258 0.148946 0.211344
v 0.150592 0.126880 0.215840
v 0.152194 0.116436 0.219833
v 0.153669 0.106232 0.223264
v 0.142635 0.106941 0.229477
v 0.131210 0.107678 0.235143
v 0.119476 0.108364 0.240265
v 0.107520 0.108921 0.244844
v 0.106408 0.120168 0.240586
v 0.105411 0.131553 0.235624
v 0.104528 0.142873 0.230007
v 0.115402 0.152292 0.220054
v 0.103759 0.153922 0.223787
v 0.126584 0.150611 0.215905
v 0.092341 0.144196 0.233531
v 0.093127 0.132653 0.239341
v 0.080480 0.133675 0.242576
v 0.079804 0.145406 0.236597
v 0.094110 0.120976 0.244478
v 0.081387 0.121763 0.247870
v 0.067476 0.134619 0.245328
v 0.066960 0.146482 0.239203
v 0.068142 0.122586 0.250773
v 0.091702 0.155442 0.227101
v 0.095341 0.109331 0.248888
v 0.082598 0.109809 0.252426
v 0.069000 0.110519 0.255487
v 0.054804 0.111173 0.258072
v 0.054510 0.123309 0.253185
v 0.054186 0.135431 0.247596
v 0.053860 0.147397 0.241344
v 0.066550 0.158036 0.232447
v 0.053556 0.159063 0.234468
v 0.079283 0.156821 0.229989
v 0.127101 0.081851 0.247506
v 0.123000 0.088940 0.246031
v 0.134300 0.088709 0.240866
v 0.137748 0.081497 0.242726
v 0.120710 0.098012 0.243602
v 0.132387 0.097622 0.238347
v 0.145373 0.088504 0.234998
v 0.147837 0.081643 0.236958
v 0.143842 0.097131 0.232513
v 0.117437 0.082017 0.251353
v 0.111981 0.088886 0.250539
v 0.108983 0.098172 0.248284
v 0.154959 0.096619 0.226128
v 0.156142 0.088246 0.228620
v 0.157315 0.081789 0.230954
v 0.068867 0.081136 0.268057
v 0.070489 0.088455 0.263454
v 0.088158 0.086037 0.260042
v 0.082879 0.078905 0.266669
v 0.070012 0.098741 0.259528
v 0.084367 0.097988 0.256268
v 0.097168 0.098033 0.252456
v 0.101351 0.088142 0.254693
v 0.109902 0.081011 0.254864
v 0.103156 0.078864 0.259310
v 0.097179 0.075677 0.265516
v 0.055629 0.082078 0.269856
v 0.055311 0.089285 0.266105
v 0.055056 0.099398 0.262283
v 0.167239 0.167223 0.177305
v 0.169156 0.160485 0.181275
v 0.161849 0.161834 0.186272
v 0.160500 0.169141 0.181275
v 0.171519 0.152695 0.185073
v 0.163691 0.153696 0.190855
v 0.153711 0.163675 0.190855
v 0.152710 0.171503 0.185073
v 0.155162 0.155147 0.196129
v 0.174089 0.143997 0.188747
v 0.165812 0.144778 0.195135
v 0.156903 0.145938 0.200989
v 0.145954 0.156888 0.200989
v 0.144793 0.165796 0.195135
v 0.144012 0.174074 0.188747
v 0.134537 0.176705 0.192293
v 0.135157 0.168033 0.199173
v 0.124868 0.170296 0.202961
v 0.124373 0.179315 0.195674
v 0.136091 0.158774 0.205511
v 0.125625 0.160722 0.209698
v 0.113996 0.172518 0.206469
v 0.113595 0.181837 0.198846
v 0.114612 0.162662 0.213534
v 0.103109 0.164525 0.217005
v 0.102606 0.174628 0.209665
v 0.102280 0.184207 0.201764
v 0.090502 0.186368 0.204389
v 0.090765 0.176565 0.212525
v 0.078531 0.178300 0.215034
v 0.078321 0.188292 0.206702
v 0.091173 0.166248 0.220096
v 0.078857 0.167801 0.222797
v 0.065959 0.179812 0.217180
v 0.065795 0.189959 0.208688
v 0.066215 0.169161 0.225102
v 0.053301 0.170306 0.227000
v 0.053105 0.181078 0.218953
v 0.052981 0.191350 0.210333
v 0.039937 0.192447 0.211625
v 0.040027 0.182080 0.220342
v 0.026778 0.182807 0.221341
v 0.026720 0.193241 0.212556
v 0.040167 0.171215 0.228486
v 0.026869 0.171876 0.229552
v 0.013417 0.183249 0.221945
v 0.013389 0.193723 0.213119
v 0.013462 0.172279 0.230196
v 0.040352 0.159881 0.236047
v 0.026989 0.160478 0.237180
v 0.013521 0.160843 0.237862
v -0.000000 0.160967 0.238091
v -0.000000 0.172416 0.230411
v -0.000000 0.183399 0.222147
v -0.000000 0.193886 0.213308
v 0.040558 0.148125 0.243016
v 0.040703 0.136057 0.249373
v 0.027123 0.136520 0.250642
v 0.027111 0.148658 0.244215
v 0.040688 0.123807 0.255093
v 0.026892 0.124182 0.256446
v 0.013529 0.136843 0.251389
v 0.013574 0.148990 0.244934
v 0.013278 0.124542 0.257205
v 0.040416 0.111502 0.260153
v 0.026284 0.111764 0.261612
v 0.012711 0.112229 0.262358
v -0.000622 0.112693 0.262483
v -0.000262 0.124793 0.257405
v -0.000078 0.136991 0.251623
v -0.000010 0.149108 0.245172
v -0.000232 0.082014 0.275086
v 0.007783 0.089654 0.271089
v 0.021991 0.086916 0.271736
v 0.007609 0.079488 0.277186
v 0.011448 0.100216 0.266895
v 0.025038 0.099431 0.266283
v 0.039908 0.099461 0.264604
v 0.040000 0.088918 0.268732
v 0.042447 0.081397 0.272697
v 0.028667 0.079319 0.276463
v 0.014982 0.076028 0.281029
v -0.008667 0.083377 0.274192
v -0.003832 0.090916 0.270702
v -0.001431 0.101045 0.266859
v 0.166808 0.081223 0.225173
v 0.166594 0.087821 0.221916
v 0.176556 0.087380 0.214796
v 0.176219 0.080657 0.218824
v 0.165635 0.096141 0.219228
v 0.175778 0.095699 0.211863
v 0.185819 0.087048 0.207223
v 0.184877 0.080615 0.211600
v 0.185299 0.095275 0.204100
v 0.164229 0.105615 0.216510
v 0.174262 0.105099 0.209252
v 0.183718 0.104678 0.201533
v 0.176713 0.134560 0.192289
v 0.179267 0.124659 0.195645
v 0.170264 0.125167 0.202910
v 0.168042 0.135181 0.199167
v 0.181639 0.114598 0.198748
v 0.172372 0.115039 0.206294
v 0.160699 0.125924 0.209636
v 0.158785 0.136115 0.205504
v 0.162547 0.115660 0.213326
v -0.066964 0.146485 0.239202
v -0.067509 0.134644 0.245319
v -0.080490 0.133682 0.242573
v -0.079805 0.145407 0.236597
v -0.068252 0.122670 0.250739
v -0.081420 0.121788 0.247860
v -0.093128 0.132654 0.239341
v -0.092341 0.144196 0.233531
v -0.094114 0.120979 0.244477
v -0.053557 0.159063 0.234468
v -0.053869 0.147404 0.241341
v -0.066551 0.158036 0.232447
v -0.054264 0.135490 0.247573
v -0.054772 0.123509 0.253106
v -0.055425 0.111648 0.257885
v -0.069261 0.110719 0.255407
v -0.082675 0.109869 0.252401
v -0.095351 0.109338 0.248884
v -0.107520 0.108922 0.244844
v -0.106409 0.120168 0.240586
v -0.105411 0.131553 0.235623
v -0.104528 0.142873 0.230007
v -0.091703 0.155442 0.227101
v -0.103759 0.153922 0.223787
v -0.079283 0.156821 0.229989
v -0.116324 0.141463 0.226028
v -0.117337 0.130375 0.231420
v -0.128871 0.129163 0.226725
v -0.127688 0.140019 0.221592
v -0.118401 0.119263 0.236181
v -0.130067 0.118298 0.231257
v -0.139970 0.127979 0.221534
v -0.138579 0.138605 0.216696
v -0.141350 0.117334 0.225810
v -0.115402 0.152292 0.220054
v -0.119476 0.108364 0.240265
v -0.131210 0.107678 0.235143
v -0.142636 0.106941 0.229477
v -0.153669 0.106232 0.223264
v -0.152194 0.116436 0.219833
v -0.150593 0.126880 0.215840
v -0.148957 0.137282 0.211336
v -0.137258 0.148946 0.211344
v -0.147379 0.147363 0.206375
v -0.126584 0.150611 0.215905
v -0.109868 0.081013 0.254845
v -0.101338 0.088152 0.254676
v -0.088043 0.086137 0.259908
v -0.102876 0.078875 0.259193
v -0.097179 0.098045 0.252447
v -0.084477 0.098092 0.256215
v -0.070453 0.099105 0.259371
v -0.070802 0.088917 0.263164
v -0.068424 0.081558 0.267527
v -0.081914 0.079028 0.266207
v -0.096202 0.075692 0.265143
v -0.117436 0.082017 0.251350
v -0.111980 0.088885 0.250536
v -0.108983 0.098172 0.248283
v -0.056153 0.100261 0.261932
v -0.056476 0.090376 0.265580
v -0.056011 0.083022 0.269175
v -0.147837 0.081643 0.236957
v -0.145373 0.088504 0.234998
v -0.134300 0.088709 0.240865
v -0.137748 0.081497 0.242725
v -0.143843 0.097132 0.232513
v -0.132387 0.097622 0.238346
v -0.123000 0.088940 0.246030
v -0.127101 0.081851 0.247504
v -0.120710 0.098012 0.243602
v -0.157315 0.081789 0.230954
v -0.156142 0.088246 0.228620
v -0.154959 0.096620 0.226128
v -0.013389 0.193723 0.213119
v -0.013418 0.183249 0.221945
v -0.026779 0.182807 0.221341
v -0.026721 0.193241 0.212556
v -0.013462 0.172279 0.230196
v -0.026870 0.171876 0.229552
v -0.040027 0.182080 0.220342
v -0.039937 0.192447 0.211625
v -0.040168 0.171215 0.228486
v -0.013521 0.160843 0.237862
v -0.026989 0.160478 0.237180
v -0.040352 0.159881 0.236047
v -0.053301 0.170306 0.227000
v -0.053106 0.181078 0.218953
v -0.052981 0.191350 0.210333
v -0.065795 0.189959 0.208688
v -0.065959 0.179812 0.217180
v -0.078531 0.178300 0.215034
v -0.078321 0.188292 0.206702
v -0.066216 0.169161 0.225102
v -0.078857 0.167801 0.222797
v -0.090765 0.176565 0.212525
v -0.090502 0.186368 0.204389
v -0.091173 0.166248 0.220096
v -0.103110 0.164525 0.217005
v -0.102606 0.174628 0.209665
v -0.102280 0.184208 0.201764
v -0.113595 0.181837 0.198846
v -0.113996 0.172518 0.206469
v -0.124869 0.170296 0.202961
v -0.124373 0.179315 0.195674
v -0.114612 0.162662 0.213534
v -0.125625 0.160722 0.209698
v -0.135157 0.168033 0.199173
v -0.134538 0.176705 0.192293
v -0.136091 0.158774 0.205511
v -0.145954 0.156888 0.200989
v -0.144793 0.165796 0.195135
v -0.144013 0.174074 0.188747
v -0.152711 0.171503 0.185073
v -0.153711 0.163675 0.190855
v -0.161850 0.161834 0.186272
v -0.160500 0.169141 0.181275
v -0.155163 0.155147 0.196129
v -0.163691 0.153696 0.190855
v -0.169156 0.160485 0.181275
v -0.167239 0.167223 0.177305
v -0.171519 0.152695 0.185073
v -0.156903 0.145938 0.200989
v -0.165812 0.144778 0.195134
v -0.174090 0.143997 0.188747
v -0.158785 0.136115 0.205504
v -0.160699 0.125924 0.209636
v -0.170264 0.125167 0.202910
v -0.168042 0.135181 0.199167
v -0.162547 0.115660 0.213326
v -0.172373 0.115039 0.206294
v -0.179267 0.124659 0.195645
v -0.176713 0.134560 0.192289
v -0.181640 0.114598 0.198748
v -0.164230 0.105615 0.216510
v -0.174263 0.105099 0.209252
v -0.183718 0.104678 0.201533
v -0.184877 0.080615 0.211599
v -0.185819 0.087048 0.207223
v -0.176556 0.087380 0.214796
v -0.176219 0.080657 0.218824
v -0.185299 0.095275 0.204100
v -0.175778 0.095699 0.211863
v -0.166594 0.087821 0.221916
v -0.166809 0.081223 0.225172
v -0.165635 0.096141 0.219228
v -0.043739 0.083232 0.271475
v -0.042645 0.091085 0.267715
v -0.029139 0.091347 0.269345
v -0.031295 0.083153 0.273398
v -0.042020 0.101056 0.263956
v -0.028142 0.101451 0.265442
v -0.016094 0.091367 0.270247
v -0.019218 0.083424 0.274031
v -0.014583 0.101460 0.266388
v -0.041552 0.112355 0.259818
v -0.027760 0.112772 0.261217
v -0.014100 0.112889 0.262100
v -0.013596 0.149000 0.244930
v -0.013703 0.136925 0.251357
v -0.027308 0.136646 0.250593
v -0.027134 0.148674 0.244208
v -0.013864 0.124820 0.257096
v -0.027515 0.124608 0.256280
v -0.040845 0.136164 0.249331
v -0.040576 0.148138 0.243011
v -0.041167 0.124167 0.254952
f 1 2 3
f 1 3 4
f 5 6 3
f 5 3 2
f 7 8 3
f 7 3 6
f 9 10 3
f 9 3 8
f 11 12 3
f 11 3 10
f 13 14 3
f 13 3 12
f 15 16 3
f 15 3 14
f 17 18 3
f 17 3 16
f 19 20 3
f 19 3 18
f 21 22 3
f 21 3 20
f 23 24 3
f 23 3 22
f 25 26 3
f 25 3 24
f 27 28 3
f 27 3 26
f 29 30 3
f 29 3 28
f 31 32 3
f 31 3 30
f 33 4 3
f 33 3 32
f 34 35 1
f 34 1 36
f 35 37 2
f 35 2 1
f 36 1 4
f 36 4 38
f 39 40 5
f 39 5 41
f 40 42 6
f 40 6 5
f 41 5 2
f 41 2 37
f 43 44 7
f 43 7 45
f 44 46 8
f 44 8 7
f 45 7 6
f 45 6 42
f 47 48 9
f 47 9 49
f 48 50 10
f 48 10 9
f 49 9 8
f 49 8 46
f 51 52 11
f 51 11 53
f 52 54 12
f 52 12 11
f 53 11 10
f 53 10 50
f 55 56 13
f 55 13 57
f 56 58 14
f 56 14 13
f 57 13 12
f 57 12 54
f 59 60 15
f 59 15 61
f 60 62 16
f 60 16 15
f 61 15 14
f 61 14 58
f 63 64 17
f 63 17 65
f 64 66 18
f 64 18 17
f 65 17 16
f 65 16 62
f 67 68 19
f 67 19 69
f 68 70 20
f 68 20 19
f 69 19 18
f 69 18 66
f 71 72 21
f 71 21 73
f 72 74 22
f 72 22 21
f 73 21 20
f 73 20 70
f 75 76 23
f 75 23 77
f 76 78 24
f 76 24 23
f 77 23 22
f 77 22 74
f 79 80 25
f 79 25 81
f 80 82 26
f 80 26 25
f 81 25 24
f 81 24 78
f 83 84 27
f 83 27 85
f 84 86 28
f 84 28 27
f 85 27 26
f 85 26 82
f 87 88 29
f 87 29 89
f 88 90 30
f 88 30 29
f 89 29 28
f 89 28 86
f 91 92 31
f 91 31 93
f 92 94 32
f 92 32 31
f 93 31 30
f 93 30 90
f 95 96 33
f 95 33 97
f 96 38 4
f 96 4 33
f 97 33 32
f 97 32 94
f 98 99 100
f 98 100 101
f 99 102 103
f 99 103 100
f 101 100 104
f 101 104 105
f 100 103 106
f 100 106 104
f 107 108 98
f 107 98 109
f 108 110 99
f 108 99 98
f 110 111 102
f 110 102 99
f 111 112 113
f 111 113 102
f 102 113 114
f 102 114 103
f 103 114 115
f 103 115 106
f 106 115 116
f 106 116 117
f 104 106 117
f 104 117 118
f 105 104 118
f 105 118 119
f 120 105 119
f 120 119 121
f 122 101 105
f 122 105 120
f 109 98 101
f 109 101 122
f 123 124 125
f 123 125 126
f 124 127 128
f 124 128 125
f 126 125 129
f 126 129 130
f 125 128 131
f 125 131 129
f 121 119 123
f 121 123 132
f 119 118 124
f 119 124 123
f 118 117 127
f 118 127 124
f 117 116 133
f 117 133 127
f 127 133 134
f 127 134 128
f 128 134 135
f 128 135 131
f 131 135 136
f 131 136 137
f 129 131 137
f 129 137 138
f 130 129 138
f 130 138 139
f 140 130 139
f 140 139 141
f 142 126 130
f 142 130 140
f 132 123 126
f 132 126 142
f 143 144 145
f 143 145 146
f 144 147 148
f 144 148 145
f 146 145 149
f 146 149 150
f 145 148 151
f 145 151 149
f 152 153 143
f 152 143 154
f 153 155 144
f 153 144 143
f 155 156 147
f 155 147 144
f 156 107 109
f 156 109 147
f 147 109 122
f 147 122 148
f 148 122 120
f 148 120 151
f 151 120 121
f 151 121 157
f 149 151 157
f 149 157 158
f 150 149 158
f 150 158 159
f 160 150 159
f 160 159 161
f 162 146 150
f 162 150 160
f 154 143 146
f 154 146 162
f 163 164 165
f 163 165 166
f 164 167 168
f 164 168 165
f 166 165 169
f 166 169 170
f 165 168 171
f 165 171 169
f 161 159 163
f 161 163 172
f 159 158 164
f 159 164 163
f 158 157 167
f 158 167 164
f 157 121 132
f 157 132 167
f 167 132 142
f 167 142 168
f 168 142 140
f 168 140 171
f 171 140 141
f 171 141 173
f 169 171 173
f 169 173 174
f 170 169 174
f 170 174 175
f 176 170 175
f 176 175 177
f 178 166 170
f 178 170 176
f 172 163 166
f 172 166 178
f 179 180 181
f 179 181 182
f 180 183 184
f 180 184 181
f 182 181 185
f 182 185 186
f 181 184 187
f 181 187 185
f 188 189 179
f 188 179 190
f 189 191 180
f 189 180 179
f 191 192 183
f 191 183 180
f 192 152 154
f 192 154 183
f 183 154 162
f 183 162 184
f 184 162 160
f 184 160 187
f 187 160 161
f 187 161 193
f 185 187 193
f 185 193 194
f 186 185 194
f 186 194 195
f 196 186 195
f 196 195 197
f 198 182 186
f 198 186 196
f 190 179 182
f 190 182 198
f 199 200 201
f 199 201 202
f 200 203 204
f 200 204 201
f 202 201 205
f 202 205 206
f 201 204 207
f 201 207 205
f 197 195 199
f 197 199 208
f 195 194 200
f 195 200 199
f 194 193 203
f 194 203 200
f 193 161 172
f 193 172 203
f 203 172 178
f 203 178 204
f 204 178 176
f 204 176 207
f 207 176 177
f 207 177 209
f 205 207 209
f 205 209 210
f 206 205 210
f 206 210 211
f 212 206 211
f 212 211 213
f 214 202 206
f 214 206 212
f 208 199 202
f 208 202 214
f 215 216 217
f 215 217 218
f 216 219 220
f 216 220 217
f 218 217 221
f 218 221 222
f 217 220 223
f 217 223 221
f 224 225 215
f 224 215 226
f 225 227 216
f 225 216 215
f 227 228 219
f 227 219 216
f 228 188 190
f 228 190 219
f 219 190 198
f 219 198 220
f 220 198 196
f 220 196 223
f 223 196 197
f 223 197 229
f 221 223 229
f 221 229 230
f 222 221 230
f 222 230 231
f 232 222 231
f 232 231 233
f 234 218 222
f 234 222 232
f 226 215 218
f 226 218 234
f 235 236 237
f 235 237 238
f 236 239 240
f 236 240 237
f 238 237 241
f 238 241 242
f 237 240 243
f 237 243 241
f 233 231 235
f 233 235 244
f 231 230 236
f 231 236 235
f 230 229 239
f 230 239 236
f 229 197 208
f 229 208 239
f 239 208 214
f 239 214 240
f 240 214 212
f 240 212 243
f 243 212 213
f 243 213 245
f 241 243 245
f 241 245 246
f 242 241 246
f 242 246 247
f 248 242 247
f 248 247 249
f 250 238 242
f 250 242 248
f 244 235 238
f 244 238 250
f 251 252 253
f 251 253 254
f 252 255 256
f 252 256 253
f 254 253 257
f 254 257 258
f 253 256 259
f 253 259 257
f 260 261 251
f 260 251 262
f 261 263 252
f 261 252 251
f 263 264 255
f 263 255 252
f 264 224 226
f 264 226 255
f 255 226 234
f 255 234 256
f 256 234 232
f 256 232 259
f 259 232 233
f 259 233 265
f 257 259 265
f 257 265 266
f 258 257 266
f 258 266 267
f 268 258 267
f 268 267 269
f 270 254 258
f 270 258 268
f 262 251 254
f 262 254 270
f 271 272 273
f 271 273 274
f 272 275 276
f 272 276 273
f 274 273 277
f 274 277 278
f 273 276 279
f 273 279 277
f 269 267 271
f 269 271 280
f 267 266 272
f 267 272 271
f 266 265 275
f 266 275 272
f 265 233 244
f 265 244 275
f 275 244 250
f 275 250 276
f 276 250 248
f 276 248 279
f 279 248 249
f 279 249 281
f 277 279 281
f 277 281 282
f 278 277 282
f 278 282 283
f 284 278 283
f 284 283 285
f 286 274 278
f 286 278 284
f 280 271 274
f 280 274 286
f 287 288 289
f 287 289 290
f 288 291 292
f 288 292 289
f 290 289 293
f 290 293 294
f 289 292 295
f 289 295 293
f 296 297 287
f 296 287 298
f 297 299 288
f 297 288 287
f 299 300 291
f 299 291 288
f 300 260 262
f 300 262 291
f 291 262 270
f 291 270 292
f 292 270 268
f 292 268 295
f 295 268 269
f 295 269 301
f 293 295 301
f 293 301 302
f 294 293 302
f 294 302 303
f 304 294 303
f 304 303 305
f 306 290 294
f 306 294 304
f 298 287 290
f 298 290 306
f 307 308 309
f 307 309 310
f 308 311 312
f 308 312 309
f 310 309 313
f 310 313 314
f 309 312 315
f 309 315 313
f 305 303 307
f 305 307 316
f 303 302 308
f 303 308 307
f 302 301 311
f 302 311 308
f 301 269 280
f 301 280 311
f 311 280 286
f 311 286 312
f 312 286 284
f 312 284 315
f 315 284 285
f 315 285 317
f 313 315 317
f 313 317 318
f 314 313 318
f 314 318 319
f 320 314 319
f 320 319 321
f 322 310 314
f 322 314 320
f 316 307 310
f 316 310 322
f 323 324 325
f 323 325 326
f 324 327 328
f 324 328 325
f 326 325 329
f 326 329 330
f 325 328 331
f 325 331 329
f 332 333 323
f 332 323 334
f 333 335 324
f 333 324 323
f 335 336 327
f 335 327 324
f 336 296 298
f 336 298 327
f 327 298 306
f 327 306 328
f 328 306 304
f 328 304 331
f 331 304 305
f 331 305 337
f 329 331 337
f 329 337 338
f 330 329 338
f 330 338 339
f 340 330 339
f 340 339 341
f 342 326 330
f 342 330 340
f 334 323 326
f 334 326 342
f 343 344 345
f 343 345 346
f 344 347 348
f 344 348 345
f 346 345 349
f 346 349 350
f 345 348 351
f 345 351 349
f 341 339 343
f 341 343 352
f 339 338 344
f 339 344 343
f 338 337 347
f 338 347 344
f 337 305 316
f 337 316 347
f 347 316 322
f 347 322 348
f 348 322 320
f 348 320 351
f 351 320 321
f 351 321 353
f 349 351 353
f 349 353 354
f 350 349 354
f 350 354 355
f 356 350 355
f 356 355 357
f 358 346 350
f 358 350 356
f 352 343 346
f 352 346 358
f 359 360 361
f 359 361 362
f 360 363 364
f 360 364 361
f 362 361 365
f 362 365 366
f 361 364 367
f 361 367 365
f 368 369 359
f 368 359 370
f 369 371 360
f 369 360 359
f 371 372 363
f 371 363 360
f 372 332 334
f 372 334 363
f 363 334 342
f 363 342 364
f 364 342 340
f 364 340 367
f 367 340 341
f 367 341 373
f 365 367 373
f 365 373 374
f 366 365 374
f 366 374 375
f 376 366 375
f 376 375 377
f 378 362 366
f 378 366 376
f 370 359 362
f 370 362 378
f 379 380 381
f 379 381 382
f 380 383 384
f 380 384 381
f 382 381 385
f 382 385 386
f 381 384 387
f 381 387 385
f 377 375 379
f 377 379 388
f 375 374 380
f 375 380 379
f 374 373 383
f 374 383 380
f 373 341 352
f 373 352 383
f 383 352 358
f 383 358 384
f 384 358 356
f 384 356 387
f 387 356 357
f 387 357 389
f 385 387 389
f 385 389 390
f 386 385 390
f 386 390 391
f 392 386 391
f 392 391 393
f 394 382 386
f 394 386 392
f 388 379 382
f 388 382 394
f 395 396 397
f 395 397 398
f 396 399 400
f 396 400 397
f 398 397 401
f 398 401 402
f 397 400 403
f 397 403 401
f 404 405 395
f 404 395 406
f 405 407 396
f 405 396 395
f 407 408 399
f 407 399 396
f 408 368 370
f 408 370 399
f 399 370 378
f 399 378 400
f 400 378 376
f 400 376 403
f 403 376 377
f 403 377 409
f 401 403 409
f 401 409 410
f 402 401 410
f 402 410 411
f 412 402 411
f 412 411 413
f 414 398 402
f 414 402 412
f 406 395 398
f 406 398 414
f 415 416 417
f 415 417 418
f 416 419 420
f 416 420 417
f 418 417 421
f 418 421 422
f 417 420 423
f 417 423 421
f 413 411 415
f 413 415 424
f 411 410 416
f 411 416 415
f 410 409 419
f 410 419 416
f 409 377 388
f 409 388 419
f 419 388 394
f 419 394 420
f 420 394 392
f 420 392 423
f 423 392 393
f 423 393 425
f 421 423 425
f 421 425 426
f 422 421 426
f 422 426 427
f 428 422 427
f 428 427 429
f 430 418 422
f 430 422 428
f 424 415 418
f 424 418 430
f 431 432 433
f 431 433 434
f 432 435 436
f 432 436 433
f 434 433 437
f 434 437 438
f 433 436 439
f 433 439 437
f 440 441 431
f 440 431 442
f 441 443 432
f 441 432 431
f 443 444 435
f 443 435 432
f 444 404 406
f 444 406 435
f 435 406 414
f 435 414 436
f 436 414 412
f 436 412 439
f 439 412 413
f 439 413 445
f 437 439 445
f 437 445 446
f 438 437 446
f 438 446 447
f 448 438 447
f 448 447 449
f 450 434 438
f 450 438 448
f 442 431 434
f 442 434 450
f 451 452 453
f 451 453 454
f 452 455 456
f 452 456 453
f 454 453 457
f 454 457 458
f 453 456 459
f 453 459 457
f 449 447 451
f 449 451 460
f 447 446 452
f 447 452 451
f 446 445 455
f 446 455 452
f 445 413 424
f 445 424 455
f 455 424 430
f 455 430 456
f 456 430 428
f 456 428 459
f 459 428 429
f 459 429 461
f 457 459 461
f 457 461 462
f 458 457 462
f 458 462 463
f 464 458 463
f 464 463 465
f 466 454 458
f 466 458 464
f 460 451 454
f 460 454 466
f 467 468 469
f 467 469 470
f 468 471 472
f 468 472 469
f 470 469 473
f 470 473 474
f 469 472 475
f 469 475 473
f 476 477 467
f 476 467 478
f 477 479 468
f 477 468 467
f 479 480 471
f 479 471 468
f 480 440 442
f 480 442 471
f 471 442 450
f 471 450 472
f 472 450 448
f 472 448 475
f 475 448 449
f 475 449 481
f 473 475 481
f 473 481 482
f 474 473 482
f 474 482 483
f 484 474 483
f 484 483 485
f 486 470 474
f 486 474 484
f 478 467 470
f 478 470 486
f 487 488 489
f 487 489 490
f 488 491 492
f 488 492 489
f 490 489 493
f 490 493 494
f 489 492 495
f 489 495 493
f 485 483 487
f 485 487 496
f 483 482 488
f 483 488 487
f 482 481 491
f 482 491 488
f 481 449 460
f 481 460 491
f 491 460 466
f 491 466 492
f 492 466 464
f 492 464 495
f 495 464 465
f 495 465 497
f 493 495 497
f 493 497 498
f 494 493 498
f 494 498 499
f 500 494 499
f 500 499 501
f 502 490 494
f 502 494 500
f 496 487 490
f 496 490 502
f 503 504 505
f 503 505 506
f 504 507 508
f 504 508 505
f 506 505 509
f 506 509 510
f 505 508 511
f 505 511 509
f 512 513 503
f 512 503 514
f 513 515 504
f 513 504 503
f 515 516 507
f 515 507 504
f 516 476 478
f 516 478 507
f 507 478 486
f 507 486 508
f 508 486 484
f 508 484 511
f 511 484 485
f 511 485 517
f 509 511 517
f 509 517 518
f 510 509 518
f 510 518 519
f 520 510 519
f 520 519 521
f 522 506 510
f 522 510 520
f 514 503 506
f 514 506 522
f 523 524 525
f 523 525 526
f 524 527 528
f 524 528 525
f 526 525 529
f 526 529 530
f 525 528 531
f 525 531 529
f 521 519 523
f 521 523 532
f 519 518 524
f 519 524 523
f 518 517 527
f 518 527 524
f 517 485 496
f 517 496 527
f 527 496 502
f 527 502 528
f 528 502 500
f 528 500 531
f 531 500 501
f 531 501 533
f 529 531 533
f 529 533 534
f 530 529 534
f 530 534 535
f 536 530 535
f 536 535 537
f 538 526 530
f 538 530 536
f 532 523 526
f 532 526 538
f 539 540 541
f 539 541 542
f 540 543 544
f 540 544 541
f 542 541 545
f 542 545 546
f 541 544 547
f 541 547 545
f 548 549 539
f 548 539 550
f 549 551 540
f 549 540 539
f 551 552 543
f 551 543 540
f 552 512 514
f 552 514 543
f 543 514 522
f 543 522 544
f 544 522 520
f 544 520 547
f 547 520 521
f 547 521 553
f 545 547 553
f 545 553 554
f 546 545 554
f 546 554 555
f 556 546 555
f 556 555 557
f 558 542 546
f 558 546 556
f 550 539 542
f 550 542 558
f 559 560 561
f 559 561 562
f 560 563 564
f 560 564 561
f 562 561 565
f 562 565 566
f 561 564 567
f 561 567 565
f 557 555 559
f 557 559 568
f 555 554 560
f 555 560 559
f 554 553 563
f 554 563 560
f 553 521 532
f 553 532 563
f 563 532 538
f 563 538 564
f 564 538 536
f 564 536 567
f 567 536 537
f 567 537 569
f 565 567 569
f 565 569 570
f 566 565 570
f 566 570 571
f 572 566 571
f 572 571 573
f 574 562 566
f 574 566 572
f 568 559 562
f 568 562 574
f 575 576 577
f 575 577 578
f 576 579 580
f 576 580 577
f 578 577 581
f 578 581 582
f 577 580 583
f 577 583 581
f 584 585 575
f 584 575 586
f 585 587 576
f 585 576 575
f 587 588 579
f 587 579 576
f 588 548 550
f 588 550 579
f 579 550 558
f 579 558 580
f 580 558 556
f 580 556 583
f 583 556 557
f 583 557 589
f 581 583 589
f 581 589 590
f 582 581 590
f 582 590 591
f 592 582 591
f 592 591 593
f 594 578 582
f 594 582 592
f 586 575 578
f 586 578 594
f 595 596 597
f 595 597 598
f 596 599 600
f 596 600 597
f 598 597 601
f 598 601 602
f 597 600 603
f 597 603 601
f 593 591 595
f 593 595 604
f 591 590 596
f 591 596 595
f 590 589 599
f 590 599 596
f 589 557 568
f 589 568 599
f 599 568 574
f 599 574 600
f 600 574 572
f 600 572 603
f 603 572 573
f 603 573 605
f 601 603 605
f 601 605 606
f 602 601 606
f 602 606 607
f 608 602 607
f 608 607 609
f 610 598 602
f 610 602 608
f 604 595 598
f 604 598 610
f 611 612 613
f 611 613 614
f 612 615 616
f 612 616 613
f 614 613 617
f 614 617 618
f 613 616 619
f 613 619 617
f 620 621 611
f 620 611 622
f 621 623 612
f 621 612 611
f 623 624 615
f 623 615 612
f 624 584 586
f 624 586 615
f 615 586 594
f 615 594 616
f 616 594 592
f 616 592 619
f 619 592 593
f 619 593 625
f 617 619 625
f 617 625 626
f 618 617 626
f 618 626 627
f 628 618 627
f 628 627 629
f 630 614 618
f 630 618 628
f 622 611 614
f 622 614 630
f 631 632 633
f 631 633 634
f 632 635 636
f 632 636 633
f 634 633 637
f 634 637 638
f 633 636 639
f 633 639 637
f 629 627 631
f 629 631 640
f 627 626 632
f 627 632 631
f 626 625 635
f 626 635 632
f 625 593 604
f 625 604 635
f 635 604 610
f 635 610 636
f 636 610 608
f 636 608 639
f 639 608 609
f 639 609 641
f 637 639 641
f 637 641 642
f 638 637 642
f 638 642 643
f 644 638 643
f 644 643 645
f 646 634 638
f 646 638 644
f 640 631 634
f 640 634 646
f 647 648 649
f 647 649 650
f 648 651 652
f 648 652 649
f 650 649 653
f 650 653 654
f 649 652 655
f 649 655 653
f 112 656 647
f 112 647 113
f 656 657 648
f 656 648 647
f 657 658 651
f 657 651 648
f 658 620 622
f 658 622 651
f 651 622 630
f 651 630 652
f 652 630 628
f 652 628 655
f 655 628 629
f 655 629 659
f 653 655 659
f 653 659 660
f 654 653 660
f 654 660 661
f 115 654 661
f 115 661 116
f 114 650 654
f 114 654 115
f 113 647 650
f 113 650 114
f 662 663 664
f 662 664 665
f 663 666 667
f 663 667 664
f 665 664 668
f 665 668 669
f 664 667 670
f 664 670 668
f 116 661 662
f 116 662 133
f 661 660 663
f 661 663 662
f 660 659 666
f 660 666 663
f 659 629 640
f 659 640 666
f 666 640 646
f 666 646 667
f 667 646 644
f 667 644 670
f 670 644 645
f 670 645 671
f 668 670 671
f 668 671 672
f 669 668 672
f 669 672 673
f 135 669 673
f 135 673 136
f 134 665 669
f 134 669 135
f 133 662 665
f 133 665 134
f 674 675 676
f 674 676 677
f 675 678 679
f 675 679 676
f 677 676 680
f 677 680 681
f 676 679 682
f 676 682 680
f 43 45 674
f 43 674 683
f 45 42 675
f 45 675 674
f 42 40 678
f 42 678 675
f 40 39 684
f 40 684 678
f 678 684 685
f 678 685 679
f 679 685 686
f 679 686 682
f 682 686 141
f 682 141 139
f 680 682 139
f 680 139 138
f 681 680 138
f 681 138 137
f 687 681 137
f 687 137 136
f 688 677 681
f 688 681 687
f 683 674 677
f 683 677 688
f 689 690 691
f 689 691 692
f 690 693 694
f 690 694 691
f 692 691 695
f 692 695 696
f 691 694 697
f 691 697 695
f 698 699 689
f 698 689 700
f 699 701 690
f 699 690 689
f 701 702 693
f 701 693 690
f 702 107 156
f 702 156 693
f 693 156 155
f 693 155 694
f 694 155 153
f 694 153 697
f 697 153 152
f 697 152 703
f 695 697 703
f 695 703 704
f 696 695 704
f 696 704 705
f 706 696 705
f 706 705 707
f 708 692 696
f 708 696 706
f 700 689 692
f 700 692 708
f 709 710 711
f 709 711 712
f 710 713 714
f 710 714 711
f 712 711 715
f 712 715 716
f 711 714 717
f 711 717 715
f 39 41 709
f 39 709 684
f 41 37 710
f 41 710 709
f 37 35 713
f 37 713 710
f 35 34 718
f 35 718 713
f 713 718 719
f 713 719 714
f 714 719 720
f 714 720 717
f 717 720 177
f 717 177 175
f 715 717 175
f 715 175 174
f 716 715 174
f 716 174 173
f 686 716 173
f 686 173 141
f 685 712 716
f 685 716 686
f 684 709 712
f 684 712 685
f 721 722 723
f 721 723 724
f 722 725 726
f 722 726 723
f 724 723 727
f 724 727 728
f 723 726 729
f 723 729 727
f 730 731 721
f 730 721 732
f 731 733 722
f 731 722 721
f 733 734 725
f 733 725 722
f 734 112 111
f 734 111 725
f 725 111 110
f 725 110 726
f 726 110 108
f 726 108 729
f 729 108 107
f 729 107 702
f 727 729 702
f 727 702 701
f 728 727 701
f 728 701 699
f 735 728 699
f 735 699 698
f 736 724 728
f 736 728 735
f 732 721 724
f 732 724 736
f 737 738 739
f 737 739 740
f 738 741 742
f 738 742 739
f 740 739 743
f 740 743 744
f 739 742 745
f 739 745 743
f 746 747 737
f 746 737 748
f 747 749 738
f 747 738 737
f 749 750 741
f 749 741 738
f 750 620 658
f 750 658 741
f 741 658 657
f 741 657 742
f 742 657 656
f 742 656 745
f 745 656 112
f 745 112 734
f 743 745 734
f 743 734 733
f 744 743 733
f 744 733 731
f 751 744 731
f 751 731 730
f 752 740 744
f 752 744 751
f 748 737 740
f 748 740 752
f 753 754 755
f 753 755 756
f 754 757 758
f 754 758 755
f 756 755 759
f 756 759 760
f 755 758 761
f 755 761 759
f 47 49 753
f 47 753 762
f 49 46 754
f 49 754 753
f 46 44 757
f 46 757 754
f 44 43 683
f 44 683 757
f 757 683 688
f 757 688 758
f 758 688 687
f 758 687 761
f 761 687 136
f 761 136 673
f 759 761 673
f 759 673 672
f 760 759 672
f 760 672 671
f 763 760 671
f 763 671 645
f 764 756 760
f 764 760 763
f 762 753 756
f 762 756 764
f 765 766 767
f 765 767 768
f 766 769 770
f 766 770 767
f 768 767 771
f 768 771 772
f 767 770 773
f 767 773 771
f 707 705 765
f 707 765 774
f 705 704 766
f 705 766 765
f 704 703 769
f 704 769 766
f 703 152 192
f 703 192 769
f 769 192 191
f 769 191 770
f 770 191 189
f 770 189 773
f 773 189 188
f 773 188 775
f 771 773 775
f 771 775 776
f 772 771 776
f 772 776 777
f 778 772 777
f 778 777 779
f 780 768 772
f 780 772 778
f 774 765 768
f 774 768 780
f 781 782 783
f 781 783 784
f 782 785 786
f 782 786 783
f 784 783 787
f 784 787 788
f 783 786 789
f 783 789 787
f 34 36 781
f 34 781 718
f 36 38 782
f 36 782 781
f 38 96 785
f 38 785 782
f 96 95 790
f 96 790 785
f 785 790 791
f 785 791 786
f 786 791 792
f 786 792 789
f 789 792 213
f 789 213 211
f 787 789 211
f 787 211 210
f 788 787 210
f 788 210 209
f 720 788 209
f 720 209 177
f 719 784 788
f 719 788 720
f 718 781 784
f 718 784 719
f 793 794 795
f 793 795 796
f 794 797 798
f 794 798 795
f 796 795 799
f 796 799 800
f 795 798 801
f 795 801 799
f 779 777 793
f 779 793 802
f 777 776 794
f 777 794 793
f 776 775 797
f 776 797 794
f 775 188 228
f 775 228 797
f 797 228 227
f 797 227 798
f 798 227 225
f 798 225 801
f 801 225 224
f 801 224 803
f 799 801 803
f 799 803 804
f 800 799 804
f 800 804 805
f 806 800 805
f 806 805 807
f 808 796 800
f 808 800 806
f 802 793 796
f 802 796 808
f 809 810 811
f 809 811 812
f 810 813 814
f 810 814 811
f 812 811 815
f 812 815 816
f 811 814 817
f 811 817 815
f 95 97 809
f 95 809 790
f 97 94 810
f 97 810 809
f 94 92 813
f 94 813 810
f 92 91 818
f 92 818 813
f 813 818 819
f 813 819 814
f 814 819 820
f 814 820 817
f 817 820 249
f 817 249 247
f 815 817 247
f 815 247 246
f 816 815 246
f 816 246 245
f 792 816 245
f 792 245 213
f 791 812 816
f 791 816 792
f 790 809 812
f 790 812 791
f 821 822 823
f 821 823 824
f 822 825 826
f 822 826 823
f 824 823 827
f 824 827 828
f 823 826 829
f 823 829 827
f 807 805 821
f 807 821 830
f 805 804 822
f 805 822 821
f 804 803 825
f 804 825 822
f 803 224 264
f 803 264 825
f 825 264 263
f 825 263 826
f 826 263 261
f 826 261 829
f 829 261 260
f 829 260 831
f 827 829 831
f 827 831 832
f 828 827 832
f 828 832 833
f 834 828 833
f 834 833 835
f 836 824 828
f 836 828 834
f 830 821 824
f 830 824 836
f 837 838 839
f 837 839 840
f 838 841 842
f 838 842 839
f 840 839 843
f 840 843 844
f 839 842 845
f 839 845 843
f 91 93 837
f 91 837 818
f 93 90 838
f 93 838 837
f 90 88 841
f 90 841 838
f 88 87 846
f 88 846 841
f 841 846 847
f 841 847 842
f 842 847 848
f 842 848 845
f 845 848 285
f 845 285 283
f 843 845 283
f 843 283 282
f 844 843 282
f 844 282 281
f 820 844 281
f 820 281 249
f 819 840 844
f 819 844 820
f 818 837 840
f 818 840 819
f 849 850 851
f 849 851 852
f 850 853 854
f 850 854 851
f 852 851 855
f 852 855 856
f 851 854 857
f 851 857 855
f 835 833 849
f 835 849 858
f 833 832 850
f 833 850 849
f 832 831 853
f 832 853 850
f 831 260 300
f 831 300 853
f 853 300 299
f 853 299 854
f 854 299 297
f 854 297 857
f 857 297 296
f 857 296 859
f 855 857 859
f 855 859 860
f 856 855 860
f 856 860 861
f 862 856 861
f 862 861 863
f 864 852 856
f 864 856 862
f 858 849 852
f 858 852 864
f 865 866 867
f 865 867 868
f 866 869 870
f 866 870 867
f 868 867 871
f 868 871 872
f 867 870 873
f 867 873 871
f 87 89 865
f 87 865 846
f 89 86 866
f 89 866 865
f 86 84 869
f 86 869 866
f 84 83 874
f 84 874 869
f 869 874 875
f 869 875 870
f 870 875 876
f 870 876 873
f 873 876 321
f 873 321 319
f 871 873 319
f 871 319 318
f 872 871 318
f 872 318 317
f 848 872 317
f 848 317 285
f 847 868 872
f 847 872 848
f 846 865 868
f 846 868 847
f 877 878 879
f 877 879 880
f 878 881 882
f 878 882 879
f 880 879 883
f 880 883 884
f 879 882 885
f 879 885 883
f 863 861 877
f 863 877 886
f 861 860 878
f 861 878 877
f 860 859 881
f 860 881 878
f 859 296 336
f 859 336 881
f 881 336 335
f 881 335 882
f 882 335 333
f 882 333 885
f 885 333 332
f 885 332 887
f 883 885 887
f 883 887 888
f 884 883 888
f 884 888 889
f 890 884 889
f 890 889 891
f 892 880 884
f 892 884 890
f 886 877 880
f 886 880 892
f 893 894 895
f 893 895 896
f 894 897 898
f 894 898 895
f 896 895 899
f 896 899 900
f 895 898 901
f 895 901 899
f 83 85 893
f 83 893 874
f 85 82 894
f 85 894 893
f 82 80 897
f 82 897 894
f 80 79 902
f 80 902 897
f 897 902 903
f 897 903 898
f 898 903 904
f 898 904 901
f 901 904 357
f 901 357 355
f 899 901 355
f 899 355 354
f 900 899 354
f 900 354 353
f 876 900 353
f 876 353 321
f 875 896 900
f 875 900 876
f 874 893 896
f 874 896 875
f 905 906 907
f 905 907 908
f 906 909 910
f 906 910 907
f 908 907 911
f 908 911 912
f 907 910 913
f 907 913 911
f 891 889 905
f 891 905 914
f 889 888 906
f 889 906 905
f 888 887 909
f 888 909 906
f 887 332 372
f 887 372 909
f 909 372 371
f 909 371 910
f 910 371 369
f 910 369 913
f 913 369 368
f 913 368 915
f 911 913 915
f 911 915 916
f 912 911 916
f 912 916 917
f 918 912 917
f 918 917 919
f 920 908 912
f 920 912 918
f 914 905 908
f 914 908 920
f 921 922 923
f 921 923 924
f 922 925 926
f 922 926 923
f 924 923 927
f 924 927 928
f 923 926 929
f 923 929 927
f 79 81 921
f 79 921 902
f 81 78 922
f 81 922 921
f 78 76 925
f 78 925 922
f 76 75 930
f 76 930 925
f 925 930 931
f 925 931 926
f 926 931 932
f 926 932 929
f 929 932 393
f 929 393 391
f 927 929 391
f 927 391 390
f 928 927 390
f 928 390 389
f 904 928 389
f 904 389 357
f 903 924 928
f 903 928 904
f 902 921 924
f 902 924 903
f 933 934 935
f 933 935 936
f 934 937 938
f 934 938 935
f 936 935 939
f 936 939 940
f 935 938 941
f 935 941 939
f 919 917 933
f 919 933 942
f 917 916 934
f 917 934 933
f 916 915 937
f 916 937 934
f 915 368 408
f 915 408 937
f 937 408 407
f 937 407 938
f 938 407 405
f 938 405 941
f 941 405 404
f 941 404 943
f 939 941 943
f 939 943 944
f 940 939 944
f 940 944 945
f 946 940 945
f 946 945 947
f 948 936 940
f 948 940 946
f 942 933 936
f 942 936 948
f 949 950 951
f 949 951 952
f 950 953 954
f 950 954 951
f 952 951 955
f 952 955 956
f 951 954 957
f 951 957 955
f 75 77 949
f 75 949 930
f 77 74 950
f 77 950 949
f 74 72 953
f 74 953 950
f 72 71 958
f 72 958 953
f 953 958 959
f 953 959 954
f 954 959 960
f 954 960 957
f 957 960 429
f 957 429 427
f 955 957 427
f 955 427 426
f 956 955 426
f 956 426 425
f 932 956 425
f 932 425 393
f 931 952 956
f 931 956 932
f 930 949 952
f 930 952 931
f 961 962 963
f 961 963 964
f 962 965 966
f 962 966 963
f 964 963 967
f 964 967 968
f 963 966 969
f 963 969 967
f 947 945 961
f 947 961 970
f 945 944 962
f 945 962 961
f 944 943 965
f 944 965 962
f 943 404 444
f 943 444 965
f 965 444 443
f 965 443 966
f 966 443 441
f 966 441 969
f 969 441 440
f 969 440 971
f 967 969 971
f 967 971 972
f 968 967 972
f 968 972 973
f 974 968 973
f 974 973 975
f 976 964 968
f 976 968 974
f 970 961 964
f 970 964 976
f 977 978 979
f 977 979 980
f 978 981 982
f 978 982 979
f 980 979 983
f 980 983 984
f 979 982 985
f 979 985 983
f 71 73 977
f 71 977 958
f 73 70 978
f 73 978 977
f 70 68 981
f 70 981 978
f 68 67 986
f 68 986 981
f 981 986 987
f 981 987 982
f 982 987 988
f 982 988 985
f 985 988 465
f 985 465 463
f 983 985 463
f 983 463 462
f 984 983 462
f 984 462 461
f 960 984 461
f 960 461 429
f 959 980 984
f 959 984 960
f 958 977 980
f 958 980 959
f 989 990 991
f 989 991 992
f 990 993 994
f 990 994 991
f 992 991 995
f 992 995 996
f 991 994 997
f 991 997 995
f 975 973 989
f 975 989 998
f 973 972 990
f 973 990 989
f 972 971 993
f 972 993 990
f 971 440 480
f 971 480 993
f 993 480 479
f 993 479 994
f 994 479 477
f 994 477 997
f 997 477 476
f 997 476 999
f 995 997 999
f 995 999 1000
f 996 995 1000
f 996 1000 1001
f 1002 996 1001
f 1002 1001 1003
f 1004 992 996
f 1004 996 1002
f 998 989 992
f 998 992 1004
f 1005 1006 1007
f 1005 1007 1008
f 1006 1009 1010
f 1006 1010 1007
f 1008 1007 1011
f 1008 1011 1012
f 1007 1010 1013
f 1007 1013 1011
f 67 69 1005
f 67 1005 986
f 69 66 1006
f 69 1006 1005
f 66 64 1009
f 66 1009 1006
f 64 63 1014
f 64 1014 1009
f 1009 1014 1015
f 1009 1015 1010
f 1010 1015 1016
f 1010 1016 1013
f 1013 1016 501
f 1013 501 499
f 1011 1013 499
f 1011 499 498
f 1012 1011 498
f 1012 498 497
f 988 1012 497
f 988 497 465
f 987 1008 1012
f 987 1012 988
f 986 1005 1008
f 986 1008 987
f 1017 1018 1019
f 1017 1019 1020
f 1018 1021 1022
f 1018 1022 1019
f 1020 1019 1023
f 1020 1023 1024
f 1019 1022 1025
f 1019 1025 1023
f 1003 1001 1017
f 1003 1017 1026
f 1001 1000 1018
f 1001 1018 1017
f 1000 999 1021
f 1000 1021 1018
f 999 476 516
f 999 516 1021
f 1021 516 515
f 1021 515 1022
f 1022 515 513
f 1022 513 1025
f 1025 513 512
f 1025 512 1027
f 1023 1025 1027
f 1023 1027 1028
f 1024 1023 1028
f 1024 1028 1029
f 1030 1024 1029
f 1030 1029 1031
f 1032 1020 1024
f 1032 1024 1030
f 1026 1017 1020
f 1026 1020 1032
f 1033 1034 1035
f 1033 1035 1036
f 1034 1037 1038
f 1034 1038 1035
f 1036 1035 1039
f 1036 1039 1040
f 1035 1038 1041
f 1035 1041 1039
f 63 65 1033
f 63 1033 1014
f 65 62 1034
f 65 1034 1033
f 62 60 1037
f 62 1037 1034
f 60 59 1042
f 60 1042 1037
f 1037 1042 1043
f 1037 1043 1038
f 1038 1043 1044
f 1038 1044 1041
f 1041 1044 537
f 1041 537 535
f 1039 1041 535
f 1039 535 534
f 1040 1039 534
f 1040 534 533
f 1016 1040 533
f 1016 533 501
f 1015 1036 1040
f 1015 1040 1016
f 1014 1033 1036
f 1014 1036 1015
f 1045 1046 1047
f 1045 1047 1048
f 1046 1049 1050
f 1046 1050 1047
f 1048 1047 1051
f 1048 1051 1052
f 1047 1050 1053
f 1047 1053 1051
f 1031 1029 1045
f 1031 1045 1054
f 1029 1028 1046
f 1029 1046 1045
f 1028 1027 1049
f 1028 1049 1046
f 1027 512 552
f 1027 552 1049
f 1049 552 551
f 1049 551 1050
f 1050 551 549
f 1050 549 1053
f 1053 549 548
f 1053 548 1055
f 1051 1053 1055
f 1051 1055 1056
f 1052 1051 1056
f 1052 1056 1057
f 1058 1052 1057
f 1058 1057 1059
f 1060 1048 1052
f 1060 1052 1058
f 1054 1045 1048
f 1054 1048 1060
f 1061 1062 1063
f 1061 1063 1064
f 1062 1065 1066
f 1062 1066 1063
f 1064 1063 1067
f 1064 1067 1068
f 1063 1066 1069
f 1063 1069 1067
f 59 61 1061
f 59 1061 1042
f 61 58 1062
f 61 1062 1061
f 58 56 1065
f 58 1065 1062
f 56 55 1070
f 56 1070 1065
f 1065 1070 1071
f 1065 1071 1066
f 1066 1071 1072
f 1066 1072 1069
f 1069 1072 573
f 1069 573 571
f 1067 1069 571
f 1067 571 570
f 1068 1067 570
f 1068 570 569
f 1044 1068 569
f 1044 569 537
f 1043 1064 1068
f 1043 1068 1044
f 1042 1061 1064
f 1042 1064 1043
f 1073 1074 1075
f 1073 1075 1076
f 1074 1077 1078
f 1074 1078 1075
f 1076 1075 1079
f 1076 1079 1080
f 1075 1078 1081
f 1075 1081 1079
f 1059 1057 1073
f 1059 1073 1082
f 1057 1056 1074
f 1057 1074 1073
f 1056 1055 1077
f 1056 1077 1074
f 1055 548 588
f 1055 588 1077
f 1077 588 587
f 1077 587 1078
f 1078 587 585
f 1078 585 1081
f 1081 585 584
f 1081 584 1083
f 1079 1081 1083
f 1079 1083 1084
f 1080 1079 1084
f 1080 1084 1085
f 1086 1080 1085
f 1086 1085 1087
f 1088 1076 1080
f 1088 1080 1086
f 1082 1073 1076
f 1082 1076 1088
f 1089 1090 1091
f 1089 1091 1092
f 1090 1093 1094
f 1090 1094 1091
f 1092 1091 1095
f 1092 1095 1096
f 1091 1094 1097
f 1091 1097 1095
f 55 57 1089
f 55 1089 1070
f 57 54 1090
f 57 1090 1089
f 54 52 1093
f 54 1093 1090
f 52 51 1098
f 52 1098 1093
f 1093 1098 1099
f 1093 1099 1094
f 1094 1099 1100
f 1094 1100 1097
f 1097 1100 609
f 1097 609 607
f 1095 1097 607
f 1095 607 606
f 1096 1095 606
f 1096 606 605
f 1072 1096 605
f 1072 605 573
f 1071 1092 1096
f 1071 1096 1072
f 1070 1089 1092
f 1070 1092 1071
f 1101 1102 1103
f 1101 1103 1104
f 1102 1105 1106
f 1102 1106 1103
f 1104 1103 1107
f 1104 1107 1108
f 1103 1106 1109
f 1103 1109 1107
f 1087 1085 1101
f 1087 1101 1110
f 1085 1084 1102
f 1085 1102 1101
f 1084 1083 1105
f 1084 1105 1102
f 1083 584 624
f 1083 624 1105
f 1105 624 623
f 1105 623 1106
f 1106 623 621
f 1106 621 1109
f 1109 621 620
f 1109 620 750
f 1107 1109 750
f 1107 750 749
f 1108 1107 749
f 1108 749 747
f 1111 1108 747
f 1111 747 746
f 1112 1104 1108
f 1112 1108 1111
f 1110 1101 1104
f 1110 1104 1112
f 1113 1114 1115
f 1113 1115 1116
f 1114 1117 1118
f 1114 1118 1115
f 1116 1115 1119
f 1116 1119 1120
f 1115 1118 1121
f 1115 1121 1119
f 51 53 1113
f 51 1113 1098
f 53 50 1114
f 53 1114 1113
f 50 48 1117
f 50 1117 1114
f 48 47 762
f 48 762 1117
f 1117 762 764
f 1117 764 1118
f 1118 764 763
f 1118 763 1121
f 1121 763 645
f 1121 645 643
f 1119 1121 643
f 1119 643 642
f 1120 1119 642
f 1120 642 641
f 1100 1120 641
f 1100 641 609
f 1099 1116 1120
f 1099 1120 1100
f 1098 1113 1116
f 1098 1116 1099
f 1122 1123 1124
f 1122 1124 1125
f 1123 1126 1127
f 1123 1127 1124
f 1125 1124 1128
f 1125 1128 1129
f 1124 1127 1130
f 1124 1130 1128
f 1131 1132 1122
f 1131 1122 1133
f 1132 1134 1123
f 1132 1123 1122
f 1134 1135 1126
f 1134 1126 1123
f 1135 1136 1137
f 1135 1137 1126
f 1126 1137 1138
f 1126 1138 1127
f 1127 1138 1139
f 1127 1139 1130
f 1130 1139 1003
f 1130 1003 1026
f 1128 1130 1026
f 1128 1026 1032
f 1129 1128 1032
f 1129 1032 1030
f 1140 1129 1030
f 1140 1030 1031
f 1141 1125 1129
f 1141 1129 1140
f 1133 1122 1125
f 1133 1125 1141
f 1142 1143 1144
f 1142 1144 1145
f 1143 1146 1147
f 1143 1147 1144
f 1145 1144 1148
f 1145 1148 1149
f 1144 1147 1150
f 1144 1150 1148
f 1151 1152 1142
f 1151 1142 1153
f 1152 1154 1143
f 1152 1143 1142
f 1154 1155 1146
f 1154 1146 1143
f 1155 1156 1157
f 1155 1157 1146
f 1146 1157 1158
f 1146 1158 1147
f 1147 1158 1159
f 1147 1159 1150
f 1150 1159 947
f 1150 947 970
f 1148 1150 970
f 1148 970 976
f 1149 1148 976
f 1149 976 974
f 1160 1149 974
f 1160 974 975
f 1161 1145 1149
f 1161 1149 1160
f 1153 1142 1145
f 1153 1145 1161
f 1162 1163 1164
f 1162 1164 1165
f 1163 1166 1167
f 1163 1167 1164
f 1165 1164 1168
f 1165 1168 1169
f 1164 1167 1170
f 1164 1170 1168
f 1171 1172 1162
f 1171 1162 1173
f 1172 1174 1163
f 1172 1163 1162
f 1174 1175 1166
f 1174 1166 1163
f 1175 1176 1177
f 1175 1177 1166
f 1166 1177 1178
f 1166 1178 1167
f 1167 1178 1179
f 1167 1179 1170
f 1170 1179 746
f 1170 746 748
f 1168 1170 748
f 1168 748 752
f 1169 1168 752
f 1169 752 751
f 1180 1169 751
f 1180 751 730
f 1181 1165 1169
f 1181 1169 1180
f 1173 1162 1165
f 1173 1165 1181
f 1182 1183 1184
f 1182 1184 1185
f 1183 1186 1187
f 1183 1187 1184
f 1185 1184 1188
f 1185 1188 1189
f 1184 1187 1190
f 1184 1190 1188
f 1191 1192 1182
f 1191 1182 1193
f 1192 1194 1183
f 1192 1183 1182
f 1194 1195 1186
f 1194 1186 1183
f 1195 1196 1197
f 1195 1197 1186
f 1186 1197 1198
f 1186 1198 1187
f 1187 1198 1199
f 1187 1199 1190
f 1190 1199 779
f 1190 779 802
f 1188 1190 802
f 1188 802 808
f 1189 1188 808
f 1189 808 806
f 1200 1189 806
f 1200 806 807
f 1201 1185 1189
f 1201 1189 1200
f 1193 1182 1185
f 1193 1185 1201
f 1202 1203 1204
f 1202 1204 1205
f 1203 1206 1207
f 1203 1207 1204
f 1205 1204 1208
f 1205 1208 1209
f 1204 1207 1210
f 1204 1210 1208
f 1176 1211 1202
f 1176 1202 1177
f 1211 1212 1203
f 1211 1203 1202
f 1212 1213 1206
f 1212 1206 1203
f 1213 1214 1215
f 1213 1215 1206
f 1206 1215 1216
f 1206 1216 1207
f 1207 1216 1217
f 1207 1217 1210
f 1210 1217 1087
f 1210 1087 1110
f 1208 1210 1110
f 1208 1110 1112
f 1209 1208 1112
f 1209 1112 1111
f 1179 1209 1111
f 1179 1111 746
f 1178 1205 1209
f 1178 1209 1179
f 1177 1202 1205
f 1177 1205 1178
f 1218 1219 1220
f 1218 1220 1221
f 1219 1222 1223
f 1219 1223 1220
f 1221 1220 1224
f 1221 1224 1225
f 1220 1223 1226
f 1220 1226 1224
f 1227 1228 1218
f 1227 1218 1229
f 1228 1230 1219
f 1228 1219 1218
f 1230 1231 1222
f 1230 1222 1219
f 1231 1131 1133
f 1231 1133 1222
f 1222 1133 1141
f 1222 1141 1223
f 1223 1141 1140
f 1223 1140 1226
f 1226 1140 1031
f 1226 1031 1054
f 1224 1226 1054
f 1224 1054 1060
f 1225 1224 1060
f 1225 1060 1058
f 1232 1225 1058
f 1232 1058 1059
f 1233 1221 1225
f 1233 1225 1232
f 1229 1218 1221
f 1229 1221 1233
f 1234 1235 1236
f 1234 1236 1237
f 1235 1238 1239
f 1235 1239 1236
f 1237 1236 1240
f 1237 1240 1241
f 1236 1239 1242
f 1236 1242 1240
f 1136 1243 1234
f 1136 1234 1137
f 1243 1244 1235
f 1243 1235 1234
f 1244 1245 1238
f 1244 1238 1235
f 1245 1151 1153
f 1245 1153 1238
f 1238 1153 1161
f 1238 1161 1239
f 1239 1161 1160
f 1239 1160 1242
f 1242 1160 975
f 1242 975 998
f 1240 1242 998
f 1240 998 1004
f 1241 1240 1004
f 1241 1004 1002
f 1139 1241 1002
f 1139 1002 1003
f 1138 1237 1241
f 1138 1241 1139
f 1137 1234 1237
f 1137 1237 1138
f 1246 1247 1248
f 1246 1248 1249
f 1247 1250 1251
f 1247 1251 1248
f 1249 1248 1252
f 1249 1252 1253
f 1248 1251 1254
f 1248 1254 1252
f 1255 1256 1246
f 1255 1246 1257
f 1256 1258 1247
f 1256 1247 1246
f 1258 1259 1250
f 1258 1250 1247
f 1259 1171 1173
f 1259 1173 1250
f 1250 1173 1181
f 1250 1181 1251
f 1251 1181 1180
f 1251 1180 1254
f 1254 1180 730
f 1254 730 732
f 1252 1254 732
f 1252 732 736
f 1253 1252 736
f 1253 736 735
f 1260 1253 735
f 1260 735 698
f 1261 1249 1253
f 1261 1253 1260
f 1257 1246 1249
f 1257 1249 1261
f 1262 1263 1264
f 1262 1264 1265
f 1263 1266 1267
f 1263 1267 1264
f 1265 1264 1268
f 1265 1268 1269
f 1264 1267 1270
f 1264 1270 1268
f 1271 1272 1262
f 1271 1262 1273
f 1272 1274 1263
f 1272 1263 1262
f 1274 1275 1266
f 1274 1266 1263
f 1275 1255 1257
f 1275 1257 1266
f 1266 1257 1261
f 1266 1261 1267
f 1267 1261 1260
f 1267 1260 1270
f 1270 1260 698
f 1270 698 700
f 1268 1270 700
f 1268 700 708
f 1269 1268 708
f 1269 708 706
f 1276 1269 706
f 1276 706 707
f 1277 1265 1269
f 1277 1269 1276
f 1273 1262 1265
f 1273 1265 1277
f 1278 1279 1280
f 1278 1280 1281
f 1279 1282 1283
f 1279 1283 1280
f 1281 1280 1284
f 1281 1284 1285
f 1280 1283 1286
f 1280 1286 1284
f 1287 1288 1278
f 1287 1278 1289
f 1288 1290 1279
f 1288 1279 1278
f 1290 1291 1282
f 1290 1282 1279
f 1291 1292 1293
f 1291 1293 1282
f 1282 1293 1294
f 1282 1294 1283
f 1283 1294 1295
f 1283 1295 1286
f 1286 1295 835
f 1286 835 858
f 1284 1286 858
f 1284 858 864
f 1285 1284 864
f 1285 864 862
f 1296 1285 862
f 1296 862 863
f 1297 1281 1285
f 1297 1285 1296
f 1289 1278 1281
f 1289 1281 1297
f 1298 1299 1300
f 1298 1300 1301
f 1299 1302 1303
f 1299 1303 1300
f 1301 1300 1304
f 1301 1304 1305
f 1300 1303 1306
f 1300 1306 1304
f 1196 1307 1298
f 1196 1298 1197
f 1307 1308 1299
f 1307 1299 1298
f 1308 1309 1302
f 1308 1302 1299
f 1309 1271 1273
f 1309 1273 1302
f 1302 1273 1277
f 1302 1277 1303
f 1303 1277 1276
f 1303 1276 1306
f 1306 1276 707
f 1306 707 774
f 1304 1306 774
f 1304 774 780
f 1305 1304 780
f 1305 780 778
f 1199 1305 778
f 1199 778 779
f 1198 1301 1305
f 1198 1305 1199
f 1197 1298 1301
f 1197 1301 1198
f 1310 1311 1312
f 1310 1312 1313
f 1311 1314 1315
f 1311 1315 1312
f 1313 1312 1316
f 1313 1316 1317
f 1312 1315 1318
f 1312 1318 1316
f 1319 1320 1310
f 1319 1310 1321
f 1320 1322 1311
f 1320 1311 1310
f 1322 1323 1314
f 1322 1314 1311
f 1323 1287 1289
f 1323 1289 1314
f 1314 1289 1297
f 1314 1297 1315
f 1315 1297 1296
f 1315 1296 1318
f 1318 1296 863
f 1318 863 886
f 1316 1318 886
f 1316 886 892
f 1317 1316 892
f 1317 892 890
f 1324 1317 890
f 1324 890 891
f 1325 1313 1317
f 1325 1317 1324
f 1321 1310 1313
f 1321 1313 1325
f 1326 1327 1328
f 1326 1328 1329
f 1327 1330 1331
f 1327 1331 1328
f 1329 1328 1332
f 1329 1332 1333
f 1328 1331 1334
f 1328 1334 1332
f 1292 1335 1326
f 1292 1326 1293
f 1335 1336 1327
f 1335 1327 1326
f 1336 1337 1330
f 1336 1330 1327
f 1337 1191 1193
f 1337 1193 1330
f 1330 1193 1201
f 1330 1201 1331
f 1331 1201 1200
f 1331 1200 1334
f 1334 1200 807
f 1334 807 830
f 1332 1334 830
f 1332 830 836
f 1333 1332 836
f 1333 836 834
f 1295 1333 834
f 1295 834 835
f 1294 1329 1333
f 1294 1333 1295
f 1293 1326 1329
f 1293 1329 1294
f 1338 1339 1340
f 1338 1340 1341
f 1339 1342 1343
f 1339 1343 1340
f 1341 1340 1344
f 1341 1344 1345
f 1340 1343 1346
f 1340 1346 1344
f 1347 1348 1338
f 1347 1338 1349
f 1348 1350 1339
f 1348 1339 1338
f 1350 1351 1342
f 1350 1342 1339
f 1351 1319 1321
f 1351 1321 1342
f 1342 1321 1325
f 1342 1325 1343
f 1343 1325 1324
f 1343 1324 1346
f 1346 1324 891
f 1346 891 914
f 1344 1346 914
f 1344 914 920
f 1345 1344 920
f 1345 920 918
f 1352 1345 918
f 1352 918 919
f 1353 1341 1345
f 1353 1345 1352
f 1349 1338 1341
f 1349 1341 1353
f 1354 1355 1356
f 1354 1356 1357
f 1355 1358 1359
f 1355 1359 1356
f 1357 1356 1360
f 1357 1360 1361
f 1356 1359 1362
f 1356 1362 1360
f 1214 1363 1354
f 1214 1354 1215
f 1363 1364 1355
f 1363 1355 1354
f 1364 1365 1358
f 1364 1358 1355
f 1365 1227 1229
f 1365 1229 1358
f 1358 1229 1233
f 1358 1233 1359
f 1359 1233 1232
f 1359 1232 1362
f 1362 1232 1059
f 1362 1059 1082
f 1360 1362 1082
f 1360 1082 1088
f 1361 1360 1088
f 1361 1088 1086
f 1217 1361 1086
f 1217 1086 1087
f 1216 1357 1361
f 1216 1361 1217
f 1215 1354 1357
f 1215 1357 1216
f 1366 1367 1368
f 1366 1368 1369
f 1367 1370 1371
f 1367 1371 1368
f 1369 1368 1372
f 1369 1372 1373
f 1368 1371 1374
f 1368 1374 1372
f 1156 1375 1366
f 1156 1366 1157
f 1375 1376 1367
f 1375 1367 1366
f 1376 1377 1370
f 1376 1370 1367
f 1377 1347 1349
f 1377 1349 1370
f 1370 1349 1353
f 1370 1353 1371
f 1371 1353 1352
f 1371 1352 1374
f 1374 1352 919
f 1374 919 942
f 1372 1374 942
f 1372 942 948
f 1373 1372 948
f 1373 948 946
f 1159 1373 946
f 1159 946 947
f 1158 1369 1373
f 1158 1373 1159
f 1157 1366 1369
f 1157 1369 1158
f 1378 1379 1380
f 1378 1380 1381
f 1382 1383 1380
f 1382 1380 1379
f 1384 1385 1380
f 1384 1380 1383
f 1386 1387 1380
f 1386 1380 1385
f 1388 1381 1380
f 1388 1380 1387
f 1319 1351 1378
f 1319 1378 1389
f 1351 1350 1379
f 1351 1379 1378
f 1389 1378 1381
f 1389 1381 1390
f 1347 1391 1382
f 1347 1382 1348
f 1391 1392 1383
f 1391 1383 1382
f 1348 1382 1379
f 1348 1379 1350
f 1393 1394 1384
f 1393 1384 1395
f 1394 1396 1385
f 1394 1385 1384
f 1395 1384 1383
f 1395 1383 1392
f 1397 1398 1386
f 1397 1386 1399
f 1398 1400 1387
f 1398 1387 1386
f 1399 1386 1385
f 1399 1385 1396
f 1401 1402 1388
f 1401 1388 1403
f 1402 1390 1381
f 1402 1381 1388
f 1403 1388 1387
f 1403 1387 1400
f 1404 1405 1406
f 1404 1406 1407
f 1408 1409 1406
f 1408 1406 1405
f 1410 1411 1406
f 1410 1406 1409
f 1412 1413 1406
f 1412 1406 1411
f 1414 1415 1406
f 1414 1406 1413
f 1416 1407 1406
f 1416 1406 1415
f 1417 1418 1404
f 1417 1404 1419
f 1418 1420 1405
f 1418 1405 1404
f 1419 1404 1407
f 1419 1407 1421
f 1393 1395 1408
f 1393 1408 1422
f 1395 1392 1409
f 1395 1409 1408
f 1422 1408 1405
f 1422 1405 1420
f 1347 1377 1410
f 1347 1410 1391
f 1377 1376 1411
f 1377 1411 1410
f 1391 1410 1409
f 1391 1409 1392
f 1156 1423 1412
f 1156 1412 1375
f 1423 1424 1413
f 1423 1413 1412
f 1375 1412 1411
f 1375 1411 1376
f 1425 1426 1414
f 1425 1414 1427
f 1426 1428 1415
f 1426 1415 1414
f 1427 1414 1413
f 1427 1413 1424
f 1429 1430 1416
f 1429 1416 1431
f 1430 1421 1407
f 1430 1407 1416
f 1431 1416 1415
f 1431 1415 1428
f 1432 1433 1434
f 1432 1434 1435
f 1436 1437 1434
f 1436 1434 1433
f 1438 1439 1434
f 1438 1434 1437
f 1440 1441 1434
f 1440 1434 1439
f 1442 1443 1434
f 1442 1434 1441
f 1444 1435 1434
f 1444 1434 1443
f 1445 1446 1432
f 1445 1432 1447
f 1446 1448 1433
f 1446 1433 1432
f 1447 1432 1435
f 1447 1435 1449
f 1136 1135 1436
f 1136 1436 1450
f 1135 1134 1437
f 1135 1437 1436
f 1450 1436 1433
f 1450 1433 1448
f 1131 1451 1438
f 1131 1438 1132
f 1451 1452 1439
f 1451 1439 1438
f 1132 1438 1437
f 1132 1437 1134
f 1453 1454 1440
f 1453 1440 1455
f 1454 1456 1441
f 1454 1441 1440
f 1455 1440 1439
f 1455 1439 1452
f 1457 1458 1442
f 1457 1442 1459
f 1458 1460 1443
f 1458 1443 1442
f 1459 1442 1441
f 1459 1441 1456
f 1461 1462 1444
f 1461 1444 1463
f 1462 1449 1435
f 1462 1435 1444
f 1463 1444 1443
f 1463 1443 1460
f 1464 1465 1466
f 1464 1466 1467
f 1468 1469 1466
f 1468 1466 1465
f 1470 1471 1466
f 1470 1466 1469
f 1472 1473 1466
f 1472 1466 1471
f 1474 1475 1466
f 1474 1466 1473
f 1476 1477 1466
f 1476 1466 1475
f 1478 1467 1466
f 1478 1466 1477
f 1479 1480 1464
f 1479 1464 1481
f 1480 1482 1465
f 1480 1465 1464
f 1481 1464 1467
f 1481 1467 1483
f 1425 1427 1468
f 1425 1468 1484
f 1427 1424 1469
f 1427 1469 1468
f 1484 1468 1465
f 1484 1465 1482
f 1156 1155 1470
f 1156 1470 1423
f 1155 1154 1471
f 1155 1471 1470
f 1423 1470 1469
f 1423 1469 1424
f 1151 1485 1472
f 1151 1472 1152
f 1485 1486 1473
f 1485 1473 1472
f 1152 1472 1471
f 1152 1471 1154
f 1487 1488 1474
f 1487 1474 1489
f 1488 1490 1475
f 1488 1475 1474
f 1489 1474 1473
f 1489 1473 1486
f 1491 1492 1476
f 1491 1476 1493
f 1492 1494 1477
f 1492 1477 1476
f 1493 1476 1475
f 1493 1475 1490
f 1495 1496 1478
f 1495 1478 1497
f 1496 1483 1467
f 1496 1467 1478
f 1497 1478 1477
f 1497 1477 1494
f 1498 1499 1500
f 1498 1500 1501
f 1502 1503 1500
f 1502 1500 1499
f 1504 1505 1500
f 1504 1500 1503
f 1506 1507 1500
f 1506 1500 1505
f 1508 1509 1500
f 1508 1500 1507
f 1510 1511 1500
f 1510 1500 1509
f 1512 1501 1500
f 1512 1500 1511
f 1287 1323 1498
f 1287 1498 1513
f 1323 1322 1499
f 1323 1499 1498
f 1513 1498 1501
f 1513 1501 1514
f 1319 1389 1502
f 1319 1502 1320
f 1389 1390 1503
f 1389 1503 1502
f 1320 1502 1499
f 1320 1499 1322
f 1401 1515 1504
f 1401 1504 1402
f 1515 1516 1505
f 1515 1505 1504
f 1402 1504 1503
f 1402 1503 1390
f 1517 1518 1506
f 1517 1506 1519
f 1518 1520 1507
f 1518 1507 1506
f 1519 1506 1505
f 1519 1505 1516
f 1521 1522 1508
f 1521 1508 1523
f 1522 1524 1509
f 1522 1509 1508
f 1523 1508 1507
f 1523 1507 1520
f 1525 1526 1510
f 1525 1510 1527
f 1526 1528 1511
f 1526 1511 1510
f 1527 1510 1509
f 1527 1509 1524
f 1529 1530 1512
f 1529 1512 1531
f 1530 1514 1501
f 1530 1501 1512
f 1531 1512 1511
f 1531 1511 1528
f 1532 1533 1534
f 1532 1534 1535
f 1536 1537 1534
f 1536 1534 1533
f 1538 1539 1534
f 1538 1534 1537
f 1540 1541 1534
f 1540 1534 1539
f 1542 1543 1534
f 1542 1534 1541
f 1544 1535 1534
f 1544 1534 1543
f 1487 1489 1532
f 1487 1532 1545
f 1489 1486 1533
f 1489 1533 1532
f 1545 1532 1535
f 1545 1535 1546
f 1151 1245 1536
f 1151 1536 1485
f 1245 1244 1537
f 1245 1537 1536
f 1485 1536 1533
f 1485 1533 1486
f 1136 1450 1538
f 1136 1538 1243
f 1450 1448 1539
f 1450 1539 1538
f 1243 1538 1537
f 1243 1537 1244
f 1445 1547 1540
f 1445 1540 1446
f 1547 1548 1541
f 1547 1541 1540
f 1446 1540 1539
f 1446 1539 1448
f 1549 1550 1542
f 1549 1542 1551
f 1550 1552 1543
f 1550 1543 1542
f 1551 1542 1541
f 1551 1541 1548
f 1553 1554 1544
f 1553 1544 1555
f 1554 1546 1535
f 1554 1535 1544
f 1555 1544 1543
f 1555 1543 1552
f 1556 1557 1558
f 1556 1558 1559
f 1560 1561 1558
f 1560 1558 1557
f 1562 1563 1558
f 1562 1558 1561
f 1564 1565 1558
f 1564 1558 1563
f 1566 1559 1558
f 1566 1558 1565
f 1131 1231 1556
f 1131 1556 1451
f 1231 1230 1557
f 1231 1557 1556
f 1451 1556 1559
f 1451 1559 1452
f 1227 1567 1560
f 1227 1560 1228
f 1567 1568 1561
f 1567 1561 1560
f 1228 1560 1557
f 1228 1557 1230
f 1569 1570 1562
f 1569 1562 1571
f 1570 1572 1563
f 1570 1563 1562
f 1571 1562 1561
f 1571 1561 1568
f 1573 1574 1564
f 1573 1564 1575
f 1574 1576 1565
f 1574 1565 1564
f 1575 1564 1563
f 1575 1563 1572
f 1453 1455 1566
f 1453 1566 1577
f 1455 1452 1559
f 1455 1559 1566
f 1577 1566 1565
f 1577 1565 1576
f 1578 1579 1580
f 1578 1580 1581
f 1582 1583 1580
f 1582 1580 1579
f 1584 1585 1580
f 1584 1580 1583
f 1586 1587 1580
f 1586 1580 1585
f 1588 1589 1580
f 1588 1580 1587
f 1590 1581 1580
f 1590 1580 1589
f 1292 1291 1578
f 1292 1578 1591
f 1291 1290 1579
f 1291 1579 1578
f 1591 1578 1581
f 1591 1581 1592
f 1287 1513 1582
f 1287 1582 1288
f 1513 1514 1583
f 1513 1583 1582
f 1288 1582 1579
f 1288 1579 1290
f 1529 1593 1584
f 1529 1584 1530
f 1593 1594 1585
f 1593 1585 1584
f 1530 1584 1583
f 1530 1583 1514
f 1595 1596 1586
f 1595 1586 1597
f 1596 1598 1587
f 1596 1587 1586
f 1597 1586 1585
f 1597 1585 1594
f 1599 1600 1588
f 1599 1588 1601
f 1600 1602 1589
f 1600 1589 1588
f 1601 1588 1587
f 1601 1587 1598
f 1603 1604 1590
f 1603 1590 1605
f 1604 1592 1581
f 1604 1581 1590
f 1605 1590 1589
f 1605 1589 1602
f 1606 1607 1608
f 1606 1608 1609
f 1610 1611 1608
f 1610 1608 1607
f 1612 1613 1608
f 1612 1608 1611
f 1614 1615 1608
f 1614 1608 1613
f 1616 1617 1608
f 1616 1608 1615
f 1618 1609 1608
f 1618 1608 1617
f 1619 1620 1606
f 1619 1606 1621
f 1620 1622 1607
f 1620 1607 1606
f 1621 1606 1609
f 1621 1609 1623
f 1624 1625 1610
f 1624 1610 1626
f 1625 1627 1611
f 1625 1611 1610
f 1626 1610 1607
f 1626 1607 1622
f 1255 1275 1612
f 1255 1612 1628
f 1275 1274 1613
f 1275 1613 1612
f 1628 1612 1611
f 1628 1611 1627
f 1271 1629 1614
f 1271 1614 1272
f 1629 1630 1615
f 1629 1615 1614
f 1272 1614 1613
f 1272 1613 1274
f 1631 1632 1616
f 1631 1616 1633
f 1632 1634 1617
f 1632 1617 1616
f 1633 1616 1615
f 1633 1615 1630
f 1635 1636 1618
f 1635 1618 1637
f 1636 1623 1609
f 1636 1609 1618
f 1637 1618 1617
f 1637 1617 1634
f 1638 1639 1640
f 1638 1640 1641
f 1642 1643 1640
f 1642 1640 1639
f 1644 1645 1640
f 1644 1640 1643
f 1646 1647 1640
f 1646 1640 1645
f 1648 1641 1640
f 1648 1640 1647
f 1649 1650 1638
f 1649 1638 1651
f 1650 1652 1639
f 1650 1639 1638
f 1651 1638 1641
f 1651 1641 1653
f 1171 1259 1642
f 1171 1642 1654
f 1259 1258 1643
f 1259 1643 1642
f 1654 1642 1639
f 1654 1639 1652
f 1255 1628 1644
f 1255 1644 1256
f 1628 1627 1645
f 1628 1645 1644
f 1256 1644 1643
f 1256 1643 1258
f 1624 1655 1646
f 1624 1646 1625
f 1655 1656 1647
f 1655 1647 1646
f 1625 1646 1645
f 1625 1645 1627
f 1657 1658 1648
f 1657 1648 1659
f 1658 1653 1641
f 1658 1641 1648
f 1659 1648 1647
f 1659 1647 1656
f 1660 1661 1662
f 1660 1662 1663
f 1664 1665 1662
f 1664 1662 1661
f 1666 1667 1662
f 1666 1662 1665
f 1668 1669 1662
f 1668 1662 1667
f 1670 1663 1662
f 1670 1662 1669
f 1671 1672 1660
f 1671 1660 1673
f 1672 1674 1661
f 1672 1661 1660
f 1673 1660 1663
f 1673 1663 1675
f 1196 1195 1664
f 1196 1664 1676
f 1195 1194 1665
f 1195 1665 1664
f 1676 1664 1661
f 1676 1661 1674
f 1191 1677 1666
f 1191 1666 1192
f 1677 1678 1667
f 1677 1667 1666
f 1192 1666 1665
f 1192 1665 1194
f 1679 1680 1668
f 1679 1668 1681
f 1680 1682 1669
f 1680 1669 1668
f 1681 1668 1667
f 1681 1667 1678
f 1683 1684 1670
f 1683 1670 1685
f 1684 1675 1663
f 1684 1663 1670
f 1685 1670 1669
f 1685 1669 1682
f 1686 1687 1688
f 1686 1688 1689
f 1690 1691 1688
f 1690 1688 1687
f 1692 1693 1688
f 1692 1688 1691
f 1694 1695 1688
f 1694 1688 1693
f 1696 1697 1688
f 1696 1688 1695
f 1698 1689 1688
f 1698 1688 1697
f 1699 1700 1686
f 1699 1686 1701
f 1700 1702 1687
f 1700 1687 1686
f 1701 1686 1689
f 1701 1689 1703
f 1679 1681 1690
f 1679 1690 1704
f 1681 1678 1691
f 1681 1691 1690
f 1704 1690 1687
f 1704 1687 1702
f 1191 1337 1692
f 1191 1692 1677
f 1337 1336 1693
f 1337 1693 1692
f 1677 1692 1691
f 1677 1691 1678
f 1292 1591 1694
f 1292 1694 1335
f 1591 1592 1695
f 1591 1695 1694
f 1335 1694 1693
f 1335 1693 1336
f 1603 1705 1696
f 1603 1696 1604
f 1705 1706 1697
f 1705 1697 1696
f 1604 1696 1695
f 1604 1695 1592
f 1707 1708 1698
f 1707 1698 1709
f 1708 1703 1689
f 1708 1689 1698
f 1709 1698 1697
f 1709 1697 1706
f 1710 1711 1712
f 1710 1712 1713
f 1714 1715 1712
f 1714 1712 1711
f 1716 1717 1712
f 1716 1712 1715
f 1718 1719 1712
f 1718 1712 1717
f 1720 1721 1712
f 1720 1712 1719
f 1722 1723 1712
f 1722 1712 1721
f 1724 1713 1712
f 1724 1712 1723
f 1631 1633 1710
f 1631 1710 1725
f 1633 1630 1711
f 1633 1711 1710
f 1725 1710 1713
f 1725 1713 1726
f 1271 1309 1714
f 1271 1714 1629
f 1309 1308 1715
f 1309 1715 1714
f 1629 1714 1711
f 1629 1711 1630
f 1196 1676 1716
f 1196 1716 1307
f 1676 1674 1717
f 1676 1717 1716
f 1307 1716 1715
f 1307 1715 1308
f 1671 1727 1718
f 1671 1718 1672
f 1727 1728 1719
f 1727 1719 1718
f 1672 1718 1717
f 1672 1717 1674
f 1729 1730 1720
f 1729 1720 1731
f 1730 1732 1721
f 1730 1721 1720
f 1731 1720 1719
f 1731 1719 1728
f 1733 1734 1722
f 1733 1722 1735
f 1734 1736 1723
f 1734 1723 1722
f 1735 1722 1721
f 1735 1721 1732
f 1737 1738 1724
f 1737 1724 1739
f 1738 1726 1713
f 1738 1713 1724
f 1739 1724 1723
f 1739 1723 1736
f 1740 1741 1742
f 1740 1742 1743
f 1744 1745 1742
f 1744 1742 1741
f 1746 1747 1742
f 1746 1742 1745
f 1748 1749 1742
f 1748 1742 1747
f 1750 1751 1742
f 1750 1742 1749
f 1752 1743 1742
f 1752 1742 1751
f 1214 1213 1740
f 1214 1740 1753
f 1213 1212 1741
f 1213 1741 1740
f 1753 1740 1743
f 1753 1743 1754
f 1176 1755 1744
f 1176 1744 1211
f 1755 1756 1745
f 1755 1745 1744
f 1211 1744 1741
f 1211 1741 1212
f 1757 1758 1746
f 1757 1746 1759
f 1758 1760 1747
f 1758 1747 1746
f 1759 1746 1745
f 1759 1745 1756
f 1761 1762 1748
f 1761 1748 1763
f 1762 1764 1749
f 1762 1749 1748
f 1763 1748 1747
f 1763 1747 1760
f 1765 1766 1750
f 1765 1750 1767
f 1766 1768 1751
f 1766 1751 1750
f 1767 1750 1749
f 1767 1749 1764
f 1769 1770 1752
f 1769 1752 1771
f 1770 1754 1743
f 1770 1743 1752
f 1771 1752 1751
f 1771 1751 1768
f 1772 1773 1774
f 1772 1774 1775
f 1776 1777 1774
f 1776 1774 1773
f 1778 1779 1774
f 1778 1774 1777
f 1780 1781 1774
f 1780 1774 1779
f 1782 1783 1774
f 1782 1774 1781
f 1784 1775 1774
f 1784 1774 1783
f 1176 1175 1772
f 1176 1772 1755
f 1175 1174 1773
f 1175 1773 1772
f 1755 1772 1775
f 1755 1775 1756
f 1171 1654 1776
f 1171 1776 1172
f 1654 1652 1777
f 1654 1777 1776
f 1172 1776 1773
f 1172 1773 1174
f 1649 1785 1778
f 1649 1778 1650
f 1785 1786 1779
f 1785 1779 1778
f 1650 1778 1777
f 1650 1777 1652
f 1787 1788 1780
f 1787 1780 1789
f 1788 1790 1781
f 1788 1781 1780
f 1789 1780 1779
f 1789 1779 1786
f 1791 1792 1782
f 1791 1782 1793
f 1792 1794 1783
f 1792 1783 1782
f 1793 1782 1781
f 1793 1781 1790
f 1757 1759 1784
f 1757 1784 1795
f 1759 1756 1775
f 1759 1775 1784
f 1795 1784 1783
f 1795 1783 1794
f 1796 1797 1798
f 1796 1798 1799
f 1800 1801 1798
f 1800 1798 1797
f 1802 1803 1798
f 1802 1798 1801
f 1804 1805 1798
f 1804 1798 1803
f 1806 1807 1798
f 1806 1798 1805
f 1808 1809 1798
f 1808 1798 1807
f 1810 1799 1798
f 1810 1798 1809
f 1227 1365 1796
f 1227 1796 1567
f 1365 1364 1797
f 1365 1797 1796
f 1567 1796 1799
f 1567 1799 1568
f 1214 1753 1800
f 1214 1800 1363
f 1753 1754 1801
f 1753 1801 1800
f 1363 1800 1797
f 1363 1797 1364
f 1769 1811 1802
f 1769 1802 1770
f 1811 1812 1803
f 1811 1803 1802
f 1770 1802 1801
f 1770 1801 1754
f 1813 1814 1804
f 1813 1804 1815
f 1814 1816 1805
f 1814 1805 1804
f 1815 1804 1803
f 1815 1803 1812
f 1817 1818 1806
f 1817 1806 1819
f 1818 1820 1807
f 1818 1807 1806
f 1819 1806 1805
f 1819 1805 1816
f 1821 1822 1808
f 1821 1808 1823
f 1822 1824 1809
f 1822 1809 1808
f 1823 1808 1807
f 1823 1807 1820
f 1569 1571 1810
f 1569 1810 1825
f 1571 1568 1799
f 1571 1799 1810
f 1825 1810 1809
f 1825 1809 1824
f 1826 1827 1828
f 1826 1828 1829
f 1827 1830 1831
f 1827 1831 1828
f 1829 1828 1832
f 1829 1832 1833
f 1828 1831 1834
f 1828 1834 1832
f 1835 1836 1826
f 1835 1826 1837
f 1836 1838 1827
f 1836 1827 1826
f 1838 1839 1830
f 1838 1830 1827
f 1839 1840 1841
f 1839 1841 1830
f 1830 1841 1842
f 1830 1842 1831
f 1831 1842 1843
f 1831 1843 1834
f 1834 1843 1844
f 1834 1844 1845
f 1832 1834 1845
f 1832 1845 1846
f 1833 1832 1846
f 1833 1846 1847
f 1848 1833 1847
f 1848 1847 1849
f 1850 1829 1833
f 1850 1833 1848
f 1837 1826 1829
f 1837 1829 1850
f 1851 1852 1853
f 1851 1853 1854
f 1852 1855 1856
f 1852 1856 1853
f 1854 1853 1857
f 1854 1857 1858
f 1853 1856 1859
f 1853 1859 1857
f 1849 1847 1851
f 1849 1851 1860
f 1847 1846 1852
f 1847 1852 1851
f 1846 1845 1855
f 1846 1855 1852
f 1845 1844 1861
f 1845 1861 1855
f 1855 1861 1862
f 1855 1862 1856
f 1856 1862 1863
f 1856 1863 1859
f 1859 1863 1864
f 1859 1864 1865
f 1857 1859 1865
f 1857 1865 1866
f 1858 1857 1866
f 1858 1866 1867
f 1868 1858 1867
f 1868 1867 1869
f 1870 1854 1858
f 1870 1858 1868
f 1860 1851 1854
f 1860 1854 1870
f 1871 1872 1873
f 1871 1873 1874
f 1872 1875 1876
f 1872 1876 1873
f 1874 1873 1877
f 1874 1877 1878
f 1873 1876 1879
f 1873 1879 1877
f 1840 1880 1871
f 1840 1871 1841
f 1880 1881 1872
f 1880 1872 1871
f 1881 1882 1875
f 1881 1875 1872
f 1882 1883 1884
f 1882 1884 1875
f 1875 1884 1885
f 1875 1885 1876
f 1876 1885 1886
f 1876 1886 1879
f 1879 1886 1887
f 1879 1887 1888
f 1877 1879 1888
f 1877 1888 1889
f 1878 1877 1889
f 1878 1889 1890
f 1843 1878 1890
f 1843 1890 1844
f 1842 1874 1878
f 1842 1878 1843
f 1841 1871 1874
f 1841 1874 1842
f 1891 1892 1893
f 1891 1893 1894
f 1892 1895 1896
f 1892 1896 1893
f 1894 1893 1897
f 1894 1897 1898
f 1893 1896 1899
f 1893 1899 1897
f 1844 1890 1891
f 1844 1891 1861
f 1890 1889 1892
f 1890 1892 1891
f 1889 1888 1895
f 1889 1895 1892
f 1888 1887 1900
f 1888 1900 1895
f 1895 1900 1901
f 1895 1901 1896
f 1896 1901 1902
f 1896 1902 1899
f 1899 1902 1903
f 1899 1903 1904
f 1897 1899 1904
f 1897 1904 1905
f 1898 1897 1905
f 1898 1905 1906
f 1863 1898 1906
f 1863 1906 1864
f 1862 1894 1898
f 1862 1898 1863
f 1861 1891 1894
f 1861 1894 1862
f 1907 1908 1909
f 1907 1909 1910
f 1908 1911 1912
f 1908 1912 1909
f 1910 1909 1913
f 1910 1913 1914
f 1909 1912 1915
f 1909 1915 1913
f 1916 1917 1907
f 1916 1907 1918
f 1917 1919 1908
f 1917 1908 1907
f 1919 1920 1911
f 1919 1911 1908
f 1920 1921 1922
f 1920 1922 1911
f 1911 1922 1923
f 1911 1923 1912
f 1912 1923 1924
f 1912 1924 1915
f 1915 1924 1835
f 1915 1835 1925
f 1913 1915 1925
f 1913 1925 1926
f 1914 1913 1926
f 1914 1926 1927
f 1928 1914 1927
f 1928 1927 1929
f 1930 1910 1914
f 1930 1914 1928
f 1918 1907 1910
f 1918 1910 1930
f 1931 1932 1933
f 1931 1933 1934
f 1932 1935 1936
f 1932 1936 1933
f 1934 1933 1937
f 1934 1937 1938
f 1933 1936 1939
f 1933 1939 1937
f 1929 1927 1931
f 1929 1931 1940
f 1927 1926 1932
f 1927 1932 1931
f 1926 1925 1935
f 1926 1935 1932
f 1925 1835 1837
f 1925 1837 1935
f 1935 1837 1850
f 1935 1850 1936
f 1936 1850 1848
f 1936 1848 1939
f 1939 1848 1849
f 1939 1849 1941
f 1937 1939 1941
f 1937 1941 1942
f 1938 1937 1942
f 1938 1942 1943
f 1944 1938 1943
f 1944 1943 1945
f 1946 1934 1938
f 1946 1938 1944
f 1940 1931 1934
f 1940 1934 1946
f 1947 1948 1949
f 1947 1949 1950
f 1948 1951 1952
f 1948 1952 1949
f 1950 1949 1953
f 1950 1953 1954
f 1949 1952 1955
f 1949 1955 1953
f 1945 1943 1947
f 1945 1947 1956
f 1943 1942 1948
f 1943 1948 1947
f 1942 1941 1951
f 1942 1951 1948
f 1941 1849 1860
f 1941 1860 1951
f 1951 1860 1870
f 1951 1870 1952
f 1952 1870 1868
f 1952 1868 1955
f 1955 1868 1869
f 1955 1869 1957
f 1953 1955 1957
f 1953 1957 1958
f 1954 1953 1958
f 1954 1958 1959
f 1960 1954 1959
f 1960 1959 1961
f 1962 1950 1954
f 1962 1954 1960
f 1956 1947 1950
f 1956 1950 1962
f 1963 1964 1965
f 1963 1965 1966
f 1964 1967 1968
f 1964 1968 1965
f 1966 1965 1969
f 1966 1969 1970
f 1965 1968 1971
f 1965 1971 1969
f 1961 1959 1963
f 1961 1963 1972
f 1959 1958 1964
f 1959 1964 1963
f 1958 1957 1967
f 1958 1967 1964
f 1957 1869 1973
f 1957 1973 1967
f 1967 1973 1974
f 1967 1974 1968
f 1968 1974 1975
f 1968 1975 1971
f 1971 1975 1976
f 1971 1976 1977
f 1969 1971 1977
f 1969 1977 1978
f 1970 1969 1978
f 1970 1978 1979
f 1980 1970 1979
f 1980 1979 1981
f 1982 1966 1970
f 1982 1970 1980
f 1972 1963 1966
f 1972 1966 1982
f 1983 1984 1985
f 1983 1985 1986
f 1984 1987 1988
f 1984 1988 1985
f 1986 1985 1989
f 1986 1989 1990
f 1985 1988 1991
f 1985 1991 1989
f 1869 1867 1983
f 1869 1983 1973
f 1867 1866 1984
f 1867 1984 1983
f 1866 1865 1987
f 1866 1987 1984
f 1865 1864 1992
f 1865 1992 1987
f 1987 1992 1993
f 1987 1993 1988
f 1988 1993 1994
f 1988 1994 1991
f 1991 1994 1995
f 1991 1995 1996
f 1989 1991 1996
f 1989 1996 1997
f 1990 1989 1997
f 1990 1997 1998
f 1975 1990 1998
f 1975 1998 1976
f 1974 1986 1990
f 1974 1990 1975
f 1973 1983 1986
f 1973 1986 1974
f 1999 2000 2001
f 1999 2001 2002
f 2000 2003 2004
f 2000 2004 2001
f 2002 2001 2005
f 2002 2005 2006
f 2001 2004 2007
f 2001 2007 2005
f 1864 1906 1999
f 1864 1999 1992
f 1906 1905 2000
f 1906 2000 1999
f 1905 1904 2003
f 1905 2003 2000
f 1904 1903 2008
f 1904 2008 2003
f 2003 2008 2009
f 2003 2009 2004
f 2004 2009 2010
f 2004 2010 2007
f 2007 2010 2011
f 2007 2011 2012
f 2005 2007 2012
f 2005 2012 2013
f 2006 2005 2013
f 2006 2013 2014
f 1994 2006 2014
f 1994 2014 1995
f 1993 2002 2006
f 1993 2006 1994
f 1992 1999 2002
f 1992 2002 1993
f 2015 2016 2017
f 2015 2017 2018
f 2016 2019 2020
f 2016 2020 2017
f 2018 2017 2021
f 2018 2021 2022
f 2017 2020 2023
f 2017 2023 2021
f 1903 2024 2015
f 1903 2015 2008
f 2024 2025 2016
f 2024 2016 2015
f 2025 2026 2019
f 2025 2019 2016
f 2026 2027 2028
f 2026 2028 2019
f 2019 2028 2029
f 2019 2029 2020
f 2020 2029 2030
f 2020 2030 2023
f 2023 2030 2031
f 2023 2031 2032
f 2021 2023 2032
f 2021 2032 2033
f 2022 2021 2033
f 2022 2033 2034
f 2010 2022 2034
f 2010 2034 2011
f 2009 2018 2022
f 2009 2022 2010
f 2008 2015 2018
f 2008 2018 2009
f 2035 2036 2037
f 2035 2037 2038
f 2036 2039 2040
f 2036 2040 2037
f 2038 2037 2041
f 2038 2041 2042
f 2037 2040 2043
f 2037 2043 2041
f 1887 2044 2035
f 1887 2035 1900
f 2044 2045 2036
f 2044 2036 2035
f 2045 2046 2039
f 2045 2039 2036
f 2046 2047 2048
f 2046 2048 2039
f 2039 2048 2049
f 2039 2049 2040
f 2040 2049 2050
f 2040 2050 2043
f 2043 2050 2027
f 2043 2027 2026
f 2041 2043 2026
f 2041 2026 2025
f 2042 2041 2025
f 2042 2025 2024
f 1902 2042 2024
f 1902 2024 1903
f 1901 2038 2042
f 1901 2042 1902
f 1900 2035 2038
f 1900 2038 1901
f 2051 2052 2053
f 2051 2053 2054
f 2052 2055 2056
f 2052 2056 2053
f 2054 2053 2057
f 2054 2057 2058
f 2053 2056 2059
f 2053 2059 2057
f 1883 2060 2051
f 1883 2051 1884
f 2060 2061 2052
f 2060 2052 2051
f 2061 2062 2055
f 2061 2055 2052
f 2062 2063 2064
f 2062 2064 2055
f 2055 2064 2065
f 2055 2065 2056
f 2056 2065 2066
f 2056 2066 2059
f 2059 2066 2047
f 2059 2047 2046
f 2057 2059 2046
f 2057 2046 2045
f 2058 2057 2045
f 2058 2045 2044
f 1886 2058 2044
f 1886 2044 1887
f 1885 2054 2058
f 1885 2058 1886
f 1884 2051 2054
f 1884 2054 1885
f 2067 2068 2069
f 2067 2069 2070
f 2068 2071 2072
f 2068 2072 2069
f 2070 2069 2073
f 2070 2073 2074
f 2069 2072 2075
f 2069 2075 2073
f 2076 2077 2067
f 2076 2067 2078
f 2077 2079 2068
f 2077 2068 2067
f 2079 2080 2071
f 2079 2071 2068
f 2080 2081 2082
f 2080 2082 2071
f 2071 2082 2083
f 2071 2083 2072
f 2072 2083 2084
f 2072 2084 2075
f 2075 2084 2063
f 2075 2063 2062
f 2073 2075 2062
f 2073 2062 2061
f 2074 2073 2061
f 2074 2061 2060
f 2085 2074 2060
f 2085 2060 1883
f 2086 2070 2074
f 2086 2074 2085
f 2078 2067 2070
f 2078 2070 2086
f 2087 2088 2089
f 2087 2089 2090
f 2088 2091 2092
f 2088 2092 2089
f 2090 2089 2093
f 2090 2093 2094
f 2089 2092 2095
f 2089 2095 2093
f 2096 2097 2087
f 2096 2087 2098
f 2097 2099 2088
f 2097 2088 2087
f 2099 2100 2091
f 2099 2091 2088
f 2100 2076 2078
f 2100 2078 2091
f 2091 2078 2086
f 2091 2086 2092
f 2092 2086 2085
f 2092 2085 2095
f 2095 2085 1883
f 2095 1883 1882
f 2093 2095 1882
f 2093 1882 1881
f 2094 2093 1881
f 2094 1881 1880
f 2101 2094 1880
f 2101 1880 1840
f 2102 2090 2094
f 2102 2094 2101
f 2098 2087 2090
f 2098 2090 2102
f 2103 2104 2105
f 2103 2105 2106
f 2104 2107 2108
f 2104 2108 2105
f 2106 2105 2109
f 2106 2109 2110
f 2105 2108 2111
f 2105 2111 2109
f 1921 2112 2103
f 1921 2103 1922
f 2112 2113 2104
f 2112 2104 2103
f 2113 2114 2107
f 2113 2107 2104
f 2114 2096 2098
f 2114 2098 2107
f 2107 2098 2102
f 2107 2102 2108
f 2108 2102 2101
f 2108 2101 2111
f 2111 2101 1840
f 2111 1840 1839
f 2109 2111 1839
f 2109 1839 1838
f 2110 2109 1838
f 2110 1838 1836
f 1924 2110 1836
f 1924 1836 1835
f 1923 2106 2110
f 1923 2110 1924
f 1922 2103 2106
f 1922 2106 1923
f 2115 2116 2117
f 2115 2117 2118
f 2116 2119 2120
f 2116 2120 2117
f 2118 2117 2121
f 2118 2121 2122
f 2117 2120 2123
f 2117 2123 2121
f 2124 2125 2115
f 2124 2115 2126
f 2125 2127 2116
f 2125 2116 2115
f 2127 2128 2119
f 2127 2119 2116
f 2128 2129 2130
f 2128 2130 2119
f 2119 2130 2131
f 2119 2131 2120
f 2120 2131 2132
f 2120 2132 2123
f 2123 2132 2133
f 2123 2133 2134
f 2121 2123 2134
f 2121 2134 2135
f 2122 2121 2135
f 2122 2135 2136
f 2137 2122 2136
f 2137 2136 2138
f 2139 2118 2122
f 2139 2122 2137
f 2126 2115 2118
f 2126 2118 2139
f 2140 2141 2142
f 2140 2142 2143
f 2141 2144 2145
f 2141 2145 2142
f 2143 2142 2146
f 2143 2146 2147
f 2142 2145 2148
f 2142 2148 2146
f 2138 2136 2140
f 2138 2140 2149
f 2136 2135 2141
f 2136 2141 2140
f 2135 2134 2144
f 2135 2144 2141
f 2134 2133 2150
f 2134 2150 2144
f 2144 2150 2151
f 2144 2151 2145
f 2145 2151 2152
f 2145 2152 2148
f 2148 2152 2153
f 2148 2153 2154
f 2146 2148 2154
f 2146 2154 2155
f 2147 2146 2155
f 2147 2155 2156
f 2157 2147 2156
f 2157 2156 2158
f 2159 2143 2147
f 2159 2147 2157
f 2149 2140 2143
f 2149 2143 2159
f 2160 2161 2162
f 2160 2162 2163
f 2161 2164 2165
f 2161 2165 2162
f 2163 2162 2166
f 2163 2166 2167
f 2162 2165 2168
f 2162 2168 2166
f 2129 2169 2160
f 2129 2160 2130
f 2169 2170 2161
f 2169 2161 2160
f 2170 2171 2164
f 2170 2164 2161
f 2171 2172 2173
f 2171 2173 2164
f 2164 2173 2174
f 2164 2174 2165
f 2165 2174 2175
f 2165 2175 2168
f 2168 2175 2176
f 2168 2176 2177
f 2166 2168 2177
f 2166 2177 2178
f 2167 2166 2178
f 2167 2178 2179
f 2132 2167 2179
f 2132 2179 2133
f 2131 2163 2167
f 2131 2167 2132
f 2130 2160 2163
f 2130 2163 2131
f 2180 2181 2182
f 2180 2182 2183
f 2181 2184 2185
f 2181 2185 2182
f 2183 2182 2186
f 2183 2186 2187
f 2182 2185 2188
f 2182 2188 2186
f 2133 2179 2180
f 2133 2180 2150
f 2179 2178 2181
f 2179 2181 2180
f 2178 2177 2184
f 2178 2184 2181
f 2177 2176 2189
f 2177 2189 2184
f 2184 2189 2190
f 2184 2190 2185
f 2185 2190 2191
f 2185 2191 2188
f 2188 2191 2192
f 2188 2192 2193
f 2186 2188 2193
f 2186 2193 2194
f 2187 2186 2194
f 2187 2194 2195
f 2152 2187 2195
f 2152 2195 2153
f 2151 2183 2187
f 2151 2187 2152
f 2150 2180 2183
f 2150 2183 2151
f 2196 2197 2198
f 2196 2198 2199
f 2197 2200 2201
f 2197 2201 2198
f 2199 2198 2202
f 2199 2202 2203
f 2198 2201 2204
f 2198 2204 2202
f 1981 1979 2196
f 1981 2196 2205
f 1979 1978 2197
f 1979 2197 2196
f 1978 1977 2200
f 1978 2200 2197
f 1977 1976 2206
f 1977 2206 2200
f 2200 2206 2207
f 2200 2207 2201
f 2201 2207 2208
f 2201 2208 2204
f 2204 2208 2124
f 2204 2124 2209
f 2202 2204 2209
f 2202 2209 2210
f 2203 2202 2210
f 2203 2210 2211
f 2212 2203 2211
f 2212 2211 2213
f 2214 2199 2203
f 2214 2203 2212
f 2205 2196 2199
f 2205 2199 2214
f 2215 2216 2217
f 2215 2217 2218
f 2216 2219 2220
f 2216 2220 2217
f 2218 2217 2221
f 2218 2221 2222
f 2217 2220 2223
f 2217 2223 2221
f 2213 2211 2215
f 2213 2215 2224
f 2211 2210 2216
f 2211 2216 2215
f 2210 2209 2219
f 2210 2219 2216
f 2209 2124 2126
f 2209 2126 2219
f 2219 2126 2139
f 2219 2139 2220
f 2220 2139 2137
f 2220 2137 2223
f 2223 2137 2138
f 2223 2138 2225
f 2221 2223 2225
f 2221 2225 2226
f 2222 2221 2226
f 2222 2226 2227
f 2228 2222 2227
f 2228 2227 2229
f 2230 2218 2222
f 2230 2222 2228
f 2224 2215 2218
f 2224 2218 2230
f 2231 2232 2233
f 2231 2233 2234
f 2232 2235 2236
f 2232 2236 2233
f 2234 2233 2237
f 2234 2237 2238
f 2233 2236 2239
f 2233 2239 2237
f 2229 2227 2231
f 2229 2231 2240
f 2227 2226 2232
f 2227 2232 2231
f 2226 2225 2235
f 2226 2235 2232
f 2225 2138 2149
f 2225 2149 2235
f 2235 2149 2159
f 2235 2159 2236
f 2236 2159 2157
f 2236 2157 2239
f 2239 2157 2158
f 2239 2158 2241
f 2237 2239 2241
f 2237 2241 2242
f 2238 2237 2242
f 2238 2242 2243
f 2244 2238 2243
f 2244 2243 2245
f 2246 2234 2238
f 2246 2238 2244
f 2240 2231 2234
f 2240 2234 2246
f 2247 2248 2249
f 2247 2249 2250
f 2248 2251 2252
f 2248 2252 2249
f 2250 2249 2253
f 2250 2253 2254
f 2249 2252 2255
f 2249 2255 2253
f 2245 2243 2247
f 2245 2247 2256
f 2243 2242 2248
f 2243 2248 2247
f 2242 2241 2251
f 2242 2251 2248
f 2241 2158 2257
f 2241 2257 2251
f 2251 2257 2258
f 2251 2258 2252
f 2252 2258 2259
f 2252 2259 2255
f 2255 2259 2260
f 2255 2260 2261
f 2253 2255 2261
f 2253 2261 2262
f 2254 2253 2262
f 2254 2262 2263
f 2264 2254 2263
f 2264 2263 2265
f 2266 2250 2254
f 2266 2254 2264
f 2256 2247 2250
f 2256 2250 2266
f 2267 2268 2269
f 2267 2269 2270
f 2268 2271 2272
f 2268 2272 2269
f 2270 2269 2273
f 2270 2273 2274
f 2269 2272 2275
f 2269 2275 2273
f 2158 2156 2267
f 2158 2267 2257
f 2156 2155 2268
f 2156 2268 2267
f 2155 2154 2271
f 2155 2271 2268
f 2154 2153 2276
f 2154 2276 2271
f 2271 2276 2277
f 2271 2277 2272
f 2272 2277 2278
f 2272 2278 2275
f 2275 2278 2279
f 2275 2279 2280
f 2273 2275 2280
f 2273 2280 2281
f 2274 2273 2281
f 2274 2281 2282
f 2259 2274 2282
f 2259 2282 2260
f 2258 2270 2274
f 2258 2274 2259
f 2257 2267 2270
f 2257 2270 2258
f 2283 2284 2285
f 2283 2285 2286
f 2284 2287 2288
f 2284 2288 2285
f 2286 2285 2289
f 2286 2289 2290
f 2285 2288 2291
f 2285 2291 2289
f 2153 2195 2283
f 2153 2283 2276
f 2195 2194 2284
f 2195 2284 2283
f 2194 2193 2287
f 2194 2287 2284
f 2193 2192 2292
f 2193 2292 2287
f 2287 2292 2293
f 2287 2293 2288
f 2288 2293 2294
f 2288 2294 2291
f 2291 2294 2295
f 2291 2295 2296
f 2289 2291 2296
f 2289 2296 2297
f 2290 2289 2297
f 2290 2297 2298
f 2278 2290 2298
f 2278 2298 2279
f 2277 2286 2290
f 2277 2290 2278
f 2276 2283 2286
f 2276 2286 2277
f 2299 2300 2301
f 2299 2301 2302
f 2300 2303 2304
f 2300 2304 2301
f 2302 2301 2305
f 2302 2305 2306
f 2301 2304 2307
f 2301 2307 2305
f 2192 2308 2299
f 2192 2299 2292
f 2308 2309 2300
f 2308 2300 2299
f 2309 2310 2303
f 2309 2303 2300
f 2310 2311 2312
f 2310 2312 2303
f 2303 2312 2313
f 2303 2313 2304
f 2304 2313 2314
f 2304 2314 2307
f 2307 2314 2315
f 2307 2315 2316
f 2305 2307 2316
f 2305 2316 2317
f 2306 2305 2317
f 2306 2317 2318
f 2294 2306 2318
f 2294 2318 2295
f 2293 2302 2306
f 2293 2306 2294
f 2292 2299 2302
f 2292 2302 2293
f 2319 2320 2321
f 2319 2321 2322
f 2320 2323 2324
f 2320 2324 2321
f 2322 2321 2325
f 2322 2325 2326
f 2321 2324 2327
f 2321 2327 2325
f 2176 2328 2319
f 2176 2319 2189
f 2328 2329 2320
f 2328 2320 2319
f 2329 2330 2323
f 2329 2323 2320
f 2330 2331 2332
f 2330 2332 2323
f 2323 2332 2333
f 2323 2333 2324
f 2324 2333 2334
f 2324 2334 2327
f 2327 2334 2311
f 2327 2311 2310
f 2325 2327 2310
f 2325 2310 2309
f 2326 2325 2309
f 2326 2309 2308
f 2191 2326 2308
f 2191 2308 2192
f 2190 2322 2326
f 2190 2326 2191
f 2189 2319 2322
f 2189 2322 2190
f 2335 2336 2337
f 2335 2337 2338
f 2336 2339 2340
f 2336 2340 2337
f 2338 2337 2341
f 2338 2341 2342
f 2337 2340 2343
f 2337 2343 2341
f 2172 2344 2335
f 2172 2335 2173
f 2344 2345 2336
f 2344 2336 2335
f 2345 2346 2339
f 2345 2339 2336
f 2346 2347 2348
f 2346 2348 2339
f 2339 2348 2349
f 2339 2349 2340
f 2340 2349 2350
f 2340 2350 2343
f 2343 2350 2331
f 2343 2331 2330
f 2341 2343 2330
f 2341 2330 2329
f 2342 2341 2329
f 2342 2329 2328
f 2175 2342 2328
f 2175 2328 2176
f 2174 2338 2342
f 2174 2342 2175
f 2173 2335 2338
f 2173 2338 2174
f 2351 2352 2353
f 2351 2353 2354
f 2352 2355 2356
f 2352 2356 2353
f 2354 2353 2357
f 2354 2357 2358
f 2353 2356 2359
f 2353 2359 2357
f 2011 2034 2351
f 2011 2351 2360
f 2034 2033 2352
f 2034 2352 2351
f 2033 2032 2355
f 2033 2355 2352
f 2032 2031 2361
f 2032 2361 2355
f 2355 2361 2362
f 2355 2362 2356
f 2356 2362 2363
f 2356 2363 2359
f 2359 2363 2347
f 2359 2347 2346
f 2357 2359 2346
f 2357 2346 2345
f 2358 2357 2345
f 2358 2345 2344
f 2364 2358 2344
f 2364 2344 2172
f 2365 2354 2358
f 2365 2358 2364
f 2360 2351 2354
f 2360 2354 2365
f 2366 2367 2368
f 2366 2368 2369
f 2367 2370 2371
f 2367 2371 2368
f 2369 2368 2372
f 2369 2372 2373
f 2368 2371 2374
f 2368 2374 2372
f 1995 2014 2366
f 1995 2366 2375
f 2014 2013 2367
f 2014 2367 2366
f 2013 2012 2370
f 2013 2370 2367
f 2012 2011 2360
f 2012 2360 2370
f 2370 2360 2365
f 2370 2365 2371
f 2371 2365 2364
f 2371 2364 2374
f 2374 2364 2172
f 2374 2172 2171
f 2372 2374 2171
f 2372 2171 2170
f 2373 2372 2170
f 2373 2170 2169
f 2376 2373 2169
f 2376 2169 2129
f 2377 2369 2373
f 2377 2373 2376
f 2375 2366 2369
f 2375 2369 2377
f 2378 2379 2380
f 2378 2380 2381
f 2379 2382 2383
f 2379 2383 2380
f 2381 2380 2384
f 2381 2384 2385
f 2380 2383 2386
f 2380 2386 2384
f 1976 1998 2378
f 1976 2378 2206
f 1998 1997 2379
f 1998 2379 2378
f 1997 1996 2382
f 1997 2382 2379
f 1996 1995 2375
f 1996 2375 2382
f 2382 2375 2377
f 2382 2377 2383
f 2383 2377 2376
f 2383 2376 2386
f 2386 2376 2129
f 2386 2129 2128
f 2384 2386 2128
f 2384 2128 2127
f 2385 2384 2127
f 2385 2127 2125
f 2208 2385 2125
f 2208 2125 2124
f 2207 2381 2385
f 2207 2385 2208
f 2206 2378 2381
f 2206 2381 2207
f 2387 2388 2389
f 2387 2389 2390
f 2388 2391 2392
f 2388 2392 2389
f 2390 2389 2393
f 2390 2393 2394
f 2389 2392 2395
f 2389 2395 2393
f 2396 2397 2387
f 2396 2387 2398
f 2397 2399 2388
f 2397 2388 2387
f 2399 2400 2391
f 2399 2391 2388
f 2400 2401 2402
f 2400 2402 2391
f 2391 2402 2403
f 2391 2403 2392
f 2392 2403 2404
f 2392 2404 2395
f 2395 2404 2405
f 2395 2405 2406
f 2393 2395 2406
f 2393 2406 2407
f 2394 2393 2407
f 2394 2407 2408
f 2409 2394 2408
f 2409 2408 2410
f 2411 2390 2394
f 2411 2394 2409
f 2398 2387 2390
f 2398 2390 2411
f 2412 2413 2414
f 2412 2414 2415
f 2413 2416 2417
f 2413 2417 2414
f 2415 2414 2418
f 2415 2418 2419
f 2414 2417 2420
f 2414 2420 2418
f 2410 2408 2412
f 2410 2412 2421
f 2408 2407 2413
f 2408 2413 2412
f 2407 2406 2416
f 2407 2416 2413
f 2406 2405 2422
f 2406 2422 2416
f 2416 2422 2423
f 2416 2423 2417
f 2417 2423 2424
f 2417 2424 2420
f 2420 2424 2425
f 2420 2425 2426
f 2418 2420 2426
f 2418 2426 2427
f 2419 2418 2427
f 2419 2427 2428
f 2429 2419 2428
f 2429 2428 2430
f 2431 2415 2419
f 2431 2419 2429
f 2421 2412 2415
f 2421 2415 2431
f 2432 2433 2434
f 2432 2434 2435
f 2433 2436 2437
f 2433 2437 2434
f 2435 2434 2438
f 2435 2438 2439
f 2434 2437 2440
f 2434 2440 2438
f 2401 2441 2432
f 2401 2432 2402
f 2441 2442 2433
f 2441 2433 2432
f 2442 2443 2436
f 2442 2436 2433
f 2443 2444 2445
f 2443 2445 2436
f 2436 2445 2446
f 2436 2446 2437
f 2437 2446 2447
f 2437 2447 2440
f 2440 2447 2448
f 2440 2448 2449
f 2438 2440 2449
f 2438 2449 2450
f 2439 2438 2450
f 2439 2450 2451
f 2404 2439 2451
f 2404 2451 2405
f 2403 2435 2439
f 2403 2439 2404
f 2402 2432 2435
f 2402 2435 2403
f 2452 2453 2454
f 2452 2454 2455
f 2453 2456 2457
f 2453 2457 2454
f 2455 2454 2458
f 2455 2458 2459
f 2454 2457 2460
f 2454 2460 2458
f 2405 2451 2452
f 2405 2452 2422
f 2451 2450 2453
f 2451 2453 2452
f 2450 2449 2456
f 2450 2456 2453
f 2449 2448 2461
f 2449 2461 2456
f 2456 2461 2462
f 2456 2462 2457
f 2457 2462 2463
f 2457 2463 2460
f 2460 2463 2464
f 2460 2464 2465
f 2458 2460 2465
f 2458 2465 2466
f 2459 2458 2466
f 2459 2466 2467
f 2424 2459 2467
f 2424 2467 2425
f 2423 2455 2459
f 2423 2459 2424
f 2422 2452 2455
f 2422 2455 2423
f 2468 2469 2470
f 2468 2470 2471
f 2469 2472 2473
f 2469 2473 2470
f 2471 2470 2474
f 2471 2474 2475
f 2470 2473 2476
f 2470 2476 2474
f 2081 2477 2468
f 2081 2468 2082
f 2477 2478 2469
f 2477 2469 2468
f 2478 2479 2472
f 2478 2472 2469
f 2479 2480 2481
f 2479 2481 2472
f 2472 2481 2482
f 2472 2482 2473
f 2473 2482 2483
f 2473 2483 2476
f 2476 2483 2396
f 2476 2396 2484
f 2474 2476 2484
f 2474 2484 2485
f 2475 2474 2485
f 2475 2485 2486
f 2084 2475 2486
f 2084 2486 2063
f 2083 2471 2475
f 2083 2475 2084
f 2082 2468 2471
f 2082 2471 2083
f 2487 2488 2489
f 2487 2489 2490
f 2488 2491 2492
f 2488 2492 2489
f 2490 2489 2493
f 2490 2493 2494
f 2489 2492 2495
f 2489 2495 2493
f 2063 2486 2487
f 2063 2487 2064
f 2486 2485 2488
f 2486 2488 2487
f 2485 2484 2491
f 2485 2491 2488
f 2484 2396 2398
f 2484 2398 2491
f 2491 2398 2411
f 2491 2411 2492
f 2492 2411 2409
f 2492 2409 2495
f 2495 2409 2410
f 2495 2410 2496
f 2493 2495 2496
f 2493 2496 2497
f 2494 2493 2497
f 2494 2497 2498
f 2066 2494 2498
f 2066 2498 2047
f 2065 2490 2494
f 2065 2494 2066
f 2064 2487 2490
f 2064 2490 2065
f 2499 2500 2501
f 2499 2501 2502
f 2500 2503 2504
f 2500 2504 2501
f 2502 2501 2505
f 2502 2505 2506
f 2501 2504 2507
f 2501 2507 2505
f 2047 2498 2499
f 2047 2499 2048
f 2498 2497 2500
f 2498 2500 2499
f 2497 2496 2503
f 2497 2503 2500
f 2496 2410 2421
f 2496 2421 2503
f 2503 2421 2431
f 2503 2431 2504
f 2504 2431 2429
f 2504 2429 2507
f 2507 2429 2430
f 2507 2430 2508
f 2505 2507 2508
f 2505 2508 2509
f 2506 2505 2509
f 2506 2509 2510
f 2050 2506 2510
f 2050 2510 2027
f 2049 2502 2506
f 2049 2506 2050
f 2048 2499 2502
f 2048 2502 2049
f 2511 2512 2513
f 2511 2513 2514
f 2512 2515 2516
f 2512 2516 2513
f 2514 2513 2517
f 2514 2517 2518
f 2513 2516 2519
f 2513 2519 2517
f 2027 2510 2511
f 2027 2511 2028
f 2510 2509 2512
f 2510 2512 2511
f 2509 2508 2515
f 2509 2515 2512
f 2508 2430 2520
f 2508 2520 2515
f 2515 2520 2521
f 2515 2521 2516
f 2516 2521 2522
f 2516 2522 2519
f 2519 2522 2523
f 2519 2523 2524
f 2517 2519 2524
f 2517 2524 2525
f 2518 2517 2525
f 2518 2525 2526
f 2030 2518 2526
f 2030 2526 2031
f 2029 2514 2518
f 2029 2518 2030
f 2028 2511 2514
f 2028 2514 2029
f 2527 2528 2529
f 2527 2529 2530
f 2528 2531 2532
f 2528 2532 2529
f 2530 2529 2533
f 2530 2533 2534
f 2529 2532 2535
f 2529 2535 2533
f 2430 2428 2527
f 2430 2527 2520
f 2428 2427 2528
f 2428 2528 2527
f 2427 2426 2531
f 2427 2531 2528
f 2426 2425 2536
f 2426 2536 2531
f 2531 2536 2537
f 2531 2537 2532
f 2532 2537 2538
f 2532 2538 2535
f 2535 2538 2539
f 2535 2539 2540
f 2533 2535 2540
f 2533 2540 2541
f 2534 2533 2541
f 2534 2541 2542
f 2522 2534 2542
f 2522 2542 2523
f 2521 2530 2534
f 2521 2534 2522
f 2520 2527 2530
f 2520 2530 2521
f 2543 2544 2545
f 2543 2545 2546
f 2544 2547 2548
f 2544 2548 2545
f 2546 2545 2549
f 2546 2549 2550
f 2545 2548 2551
f 2545 2551 2549
f 2425 2467 2543
f 2425 2543 2536
f 2467 2466 2544
f 2467 2544 2543
f 2466 2465 2547
f 2466 2547 2544
f 2465 2464 2552
f 2465 2552 2547
f 2547 2552 2553
f 2547 2553 2548
f 2548 2553 2554
f 2548 2554 2551
f 2551 2554 2555
f 2551 2555 2556
f 2549 2551 2556
f 2549 2556 2557
f 2550 2549 2557
f 2550 2557 2558
f 2538 2550 2558
f 2538 2558 2539
f 2537 2546 2550
f 2537 2550 2538
f 2536 2543 2546
f 2536 2546 2537
f 2559 2560 2561
f 2559 2561 2562
f 2560 2563 2564
f 2560 2564 2561
f 2562 2561 2565
f 2562 2565 2566
f 2561 2564 2567
f 2561 2567 2565
f 2464 2568 2559
f 2464 2559 2552
f 2568 2569 2560
f 2568 2560 2559
f 2569 2570 2563
f 2569 2563 2560
f 2570 2571 2572
f 2570 2572 2563
f 2563 2572 2573
f 2563 2573 2564
f 2564 2573 2574
f 2564 2574 2567
f 2567 2574 2575
f 2567 2575 2576
f 2565 2567 2576
f 2565 2576 2577
f 2566 2565 2577
f 2566 2577 2578
f 2554 2566 2578
f 2554 2578 2555
f 2553 2562 2566
f 2553 2566 2554
f 2552 2559 2562
f 2552 2562 2553
f 2579 2580 2581
f 2579 2581 2582
f 2580 2583 2584
f 2580 2584 2581
f 2582 2581 2585
f 2582 2585 2586
f 2581 2584 2587
f 2581 2587 2585
f 2448 2588 2579
f 2448 2579 2461
f 2588 2589 2580
f 2588 2580 2579
f 2589 2590 2583
f 2589 2583 2580
f 2590 2591 2592
f 2590 2592 2583
f 2583 2592 2593
f 2583 2593 2584
f 2584 2593 2594
f 2584 2594 2587
f 2587 2594 2571
f 2587 2571 2570
f 2585 2587 2570
f 2585 2570 2569
f 2586 2585 2569
f 2586 2569 2568
f 2463 2586 2568
f 2463 2568 2464
f 2462 2582 2586
f 2462 2586 2463
f 2461 2579 2582
f 2461 2582 2462
f 2595 2596 2597
f 2595 2597 2598
f 2596 2599 2600
f 2596 2600 2597
f 2598 2597 2601
f 2598 2601 2602
f 2597 2600 2603
f 2597 2603 2601
f 2444 2604 2595
f 2444 2595 2445
f 2604 2605 2596
f 2604 2596 2595
f 2605 2606 2599
f 2605 2599 2596
f 2606 2607 2608
f 2606 2608 2599
f 2599 2608 2609
f 2599 2609 2600
f 2600 2609 2610
f 2600 2610 2603
f 2603 2610 2591
f 2603 2591 2590
f 2601 2603 2590
f 2601 2590 2589
f 2602 2601 2589
f 2602 2589 2588
f 2447 2602 2588
f 2447 2588 2448
f 2446 2598 2602
f 2446 2602 2447
f 2445 2595 2598
f 2445 2598 2446
f 2611 2612 2613
f 2611 2613 2614
f 2612 2615 2616
f 2612 2616 2613
f 2614 2613 2617
f 2614 2617 2618
f 2613 2616 2619
f 2613 2619 2617
f 2620 2621 2611
f 2620 2611 2622
f 2621 2623 2612
f 2621 2612 2611
f 2623 2624 2615
f 2623 2615 2612
f 2624 2625 2626
f 2624 2626 2615
f 2615 2626 2627
f 2615 2627 2616
f 2616 2627 2628
f 2616 2628 2619
f 2619 2628 2607
f 2619 2607 2606
f 2617 2619 2606
f 2617 2606 2605
f 2618 2617 2605
f 2618 2605 2604
f 2629 2618 2604
f 2629 2604 2444
f 2630 2614 2618
f 2630 2618 2629
f 2622 2611 2614
f 2622 2614 2630
f 2631 2632 2633
f 2631 2633 2634
f 2632 2635 2636
f 2632 2636 2633
f 2634 2633 2637
f 2634 2637 2638
f 2633 2636 2639
f 2633 2639 2637
f 2640 2641 2631
f 2640 2631 2642
f 2641 2643 2632
f 2641 2632 2631
f 2643 2644 2635
f 2643 2635 2632
f 2644 2620 2622
f 2644 2622 2635
f 2635 2622 2630
f 2635 2630 2636
f 2636 2630 2629
f 2636 2629 2639
f 2639 2629 2444
f 2639 2444 2443
f 2637 2639 2443
f 2637 2443 2442
f 2638 2637 2442
f 2638 2442 2441
f 2645 2638 2441
f 2645 2441 2401
f 2646 2634 2638
f 2646 2638 2645
f 2642 2631 2634
f 2642 2634 2646
f 2647 2648 2649
f 2647 2649 2650
f 2648 2651 2652
f 2648 2652 2649
f 2650 2649 2653
f 2650 2653 2654
f 2649 2652 2655
f 2649 2655 2653
f 2480 2656 2647
f 2480 2647 2481
f 2656 2657 2648
f 2656 2648 2647
f 2657 2658 2651
f 2657 2651 2648
f 2658 2640 2642
f 2658 2642 2651
f 2651 2642 2646
f 2651 2646 2652
f 2652 2646 2645
f 2652 2645 2655
f 2655 2645 2401
f 2655 2401 2400
f 2653 2655 2400
f 2653 2400 2399
f 2654 2653 2399
f 2654 2399 2397
f 2483 2654 2397
f 2483 2397 2396
f 2482 2650 2654
f 2482 2654 2483
f 2481 2647 2650
f 2481 2650 2482
f 2659 2660 2661
f 2659 2661 2662
f 2660 2663 2664
f 2660 2664 2661
f 2662 2661 2665
f 2662 2665 2666
f 2661 2664 2667
f 2661 2667 2665
f 2668 2669 2659
f 2668 2659 2670
f 2669 2671 2660
f 2669 2660 2659
f 2671 2672 2663
f 2671 2663 2660
f 2672 2673 2674
f 2672 2674 2663
f 2663 2674 2675
f 2663 2675 2664
f 2664 2675 2676
f 2664 2676 2667
f 2667 2676 2677
f 2667 2677 2678
f 2665 2667 2678
f 2665 2678 2679
f 2666 2665 2679
f 2666 2679 2680
f 2681 2666 2680
f 2681 2680 2682
f 2683 2662 2666
f 2683 2666 2681
f 2670 2659 2662
f 2670 2662 2683
f 2684 2685 2686
f 2684 2686 2687
f 2685 2688 2689
f 2685 2689 2686
f 2687 2686 2690
f 2687 2690 2691
f 2686 2689 2692
f 2686 2692 2690
f 2682 2680 2684
f 2682 2684 2693
f 2680 2679 2685
f 2680 2685 2684
f 2679 2678 2688
f 2679 2688 2685
f 2678 2677 2694
f 2678 2694 2688
f 2688 2694 2695
f 2688 2695 2689
f 2689 2695 2696
f 2689 2696 2692
f 2692 2696 2697
f 2692 2697 2698
f 2690 2692 2698
f 2690 2698 2699
f 2691 2690 2699
f 2691 2699 2700
f 2701 2691 2700
f 2701 2700 2702
f 2703 2687 2691
f 2703 2691 2701
f 2693 2684 2687
f 2693 2687 2703
f 2704 2705 2706
f 2704 2706 2707
f 2705 2708 2709
f 2705 2709 2706
f 2707 2706 2710
f 2707 2710 2711
f 2706 2709 2712
f 2706 2712 2710
f 2673 2713 2704
f 2673 2704 2674
f 2713 2714 2705
f 2713 2705 2704
f 2714 2715 2708
f 2714 2708 2705
f 2715 2716 2717
f 2715 2717 2708
f 2708 2717 2718
f 2708 2718 2709
f 2709 2718 2719
f 2709 2719 2712
f 2712 2719 2720
f 2712 2720 2721
f 2710 2712 2721
f 2710 2721 2722
f 2711 2710 2722
f 2711 2722 2723
f 2676 2711 2723
f 2676 2723 2677
f 2675 2707 2711
f 2675 2711 2676
f 2674 2704 2707
f 2674 2707 2675
f 2724 2725 2726
f 2724 2726 2727
f 2725 2728 2729
f 2725 2729 2726
f 2727 2726 2730
f 2727 2730 2731
f 2726 2729 2732
f 2726 2732 2730
f 2677 2723 2724
f 2677 2724 2694
f 2723 2722 2725
f 2723 2725 2724
f 2722 2721 2728
f 2722 2728 2725
f 2721 2720 2733
f 2721 2733 2728
f 2728 2733 2734
f 2728 2734 2729
f 2729 2734 2735
f 2729 2735 2732
f 2732 2735 2736
f 2732 2736 2737
f 2730 2732 2737
f 2730 2737 2738
f 2731 2730 2738
f 2731 2738 2739
f 2696 2731 2739
f 2696 2739 2697
f 2695 2727 2731
f 2695 2731 2696
f 2694 2724 2727
f 2694 2727 2695
f 2740 2741 2742
f 2740 2742 2743
f 2741 2744 2745
f 2741 2745 2742
f 2743 2742 2746
f 2743 2746 2747
f 2742 2745 2748
f 2742 2748 2746
f 2031 2526 2740
f 2031 2740 2361
f 2526 2525 2741
f 2526 2741 2740
f 2525 2524 2744
f 2525 2744 2741
f 2524 2523 2749
f 2524 2749 2744
f 2744 2749 2750
f 2744 2750 2745
f 2745 2750 2751
f 2745 2751 2748
f 2748 2751 2668
f 2748 2668 2752
f 2746 2748 2752
f 2746 2752 2753
f 2747 2746 2753
f 2747 2753 2754
f 2363 2747 2754
f 2363 2754 2347
f 2362 2743 2747
f 2362 2747 2363
f 2361 2740 2743
f 2361 2743 2362
f 2755 2756 2757
f 2755 2757 2758
f 2756 2759 2760
f 2756 2760 2757
f 2758 2757 2761
f 2758 2761 2762
f 2757 2760 2763
f 2757 2763 2761
f 2347 2754 2755
f 2347 2755 2348
f 2754 2753 2756
f 2754 2756 2755
f 2753 2752 2759
f 2753 2759 2756
f 2752 2668 2670
f 2752 2670 2759
f 2759 2670 2683
f 2759 2683 2760
f 2760 2683 2681
f 2760 2681 2763
f 2763 2681 2682
f 2763 2682 2764
f 2761 2763 2764
f 2761 2764 2765
f 2762 2761 2765
f 2762 2765 2766
f 2350 2762 2766
f 2350 2766 2331
f 2349 2758 2762
f 2349 2762 2350
f 2348 2755 2758
f 2348 2758 2349
f 2767 2768 2769
f 2767 2769 2770
f 2768 2771 2772
f 2768 2772 2769
f 2770 2769 2773
f 2770 2773 2774
f 2769 2772 2775
f 2769 2775 2773
f 2331 2766 2767
f 2331 2767 2332
f 2766 2765 2768
f 2766 2768 2767
f 2765 2764 2771
f 2765 2771 2768
f 2764 2682 2693
f 2764 2693 2771
f 2771 2693 2703
f 2771 2703 2772
f 2772 2703 2701
f 2772 2701 2775
f 2775 2701 2702
f 2775 2702 2776
f 2773 2775 2776
f 2773 2776 2777
f 2774 2773 2777
f 2774 2777 2778
f 2334 2774 2778
f 2334 2778 2311
f 2333 2770 2774
f 2333 2774 2334
f 2332 2767 2770
f 2332 2770 2333
f 2779 2780 2781
f 2779 2781 2782
f 2780 2783 2784
f 2780 2784 2781
f 2782 2781 2785
f 2782 2785 2786
f 2781 2784 2787
f 2781 2787 2785
f 2311 2778 2779
f 2311 2779 2312
f 2778 2777 2780
f 2778 2780 2779
f 2777 2776 2783
f 2777 2783 2780
f 2776 2702 2788
f 2776 2788 2783
f 2783 2788 2789
f 2783 2789 2784
f 2784 2789 2790
f 2784 2790 2787
f 2787 2790 2791
f 2787 2791 2792
f 2785 2787 2792
f 2785 2792 2793
f 2786 2785 2793
f 2786 2793 2794
f 2314 2786 2794
f 2314 2794 2315
f 2313 2782 2786
f 2313 2786 2314
f 2312 2779 2782
f 2312 2782 2313
f 2795 2796 2797
f 2795 2797 2798
f 2796 2799 2800
f 2796 2800 2797
f 2798 2797 2801
f 2798 2801 2802
f 2797 2800 2803
f 2797 2803 2801
f 2702 2700 2795
f 2702 2795 2788
f 2700 2699 2796
f 2700 2796 2795
f 2699 2698 2799
f 2699 2799 2796
f 2698 2697 2804
f 2698 2804 2799
f 2799 2804 2805
f 2799 2805 2800
f 2800 2805 2806
f 2800 2806 2803
f 2803 2806 2807
f 2803 2807 2808
f 2801 2803 2808
f 2801 2808 2809
f 2802 2801 2809
f 2802 2809 2810
f 2790 2802 2810
f 2790 2810 2791
f 2789 2798 2802
f 2789 2802 2790
f 2788 2795 2798
f 2788 2798 2789
f 2811 2812 2813
f 2811 2813 2814
f 2812 2815 2816
f 2812 2816 2813
f 2814 2813 2817
f 2814 2817 2818
f 2813 2816 2819
f 2813 2819 2817
f 2697 2739 2811
f 2697 2811 2804
f 2739 2738 2812
f 2739 2812 2811
f 2738 2737 2815
f 2738 2815 2812
f 2737 2736 2820
f 2737 2820 2815
f 2815 2820 2821
f 2815 2821 2816
f 2816 2821 2822
f 2816 2822 2819
f 2819 2822 2823
f 2819 2823 2824
f 2817 2819 2824
f 2817 2824 2825
f 2818 2817 2825
f 2818 2825 2826
f 2806 2818 2826
f 2806 2826 2807
f 2805 2814 2818
f 2805 2818 2806
f 2804 2811 2814
f 2804 2814 2805
f 2827 2828 2829
f 2827 2829 2830
f 2828 2831 2832
f 2828 2832 2829
f 2830 2829 2833
f 2830 2833 2834
f 2829 2832 2835
f 2829 2835 2833
f 2736 2836 2827
f 2736 2827 2820
f 2836 2837 2828
f 2836 2828 2827
f 2837 2838 2831
f 2837 2831 2828
f 2838 2839 2840
f 2838 2840 2831
f 2831 2840 2841
f 2831 2841 2832
f 2832 2841 2842
f 2832 2842 2835
f 2835 2842 2843
f 2835 2843 2844
f 2833 2835 2844
f 2833 2844 2845
f 2834 2833 2845
f 2834 2845 2846
f 2822 2834 2846
f 2822 2846 2823
f 2821 2830 2834
f 2821 2834 2822
f 2820 2827 2830
f 2820 2830 2821
f 2847 2848 2849
f 2847 2849 2850
f 2848 2851 2852
f 2848 2852 2849
f 2850 2849 2853
f 2850 2853 2854
f 2849 2852 2855
f 2849 2855 2853
f 2720 2856 2847
f 2720 2847 2733
f 2856 2857 2848
f 2856 2848 2847
f 2857 2858 2851
f 2857 2851 2848
f 2858 2859 2860
f 2858 2860 2851
f 2851 2860 2861
f 2851 2861 2852
f 2852 2861 2862
f 2852 2862 2855
f 2855 2862 2839
f 2855 2839 2838
f 2853 2855 2838
f 2853 2838 2837
f 2854 2853 2837
f 2854 2837 2836
f 2735 2854 2836
f 2735 2836 2736
f 2734 2850 2854
f 2734 2854 2735
f 2733 2847 2850
f 2733 2850 2734
f 2863 2864 2865
f 2863 2865 2866
f 2864 2867 2868
f 2864 2868 2865
f 2866 2865 2869
f 2866 2869 2870
f 2865 2868 2871
f 2865 2871 2869
f 2716 2872 2863
f 2716 2863 2717
f 2872 2873 2864
f 2872 2864 2863
f 2873 2874 2867
f 2873 2867 2864
f 2874 2875 2876
f 2874 2876 2867
f 2867 2876 2877
f 2867 2877 2868
f 2868 2877 2878
f 2868 2878 2871
f 2871 2878 2859
f 2871 2859 2858
f 2869 2871 2858
f 2869 2858 2857
f 2870 2869 2857
f 2870 2857 2856
f 2719 2870 2856
f 2719 2856 2720
f 2718 2866 2870
f 2718 2870 2719
f 2717 2863 2866
f 2717 2866 2718
f 2879 2880 2881
f 2879 2881 2882
f 2880 2883 2884
f 2880 2884 2881
f 2882 2881 2885
f 2882 2885 2886
f 2881 2884 2887
f 2881 2887 2885
f 2555 2578 2879
f 2555 2879 2888
f 2578 2577 2880
f 2578 2880 2879
f 2577 2576 2883
f 2577 2883 2880
f 2576 2575 2889
f 2576 2889 2883
f 2883 2889 2890
f 2883 2890 2884
f 2884 2890 2891
f 2884 2891 2887
f 2887 2891 2875
f 2887 2875 2874
f 2885 2887 2874
f 2885 2874 2873
f 2886 2885 2873
f 2886 2873 2872
f 2892 2886 2872
f 2892 2872 2716
f 2893 2882 2886
f 2893 2886 2892
f 2888 2879 2882
f 2888 2882 2893
f 2894 2895 2896
f 2894 2896 2897
f 2895 2898 2899
f 2895 2899 2896
f 2897 2896 2900
f 2897 2900 2901
f 2896 2899 2902
f 2896 2902 2900
f 2539 2558 2894
f 2539 2894 2903
f 2558 2557 2895
f 2558 2895 2894
f 2557 2556 2898
f 2557 2898 2895
f 2556 2555 2888
f 2556 2888 2898
f 2898 2888 2893
f 2898 2893 2899
f 2899 2893 2892
f 2899 2892 2902
f 2902 2892 2716
f 2902 2716 2715
f 2900 2902 2715
f 2900 2715 2714
f 2901 2900 2714
f 2901 2714 2713
f 2904 2901 2713
f 2904 2713 2673
f 2905 2897 2901
f 2905 2901 2904
f 2903 2894 2897
f 2903 2897 2905
f 2906 2907 2908
f 2906 2908 2909
f 2907 2910 2911
f 2907 2911 2908
f 2909 2908 2912
f 2909 2912 2913
f 2908 2911 2914
f 2908 2914 2912
f 2523 2542 2906
f 2523 2906 2749
f 2542 2541 2907
f 2542 2907 2906
f 2541 2540 2910
f 2541 2910 2907
f 2540 2539 2903
f 2540 2903 2910
f 2910 2903 2905
f 2910 2905 2911
f 2911 2905 2904
f 2911 2904 2914
f 2914 2904 2673
f 2914 2673 2672
f 2912 2914 2672
f 2912 2672 2671
f 2913 2912 2671
f 2913 2671 2669
f 2751 2913 2669
f 2751 2669 2668
f 2750 2909 2913
f 2750 2913 2751
f 2749 2906 2909
f 2749 2909 2750
f 2915 2916 2917
f 2915 2917 2918
f 2916 2919 2920
f 2916 2920 2917
f 2918 2917 2921
f 2918 2921 2922
f 2917 2920 2923
f 2917 2923 2921
f 2924 2925 2915
f 2924 2915 2926
f 2925 2927 2916
f 2925 2916 2915
f 2927 2928 2919
f 2927 2919 2916
f 2928 2929 2930
f 2928 2930 2919
f 2919 2930 2931
f 2919 2931 2920
f 2920 2931 2932
f 2920 2932 2923
f 2923 2932 2933
f 2923 2933 2934
f 2921 2923 2934
f 2921 2934 2935
f 2922 2921 2935
f 2922 2935 2936
f 2937 2922 2936
f 2937 2936 2938
f 2939 2918 2922
f 2939 2922 2937
f 2926 2915 2918
f 2926 2918 2939
f 2940 2941 2942
f 2940 2942 2943
f 2941 2944 2945
f 2941 2945 2942
f 2943 2942 2946
f 2943 2946 2947
f 2942 2945 2948
f 2942 2948 2946
f 1817 2949 2940
f 1817 2940 1818
f 2949 2950 2941
f 2949 2941 2940
f 2950 2951 2944
f 2950 2944 2941
f 2951 2938 2936
f 2951 2936 2944
f 2944 2936 2935
f 2944 2935 2945
f 2945 2935 2934
f 2945 2934 2948
f 2948 2934 2933
f 2948 2933 2952
f 2946 2948 2952
f 2946 2952 2953
f 2947 2946 2953
f 2947 2953 2954
f 1823 2947 2954
f 1823 2954 1821
f 1820 2943 2947
f 1820 2947 1823
f 1818 2940 2943
f 1818 2943 1820
f 2955 2956 2957
f 2955 2957 2958
f 2956 2959 2960
f 2956 2960 2957
f 2958 2957 2961
f 2958 2961 2962
f 2957 2960 2963
f 2957 2963 2961
f 2929 2964 2955
f 2929 2955 2930
f 2964 2965 2956
f 2964 2956 2955
f 2965 2966 2959
f 2965 2959 2956
f 2966 2967 2968
f 2966 2968 2959
f 2959 2968 2969
f 2959 2969 2960
f 2960 2969 2970
f 2960 2970 2963
f 2963 2970 2971
f 2963 2971 2972
f 2961 2963 2972
f 2961 2972 2973
f 2962 2961 2973
f 2962 2973 2974
f 2932 2962 2974
f 2932 2974 2933
f 2931 2958 2962
f 2931 2962 2932
f 2930 2955 2958
f 2930 2958 2931
f 2975 2976 2977
f 2975 2977 2978
f 2979 2980 2977
f 2979 2977 2976
f 2981 2982 2977
f 2981 2977 2980
f 2983 2984 2977
f 2983 2977 2982
f 2985 2978 2977
f 2985 2977 2984
f 2933 2974 2975
f 2933 2975 2952
f 2974 2973 2976
f 2974 2976 2975
f 2952 2975 2978
f 2952 2978 2953
f 2971 2986 2979
f 2971 2979 2972
f 2986 2987 2980
f 2986 2980 2979
f 2972 2979 2976
f 2972 2976 2973
f 1573 1575 2981
f 1573 2981 2988
f 1575 1572 2982
f 1575 2982 2981
f 2988 2981 2980
f 2988 2980 2987
f 1569 1825 2983
f 1569 2983 1570
f 1825 1824 2984
f 1825 2984 2983
f 1570 2983 2982
f 1570 2982 1572
f 1821 2954 2985
f 1821 2985 1822
f 2954 2953 2978
f 2954 2978 2985
f 1822 2985 2984
f 1822 2984 1824
f 2989 2990 2991
f 2989 2991 2992
f 2990 2993 2994
f 2990 2994 2991
f 2992 2991 2995
f 2992 2995 2996
f 2991 2994 2997
f 2991 2997 2995
f 2265 2263 2989
f 2265 2989 2998
f 2263 2262 2990
f 2263 2990 2989
f 2262 2261 2993
f 2262 2993 2990
f 2261 2260 2999
f 2261 2999 2993
f 2993 2999 3000
f 2993 3000 2994
f 2994 3000 3001
f 2994 3001 2997
f 2997 3001 2924
f 2997 2924 3002
f 2995 2997 3002
f 2995 3002 3003
f 2996 2995 3003
f 2996 3003 3004
f 3005 2996 3004
f 3005 3004 3006
f 3007 2992 2996
f 3007 2996 3005
f 2998 2989 2992
f 2998 2992 3007
f 3008 3009 3010
f 3008 3010 3011
f 3009 3012 3013
f 3009 3013 3010
f 3011 3010 3014
f 3011 3014 3015
f 3010 3013 3016
f 3010 3016 3014
f 3006 3004 3008
f 3006 3008 3017
f 3004 3003 3009
f 3004 3009 3008
f 3003 3002 3012
f 3003 3012 3009
f 3002 2924 2926
f 3002 2926 3012
f 3012 2926 2939
f 3012 2939 3013
f 3013 2939 2937
f 3013 2937 3016
f 3016 2937 2938
f 3016 2938 3018
f 3014 3016 3018
f 3014 3018 3019
f 3015 3014 3019
f 3015 3019 3020
f 3021 3015 3020
f 3021 3020 3022
f 3023 3011 3015
f 3023 3015 3021
f 3017 3008 3011
f 3017 3011 3023
f 3024 3025 3026
f 3024 3026 3027
f 3025 3028 3029
f 3025 3029 3026
f 3027 3026 3030
f 3027 3030 3031
f 3026 3029 3032
f 3026 3032 3030
f 1813 3033 3024
f 1813 3024 1814
f 3033 3034 3025
f 3033 3025 3024
f 3034 3035 3028
f 3034 3028 3025
f 3035 3022 3020
f 3035 3020 3028
f 3028 3020 3019
f 3028 3019 3029
f 3029 3019 3018
f 3029 3018 3032
f 3032 3018 2938
f 3032 2938 2951
f 3030 3032 2951
f 3030 2951 2950
f 3031 3030 2950
f 3031 2950 2949
f 1819 3031 2949
f 1819 2949 1817
f 1816 3027 3031
f 1816 3031 1819
f 1814 3024 3027
f 1814 3027 1816
f 3036 3037 3038
f 3036 3038 3039
f 3040 3041 3038
f 3040 3038 3037
f 3042 3043 3038
f 3042 3038 3041
f 3044 3045 3038
f 3044 3038 3043
f 3046 3039 3038
f 3046 3038 3045
f 1573 2988 3036
f 1573 3036 1574
f 2988 2987 3037
f 2988 3037 3036
f 1574 3036 3039
f 1574 3039 1576
f 2971 3047 3040
f 2971 3040 2986
f 3047 3048 3041
f 3047 3041 3040
f 2986 3040 3037
f 2986 3037 2987
f 3049 3050 3042
f 3049 3042 3051
f 3050 3052 3043
f 3050 3043 3042
f 3051 3042 3041
f 3051 3041 3048
f 1457 1459 3044
f 1457 3044 3053
f 1459 1456 3045
f 1459 3045 3044
f 3053 3044 3043
f 3053 3043 3052
f 1453 1577 3046
f 1453 3046 1454
f 1577 1576 3039
f 1577 3039 3046
f 1454 3046 3045
f 1454 3045 1456
f 3054 3055 3056
f 3054 3056 3057
f 3055 3058 3059
f 3055 3059 3056
f 3057 3056 3060
f 3057 3060 3061
f 3056 3059 3062
f 3056 3062 3060
f 2967 3063 3054
f 2967 3054 2968
f 3063 3064 3055
f 3063 3055 3054
f 3064 3065 3058
f 3064 3058 3055
f 3065 3066 3067
f 3065 3067 3058
f 3058 3067 3068
f 3058 3068 3059
f 3059 3068 3069
f 3059 3069 3062
f 3062 3069 3049
f 3062 3049 3051
f 3060 3062 3051
f 3060 3051 3048
f 3061 3060 3048
f 3061 3048 3047
f 2970 3061 3047
f 2970 3047 2971
f 2969 3057 3061
f 2969 3061 2970
f 2968 3054 3057
f 2968 3057 2969
f 3070 3071 3072
f 3070 3072 3073
f 3071 3074 3075
f 3071 3075 3072
f 3073 3072 3076
f 3073 3076 3077
f 3072 3075 3078
f 3072 3078 3076
f 2295 2318 3070
f 2295 3070 3079
f 2318 2317 3071
f 2318 3071 3070
f 2317 2316 3074
f 2317 3074 3071
f 2316 2315 3080
f 2316 3080 3074
f 3074 3080 3081
f 3074 3081 3075
f 3075 3081 3082
f 3075 3082 3078
f 3078 3082 3066
f 3078 3066 3065
f 3076 3078 3065
f 3076 3065 3064
f 3077 3076 3064
f 3077 3064 3063
f 3083 3077 3063
f 3083 3063 2967
f 3084 3073 3077
f 3084 3077 3083
f 3079 3070 3073
f 3079 3073 3084
f 3085 3086 3087
f 3085 3087 3088
f 3086 3089 3090
f 3086 3090 3087
f 3088 3087 3091
f 3088 3091 3092
f 3087 3090 3093
f 3087 3093 3091
f 2279 2298 3085
f 2279 3085 3094
f 2298 2297 3086
f 2298 3086 3085
f 2297 2296 3089
f 2297 3089 3086
f 2296 2295 3079
f 2296 3079 3089
f 3089 3079 3084
f 3089 3084 3090
f 3090 3084 3083
f 3090 3083 3093
f 3093 3083 2967
f 3093 2967 2966
f 3091 3093 2966
f 3091 2966 2965
f 3092 3091 2965
f 3092 2965 2964
f 3095 3092 2964
f 3095 2964 2929
f 3096 3088 3092
f 3096 3092 3095
f 3094 3085 3088
f 3094 3088 3096
f 3097 3098 3099
f 3097 3099 3100
f 3098 3101 3102
f 3098 3102 3099
f 3100 3099 3103
f 3100 3103 3104
f 3099 3102 3105
f 3099 3105 3103
f 2260 2282 3097
f 2260 3097 2999
f 2282 2281 3098
f 2282 3098 3097
f 2281 2280 3101
f 2281 3101 3098
f 2280 2279 3094
f 2280 3094 3101
f 3101 3094 3096
f 3101 3096 3102
f 3102 3096 3095
f 3102 3095 3105
f 3105 3095 2929
f 3105 2929 2928
f 3103 3105 2928
f 3103 2928 2927
f 3104 3103 2927
f 3104 2927 2925
f 3001 3104 2925
f 3001 2925 2924
f 3000 3100 3104
f 3000 3104 3001
f 2999 3097 3100
f 2999 3100 3000
f 3106 3107 3108
f 3106 3108 3109
f 3107 3110 3111
f 3107 3111 3108
f 3109 3108 3112
f 3109 3112 3113
f 3108 3111 3114
f 3108 3114 3112
f 3115 3116 3106
f 3115 3106 3117
f 3116 3118 3107
f 3116 3107 3106
f 3118 3119 3110
f 3118 3110 3107
f 3119 3120 3121
f 3119 3121 3110
f 3110 3121 3122
f 3110 3122 3111
f 3111 3122 3123
f 3111 3123 3114
f 3114 3123 3124
f 3114 3124 3125
f 3112 3114 3125
f 3112 3125 3126
f 3113 3112 3126
f 3113 3126 3127
f 3128 3113 3127
f 3128 3127 3129
f 3130 3109 3113
f 3130 3113 3128
f 3117 3106 3109
f 3117 3109 3130
f 3131 3132 3133
f 3131 3133 3134
f 3135 3136 3133
f 3135 3133 3132
f 3137 3138 3133
f 3137 3133 3136
f 3139 3140 3133
f 3139 3133 3138
f 3141 3134 3133
f 3141 3133 3140
f 3129 3127 3131
f 3129 3131 3142
f 3127 3126 3132
f 3127 3132 3131
f 3142 3131 3134
f 3142 3134 3143
f 3124 3144 3135
f 3124 3135 3125
f 3144 3145 3136
f 3144 3136 3135
f 3125 3135 3132
f 3125 3132 3126
f 1549 1551 3137
f 1549 3137 3146
f 1551 1548 3138
f 1551 3138 3137
f 3146 3137 3136
f 3146 3136 3145
f 1445 1447 3139
f 1445 3139 1547
f 1447 1449 3140
f 1447 3140 3139
f 1547 3139 3138
f 1547 3138 1548
f 1461 3147 3141
f 1461 3141 1462
f 3147 3143 3134
f 3147 3134 3141
f 1462 3141 3140
f 1462 3140 1449
f 3148 3149 3150
f 3148 3150 3151
f 3149 3152 3153
f 3149 3153 3150
f 3151 3150 3154
f 3151 3154 3155
f 3150 3153 3156
f 3150 3156 3154
f 3120 3157 3148
f 3120 3148 3121
f 3157 3158 3149
f 3157 3149 3148
f 3158 3159 3152
f 3158 3152 3149
f 3159 3160 3161
f 3159 3161 3152
f 3152 3161 3162
f 3152 3162 3153
f 3153 3162 3163
f 3153 3163 3156
f 3156 3163 3164
f 3156 3164 3165
f 3154 3156 3165
f 3154 3165 3166
f 3155 3154 3166
f 3155 3166 3167
f 3123 3155 3167
f 3123 3167 3124
f 3122 3151 3155
f 3122 3155 3123
f 3121 3148 3151
f 3121 3151 3122
f 3168 3169 3170
f 3168 3170 3171
f 3169 3172 3173
f 3169 3173 3170
f 3171 3170 3174
f 3171 3174 3175
f 3170 3173 3176
f 3170 3176 3174
f 3124 3167 3168
f 3124 3168 3144
f 3167 3166 3169
f 3167 3169 3168
f 3166 3165 3172
f 3166 3172 3169
f 3165 3164 3177
f 3165 3177 3172
f 3172 3177 3178
f 3172 3178 3173
f 3173 3178 3179
f 3173 3179 3176
f 3176 3179 1553
f 3176 1553 1555
f 3174 3176 1555
f 3174 1555 1552
f 3175 3174 1552
f 3175 1552 1550
f 3146 3175 1550
f 3146 1550 1549
f 3145 3171 3175
f 3145 3175 3146
f 3144 3168 3171
f 3144 3171 3145
f 3180 3181 3182
f 3180 3182 3183
f 3181 3184 3185
f 3181 3185 3182
f 3183 3182 3186
f 3183 3186 3187
f 3182 3185 3188
f 3182 3188 3186
f 2315 2794 3180
f 2315 3180 3080
f 2794 2793 3181
f 2794 3181 3180
f 2793 2792 3184
f 2793 3184 3181
f 2792 2791 3189
f 2792 3189 3184
f 3184 3189 3190
f 3184 3190 3185
f 3185 3190 3191
f 3185 3191 3188
f 3188 3191 3115
f 3188 3115 3192
f 3186 3188 3192
f 3186 3192 3193
f 3187 3186 3193
f 3187 3193 3194
f 3082 3187 3194
f 3082 3194 3066
f 3081 3183 3187
f 3081 3187 3082
f 3080 3180 3183
f 3080 3183 3081
f 3195 3196 3197
f 3195 3197 3198
f 3196 3199 3200
f 3196 3200 3197
f 3198 3197 3201
f 3198 3201 3202
f 3197 3200 3203
f 3197 3203 3201
f 3066 3194 3195
f 3066 3195 3067
f 3194 3193 3196
f 3194 3196 3195
f 3193 3192 3199
f 3193 3199 3196
f 3192 3115 3117
f 3192 3117 3199
f 3199 3117 3130
f 3199 3130 3200
f 3200 3130 3128
f 3200 3128 3203
f 3203 3128 3129
f 3203 3129 3204
f 3201 3203 3204
f 3201 3204 3205
f 3202 3201 3205
f 3202 3205 3206
f 3069 3202 3206
f 3069 3206 3049
f 3068 3198 3202
f 3068 3202 3069
f 3067 3195 3198
f 3067 3198 3068
f 3207 3208 3209
f 3207 3209 3210
f 3208 3211 3212
f 3208 3212 3209
f 3210 3209 3213
f 3210 3213 3214
f 3209 3212 3215
f 3209 3215 3213
f 3049 3206 3207
f 3049 3207 3050
f 3206 3205 3208
f 3206 3208 3207
f 3205 3204 3211
f 3205 3211 3208
f 3204 3129 3142
f 3204 3142 3211
f 3211 3142 3143
f 3211 3143 3212
f 3212 3143 3147
f 3212 3147 3215
f 3215 3147 1461
f 3215 1461 1463
f 3213 3215 1463
f 3213 1463 1460
f 3214 3213 1460
f 3214 1460 1458
f 3053 3214 1458
f 3053 1458 1457
f 3052 3210 3214
f 3052 3214 3053
f 3050 3207 3210
f 3050 3210 3052
f 3216 3217 3218
f 3216 3218 3219
f 3220 3221 3218
f 3220 3218 3217
f 3222 3223 3218
f 3222 3218 3221
f 3224 3225 3218
f 3224 3218 3223
f 3226 3219 3218
f 3226 3218 3225
f 3164 3227 3216
f 3164 3216 3177
f 3227 3228 3217
f 3227 3217 3216
f 3177 3216 3219
f 3177 3219 3178
f 3229 3230 3220
f 3229 3220 3231
f 3230 3232 3221
f 3230 3221 3220
f 3231 3220 3217
f 3231 3217 3228
f 1491 1493 3222
f 1491 3222 3233
f 1493 1490 3223
f 1493 3223 3222
f 3233 3222 3221
f 3233 3221 3232
f 1487 1545 3224
f 1487 3224 1488
f 1545 1546 3225
f 1545 3225 3224
f 1488 3224 3223
f 1488 3223 1490
f 1553 3179 3226
f 1553 3226 1554
f 3179 3178 3219
f 3179 3219 3226
f 1554 3226 3225
f 1554 3225 1546
f 3234 3235 3236
f 3234 3236 3237
f 3235 3238 3239
f 3235 3239 3236
f 3237 3236 3240
f 3237 3240 3241
f 3236 3239 3242
f 3236 3242 3240
f 3160 3243 3234
f 3160 3234 3161
f 3243 3244 3235
f 3243 3235 3234
f 3244 3245 3238
f 3244 3238 3235
f 3245 3246 3247
f 3245 3247 3238
f 3238 3247 3248
f 3238 3248 3239
f 3239 3248 3249
f 3239 3249 3242
f 3242 3249 3229
f 3242 3229 3231
f 3240 3242 3231
f 3240 3231 3228
f 3241 3240 3228
f 3241 3228 3227
f 3163 3241 3227
f 3163 3227 3164
f 3162 3237 3241
f 3162 3241 3163
f 3161 3234 3237
f 3161 3237 3162
f 3250 3251 3252
f 3250 3252 3253
f 3251 3254 3255
f 3251 3255 3252
f 3253 3252 3256
f 3253 3256 3257
f 3252 3255 3258
f 3252 3258 3256
f 2823 2846 3250
f 2823 3250 3259
f 2846 2845 3251
f 2846 3251 3250
f 2845 2844 3254
f 2845 3254 3251
f 2844 2843 3260
f 2844 3260 3254
f 3254 3260 3261
f 3254 3261 3255
f 3255 3261 3262
f 3255 3262 3258
f 3258 3262 3246
f 3258 3246 3245
f 3256 3258 3245
f 3256 3245 3244
f 3257 3256 3244
f 3257 3244 3243
f 3263 3257 3243
f 3263 3243 3160
f 3264 3253 3257
f 3264 3257 3263
f 3259 3250 3253
f 3259 3253 3264
f 3265 3266 3267
f 3265 3267 3268
f 3266 3269 3270
f 3266 3270 3267
f 3268 3267 3271
f 3268 3271 3272
f 3267 3270 3273
f 3267 3273 3271
f 2807 2826 3265
f 2807 3265 3274
f 2826 2825 3266
f 2826 3266 3265
f 2825 2824 3269
f 2825 3269 3266
f 2824 2823 3259
f 2824 3259 3269
f 3269 3259 3264
f 3269 3264 3270
f 3270 3264 3263
f 3270 3263 3273
f 3273 3263 3160
f 3273 3160 3159
f 3271 3273 3159
f 3271 3159 3158
f 3272 3271 3158
f 3272 3158 3157
f 3275 3272 3157
f 3275 3157 3120
f 3276 3268 3272
f 3276 3272 3275
f 3274 3265 3268
f 3274 3268 3276
f 3277 3278 3279
f 3277 3279 3280
f 3278 3281 3282
f 3278 3282 3279
f 3280 3279 3283
f 3280 3283 3284
f 3279 3282 3285
f 3279 3285 3283
f 2791 2810 3277
f 2791 3277 3189
f 2810 2809 3278
f 2810 3278 3277
f 2809 2808 3281
f 2809 3281 3278
f 2808 2807 3274
f 2808 3274 3281
f 3281 3274 3276
f 3281 3276 3282
f 3282 3276 3275
f 3282 3275 3285
f 3285 3275 3120
f 3285 3120 3119
f 3283 3285 3119
f 3283 3119 3118
f 3284 3283 3118
f 3284 3118 3116
f 3191 3284 3116
f 3191 3116 3115
f 3190 3280 3284
f 3190 3284 3191
f 3189 3277 3280
f 3189 3280 3190
f 3286 3287 3288
f 3286 3288 3289
f 3287 3290 3291
f 3287 3291 3288
f 3289 3288 3292
f 3289 3292 3293
f 3288 3291 3294
f 3288 3294 3292
f 1729 3295 3286
f 1729 3286 1730
f 3295 3296 3287
f 3295 3287 3286
f 3296 3297 3290
f 3296 3290 3287
f 3297 3298 3299
f 3297 3299 3290
f 3290 3299 3300
f 3290 3300 3291
f 3291 3300 3301
f 3291 3301 3294
f 3294 3301 3302
f 3294 3302 3303
f 3292 3294 3303
f 3292 3303 3304
f 3293 3292 3304
f 3293 3304 3305
f 1735 3293 3305
f 1735 3305 1733
f 1732 3289 3293
f 1732 3293 1735
f 1730 3286 3289
f 1730 3289 1732
f 3306 3307 3308
f 3306 3308 3309
f 3307 3310 3311
f 3307 3311 3308
f 3309 3308 3312
f 3309 3312 3313
f 3308 3311 3314
f 3308 3314 3312
f 3302 3301 3306
f 3302 3306 3315
f 3301 3300 3307
f 3301 3307 3306
f 3300 3299 3310
f 3300 3310 3307
f 3299 3298 3316
f 3299 3316 3310
f 3310 3316 3317
f 3310 3317 3311
f 3311 3317 3318
f 3311 3318 3314
f 3314 3318 3319
f 3314 3319 3320
f 3312 3314 3320
f 3312 3320 3321
f 3313 3312 3321
f 3313 3321 3322
f 3323 3313 3322
f 3323 3322 3324
f 3325 3309 3313
f 3325 3313 3323
f 3315 3306 3309
f 3315 3309 3325
f 3326 3327 3328
f 3326 3328 3329
f 3330 3331 3328
f 3330 3328 3327
f 3332 3333 3328
f 3332 3328 3331
f 3334 3335 3328
f 3334 3328 3333
f 3336 3329 3328
f 3336 3328 3335
f 1683 3337 3326
f 1683 3326 1684
f 3337 3338 3327
f 3337 3327 3326
f 1684 3326 3329
f 1684 3329 1675
f 3339 3340 3330
f 3339 3330 3341
f 3340 3342 3331
f 3340 3331 3330
f 3341 3330 3327
f 3341 3327 3338
f 3298 3297 3332
f 3298 3332 3343
f 3297 3296 3333
f 3297 3333 3332
f 3343 3332 3331
f 3343 3331 3342
f 1729 1731 3334
f 1729 3334 3295
f 1731 1728 3335
f 1731 3335 3334
f 3295 3334 3333
f 3295 3333 3296
f 1671 1673 3336
f 1671 3336 1727
f 1673 1675 3329
f 1673 3329 3336
f 1727 3336 3335
f 1727 3335 1728
f 3344 3345 3346
f 3344 3346 3347
f 3345 3348 3349
f 3345 3349 3346
f 3347 3346 3350
f 3347 3350 3351
f 3346 3349 3352
f 3346 3352 3350
f 3298 3343 3344
f 3298 3344 3316
f 3343 3342 3345
f 3343 3345 3344
f 3342 3340 3348
f 3342 3348 3345
f 3340 3339 3353
f 3340 3353 3348
f 3348 3353 3354
f 3348 3354 3349
f 3349 3354 3355
f 3349 3355 3352
f 3352 3355 3356
f 3352 3356 3357
f 3350 3352 3357
f 3350 3357 3358
f 3351 3350 3358
f 3351 3358 3359
f 3318 3351 3359
f 3318 3359 3319
f 3317 3347 3351
f 3317 3351 3318
f 3316 3344 3347
f 3316 3347 3317
f 3360 3361 3362
f 3360 3362 3363
f 3361 3364 3365
f 3361 3365 3362
f 3363 3362 3366
f 3363 3366 3367
f 3362 3365 3368
f 3362 3368 3366
f 1733 3305 3360
f 1733 3360 1734
f 3305 3304 3361
f 3305 3361 3360
f 3304 3303 3364
f 3304 3364 3361
f 3303 3302 3369
f 3303 3369 3364
f 3364 3369 3370
f 3364 3370 3365
f 3365 3370 3371
f 3365 3371 3368
f 3368 3371 3372
f 3368 3372 3373
f 3366 3368 3373
f 3366 3373 3374
f 3367 3366 3374
f 3367 3374 3375
f 1739 3367 3375
f 1739 3375 1737
f 1736 3363 3367
f 1736 3367 1739
f 1734 3360 3363
f 1734 3363 1736
f 3376 3377 3378
f 3376 3378 3379
f 3377 3380 3381
f 3377 3381 3378
f 3379 3378 3382
f 3379 3382 3383
f 3378 3381 3384
f 3378 3384 3382
f 3372 3371 3376
f 3372 3376 3385
f 3371 3370 3377
f 3371 3377 3376
f 3370 3369 3380
f 3370 3380 3377
f 3369 3302 3315
f 3369 3315 3380
f 3380 3315 3325
f 3380 3325 3381
f 3381 3325 3323
f 3381 3323 3384
f 3384 3323 3324
f 3384 3324 3386
f 3382 3384 3386
f 3382 3386 3387
f 3383 3382 3387
f 3383 3387 3388
f 3389 3383 3388
f 3389 3388 3390
f 3391 3379 3383
f 3391 3383 3389
f 3385 3376 3379
f 3385 3379 3391
f 3392 3393 3394
f 3392 3394 3395
f 3393 3396 3397
f 3393 3397 3394
f 3395 3394 3398
f 3395 3398 3399
f 3394 3397 3400
f 3394 3400 3398
f 3390 3388 3392
f 3390 3392 3401
f 3388 3387 3393
f 3388 3393 3392
f 3387 3386 3396
f 3387 3396 3393
f 3386 3324 3402
f 3386 3402 3396
f 3396 3402 3403
f 3396 3403 3397
f 3397 3403 3404
f 3397 3404 3400
f 3400 3404 1921
f 3400 1921 1920
f 3398 3400 1920
f 3398 1920 1919
f 3399 3398 1919
f 3399 1919 1917
f 3405 3399 1917
f 3405 1917 1916
f 3406 3395 3399
f 3406 3399 3405
f 3401 3392 3395
f 3401 3395 3406
f 3407 3408 3409
f 3407 3409 3410
f 3408 3411 3412
f 3408 3412 3409
f 3410 3409 3413
f 3410 3413 3414
f 3409 3412 3415
f 3409 3415 3413
f 3324 3322 3407
f 3324 3407 3402
f 3322 3321 3408
f 3322 3408 3407
f 3321 3320 3411
f 3321 3411 3408
f 3320 3319 3416
f 3320 3416 3411
f 3411 3416 3417
f 3411 3417 3412
f 3412 3417 3418
f 3412 3418 3415
f 3415 3418 2096
f 3415 2096 2114
f 3413 3415 2114
f 3413 2114 2113
f 3414 3413 2113
f 3414 2113 2112
f 3404 3414 2112
f 3404 2112 1921
f 3403 3410 3414
f 3403 3414 3404
f 3402 3407 3410
f 3402 3410 3403
f 3419 3420 3421
f 3419 3421 3422
f 3420 3423 3424
f 3420 3424 3421
f 3422 3421 3425
f 3422 3425 3426
f 3421 3424 3427
f 3421 3427 3425
f 3319 3359 3419
f 3319 3419 3416
f 3359 3358 3420
f 3359 3420 3419
f 3358 3357 3423
f 3358 3423 3420
f 3357 3356 3428
f 3357 3428 3423
f 3423 3428 3429
f 3423 3429 3424
f 3424 3429 3430
f 3424 3430 3427
f 3427 3430 2076
f 3427 2076 2100
f 3425 3427 2100
f 3425 2100 2099
f 3426 3425 2099
f 3426 2099 2097
f 3418 3426 2097
f 3418 2097 2096
f 3417 3422 3426
f 3417 3426 3418
f 3416 3419 3422
f 3416 3422 3417
f 3431 3432 3433
f 3431 3433 3434
f 3432 3435 3436
f 3432 3436 3433
f 3434 3433 3437
f 3434 3437 3438
f 3433 3436 3439
f 3433 3439 3437
f 3356 3440 3431
f 3356 3431 3428
f 3440 3441 3432
f 3440 3432 3431
f 3441 3442 3435
f 3441 3435 3432
f 3442 3443 3444
f 3442 3444 3435
f 3435 3444 3445
f 3435 3445 3436
f 3436 3445 3446
f 3436 3446 3439
f 3439 3446 2081
f 3439 2081 2080
f 3437 3439 2080
f 3437 2080 2079
f 3438 3437 2079
f 3438 2079 2077
f 3430 3438 2077
f 3430 2077 2076
f 3429 3434 3438
f 3429 3438 3430
f 3428 3431 3434
f 3428 3434 3429
f 3447 3448 3449
f 3447 3449 3450
f 3448 3451 3452
f 3448 3452 3449
f 3450 3449 3453
f 3450 3453 3454
f 3449 3452 3455
f 3449 3455 3453
f 3339 3456 3447
f 3339 3447 3353
f 3456 3457 3448
f 3456 3448 3447
f 3457 3458 3451
f 3457 3451 3448
f 3458 3459 3460
f 3458 3460 3451
f 3451 3460 3461
f 3451 3461 3452
f 3452 3461 3462
f 3452 3462 3455
f 3455 3462 3443
f 3455 3443 3442
f 3453 3455 3442
f 3453 3442 3441
f 3454 3453 3441
f 3454 3441 3440
f 3355 3454 3440
f 3355 3440 3356
f 3354 3450 3454
f 3354 3454 3355
f 3353 3447 3450
f 3353 3450 3354
f 3463 3464 3465
f 3463 3465 3466
f 3467 3468 3465
f 3467 3465 3464
f 3469 3470 3465
f 3469 3465 3468
f 3471 3472 3465
f 3471 3465 3470
f 3473 3466 3465
f 3473 3465 3472
f 3459 3458 3463
f 3459 3463 3474
f 3458 3457 3464
f 3458 3464 3463
f 3474 3463 3466
f 3474 3466 3475
f 3339 3341 3467
f 3339 3467 3456
f 3341 3338 3468
f 3341 3468 3467
f 3456 3467 3464
f 3456 3464 3457
f 1683 1685 3469
f 1683 3469 3337
f 1685 1682 3470
f 1685 3470 3469
f 3337 3469 3468
f 3337 3468 3338
f 1679 1704 3471
f 1679 3471 1680
f 1704 1702 3472
f 1704 3472 3471
f 1680 3471 3470
f 1680 3470 1682
f 1699 3476 3473
f 1699 3473 1700
f 3476 3475 3466
f 3476 3466 3473
f 1700 3473 3472
f 1700 3472 1702
f 3477 3478 3479
f 3477 3479 3480
f 3481 3482 3479
f 3481 3479 3478
f 3483 3484 3479
f 3483 3479 3482
f 3485 3486 3479
f 3485 3479 3484
f 3487 3480 3479
f 3487 3479 3486
f 3488 3489 3477
f 3488 3477 3490
f 3489 3491 3478
f 3489 3478 3477
f 3490 3477 3480
f 3490 3480 3492
f 3493 3494 3481
f 3493 3481 3495
f 3494 3496 3482
f 3494 3482 3481
f 3495 3481 3478
f 3495 3478 3491
f 1707 1709 3483
f 1707 3483 3497
f 1709 1706 3484
f 1709 3484 3483
f 3497 3483 3482
f 3497 3482 3496
f 1603 1605 3485
f 1603 3485 1705
f 1605 1602 3486
f 1605 3486 3485
f 1705 3485 3484
f 1705 3484 1706
f 1599 3498 3487
f 1599 3487 1600
f 3498 3492 3480
f 3498 3480 3487
f 1600 3487 3486
f 1600 3486 1602
f 3499 3500 3501
f 3499 3501 3502
f 3500 3503 3504
f 3500 3504 3501
f 3502 3501 3505
f 3502 3505 3506
f 3501 3504 3507
f 3501 3507 3505
f 3493 3495 3499
f 3493 3499 3508
f 3495 3491 3500
f 3495 3500 3499
f 3491 3489 3503
f 3491 3503 3500
f 3489 3488 3509
f 3489 3509 3503
f 3503 3509 3510
f 3503 3510 3504
f 3504 3510 3511
f 3504 3511 3507
f 3507 3511 3512
f 3507 3512 3513
f 3505 3507 3513
f 3505 3513 3514
f 3506 3505 3514
f 3506 3514 3515
f 3516 3506 3515
f 3516 3515 3517
f 3518 3502 3506
f 3518 3506 3516
f 3508 3499 3502
f 3508 3502 3518
f 3519 3520 3521
f 3519 3521 3522
f 3520 3523 3524
f 3520 3524 3521
f 3522 3521 3525
f 3522 3525 3526
f 3521 3524 3527
f 3521 3527 3525
f 1595 3528 3519
f 1595 3519 1596
f 3528 3529 3520
f 3528 3520 3519
f 3529 3530 3523
f 3529 3523 3520
f 3530 3531 3532
f 3530 3532 3523
f 3523 3532 3533
f 3523 3533 3524
f 3524 3533 3534
f 3524 3534 3527
f 3527 3534 3488
f 3527 3488 3490
f 3525 3527 3490
f 3525 3490 3492
f 3526 3525 3492
f 3526 3492 3498
f 1601 3526 3498
f 1601 3498 1599
f 1598 3522 3526
f 1598 3526 1601
f 1596 3519 3522
f 1596 3522 1598
f 3535 3536 3537
f 3535 3537 3538
f 3536 3539 3540
f 3536 3540 3537
f 3538 3537 3541
f 3538 3541 3542
f 3537 3540 3543
f 3537 3543 3541
f 3512 3511 3535
f 3512 3535 3544
f 3511 3510 3536
f 3511 3536 3535
f 3510 3509 3539
f 3510 3539 3536
f 3509 3488 3534
f 3509 3534 3539
f 3539 3534 3533
f 3539 3533 3540
f 3540 3533 3532
f 3540 3532 3543
f 3543 3532 3531
f 3543 3531 3545
f 3541 3543 3545
f 3541 3545 3546
f 3542 3541 3546
f 3542 3546 3547
f 3548 3542 3547
f 3548 3547 3549
f 3550 3538 3542
f 3550 3542 3548
f 3544 3535 3538
f 3544 3538 3550
f 3551 3552 3553
f 3551 3553 3554
f 3552 3555 3556
f 3552 3556 3553
f 3554 3553 3557
f 3554 3557 3558
f 3553 3556 3559
f 3553 3559 3557
f 1707 3497 3551
f 1707 3551 1708
f 3497 3496 3552
f 3497 3552 3551
f 3496 3494 3555
f 3496 3555 3552
f 3494 3493 3560
f 3494 3560 3555
f 3555 3560 3561
f 3555 3561 3556
f 3556 3561 3562
f 3556 3562 3559
f 3559 3562 3459
f 3559 3459 3474
f 3557 3559 3474
f 3557 3474 3475
f 3558 3557 3475
f 3558 3475 3476
f 1701 3558 3476
f 1701 3476 1699
f 1703 3554 3558
f 1703 3558 1701
f 1708 3551 3554
f 1708 3554 1703
f 3563 3564 3565
f 3563 3565 3566
f 3564 3567 3568
f 3564 3568 3565
f 3566 3565 3569
f 3566 3569 3570
f 3565 3568 3571
f 3565 3571 3569
f 3459 3562 3563
f 3459 3563 3460
f 3562 3561 3564
f 3562 3564 3563
f 3561 3560 3567
f 3561 3567 3564
f 3560 3493 3508
f 3560 3508 3567
f 3567 3508 3518
f 3567 3518 3568
f 3568 3518 3516
f 3568 3516 3571
f 3571 3516 3517
f 3571 3517 3572
f 3569 3571 3572
f 3569 3572 3573
f 3570 3569 3573
f 3570 3573 3574
f 3462 3570 3574
f 3462 3574 3443
f 3461 3566 3570
f 3461 3570 3462
f 3460 3563 3566
f 3460 3566 3461
f 3575 3576 3577
f 3575 3577 3578
f 3576 3579 3580
f 3576 3580 3577
f 3578 3577 3581
f 3578 3581 3582
f 3577 3580 3583
f 3577 3583 3581
f 3443 3574 3575
f 3443 3575 3444
f 3574 3573 3576
f 3574 3576 3575
f 3573 3572 3579
f 3573 3579 3576
f 3572 3517 3584
f 3572 3584 3579
f 3579 3584 3585
f 3579 3585 3580
f 3580 3585 3586
f 3580 3586 3583
f 3583 3586 2480
f 3583 2480 2479
f 3581 3583 2479
f 3581 2479 2478
f 3582 3581 2478
f 3582 2478 2477
f 3446 3582 2477
f 3446 2477 2081
f 3445 3578 3582
f 3445 3582 3446
f 3444 3575 3578
f 3444 3578 3445
f 3587 3588 3589
f 3587 3589 3590
f 3588 3591 3592
f 3588 3592 3589
f 3590 3589 3593
f 3590 3593 3594
f 3589 3592 3595
f 3589 3595 3593
f 3517 3515 3587
f 3517 3587 3584
f 3515 3514 3588
f 3515 3588 3587
f 3514 3513 3591
f 3514 3591 3588
f 3513 3512 3596
f 3513 3596 3591
f 3591 3596 3597
f 3591 3597 3592
f 3592 3597 3598
f 3592 3598 3595
f 3595 3598 2640
f 3595 2640 2658
f 3593 3595 2658
f 3593 2658 2657
f 3594 3593 2657
f 3594 2657 2656
f 3586 3594 2656
f 3586 2656 2480
f 3585 3590 3594
f 3585 3594 3586
f 3584 3587 3590
f 3584 3590 3585
f 3599 3600 3601
f 3599 3601 3602
f 3600 3603 3604
f 3600 3604 3601
f 3602 3601 3605
f 3602 3605 3606
f 3601 3604 3607
f 3601 3607 3605
f 3512 3544 3599
f 3512 3599 3596
f 3544 3550 3600
f 3544 3600 3599
f 3550 3548 3603
f 3550 3603 3600
f 3548 3549 3608
f 3548 3608 3603
f 3603 3608 3609
f 3603 3609 3604
f 3604 3609 3610
f 3604 3610 3607
f 3607 3610 2620
f 3607 2620 2644
f 3605 3607 2644
f 3605 2644 2643
f 3606 3605 2643
f 3606 2643 2641
f 3598 3606 2641
f 3598 2641 2640
f 3597 3602 3606
f 3597 3606 3598
f 3596 3599 3602
f 3596 3602 3597
f 3611 3612 3613
f 3611 3613 3614
f 3612 3615 3616
f 3612 3616 3613
f 3614 3613 3617
f 3614 3617 3618
f 3613 3616 3619
f 3613 3619 3617
f 3549 3620 3611
f 3549 3611 3608
f 3620 3621 3612
f 3620 3612 3611
f 3621 3622 3615
f 3621 3615 3612
f 3622 3623 3624
f 3622 3624 3615
f 3615 3624 3625
f 3615 3625 3616
f 3616 3625 3626
f 3616 3626 3619
f 3619 3626 2625
f 3619 2625 2624
f 3617 3619 2624
f 3617 2624 2623
f 3618 3617 2623
f 3618 2623 2621
f 3610 3618 2621
f 3610 2621 2620
f 3609 3614 3618
f 3609 3618 3610
f 3608 3611 3614
f 3608 3614 3609
f 3627 3628 3629
f 3627 3629 3630
f 3628 3631 3632
f 3628 3632 3629
f 3630 3629 3633
f 3630 3633 3634
f 3629 3632 3635
f 3629 3635 3633
f 3531 3636 3627
f 3531 3627 3545
f 3636 3637 3628
f 3636 3628 3627
f 3637 3638 3631
f 3637 3631 3628
f 3638 3639 3640
f 3638 3640 3631
f 3631 3640 3641
f 3631 3641 3632
f 3632 3641 3642
f 3632 3642 3635
f 3635 3642 3623
f 3635 3623 3622
f 3633 3635 3622
f 3633 3622 3621
f 3634 3633 3621
f 3634 3621 3620
f 3547 3634 3620
f 3547 3620 3549
f 3546 3630 3634
f 3546 3634 3547
f 3545 3627 3630
f 3545 3630 3546
f 3643 3644 3645
f 3643 3645 3646
f 3647 3648 3645
f 3647 3645 3644
f 3649 3650 3645
f 3649 3645 3648
f 3651 3652 3645
f 3651 3645 3650
f 3653 3646 3645
f 3653 3645 3652
f 1529 1531 3643
f 1529 3643 1593
f 1531 1528 3644
f 1531 3644 3643
f 1593 3643 3646
f 1593 3646 1594
f 1525 3654 3647
f 1525 3647 1526
f 3654 3655 3648
f 3654 3648 3647
f 1526 3647 3644
f 1526 3644 1528
f 3639 3638 3649
f 3639 3649 3656
f 3638 3637 3650
f 3638 3650 3649
f 3656 3649 3648
f 3656 3648 3655
f 3531 3530 3651
f 3531 3651 3636
f 3530 3529 3652
f 3530 3652 3651
f 3636 3651 3650
f 3636 3650 3637
f 1595 1597 3653
f 1595 3653 3528
f 1597 1594 3646
f 1597 3646 3653
f 3528 3653 3652
f 3528 3652 3529
f 3657 3658 3659
f 3657 3659 3660
f 3658 3661 3662
f 3658 3662 3659
f 3660 3659 3663
f 3660 3663 3664
f 3659 3662 3665
f 3659 3665 3663
f 1635 3666 3657
f 1635 3657 1636
f 3666 3667 3658
f 3666 3658 3657
f 3667 3668 3661
f 3667 3661 3658
f 3668 3669 3670
f 3668 3670 3661
f 3661 3670 3671
f 3661 3671 3662
f 3662 3671 3672
f 3662 3672 3665
f 3665 3672 3673
f 3665 3673 3674
f 3663 3665 3674
f 3663 3674 3675
f 3664 3663 3675
f 3664 3675 3676
f 1621 3664 3676
f 1621 3676 1619
f 1623 3660 3664
f 1623 3664 1621
f 1636 3657 3660
f 1636 3660 1623
f 3677 3678 3679
f 3677 3679 3680
f 3681 3682 3679
f 3681 3679 3678
f 3683 3684 3679
f 3683 3679 3682
f 3685 3686 3679
f 3685 3679 3684
f 3687 3680 3679
f 3687 3679 3686
f 3673 3688 3677
f 3673 3677 3674
f 3688 3689 3678
f 3688 3678 3677
f 3674 3677 3680
f 3674 3680 3675
f 3690 3691 3681
f 3690 3681 3692
f 3691 3693 3682
f 3691 3682 3681
f 3692 3681 3678
f 3692 3678 3689
f 1657 1659 3683
f 1657 3683 3694
f 1659 1656 3684
f 1659 3684 3683
f 3694 3683 3682
f 3694 3682 3693
f 1624 1626 3685
f 1624 3685 1655
f 1626 1622 3686
f 1626 3686 3685
f 1655 3685 3684
f 1655 3684 1656
f 1619 3676 3687
f 1619 3687 1620
f 3676 3675 3680
f 3676 3680 3687
f 1620 3687 3686
f 1620 3686 1622
f 3695 3696 3697
f 3695 3697 3698
f 3696 3699 3700
f 3696 3700 3697
f 3698 3697 3701
f 3698 3701 3702
f 3697 3700 3703
f 3697 3703 3701
f 3669 3704 3695
f 3669 3695 3670
f 3704 3705 3696
f 3704 3696 3695
f 3705 3706 3699
f 3705 3699 3696
f 3706 3707 3708
f 3706 3708 3699
f 3699 3708 3709
f 3699 3709 3700
f 3700 3709 3710
f 3700 3710 3703
f 3703 3710 3711
f 3703 3711 3712
f 3701 3703 3712
f 3701 3712 3713
f 3702 3701 3713
f 3702 3713 3714
f 3672 3702 3714
f 3672 3714 3673
f 3671 3698 3702
f 3671 3702 3672
f 3670 3695 3698
f 3670 3698 3671
f 3715 3716 3717
f 3715 3717 3718
f 3716 3719 3720
f 3716 3720 3717
f 3718 3717 3721
f 3718 3721 3722
f 3717 3720 3723
f 3717 3723 3721
f 3673 3714 3715
f 3673 3715 3688
f 3714 3713 3716
f 3714 3716 3715
f 3713 3712 3719
f 3713 3719 3716
f 3712 3711 3724
f 3712 3724 3719
f 3719 3724 3725
f 3719 3725 3720
f 3720 3725 3726
f 3720 3726 3723
f 3723 3726 3727
f 3723 3727 3728
f 3721 3723 3728
f 3721 3728 3729
f 3722 3721 3729
f 3722 3729 3730
f 3692 3722 3730
f 3692 3730 3690
f 3689 3718 3722
f 3689 3722 3692
f 3688 3715 3718
f 3688 3718 3689
f 3731 3732 3733
f 3731 3733 3734
f 3735 3736 3733
f 3735 3733 3732
f 3737 3738 3733
f 3737 3733 3736
f 3739 3740 3733
f 3739 3733 3738
f 3741 3734 3733
f 3741 3733 3740
f 1657 3694 3731
f 1657 3731 1658
f 3694 3693 3732
f 3694 3732 3731
f 1658 3731 3734
f 1658 3734 1653
f 3690 3742 3735
f 3690 3735 3691
f 3742 3743 3736
f 3742 3736 3735
f 3691 3735 3732
f 3691 3732 3693
f 3744 3745 3737
f 3744 3737 3746
f 3745 3747 3738
f 3745 3738 3737
f 3746 3737 3736
f 3746 3736 3743
f 1787 1789 3739
f 1787 3739 3748
f 1789 1786 3740
f 1789 3740 3739
f 3748 3739 3738
f 3748 3738 3747
f 1649 1651 3741
f 1649 3741 1785
f 1651 1653 3734
f 1651 3734 3741
f 1785 3741 3740
f 1785 3740 1786
f 3749 3750 3751
f 3749 3751 3752
f 3750 3753 3754
f 3750 3754 3751
f 3752 3751 3755
f 3752 3755 3756
f 3751 3754 3757
f 3751 3757 3755
f 3690 3730 3749
f 3690 3749 3742
f 3730 3729 3750
f 3730 3750 3749
f 3729 3728 3753
f 3729 3753 3750
f 3728 3727 3758
f 3728 3758 3753
f 3753 3758 3759
f 3753 3759 3754
f 3754 3759 3760
f 3754 3760 3757
f 3757 3760 3761
f 3757 3761 3762
f 3755 3757 3762
f 3755 3762 3763
f 3756 3755 3763
f 3756 3763 3764
f 3746 3756 3764
f 3746 3764 3744
f 3743 3752 3756
f 3743 3756 3746
f 3742 3749 3752
f 3742 3752 3743
f 3765 3766 3767
f 3765 3767 3768
f 3766 3769 3770
f 3766 3770 3767
f 3768 3767 3771
f 3768 3771 3772
f 3767 3770 3773
f 3767 3773 3771
f 3727 3774 3765
f 3727 3765 3758
f 3774 3775 3766
f 3774 3766 3765
f 3775 3776 3769
f 3775 3769 3766
f 3776 1961 1972
f 3776 1972 3769
f 3769 1972 1982
f 3769 1982 3770
f 3770 1982 1980
f 3770 1980 3773
f 3773 1980 1981
f 3773 1981 3777
f 3771 3773 3777
f 3771 3777 3778
f 3772 3771 3778
f 3772 3778 3779
f 3760 3772 3779
f 3760 3779 3761
f 3759 3768 3772
f 3759 3772 3760
f 3758 3765 3768
f 3758 3768 3759
f 3780 3781 3782
f 3780 3782 3783
f 3781 3784 3785
f 3781 3785 3782
f 3783 3782 3786
f 3783 3786 3787
f 3782 3785 3788
f 3782 3788 3786
f 3711 3789 3780
f 3711 3780 3724
f 3789 3790 3781
f 3789 3781 3780
f 3790 3791 3784
f 3790 3784 3781
f 3791 1945 1956
f 3791 1956 3784
f 3784 1956 1962
f 3784 1962 3785
f 3785 1962 1960
f 3785 1960 3788
f 3788 1960 1961
f 3788 1961 3776
f 3786 3788 3776
f 3786 3776 3775
f 3787 3786 3775
f 3787 3775 3774
f 3726 3787 3774
f 3726 3774 3727
f 3725 3783 3787
f 3725 3787 3726
f 3724 3780 3783
f 3724 3783 3725
f 3792 3793 3794
f 3792 3794 3795
f 3793 3796 3797
f 3793 3797 3794
f 3795 3794 3798
f 3795 3798 3799
f 3794 3797 3800
f 3794 3800 3798
f 3707 3801 3792
f 3707 3792 3708
f 3801 3802 3793
f 3801 3793 3792
f 3802 3803 3796
f 3802 3796 3793
f 3803 1929 1940
f 3803 1940 3796
f 3796 1940 1946
f 3796 1946 3797
f 3797 1946 1944
f 3797 1944 3800
f 3800 1944 1945
f 3800 1945 3791
f 3798 3800 3791
f 3798 3791 3790
f 3799 3798 3790
f 3799 3790 3789
f 3710 3799 3789
f 3710 3789 3711
f 3709 3795 3799
f 3709 3799 3710
f 3708 3792 3795
f 3708 3795 3709
f 3804 3805 3806
f 3804 3806 3807
f 3805 3808 3809
f 3805 3809 3806
f 3807 3806 3810
f 3807 3810 3811
f 3806 3809 3812
f 3806 3812 3810
f 3390 3401 3804
f 3390 3804 3813
f 3401 3406 3805
f 3401 3805 3804
f 3406 3405 3808
f 3406 3808 3805
f 3405 1916 1918
f 3405 1918 3808
f 3808 1918 1930
f 3808 1930 3809
f 3809 1930 1928
f 3809 1928 3812
f 3812 1928 1929
f 3812 1929 3803
f 3810 3812 3803
f 3810 3803 3802
f 3811 3810 3802
f 3811 3802 3801
f 3814 3811 3801
f 3814 3801 3707
f 3815 3807 3811
f 3815 3811 3814
f 3813 3804 3807
f 3813 3807 3815
f 3816 3817 3818
f 3816 3818 3819
f 3817 3820 3821
f 3817 3821 3818
f 3819 3818 3822
f 3819 3822 3823
f 3818 3821 3824
f 3818 3824 3822
f 3372 3385 3816
f 3372 3816 3825
f 3385 3391 3817
f 3385 3817 3816
f 3391 3389 3820
f 3391 3820 3817
f 3389 3390 3813
f 3389 3813 3820
f 3820 3813 3815
f 3820 3815 3821
f 3821 3815 3814
f 3821 3814 3824
f 3824 3814 3707
f 3824 3707 3706
f 3822 3824 3706
f 3822 3706 3705
f 3823 3822 3705
f 3823 3705 3704
f 3826 3823 3704
f 3826 3704 3669
f 3827 3819 3823
f 3827 3823 3826
f 3825 3816 3819
f 3825 3819 3827
f 3828 3829 3830
f 3828 3830 3831
f 3832 3833 3830
f 3832 3830 3829
f 3834 3835 3830
f 3834 3830 3833
f 3836 3837 3830
f 3836 3830 3835
f 3838 3831 3830
f 3838 3830 3837
f 1737 3375 3828
f 1737 3828 1738
f 3375 3374 3829
f 3375 3829 3828
f 1738 3828 3831
f 1738 3831 1726
f 3372 3825 3832
f 3372 3832 3373
f 3825 3827 3833
f 3825 3833 3832
f 3373 3832 3829
f 3373 3829 3374
f 3669 3668 3834
f 3669 3834 3826
f 3668 3667 3835
f 3668 3835 3834
f 3826 3834 3833
f 3826 3833 3827
f 1635 1637 3836
f 1635 3836 3666
f 1637 1634 3837
f 1637 3837 3836
f 3666 3836 3835
f 3666 3835 3667
f 1631 1725 3838
f 1631 3838 1632
f 1725 1726 3831
f 1725 3831 3838
f 1632 3838 3837
f 1632 3837 1634
f 3839 3840 3841
f 3839 3841 3842
f 3843 3844 3841
f 3843 3841 3840
f 3845 3846 3841
f 3845 3841 3844
f 3847 3848 3841
f 3847 3841 3846
f 3849 3842 3841
f 3849 3841 3848
f 3850 3851 3839
f 3850 3839 3852
f 3851 3853 3840
f 3851 3840 3839
f 3852 3839 3842
f 3852 3842 3854
f 3855 3856 3843
f 3855 3843 3857
f 3856 3858 3844
f 3856 3844 3843
f 3857 3843 3840
f 3857 3840 3853
f 1761 1763 3845
f 1761 3845 3859
f 1763 1760 3846
f 1763 3846 3845
f 3859 3845 3844
f 3859 3844 3858
f 1757 1795 3847
f 1757 3847 1758
f 1795 1794 3848
f 1795 3848 3847
f 1758 3847 3846
f 1758 3846 1760
f 1791 3860 3849
f 1791 3849 1792
f 3860 3854 3842
f 3860 3842 3849
f 1792 3849 3848
f 1792 3848 1794
f 3861 3862 3863
f 3861 3863 3864
f 3862 3865 3866
f 3862 3866 3863
f 3864 3863 3867
f 3864 3867 3868
f 3863 3866 3869
f 3863 3869 3867
f 3855 3870 3861
f 3855 3861 3856
f 3870 3871 3862
f 3870 3862 3861
f 3871 3872 3865
f 3871 3865 3862
f 3872 3873 3874
f 3872 3874 3865
f 3865 3874 3875
f 3865 3875 3866
f 3866 3875 3876
f 3866 3876 3869
f 3869 3876 1765
f 3869 1765 1767
f 3867 3869 1767
f 3867 1767 1764
f 3868 3867 1764
f 3868 1764 1762
f 3859 3868 1762
f 3859 1762 1761
f 3858 3864 3868
f 3858 3868 3859
f 3856 3861 3864
f 3856 3864 3858
f 3877 3878 3879
f 3877 3879 3880
f 3878 3881 3882
f 3878 3882 3879
f 3880 3879 3883
f 3880 3883 3884
f 3879 3882 3885
f 3879 3885 3883
f 3850 3886 3877
f 3850 3877 3851
f 3886 3887 3878
f 3886 3878 3877
f 3887 3888 3881
f 3887 3881 3878
f 3888 3889 3890
f 3888 3890 3881
f 3881 3890 3891
f 3881 3891 3882
f 3882 3891 3892
f 3882 3892 3885
f 3885 3892 3893
f 3885 3893 3894
f 3883 3885 3894
f 3883 3894 3895
f 3884 3883 3895
f 3884 3895 3896
f 3857 3884 3896
f 3857 3896 3855
f 3853 3880 3884
f 3853 3884 3857
f 3851 3877 3880
f 3851 3880 3853
f 3897 3898 3899
f 3897 3899 3900
f 3898 3901 3902
f 3898 3902 3899
f 3900 3899 3903
f 3900 3903 3904
f 3899 3902 3905
f 3899 3905 3903
f 3906 3907 3897
f 3906 3897 3908
f 3907 3909 3898
f 3907 3898 3897
f 3909 3910 3901
f 3909 3901 3898
f 3910 3873 3872
f 3910 3872 3901
f 3901 3872 3871
f 3901 3871 3902
f 3902 3871 3870
f 3902 3870 3905
f 3905 3870 3855
f 3905 3855 3896
f 3903 3905 3896
f 3903 3896 3895
f 3904 3903 3895
f 3904 3895 3894
f 3911 3904 3894
f 3911 3894 3893
f 3912 3900 3904
f 3912 3904 3911
f 3908 3897 3900
f 3908 3900 3912
f 3913 3914 3915
f 3913 3915 3916
f 3917 3918 3915
f 3917 3915 3914
f 3919 3920 3915
f 3919 3915 3918
f 3921 3922 3915
f 3921 3915 3920
f 3923 3916 3915
f 3923 3915 3922
f 3873 3924 3913
f 3873 3913 3874
f 3924 3925 3914
f 3924 3914 3913
f 3874 3913 3916
f 3874 3916 3875
f 3022 3035 3917
f 3022 3917 3926
f 3035 3034 3918
f 3035 3918 3917
f 3926 3917 3914
f 3926 3914 3925
f 1813 1815 3919
f 1813 3919 3033
f 1815 1812 3920
f 1815 3920 3919
f 3033 3919 3918
f 3033 3918 3034
f 1769 1771 3921
f 1769 3921 1811
f 1771 1768 3922
f 1771 3922 3921
f 1811 3921 3920
f 1811 3920 1812
f 1765 3876 3923
f 1765 3923 1766
f 3876 3875 3916
f 3876 3916 3923
f 1766 3923 3922
f 1766 3922 1768
f 3927 3928 3929
f 3927 3929 3930
f 3928 3931 3932
f 3928 3932 3929
f 3930 3929 3933
f 3930 3933 3934
f 3929 3932 3935
f 3929 3935 3933
f 3873 3910 3927
f 3873 3927 3924
f 3910 3909 3928
f 3910 3928 3927
f 3909 3907 3931
f 3909 3931 3928
f 3907 3906 3936
f 3907 3936 3931
f 3931 3936 3937
f 3931 3937 3932
f 3932 3937 3938
f 3932 3938 3935
f 3935 3938 3006
f 3935 3006 3017
f 3933 3935 3017
f 3933 3017 3023
f 3934 3933 3023
f 3934 3023 3021
f 3926 3934 3021
f 3926 3021 3022
f 3925 3930 3934
f 3925 3934 3926
f 3924 3927 3930
f 3924 3930 3925
f 3939 3940 3941
f 3939 3941 3942
f 3940 3943 3944
f 3940 3944 3941
f 3942 3941 3945
f 3942 3945 3946
f 3941 3944 3947
f 3941 3947 3945
f 3906 3948 3939
f 3906 3939 3936
f 3948 3949 3940
f 3948 3940 3939
f 3949 3950 3943
f 3949 3943 3940
f 3950 2245 2256
f 3950 2256 3943
f 3943 2256 2266
f 3943 2266 3944
f 3944 2266 2264
f 3944 2264 3947
f 3947 2264 2265
f 3947 2265 2998
f 3945 3947 2998
f 3945 2998 3007
f 3946 3945 3007
f 3946 3007 3005
f 3938 3946 3005
f 3938 3005 3006
f 3937 3942 3946
f 3937 3946 3938
f 3936 3939 3942
f 3936 3942 3937
f 3951 3952 3953
f 3951 3953 3954
f 3952 3955 3956
f 3952 3956 3953
f 3954 3953 3957
f 3954 3957 3958
f 3953 3956 3959
f 3953 3959 3957
f 3893 3960 3951
f 3893 3951 3911
f 3960 3961 3952
f 3960 3952 3951
f 3961 3962 3955
f 3961 3955 3952
f 3962 2229 2240
f 3962 2240 3955
f 3955 2240 2246
f 3955 2246 3956
f 3956 2246 2244
f 3956 2244 3959
f 3959 2244 2245
f 3959 2245 3950
f 3957 3959 3950
f 3957 3950 3949
f 3958 3957 3949
f 3958 3949 3948
f 3908 3958 3948
f 3908 3948 3906
f 3912 3954 3958
f 3912 3958 3908
f 3911 3951 3954
f 3911 3954 3912
f 3963 3964 3965
f 3963 3965 3966
f 3964 3967 3968
f 3964 3968 3965
f 3966 3965 3969
f 3966 3969 3970
f 3965 3968 3971
f 3965 3971 3969
f 3889 3972 3963
f 3889 3963 3890
f 3972 3973 3964
f 3972 3964 3963
f 3973 3974 3967
f 3973 3967 3964
f 3974 2213 2224
f 3974 2224 3967
f 3967 2224 2230
f 3967 2230 3968
f 3968 2230 2228
f 3968 2228 3971
f 3971 2228 2229
f 3971 2229 3962
f 3969 3971 3962
f 3969 3962 3961
f 3970 3969 3961
f 3970 3961 3960
f 3892 3970 3960
f 3892 3960 3893
f 3891 3966 3970
f 3891 3970 3892
f 3890 3963 3966
f 3890 3966 3891
f 3975 3976 3977
f 3975 3977 3978
f 3976 3979 3980
f 3976 3980 3977
f 3978 3977 3981
f 3978 3981 3982
f 3977 3980 3983
f 3977 3983 3981
f 3761 3779 3975
f 3761 3975 3984
f 3779 3778 3976
f 3779 3976 3975
f 3778 3777 3979
f 3778 3979 3976
f 3777 1981 2205
f 3777 2205 3979
f 3979 2205 2214
f 3979 2214 3980
f 3980 2214 2212
f 3980 2212 3983
f 3983 2212 2213
f 3983 2213 3974
f 3981 3983 3974
f 3981 3974 3973
f 3982 3981 3973
f 3982 3973 3972
f 3985 3982 3972
f 3985 3972 3889
f 3986 3978 3982
f 3986 3982 3985
f 3984 3975 3978
f 3984 3978 3986
f 3987 3988 3989
f 3987 3989 3990
f 3988 3991 3992
f 3988 3992 3989
f 3990 3989 3993
f 3990 3993 3994
f 3989 3992 3995
f 3989 3995 3993
f 3744 3764 3987
f 3744 3987 3996
f 3764 3763 3988
f 3764 3988 3987
f 3763 3762 3991
f 3763 3991 3988
f 3762 3761 3984
f 3762 3984 3991
f 3991 3984 3986
f 3991 3986 3992
f 3992 3986 3985
f 3992 3985 3995
f 3995 3985 3889
f 3995 3889 3888
f 3993 3995 3888
f 3993 3888 3887
f 3994 3993 3887
f 3994 3887 3886
f 3997 3994 3886
f 3997 3886 3850
f 3998 3990 3994
f 3998 3994 3997
f 3996 3987 3990
f 3996 3990 3998
f 3999 4000 4001
f 3999 4001 4002
f 4000 4003 4004
f 4000 4004 4001
f 4002 4001 4005
f 4002 4005 4006
f 4001 4004 4007
f 4001 4007 4005
f 1787 3748 3999
f 1787 3999 1788
f 3748 3747 4000
f 3748 4000 3999
f 3747 3745 4003
f 3747 4003 4000
f 3745 3744 3996
f 3745 3996 4003
f 4003 3996 3998
f 4003 3998 4004
f 4004 3998 3997
f 4004 3997 4007
f 4007 3997 3850
f 4007 3850 3852
f 4005 4007 3852
f 4005 3852 3854
f 4006 4005 3854
f 4006 3854 3860
f 1793 4006 3860
f 1793 3860 1791
f 1790 4002 4006
f 1790 4006 1793
f 1788 3999 4002
f 1788 4002 1790
f 4008 4009 4010
f 4008 4010 4011
f 4009 4012 4013
f 4009 4013 4010
f 4011 4010 4014
f 4011 4014 4015
f 4010 4013 4016
f 4010 4016 4014
f 4017 4018 4008
f 4017 4008 4019
f 4018 4020 4009
f 4018 4009 4008
f 4020 4021 4012
f 4020 4012 4009
f 4021 4022 4023
f 4021 4023 4012
f 4012 4023 4024
f 4012 4024 4013
f 4013 4024 4025
f 4013 4025 4016
f 4016 4025 4026
f 4016 4026 4027
f 4014 4016 4027
f 4014 4027 4028
f 4015 4014 4028
f 4015 4028 4029
f 4030 4015 4029
f 4030 4029 4031
f 4032 4011 4015
f 4032 4015 4030
f 4019 4008 4011
f 4019 4011 4032
f 4033 4034 4035
f 4033 4035 4036
f 4034 4037 4038
f 4034 4038 4035
f 4036 4035 4039
f 4036 4039 4040
f 4035 4038 4041
f 4035 4041 4039
f 4031 4029 4033
f 4031 4033 4042
f 4029 4028 4034
f 4029 4034 4033
f 4028 4027 4037
f 4028 4037 4034
f 4027 4026 4043
f 4027 4043 4037
f 4037 4043 4044
f 4037 4044 4038
f 4038 4044 4045
f 4038 4045 4041
f 4041 4045 4046
f 4041 4046 4047
f 4039 4041 4047
f 4039 4047 4048
f 4040 4039 4048
f 4040 4048 4049
f 4050 4040 4049
f 4050 4049 4051
f 4052 4036 4040
f 4052 4040 4050
f 4042 4033 4036
f 4042 4036 4052
f 4053 4054 4055
f 4053 4055 4056
f 4054 4057 4058
f 4054 4058 4055
f 4056 4055 4059
f 4056 4059 4060
f 4055 4058 4061
f 4055 4061 4059
f 1517 4062 4053
f 1517 4053 1518
f 4062 4063 4054
f 4062 4054 4053
f 4063 4064 4057
f 4063 4057 4054
f 4064 4026 4025
f 4064 4025 4057
f 4057 4025 4024
f 4057 4024 4058
f 4058 4024 4023
f 4058 4023 4061
f 4061 4023 4022
f 4061 4022 4065
f 4059 4061 4065
f 4059 4065 4066
f 4060 4059 4066
f 4060 4066 4067
f 1523 4060 4067
f 1523 4067 1521
f 1520 4056 4060
f 1520 4060 1523
f 1518 4053 4056
f 1518 4056 1520
f 4068 4069 4070
f 4068 4070 4071
f 4072 4073 4070
f 4072 4070 4069
f 4074 4075 4070
f 4074 4070 4073
f 4076 4077 4070
f 4076 4070 4075
f 4078 4071 4070
f 4078 4070 4077
f 1397 4079 4068
f 1397 4068 1398
f 4079 4080 4069
f 4079 4069 4068
f 1398 4068 4071
f 1398 4071 1400
f 4046 4045 4072
f 4046 4072 4081
f 4045 4044 4073
f 4045 4073 4072
f 4081 4072 4069
f 4081 4069 4080
f 4026 4064 4074
f 4026 4074 4043
f 4064 4063 4075
f 4064 4075 4074
f 4043 4074 4073
f 4043 4073 4044
f 1517 1519 4076
f 1517 4076 4062
f 1519 1516 4077
f 1519 4077 4076
f 4062 4076 4075
f 4062 4075 4063
f 1401 1403 4078
f 1401 4078 1515
f 1403 1400 4071
f 1403 4071 4078
f 1515 4078 4077
f 1515 4077 1516
f 4082 4083 4084
f 4082 4084 4085
f 4083 4086 4087
f 4083 4087 4084
f 4085 4084 4088
f 4085 4088 4089
f 4084 4087 4090
f 4084 4090 4088
f 2625 3626 4082
f 2625 4082 2626
f 3626 3625 4083
f 3626 4083 4082
f 3625 3624 4086
f 3625 4086 4083
f 3624 3623 4091
f 3624 4091 4086
f 4086 4091 4092
f 4086 4092 4087
f 4087 4092 4093
f 4087 4093 4090
f 4090 4093 4017
f 4090 4017 4094
f 4088 4090 4094
f 4088 4094 4095
f 4089 4088 4095
f 4089 4095 4096
f 2628 4089 4096
f 2628 4096 2607
f 2627 4085 4089
f 2627 4089 2628
f 2626 4082 4085
f 2626 4085 2627
f 4097 4098 4099
f 4097 4099 4100
f 4098 4101 4102
f 4098 4102 4099
f 4100 4099 4103
f 4100 4103 4104
f 4099 4102 4105
f 4099 4105 4103
f 2607 4096 4097
f 2607 4097 2608
f 4096 4095 4098
f 4096 4098 4097
f 4095 4094 4101
f 4095 4101 4098
f 4094 4017 4019
f 4094 4019 4101
f 4101 4019 4032
f 4101 4032 4102
f 4102 4032 4030
f 4102 4030 4105
f 4105 4030 4031
f 4105 4031 4106
f 4103 4105 4106
f 4103 4106 4107
f 4104 4103 4107
f 4104 4107 4108
f 2610 4104 4108
f 2610 4108 2591
f 2609 4100 4104
f 2609 4104 2610
f 2608 4097 4100
f 2608 4100 2609
f 4109 4110 4111
f 4109 4111 4112
f 4110 4113 4114
f 4110 4114 4111
f 4112 4111 4115
f 4112 4115 4116
f 4111 4114 4117
f 4111 4117 4115
f 2591 4108 4109
f 2591 4109 2592
f 4108 4107 4110
f 4108 4110 4109
f 4107 4106 4113
f 4107 4113 4110
f 4106 4031 4042
f 4106 4042 4113
f 4113 4042 4052
f 4113 4052 4114
f 4114 4052 4050
f 4114 4050 4117
f 4117 4050 4051
f 4117 4051 4118
f 4115 4117 4118
f 4115 4118 4119
f 4116 4115 4119
f 4116 4119 4120
f 2594 4116 4120
f 2594 4120 2571
f 2593 4112 4116
f 2593 4116 2594
f 2592 4109 4112
f 2592 4112 2593
f 4121 4122 4123
f 4121 4123 4124
f 4122 4125 4126
f 4122 4126 4123
f 4124 4123 4127
f 4124 4127 4128
f 4123 4126 4129
f 4123 4129 4127
f 2571 4120 4121
f 2571 4121 2572
f 4120 4119 4122
f 4120 4122 4121
f 4119 4118 4125
f 4119 4125 4122
f 4118 4051 4130
f 4118 4130 4125
f 4125 4130 4131
f 4125 4131 4126
f 4126 4131 4132
f 4126 4132 4129
f 4129 4132 4133
f 4129 4133 4134
f 4127 4129 4134
f 4127 4134 4135
f 4128 4127 4135
f 4128 4135 4136
f 2574 4128 4136
f 2574 4136 2575
f 2573 4124 4128
f 2573 4128 2574
f 2572 4121 4124
f 2572 4124 2573
f 4137 4138 4139
f 4137 4139 4140
f 4138 4141 4142
f 4138 4142 4139
f 4140 4139 4143
f 4140 4143 4144
f 4139 4142 4145
f 4139 4145 4143
f 4051 4049 4137
f 4051 4137 4130
f 4049 4048 4138
f 4049 4138 4137
f 4048 4047 4141
f 4048 4141 4138
f 4047 4046 4146
f 4047 4146 4141
f 4141 4146 4147
f 4141 4147 4142
f 4142 4147 4148
f 4142 4148 4145
f 4145 4148 4149
f 4145 4149 4150
f 4143 4145 4150
f 4143 4150 4151
f 4144 4143 4151
f 4144 4151 4152
f 4132 4144 4152
f 4132 4152 4133
f 4131 4140 4144
f 4131 4144 4132
f 4130 4137 4140
f 4130 4140 4131
f 4153 4154 4155
f 4153 4155 4156
f 4157 4158 4155
f 4157 4155 4154
f 4159 4160 4155
f 4159 4155 4158
f 4161 4162 4155
f 4161 4155 4160
f 4163 4156 4155
f 4163 4155 4162
f 1417 4164 4153
f 1417 4153 1418
f 4164 4165 4154
f 4164 4154 4153
f 1418 4153 4156
f 1418 4156 1420
f 4149 4148 4157
f 4149 4157 4166
f 4148 4147 4158
f 4148 4158 4157
f 4166 4157 4154
f 4166 4154 4165
f 4046 4081 4159
f 4046 4159 4146
f 4081 4080 4160
f 4081 4160 4159
f 4146 4159 4158
f 4146 4158 4147
f 1397 1399 4161
f 1397 4161 4079
f 1399 1396 4162
f 1399 4162 4161
f 4079 4161 4160
f 4079 4160 4080
f 1393 1422 4163
f 1393 4163 1394
f 1422 1420 4156
f 1422 4156 4163
f 1394 4163 4162
f 1394 4162 1396
f 4167 4168 4169
f 4167 4169 4170
f 4168 4171 4172
f 4168 4172 4169
f 4170 4169 4173
f 4170 4173 4174
f 4169 4172 4175
f 4169 4175 4173
f 1521 4067 4167
f 1521 4167 1522
f 4067 4066 4168
f 4067 4168 4167
f 4066 4065 4171
f 4066 4171 4168
f 4065 4022 4176
f 4065 4176 4171
f 4171 4176 4177
f 4171 4177 4172
f 4172 4177 4178
f 4172 4178 4175
f 4175 4178 3639
f 4175 3639 3656
f 4173 4175 3656
f 4173 3656 3655
f 4174 4173 3655
f 4174 3655 3654
f 1527 4174 3654
f 1527 3654 1525
f 1524 4170 4174
f 1524 4174 1527
f 1522 4167 4170
f 1522 4170 1524
f 4179 4180 4181
f 4179 4181 4182
f 4180 4183 4184
f 4180 4184 4181
f 4182 4181 4185
f 4182 4185 4186
f 4181 4184 4187
f 4181 4187 4185
f 3623 3642 4179
f 3623 4179 4091
f 3642 3641 4180
f 3642 4180 4179
f 3641 3640 4183
f 3641 4183 4180
f 3640 3639 4178
f 3640 4178 4183
f 4183 4178 4177
f 4183 4177 4184
f 4184 4177 4176
f 4184 4176 4187
f 4187 4176 4022
f 4187 4022 4021
f 4185 4187 4021
f 4185 4021 4020
f 4186 4185 4020
f 4186 4020 4018
f 4093 4186 4018
f 4093 4018 4017
f 4092 4182 4186
f 4092 4186 4093
f 4091 4179 4182
f 4091 4182 4092
f 4188 4189 4190
f 4188 4190 4191
f 4189 4192 4193
f 4189 4193 4190
f 4191 4190 4194
f 4191 4194 4195
f 4190 4193 4196
f 4190 4196 4194
f 4197 4198 4188
f 4197 4188 4199
f 4198 4200 4189
f 4198 4189 4188
f 4200 4201 4192
f 4200 4192 4189
f 4201 4202 4203
f 4201 4203 4192
f 4192 4203 4204
f 4192 4204 4193
f 4193 4204 4205
f 4193 4205 4196
f 4196 4205 4206
f 4196 4206 4207
f 4194 4196 4207
f 4194 4207 4208
f 4195 4194 4208
f 4195 4208 4209
f 4210 4195 4209
f 4210 4209 4211
f 4212 4191 4195
f 4212 4195 4210
f 4199 4188 4191
f 4199 4191 4212
f 4213 4214 4215
f 4213 4215 4216
f 4214 4217 4218
f 4214 4218 4215
f 4216 4215 4219
f 4216 4219 4220
f 4215 4218 4221
f 4215 4221 4219
f 4211 4209 4213
f 4211 4213 4222
f 4209 4208 4214
f 4209 4214 4213
f 4208 4207 4217
f 4208 4217 4214
f 4207 4206 4223
f 4207 4223 4217
f 4217 4223 4224
f 4217 4224 4218
f 4218 4224 4225
f 4218 4225 4221
f 4221 4225 4226
f 4221 4226 4227
f 4219 4221 4227
f 4219 4227 4228
f 4220 4219 4228
f 4220 4228 4229
f 4230 4220 4229
f 4230 4229 4231
f 4232 4216 4220
f 4232 4220 4230
f 4222 4213 4216
f 4222 4216 4232
f 4233 4234 4235
f 4233 4235 4236
f 4237 4238 4235
f 4237 4235 4234
f 4239 4240 4235
f 4239 4235 4238
f 4241 4242 4235
f 4241 4235 4240
f 4243 4236 4235
f 4243 4235 4242
f 1479 4244 4233
f 1479 4233 1480
f 4244 4245 4234
f 4244 4234 4233
f 1480 4233 4236
f 1480 4236 1482
f 4206 4205 4237
f 4206 4237 4246
f 4205 4204 4238
f 4205 4238 4237
f 4246 4237 4234
f 4246 4234 4245
f 4202 4247 4239
f 4202 4239 4203
f 4247 4248 4240
f 4247 4240 4239
f 4203 4239 4238
f 4203 4238 4204
f 1429 1431 4241
f 1429 4241 4249
f 1431 1428 4242
f 1431 4242 4241
f 4249 4241 4240
f 4249 4240 4248
f 1425 1484 4243
f 1425 4243 1426
f 1484 1482 4236
f 1484 4236 4243
f 1426 4243 4242
f 1426 4242 1428
f 4250 4251 4252
f 4250 4252 4253
f 4251 4254 4255
f 4251 4255 4252
f 4253 4252 4256
f 4253 4256 4257
f 4252 4255 4258
f 4252 4258 4256
f 1495 4259 4250
f 1495 4250 1496
f 4259 4260 4251
f 4259 4251 4250
f 4260 4261 4254
f 4260 4254 4251
f 4261 4226 4225
f 4261 4225 4254
f 4254 4225 4224
f 4254 4224 4255
f 4255 4224 4223
f 4255 4223 4258
f 4258 4223 4206
f 4258 4206 4246
f 4256 4258 4246
f 4256 4246 4245
f 4257 4256 4245
f 4257 4245 4244
f 1481 4257 4244
f 1481 4244 1479
f 1483 4253 4257
f 1483 4257 1481
f 1496 4250 4253
f 1496 4253 1483
f 4262 4263 4264
f 4262 4264 4265
f 4263 4266 4267
f 4263 4267 4264
f 4265 4264 4268
f 4265 4268 4269
f 4264 4267 4270
f 4264 4270 4268
f 2575 4136 4262
f 2575 4262 2889
f 4136 4135 4263
f 4136 4263 4262
f 4135 4134 4266
f 4135 4266 4263
f 4134 4133 4271
f 4134 4271 4266
f 4266 4271 4272
f 4266 4272 4267
f 4267 4272 4273
f 4267 4273 4270
f 4270 4273 4197
f 4270 4197 4274
f 4268 4270 4274
f 4268 4274 4275
f 4269 4268 4275
f 4269 4275 4276
f 2891 4269 4276
f 2891 4276 2875
f 2890 4265 4269
f 2890 4269 2891
f 2889 4262 4265
f 2889 4265 2890
f 4277 4278 4279
f 4277 4279 4280
f 4278 4281 4282
f 4278 4282 4279
f 4280 4279 4283
f 4280 4283 4284
f 4279 4282 4285
f 4279 4285 4283
f 2875 4276 4277
f 2875 4277 2876
f 4276 4275 4278
f 4276 4278 4277
f 4275 4274 4281
f 4275 4281 4278
f 4274 4197 4199
f 4274 4199 4281
f 4281 4199 4212
f 4281 4212 4282
f 4282 4212 4210
f 4282 4210 4285
f 4285 4210 4211
f 4285 4211 4286
f 4283 4285 4286
f 4283 4286 4287
f 4284 4283 4287
f 4284 4287 4288
f 2878 4284 4288
f 2878 4288 2859
f 2877 4280 4284
f 2877 4284 2878
f 2876 4277 4280
f 2876 4280 2877
f 4289 4290 4291
f 4289 4291 4292
f 4290 4293 4294
f 4290 4294 4291
f 4292 4291 4295
f 4292 4295 4296
f 4291 4294 4297
f 4291 4297 4295
f 2859 4288 4289
f 2859 4289 2860
f 4288 4287 4290
f 4288 4290 4289
f 4287 4286 4293
f 4287 4293 4290
f 4286 4211 4222
f 4286 4222 4293
f 4293 4222 4232
f 4293 4232 4294
f 4294 4232 4230
f 4294 4230 4297
f 4297 4230 4231
f 4297 4231 4298
f 4295 4297 4298
f 4295 4298 4299
f 4296 4295 4299
f 4296 4299 4300
f 2862 4296 4300
f 2862 4300 2839
f 2861 4292 4296
f 2861 4296 2862
f 2860 4289 4292
f 2860 4292 2861
f 4301 4302 4303
f 4301 4303 4304
f 4302 4305 4306
f 4302 4306 4303
f 4304 4303 4307
f 4304 4307 4308
f 4303 4306 4309
f 4303 4309 4307
f 2839 4300 4301
f 2839 4301 2840
f 4300 4299 4302
f 4300 4302 4301
f 4299 4298 4305
f 4299 4305 4302
f 4298 4231 4310
f 4298 4310 4305
f 4305 4310 4311
f 4305 4311 4306
f 4306 4311 4312
f 4306 4312 4309
f 4309 4312 3246
f 4309 3246 3262
f 4307 4309 3262
f 4307 3262 3261
f 4308 4307 3261
f 4308 3261 3260
f 2842 4308 3260
f 2842 3260 2843
f 2841 4304 4308
f 2841 4308 2842
f 2840 4301 4304
f 2840 4304 2841
f 4313 4314 4315
f 4313 4315 4316
f 4314 4317 4318
f 4314 4318 4315
f 4316 4315 4319
f 4316 4319 4320
f 4315 4318 4321
f 4315 4321 4319
f 4231 4229 4313
f 4231 4313 4310
f 4229 4228 4314
f 4229 4314 4313
f 4228 4227 4317
f 4228 4317 4314
f 4227 4226 4322
f 4227 4322 4317
f 4317 4322 4323
f 4317 4323 4318
f 4318 4323 4324
f 4318 4324 4321
f 4321 4324 3229
f 4321 3229 3249
f 4319 4321 3249
f 4319 3249 3248
f 4320 4319 3248
f 4320 3248 3247
f 4312 4320 3247
f 4312 3247 3246
f 4311 4316 4320
f 4311 4320 4312
f 4310 4313 4316
f 4310 4316 4311
f 4325 4326 4327
f 4325 4327 4328
f 4326 4329 4330
f 4326 4330 4327
f 4328 4327 4331
f 4328 4331 4332
f 4327 4330 4333
f 4327 4333 4331
f 1491 3233 4325
f 1491 4325 1492
f 3233 3232 4326
f 3233 4326 4325
f 3232 3230 4329
f 3232 4329 4326
f 3230 3229 4324
f 3230 4324 4329
f 4329 4324 4323
f 4329 4323 4330
f 4330 4323 4322
f 4330 4322 4333
f 4333 4322 4226
f 4333 4226 4261
f 4331 4333 4261
f 4331 4261 4260
f 4332 4331 4260
f 4332 4260 4259
f 1497 4332 4259
f 1497 4259 1495
f 1494 4328 4332
f 1494 4332 1497
f 1492 4325 4328
f 1492 4328 1494
f 4334 4335 4336
f 4334 4336 4337
f 4335 4338 4339
f 4335 4339 4336
f 4337 4336 4340
f 4337 4340 4341
f 4336 4339 4342
f 4336 4342 4340
f 1429 4249 4334
f 1429 4334 1430
f 4249 4248 4335
f 4249 4335 4334
f 4248 4247 4338
f 4248 4338 4335
f 4247 4202 4343
f 4247 4343 4338
f 4338 4343 4344
f 4338 4344 4339
f 4339 4344 4345
f 4339 4345 4342
f 4342 4345 4149
f 4342 4149 4166
f 4340 4342 4166
f 4340 4166 4165
f 4341 4340 4165
f 4341 4165 4164
f 1419 4341 4164
f 1419 4164 1417
f 1421 4337 4341
f 1421 4341 1419
f 1430 4334 4337
f 1430 4337 1421
f 4346 4347 4348
f 4346 4348 4349
f 4347 4350 4351
f 4347 4351 4348
f 4349 4348 4352
f 4349 4352 4353
f 4348 4351 4354
f 4348 4354 4352
f 4133 4152 4346
f 4133 4346 4271
f 4152 4151 4347
f 4152 4347 4346
f 4151 4150 4350
f 4151 4350 4347
f 4150 4149 4345
f 4150 4345 4350
f 4350 4345 4344
f 4350 4344 4351
f 4351 4344 4343
f 4351 4343 4354
f 4354 4343 4202
f 4354 4202 4201
f 4352 4354 4201
f 4352 4201 4200
f 4353 4352 4200
f 4353 4200 4198
f 4273 4353 4198
f 4273 4198 4197
f 4272 4349 4353
f 4272 4353 4273
f 4271 4346 4349
f 4271 4349 4272
